year,race,session,driver,lap,lap_time,turn,label,reason
2018,Bahrain Grand Prix,FP2,HAM,,,1.0,no_advantage,CAR 44 (HAM) OFF TRACK AND CONTINUED AT TURN 1
2018,Bahrain Grand Prix,FP3,GRO,,,1.0,no_advantage,CAR 8 (GRO) OFF TRACK AND CONTINUED AT TURN 1
2018,Chinese Grand Prix,FP1,VER,,,16.0,no_advantage,CAR 33 (VER) OFF TRACK AND CONTINUED AT TURN 16
2018,Chinese Grand Prix,FP1,ALO,,,10.0,no_advantage,CAR 14 (ALO) OFF TRACK AND CONTINUED AT TURN 10
2018,Chinese Grand Prix,R,VET,,,3.0,no_advantage,TURN 3 INCIDENT INVOLVING CARS 5 (VET) AND 14 (ALO) - NO INVESTIGATION NECESSARY
2018,Azerbaijan Grand Prix,FP1,HAR,,,8.0,no_advantage,CAR 28 (HAR) OFF TRACK AND CONTINUED AT TURN 8
2018,Azerbaijan Grand Prix,FP1,SAI,,,3.0,no_advantage,CAR 55 (SAI) OFF TRACK AND CONTINUED AT TURN 3
2018,Azerbaijan Grand Prix,FP1,HAM,,,2.0,no_advantage,CAR 44 (HAM) OFF TRACK AND CONTINUED AT TURN 2
2018,Azerbaijan Grand Prix,FP1,HAR,,,1.0,no_advantage,CAR 28 (HAR) OFF TRACK AND CONTINUED AT TURN 1
2018,Azerbaijan Grand Prix,FP1,ALO,,,2.0,no_advantage,CAR 14 (ALO) OFF TRACK AND CONTINUED AT TURN 2
2018,Azerbaijan Grand Prix,FP1,SIR,,,3.0,no_advantage,CAR 35 (SIR) OFF TRACK AND CONTINUED AT TURN 3
2018,Azerbaijan Grand Prix,FP1,BOT,,,1.0,no_advantage,CAR 77 (BOT) OFF TRACK AND CONTINUED AT TURN 1
2018,Azerbaijan Grand Prix,FP1,GRO,,,1.0,no_advantage,CAR 8 (GRO) OFF TRACK AND CONTINUED AT TURN 1
2018,Azerbaijan Grand Prix,FP2,VET,,,2.0,no_advantage,CAR 5 (VET) OFF TRACK AND CONTINUED AT TURN 2
2018,Azerbaijan Grand Prix,FP2,VET,,,3.0,no_advantage,CAR 5 (VET) OFF TRACK AND CONTINUED AT TURN 3
2018,Azerbaijan Grand Prix,FP2,RAI,,,2.0,no_advantage,CAR 7 (RAI) OFF TRACK AND CONTINUED AT TURN 2
2018,Azerbaijan Grand Prix,FP2,GRO,,,1.0,no_advantage,CAR 8 (GRO) OFF TRACK AND CONTINUED AT TURN 1
2018,Azerbaijan Grand Prix,FP2,PER,,,3.0,no_advantage,CAR 11 (PER) OFF TRACK AND CONTINUED AT TURN 3
2018,Azerbaijan Grand Prix,FP2,MAG,,,3.0,no_advantage,CAR 20 (MAG) OFF TRACK AND CONTINUED AT TURN 3
2018,Azerbaijan Grand Prix,FP2,HAR,,,15.0,no_advantage,CAR 28 (HAR) OFF TRACK AND CONTINUED AT TURN 15
2018,Azerbaijan Grand Prix,FP2,BOT,,,1.0,no_advantage,CAR 77 (BOT) OFF TRACK AND CONTINUED AT TURN 1
2018,Azerbaijan Grand Prix,FP2,HAM,,,8.0,no_advantage,CAR 44 (HAM) OFF TRACK AND CONTINUED AT TURN 8
2018,Azerbaijan Grand Prix,FP2,VER,,,3.0,no_advantage,CAR 33 (VER) OFF TRACK AND CONTINUED AT TURN 3
2018,Azerbaijan Grand Prix,FP2,VET,,,15.0,no_advantage,CAR 5 (VET) OFF TRACK AND CONTINUED AT TURN 15
2018,Azerbaijan Grand Prix,FP2,LEC,,,1.0,no_advantage,CAR 16 (LEC) OFF TRACK AND CONTINUED AT TURN 1
2018,Azerbaijan Grand Prix,FP2,GAS,,,15.0,no_advantage,CAR 10 (GAS) OFF TRACK AND CONTINUED AT TURN 15
2018,Azerbaijan Grand Prix,FP2,GRO,,,15.0,no_advantage,CAR 8 (GRO) OFF TRACK AND CONTINUED AT TURN 15
2018,Azerbaijan Grand Prix,FP2,ALO,,,15.0,no_advantage,CAR 14 (ALO) OFF TRACK AND CONTINUED AT TURN 15
2018,Azerbaijan Grand Prix,FP2,SAI,,,1.0,no_advantage,CAR 55 (SAI) OFF TRACK AND CONTINUED AT TURN 1
2018,Azerbaijan Grand Prix,FP2,MAG,,,15.0,no_advantage,CAR 20 (MAG) OFF TRACK AND CONTINUED AT TURN 15
2018,Azerbaijan Grand Prix,FP2,SAI,,,2.0,no_advantage,CAR 55 (SAI) OFF TRACK AND CONTINUED AT TURN 2
2018,Azerbaijan Grand Prix,FP3,BOT,,,1.0,no_advantage,CAR 77 (BOT) OFF TRACK AND CONTINUED AT TURN 1
2018,Azerbaijan Grand Prix,FP3,HAR,,,15.0,no_advantage,CAR 28 (HAR) OFF TRACK AND CONTINUED AT TURN 15
2018,Azerbaijan Grand Prix,FP3,STR,,,3.0,no_advantage,CAR 18 (STR) OFF TRACK AND CONTINUED AT TURN 3
2018,Azerbaijan Grand Prix,FP3,GRO,,,15.0,no_advantage,CAR 8 (GRO) OFF TRACK AND CONTINUED AT TURN 15
2018,Azerbaijan Grand Prix,FP3,BOT,,,7.0,no_advantage,CAR 77 (BOT) OFF TRACK AND CONTINUED AT TURN 7
2018,Azerbaijan Grand Prix,FP3,HAR,,,3.0,no_advantage,CAR 28 (HAR) OFF TRACK AND CONTINUED AT TURN 3
2018,Azerbaijan Grand Prix,FP3,PER,,,15.0,no_advantage,CAR 11 (PER) OFF TRACK AND CONTINUED AT TURN 15
2018,Azerbaijan Grand Prix,Q,PER,,,15.0,no_advantage,CAR 11 (PER) OFF TRACK AND CONTINUED AT TURN 15
2018,Azerbaijan Grand Prix,Q,MAG,,,4.0,no_advantage,CAR 20 (MAG) OFF TRACK AND CONTINUED AT TURN 4
2018,Azerbaijan Grand Prix,Q,ERI,,,2.0,no_advantage,CAR 9 (ERI) OFF TRACK AND CONTINUED AT TURN 2
2018,Azerbaijan Grand Prix,Q,GAS,,,15.0,no_advantage,CAR 10 (GAS) OFF TRACK AND CONTINUED AT TURN 15
2018,Azerbaijan Grand Prix,Q,GAS,,,,no_advantage,Q1 INCIDENT INVOLVING CARS 10 (GAS) AND 28 (HAR) NOTED - NO INVESTIGATION NECESSARY
2018,Azerbaijan Grand Prix,Q,MAG,,,15.0,no_advantage,CAR 20 (MAG) OFF TRACK AND CONTINUED AT TURN 15
2018,Azerbaijan Grand Prix,Q,RAI,,,3.0,no_advantage,CAR 7 (RAI) OFF TRACK AND CONTINUED AT TURN 3
2018,Azerbaijan Grand Prix,Q,MAG,,,3.0,no_advantage,CAR 20 (MAG) OFF TRACK AND CONTINUED AT TURN 3
2018,Azerbaijan Grand Prix,R,ALO,,,2.0,no_advantage,"TURN 2 INCIDENT INVOLVING CARS 14 (ALO),27 (HUL)  AND 35 (SIR) NOTED - NO INVESTIGATION NECESSARY"
2018,Spanish Grand Prix,FP1,HAR,,,4.0,no_advantage,CAR 28 (HAR) OFF TRACK AND CONTINUED AT TURN 4
2018,Spanish Grand Prix,FP1,GRO,,,4.0,no_advantage,CAR 8 (GRO) OFF TRACK AND CONTINUED AT TURN 4
2018,Spanish Grand Prix,FP1,GRO,,,7.0,no_advantage,CAR 8 (GRO) OFF TRACK AND CONTINUED AT TURN 7
2018,Spanish Grand Prix,FP1,HAR,,,10.0,no_advantage,CAR 28 (HAR) OFF TRACK AND CONTINUED AT TURN 10
2018,Spanish Grand Prix,FP2,RAI,,,4.0,no_advantage,CAR 7 (RAI) OFF TRACK AND CONTINUED AT TURN 4
2018,Spanish Grand Prix,FP2,LEC,,,4.0,no_advantage,CAR 16 (LEC) OFF TRACK AND CONTINUED AT TURN 4
2018,Spanish Grand Prix,FP2,VER,,,2.0,no_advantage,CAR 33 (VER) OFF TRACK AND CONTINUED AT TURN 2
2018,Spanish Grand Prix,FP3,STR,,,4.0,no_advantage,CAR 18 (STR) OFF TRACK AND CONTINUED AT TURN 4
2018,Spanish Grand Prix,Q,ERI,,,1.0,no_advantage,CAR 9 (ERI) OFF TRACK AND CONTINUED AT TURN 1
2018,Spanish Grand Prix,Q,GRO,,,7.0,no_advantage,CAR 8 (GRO) OFF TRACK AND CONTINUED AT TURN 7
2018,Spanish Grand Prix,R,SIR,,,9.0,no_advantage,CAR 35 (SIR) OFF TRACK AND CONTINUED AT TURN 9
2018,Monaco Grand Prix,FP1,VER,,,1.0,no_advantage,CAR 33 (VER) OFF TRACK AND CONTINUED AT TURN 1
2018,Monaco Grand Prix,FP3,BOT,,,1.0,no_advantage,CAR 77 (BOT) OFF TRACK AND CONTINUED AT TURN 1
2018,Monaco Grand Prix,FP3,SAI,,,1.0,no_advantage,CAR 55 (SAI) OFF TRACK AND CONTINUED AT TURN 1
2018,Monaco Grand Prix,FP3,STR,,,1.0,no_advantage,CAR 18 (STR) OFF TRACK AND CONTINUED AT TURN 1
2018,Monaco Grand Prix,Q,LEC,,,1.0,no_advantage,CAR 16 (LEC) OFF TRACK AND CONTINUED AT TURN 1
2018,Monaco Grand Prix,Q,BOT,,,,no_advantage,INCIDENT INVOLVING CAR 77 (BOT) IMPEDING CAR 7 (RAI) - NO INVESTIGATION NECESSARY
2018,Canadian Grand Prix,FP2,MAG,,,1.0,no_advantage,CAR 20 (MAG) OFF TRACK AND CONTINUED AT TURN 1
2018,Canadian Grand Prix,FP2,ERI,,,1.0,no_advantage,CAR 9 (ERI) OFF TRACK AND CONTINUED AT TURN 1
2018,Canadian Grand Prix,FP2,HAR,,,1.0,no_advantage,CAR 28 (HAR) OFF TRACK AND CONTINUED AT TURN 1
2018,Canadian Grand Prix,FP3,VAN,,,3.0,no_advantage,CAR 2 (VAN) OFF TRACK AND CONTINUED AT TURN 3
2018,Canadian Grand Prix,FP3,HAR,,,1.0,no_advantage,CAR 28 (HAR) OFF TRACK AND CONTINUED AT TURN 1
2018,Canadian Grand Prix,Q,LEC,,,1.0,no_advantage,CAR 16 (LEC) OFF TRACK AND CONTINUED AT TURN 1
2018,Canadian Grand Prix,R,GRO,,,13.0,no_advantage,TURN 13 INCIDENT INVOLVING CARS 8 (GRO) AND 31 (OCO) - NO INVESTIGATION NECESSARY
2018,French Grand Prix,FP1,HAM,,,8.0,no_advantage,CAR 44 (HAM) OFF TRACK AND CONTINUED AT TURN 8
2018,French Grand Prix,FP1,ERI,,,14.0,no_advantage,CAR 9 (ERI) OFF TRACK AND CONTINUED AT TURN 14
2018,French Grand Prix,FP1,LEC,,,1.0,no_advantage,CAR 16 (LEC) OFF TRACK AND CONTINUED AT TURN 1
2018,French Grand Prix,FP1,LEC,,,8.0,no_advantage,CAR 16 (LEC) OFF TRACK AND CONTINUED AT TURN 8
2018,French Grand Prix,FP2,GRO,,,12.0,no_advantage,CAR 8 (GRO) OFF TRACK AND CONTINUED AT TURN 12
2018,French Grand Prix,FP3,PER,,,4.0,no_advantage,CAR 11 (PER) OFF TRACK AND CONTINUED AT TURN 4
2018,French Grand Prix,FP3,SIR,,,8.0,no_advantage,CAR 35 (SIR) OFF TRACK AND CONTINUED AT TURN 8
2018,French Grand Prix,FP3,STR,,,7.0,no_advantage,CAR 18 (STR) OFF TRACK AND CONTINUED AT TURN 7
2018,French Grand Prix,FP3,LEC,,,8.0,no_advantage,CAR 16 (LEC) OFF TRACK AND CONTINUED AT TURN 8
2018,French Grand Prix,Q,SIR,,,15.0,no_advantage,TURN 15 INCIDENT INVOLVING CARS 35 (SIR) AND 27 (HUL) - NO INVESTIGATION NECESSARY
2018,Austrian Grand Prix,FP1,LEC,,,1.0,no_advantage,CAR 16 (LEC) OFF TRACK AND CONTINUED AT TURN 1
2018,Austrian Grand Prix,FP2,ERI,,,4.0,no_advantage,CAR 9 (ERI) OFF TRACK AND CONTINUED AT TURN 4
2018,Austrian Grand Prix,FP2,SAI,,,4.0,no_advantage,CAR 55 (SAI) OFF TRACK AND CONTINUED AT TURN 4
2018,Austrian Grand Prix,FP2,MAG,,,4.0,no_advantage,CAR 20 (MAG) OFF TRACK AND CONTINUED AT TURN 4
2018,Austrian Grand Prix,FP2,ALO,,,10.0,no_advantage,CAR 14 (ALO) OFF TRACK AND CONTINUED AT TURN 10
2018,Austrian Grand Prix,FP2,MAG,,,9.0,no_advantage,CAR 20 (MAG) OFF TRACK AND CONTINUED AT TURN 9
2018,Austrian Grand Prix,FP3,VER,,,4.0,no_advantage,CAR 33 (VER) OFF TRACK AND CONTINUED AT TURN 4
2018,Austrian Grand Prix,FP3,RAI,,,7.0,no_advantage,CAR 7 (RAI) OFF TRACK AND CONTINUED AT TURN 7
2018,Austrian Grand Prix,Q,STR,,,9.0,no_advantage,CAR 18 (STR) OFF TRACK AND CONTINUED AT TURN 9
2018,Austrian Grand Prix,Q,LEC,,,4.0,no_advantage,CAR 16 (LEC) OFF TRACK AND CONTINUED AT TURN 4
2018,Austrian Grand Prix,R,GAS,,,3.0,no_advantage,TURN 3 INCIDENT INVOLVING CARS 10 (GAS) AND 2 (VAN) - NO INVESTIGATION NECESSARY
2018,Austrian Grand Prix,R,HAR,,,9.0,no_advantage,CAR 28 (HAR) OFF TRACK AND CONTINUED AT TURN 9
2018,British Grand Prix,FP1,ALO,,,13.0,no_advantage,CAR 14 (ALO) OFF TRACK AND CONTINUED AT TURN 13
2018,British Grand Prix,FP2,MAG,,,15.0,no_advantage,CAR 20 (MAG) OFF TRACK AND CONTINUED AT TURN 15
2018,British Grand Prix,Q,SIR,,,15.0,no_advantage,CAR 35 (SIR) OFF TRACK AND CONTINUED AT TURN 15
2018,German Grand Prix,FP1,HUL,,,2.0,no_advantage,CAR 27 (HUL) OFF TRACK AND CONTINUED AT TURN 2
2018,German Grand Prix,FP1,HUL,,,12.0,no_advantage,CAR 27 (HUL) OFF TRACK AND CONTINUED AT TURN 12
2018,German Grand Prix,FP2,VER,,,2.0,no_advantage,CAR 33 (VER) OFF TRACK AND CONTINUED AT TURN 2
2018,German Grand Prix,FP2,SIR,,,13.0,no_advantage,CAR 35 (SIR) OFF TRACK AND CONTINUED AT TURN 13
2018,German Grand Prix,FP3,GAS,,,8.0,no_advantage,CAR 10 (GAS) OFF TRACK AND CONTINUED AT TURN 8
2018,German Grand Prix,FP3,SIR,,,2.0,no_advantage,CAR 35 (SIR) OFF TRACK AND CONTINUED AT TURN 2
2018,German Grand Prix,FP3,HAR,,,8.0,no_advantage,CAR 28 (HAR) OFF TRACK AND CONTINUED AT TURN 8
2018,German Grand Prix,Q,ERI,,,13.0,no_advantage,CAR 9 (ERI) OFF TRACK AND CONTINUED AT TURN 13
2018,German Grand Prix,R,GAS,,,12.0,no_advantage,CAR 10 (GAS) OFF TRACK AND CONTINUED AT TURN 12
2018,Hungarian Grand Prix,FP1,ALO,,,4.0,no_advantage,CAR 14 (ALO) OFF TRACK AND CONTINUED AT TURN 4
2018,Hungarian Grand Prix,FP2,VAN,,,5.0,no_advantage,CAR 2 (VAN) OFF TRACK AND CONTINUED AT TURN 5
2018,Belgian Grand Prix,FP3,ALO,,,5.0,no_advantage,CAR 14 (ALO) OFF TRACK AND CONTINUED AT TURN 5
2018,Belgian Grand Prix,R,RIC,,,1.0,no_advantage,TURN 1 INCIDENT INVOLVING CARS 3 (RIC) AND 7 (RAI) - NO INVESTIGATION NECESSARY
2018,Italian Grand Prix,FP1,VER,,,11.0,no_advantage,CAR 33 (VER) OFF TRACK AND CONTINUED AT TURN 11
2018,Italian Grand Prix,FP1,RIC,,,7.0,no_advantage,CAR 3 (RIC) OFF TRACK AND CONTINUED AT TURN 7
2018,Italian Grand Prix,FP1,HAR,,,11.0,no_advantage,CAR 28 (HAR) OFF TRACK AND CONTINUED AT TURN 11
2018,Italian Grand Prix,FP1,RAI,,,4.0,no_advantage,CAR 7 (RAI) OFF TRACK AND CONTINUED AT TURN 4
2018,Italian Grand Prix,FP2,VET,,,11.0,no_advantage,CAR 5 (VET) OFF TRACK AND CONTINUED AT TURN 11
2018,Italian Grand Prix,Q,MAG,,,5.0,no_advantage,CAR 20 (MAG) OFF TRACK AND CONTINUED AT TURN 5
2018,Singapore Grand Prix,FP1,PER,,,20.0,no_advantage,CAR 11 (PER) OFF TRACK AND CONTINUED AT TURN 20
2018,Singapore Grand Prix,FP1,HAM,,,1.0,no_advantage,CAR 44 (HAM) OFF TRACK AND CONTINUED AT TURN 1
2018,Singapore Grand Prix,FP1,RAI,,,18.0,no_advantage,CAR 7 (RAI) OFF TRACK AND CONTINUED AT TURN 18
2018,Singapore Grand Prix,FP1,BOT,,,14.0,no_advantage,CAR 77 (BOT) OFF TRACK AND CONTINUED AT TURN 14
2018,Singapore Grand Prix,FP2,SIR,,,8.0,no_advantage,CAR 35 (SIR) OFF TRACK AND CONTINUED AT TURN 8
2018,Singapore Grand Prix,FP2,HAM,,,14.0,no_advantage,CAR 44 (HAM) OFF TRACK AND CONTINUED AT TURN 14
2018,Singapore Grand Prix,FP2,GRO,,,7.0,no_advantage,CAR 8 (GRO) OFF TRACK AND CONTINUED AT TURN 7
2018,Singapore Grand Prix,FP2,MAG,,,5.0,no_advantage,CAR 20 (MAG) OFF TRACK AND CONTINUED AT TURN 5
2018,Russian Grand Prix,FP1,NOR,,,4.0,no_advantage,CAR 47 (NOR) OFF TRACK AND CONTINUED AT TURN 4
2018,Russian Grand Prix,FP1,BOT,,,5.0,no_advantage,CAR 77 (BOT) OFF TRACK AND CONTINUED AT TURN 5
2018,Russian Grand Prix,FP1,HAM,,,2.0,no_advantage,CAR 44 (HAM) OFF TRACK AND CONTINUED AT TURN 2
2018,Russian Grand Prix,FP1,BOT,,,2.0,no_advantage,CAR 77 (BOT) OFF TRACK AND CONTINUED AT TURN 2
2018,Russian Grand Prix,FP1,VER,,,7.0,no_advantage,CAR 33 (VER) OFF TRACK AND CONTINUED AT TURN 7
2018,Russian Grand Prix,FP1,LEC,,,8.0,no_advantage,CAR 16 (LEC) OFF TRACK AND CONTINUED AT TURN 8
2018,Russian Grand Prix,FP2,HAM,,,7.0,no_advantage,CAR 44 (HAM) OFF TRACK AND CONTINUED AT TURN 7
2018,Russian Grand Prix,FP2,VET,,,2.0,no_advantage,CAR 5 (VET) OFF TRACK AND CONTINUED AT TURN 2
2018,Russian Grand Prix,FP2,RAI,,,2.0,no_advantage,CAR 7 (RAI) OFF TRACK AND CONTINUED AT TURN 2
2018,Russian Grand Prix,FP2,HUL,,,2.0,no_advantage,CAR 27 (HUL) OFF TRACK AND CONTINUED AT TURN 2
2018,Russian Grand Prix,FP2,SIR,,,7.0,no_advantage,CAR 35 (SIR) OFF TRACK AND CONTINUED AT TURN 7
2018,Russian Grand Prix,FP2,LEC,,,2.0,no_advantage,CAR 16 (LEC) OFF TRACK AND CONTINUED AT TURN 2
2018,Russian Grand Prix,FP2,LEC,,,5.0,no_advantage,CAR 16 (LEC) OFF TRACK AND CONTINUED AT TURN 5
2018,Russian Grand Prix,FP2,HAM,,,2.0,no_advantage,CAR 44 (HAM) OFF TRACK AND CONTINUED AT TURN 2
2018,Russian Grand Prix,FP3,RAI,,,7.0,no_advantage,CAR 7 (RAI) OFF TRACK AND CONTINUED AT TURN 7
2018,Russian Grand Prix,FP3,ERI,,,7.0,no_advantage,CAR 9 (ERI) OFF TRACK AND CONTINUED AT TURN 7
2018,Russian Grand Prix,FP3,VET,,,4.0,no_advantage,CAR 5 (VET) OFF TRACK AND CONTINUED AT TURN 4
2018,Russian Grand Prix,FP3,HUL,,,4.0,no_advantage,CAR 27 (HUL) OFF TRACK AND CONTINUED AT TURN 4
2018,Russian Grand Prix,FP3,RIC,,,4.0,no_advantage,CAR 3 (RIC) OFF TRACK AND CONTINUED AT TURN 4
2018,Japanese Grand Prix,FP2,LEC,,,13.0,no_advantage,CAR 16 (LEC) OFF TRACK AND CONTINUED AT TURN 13
2018,Japanese Grand Prix,FP2,SIR,,,13.0,no_advantage,CAR 35 (SIR) OFF TRACK AND CONTINUED AT TURN 13
2018,Japanese Grand Prix,FP3,PER,,,13.0,no_advantage,CAR 11 (PER) OFF TRACK AND CONTINUED AT TURN 13
2018,Japanese Grand Prix,FP3,RAI,,,7.0,no_advantage,CAR 7 (RAI) OFF TRACK AND CONTINUED AT TURN 7
2018,Japanese Grand Prix,FP3,LEC,,,13.0,no_advantage,CAR 16 (LEC) OFF TRACK AND CONTINUED AT TURN 13
2018,Japanese Grand Prix,R,LEC,,,9.0,no_advantage,CAR 16 (LEC) OFF TRACK AND CONTINUED AT TURN 9
2018,United States Grand Prix,FP1,PER,,,11.0,no_advantage,CAR 11 (PER) OFF TRACK AND CONTINUED AT TURN 11
2018,United States Grand Prix,FP1,VET,,,11.0,no_advantage,CAR 5 (VET) OFF TRACK AND CONTINUED AT TURN 11
2018,United States Grand Prix,FP2,HAR,,,11.0,no_advantage,CAR 28 (HAR) OFF TRACK AND CONTINUED AT TURN 11
2018,Mexican Grand Prix,FP1,SAI,,,1.0,no_advantage,CAR 55 (SAI) OFF TRACK AND CONTINUED AT TURN 1
2018,Mexican Grand Prix,FP2,HAM,,,1.0,no_advantage,CAR 44 (HAM) OFF TRACK AND CONTINUED AT TURN 1
2018,Mexican Grand Prix,FP3,GRO,,,1.0,no_advantage,CAR 8 (GRO) OFF TRACK AND CONTINUED AT TURN 1
2018,Mexican Grand Prix,Q,VET,,,1.0,no_advantage,CAR 5 (VET) OFF TRACK AND CONTINUED AT TURN 1
2018,Mexican Grand Prix,Q,HAM,,,11.0,no_advantage,CAR 44 (HAM) OFF TRACK AND CONTINUED AT TURN 11
2018,Mexican Grand Prix,Q,ALO,,,11.0,no_advantage,CAR 14 (ALO) OFF TRACK AND CONTINUED AT TURN 11
2018,Abu Dhabi Grand Prix,FP2,LEC,,,5.0,no_advantage,CAR 16 (LEC) OFF TRACK AND CONTINUED AT TURN 5
2019,Australian Grand Prix,FP2,RUS,,,3.0,no_advantage,CAR 63 (RUS) OFF TRACK AND CONTINUED AT TURN 3
2019,Australian Grand Prix,R,KVY,,,3.0,no_advantage,CAR 26 (KVY) OFF TRACK AND CONTINUED AT TURN 3
2019,Bahrain Grand Prix,R,GRO,,,2.0,no_advantage,TURN 2 INCIDENT INVOLVING CARS 8 (GRO) AND 18 (STR) - NO INVESTIGATION NECESSARY
2019,Chinese Grand Prix,FP3,NOR,,,16.0,no_advantage,CAR 4 (NOR) OFF TRACK AND CONTINUED AT TURN 16
2019,Chinese Grand Prix,R,VET,,,14.0,no_advantage,TURN 14 INCIDENT INVOLVING CARS 5 (VET) AND 33 (VER) - NO INVESTIGATION NECESSARY
2019,Azerbaijan Grand Prix,FP2,NOR,,,3.0,no_advantage,CAR 4 (NOR) OFF TRACK AND CONTINUED AT TURN 3
2019,Azerbaijan Grand Prix,FP2,MAG,,,3.0,no_advantage,CAR 20 (MAG) OFF TRACK AND CONTINUED AT TURN 3
2019,Azerbaijan Grand Prix,FP2,HAM,,,8.0,no_advantage,CAR 44 (HAM) OFF TRACK AND CONTINUED AT TURN 8
2019,Azerbaijan Grand Prix,FP2,VET,,,3.0,no_advantage,CAR 5 (VET) OFF TRACK AND CONTINUED AT TURN 3
2019,Azerbaijan Grand Prix,FP2,GAS,,,3.0,no_advantage,CAR 10 (GAS) OFF TRACK AND CONTINUED AT TURN 3
2019,Azerbaijan Grand Prix,FP2,RIC,,,15.0,no_advantage,CAR 3 (RIC) OFF TRACK AND CONTINUED AT TURN 15
2019,Azerbaijan Grand Prix,FP2,BOT,,,3.0,no_advantage,CAR 77 (BOT) OFF TRACK AND CONTINUED AT TURN 3
2019,Azerbaijan Grand Prix,FP2,GIO,,,15.0,no_advantage,CAR 99 (GIO) OFF TRACK AND CONTINUED AT TURN 15
2019,Azerbaijan Grand Prix,FP2,GIO,,,2.0,no_advantage,CAR 99 (GIO) OFF TRACK AND CONTINUED AT TURN 2
2019,Azerbaijan Grand Prix,FP2,GRO,,,8.0,no_advantage,CAR 8 (GRO) OFF TRACK AND CONTINUED AT TURN 8
2019,Azerbaijan Grand Prix,FP2,GRO,,,3.0,no_advantage,CAR 8 (GRO) OFF TRACK AND CONTINUED AT TURN 3
2019,Azerbaijan Grand Prix,FP2,VET,,,4.0,no_advantage,CAR 5 (VET) OFF TRACK AND CONTINUED AT TURN 4
2019,Azerbaijan Grand Prix,FP3,ALB,,,2.0,no_advantage,CAR 23 (ALB) OFF TRACK AND CONTINUED AT TURN 2
2019,Azerbaijan Grand Prix,FP3,HAM,,,2.0,no_advantage,CAR 44 (HAM) OFF TRACK AND CONTINUED AT TURN 2
2019,Azerbaijan Grand Prix,Q,HAM,,,3.0,no_advantage,CAR 44 (HAM) OFF TRACK AND CONTINUED AT TURN 3
2019,Azerbaijan Grand Prix,Q,HUL,,,3.0,no_advantage,CAR 27 (HUL) OFF TRACK AND CONTINUED AT TURN 3
2019,Spanish Grand Prix,FP1,GRO,,,7.0,no_advantage,CAR 8 (GRO) OFF TRACK AND CONTINUED AT TURN 7
2019,Spanish Grand Prix,FP2,HAM,,,13.0,no_advantage,CAR 44 (HAM) OFF TRACK AND CONTINUED AT TURN 13
2019,Spanish Grand Prix,FP2,KVY,,,1.0,no_advantage,CAR 26 (KVY) OFF TRACK AND CONTINUED AT TURN 1
2019,Spanish Grand Prix,R,RAI,,,4.0,no_advantage,CAR 7 (RAI) OFF TRACK AND CONTINUED AT TURN 4
2019,Monaco Grand Prix,FP1,VET,,,1.0,no_advantage,CAR 5 (VET) OFF TRACK AND CONTINUED AT TURN 1
2019,Monaco Grand Prix,FP1,BOT,,,1.0,no_advantage,CAR 77 (BOT) OFF TRACK AND CONTINUED AT TURN 1
2019,Monaco Grand Prix,FP1,KVY,,,1.0,no_advantage,CAR 26 (KVY) OFF TRACK AND CONTINUED AT TURN 1
2019,Monaco Grand Prix,FP1,NOR,,,1.0,no_advantage,CAR 4 (NOR) OFF TRACK AND CONTINUED AT TURN 1
2019,Monaco Grand Prix,FP1,VER,,,5.0,no_advantage,CAR 33 (VER) OFF TRACK AND CONTINUED AT TURN 5
2019,Monaco Grand Prix,FP1,STR,,,1.0,no_advantage,CAR 18 (STR) OFF TRACK AND CONTINUED AT TURN 1
2019,Monaco Grand Prix,FP2,RUS,,,1.0,no_advantage,CAR 63 (RUS) OFF TRACK AND CONTINUED AT TURN 1
2019,Monaco Grand Prix,FP2,HAM,,,1.0,no_advantage,CAR 44 (HAM) OFF TRACK AND CONTINUED AT TURN 1
2019,Monaco Grand Prix,FP2,VET,,,1.0,no_advantage,CAR 5 (VET) OFF TRACK AND CONTINUED AT TURN 1
2019,Monaco Grand Prix,FP3,STR,,,1.0,no_advantage,CAR 18 (STR) OFF TRACK AND CONTINUED AT TURN 1
2019,Monaco Grand Prix,R,,,,1.0,no_advantage,TURN 1 INCIDENT ON LAP 1 - NO INVESTIGATION NECESSARY
2019,Canadian Grand Prix,FP1,LAT,,,8.0,no_advantage,CAR 40 (LAT) OFF TRACK AND CONTINUED AT TURN 8 ON PREVIOUS LAP
2019,Canadian Grand Prix,FP1,LAT,,,8.0,no_advantage,CAR 40 (LAT) OFF TRACK AND CONTINUED AT TURN 8
2019,Canadian Grand Prix,FP1,GRO,,,8.0,no_advantage,CAR 8 (GRO) OFF TRACK AND CONTINUED AT TURN 8
2019,Canadian Grand Prix,FP1,ALB,,,8.0,no_advantage,CAR 23 (ALB) OFF TRACK AND CONTINUED AT TURN 8
2019,Canadian Grand Prix,FP1,KVY,,,13.0,no_advantage,CAR 26 (KVY) OFF TRACK AND CONTINUED AT TURN 13
2019,Canadian Grand Prix,FP1,GAS,,,1.0,no_advantage,CAR 10 (GAS) OFF TRACK AND CONTINUED AT TURN 1
2019,Canadian Grand Prix,FP1,VET,,,1.0,no_advantage,CAR 5 (VET) OFF TRACK AND CONTINUED AT TURN 1
2019,Canadian Grand Prix,FP1,MAG,,,8.0,no_advantage,CAR 20 (MAG) OFF TRACK AND CONTINUED AT TURN 8
2019,Canadian Grand Prix,FP1,VER,,,8.0,no_advantage,CAR 33 (VER) OFF TRACK AND CONTINUED AT TURN 8
2019,Canadian Grand Prix,FP1,SAI,,,8.0,no_advantage,CAR 55 (SAI) OFF TRACK AND CONTINUED AT TURN 8
2019,Canadian Grand Prix,FP2,ALB,,,8.0,no_advantage,CAR 23 (ALB) OFF TRACK AND CONTINUED AT TURN 8
2019,Canadian Grand Prix,FP2,GAS,,,8.0,no_advantage,CAR 10 (GAS) OFF TRACK AND CONTINUED AT TURN 8
2019,Canadian Grand Prix,FP2,GRO,,,8.0,no_advantage,CAR 8 (GRO) OFF TRACK AND CONTINUED AT TURN 8
2019,Canadian Grand Prix,FP2,KVY,,,1.0,no_advantage,CAR 26 (KVY) OFF TRACK AND CONTINUED AT TURN 1
2019,Canadian Grand Prix,FP2,GAS,,,1.0,no_advantage,CAR 10 (GAS) OFF TRACK AND CONTINUED AT TURN 1
2019,Canadian Grand Prix,FP2,NOR,,,8.0,no_advantage,CAR 4 (NOR) OFF TRACK AND CONTINUED AT TURN 8
2019,Canadian Grand Prix,FP3,GIO,,,13.0,no_advantage,CAR 99 (GIO) OFF TRACK AND CONTINUED AT TURN 13
2019,Canadian Grand Prix,FP3,RUS,,,1.0,no_advantage,CAR 63 (RUS) OFF TRACK AND CONTINUED AT TURN 1
2019,Canadian Grand Prix,FP3,NOR,,,13.0,no_advantage,CAR 4 (NOR) OFF TRACK AND CONTINUED AT TURN 13
2019,Canadian Grand Prix,FP3,RIC,,,1.0,no_advantage,CAR 3 (RIC) OFF TRACK AND CONTINUED AT TURN 1
2019,Canadian Grand Prix,FP3,LEC,,,1.0,no_advantage,CAR 16 (LEC) OFF TRACK AND CONTINUED AT TURN 1
2019,Canadian Grand Prix,FP3,GIO,,,1.0,no_advantage,CAR 99 (GIO) OFF TRACK AND CONTINUED AT TURN 1
2019,Canadian Grand Prix,Q,LEC,,,8.0,no_advantage,CAR 16 (LEC) OFF TRACK AND CONTINUED AT TURN 8
2019,Canadian Grand Prix,R,ALB,,,1.0,no_advantage,"LAP 1, TURN 1 INCIDENT INVOLVING CARS 23 (ALB) AND 99 (GIO) NOTED - NO INVESTIGATION NECESSARY"
2019,Canadian Grand Prix,R,NOR,,,8.0,no_advantage,CAR 4 (NOR) OFF TRACK AND CONTINUED AT TURN 8
2019,Canadian Grand Prix,R,NOR,,,13.0,no_advantage,CAR 4 (NOR) OFF TRACK AND CONTINUED AT TURN 13
2019,Canadian Grand Prix,R,RUS,,,13.0,no_advantage,CAR 63 (RUS) OFF TRACK AND CONTINUED AT TURN 13
2019,Canadian Grand Prix,R,SAI,,,13.0,no_advantage,CAR 55 (SAI) OFF TRACK AND CONTINUED AT TURN 13
2019,Canadian Grand Prix,R,HUL,,,8.0,no_advantage,CAR 27 (HUL) OFF TRACK AND CONTINUED AT TURN 8
2019,Canadian Grand Prix,R,GRO,,,1.0,no_advantage,TURN 1 INCIDENT INVOLVING CARS 8 (GRO) AND 11 (PER) NOTED - NO INVESTIGATION NECESSARY
2019,Canadian Grand Prix,R,ALB,,,8.0,no_advantage,CAR 23 (ALB) OFF TRACK AND CONTINUED AT TURN 8
2019,French Grand Prix,FP1,VET,,,1.0,no_advantage,CAR 5 (VET) OFF TRACK AND CONTINUED AT TURN 1
2019,French Grand Prix,FP1,RAI,,,4.0,no_advantage,CAR 7 (RAI) OFF TRACK AND CONTINUED AT TURN 4
2019,French Grand Prix,FP1,GAS,,,2.0,no_advantage,CAR 10 (GAS) OFF TRACK AND CONTINUED AT TURN 2
2019,French Grand Prix,FP2,VET,,,12.0,no_advantage,CAR 5 (VET) OFF TRACK AND CONTINUED AT TURN 12
2019,French Grand Prix,FP2,NOR,,,8.0,no_advantage,CAR 4 (NOR) OFF TRACK AND CONTINUED AT TURN 8
2019,French Grand Prix,FP2,HAM,,,4.0,no_advantage,CAR 44 (HAM) OFF TRACK AND CONTINUED AT TURN 4
2019,French Grand Prix,FP2,RUS,,,2.0,no_advantage,CAR 63 (RUS) OFF TRACK AND CONTINUED AT TURN 2
2019,French Grand Prix,FP2,PER,,,2.0,no_advantage,CAR 11 (PER) OFF TRACK AND CONTINUED AT TURN 2
2019,French Grand Prix,FP2,PER,,,8.0,no_advantage,CAR 11 (PER) OFF TRACK AND CONTINUED AT TURN 8
2019,French Grand Prix,R,RIC,,,8.0,no_advantage,TURN 8 INCIDENT INVOLVING CARS 3 (RIC) AND 8 (GRO) - NO INVESTIGATION NECESSARY
2019,Austrian Grand Prix,FP1,GAS,,,9.0,no_advantage,CAR 10 (GAS) OFF TRACK AND CONTINUED AT TURN 9
2019,Austrian Grand Prix,FP1,VET,,,1.0,no_advantage,CAR 5 (VET) OFF TRACK AND CONTINUED AT TURN 1
2019,Austrian Grand Prix,FP1,NOR,,,10.0,no_advantage,CAR 4 (NOR) OFF TRACK AND CONTINUED AT TURN 10
2019,Austrian Grand Prix,FP1,VER,,,1.0,no_advantage,CAR 33 (VER) OFF TRACK AND CONTINUED AT TURN 1
2019,Austrian Grand Prix,FP2,BOT,,,10.0,no_advantage,CAR 77 (BOT) OFF TRACK AND CONTINUED AT TURN 10
2019,Austrian Grand Prix,FP2,HAM,,,10.0,no_advantage,CAR 44 (HAM) OFF TRACK AND CONTINUED AT TURN 10
2019,Austrian Grand Prix,FP2,GAS,,,4.0,no_advantage,CAR 10 (GAS) OFF TRACK AND CONTINUED AT TURN 4
2019,Austrian Grand Prix,FP2,VET,,,10.0,no_advantage,CAR 5 (VET) OFF TRACK AND CONTINUED AT TURN 10
2019,Austrian Grand Prix,FP2,SAI,,,6.0,no_advantage,CAR 55 (SAI) OFF TRACK AND CONTINUED AT TURN 6
2019,Austrian Grand Prix,FP2,LEC,,,3.0,no_advantage,TURN 3 INCIDENT INVOLVING CARS 16 (LEC) AND 99 (GIO) NOTED - NO INVESTIGATION NECESSARY
2019,Austrian Grand Prix,FP3,GRO,,,3.0,no_advantage,CAR 8 (GRO) OFF TRACK AND CONTINUED AT TURN 3
2019,Austrian Grand Prix,FP3,KUB,,,10.0,no_advantage,CAR 88 (KUB) OFF TRACK AND CONTINUED AT TURN 10
2019,Austrian Grand Prix,FP3,GRO,,,9.0,no_advantage,CAR 8 (GRO) OFF TRACK AND CONTINUED AT TURN 9
2019,Austrian Grand Prix,Q,KVY,,,9.0,no_advantage,CAR 26 (KVY) OFF TRACK AND CONTINUED AT TURN 9
2019,Austrian Grand Prix,Q,KVY,,,1.0,no_advantage,TURN 1 INCIDENT INVOLVING CARS 26 (KVY) AND 7 (RAI) - NO INVESTIGATION NECESSARY
2019,Austrian Grand Prix,Q,MAG,,,4.0,no_advantage,CAR 20 (MAG) OFF TRACK AND CONTINUED AT TURN 4
2019,Austrian Grand Prix,R,GIO,,,1.0,no_advantage,"LAP 1, TURN 1 INCIDENT INVOLVING CARS 99 (GIO) NOTED - NO INVESTIGATION NECESSARY"
2019,Austrian Grand Prix,R,NOR,,,5.0,no_advantage,"LAP 1,TURN 5 INCIDENT INVOLVING CARS 4 (NOR) AND 7 (RAI) NOTED - NO INVESTIGATION NECESSARY"
2019,British Grand Prix,FP1,ALB,,,6.0,no_advantage,CAR 23 (ALB) OFF TRACK AND CONTINUED AT TURN 6
2019,British Grand Prix,FP2,ALB,,,6.0,no_advantage,CAR 23 (ALB) OFF TRACK AND CONTINUED AT TURN 6
2019,British Grand Prix,FP2,NOR,,,12.0,no_advantage,CAR 4 (NOR) OFF TRACK AND CONTINUED AT TURN 12
2019,British Grand Prix,R,GRO,,,5.0,no_advantage,TURN 5 INCIDENT INVOLVING CARS 8 (GRO) AND 20 (MAG) NOTED - NO INVESTIGATION NECESSARY
2019,British Grand Prix,R,PER,,,6.0,no_advantage,TURN 6 INCIDENT INVOLVING CARS 11 (PER) AND 27 (HUL) NOTED - NO INVESTIGATION NECESSARY
2019,German Grand Prix,FP1,BOT,,,13.0,no_advantage,CAR 77 (BOT) OFF TRACK AND CONTINUED AT TURN 13
2019,German Grand Prix,FP3,VET,2.0,0 days 00:01:13.369000,1.0,clear_violation,TRACK LIMITS AT TURN 1
2019,German Grand Prix,FP3,VET,12.0,0 days 00:01:12.703000,17.0,clear_violation,TRACK LIMITS AT TURN 17
2019,German Grand Prix,FP3,RAI,8.0,0 days 00:01:13.890000,17.0,clear_violation,TRACK LIMITS AT TURN 17
2019,German Grand Prix,FP3,RAI,15.0,0 days 00:01:13.680000,17.0,clear_violation,TRACK LIMITS AT TURN 17
2019,German Grand Prix,FP3,RAI,17.0,0 days 00:01:13.668000,17.0,clear_violation,TRACK LIMITS AT TURN 17
2019,German Grand Prix,FP3,ALB,11.0,0 days 00:01:14.194000,17.0,clear_violation,TRACK LIMITS AT TURN 17
2019,German Grand Prix,FP3,KVY,9.0,0 days 00:01:14.279000,1.0,clear_violation,TRACK LIMITS AT TURN 1
2019,German Grand Prix,FP3,KVY,12.0,0 days 00:01:14.162000,1.0,clear_violation,TRACK LIMITS AT TURN 1
2019,German Grand Prix,FP3,HAM,17.0,0 days 00:01:12.793000,17.0,clear_violation,TRACK LIMITS AT TURN 17
2019,German Grand Prix,FP3,SAI,17.0,0 days 00:01:13.833000,17.0,clear_violation,TRACK LIMITS AT TURN 17
2019,German Grand Prix,Q,GAS,14.0,0 days 00:01:12.180000,17.0,clear_violation,TRACK LIMITS AT TURN 17
2019,German Grand Prix,Q,LEC,7.0,0 days 00:01:25.553000,1.0,clear_violation,TRACK LIMITS AT TURN 1
2019,German Grand Prix,Q,GIO,5.0,0 days 00:01:15.835000,1.0,clear_violation,TRACK LIMITS AT TURN 1
2019,German Grand Prix,Q,KUB,4.0,0 days 00:01:15.478000,17.0,clear_violation,TRACK LIMITS AT TURN 17
2019,German Grand Prix,R,HAM,,,1.0,no_advantage,CAR 44 (HAM) OFF TRACK AND CONTINUED AT TURN 1
2019,German Grand Prix,R,GRO,,,6.0,no_advantage,TURN 6 INCIDENT INVOLVING CARS 8 (GRO) AND 20 (MAG) - NO INVESTIGATION NECESSARY
2019,Hungarian Grand Prix,R,HAM,,,3.0,no_advantage,"LAP 1, TURN 3 INCIDENT INVOLVING CARS 44 (HAM) AND 77 (BOT) NOTED - NO INVESTIGATION NECESSARY"
2019,Hungarian Grand Prix,R,BOT,,,4.0,no_advantage,"LAP 1, TURN 4 INCIDENT INVOLVING CARS 77 (BOT) AND 16 (LEC) NOTED - NO INVESTIGATION NECESSARY"
2019,Hungarian Grand Prix,R,PER,,,1.0,no_advantage,TURN 1 INCIDENT INVOLVING CARS 11 (PER) AND 23 (ALB) - NO INVESTIGATION NECESSARY
2019,Belgian Grand Prix,FP1,KUB,,,1.0,no_advantage,CAR 88 (KUB) OFF TRACK AND CONTINUED AT TURN 1
2019,Belgian Grand Prix,FP1,HAM,,,1.0,no_advantage,CAR 44 (HAM) OFF TRACK AND CONTINUED AT TURN 1
2020,Pre-Season Test 1,FP1,STR,5.0,0 days 00:01:06.692000,10.0,clear_violation,TRACK LIMITS AT TURN 10
2020,Pre-Season Test 1,FP1,STR,,,9.0,no_advantage,CAR 18 (STR) OFF TRACK AND CONTINUED AT TURN 9
2020,Pre-Season Test 1,FP2,RAI,12.0,0 days 00:01:06.195000,10.0,clear_violation,TRACK LIMITS AT TURN 10
2020,Pre-Season Test 1,FP2,RAI,13.0,0 days 00:01:33.595000,10.0,clear_violation,TRACK LIMITS AT TURN 10
2020,Pre-Season Test 1,FP2,RAI,29.0,0 days 00:01:10.485000,10.0,clear_violation,TRACK LIMITS AT TURN 10
2020,Pre-Season Test 1,FP2,RAI,30.0,0 days 00:01:14.233000,10.0,clear_violation,TRACK LIMITS AT TURN 10
2020,Pre-Season Test 1,FP2,STR,30.0,0 days 00:01:10.078000,10.0,clear_violation,TRACK LIMITS AT TURN 10
2020,Pre-Season Test 1,FP2,MAG,2.0,0 days 00:01:07.158000,9.0,clear_violation,TRACK LIMITS AT TURN 9
2020,Pre-Season Test 1,FP2,HAM,23.0,0 days 00:01:16.208000,10.0,clear_violation,TRACK LIMITS AT TURN 10
2020,Pre-Season Test 1,FP2,LAT,,,3.0,no_advantage,CAR 6 (LAT) OFF TRACK AND CONTINUED AT TURN 3
2020,Pre-Season Test 1,FP2,RAI,,,6.0,no_advantage,CAR 7 (RAI) OFF TRACK AND CONTINUED AT TURN 6
2020,Pre-Season Test 1,FP2,VER,,,6.0,no_advantage,CAR 33 (VER) OFF TRACK AND CONTINUED AT TURN 6
2020,Pre-Season Test 1,FP3,RAI,16.0,0 days 00:01:09.853000,9.0,clear_violation,TRACK LIMITS AT TURN 9
2020,Pre-Season Test 1,FP3,BOT,,,1.0,no_advantage,CAR 77 (BOT) OFF TRACK AND CONTINUED AT TURN 1
2020,Pre-Season Test 1,Q,BOT,,,5.0,no_advantage,CAR 77 (BOT) OFF TRACK AND CONTINUED AT TURN 5
2020,Pre-Season Test 1,R,KVY,39.0,0 days 00:01:09.375000,10.0,clear_violation,TRACK LIMITS AT TURN 10
2020,Pre-Season Test 1,R,KVY,40.0,0 days 00:01:09.829000,10.0,clear_violation,TRACK LIMITS AT TURN 10
2020,Pre-Season Test 1,R,KVY,60.0,0 days 00:01:10.378000,9.0,clear_violation,TRACK LIMITS AT TURN 9
2020,Pre-Season Test 1,R,KVY,63.0,0 days 00:01:10.456000,10.0,clear_violation,TRACK LIMITS AT TURN 10
2020,Pre-Season Test 1,R,KVY,64.0,0 days 00:01:11.794000,10.0,clear_violation,TRACK LIMITS AT TURN 10
2020,Pre-Season Test 1,R,OCO,65.0,0 days 00:01:08.912000,10.0,clear_violation,TRACK LIMITS AT TURN 10
2020,Pre-Season Test 1,R,VET,39.0,0 days 00:01:10.485000,10.0,clear_violation,TRACK LIMITS AT TURN 10
2020,Pre-Season Test 1,R,VET,40.0,0 days 00:01:10.875000,10.0,clear_violation,TRACK LIMITS AT TURN 10
2020,Pre-Season Test 1,R,VET,58.0,0 days 00:01:10.387000,10.0,clear_violation,TRACK LIMITS AT TURN 10
2020,Pre-Season Test 1,R,VET,59.0,0 days 00:01:10.415000,10.0,clear_violation,TRACK LIMITS AT TURN 10
2020,Pre-Season Test 1,R,GRO,16.0,0 days 00:01:32.297000,9.0,clear_violation,TRACK LIMITS AT TURN 9
2020,Pre-Season Test 1,R,GRO,27.0,0 days 00:01:10.909000,10.0,clear_violation,TRACK LIMITS AT TURN 10
2020,Pre-Season Test 1,R,GRO,28.0,0 days 00:01:11.264000,10.0,clear_violation,TRACK LIMITS AT TURN 10
2020,Pre-Season Test 1,R,,,,1.0,no_advantage,"LAP 1, TURN 1 - TRACK LIMITS, NO INVESTIGATION NECESSARY"
2020,Pre-Season Test 1,R,GRO,,,5.0,no_advantage,CAR 8 (GRO) OFF TRACK AND CONTINUED AT TURN 5
2020,Pre-Season Test 1,R,VET,,,3.0,no_advantage,TURN 3 INCIDENT INVOLVING CARS 5 (VET) AND 55 (SAI) - NO INVESTIGATION NECESSARY
2020,Pre-Season Test 1,R,PER,,,,no_advantage,PIT LANE INCIDENT INVOLVING CARS 11 (PER) AND 4 (NOR) NOTED - NO INVESTIGATION NECESSARY
2020,Pre-Season Test 1,R,GRO,,,4.0,no_advantage,CAR 8 (GRO) OFF TRACK AND CONTINUED AT TURN 4
2020,Pre-Season Test 2,FP1,STR,5.0,0 days 00:01:06.692000,10.0,clear_violation,TRACK LIMITS AT TURN 10
2020,Pre-Season Test 2,FP1,STR,,,9.0,no_advantage,CAR 18 (STR) OFF TRACK AND CONTINUED AT TURN 9
2020,Pre-Season Test 2,FP2,RAI,12.0,0 days 00:01:06.195000,10.0,clear_violation,TRACK LIMITS AT TURN 10
2020,Pre-Season Test 2,FP2,RAI,13.0,0 days 00:01:33.595000,10.0,clear_violation,TRACK LIMITS AT TURN 10
2020,Pre-Season Test 2,FP2,RAI,29.0,0 days 00:01:10.485000,10.0,clear_violation,TRACK LIMITS AT TURN 10
2020,Pre-Season Test 2,FP2,RAI,30.0,0 days 00:01:14.233000,10.0,clear_violation,TRACK LIMITS AT TURN 10
2020,Pre-Season Test 2,FP2,STR,30.0,0 days 00:01:10.078000,10.0,clear_violation,TRACK LIMITS AT TURN 10
2020,Pre-Season Test 2,FP2,MAG,2.0,0 days 00:01:07.158000,9.0,clear_violation,TRACK LIMITS AT TURN 9
2020,Pre-Season Test 2,FP2,HAM,23.0,0 days 00:01:16.208000,10.0,clear_violation,TRACK LIMITS AT TURN 10
2020,Pre-Season Test 2,FP2,LAT,,,3.0,no_advantage,CAR 6 (LAT) OFF TRACK AND CONTINUED AT TURN 3
2020,Pre-Season Test 2,FP2,RAI,,,6.0,no_advantage,CAR 7 (RAI) OFF TRACK AND CONTINUED AT TURN 6
2020,Pre-Season Test 2,FP2,VER,,,6.0,no_advantage,CAR 33 (VER) OFF TRACK AND CONTINUED AT TURN 6
2020,Pre-Season Test 2,FP3,RAI,16.0,0 days 00:01:09.853000,9.0,clear_violation,TRACK LIMITS AT TURN 9
2020,Pre-Season Test 2,FP3,BOT,,,1.0,no_advantage,CAR 77 (BOT) OFF TRACK AND CONTINUED AT TURN 1
2020,Pre-Season Test 2,Q,BOT,,,5.0,no_advantage,CAR 77 (BOT) OFF TRACK AND CONTINUED AT TURN 5
2020,Pre-Season Test 2,R,KVY,39.0,0 days 00:01:09.375000,10.0,clear_violation,TRACK LIMITS AT TURN 10
2020,Pre-Season Test 2,R,KVY,40.0,0 days 00:01:09.829000,10.0,clear_violation,TRACK LIMITS AT TURN 10
2020,Pre-Season Test 2,R,KVY,60.0,0 days 00:01:10.378000,9.0,clear_violation,TRACK LIMITS AT TURN 9
2020,Pre-Season Test 2,R,KVY,63.0,0 days 00:01:10.456000,10.0,clear_violation,TRACK LIMITS AT TURN 10
2020,Pre-Season Test 2,R,KVY,64.0,0 days 00:01:11.794000,10.0,clear_violation,TRACK LIMITS AT TURN 10
2020,Pre-Season Test 2,R,OCO,65.0,0 days 00:01:08.912000,10.0,clear_violation,TRACK LIMITS AT TURN 10
2020,Pre-Season Test 2,R,VET,39.0,0 days 00:01:10.485000,10.0,clear_violation,TRACK LIMITS AT TURN 10
2020,Pre-Season Test 2,R,VET,40.0,0 days 00:01:10.875000,10.0,clear_violation,TRACK LIMITS AT TURN 10
2020,Pre-Season Test 2,R,VET,58.0,0 days 00:01:10.387000,10.0,clear_violation,TRACK LIMITS AT TURN 10
2020,Pre-Season Test 2,R,VET,59.0,0 days 00:01:10.415000,10.0,clear_violation,TRACK LIMITS AT TURN 10
2020,Pre-Season Test 2,R,GRO,16.0,0 days 00:01:32.297000,9.0,clear_violation,TRACK LIMITS AT TURN 9
2020,Pre-Season Test 2,R,GRO,27.0,0 days 00:01:10.909000,10.0,clear_violation,TRACK LIMITS AT TURN 10
2020,Pre-Season Test 2,R,GRO,28.0,0 days 00:01:11.264000,10.0,clear_violation,TRACK LIMITS AT TURN 10
2020,Pre-Season Test 2,R,,,,1.0,no_advantage,"LAP 1, TURN 1 - TRACK LIMITS, NO INVESTIGATION NECESSARY"
2020,Pre-Season Test 2,R,GRO,,,5.0,no_advantage,CAR 8 (GRO) OFF TRACK AND CONTINUED AT TURN 5
2020,Pre-Season Test 2,R,VET,,,3.0,no_advantage,TURN 3 INCIDENT INVOLVING CARS 5 (VET) AND 55 (SAI) - NO INVESTIGATION NECESSARY
2020,Pre-Season Test 2,R,PER,,,,no_advantage,PIT LANE INCIDENT INVOLVING CARS 11 (PER) AND 4 (NOR) NOTED - NO INVESTIGATION NECESSARY
2020,Pre-Season Test 2,R,GRO,,,4.0,no_advantage,CAR 8 (GRO) OFF TRACK AND CONTINUED AT TURN 4
2020,Austrian Grand Prix,FP1,STR,5.0,0 days 00:01:06.692000,10.0,clear_violation,TRACK LIMITS AT TURN 10
2020,Austrian Grand Prix,FP1,STR,,,9.0,no_advantage,CAR 18 (STR) OFF TRACK AND CONTINUED AT TURN 9
2020,Austrian Grand Prix,FP2,RAI,12.0,0 days 00:01:06.195000,10.0,clear_violation,TRACK LIMITS AT TURN 10
2020,Austrian Grand Prix,FP2,RAI,13.0,0 days 00:01:33.595000,10.0,clear_violation,TRACK LIMITS AT TURN 10
2020,Austrian Grand Prix,FP2,RAI,29.0,0 days 00:01:10.485000,10.0,clear_violation,TRACK LIMITS AT TURN 10
2020,Austrian Grand Prix,FP2,RAI,30.0,0 days 00:01:14.233000,10.0,clear_violation,TRACK LIMITS AT TURN 10
2020,Austrian Grand Prix,FP2,STR,30.0,0 days 00:01:10.078000,10.0,clear_violation,TRACK LIMITS AT TURN 10
2020,Austrian Grand Prix,FP2,MAG,2.0,0 days 00:01:07.158000,9.0,clear_violation,TRACK LIMITS AT TURN 9
2020,Austrian Grand Prix,FP2,HAM,23.0,0 days 00:01:16.208000,10.0,clear_violation,TRACK LIMITS AT TURN 10
2020,Austrian Grand Prix,FP2,LAT,,,3.0,no_advantage,CAR 6 (LAT) OFF TRACK AND CONTINUED AT TURN 3
2020,Austrian Grand Prix,FP2,RAI,,,6.0,no_advantage,CAR 7 (RAI) OFF TRACK AND CONTINUED AT TURN 6
2020,Austrian Grand Prix,FP2,VER,,,6.0,no_advantage,CAR 33 (VER) OFF TRACK AND CONTINUED AT TURN 6
2020,Austrian Grand Prix,FP3,RAI,16.0,0 days 00:01:09.853000,9.0,clear_violation,TRACK LIMITS AT TURN 9
2020,Austrian Grand Prix,FP3,BOT,,,1.0,no_advantage,CAR 77 (BOT) OFF TRACK AND CONTINUED AT TURN 1
2020,Austrian Grand Prix,Q,BOT,,,5.0,no_advantage,CAR 77 (BOT) OFF TRACK AND CONTINUED AT TURN 5
2020,Austrian Grand Prix,R,KVY,39.0,0 days 00:01:09.375000,10.0,clear_violation,TRACK LIMITS AT TURN 10
2020,Austrian Grand Prix,R,KVY,40.0,0 days 00:01:09.829000,10.0,clear_violation,TRACK LIMITS AT TURN 10
2020,Austrian Grand Prix,R,KVY,60.0,0 days 00:01:10.378000,9.0,clear_violation,TRACK LIMITS AT TURN 9
2020,Austrian Grand Prix,R,KVY,63.0,0 days 00:01:10.456000,10.0,clear_violation,TRACK LIMITS AT TURN 10
2020,Austrian Grand Prix,R,KVY,64.0,0 days 00:01:11.794000,10.0,clear_violation,TRACK LIMITS AT TURN 10
2020,Austrian Grand Prix,R,OCO,65.0,0 days 00:01:08.912000,10.0,clear_violation,TRACK LIMITS AT TURN 10
2020,Austrian Grand Prix,R,VET,39.0,0 days 00:01:10.485000,10.0,clear_violation,TRACK LIMITS AT TURN 10
2020,Austrian Grand Prix,R,VET,40.0,0 days 00:01:10.875000,10.0,clear_violation,TRACK LIMITS AT TURN 10
2020,Austrian Grand Prix,R,VET,58.0,0 days 00:01:10.387000,10.0,clear_violation,TRACK LIMITS AT TURN 10
2020,Austrian Grand Prix,R,VET,59.0,0 days 00:01:10.415000,10.0,clear_violation,TRACK LIMITS AT TURN 10
2020,Austrian Grand Prix,R,GRO,16.0,0 days 00:01:32.297000,9.0,clear_violation,TRACK LIMITS AT TURN 9
2020,Austrian Grand Prix,R,GRO,27.0,0 days 00:01:10.909000,10.0,clear_violation,TRACK LIMITS AT TURN 10
2020,Austrian Grand Prix,R,GRO,28.0,0 days 00:01:11.264000,10.0,clear_violation,TRACK LIMITS AT TURN 10
2020,Austrian Grand Prix,R,,,,1.0,no_advantage,"LAP 1, TURN 1 - TRACK LIMITS, NO INVESTIGATION NECESSARY"
2020,Austrian Grand Prix,R,GRO,,,5.0,no_advantage,CAR 8 (GRO) OFF TRACK AND CONTINUED AT TURN 5
2020,Austrian Grand Prix,R,VET,,,3.0,no_advantage,TURN 3 INCIDENT INVOLVING CARS 5 (VET) AND 55 (SAI) - NO INVESTIGATION NECESSARY
2020,Austrian Grand Prix,R,PER,,,,no_advantage,PIT LANE INCIDENT INVOLVING CARS 11 (PER) AND 4 (NOR) NOTED - NO INVESTIGATION NECESSARY
2020,Austrian Grand Prix,R,GRO,,,4.0,no_advantage,CAR 8 (GRO) OFF TRACK AND CONTINUED AT TURN 4
2020,Styrian Grand Prix,FP1,GRO,3.0,0 days 00:01:08.517000,9.0,clear_violation,TRACK LIMITS AT TURN 9
2020,Styrian Grand Prix,FP1,GAS,11.0,0 days 00:01:06.535000,10.0,clear_violation,TRACK LIMITS AT TURN 10
2020,Styrian Grand Prix,FP1,STR,14.0,0 days 00:01:05.211000,10.0,clear_violation,TRACK LIMITS AT TURN 10
2020,Styrian Grand Prix,FP1,STR,15.0,0 days 00:01:41.510000,10.0,clear_violation,TRACK LIMITS AT TURN 10
2020,Styrian Grand Prix,FP1,ALB,24.0,0 days 00:01:08.375000,9.0,clear_violation,TRACK LIMITS AT TURN 9
2020,Styrian Grand Prix,FP1,OCO,9.0,0 days 00:01:06.568000,10.0,clear_violation,TRACK LIMITS AT TURN 10
2020,Styrian Grand Prix,FP2,VET,15.0,0 days 00:01:04.772000,9.0,clear_violation,TRACK LIMITS AT TURN 9
2020,Styrian Grand Prix,FP2,VET,34.0,0 days 00:01:09.722000,9.0,clear_violation,TRACK LIMITS AT TURN 9
2020,Styrian Grand Prix,FP2,GRO,23.0,0 days 00:01:10.492000,9.0,clear_violation,TRACK LIMITS AT TURN 9
2020,Styrian Grand Prix,FP2,GRO,30.0,0 days 00:01:13.310000,9.0,clear_violation,TRACK LIMITS AT TURN 9
2020,Styrian Grand Prix,FP2,GAS,34.0,0 days 00:01:09.986000,10.0,clear_violation,TRACK LIMITS AT TURN 10
2020,Styrian Grand Prix,FP2,GAS,35.0,0 days 00:01:10.025000,10.0,clear_violation,TRACK LIMITS AT TURN 10
2020,Styrian Grand Prix,FP2,PER,20.0,0 days 00:01:10.433000,9.0,clear_violation,TRACK LIMITS AT TURN 9
2020,Styrian Grand Prix,FP2,STR,6.0,0 days 00:01:04.486000,9.0,clear_violation,TRACK LIMITS AT TURN 9
2020,Styrian Grand Prix,FP2,MAG,21.0,0 days 00:01:10.292000,10.0,clear_violation,TRACK LIMITS AT TURN 10
2020,Styrian Grand Prix,FP2,MAG,22.0,0 days 00:01:10.528000,10.0,clear_violation,TRACK LIMITS AT TURN 10
2020,Styrian Grand Prix,FP2,MAG,28.0,0 days 00:01:10.847000,9.0,clear_violation,TRACK LIMITS AT TURN 9
2020,Styrian Grand Prix,FP2,ALB,8.0,0 days 00:01:04.978000,9.0,clear_violation,TRACK LIMITS AT TURN 9
2020,Styrian Grand Prix,FP2,KVY,14.0,0 days 00:01:04.967000,10.0,clear_violation,TRACK LIMITS AT TURN 10
2020,Styrian Grand Prix,FP2,VER,3.0,0 days 00:01:04.695000,9.0,clear_violation,TRACK LIMITS AT TURN 9
2020,Styrian Grand Prix,FP2,VER,9.0,0 days 00:01:03.991000,10.0,clear_violation,TRACK LIMITS AT TURN 10
2020,Styrian Grand Prix,FP2,HAM,2.0,0 days 00:01:05.681000,9.0,clear_violation,TRACK LIMITS AT TURN 9
2020,Styrian Grand Prix,FP2,ALB,,,8.0,no_advantage,CAR 23 (ALB) OFF TRACK AND CONTINUED AT TURN 8
2020,Styrian Grand Prix,Q,NOR,29.0,0 days 00:01:27.358000,9.0,clear_violation,TRACK LIMITS AT TURN 9
2020,Styrian Grand Prix,Q,ALB,17.0,0 days 00:01:20.124000,9.0,clear_violation,TRACK LIMITS AT TURN 9
2020,Styrian Grand Prix,Q,KVY,19.0,0 days 00:01:19.889000,9.0,clear_violation,TRACK LIMITS AT TURN 9
2020,Styrian Grand Prix,Q,MAG,17.0,0 days 00:01:21.072000,9.0,clear_violation,TRACK LIMITS AT TURN 9
2020,Styrian Grand Prix,R,VER,66.0,0 days 00:01:08.956000,10.0,clear_violation,TRACK LIMITS AT TURN 10
2020,Styrian Grand Prix,R,VER,67.0,0 days 00:01:10.794000,10.0,clear_violation,TRACK LIMITS AT TURN 10
2020,Styrian Grand Prix,R,ALB,68.0,0 days 00:01:07.109000,10.0,clear_violation,TRACK LIMITS AT TURN 10
2020,Styrian Grand Prix,R,ALB,69.0,0 days 00:01:08.175000,10.0,clear_violation,TRACK LIMITS AT TURN 10
2020,Styrian Grand Prix,R,STR,7.0,0 days 00:01:10.268000,9.0,clear_violation,TRACK LIMITS AT TURN 9
2020,Styrian Grand Prix,R,STR,57.0,0 days 00:01:08.509000,9.0,clear_violation,TRACK LIMITS AT TURN 9
2020,Styrian Grand Prix,R,RIC,44.0,0 days 00:01:08.765000,10.0,clear_violation,TRACK LIMITS AT TURN 10
2020,Styrian Grand Prix,R,RIC,45.0,0 days 00:01:08.987000,10.0,clear_violation,TRACK LIMITS AT TURN 10
2020,Styrian Grand Prix,R,KVY,31.0,0 days 00:01:09.850000,9.0,clear_violation,TRACK LIMITS AT TURN 9
2020,Styrian Grand Prix,R,RAI,22.0,0 days 00:01:11.027000,9.0,clear_violation,TRACK LIMITS AT TURN 9
2020,Styrian Grand Prix,R,MAG,47.0,0 days 00:01:11.243000,9.0,clear_violation,TRACK LIMITS AT TURN 9
2020,Styrian Grand Prix,R,GRO,47.0,0 days 00:01:09.433000,10.0,clear_violation,TRACK LIMITS AT TURN 10
2020,Styrian Grand Prix,R,GRO,48.0,0 days 00:01:09.486000,10.0,clear_violation,TRACK LIMITS AT TURN 10
2020,Styrian Grand Prix,R,GIO,35.0,0 days 00:01:09.874000,10.0,clear_violation,TRACK LIMITS AT TURN 10
2020,Styrian Grand Prix,R,GIO,36.0,0 days 00:01:10.076000,10.0,clear_violation,TRACK LIMITS AT TURN 10
2020,Styrian Grand Prix,R,GIO,42.0,0 days 00:01:08.731000,9.0,clear_violation,TRACK LIMITS AT TURN 9
2020,Styrian Grand Prix,R,GIO,52.0,0 days 00:01:09.015000,10.0,clear_violation,TRACK LIMITS AT TURN 10
2020,Styrian Grand Prix,R,GIO,53.0,0 days 00:01:08.813000,10.0,clear_violation,TRACK LIMITS AT TURN 10
2020,Styrian Grand Prix,R,GAS,47.0,0 days 00:01:12.273000,10.0,clear_violation,TRACK LIMITS AT TURN 10
2020,Styrian Grand Prix,R,GAS,48.0,0 days 00:01:11.118000,10.0,clear_violation,TRACK LIMITS AT TURN 10
2020,Styrian Grand Prix,R,LAT,60.0,0 days 00:01:08.898000,9.0,clear_violation,TRACK LIMITS AT TURN 9
2020,Styrian Grand Prix,R,VET,,,,no_advantage,INCIDENT INVOLVING CARS 5 (VET) AND 16 (LEC) - NO INVESTIGATION NECESSARY
2020,Hungarian Grand Prix,FP1,MAG,24.0,0 days 00:01:23.355000,4.0,clear_violation,TRACK LIMITS AT TURN 4
2020,Hungarian Grand Prix,FP1,ALB,13.0,0 days 00:01:17.948000,11.0,clear_violation,TRACK LIMITS AT TURN 11
2020,Hungarian Grand Prix,FP1,ALB,22.0,0 days 00:01:23.657000,4.0,clear_violation,TRACK LIMITS AT TURN 4
2020,Hungarian Grand Prix,FP1,OCO,9.0,0 days 00:01:22.226000,12.0,clear_violation,TRACK LIMITS AT TURN 12
2020,Hungarian Grand Prix,FP1,BOT,36.0,0 days 00:01:23.375000,12.0,clear_violation,TRACK LIMITS AT TURN 12
2020,Hungarian Grand Prix,FP2,VET,9.0,0 days 00:01:44.632000,11.0,clear_violation,TRACK LIMITS AT TURN 11
2020,Hungarian Grand Prix,FP2,RAI,7.0,0 days 00:01:49.355000,11.0,clear_violation,TRACK LIMITS AT TURN 11
2020,Hungarian Grand Prix,FP2,RAI,,,11.0,no_advantage,CAR 7 (RAI) OFF TRACK AND CONTINUED AT TURN 11
2020,Hungarian Grand Prix,FP3,RIC,9.0,0 days 00:01:16.591000,4.0,clear_violation,TRACK LIMITS AT TURN 4
2020,Hungarian Grand Prix,FP3,LAT,15.0,0 days 00:01:27.963000,11.0,clear_violation,TRACK LIMITS AT TURN 11
2020,Hungarian Grand Prix,FP3,ALB,9.0,0 days 00:01:22.693000,12.0,clear_violation,TRACK LIMITS AT TURN 12
2020,Hungarian Grand Prix,FP3,HAM,6.0,0 days 00:01:21.230000,12.0,clear_violation,TRACK LIMITS AT TURN 12
2020,Hungarian Grand Prix,Q,PER,18.0,0 days 00:01:15.088000,4.0,clear_violation,TRACK LIMITS AT TURN 4
2020,Hungarian Grand Prix,Q,GIO,2.0,0 days 00:01:17.912000,4.0,clear_violation,TRACK LIMITS AT TURN 4
2020,Hungarian Grand Prix,R,VET,11.0,0 days 00:01:25.775000,12.0,clear_violation,TRACK LIMITS AT TURN 12
2020,Hungarian Grand Prix,R,GRO,41.0,0 days 00:01:22.391000,4.0,clear_violation,TRACK LIMITS AT TURN 4
2020,Hungarian Grand Prix,R,GRO,46.0,0 days 00:01:22.114000,12.0,clear_violation,TRACK LIMITS AT TURN 12
2020,British Grand Prix,FP1,RIC,9.0,0 days 00:01:28.968000,15.0,clear_violation,TRACK LIMITS AT TURN 15
2020,British Grand Prix,FP1,NOR,10.0,0 days 00:01:33.153000,5.0,clear_violation,TRACK LIMITS AT TURN 5
2020,British Grand Prix,FP1,ALB,14.0,0 days 00:01:28.912000,15.0,clear_violation,TRACK LIMITS AT TURN 15
2020,British Grand Prix,FP1,OCO,11.0,0 days 00:01:28.240000,15.0,clear_violation,TRACK LIMITS AT TURN 15
2020,British Grand Prix,FP1,RAI,,,7.0,no_advantage,CAR 7 (RAI) OFF TRACK AND CONTINUED AT TURN 7
2020,British Grand Prix,FP2,NOR,5.0,0 days 00:01:40.254000,15.0,clear_violation,TRACK LIMITS AT TURN 15
2020,British Grand Prix,FP2,GAS,4.0,0 days 00:01:33.839000,15.0,clear_violation,TRACK LIMITS AT TURN 15
2020,British Grand Prix,FP2,MAG,25.0,0 days 00:01:35.453000,9.0,clear_violation,TRACK LIMITS AT TURN 9
2020,British Grand Prix,FP3,RAI,15.0,0 days 00:01:28.184000,9.0,clear_violation,TRACK LIMITS AT TURN 9
2020,British Grand Prix,FP3,MAG,12.0,0 days 00:01:46.092000,9.0,clear_violation,TRACK LIMITS AT TURN 9
2020,British Grand Prix,FP3,ALB,2.0,0 days 00:01:28.398000,9.0,clear_violation,TRACK LIMITS AT TURN 9
2020,British Grand Prix,Q,VET,19.0,0 days 00:01:26.077000,9.0,clear_violation,TRACK LIMITS AT TURN 9
2020,British Grand Prix,Q,GRO,5.0,0 days 00:01:27.317000,9.0,clear_violation,TRACK LIMITS AT TURN 9
2020,British Grand Prix,R,GAS,37.0,0 days 00:01:31.084000,15.0,clear_violation,TRACK LIMITS AT TURN 15
2020,British Grand Prix,R,ALB,6.0,0 days 00:01:35.837000,9.0,clear_violation,TRACK LIMITS AT TURN 9
2020,British Grand Prix,R,ALB,19.0,0 days 00:01:36.213000,9.0,clear_violation,TRACK LIMITS AT TURN 9
2020,British Grand Prix,R,NOR,19.0,0 days 00:01:34.515000,9.0,clear_violation,TRACK LIMITS AT TURN 9
2020,British Grand Prix,R,VET,47.0,0 days 00:01:30.601000,9.0,clear_violation,TRACK LIMITS AT TURN 9
2020,British Grand Prix,R,SAI,19.0,0 days 00:01:34.463000,9.0,clear_violation,TRACK LIMITS AT TURN 9
2020,British Grand Prix,R,SAI,43.0,0 days 00:01:30.619000,9.0,clear_violation,TRACK LIMITS AT TURN 9
2020,British Grand Prix,R,RAI,47.0,0 days 00:01:54.836000,9.0,clear_violation,TRACK LIMITS AT TURN 9
2020,British Grand Prix,R,GRO,9.0,0 days 00:01:33.467000,9.0,clear_violation,TRACK LIMITS AT TURN 9
2020,British Grand Prix,R,GAS,,,15.0,no_advantage,TURN 15 INCIDENT INVOLVING CARS 10 (GAS) AND 5 (VET) - NO INVESTIGATION NECESSARY
2020,70th Anniversary Grand Prix,FP1,VET,8.0,0 days 00:01:28.467000,9.0,clear_violation,TRACK LIMITS AT TURN 9
2020,70th Anniversary Grand Prix,FP1,RAI,9.0,0 days 00:01:29.265000,9.0,clear_violation,TRACK LIMITS AT TURN 9
2020,70th Anniversary Grand Prix,FP1,MAG,10.0,0 days 00:01:30.798000,9.0,clear_violation,TRACK LIMITS AT TURN 9
2020,70th Anniversary Grand Prix,FP1,ALB,20.0,0 days 00:01:29.464000,15.0,clear_violation,TRACK LIMITS AT TURN 15
2020,70th Anniversary Grand Prix,FP1,KUB,12.0,0 days 00:01:29.589000,9.0,clear_violation,TRACK LIMITS AT TURN 9
2020,70th Anniversary Grand Prix,FP2,RIC,9.0,0 days 00:01:27.113000,9.0,clear_violation,TRACK LIMITS AT TURN 9
2020,70th Anniversary Grand Prix,FP2,ALB,15.0,0 days 00:01:33.539000,9.0,clear_violation,TRACK LIMITS AT TURN 9
2020,70th Anniversary Grand Prix,FP2,SAI,22.0,0 days 00:01:38.367000,9.0,clear_violation,TRACK LIMITS AT TURN 9
2020,70th Anniversary Grand Prix,FP2,STR,,,14.0,no_advantage,CAR 18 (STR) OFF TRACK AND CONTINUED AT TURN 14
2020,70th Anniversary Grand Prix,FP2,RAI,,,13.0,no_advantage,CAR 7 (RAI) OFF TRACK AND CONTINUED AT TURN 13
2020,70th Anniversary Grand Prix,FP3,VER,8.0,0 days 00:02:03.257000,15.0,clear_violation,TRACK LIMITS AT TURN 15
2020,70th Anniversary Grand Prix,FP3,RUS,5.0,0 days 00:01:38.866000,15.0,clear_violation,TRACK LIMITS AT TURN 15
2020,70th Anniversary Grand Prix,Q,KVY,5.0,0 days 00:01:28.133000,15.0,clear_violation,TRACK LIMITS AT TURN 15
2020,70th Anniversary Grand Prix,R,ALB,10.0,0 days 00:01:34.107000,15.0,clear_violation,TRACK LIMITS AT TURN 15
2020,70th Anniversary Grand Prix,R,ALB,33.0,0 days 00:01:31.852000,15.0,clear_violation,TRACK LIMITS AT TURN 15
2020,70th Anniversary Grand Prix,R,KVY,30.0,0 days 00:01:32.858000,15.0,clear_violation,TRACK LIMITS AT TURN 15
2020,70th Anniversary Grand Prix,R,VET,36.0,0 days 00:01:31.494000,15.0,clear_violation,TRACK LIMITS AT TURN 15
2020,70th Anniversary Grand Prix,R,VET,37.0,0 days 00:01:31.864000,15.0,clear_violation,TRACK LIMITS AT TURN 15
2020,70th Anniversary Grand Prix,R,GRO,29.0,0 days 00:01:34.258000,15.0,clear_violation,TRACK LIMITS AT TURN 15
2020,70th Anniversary Grand Prix,R,LAT,16.0,0 days 00:01:33.686000,15.0,clear_violation,TRACK LIMITS AT TURN 15
2020,70th Anniversary Grand Prix,R,LAT,51.0,0 days 00:01:32.110000,15.0,clear_violation,TRACK LIMITS AT TURN 15
2020,70th Anniversary Grand Prix,R,MAG,17.0,0 days 00:01:33.976000,15.0,clear_violation,TRACK LIMITS AT TURN 15
2020,Spanish Grand Prix,R,GRO,59.0,0 days 00:01:26.454000,2.0,clear_violation,TRACK LIMITS AT TURN 2
2020,Belgian Grand Prix,FP1,GAS,5.0,0 days 00:02:00.079000,9.0,clear_violation,TRACK LIMITS AT TURN 9
2020,Belgian Grand Prix,FP1,GAS,15.0,0 days 00:01:47.850000,19.0,clear_violation,TRACK LIMITS AT TURN 19
2020,Belgian Grand Prix,FP1,GAS,16.0,0 days 00:01:56.607000,19.0,clear_violation,TRACK LIMITS AT TURN 19
2020,Belgian Grand Prix,FP1,VER,9.0,0 days 00:01:45.648000,9.0,clear_violation,TRACK LIMITS AT TURN 9
2020,Belgian Grand Prix,FP1,SAI,19.0,0 days 00:01:50.775000,9.0,clear_violation,TRACK LIMITS AT TURN 9
2020,Belgian Grand Prix,FP2,VET,20.0,0 days 00:01:51.571000,9.0,clear_violation,TRACK LIMITS AT TURN 9
2020,Belgian Grand Prix,FP2,GAS,19.0,0 days 00:01:51.067000,9.0,clear_violation,TRACK LIMITS AT TURN 9
2020,Belgian Grand Prix,FP2,GAS,20.0,0 days 00:01:50.734000,9.0,clear_violation,TRACK LIMITS AT TURN 9
2020,Belgian Grand Prix,FP2,GAS,23.0,0 days 00:01:49.974000,9.0,clear_violation,TRACK LIMITS AT TURN 9
2020,Belgian Grand Prix,FP2,STR,15.0,0 days 00:01:50.025000,9.0,clear_violation,TRACK LIMITS AT TURN 9
2020,Belgian Grand Prix,FP3,RAI,4.0,0 days 00:01:45.425000,19.0,clear_violation,TRACK LIMITS AT TURN 19
2020,Belgian Grand Prix,Q,MAG,,,14.0,no_advantage,CAR 20 (MAG) OFF TRACK AND CONTINUED AT TURN 14
2020,Belgian Grand Prix,R,GAS,5.0,0 days 00:01:51.803000,9.0,clear_violation,TRACK LIMITS AT TURN 9
2020,Belgian Grand Prix,R,STR,7.0,0 days 00:01:51.826000,9.0,clear_violation,TRACK LIMITS AT TURN 9
2020,Belgian Grand Prix,R,NOR,34.0,0 days 00:01:49.077000,9.0,clear_violation,TRACK LIMITS AT TURN 9
2020,Belgian Grand Prix,R,GRO,36.0,0 days 00:01:50.636000,9.0,clear_violation,TRACK LIMITS AT TURN 9
2020,Italian Grand Prix,FP1,NOR,4.0,0 days 00:01:23.756000,11.0,clear_violation,TRACK LIMITS AT TURN 11
2020,Italian Grand Prix,FP1,NOR,9.0,0 days 00:01:22.550000,11.0,clear_violation,TRACK LIMITS AT TURN 11
2020,Italian Grand Prix,FP1,NOR,10.0,0 days 00:01:47.997000,11.0,clear_violation,TRACK LIMITS AT TURN 11
2020,Italian Grand Prix,FP1,NOR,22.0,0 days 00:02:21.172000,11.0,clear_violation,TRACK LIMITS AT TURN 11
2020,Italian Grand Prix,FP1,NOR,23.0,0 days 00:01:25.178000,1.0,clear_violation,TRACK LIMITS AT TURN 1
2020,Italian Grand Prix,FP1,VET,5.0,0 days 00:01:40.526000,5.0,clear_violation,TRACK LIMITS AT TURN 5
2020,Italian Grand Prix,FP1,VET,11.0,0 days 00:01:22.557000,11.0,clear_violation,TRACK LIMITS AT TURN 11
2020,Italian Grand Prix,FP1,GRO,11.0,0 days 00:01:37.970000,5.0,clear_violation,TRACK LIMITS AT TURN 5
2020,Italian Grand Prix,FP1,GAS,16.0,0 days 00:01:22.382000,11.0,clear_violation,TRACK LIMITS AT TURN 11
2020,Italian Grand Prix,FP1,LEC,14.0,0 days 00:01:52.253000,5.0,clear_violation,TRACK LIMITS AT TURN 5
2020,Italian Grand Prix,FP1,LEC,21.0,0 days 00:01:28,5.0,clear_violation,TRACK LIMITS AT TURN 5
2020,Italian Grand Prix,FP1,MAG,4.0,0 days 00:01:45.259000,5.0,clear_violation,TRACK LIMITS AT TURN 5
2020,Italian Grand Prix,FP1,MAG,5.0,0 days 00:01:40.636000,2.0,clear_violation,TRACK LIMITS AT TURN 2
2020,Italian Grand Prix,FP1,ALB,2.0,0 days 00:01:24.088000,11.0,clear_violation,TRACK LIMITS AT TURN 11
2020,Italian Grand Prix,FP1,ALB,3.0,0 days 00:01:53.212000,11.0,clear_violation,TRACK LIMITS AT TURN 11
2020,Italian Grand Prix,FP1,ALB,23.0,0 days 00:01:25.820000,11.0,clear_violation,TRACK LIMITS AT TURN 11
2020,Italian Grand Prix,FP1,ALB,24.0,0 days 00:01:25.442000,11.0,clear_violation,TRACK LIMITS AT TURN 11
2020,Italian Grand Prix,FP1,BOT,7.0,0 days 00:01:21.876000,11.0,clear_violation,TRACK LIMITS AT TURN 11
2020,Italian Grand Prix,FP1,BOT,8.0,0 days 00:01:51.690000,11.0,clear_violation,TRACK LIMITS AT TURN 11
2020,Italian Grand Prix,FP1,STR,,,6.0,no_advantage,CAR 18 (STR) OFF TRACK AND CONTINUED AT TURN 6
2020,Italian Grand Prix,FP1,VET,,,6.0,no_advantage,CAR 5 (VET) OFF TRACK AND CONTINUED AT TURN 6
2020,Italian Grand Prix,FP2,RIC,8.0,0 days 00:01:20.905000,11.0,clear_violation,TRACK LIMITS AT TURN 11
2020,Italian Grand Prix,FP2,NOR,17.0,0 days 00:01:21.532000,11.0,clear_violation,TRACK LIMITS AT TURN 11
2020,Italian Grand Prix,FP2,NOR,18.0,0 days 00:01:54.292000,11.0,clear_violation,TRACK LIMITS AT TURN 11
2020,Italian Grand Prix,FP2,VET,7.0,0 days 00:01:46.155000,5.0,clear_violation,TRACK LIMITS AT TURN 5
2020,Italian Grand Prix,FP2,VET,12.0,0 days 00:01:22.518000,11.0,clear_violation,TRACK LIMITS AT TURN 11
2020,Italian Grand Prix,FP2,VET,13.0,0 days 00:01:47.495000,11.0,clear_violation,TRACK LIMITS AT TURN 11
2020,Italian Grand Prix,FP2,GRO,10.0,0 days 00:01:21.729000,11.0,clear_violation,TRACK LIMITS AT TURN 11
2020,Italian Grand Prix,FP2,GRO,11.0,0 days 00:02:28.844000,11.0,clear_violation,TRACK LIMITS AT TURN 11
2020,Italian Grand Prix,FP2,GRO,19.0,0 days 00:01:25.601000,11.0,clear_violation,TRACK LIMITS AT TURN 11
2020,Italian Grand Prix,FP2,GRO,20.0,0 days 00:01:25.809000,11.0,clear_violation,TRACK LIMITS AT TURN 11
2020,Italian Grand Prix,FP2,LEC,4.0,0 days 00:01:22.011000,11.0,clear_violation,TRACK LIMITS AT TURN 11
2020,Italian Grand Prix,FP2,LEC,5.0,0 days 00:01:51.770000,11.0,clear_violation,TRACK LIMITS AT TURN 11
2020,Italian Grand Prix,FP2,MAG,15.0,0 days 00:01:23.042000,11.0,clear_violation,TRACK LIMITS AT TURN 11
2020,Italian Grand Prix,FP2,ALB,14.0,0 days 00:01:21.531000,11.0,clear_violation,TRACK LIMITS AT TURN 11
2020,Italian Grand Prix,FP2,ALB,15.0,0 days 00:02:14.643000,11.0,clear_violation,TRACK LIMITS AT TURN 11
2020,Italian Grand Prix,FP2,ALB,19.0,0 days 00:01:25.835000,11.0,clear_violation,TRACK LIMITS AT TURN 11
2020,Italian Grand Prix,FP2,ALB,20.0,0 days 00:01:26.687000,11.0,clear_violation,TRACK LIMITS AT TURN 11
2020,Italian Grand Prix,FP2,VER,20.0,0 days 00:01:24.837000,11.0,clear_violation,TRACK LIMITS AT TURN 11
2020,Italian Grand Prix,FP2,VER,24.0,0 days 00:01:24.452000,11.0,clear_violation,TRACK LIMITS AT TURN 11
2020,Italian Grand Prix,FP2,VER,25.0,0 days 00:01:24.452000,11.0,clear_violation,TRACK LIMITS AT TURN 11
2020,Italian Grand Prix,FP2,VER,26.0,0 days 00:01:24.689000,11.0,clear_violation,TRACK LIMITS AT TURN 11
2020,Italian Grand Prix,FP2,SAI,19.0,0 days 00:01:25.202000,11.0,clear_violation,TRACK LIMITS AT TURN 11
2020,Italian Grand Prix,FP2,SAI,20.0,0 days 00:01:26.279000,11.0,clear_violation,TRACK LIMITS AT TURN 11
2020,Italian Grand Prix,FP2,SAI,29.0,0 days 00:01:24.379000,11.0,clear_violation,TRACK LIMITS AT TURN 11
2020,Italian Grand Prix,FP2,RUS,15.0,0 days 00:01:28.798000,11.0,clear_violation,TRACK LIMITS AT TURN 11
2020,Italian Grand Prix,FP2,RUS,16.0,0 days 00:01:26.671000,11.0,clear_violation,TRACK LIMITS AT TURN 11
2020,Italian Grand Prix,FP2,RUS,17.0,0 days 00:01:27.143000,11.0,clear_violation,TRACK LIMITS AT TURN 11
2020,Italian Grand Prix,FP2,RAI,,,5.0,no_advantage,CAR 7 (RAI) OFF TRACK AND CONTINUED AT TURN 5
2020,Italian Grand Prix,FP2,SAI,,,6.0,no_advantage,CAR 55 (SAI) OFF TRACK AND CONTINUED AT TURN 6
2020,Italian Grand Prix,FP2,LEC,,,6.0,no_advantage,CAR 16 (LEC) OFF TRACK AND CONTINUED AT TURN 6
2020,Italian Grand Prix,FP3,LEC,3.0,0 days 00:01:55.117000,11.0,clear_violation,TRACK LIMITS AT TURN 11
2020,Italian Grand Prix,FP3,LEC,4.0,0 days 00:01:21.883000,11.0,clear_violation,TRACK LIMITS AT TURN 11
2020,Italian Grand Prix,FP3,ALB,4.0,0 days 00:01:21.168000,11.0,clear_violation,TRACK LIMITS AT TURN 11
2020,Italian Grand Prix,FP3,ALB,5.0,0 days 00:01:49.699000,11.0,clear_violation,TRACK LIMITS AT TURN 11
2020,Italian Grand Prix,FP3,ALB,6.0,0 days 00:01:20.952000,11.0,clear_violation,TRACK LIMITS AT TURN 11
2020,Italian Grand Prix,FP3,ALB,7.0,0 days 00:01:47.616000,11.0,clear_violation,TRACK LIMITS AT TURN 11
2020,Italian Grand Prix,FP3,ALB,14.0,0 days 00:01:20.675000,11.0,clear_violation,TRACK LIMITS AT TURN 11
2020,Italian Grand Prix,FP3,VET,4.0,0 days 00:01:21.995000,11.0,clear_violation,TRACK LIMITS AT TURN 11
2020,Italian Grand Prix,FP3,GIO,6.0,0 days 00:01:57.588000,5.0,clear_violation,TRACK LIMITS AT TURN 5
2020,Italian Grand Prix,Q,STR,2.0,0 days 00:01:20.402000,11.0,clear_violation,TRACK LIMITS AT TURN 11
2020,Italian Grand Prix,Q,STR,3.0,0 days 00:01:40.268000,11.0,clear_violation,TRACK LIMITS AT TURN 11
2020,Italian Grand Prix,Q,ALB,4.0,0 days 00:01:20.618000,11.0,clear_violation,TRACK LIMITS AT TURN 11
2020,Italian Grand Prix,Q,ALB,15.0,0 days 00:01:20.079000,11.0,clear_violation,TRACK LIMITS AT TURN 11
2020,Italian Grand Prix,Q,GAS,2.0,0 days 00:01:20.171000,11.0,clear_violation,TRACK LIMITS AT TURN 11
2020,Italian Grand Prix,Q,GAS,3.0,0 days 00:01:41.641000,11.0,clear_violation,TRACK LIMITS AT TURN 11
2020,Italian Grand Prix,Q,LEC,2.0,0 days 00:01:20.970000,11.0,clear_violation,TRACK LIMITS AT TURN 11
2020,Italian Grand Prix,Q,MAG,2.0,0 days 00:01:21.618000,11.0,clear_violation,TRACK LIMITS AT TURN 11
2020,Italian Grand Prix,Q,RIC,,,5.0,no_advantage,CAR 3 (RIC) OFF TRACK AND CONTINUED AT TURN 5
2020,Italian Grand Prix,Q,MAG,,,7.0,no_advantage,CAR 20 (MAG) OFF TRACK AND CONTINUED AT TURN 7
2020,Italian Grand Prix,R,GAS,16.0,0 days 00:01:26.266000,11.0,clear_violation,TRACK LIMITS AT TURN 11
2020,Italian Grand Prix,R,GAS,17.0,0 days 00:01:26.281000,11.0,clear_violation,TRACK LIMITS AT TURN 11
2020,Italian Grand Prix,R,STR,28.0,0 days 00:02:24.316000,4.0,clear_violation,TRACK LIMITS AT TURN 4
2020,Italian Grand Prix,R,NOR,14.0,0 days 00:01:25.913000,11.0,clear_violation,TRACK LIMITS AT TURN 11
2020,Italian Grand Prix,R,NOR,15.0,0 days 00:01:25.807000,11.0,clear_violation,TRACK LIMITS AT TURN 11
2020,Italian Grand Prix,R,BOT,15.0,0 days 00:01:26.388000,11.0,clear_violation,TRACK LIMITS AT TURN 11
2020,Italian Grand Prix,R,BOT,16.0,0 days 00:01:25.792000,11.0,clear_violation,TRACK LIMITS AT TURN 11
2020,Italian Grand Prix,R,KVY,24.0,0 days 00:01:27.579000,11.0,clear_violation,TRACK LIMITS AT TURN 11
2020,Italian Grand Prix,R,KVY,25.0,0 days 00:02:03.764000,11.0,clear_violation,TRACK LIMITS AT TURN 11
2020,Italian Grand Prix,R,KVY,28.0,0 days 00:02:02.677000,11.0,clear_violation,TRACK LIMITS AT TURN 11
2020,Italian Grand Prix,R,KVY,29.0,0 days 00:01:26.469000,11.0,clear_violation,TRACK LIMITS AT TURN 11
2020,Italian Grand Prix,R,KVY,30.0,0 days 00:01:25.480000,11.0,clear_violation,TRACK LIMITS AT TURN 11
2020,Italian Grand Prix,R,RAI,33.0,0 days 00:01:24.926000,11.0,clear_violation,TRACK LIMITS AT TURN 11
2020,Italian Grand Prix,R,RAI,34.0,0 days 00:01:26.295000,11.0,clear_violation,TRACK LIMITS AT TURN 11
2020,Italian Grand Prix,R,RAI,42.0,0 days 00:01:25.312000,11.0,clear_violation,TRACK LIMITS AT TURN 11
2020,Italian Grand Prix,R,RAI,43.0,0 days 00:01:27.247000,11.0,clear_violation,TRACK LIMITS AT TURN 11
2020,Italian Grand Prix,R,RUS,43.0,0 days 00:01:25.492000,11.0,clear_violation,TRACK LIMITS AT TURN 11
2020,Italian Grand Prix,R,RUS,44.0,0 days 00:01:25.360000,11.0,clear_violation,TRACK LIMITS AT TURN 11
2020,Italian Grand Prix,R,ALB,39.0,0 days 00:01:24.888000,11.0,clear_violation,TRACK LIMITS AT TURN 11
2020,Italian Grand Prix,R,ALB,40.0,0 days 00:01:26.464000,11.0,clear_violation,TRACK LIMITS AT TURN 11
2020,Italian Grand Prix,R,GAS,,,1.0,no_advantage,TURN 1 INCIDENT INVOLVING CARS 10 (GAS) AND 23 (ALB) - NO INVESTIGATION NECESSARY
2020,Tuscan Grand Prix,FP2,LEC,,,12.0,no_advantage,CAR 16 (LEC) OFF TRACK AND CONTINUED AT TURN 12
2020,Tuscan Grand Prix,FP2,VET,,,13.0,no_advantage,CAR 5 (VET) OFF TRACK AND CONTINUED AT TURN 13
2020,Tuscan Grand Prix,FP3,GAS,,,11.0,no_advantage,CAR 10 (GAS) OFF TRACK AND CONTINUED AT TURN 11
2020,Tuscan Grand Prix,Q,KVY,,,7.0,no_advantage,CAR 26 (KVY) OFF TRACK AND CONTINUED AT TURN 7
2020,Tuscan Grand Prix,R,SAI,,,2.0,no_advantage,TURN 2 INCIDENT INVOLVING CARS 55 (SAI) AND 18 (STR) - NO INVESTIGATION NECESSARY
2020,Russian Grand Prix,FP1,GRO,23.0,0 days 00:01:45.737000,2.0,clear_violation,TRACK LIMITS AT TURN 2
2020,Russian Grand Prix,FP1,STR,5.0,0 days 00:02:22.030000,2.0,clear_violation,TRACK LIMITS AT TURN 2
2020,Russian Grand Prix,FP1,BOT,,,13.0,no_advantage,CAR 77 (BOT) OFF TRACK AND CONTINUED AT TURN 13
2020,Russian Grand Prix,FP1,RUS,,,13.0,no_advantage,CAR 63 (RUS) OFF TRACK AND CONTINUED AT TURN 13
2020,Russian Grand Prix,FP2,NOR,5.0,0 days 00:02:15.706000,2.0,clear_violation,TRACK LIMITS AT TURN 2
2020,Russian Grand Prix,FP2,BOT,8.0,0 days 00:02:03.260000,2.0,clear_violation,TRACK LIMITS AT TURN 2
2020,Russian Grand Prix,FP2,BOT,,,13.0,no_advantage,CAR 77 (BOT) OFF TRACK AND CONTINUED AT TURN 13
2020,Russian Grand Prix,FP2,HAM,,,13.0,no_advantage,CORRECTION - CAR 44 (HAM) OFF TRACK AND CONTINUED AT TURN 13
2020,Russian Grand Prix,FP2,BOT,,,14.0,no_advantage,CAR 77 (BOT) OFF TRACK AND CONTINUED AT TURN 14
2020,Russian Grand Prix,FP2,HAM,,,13.0,no_advantage,CAR 44 (HAM) OFF TRACK AND CONTINUED AT TURN 13
2020,Russian Grand Prix,FP2,LEC,,,17.0,no_advantage,CAR 16 (LEC) OFF TRACK AND CONTINUED AT TURN 17
2020,Russian Grand Prix,FP3,ALB,10.0,0 days 00:01:34.603000,2.0,clear_violation,TRACK LIMITS AT TURN 2
2020,Russian Grand Prix,FP3,RUS,6.0,0 days 00:01:39.506000,2.0,clear_violation,TRACK LIMITS AT TURN 2
2020,Russian Grand Prix,FP3,BOT,,,7.0,no_advantage,CAR 77 (BOT) OFF TRACK AND CONTINUED AT TURN 7
2020,Russian Grand Prix,FP3,LEC,,,2.0,no_advantage,CAR 16 (LEC) OFF TRACK AND CONTINUED AT TURN 2
2020,Russian Grand Prix,FP3,RUS,,,2.0,no_advantage,CAR 63 (RUS) OFF TRACK AND CONTINUED AT TURN 2
2020,Russian Grand Prix,FP3,ALB,,,2.0,no_advantage,CAR 23 (ALB) OFF TRACK AND CONTINUED AT TURN 2
2020,Russian Grand Prix,Q,HAM,2.0,0 days 00:01:34.265000,2.0,clear_violation,TRACK LIMITS AT TURN 2
2020,Russian Grand Prix,Q,HAM,7.0,0 days 00:01:32.085000,18.0,clear_violation,TRACK LIMITS AT TURN 18
2020,Russian Grand Prix,Q,GAS,2.0,0 days 00:02:22.558000,2.0,clear_violation,TRACK LIMITS AT TURN 2
2020,Russian Grand Prix,Q,GRO,2.0,0 days 00:01:34.980000,2.0,clear_violation,TRACK LIMITS AT TURN 2
2020,Russian Grand Prix,Q,MAG,2.0,0 days 00:01:55.588000,2.0,clear_violation,TRACK LIMITS AT TURN 2
2020,Russian Grand Prix,Q,HAM,,,2.0,no_advantage,CAR 44 (HAM) OFF TRACK AND CONTINUED AT TURN 2
2020,Russian Grand Prix,Q,GRO,,,2.0,no_advantage,CAR 8 (GRO) OFF TRACK AND CONTINUED AT TURN 2
2020,Russian Grand Prix,Q,MAG,,,2.0,no_advantage,CAR 20 (MAG) OFF TRACK AND CONTINUED AT TURN 2
2020,Russian Grand Prix,Q,GAS,,,2.0,no_advantage,CAR 10 (GAS) OFF TRACK AND CONTINUED AT TURN 2
2020,Russian Grand Prix,Q,LAT,,,2.0,no_advantage,CAR 6 (LAT) OFF TRACK AND CONTINUED AT TURN 2
2020,Russian Grand Prix,Q,HAM,,,18.0,no_advantage,CAR 44 (HAM) OFF TRACK AND CONTINUED AT TURN 18
2020,Russian Grand Prix,R,RIC,25.0,0 days 00:01:41.123000,2.0,clear_violation,TRACK LIMITS AT TURN 2
2020,Russian Grand Prix,R,ALB,50.0,0 days 00:01:40.144000,2.0,clear_violation,TRACK LIMITS AT TURN 2
2020,Russian Grand Prix,R,GRO,39.0,0 days 00:01:43.656000,2.0,clear_violation,TRACK LIMITS AT TURN 2
2020,Russian Grand Prix,R,GRO,41.0,0 days 00:01:45.760000,2.0,clear_violation,TRACK LIMITS AT TURN 2
2020,Russian Grand Prix,R,GRO,47.0,0 days 00:01:41.542000,2.0,clear_violation,TRACK LIMITS AT TURN 2
2020,Russian Grand Prix,R,LEC,,,4.0,no_advantage,TURN 4 INCIDENT INVOLVING CARS 16 (LEC) AND 18 (STR) - NO INVESTIGATION NECESSARY
2020,Russian Grand Prix,R,PER,,,2.0,no_advantage,TURN 2 INCIDENT INVOLVING CAR 11 (PER) - NO INVESTIGATION NECESSARY
2020,Russian Grand Prix,R,RIC,,,2.0,no_advantage,CAR 3 (RIC) OFF TRACK AND CONTINUED AT TURN 2
2020,Russian Grand Prix,R,GRO,,,2.0,no_advantage,CAR 8 (GRO) OFF TRACK AND CONTINUED AT TURN 2
2020,Russian Grand Prix,R,ALB,,,2.0,no_advantage,CAR 23 (ALB) OFF TRACK AND CONTINUED AT TURN 2
2020,Eifel Grand Prix,FP3,NOR,9.0,0 days 00:01:29.363000,4.0,clear_violation,TRACK LIMITS AT TURN 4
2020,Eifel Grand Prix,FP3,VET,5.0,0 days 00:01:35.129000,13.0,clear_violation,TRACK LIMITS AT TURN 13
2020,Eifel Grand Prix,FP3,VET,7.0,0 days 00:01:33.876000,4.0,clear_violation,TRACK LIMITS AT TURN 4
2020,Eifel Grand Prix,FP3,RAI,8.0,0 days 00:01:33.354000,4.0,clear_violation,TRACK LIMITS AT TURN 4
2020,Eifel Grand Prix,FP3,RAI,22.0,0 days 00:01:28.748000,4.0,clear_violation,TRACK LIMITS AT TURN 4
2020,Eifel Grand Prix,FP3,GAS,5.0,0 days 00:01:32.596000,4.0,clear_violation,TRACK LIMITS AT TURN 4
2020,Eifel Grand Prix,FP3,PER,16.0,0 days 00:01:32.881000,4.0,clear_violation,TRACK LIMITS AT TURN 4
2020,Eifel Grand Prix,FP3,LEC,6.0,0 days 00:01:39.692000,4.0,clear_violation,TRACK LIMITS AT TURN 4
2020,Eifel Grand Prix,FP3,MAG,6.0,0 days 00:01:36.761000,13.0,clear_violation,TRACK LIMITS AT TURN 13
2020,Eifel Grand Prix,FP3,ALB,14.0,0 days 00:01:28.228000,4.0,clear_violation,TRACK LIMITS AT TURN 4
2020,Eifel Grand Prix,FP3,OCO,2.0,0 days 00:01:36.121000,13.0,clear_violation,TRACK LIMITS AT TURN 13
2020,Eifel Grand Prix,FP3,VER,2.0,0 days 00:01:31.739000,4.0,clear_violation,TRACK LIMITS AT TURN 4
2020,Eifel Grand Prix,FP3,SAI,7.0,0 days 00:01:33.842000,4.0,clear_violation,TRACK LIMITS AT TURN 4
2020,Eifel Grand Prix,FP3,SAI,8.0,0 days 00:01:30.758000,4.0,clear_violation,TRACK LIMITS AT TURN 4
2020,Eifel Grand Prix,FP3,VER,,,4.0,no_advantage,CAR 33 (VER) OFF TRACK AND CONTINUED AT TURN 4
2020,Eifel Grand Prix,FP3,GAS,,,4.0,no_advantage,CAR 10 (GAS) OFF TRACK AND CONTINUED AT TURN 4
2020,Eifel Grand Prix,FP3,SAI,,,4.0,no_advantage,CAR 55 (SAI) OFF TRACK AND CONTINUED AT TURN 4
2020,Eifel Grand Prix,FP3,LEC,,,4.0,no_advantage,CAR 16 (LEC) OFF TRACK AND CONTINUED AT TURN 4
2020,Eifel Grand Prix,FP3,RAI,,,4.0,no_advantage,CAR 7 (RAI) OFF TRACK AND CONTINUED AT TURN 4
2020,Eifel Grand Prix,FP3,NOR,,,4.0,no_advantage,CAR 4 (NOR) OFF TRACK AND CONTINUED AT TURN 4
2020,Eifel Grand Prix,FP3,PER,,,4.0,no_advantage,CAR 11 (PER) OFF TRACK AND CONTINUED AT TURN 4
2020,Eifel Grand Prix,FP3,ALB,,,4.0,no_advantage,CAR 23 (ALB) OFF TRACK AND CONTINUED AT TURN 4
2020,Eifel Grand Prix,FP3,RUS,,,4.0,no_advantage,CAR 63 (RUS) OFF TRACK AND CONTINUED AT TURN 4
2020,Eifel Grand Prix,Q,GIO,2.0,0 days 00:01:28.817000,4.0,clear_violation,TRACK LIMITS AT TURN 4
2020,Eifel Grand Prix,Q,MAG,2.0,0 days 00:01:28.861000,4.0,clear_violation,TRACK LIMITS AT TURN 4
2020,Eifel Grand Prix,Q,GRO,7.0,0 days 00:01:27.118000,4.0,clear_violation,TRACK LIMITS AT TURN 4
2020,Eifel Grand Prix,Q,MAG,,,4.0,no_advantage,CAR 20 (MAG) OFF TRACK AND CONTINUED AT TURN 4
2020,Eifel Grand Prix,Q,GIO,,,4.0,no_advantage,CAR 99 (GIO) OFF TRACK AND CONTINUED AT TURN 4
2020,Eifel Grand Prix,Q,ALB,,,4.0,no_advantage,CAR 23 (ALB) OFF TRACK AND CONTINUED AT TURN 4
2020,Eifel Grand Prix,Q,GRO,,,4.0,no_advantage,CAR 8 (GRO) OFF TRACK AND CONTINUED AT TURN 4
2020,Eifel Grand Prix,R,GAS,11.0,0 days 00:01:35.552000,4.0,clear_violation,TRACK LIMITS AT TURN 4
2020,Eifel Grand Prix,R,GAS,52.0,0 days 00:01:30.522000,4.0,clear_violation,TRACK LIMITS AT TURN 4
2020,Eifel Grand Prix,R,PER,36.0,0 days 00:01:31.270000,4.0,clear_violation,TRACK LIMITS AT TURN 4
2020,Eifel Grand Prix,R,LEC,12.0,0 days 00:01:33.245000,4.0,clear_violation,TRACK LIMITS AT TURN 4
2020,Eifel Grand Prix,R,MAG,23.0,0 days 00:01:32.917000,4.0,clear_violation,TRACK LIMITS AT TURN 4
2020,Eifel Grand Prix,R,MAG,54.0,0 days 00:01:32.053000,14.0,clear_violation,TRACK LIMITS AT TURN 14
2020,Eifel Grand Prix,R,KVY,13.0,0 days 00:01:34.186000,4.0,clear_violation,TRACK LIMITS AT TURN 4
2020,Eifel Grand Prix,R,KVY,27.0,0 days 00:01:32.306000,4.0,clear_violation,TRACK LIMITS AT TURN 4
2020,Eifel Grand Prix,R,HUL,35.0,0 days 00:01:32.130000,4.0,clear_violation,TRACK LIMITS AT TURN 4
2020,Eifel Grand Prix,R,RIC,50.0,0 days 00:01:31.905000,4.0,clear_violation,TRACK LIMITS AT TURN 4
2020,Eifel Grand Prix,R,HAM,3.0,0 days 00:01:32.165000,4.0,clear_violation,TRACK LIMITS AT TURN 4
2020,Eifel Grand Prix,R,VET,55.0,0 days 00:01:32.093000,4.0,clear_violation,TRACK LIMITS AT TURN 4
2020,Eifel Grand Prix,R,VET,60.0,0 days 00:01:31.883000,4.0,clear_violation,TRACK LIMITS AT TURN 4
2020,Eifel Grand Prix,R,SAI,7.0,0 days 00:01:34.853000,4.0,clear_violation,TRACK LIMITS AT TURN 4
2020,Eifel Grand Prix,R,LAT,57.0,0 days 00:01:34.099000,4.0,clear_violation,TRACK LIMITS AT TURN 4
2020,Eifel Grand Prix,R,RAI,17.0,0 days 00:01:36.215000,4.0,clear_violation,TRACK LIMITS AT TURN 4
2020,Eifel Grand Prix,R,RAI,37.0,0 days 00:01:32.994000,4.0,clear_violation,TRACK LIMITS AT TURN 4
2020,Eifel Grand Prix,R,GRO,5.0,0 days 00:01:34.634000,4.0,clear_violation,TRACK LIMITS AT TURN 4
2020,Eifel Grand Prix,R,GRO,32.0,0 days 00:01:32.694000,4.0,clear_violation,TRACK LIMITS AT TURN 4
2020,Eifel Grand Prix,R,GRO,33.0,0 days 00:01:32.028000,4.0,clear_violation,TRACK LIMITS AT TURN 4
2020,Eifel Grand Prix,R,GIO,53.0,0 days 00:01:32.017000,4.0,clear_violation,TRACK LIMITS AT TURN 4
2020,Eifel Grand Prix,R,RIC,,,1.0,no_advantage,TURN 1 INCIDENT INVOLVING CARS 3 (RIC) AND 16 (LEC) - NO INVESTIGATION NECESSARY
2020,Eifel Grand Prix,R,RUS,,,2.0,no_advantage,CAR 63 (RUS) OFF TRACK AND CONTINUED AT TURN 2
2020,Eifel Grand Prix,R,VET,,,1.0,no_advantage,TURN 1 INCIDENT INVOLVING CARS 5 (VET) AND 20 (MAG) NOTED - NO INVESTIGATION NECESSARY
2020,Portuguese Grand Prix,FP1,RIC,25.0,0 days 00:01:29.304000,4.0,clear_violation,TRACK LIMITS AT TURN 4
2020,Portuguese Grand Prix,FP1,NOR,23.0,0 days 00:01:21.930000,4.0,clear_violation,TRACK LIMITS AT TURN 4
2020,Portuguese Grand Prix,FP1,NOR,28.0,0 days 00:01:53.687000,4.0,clear_violation,TRACK LIMITS AT TURN 4
2020,Portuguese Grand Prix,FP1,VET,6.0,0 days 00:01:29.390000,4.0,clear_violation,TRACK LIMITS AT TURN 4
2020,Portuguese Grand Prix,FP1,VET,14.0,0 days 00:01:20.030000,4.0,clear_violation,TRACK LIMITS AT TURN 4
2020,Portuguese Grand Prix,FP1,VET,22.0,0 days 00:01:25.318000,4.0,clear_violation,TRACK LIMITS AT TURN 4
2020,Portuguese Grand Prix,FP1,VET,25.0,0 days 00:01:20.427000,1.0,clear_violation,TRACK LIMITS AT TURN 1
2020,Portuguese Grand Prix,FP1,VET,33.0,0 days 00:01:21.572000,4.0,clear_violation,TRACK LIMITS AT TURN 4
2020,Portuguese Grand Prix,FP1,VET,36.0,0 days 00:01:47.794000,1.0,clear_violation,TRACK LIMITS AT TURN 1
2020,Portuguese Grand Prix,FP1,LAT,31.0,0 days 00:01:24.212000,1.0,clear_violation,TRACK LIMITS AT TURN 1
2020,Portuguese Grand Prix,FP1,RAI,6.0,0 days 00:01:24.815000,4.0,clear_violation,TRACK LIMITS AT TURN 4
2020,Portuguese Grand Prix,FP1,RAI,7.0,0 days 00:01:23.389000,4.0,clear_violation,TRACK LIMITS AT TURN 4
2020,Portuguese Grand Prix,FP1,RAI,33.0,0 days 00:01:21.264000,4.0,clear_violation,TRACK LIMITS AT TURN 4
2020,Portuguese Grand Prix,FP1,GRO,13.0,0 days 00:01:26.091000,4.0,clear_violation,TRACK LIMITS AT TURN 4
2020,Portuguese Grand Prix,FP1,GRO,18.0,0 days 00:01:21.625000,1.0,clear_violation,TRACK LIMITS AT TURN 1
2020,Portuguese Grand Prix,FP1,GRO,25.0,0 days 00:01:24.963000,1.0,clear_violation,TRACK LIMITS AT TURN 1
2020,Portuguese Grand Prix,FP1,GAS,10.0,0 days 00:01:23.661000,1.0,clear_violation,TRACK LIMITS AT TURN 1
2020,Portuguese Grand Prix,FP1,GAS,11.0,0 days 00:01:20.365000,4.0,clear_violation,TRACK LIMITS AT TURN 4
2020,Portuguese Grand Prix,FP1,GAS,22.0,0 days 00:01:22.902000,1.0,clear_violation,TRACK LIMITS AT TURN 1
2020,Portuguese Grand Prix,FP1,PER,4.0,0 days 00:01:23.696000,1.0,clear_violation,TRACK LIMITS AT TURN 1
2020,Portuguese Grand Prix,FP1,PER,11.0,0 days 00:01:21.759000,4.0,clear_violation,TRACK LIMITS AT TURN 4
2020,Portuguese Grand Prix,FP1,PER,20.0,0 days 00:01:23.283000,1.0,clear_violation,TRACK LIMITS AT TURN 1
2020,Portuguese Grand Prix,FP1,PER,21.0,0 days 00:01:22.579000,1.0,clear_violation,TRACK LIMITS AT TURN 1
2020,Portuguese Grand Prix,FP1,PER,22.0,0 days 00:01:22.367000,4.0,clear_violation,TRACK LIMITS AT TURN 4
2020,Portuguese Grand Prix,FP1,PER,25.0,0 days 00:01:23.196000,4.0,clear_violation,TRACK LIMITS AT TURN 4
2020,Portuguese Grand Prix,FP1,LEC,6.0,0 days 00:01:20.816000,1.0,clear_violation,TRACK LIMITS AT TURN 1
2020,Portuguese Grand Prix,FP1,LEC,9.0,0 days 00:01:26.317000,4.0,clear_violation,TRACK LIMITS AT TURN 4
2020,Portuguese Grand Prix,FP1,LEC,31.0,0 days 00:01:24.527000,4.0,clear_violation,TRACK LIMITS AT TURN 4
2020,Portuguese Grand Prix,FP1,STR,3.0,0 days 00:01:27.524000,4.0,clear_violation,TRACK LIMITS AT TURN 4
2020,Portuguese Grand Prix,FP1,STR,5.0,0 days 00:01:34.043000,4.0,clear_violation,TRACK LIMITS AT TURN 4
2020,Portuguese Grand Prix,FP1,STR,6.0,0 days 00:01:23.428000,4.0,clear_violation,TRACK LIMITS AT TURN 4
2020,Portuguese Grand Prix,FP1,STR,7.0,0 days 00:01:23.004000,4.0,clear_violation,TRACK LIMITS AT TURN 4
2020,Portuguese Grand Prix,FP1,STR,9.0,0 days 00:01:22.450000,4.0,clear_violation,TRACK LIMITS AT TURN 4
2020,Portuguese Grand Prix,FP1,STR,10.0,0 days 00:01:29.776000,1.0,clear_violation,TRACK LIMITS AT TURN 1
2020,Portuguese Grand Prix,FP1,STR,16.0,0 days 00:01:22.383000,1.0,clear_violation,TRACK LIMITS AT TURN 1
2020,Portuguese Grand Prix,FP1,STR,22.0,0 days 00:01:25.775000,1.0,clear_violation,TRACK LIMITS AT TURN 1
2020,Portuguese Grand Prix,FP1,STR,23.0,0 days 00:01:21.342000,1.0,clear_violation,TRACK LIMITS AT TURN 1
2020,Portuguese Grand Prix,FP1,STR,24.0,0 days 00:01:20.602000,1.0,clear_violation,TRACK LIMITS AT TURN 1
2020,Portuguese Grand Prix,FP1,STR,28.0,0 days 00:01:25.022000,1.0,clear_violation,TRACK LIMITS AT TURN 1
2020,Portuguese Grand Prix,FP1,STR,30.0,0 days 00:01:26.811000,4.0,clear_violation,TRACK LIMITS AT TURN 4
2020,Portuguese Grand Prix,FP1,ALB,5.0,0 days 00:01:23.564000,4.0,clear_violation,TRACK LIMITS AT TURN 4
2020,Portuguese Grand Prix,FP1,ALB,19.0,0 days 00:01:27.779000,4.0,clear_violation,TRACK LIMITS AT TURN 4
2020,Portuguese Grand Prix,FP1,ALB,27.0,0 days 00:01:25.709000,1.0,clear_violation,TRACK LIMITS AT TURN 1
2020,Portuguese Grand Prix,FP1,ALB,32.0,0 days 00:01:24.154000,4.0,clear_violation,TRACK LIMITS AT TURN 4
2020,Portuguese Grand Prix,FP1,ALB,33.0,0 days 00:01:48.362000,4.0,clear_violation,TRACK LIMITS AT TURN 4
2020,Portuguese Grand Prix,FP1,KVY,20.0,0 days 00:01:25.425000,1.0,clear_violation,TRACK LIMITS AT TURN 1
2020,Portuguese Grand Prix,FP1,KVY,24.0,0 days 00:01:23.396000,1.0,clear_violation,TRACK LIMITS AT TURN 1
2020,Portuguese Grand Prix,FP1,KVY,29.0,0 days 00:01:23.982000,4.0,clear_violation,TRACK LIMITS AT TURN 4
2020,Portuguese Grand Prix,FP1,OCO,8.0,0 days 00:01:22.457000,1.0,clear_violation,TRACK LIMITS AT TURN 1
2020,Portuguese Grand Prix,FP1,OCO,11.0,0 days 00:01:21.269000,1.0,clear_violation,TRACK LIMITS AT TURN 1
2020,Portuguese Grand Prix,FP1,VER,3.0,0 days 00:01:24.101000,1.0,clear_violation,TRACK LIMITS AT TURN 1
2020,Portuguese Grand Prix,FP1,HAM,27.0,0 days 00:01:23.290000,1.0,clear_violation,TRACK LIMITS AT TURN 1
2020,Portuguese Grand Prix,FP1,HAM,28.0,0 days 00:01:21.644000,1.0,clear_violation,TRACK LIMITS AT TURN 1
2020,Portuguese Grand Prix,FP1,SAI,3.0,0 days 00:01:24.452000,4.0,clear_violation,TRACK LIMITS AT TURN 4
2020,Portuguese Grand Prix,FP1,SAI,4.0,0 days 00:01:26.948000,1.0,clear_violation,TRACK LIMITS AT TURN 1
2020,Portuguese Grand Prix,FP1,SAI,15.0,0 days 00:01:21.928000,4.0,clear_violation,TRACK LIMITS AT TURN 4
2020,Portuguese Grand Prix,FP1,SAI,20.0,0 days 00:01:31.194000,4.0,clear_violation,TRACK LIMITS AT TURN 4
2020,Portuguese Grand Prix,FP1,SAI,27.0,0 days 00:01:30.465000,4.0,clear_violation,TRACK LIMITS AT TURN 4
2020,Portuguese Grand Prix,FP1,SAI,34.0,0 days 00:01:22.553000,1.0,clear_violation,TRACK LIMITS AT TURN 1
2020,Portuguese Grand Prix,FP1,SAI,40.0,0 days 00:01:26.568000,4.0,clear_violation,TRACK LIMITS AT TURN 4
2020,Portuguese Grand Prix,FP1,RUS,28.0,0 days 00:01:23.546000,1.0,clear_violation,TRACK LIMITS AT TURN 1
2020,Portuguese Grand Prix,FP1,BOT,27.0,0 days 00:01:21.899000,1.0,clear_violation,TRACK LIMITS AT TURN 1
2020,Portuguese Grand Prix,FP1,BOT,32.0,0 days 00:01:24.677000,4.0,clear_violation,TRACK LIMITS AT TURN 4
2020,Portuguese Grand Prix,FP1,GIO,23.0,0 days 00:01:32.135000,4.0,clear_violation,TRACK LIMITS AT TURN 4
2020,Portuguese Grand Prix,FP1,GIO,,,1.0,no_advantage,CAR 99 (GIO) OFF TRACK AND CONTINUED AT TURN 1
2020,Portuguese Grand Prix,FP1,LAT,,,1.0,no_advantage,CAR 6 (LAT) OFF TRACK AND CONTINUED AT TURN 1
2020,Portuguese Grand Prix,FP2,RIC,16.0,0 days 00:01:22.343000,4.0,clear_violation,TRACK LIMITS AT TURN 4
2020,Portuguese Grand Prix,FP2,NOR,6.0,0 days 00:01:23.259000,4.0,clear_violation,TRACK LIMITS AT TURN 4
2020,Portuguese Grand Prix,FP2,NOR,7.0,0 days 00:01:22.581000,4.0,clear_violation,TRACK LIMITS AT TURN 4
2020,Portuguese Grand Prix,FP2,NOR,29.0,0 days 00:01:21.187000,4.0,clear_violation,TRACK LIMITS AT TURN 4
2020,Portuguese Grand Prix,FP2,VET,7.0,0 days 00:01:23.839000,4.0,clear_violation,TRACK LIMITS AT TURN 4
2020,Portuguese Grand Prix,FP2,VET,12.0,0 days 00:01:24.535000,1.0,clear_violation,TRACK LIMITS AT TURN 1
2020,Portuguese Grand Prix,FP2,LAT,15.0,0 days 00:01:25.529000,1.0,clear_violation,TRACK LIMITS AT TURN 1
2020,Portuguese Grand Prix,FP2,LAT,17.0,0 days 00:01:24.321000,4.0,clear_violation,TRACK LIMITS AT TURN 4
2020,Portuguese Grand Prix,FP2,RAI,5.0,0 days 00:01:24.767000,4.0,clear_violation,TRACK LIMITS AT TURN 4
2020,Portuguese Grand Prix,FP2,RAI,9.0,0 days 00:01:22.927000,4.0,clear_violation,TRACK LIMITS AT TURN 4
2020,Portuguese Grand Prix,FP2,RAI,13.0,0 days 00:01:23.267000,4.0,clear_violation,TRACK LIMITS AT TURN 4
2020,Portuguese Grand Prix,FP2,RAI,30.0,0 days 00:01:23.955000,4.0,clear_violation,TRACK LIMITS AT TURN 4
2020,Portuguese Grand Prix,FP2,GRO,4.0,0 days 00:01:24.165000,4.0,clear_violation,TRACK LIMITS AT TURN 4
2020,Portuguese Grand Prix,FP2,GRO,12.0,0 days 00:01:25.006000,1.0,clear_violation,TRACK LIMITS AT TURN 1
2020,Portuguese Grand Prix,FP2,GRO,13.0,0 days 00:01:23.870000,4.0,clear_violation,TRACK LIMITS AT TURN 4
2020,Portuguese Grand Prix,FP2,GRO,14.0,0 days 00:01:23.631000,2.0,clear_violation,TRACK LIMITS AT TURN 2
2020,Portuguese Grand Prix,FP2,GRO,15.0,0 days 00:01:27.485000,1.0,clear_violation,TRACK LIMITS AT TURN 1
2020,Portuguese Grand Prix,FP2,GRO,19.0,0 days 00:01:22.794000,4.0,clear_violation,TRACK LIMITS AT TURN 4
2020,Portuguese Grand Prix,FP2,GRO,26.0,0 days 00:01:24.225000,4.0,clear_violation,TRACK LIMITS AT TURN 4
2020,Portuguese Grand Prix,FP2,GRO,27.0,0 days 00:01:24.225000,4.0,clear_violation,TRACK LIMITS AT TURN 4
2020,Portuguese Grand Prix,FP2,GAS,4.0,0 days 00:01:26.739000,4.0,clear_violation,TRACK LIMITS AT TURN 4
2020,Portuguese Grand Prix,FP2,GAS,6.0,0 days 00:01:23.097000,4.0,clear_violation,TRACK LIMITS AT TURN 4
2020,Portuguese Grand Prix,FP2,GAS,9.0,0 days 00:01:23.169000,4.0,clear_violation,TRACK LIMITS AT TURN 4
2020,Portuguese Grand Prix,FP2,GAS,19.0,0 days 00:01:20.037000,4.0,clear_violation,TRACK LIMITS AT TURN 4
2020,Portuguese Grand Prix,FP2,PER,20.0,0 days 00:01:22.895000,4.0,clear_violation,TRACK LIMITS AT TURN 4
2020,Portuguese Grand Prix,FP2,PER,21.0,0 days 00:01:20.819000,4.0,clear_violation,TRACK LIMITS AT TURN 4
2020,Portuguese Grand Prix,FP2,LEC,5.0,0 days 00:01:27.265000,4.0,clear_violation,TRACK LIMITS AT TURN 4
2020,Portuguese Grand Prix,FP2,STR,10.0,0 days 00:01:23.203000,4.0,clear_violation,TRACK LIMITS AT TURN 4
2020,Portuguese Grand Prix,FP2,STR,20.0,0 days 00:01:25.872000,4.0,clear_violation,TRACK LIMITS AT TURN 4
2020,Portuguese Grand Prix,FP2,STR,22.0,0 days 00:01:20.531000,4.0,clear_violation,TRACK LIMITS AT TURN 4
2020,Portuguese Grand Prix,FP2,MAG,5.0,0 days 00:01:23.777000,4.0,clear_violation,TRACK LIMITS AT TURN 4
2020,Portuguese Grand Prix,FP2,MAG,26.0,0 days 00:01:25.361000,4.0,clear_violation,TRACK LIMITS AT TURN 4
2020,Portuguese Grand Prix,FP2,ALB,2.0,0 days 00:01:24.781000,4.0,clear_violation,TRACK LIMITS AT TURN 4
2020,Portuguese Grand Prix,FP2,ALB,3.0,0 days 00:01:24.280000,4.0,clear_violation,TRACK LIMITS AT TURN 4
2020,Portuguese Grand Prix,FP2,ALB,4.0,0 days 00:01:23.849000,1.0,clear_violation,TRACK LIMITS AT TURN 1
2020,Portuguese Grand Prix,FP2,ALB,12.0,0 days 00:01:23.006000,1.0,clear_violation,TRACK LIMITS AT TURN 1
2020,Portuguese Grand Prix,FP2,ALB,15.0,0 days 00:01:23.281000,1.0,clear_violation,TRACK LIMITS AT TURN 1
2020,Portuguese Grand Prix,FP2,ALB,19.0,0 days 00:01:35.083000,1.0,clear_violation,TRACK LIMITS AT TURN 1
2020,Portuguese Grand Prix,FP2,ALB,20.0,0 days 00:01:19.992000,1.0,clear_violation,TRACK LIMITS AT TURN 1
2020,Portuguese Grand Prix,FP2,ALB,28.0,0 days 00:01:32.736000,4.0,clear_violation,TRACK LIMITS AT TURN 4
2020,Portuguese Grand Prix,FP2,ALB,31.0,0 days 00:01:29.841000,4.0,clear_violation,TRACK LIMITS AT TURN 4
2020,Portuguese Grand Prix,FP2,ALB,32.0,0 days 00:01:20.473000,4.0,clear_violation,TRACK LIMITS AT TURN 4
2020,Portuguese Grand Prix,FP2,KVY,8.0,0 days 00:01:23.070000,4.0,clear_violation,TRACK LIMITS AT TURN 4
2020,Portuguese Grand Prix,FP2,KVY,12.0,0 days 00:01:23.420000,1.0,clear_violation,TRACK LIMITS AT TURN 1
2020,Portuguese Grand Prix,FP2,KVY,15.0,0 days 00:01:22.858000,4.0,clear_violation,TRACK LIMITS AT TURN 4
2020,Portuguese Grand Prix,FP2,KVY,29.0,0 days 00:01:19.940000,4.0,clear_violation,TRACK LIMITS AT TURN 4
2020,Portuguese Grand Prix,FP2,OCO,14.0,0 days 00:01:23.072000,1.0,clear_violation,TRACK LIMITS AT TURN 1
2020,Portuguese Grand Prix,FP2,VER,13.0,0 days 00:01:22.277000,1.0,clear_violation,TRACK LIMITS AT TURN 1
2020,Portuguese Grand Prix,FP2,HAM,24.0,0 days 00:01:22.247000,4.0,clear_violation,TRACK LIMITS AT TURN 4
2020,Portuguese Grand Prix,FP2,SAI,2.0,0 days 00:01:23.875000,1.0,clear_violation,TRACK LIMITS AT TURN 1
2020,Portuguese Grand Prix,FP2,SAI,17.0,0 days 00:01:23.425000,4.0,clear_violation,TRACK LIMITS AT TURN 4
2020,Portuguese Grand Prix,FP2,SAI,21.0,0 days 00:01:23.059000,4.0,clear_violation,TRACK LIMITS AT TURN 4
2020,Portuguese Grand Prix,FP2,SAI,27.0,0 days 00:01:19.112000,4.0,clear_violation,TRACK LIMITS AT TURN 4
2020,Portuguese Grand Prix,FP2,RUS,7.0,0 days 00:01:23.608000,4.0,clear_violation,TRACK LIMITS AT TURN 4
2020,Portuguese Grand Prix,FP2,RUS,8.0,0 days 00:01:23.634000,4.0,clear_violation,TRACK LIMITS AT TURN 4
2020,Portuguese Grand Prix,FP2,GIO,22.0,0 days 00:01:20.665000,4.0,clear_violation,TRACK LIMITS AT TURN 4
2020,Portuguese Grand Prix,FP2,GIO,25.0,0 days 00:01:26.033000,4.0,clear_violation,TRACK LIMITS AT TURN 4
2020,Portuguese Grand Prix,FP2,GIO,28.0,0 days 00:01:23.470000,4.0,clear_violation,TRACK LIMITS AT TURN 4
2020,Portuguese Grand Prix,FP2,GIO,30.0,0 days 00:01:24.328000,4.0,clear_violation,TRACK LIMITS AT TURN 4
2020,Portuguese Grand Prix,FP2,GIO,31.0,0 days 00:01:23.377000,4.0,clear_violation,TRACK LIMITS AT TURN 4
2020,Portuguese Grand Prix,FP2,GIO,32.0,0 days 00:01:23.079000,4.0,clear_violation,TRACK LIMITS AT TURN 4
2020,Portuguese Grand Prix,FP3,NOR,13.0,0 days 00:01:29.034000,1.0,clear_violation,TRACK LIMITS AT TURN 1
2020,Portuguese Grand Prix,FP3,LAT,3.0,0 days 00:01:20.110000,1.0,clear_violation,TRACK LIMITS AT TURN 1
2020,Portuguese Grand Prix,FP3,RAI,4.0,0 days 00:01:18.590000,1.0,clear_violation,TRACK LIMITS AT TURN 1
2020,Portuguese Grand Prix,FP3,GRO,5.0,0 days 00:01:18.584000,1.0,clear_violation,TRACK LIMITS AT TURN 1
2020,Portuguese Grand Prix,FP3,GRO,9.0,0 days 00:01:18.517000,1.0,clear_violation,TRACK LIMITS AT TURN 1
2020,Portuguese Grand Prix,FP3,GRO,11.0,0 days 00:01:18.132000,4.0,clear_violation,TRACK LIMITS AT TURN 4
2020,Portuguese Grand Prix,FP3,GRO,16.0,0 days 00:01:18.484000,1.0,clear_violation,TRACK LIMITS AT TURN 1
2020,Portuguese Grand Prix,FP3,GRO,18.0,0 days 00:01:18.666000,1.0,clear_violation,TRACK LIMITS AT TURN 1
2020,Portuguese Grand Prix,FP3,GAS,11.0,0 days 00:01:20.301000,1.0,clear_violation,TRACK LIMITS AT TURN 1
2020,Portuguese Grand Prix,FP3,GAS,12.0,0 days 00:01:20.731000,4.0,clear_violation,TRACK LIMITS AT TURN 4
2020,Portuguese Grand Prix,FP3,GAS,20.0,0 days 00:01:41.449000,1.0,clear_violation,TRACK LIMITS AT TURN 1
2020,Portuguese Grand Prix,FP3,STR,14.0,0 days 00:01:18.090000,1.0,clear_violation,TRACK LIMITS AT TURN 1
2020,Portuguese Grand Prix,FP3,MAG,10.0,0 days 00:01:44.758000,1.0,clear_violation,TRACK LIMITS AT TURN 1
2020,Portuguese Grand Prix,FP3,ALB,7.0,0 days 00:01:17.179000,1.0,clear_violation,TRACK LIMITS AT TURN 1
2020,Portuguese Grand Prix,FP3,ALB,12.0,0 days 00:01:16.949000,1.0,clear_violation,TRACK LIMITS AT TURN 1
2020,Portuguese Grand Prix,FP3,KVY,16.0,0 days 00:01:19.739000,1.0,clear_violation,TRACK LIMITS AT TURN 1
2020,Portuguese Grand Prix,FP3,KVY,19.0,0 days 00:01:21.438000,4.0,clear_violation,TRACK LIMITS AT TURN 4
2020,Portuguese Grand Prix,FP3,OCO,16.0,0 days 00:01:18.129000,1.0,clear_violation,TRACK LIMITS AT TURN 1
2020,Portuguese Grand Prix,FP3,VER,7.0,0 days 00:01:16.659000,1.0,clear_violation,TRACK LIMITS AT TURN 1
2020,Portuguese Grand Prix,FP3,SAI,3.0,0 days 00:01:25.963000,1.0,clear_violation,TRACK LIMITS AT TURN 1
2020,Portuguese Grand Prix,FP3,SAI,20.0,0 days 00:01:18.409000,1.0,clear_violation,TRACK LIMITS AT TURN 1
2020,Portuguese Grand Prix,FP3,RUS,3.0,0 days 00:01:19.311000,1.0,clear_violation,TRACK LIMITS AT TURN 1
2020,Portuguese Grand Prix,FP3,BOT,17.0,0 days 00:01:21.198000,1.0,clear_violation,TRACK LIMITS AT TURN 1
2020,Portuguese Grand Prix,FP3,GIO,8.0,0 days 00:01:18.371000,1.0,clear_violation,TRACK LIMITS AT TURN 1
2020,Portuguese Grand Prix,FP3,RUS,,,5.0,no_advantage,CAR 63 (RUS) OFF TRACK AND CONTINUED AT TURN 5
2020,Portuguese Grand Prix,FP3,HAM,,,8.0,no_advantage,CAR 44 (HAM) OFF TRACK AND CONTINUED AT TURN 8
2020,Portuguese Grand Prix,Q,VER,4.0,0 days 00:01:30.021000,1.0,clear_violation,TRACK LIMITS AT TURN 1
2020,Portuguese Grand Prix,Q,STR,11.0,0 days 00:01:17.476000,1.0,clear_violation,TRACK LIMITS AT TURN 1
2020,Portuguese Grand Prix,Q,KVY,9.0,0 days 00:01:17.878000,4.0,clear_violation,TRACK LIMITS AT TURN 4
2020,Portuguese Grand Prix,Q,VET,5.0,0 days 00:01:17.914000,1.0,clear_violation,TRACK LIMITS AT TURN 1
2020,Portuguese Grand Prix,Q,LAT,5.0,0 days 00:01:18.494000,1.0,clear_violation,TRACK LIMITS AT TURN 1
2020,Portuguese Grand Prix,R,BOT,20.0,0 days 00:01:22.596000,4.0,clear_violation,TRACK LIMITS AT TURN 4
2020,Portuguese Grand Prix,R,BOT,35.0,0 days 00:01:21.538000,4.0,clear_violation,TRACK LIMITS AT TURN 4
2020,Portuguese Grand Prix,R,VER,7.0,0 days 00:01:24.232000,4.0,clear_violation,TRACK LIMITS AT TURN 4
2020,Portuguese Grand Prix,R,GAS,11.0,0 days 00:01:22.551000,1.0,clear_violation,TRACK LIMITS AT TURN 1
2020,Portuguese Grand Prix,R,GAS,15.0,0 days 00:01:23.016000,1.0,clear_violation,TRACK LIMITS AT TURN 1
2020,Portuguese Grand Prix,R,SAI,32.0,0 days 00:01:23.907000,1.0,clear_violation,TRACK LIMITS AT TURN 1
2020,Portuguese Grand Prix,R,OCO,2.0,0 days 00:01:29.961000,1.0,clear_violation,TRACK LIMITS AT TURN 1
2020,Portuguese Grand Prix,R,VET,54.0,0 days 00:01:21.575000,1.0,clear_violation,TRACK LIMITS AT TURN 1
2020,Portuguese Grand Prix,R,RAI,30.0,0 days 00:01:23.639000,4.0,clear_violation,TRACK LIMITS AT TURN 4
2020,Portuguese Grand Prix,R,RAI,56.0,0 days 00:01:21.461000,4.0,clear_violation,TRACK LIMITS AT TURN 4
2020,Portuguese Grand Prix,R,ALB,2.0,0 days 00:01:31.533000,1.0,clear_violation,TRACK LIMITS AT TURN 1
2020,Portuguese Grand Prix,R,ALB,49.0,0 days 00:01:20.997000,1.0,clear_violation,TRACK LIMITS AT TURN 1
2020,Portuguese Grand Prix,R,NOR,32.0,0 days 00:01:23.682000,4.0,clear_violation,TRACK LIMITS AT TURN 4
2020,Portuguese Grand Prix,R,NOR,48.0,0 days 00:01:21.092000,4.0,clear_violation,TRACK LIMITS AT TURN 4
2020,Portuguese Grand Prix,R,NOR,53.0,0 days 00:01:21.667000,1.0,clear_violation,TRACK LIMITS AT TURN 1
2020,Portuguese Grand Prix,R,RUS,16.0,0 days 00:01:23.904000,1.0,clear_violation,TRACK LIMITS AT TURN 1
2020,Portuguese Grand Prix,R,GIO,47.0,0 days 00:01:22.953000,4.0,clear_violation,TRACK LIMITS AT TURN 4
2020,Portuguese Grand Prix,R,MAG,9.0,0 days 00:01:24.188000,4.0,clear_violation,TRACK LIMITS AT TURN 4
2020,Portuguese Grand Prix,R,MAG,25.0,0 days 00:01:23.614000,4.0,clear_violation,TRACK LIMITS AT TURN 4
2020,Portuguese Grand Prix,R,MAG,38.0,0 days 00:01:23.472000,1.0,clear_violation,TRACK LIMITS AT TURN 1
2020,Portuguese Grand Prix,R,GRO,12.0,0 days 00:01:24.391000,1.0,clear_violation,TRACK LIMITS AT TURN 1
2020,Portuguese Grand Prix,R,GRO,24.0,0 days 00:01:23.430000,4.0,clear_violation,TRACK LIMITS AT TURN 4
2020,Portuguese Grand Prix,R,GRO,28.0,0 days 00:01:23.814000,4.0,clear_violation,TRACK LIMITS AT TURN 4
2020,Portuguese Grand Prix,R,GRO,30.0,0 days 00:01:24.050000,1.0,clear_violation,TRACK LIMITS AT TURN 1
2020,Portuguese Grand Prix,R,GRO,39.0,0 days 00:01:22.565000,1.0,clear_violation,TRACK LIMITS AT TURN 1
2020,Portuguese Grand Prix,R,LAT,17.0,0 days 00:01:23.896000,4.0,clear_violation,TRACK LIMITS AT TURN 4
2020,Portuguese Grand Prix,R,LAT,38.0,0 days 00:01:25.975000,1.0,clear_violation,TRACK LIMITS AT TURN 1
2020,Portuguese Grand Prix,R,LAT,49.0,0 days 00:01:22.337000,1.0,clear_violation,TRACK LIMITS AT TURN 1
2020,Portuguese Grand Prix,R,LAT,50.0,0 days 00:01:22.415000,1.0,clear_violation,TRACK LIMITS AT TURN 1
2020,Portuguese Grand Prix,R,KVY,32.0,0 days 00:01:22.594000,1.0,clear_violation,TRACK LIMITS AT TURN 1
2020,Portuguese Grand Prix,R,KVY,33.0,0 days 00:01:22.440000,1.0,clear_violation,TRACK LIMITS AT TURN 1
2020,Portuguese Grand Prix,R,KVY,35.0,0 days 00:01:22.300000,1.0,clear_violation,TRACK LIMITS AT TURN 1
2020,Portuguese Grand Prix,R,KVY,37.0,0 days 00:01:22.708000,1.0,clear_violation,TRACK LIMITS AT TURN 1
2020,Portuguese Grand Prix,R,KVY,52.0,0 days 00:01:22.300000,1.0,clear_violation,TRACK LIMITS AT TURN 1
2020,Portuguese Grand Prix,R,STR,2.0,0 days 00:01:29.459000,1.0,clear_violation,TRACK LIMITS AT TURN 1
2020,Portuguese Grand Prix,R,STR,6.0,0 days 00:01:23.860000,4.0,clear_violation,TRACK LIMITS AT TURN 4
2020,Portuguese Grand Prix,R,STR,27.0,0 days 00:01:23.935000,1.0,clear_violation,TRACK LIMITS AT TURN 1
2020,Portuguese Grand Prix,R,PER,,,4.0,no_advantage,TURN 4 INCIDENT INVOLVING CARS 11 (PER) AND 33 (VER) - NO INVESTIGATION NECESSARY
2020,Emilia Romagna Grand Prix,FP1,RIC,5.0,0 days 00:01:19.119000,15.0,clear_violation,TRACK LIMITS AT TURN 15
2020,Emilia Romagna Grand Prix,FP1,RIC,13.0,0 days 00:01:16.641000,15.0,clear_violation,TRACK LIMITS AT TURN 15
2020,Emilia Romagna Grand Prix,FP1,NOR,3.0,0 days 00:01:21.192000,15.0,clear_violation,TRACK LIMITS AT TURN 15
2020,Emilia Romagna Grand Prix,FP1,NOR,4.0,0 days 00:01:19.875000,15.0,clear_violation,TRACK LIMITS AT TURN 15
2020,Emilia Romagna Grand Prix,FP1,NOR,36.0,0 days 00:01:15.856000,9.0,clear_violation,TRACK LIMITS AT TURN 9
2020,Emilia Romagna Grand Prix,FP1,NOR,38.0,0 days 00:01:21.369000,9.0,clear_violation,TRACK LIMITS AT TURN 9
2020,Emilia Romagna Grand Prix,FP1,VET,15.0,0 days 00:01:17.271000,15.0,clear_violation,TRACK LIMITS AT TURN 15
2020,Emilia Romagna Grand Prix,FP1,VET,22.0,0 days 00:01:20.503000,10.0,clear_violation,TRACK LIMITS AT TURN 10
2020,Emilia Romagna Grand Prix,FP1,VET,23.0,0 days 00:01:20.545000,9.0,clear_violation,TRACK LIMITS AT TURN 9
2020,Emilia Romagna Grand Prix,FP1,VET,28.0,0 days 00:01:20.444000,9.0,clear_violation,TRACK LIMITS AT TURN 9
2020,Emilia Romagna Grand Prix,FP1,LAT,3.0,0 days 00:01:21.702000,15.0,clear_violation,TRACK LIMITS AT TURN 15
2020,Emilia Romagna Grand Prix,FP1,RAI,22.0,0 days 00:01:21.123000,9.0,clear_violation,TRACK LIMITS AT TURN 9
2020,Emilia Romagna Grand Prix,FP1,GRO,17.0,0 days 00:01:16.998000,15.0,clear_violation,TRACK LIMITS AT TURN 15
2020,Emilia Romagna Grand Prix,FP1,GRO,28.0,0 days 00:01:21.040000,15.0,clear_violation,TRACK LIMITS AT TURN 15
2020,Emilia Romagna Grand Prix,FP1,GAS,3.0,0 days 00:01:18.827000,9.0,clear_violation,TRACK LIMITS AT TURN 9
2020,Emilia Romagna Grand Prix,FP1,GAS,4.0,0 days 00:01:26.642000,9.0,clear_violation,TRACK LIMITS AT TURN 9
2020,Emilia Romagna Grand Prix,FP1,GAS,5.0,0 days 00:01:18.162000,9.0,clear_violation,TRACK LIMITS AT TURN 9
2020,Emilia Romagna Grand Prix,FP1,GAS,7.0,0 days 00:01:17.069000,9.0,clear_violation,TRACK LIMITS AT TURN 9
2020,Emilia Romagna Grand Prix,FP1,GAS,9.0,0 days 00:01:16.761000,15.0,clear_violation,TRACK LIMITS AT TURN 15
2020,Emilia Romagna Grand Prix,FP1,GAS,32.0,0 days 00:01:18.531000,9.0,clear_violation,TRACK LIMITS AT TURN 9
2020,Emilia Romagna Grand Prix,FP1,PER,4.0,0 days 00:01:19.181000,15.0,clear_violation,TRACK LIMITS AT TURN 15
2020,Emilia Romagna Grand Prix,FP1,PER,6.0,0 days 00:01:18.769000,15.0,clear_violation,TRACK LIMITS AT TURN 15
2020,Emilia Romagna Grand Prix,FP1,LEC,5.0,0 days 00:01:18.503000,15.0,clear_violation,TRACK LIMITS AT TURN 15
2020,Emilia Romagna Grand Prix,FP1,LEC,9.0,0 days 00:01:17.580000,15.0,clear_violation,TRACK LIMITS AT TURN 15
2020,Emilia Romagna Grand Prix,FP1,LEC,18.0,0 days 00:01:16.720000,15.0,clear_violation,TRACK LIMITS AT TURN 15
2020,Emilia Romagna Grand Prix,FP1,LEC,29.0,0 days 00:01:21.117000,15.0,clear_violation,TRACK LIMITS AT TURN 15
2020,Emilia Romagna Grand Prix,FP1,STR,18.0,0 days 00:01:17.406000,15.0,clear_violation,TRACK LIMITS AT TURN 15
2020,Emilia Romagna Grand Prix,FP1,STR,35.0,0 days 00:01:22.571000,15.0,clear_violation,TRACK LIMITS AT TURN 15
2020,Emilia Romagna Grand Prix,FP1,MAG,13.0,0 days 00:01:18.370000,15.0,clear_violation,TRACK LIMITS AT TURN 15
2020,Emilia Romagna Grand Prix,FP1,MAG,14.0,0 days 00:01:17.840000,9.0,clear_violation,TRACK LIMITS AT TURN 9
2020,Emilia Romagna Grand Prix,FP1,MAG,30.0,0 days 00:01:21.239000,9.0,clear_violation,TRACK LIMITS AT TURN 9
2020,Emilia Romagna Grand Prix,FP1,MAG,38.0,0 days 00:01:24.385000,15.0,clear_violation,TRACK LIMITS AT TURN 15
2020,Emilia Romagna Grand Prix,FP1,ALB,8.0,0 days 00:01:17.558000,15.0,clear_violation,TRACK LIMITS AT TURN 15
2020,Emilia Romagna Grand Prix,FP1,ALB,10.0,0 days 00:01:17.383000,15.0,clear_violation,TRACK LIMITS AT TURN 15
2020,Emilia Romagna Grand Prix,FP1,ALB,14.0,0 days 00:01:17.102000,9.0,clear_violation,TRACK LIMITS AT TURN 9
2020,Emilia Romagna Grand Prix,FP1,ALB,19.0,0 days 00:01:16.118000,9.0,clear_violation,TRACK LIMITS AT TURN 9
2020,Emilia Romagna Grand Prix,FP1,ALB,26.0,0 days 00:01:15.953000,15.0,clear_violation,TRACK LIMITS AT TURN 15
2020,Emilia Romagna Grand Prix,FP1,KVY,2.0,0 days 00:01:19.521000,15.0,clear_violation,TRACK LIMITS AT TURN 15
2020,Emilia Romagna Grand Prix,FP1,KVY,4.0,0 days 00:01:17.815000,9.0,clear_violation,TRACK LIMITS AT TURN 9
2020,Emilia Romagna Grand Prix,FP1,KVY,11.0,0 days 00:01:16.913000,9.0,clear_violation,TRACK LIMITS AT TURN 9
2020,Emilia Romagna Grand Prix,FP1,KVY,23.0,0 days 00:01:18.637000,9.0,clear_violation,TRACK LIMITS AT TURN 9
2020,Emilia Romagna Grand Prix,FP1,KVY,30.0,0 days 00:01:16.782000,15.0,clear_violation,TRACK LIMITS AT TURN 15
2020,Emilia Romagna Grand Prix,FP1,OCO,16.0,0 days 00:01:16.417000,15.0,clear_violation,TRACK LIMITS AT TURN 15
2020,Emilia Romagna Grand Prix,FP1,VER,2.0,0 days 00:01:23.319000,15.0,clear_violation,TRACK LIMITS AT TURN 15
2020,Emilia Romagna Grand Prix,FP1,VER,4.0,0 days 00:01:17.841000,15.0,clear_violation,TRACK LIMITS AT TURN 15
2020,Emilia Romagna Grand Prix,FP1,VER,36.0,0 days 00:01:18.935000,9.0,clear_violation,TRACK LIMITS AT TURN 9
2020,Emilia Romagna Grand Prix,FP1,HAM,5.0,0 days 00:01:19.481000,15.0,clear_violation,TRACK LIMITS AT TURN 15
2020,Emilia Romagna Grand Prix,FP1,HAM,39.0,0 days 00:01:23.859000,15.0,clear_violation,TRACK LIMITS AT TURN 15
2020,Emilia Romagna Grand Prix,FP1,SAI,18.0,0 days 00:01:20.650000,9.0,clear_violation,TRACK LIMITS AT TURN 9
2020,Emilia Romagna Grand Prix,FP1,SAI,22.0,0 days 00:01:15.730000,15.0,clear_violation,TRACK LIMITS AT TURN 15
2020,Emilia Romagna Grand Prix,FP1,SAI,39.0,0 days 00:01:22.682000,9.0,clear_violation,TRACK LIMITS AT TURN 9
2020,Emilia Romagna Grand Prix,FP1,RUS,11.0,0 days 00:01:18.411000,15.0,clear_violation,TRACK LIMITS AT TURN 15
2020,Emilia Romagna Grand Prix,FP1,BOT,9.0,0 days 00:01:16.775000,9.0,clear_violation,TRACK LIMITS AT TURN 9
2020,Emilia Romagna Grand Prix,FP1,BOT,32.0,0 days 00:01:19.601000,15.0,clear_violation,TRACK LIMITS AT TURN 15
2020,Emilia Romagna Grand Prix,FP1,BOT,34.0,0 days 00:01:20.465000,15.0,clear_violation,TRACK LIMITS AT TURN 15
2020,Emilia Romagna Grand Prix,FP1,BOT,41.0,0 days 00:01:20.042000,15.0,clear_violation,TRACK LIMITS AT TURN 15
2020,Emilia Romagna Grand Prix,FP1,GIO,6.0,0 days 00:01:22.064000,15.0,clear_violation,TRACK LIMITS AT TURN 15
2020,Emilia Romagna Grand Prix,FP1,GIO,8.0,0 days 00:01:19.532000,15.0,clear_violation,TRACK LIMITS AT TURN 15
2020,Emilia Romagna Grand Prix,FP1,GIO,9.0,0 days 00:01:19.011000,15.0,clear_violation,TRACK LIMITS AT TURN 15
2020,Emilia Romagna Grand Prix,FP1,BOT,,,15.0,no_advantage,CAR 77 (BOT) OFF TRACK AND CONTINUED AT TURN 15
2020,Emilia Romagna Grand Prix,FP1,RAI,,,15.0,no_advantage,CAR 7 (RAI) OFF TRACK AND CONTINUED AT TURN 15
2020,Emilia Romagna Grand Prix,FP1,SAI,,,15.0,no_advantage,CAR 55 (SAI) OFF TRACK AND CONTINUED AT TURN 15
2020,Emilia Romagna Grand Prix,FP1,GIO,,,15.0,no_advantage,CAR 99 (GIO) OFF TRACK AND CONTINUED AT TURN 15
2020,Emilia Romagna Grand Prix,FP1,KVY,,,2.0,no_advantage,CAR 26 (KVY) OFF TRACK AND CONTINUED AT TURN 2
2020,Emilia Romagna Grand Prix,FP1,RUS,,,13.0,no_advantage,CAR 63 (RUS) OFF TRACK AND CONTINUED AT TURN 13
2020,Emilia Romagna Grand Prix,FP1,BOT,,,13.0,no_advantage,CAR 77 (BOT) OFF TRACK AND CONTINUED AT TURN 13
2020,Emilia Romagna Grand Prix,Q,BOT,4.0,0 days 00:01:14.626000,9.0,clear_violation,TRACK LIMITS AT TURN 9
2020,Emilia Romagna Grand Prix,Q,HAM,9.0,0 days 00:01:14.321000,9.0,clear_violation,TRACK LIMITS AT TURN 9
2020,Emilia Romagna Grand Prix,Q,ALB,4.0,0 days 00:01:15.539000,9.0,clear_violation,TRACK LIMITS AT TURN 9
2020,Emilia Romagna Grand Prix,Q,ALB,17.0,0 days 00:01:14.655000,9.0,clear_violation,TRACK LIMITS AT TURN 9
2020,Emilia Romagna Grand Prix,Q,VET,19.0,0 days 00:01:15.274000,15.0,clear_violation,TRACK LIMITS AT TURN 15
2020,Emilia Romagna Grand Prix,Q,STR,15.0,0 days 00:01:16.152000,15.0,clear_violation,TRACK LIMITS AT TURN 15
2020,Emilia Romagna Grand Prix,Q,RAI,4.0,0 days 00:01:16.207000,9.0,clear_violation,TRACK LIMITS AT TURN 9
2020,Emilia Romagna Grand Prix,Q,RAI,9.0,0 days 00:01:15.758000,15.0,clear_violation,TRACK LIMITS AT TURN 15
2020,Emilia Romagna Grand Prix,R,LEC,58.0,0 days 00:01:22.164000,9.0,clear_violation,TRACK LIMITS AT TURN 9
2020,Emilia Romagna Grand Prix,R,MAG,12.0,0 days 00:01:20.267000,9.0,clear_violation,TRACK LIMITS AT TURN 9
2020,Emilia Romagna Grand Prix,R,MAG,23.0,0 days 00:01:19.908000,9.0,clear_violation,TRACK LIMITS AT TURN 9
2020,Emilia Romagna Grand Prix,R,ALB,33.0,0 days 00:01:19.292000,9.0,clear_violation,TRACK LIMITS AT TURN 9
2020,Emilia Romagna Grand Prix,R,VER,47.0,0 days 00:01:17.707000,9.0,clear_violation,TRACK LIMITS AT TURN 9
2020,Emilia Romagna Grand Prix,R,NOR,4.0,0 days 00:01:21.372000,9.0,clear_violation,TRACK LIMITS AT TURN 9
2020,Emilia Romagna Grand Prix,R,HAM,24.0,0 days 00:01:18.026000,15.0,clear_violation,TRACK LIMITS AT TURN 15
2020,Emilia Romagna Grand Prix,R,VET,12.0,0 days 00:01:20.387000,9.0,clear_violation,TRACK LIMITS AT TURN 9
2020,Emilia Romagna Grand Prix,R,SAI,15.0,0 days 00:01:20.156000,9.0,clear_violation,TRACK LIMITS AT TURN 9
2020,Emilia Romagna Grand Prix,R,SAI,30.0,0 days 00:01:31.363000,9.0,clear_violation,TRACK LIMITS AT TURN 9
2020,Emilia Romagna Grand Prix,R,LAT,3.0,0 days 00:01:22.929000,9.0,clear_violation,TRACK LIMITS AT TURN 9
2020,Emilia Romagna Grand Prix,R,RUS,37.0,0 days 00:01:19.070000,9.0,clear_violation,TRACK LIMITS AT TURN 9
2020,Emilia Romagna Grand Prix,R,BOT,25.0,0 days 00:01:18.471000,9.0,clear_violation,TRACK LIMITS AT TURN 9
2020,Emilia Romagna Grand Prix,R,GRO,8.0,0 days 00:01:21.402000,9.0,clear_violation,TRACK LIMITS AT TURN 9
2020,Emilia Romagna Grand Prix,R,GRO,46.0,0 days 00:01:19.375000,9.0,clear_violation,TRACK LIMITS AT TURN 9
2020,Emilia Romagna Grand Prix,R,GRO,60.0,0 days 00:01:19.528000,9.0,clear_violation,TRACK LIMITS AT TURN 9
2020,Emilia Romagna Grand Prix,R,GRO,63.0,0 days 00:01:19.035000,9.0,clear_violation,TRACK LIMITS AT TURN 9
2020,Emilia Romagna Grand Prix,R,LAT,,,4.0,no_advantage,TURN 4 INCIDENT INVOLVING CARS 6 (LAT) AND 8 (GRO) - NO INVESTIGATION NECESSARY
2021,Pre-Season Test,FP1,RIC,3.0,0 days 00:01:37.856000,9.0,clear_violation,TRACK LIMITS AT TURN 9
2021,Pre-Season Test,FP1,RIC,4.0,0 days 00:02:13.394000,9.0,clear_violation,TRACK LIMITS AT TURN 9
2021,Pre-Season Test,FP1,RIC,11.0,0 days 00:01:36.220000,19.0,clear_violation,TRACK LIMITS AT TURN 19
2021,Pre-Season Test,FP1,NOR,10.0,0 days 00:01:38.199000,19.0,clear_violation,TRACK LIMITS AT TURN 19
2021,Pre-Season Test,FP1,VET,8.0,0 days 00:01:36.344000,9.0,clear_violation,TRACK LIMITS AT TURN 9
2021,Pre-Season Test,FP1,RAI,2.0,0 days 00:01:39.888000,9.0,clear_violation,TRACK LIMITS AT TURN 9
2021,Pre-Season Test,FP1,MAZ,6.0,0 days 00:01:42.476000,19.0,clear_violation,TRACK LIMITS AT TURN 19
2021,Pre-Season Test,FP1,MAZ,8.0,0 days 00:01:40.948000,19.0,clear_violation,TRACK LIMITS AT TURN 19
2021,Pre-Season Test,FP1,MAZ,14.0,0 days 00:01:45.405000,19.0,clear_violation,TRACK LIMITS AT TURN 19
2021,Pre-Season Test,FP1,GAS,3.0,0 days 00:01:38.116000,9.0,clear_violation,TRACK LIMITS AT TURN 9
2021,Pre-Season Test,FP1,PER,5.0,0 days 00:01:56.075000,9.0,clear_violation,TRACK LIMITS AT TURN 9
2021,Pre-Season Test,FP1,PER,6.0,0 days 00:01:41.209000,9.0,clear_violation,TRACK LIMITS AT TURN 9
2021,Pre-Season Test,FP1,PER,11.0,0 days 00:01:35.817000,19.0,clear_violation,TRACK LIMITS AT TURN 19
2021,Pre-Season Test,FP1,PER,14.0,0 days 00:01:41.714000,9.0,clear_violation,TRACK LIMITS AT TURN 9
2021,Pre-Season Test,FP1,PER,16.0,0 days 00:01:41.849000,19.0,clear_violation,TRACK LIMITS AT TURN 19
2021,Pre-Season Test,FP1,STR,4.0,0 days 00:01:38.342000,9.0,clear_violation,TRACK LIMITS AT TURN 9
2021,Pre-Season Test,FP1,STR,13.0,0 days 00:01:37.417000,9.0,clear_violation,TRACK LIMITS AT TURN 9
2021,Pre-Season Test,FP1,TSU,11.0,0 days 00:01:37.661000,19.0,clear_violation,TRACK LIMITS AT TURN 19
2021,Pre-Season Test,FP1,TSU,14.0,0 days 00:01:37.248000,19.0,clear_violation,TRACK LIMITS AT TURN 19
2021,Pre-Season Test,FP1,TSU,21.0,0 days 00:01:43.398000,19.0,clear_violation,TRACK LIMITS AT TURN 19
2021,Pre-Season Test,FP1,OCO,4.0,0 days 00:01:38.784000,9.0,clear_violation,TRACK LIMITS AT TURN 9
2021,Pre-Season Test,FP1,OCO,16.0,0 days 00:01:37.252000,9.0,clear_violation,TRACK LIMITS AT TURN 9
2021,Pre-Season Test,FP1,VER,13.0,0 days 00:01:43.143000,19.0,clear_violation,TRACK LIMITS AT TURN 19
2021,Pre-Season Test,FP1,SAI,7.0,0 days 00:01:37.483000,19.0,clear_violation,TRACK LIMITS AT TURN 19
2021,Pre-Season Test,FP1,MAZ,,,19.0,no_advantage,CAR 9 (MAZ) OFF TRACK AND CONTINUED AT TURN 19
2021,Pre-Season Test,FP2,VET,7.0,0 days 00:01:41.572000,19.0,clear_violation,TRACK LIMITS AT TURN 19
2021,Pre-Season Test,FP2,VET,25.0,0 days 00:01:42.073000,9.0,clear_violation,TRACK LIMITS AT TURN 9
2021,Pre-Season Test,FP2,LAT,2.0,0 days 00:01:38.478000,19.0,clear_violation,TRACK LIMITS AT TURN 19
2021,Pre-Season Test,FP2,RAI,20.0,0 days 00:01:42.389000,9.0,clear_violation,TRACK LIMITS AT TURN 9
2021,Pre-Season Test,FP2,RAI,22.0,0 days 00:01:42.784000,19.0,clear_violation,TRACK LIMITS AT TURN 19
2021,Pre-Season Test,FP2,RAI,24.0,0 days 00:01:42.697000,9.0,clear_violation,TRACK LIMITS AT TURN 9
2021,Pre-Season Test,FP2,MAZ,4.0,0 days 00:01:39.961000,19.0,clear_violation,TRACK LIMITS AT TURN 19
2021,Pre-Season Test,FP2,MAZ,6.0,0 days 00:01:39.474000,19.0,clear_violation,TRACK LIMITS AT TURN 19
2021,Pre-Season Test,FP2,MAZ,16.0,0 days 00:01:44.330000,19.0,clear_violation,TRACK LIMITS AT TURN 19
2021,Pre-Season Test,FP2,MAZ,19.0,0 days 00:01:45.205000,19.0,clear_violation,TRACK LIMITS AT TURN 19
2021,Pre-Season Test,FP2,GAS,22.0,0 days 00:01:43.287000,19.0,clear_violation,TRACK LIMITS AT TURN 19
2021,Pre-Season Test,FP2,PER,22.0,0 days 00:01:43.244000,9.0,clear_violation,TRACK LIMITS AT TURN 9
2021,Pre-Season Test,FP2,ALO,2.0,0 days 00:01:36.744000,9.0,clear_violation,TRACK LIMITS AT TURN 9
2021,Pre-Season Test,FP2,LEC,5.0,0 days 00:01:36.402000,9.0,clear_violation,TRACK LIMITS AT TURN 9
2021,Pre-Season Test,FP2,LEC,11.0,0 days 00:01:35.999000,19.0,clear_violation,TRACK LIMITS AT TURN 19
2021,Pre-Season Test,FP2,LEC,16.0,0 days 00:01:41.767000,9.0,clear_violation,TRACK LIMITS AT TURN 9
2021,Pre-Season Test,FP2,STR,15.0,0 days 00:01:42.714000,19.0,clear_violation,TRACK LIMITS AT TURN 19
2021,Pre-Season Test,FP2,TSU,10.0,0 days 00:01:36.690000,19.0,clear_violation,TRACK LIMITS AT TURN 19
2021,Pre-Season Test,FP2,TSU,18.0,0 days 00:01:42.882000,19.0,clear_violation,TRACK LIMITS AT TURN 19
2021,Pre-Season Test,FP2,TSU,19.0,0 days 00:01:43.241000,9.0,clear_violation,TRACK LIMITS AT TURN 9
2021,Pre-Season Test,FP2,OCO,19.0,0 days 00:01:42.757000,9.0,clear_violation,TRACK LIMITS AT TURN 9
2021,Pre-Season Test,FP2,HAM,7.0,0 days 00:01:34.842000,19.0,clear_violation,TRACK LIMITS AT TURN 19
2021,Pre-Season Test,FP2,MSC,2.0,0 days 00:01:38.268000,19.0,clear_violation,TRACK LIMITS AT TURN 19
2021,Pre-Season Test,FP2,BOT,20.0,0 days 00:01:43.539000,9.0,clear_violation,TRACK LIMITS AT TURN 9
2021,Pre-Season Test,FP2,VER,,,20.0,no_advantage,CAR 33 (VER) OFF TRACK AND CONTINUED AT TURN 20
2021,Pre-Season Test,FP2,MSC,,,1.0,no_advantage,CAR 47 (MSC) OFF TRACK AND CONTINUED AT TURN 1
2021,Pre-Season Test,FP2,OCO,,,1.0,no_advantage,CAR 31 (OCO) OFF TRACK AND CONTINUED AT TURN 1
2021,Pre-Season Test,FP2,NOR,,,11.0,no_advantage,CAR 4 (NOR) OFF TRACK AND CONTINUED AT TURN 11
2021,Pre-Season Test,FP3,RAI,10.0,0 days 00:01:36.758000,9.0,clear_violation,TRACK LIMITS AT TURN 9
2021,Pre-Season Test,FP3,RAI,19.0,0 days 00:01:37.066000,9.0,clear_violation,TRACK LIMITS AT TURN 9
2021,Pre-Season Test,FP3,MAZ,2.0,0 days 00:01:38.442000,19.0,clear_violation,TRACK LIMITS AT TURN 19
2021,Pre-Season Test,FP3,MAZ,9.0,0 days 00:01:37.414000,9.0,clear_violation,TRACK LIMITS AT TURN 9
2021,Pre-Season Test,FP3,MAZ,12.0,0 days 00:01:37.344000,19.0,clear_violation,TRACK LIMITS AT TURN 19
2021,Pre-Season Test,FP3,GAS,4.0,0 days 00:01:36.647000,9.0,clear_violation,TRACK LIMITS AT TURN 9
2021,Pre-Season Test,FP3,LEC,10.0,0 days 00:01:35.343000,19.0,clear_violation,TRACK LIMITS AT TURN 19
2021,Pre-Season Test,FP3,STR,2.0,0 days 00:01:37.015000,9.0,clear_violation,TRACK LIMITS AT TURN 9
2021,Pre-Season Test,FP3,TSU,2.0,0 days 00:01:38.124000,9.0,clear_violation,TRACK LIMITS AT TURN 9
2021,Pre-Season Test,FP3,VER,9.0,0 days 00:01:34.383000,19.0,clear_violation,TRACK LIMITS AT TURN 19
2021,Pre-Season Test,FP3,HAM,12.0,0 days 00:01:34.458000,9.0,clear_violation,TRACK LIMITS AT TURN 9
2021,Pre-Season Test,FP3,MSC,12.0,0 days 00:01:40.545000,19.0,clear_violation,TRACK LIMITS AT TURN 19
2021,Pre-Season Test,FP3,BOT,2.0,0 days 00:01:35.556000,19.0,clear_violation,TRACK LIMITS AT TURN 19
2021,Pre-Season Test,Q,PER,8.0,0 days 00:01:34.074000,19.0,clear_violation,TRACK LIMITS AT TURN 19
2021,Pre-Season Test,Q,RIC,5.0,0 days 00:01:34.248000,9.0,clear_violation,TRACK LIMITS AT TURN 9
2021,Pre-Season Test,Q,RUS,10.0,0 days 00:01:35.730000,9.0,clear_violation,TRACK LIMITS AT TURN 9
2021,Pre-Season Test,Q,STR,4.0,0 days 00:01:36.219000,19.0,clear_violation,TRACK LIMITS AT TURN 19
2021,Pre-Season Test,Q,RAI,3.0,0 days 00:01:36.336000,19.0,clear_violation,TRACK LIMITS AT TURN 19
2021,Pre-Season Test,Q,MAZ,2.0,0 days 00:01:37.894000,19.0,clear_violation,TRACK LIMITS AT TURN 19
2021,Pre-Season Test,Q,MAZ,,,3.0,no_advantage,TURN 3-5 INCIDENT INVOLVING CARS 9 (MAZ) AND 5 (VET) - NO INVESTIGATION NECESSARY
2021,Pre-Season Test,Q,MAZ,,,15.0,no_advantage,TURN 15 INCIDENT INVOLVING CARS 9 (MAZ) AND 18 (STR) NO INVESTIGATION NECESSARY
2021,Pre-Season Test,R,VER,4.0,0 days 00:01:41.125000,19.0,clear_violation,TRACK LIMITS AT TURN 19
2021,Pre-Season Test,R,PER,13.0,0 days 00:02:01.373000,19.0,clear_violation,TRACK LIMITS AT TURN 19
2021,Pre-Season Test,R,TSU,11.0,0 days 00:01:42.046000,9.0,clear_violation,TRACK LIMITS AT TURN 9
2021,Pre-Season Test,R,VET,51.0,0 days 00:01:41.439000,19.0,clear_violation,TRACK LIMITS AT TURN 19
2021,Pre-Season Test,R,VET,55.0,0 days 00:01:41.639000,19.0,clear_violation,TRACK LIMITS AT TURN 19
2021,Pre-Season Test,R,GIO,28.0,0 days 00:01:40.792000,9.0,clear_violation,TRACK LIMITS AT TURN 9
2021,Pre-Season Test,R,STR,21.0,0 days 00:01:43.098000,9.0,clear_violation,TRACK LIMITS AT TURN 9
2021,Pre-Season Test,R,STR,29.0,0 days 00:01:43.550000,9.0,clear_violation,TRACK LIMITS AT TURN 9
2021,Pre-Season Test,R,STR,47.0,0 days 00:01:41.381000,9.0,clear_violation,TRACK LIMITS AT TURN 9
2021,Pre-Season Test,R,RAI,13.0,0 days 00:02:02.425000,9.0,clear_violation,TRACK LIMITS AT TURN 9
2021,Pre-Season Test,R,RAI,16.0,0 days 00:01:43.605000,1.0,clear_violation,TRACK LIMITS AT TURN 1
2021,Pre-Season Test,R,RAI,33.0,0 days 00:01:42.505000,19.0,clear_violation,TRACK LIMITS AT TURN 19
2021,Pre-Season Test,R,RAI,40.0,0 days 00:01:41.585000,19.0,clear_violation,TRACK LIMITS AT TURN 19
2021,Pre-Season Test,R,RUS,14.0,0 days 00:01:43.719000,19.0,clear_violation,TRACK LIMITS AT TURN 19
2021,Pre-Season Test,R,RUS,40.0,0 days 00:01:42.221000,9.0,clear_violation,TRACK LIMITS AT TURN 9
2021,Pre-Season Test,R,LAT,55.0,0 days 00:01:43.709000,9.0,clear_violation,TRACK LIMITS AT TURN 9
2021,Pre-Season Test,R,MSC,46.0,0 days 00:01:42.189000,19.0,clear_violation,TRACK LIMITS AT TURN 19
2021,Pre-Season Test,R,MAZ,5.0,0 days 00:01:45.006000,19.0,clear_violation,TRACK LIMITS AT TURN 19
2021,Pre-Season Test,R,MAZ,30.0,0 days 00:01:48.426000,19.0,clear_violation,TRACK LIMITS AT TURN 19
2021,Pre-Season Test,R,MAZ,39.0,0 days 00:01:46.284000,9.0,clear_violation,TRACK LIMITS AT TURN 9
2021,Pre-Season Test,R,OCO,6.0,0 days 00:01:45.194000,1.0,clear_violation,TRACK LIMITS AT TURN 1
2021,Pre-Season Test,R,GAS,11.0,0 days 00:02:02.604000,9.0,clear_violation,TRACK LIMITS AT TURN 9
2021,Pre-Season Test,R,,,,1.0,no_advantage,TURN 1 INCIDENT NO INVESTIGATION NECESSARY
2021,Pre-Season Test,R,ALO,,,1.0,no_advantage,TURN 1 INCIDENT INVOLVING CARS 14 (ALO) AND 7 (RAI) NO INVESTIGATION NECESSARY
2021,Pre-Season Test,R,GIO,,,12.0,no_advantage,TURN 12 INCIDENT INVOLVING CARS 99 (GIO) AND 14 (ALO) NO INVESTIGATION NECESSARY 
2021,Bahrain Grand Prix,FP2,TSU,5.0,0 days 00:01:32.044000,4.0,clear_violation,TRACK LIMITS AT TURN 4
2021,Bahrain Grand Prix,FP2,OCO,9.0,0 days 00:01:32.451000,4.0,clear_violation,TRACK LIMITS AT TURN 4
2021,Bahrain Grand Prix,FP2,HAM,2.0,0 days 00:01:31.647000,4.0,clear_violation,TRACK LIMITS AT TURN 4
2021,Bahrain Grand Prix,FP2,MSC,12.0,0 days 00:01:35.332000,4.0,clear_violation,TRACK LIMITS AT TURN 4
2021,Bahrain Grand Prix,FP2,BOT,2.0,0 days 00:01:59.805000,4.0,clear_violation,TRACK LIMITS AT TURN 4
2021,Bahrain Grand Prix,FP2,BOT,15.0,0 days 00:01:37.505000,4.0,clear_violation,TRACK LIMITS AT TURN 4
2021,Bahrain Grand Prix,FP2,BOT,17.0,0 days 00:01:38.617000,4.0,clear_violation,TRACK LIMITS AT TURN 4
2021,Bahrain Grand Prix,FP2,BOT,18.0,0 days 00:01:38.032000,4.0,clear_violation,TRACK LIMITS AT TURN 4
2021,Bahrain Grand Prix,FP2,BOT,19.0,0 days 00:01:38.584000,4.0,clear_violation,TRACK LIMITS AT TURN 4
2021,Bahrain Grand Prix,FP2,RAI,,,3.0,no_advantage,CAR 7 (RAI) OFF TRACK AND CONTINUED AT TURN 3
2021,Bahrain Grand Prix,FP3,TSU,14.0,0 days 00:01:32.677000,4.0,clear_violation,TRACK LIMITS AT TURN 4
2021,Bahrain Grand Prix,FP3,BOT,3.0,0 days 00:01:33.372000,4.0,clear_violation,TRACK LIMITS AT TURN 4
2021,Bahrain Grand Prix,FP3,BOT,7.0,0 days 00:01:36.635000,4.0,clear_violation,TRACK LIMITS AT TURN 4
2021,Bahrain Grand Prix,FP3,BOT,9.0,0 days 00:01:36.885000,4.0,clear_violation,TRACK LIMITS AT TURN 4
2021,Bahrain Grand Prix,Q,RIC,8.0,0 days 00:01:30.877000,4.0,clear_violation,TRACK LIMITS AT TURN 4
2021,Bahrain Grand Prix,Q,PER,7.0,0 days 00:01:30.750000,4.0,clear_violation,TRACK LIMITS AT TURN 4
2021,Bahrain Grand Prix,R,GAS,,,4.0,no_advantage,TURN 4 INCIDENT INVOLVING CAR 10 (GAS) - NO INVESTIGATION NECESSARY
2021,Bahrain Grand Prix,R,NOR,,,4.0,no_advantage,TURN 4 INCIDENT INVOLVING CARS 4 (NOR) AND 16 (LEC) NOTED - NO INVESTIGATION NECESSARY
2021,Emilia Romagna Grand Prix,FP1,TSU,,,4.0,no_advantage,CAR 22 (TSU) OFF TRACK AND CONTINUED AT TURN 4
2021,Emilia Romagna Grand Prix,FP1,HAM,,,15.0,no_advantage,CAR 44 (HAM) OFF TRACK AND CONTINUED AT TURN 15
2021,Emilia Romagna Grand Prix,FP1,LAT,,,18.0,no_advantage,CAR 6 (LAT) OFF TRACK AND CONTINUED AT TURN 18
2021,Emilia Romagna Grand Prix,FP2,RIC,12.0,0 days 00:01:16.782000,9.0,clear_violation,TRACK LIMITS AT TURN 9
2021,Emilia Romagna Grand Prix,FP2,NOR,5.0,0 days 00:01:34.869000,9.0,clear_violation,TRACK LIMITS AT TURN 9
2021,Emilia Romagna Grand Prix,FP2,NOR,17.0,0 days 00:01:21.343000,9.0,clear_violation,TRACK LIMITS AT TURN 9
2021,Emilia Romagna Grand Prix,FP2,VET,12.0,0 days 00:01:17.809000,9.0,clear_violation,TRACK LIMITS AT TURN 9
2021,Emilia Romagna Grand Prix,FP2,VET,20.0,0 days 00:01:20.731000,15.0,clear_violation,TRACK LIMITS AT TURN 15
2021,Emilia Romagna Grand Prix,FP2,RAI,25.0,0 days 00:01:21.137000,15.0,clear_violation,TRACK LIMITS AT TURN 15
2021,Emilia Romagna Grand Prix,FP2,GAS,7.0,0 days 00:01:16.117000,9.0,clear_violation,TRACK LIMITS AT TURN 9
2021,Emilia Romagna Grand Prix,FP2,GAS,29.0,0 days 00:01:20.443000,9.0,clear_violation,TRACK LIMITS AT TURN 9
2021,Emilia Romagna Grand Prix,FP2,PER,10.0,0 days 00:01:16.511000,9.0,clear_violation,TRACK LIMITS AT TURN 9
2021,Emilia Romagna Grand Prix,FP2,LEC,4.0,0 days 00:01:16.705000,9.0,clear_violation,TRACK LIMITS AT TURN 9
2021,Emilia Romagna Grand Prix,FP2,LEC,8.0,0 days 00:01:15.367000,9.0,clear_violation,TRACK LIMITS AT TURN 9
2021,Emilia Romagna Grand Prix,FP2,TSU,9.0,0 days 00:01:16.880000,9.0,clear_violation,TRACK LIMITS AT TURN 9
2021,Emilia Romagna Grand Prix,FP2,HAM,17.0,0 days 00:01:20.049000,9.0,clear_violation,TRACK LIMITS AT TURN 9
2021,Emilia Romagna Grand Prix,FP2,MSC,4.0,0 days 00:01:19.632000,9.0,clear_violation,TRACK LIMITS AT TURN 9
2021,Emilia Romagna Grand Prix,FP2,MSC,6.0,0 days 00:01:18.606000,9.0,clear_violation,TRACK LIMITS AT TURN 9
2021,Emilia Romagna Grand Prix,FP2,RUS,24.0,0 days 00:01:19.888000,15.0,clear_violation,TRACK LIMITS AT TURN 15
2021,Emilia Romagna Grand Prix,FP2,GIO,12.0,0 days 00:01:16.978000,9.0,clear_violation,TRACK LIMITS AT TURN 9
2021,Emilia Romagna Grand Prix,FP2,GIO,24.0,0 days 00:01:20.029000,9.0,clear_violation,TRACK LIMITS AT TURN 9
2021,Emilia Romagna Grand Prix,FP3,RIC,10.0,0 days 00:01:16.389000,9.0,clear_violation,TRACK LIMITS AT TURN 9
2021,Emilia Romagna Grand Prix,FP3,NOR,2.0,0 days 00:01:16.938000,9.0,clear_violation,TRACK LIMITS AT TURN 9
2021,Emilia Romagna Grand Prix,FP3,NOR,4.0,0 days 00:01:17.267000,9.0,clear_violation,TRACK LIMITS AT TURN 9
2021,Emilia Romagna Grand Prix,FP3,VET,9.0,0 days 00:01:16.790000,9.0,clear_violation,TRACK LIMITS AT TURN 9
2021,Emilia Romagna Grand Prix,FP3,RAI,2.0,0 days 00:01:18.249000,9.0,clear_violation,TRACK LIMITS AT TURN 9
2021,Emilia Romagna Grand Prix,FP3,RAI,7.0,0 days 00:01:17.449000,9.0,clear_violation,TRACK LIMITS AT TURN 9
2021,Emilia Romagna Grand Prix,FP3,RAI,12.0,0 days 00:01:16.775000,9.0,clear_violation,TRACK LIMITS AT TURN 9
2021,Emilia Romagna Grand Prix,FP3,MAZ,2.0,0 days 00:01:19.127000,9.0,clear_violation,TRACK LIMITS AT TURN 9
2021,Emilia Romagna Grand Prix,FP3,MAZ,12.0,0 days 00:01:17.621000,15.0,clear_violation,TRACK LIMITS AT TURN 15
2021,Emilia Romagna Grand Prix,FP3,MAZ,21.0,0 days 00:01:16.793000,15.0,clear_violation,TRACK LIMITS AT TURN 15
2021,Emilia Romagna Grand Prix,FP3,GAS,18.0,0 days 00:01:16.360000,9.0,clear_violation,TRACK LIMITS AT TURN 9
2021,Emilia Romagna Grand Prix,FP3,PER,2.0,0 days 00:01:18.111000,9.0,clear_violation,TRACK LIMITS AT TURN 9
2021,Emilia Romagna Grand Prix,FP3,ALO,6.0,0 days 00:01:17.347000,15.0,clear_violation,TRACK LIMITS AT TURN 15
2021,Emilia Romagna Grand Prix,FP3,LEC,7.0,0 days 00:01:16.332000,9.0,clear_violation,TRACK LIMITS AT TURN 9
2021,Emilia Romagna Grand Prix,FP3,STR,13.0,0 days 00:01:16.424000,9.0,clear_violation,TRACK LIMITS AT TURN 9
2021,Emilia Romagna Grand Prix,FP3,TSU,5.0,0 days 00:01:17.491000,9.0,clear_violation,TRACK LIMITS AT TURN 9
2021,Emilia Romagna Grand Prix,FP3,VER,4.0,0 days 00:01:16.251000,9.0,clear_violation,TRACK LIMITS AT TURN 9
2021,Emilia Romagna Grand Prix,FP3,HAM,6.0,0 days 00:01:16.158000,9.0,clear_violation,TRACK LIMITS AT TURN 9
2021,Emilia Romagna Grand Prix,FP3,MSC,2.0,0 days 00:01:18.660000,9.0,clear_violation,TRACK LIMITS AT TURN 9
2021,Emilia Romagna Grand Prix,FP3,MSC,6.0,0 days 00:01:17.540000,9.0,clear_violation,TRACK LIMITS AT TURN 9
2021,Emilia Romagna Grand Prix,FP3,BOT,3.0,0 days 00:01:16.402000,9.0,clear_violation,TRACK LIMITS AT TURN 9
2021,Emilia Romagna Grand Prix,Q,PER,3.0,0 days 00:01:15.744000,9.0,clear_violation,TRACK LIMITS AT TURN 9
2021,Emilia Romagna Grand Prix,Q,GAS,4.0,0 days 00:01:15.445000,15.0,clear_violation,TRACK LIMITS AT TURN 15
2021,Emilia Romagna Grand Prix,Q,GAS,9.0,0 days 00:01:15.256000,9.0,clear_violation,TRACK LIMITS AT TURN 9
2021,Emilia Romagna Grand Prix,Q,NOR,14.0,0 days 00:01:14.454000,9.0,clear_violation,TRACK LIMITS AT TURN 9
2021,Emilia Romagna Grand Prix,Q,STR,16.0,0 days 00:01:16.791000,15.0,clear_violation,TRACK LIMITS AT TURN 15
2021,Emilia Romagna Grand Prix,Q,STR,19.0,0 days 00:01:15.176000,9.0,clear_violation,TRACK LIMITS AT TURN 9
2021,Emilia Romagna Grand Prix,Q,VET,10.0,0 days 00:01:15.679000,15.0,clear_violation,TRACK LIMITS AT TURN 15
2021,Emilia Romagna Grand Prix,Q,LAT,2.0,0 days 00:01:16.483000,15.0,clear_violation,TRACK LIMITS AT TURN 15
2021,Emilia Romagna Grand Prix,Q,GIO,2.0,0 days 00:01:17.123000,9.0,clear_violation,TRACK LIMITS AT TURN 9
2021,Emilia Romagna Grand Prix,Q,MSC,9.0,0 days 00:01:16.503000,9.0,clear_violation,TRACK LIMITS AT TURN 9
2021,Emilia Romagna Grand Prix,Q,NOR,,,3.0,no_advantage,TURN 3 INCIDENT INVOLVING CARS 4 (NOR) AND 33 (VER) NOTED - NO INVESTIGATION NECESSARY
2021,Emilia Romagna Grand Prix,Q,NOR,,,15.0,no_advantage,TURN 15 INCIDENT INVOLVING CARS 4 (NOR) AND 11 (PER) NOTED - NO INVESTIGATION NECESSARY
2021,Emilia Romagna Grand Prix,R,ALO,47.0,0 days 00:01:20.029000,9.0,clear_violation,TRACK LIMITS AT TURN 9
2021,Emilia Romagna Grand Prix,R,TSU,40.0,0 days 00:01:20.001000,9.0,clear_violation,TRACK LIMITS AT TURN 9
2021,Emilia Romagna Grand Prix,R,TSU,43.0,0 days 00:01:19.660000,9.0,clear_violation,TRACK LIMITS AT TURN 9
2021,Emilia Romagna Grand Prix,R,TSU,44.0,0 days 00:01:19.890000,15.0,clear_violation,TRACK LIMITS AT TURN 15
2021,Emilia Romagna Grand Prix,R,TSU,53.0,0 days 00:01:19.711000,9.0,clear_violation,TRACK LIMITS AT TURN 9
2021,Emilia Romagna Grand Prix,R,RIC,58.0,0 days 00:01:19.786000,15.0,clear_violation,TRACK LIMITS AT TURN 15
2021,Emilia Romagna Grand Prix,R,MSC,37.0,0 days 00:01:23.893000,9.0,clear_violation,TRACK LIMITS AT TURN 9
2021,Emilia Romagna Grand Prix,R,GIO,54.0,0 days 00:01:19.707000,9.0,clear_violation,TRACK LIMITS AT TURN 9
2021,Emilia Romagna Grand Prix,R,VER,,,2.0,no_advantage,LAP 1 - TURN 2 INCIDENT INVOLVING CARS 33 (VER) AND 44 (HAM) - NO INVESTIGATION NECESSARY
2021,Emilia Romagna Grand Prix,R,LAT,,,14.0,no_advantage,LAP 1 - TURN 14 INCIDENT INVOLVING CARS 6 (LAT) AND 9 (MAZ) - NO INVESTIGATION NECESSARY
2021,Emilia Romagna Grand Prix,R,SAI,,,7.0,no_advantage,CAR 55 (SAI) OFF TRACK AND CONTINUED AT TURN 7
2021,Portuguese Grand Prix,FP1,RIC,7.0,0 days 00:01:24.133000,1.0,clear_violation,TRACK LIMITS AT TURN 1
2021,Portuguese Grand Prix,FP1,NOR,20.0,0 days 00:01:21.162000,4.0,clear_violation,TRACK LIMITS AT TURN 4
2021,Portuguese Grand Prix,FP1,VET,25.0,0 days 00:01:24.664000,1.0,clear_violation,TRACK LIMITS AT TURN 1
2021,Portuguese Grand Prix,FP1,VET,29.0,0 days 00:01:23.652000,1.0,clear_violation,TRACK LIMITS AT TURN 1
2021,Portuguese Grand Prix,FP1,LAT,4.0,0 days 00:01:25.730000,4.0,clear_violation,TRACK LIMITS AT TURN 4
2021,Portuguese Grand Prix,FP1,LAT,14.0,0 days 00:01:23.092000,1.0,clear_violation,TRACK LIMITS AT TURN 1
2021,Portuguese Grand Prix,FP1,RAI,16.0,0 days 00:01:21.588000,1.0,clear_violation,TRACK LIMITS AT TURN 1
2021,Portuguese Grand Prix,FP1,MAZ,15.0,0 days 00:01:28.947000,4.0,clear_violation,TRACK LIMITS AT TURN 4
2021,Portuguese Grand Prix,FP1,MAZ,18.0,0 days 00:01:23.520000,1.0,clear_violation,TRACK LIMITS AT TURN 1
2021,Portuguese Grand Prix,FP1,MAZ,22.0,0 days 00:01:27.721000,1.0,clear_violation,TRACK LIMITS AT TURN 1
2021,Portuguese Grand Prix,FP1,MAZ,26.0,0 days 00:01:26.073000,4.0,clear_violation,TRACK LIMITS AT TURN 4
2021,Portuguese Grand Prix,FP1,MAZ,27.0,0 days 00:01:25.588000,4.0,clear_violation,TRACK LIMITS AT TURN 4
2021,Portuguese Grand Prix,FP1,MAZ,28.0,0 days 00:01:39.199000,1.0,clear_violation,TRACK LIMITS AT TURN 1
2021,Portuguese Grand Prix,FP1,GAS,2.0,0 days 00:01:28.493000,4.0,clear_violation,TRACK LIMITS AT TURN 4
2021,Portuguese Grand Prix,FP1,GAS,3.0,0 days 00:01:24.119000,4.0,clear_violation,TRACK LIMITS AT TURN 4
2021,Portuguese Grand Prix,FP1,GAS,11.0,0 days 00:01:21.970000,4.0,clear_violation,TRACK LIMITS AT TURN 4
2021,Portuguese Grand Prix,FP1,GAS,13.0,0 days 00:01:21.529000,4.0,clear_violation,TRACK LIMITS AT TURN 4
2021,Portuguese Grand Prix,FP1,GAS,15.0,0 days 00:01:34.732000,4.0,clear_violation,TRACK LIMITS AT TURN 4
2021,Portuguese Grand Prix,FP1,ALO,18.0,0 days 00:01:24.626000,1.0,clear_violation,TRACK LIMITS AT TURN 1
2021,Portuguese Grand Prix,FP1,ALO,20.0,0 days 00:01:21.962000,1.0,clear_violation,TRACK LIMITS AT TURN 1
2021,Portuguese Grand Prix,FP1,ALO,23.0,0 days 00:01:23.968000,1.0,clear_violation,TRACK LIMITS AT TURN 1
2021,Portuguese Grand Prix,FP1,LEC,3.0,0 days 00:01:24.112000,4.0,clear_violation,TRACK LIMITS AT TURN 4
2021,Portuguese Grand Prix,FP1,LEC,7.0,0 days 00:01:29.987000,1.0,clear_violation,TRACK LIMITS AT TURN 1
2021,Portuguese Grand Prix,FP1,LEC,11.0,0 days 00:01:23.153000,4.0,clear_violation,TRACK LIMITS AT TURN 4
2021,Portuguese Grand Prix,FP1,LEC,12.0,0 days 00:01:21.550000,1.0,clear_violation,TRACK LIMITS AT TURN 1
2021,Portuguese Grand Prix,FP1,LEC,19.0,0 days 00:01:21.418000,1.0,clear_violation,TRACK LIMITS AT TURN 1
2021,Portuguese Grand Prix,FP1,STR,4.0,0 days 00:01:24.186000,4.0,clear_violation,TRACK LIMITS AT TURN 4
2021,Portuguese Grand Prix,FP1,TSU,11.0,0 days 00:01:22.377000,4.0,clear_violation,TRACK LIMITS AT TURN 4
2021,Portuguese Grand Prix,FP1,MSC,22.0,0 days 00:01:26.644000,4.0,clear_violation,TRACK LIMITS AT TURN 4
2021,Portuguese Grand Prix,FP1,SAI,2.0,0 days 00:01:27.625000,4.0,clear_violation,TRACK LIMITS AT TURN 4
2021,Portuguese Grand Prix,FP1,SAI,4.0,0 days 00:01:23.128000,4.0,clear_violation,TRACK LIMITS AT TURN 4
2021,Portuguese Grand Prix,FP1,SAI,25.0,0 days 00:01:26.235000,1.0,clear_violation,TRACK LIMITS AT TURN 1
2021,Portuguese Grand Prix,FP1,RUS,24.0,0 days 00:01:23.674000,1.0,clear_violation,TRACK LIMITS AT TURN 1
2021,Portuguese Grand Prix,FP1,BOT,27.0,0 days 00:01:22.851000,1.0,clear_violation,TRACK LIMITS AT TURN 1
2021,Portuguese Grand Prix,FP1,ILO,17.0,0 days 00:01:22.899000,1.0,clear_violation,TRACK LIMITS AT TURN 1
2021,Portuguese Grand Prix,FP2,RIC,18.0,0 days 00:01:27.438000,1.0,clear_violation,TRACK LIMITS AT TURN 1
2021,Portuguese Grand Prix,FP2,NOR,20.0,0 days 00:01:25.009000,1.0,clear_violation,TRACK LIMITS AT TURN 1
2021,Portuguese Grand Prix,FP2,VET,16.0,0 days 00:01:25.222000,4.0,clear_violation,TRACK LIMITS AT TURN 4
2021,Portuguese Grand Prix,FP2,RAI,7.0,0 days 00:01:32.963000,1.0,clear_violation,TRACK LIMITS AT TURN 1
2021,Portuguese Grand Prix,FP2,RAI,13.0,0 days 00:01:27.418000,4.0,clear_violation,TRACK LIMITS AT TURN 4
2021,Portuguese Grand Prix,FP2,MAZ,11.0,0 days 00:01:28.243000,4.0,clear_violation,TRACK LIMITS AT TURN 4
2021,Portuguese Grand Prix,FP2,MAZ,13.0,0 days 00:01:23.136000,1.0,clear_violation,TRACK LIMITS AT TURN 1
2021,Portuguese Grand Prix,FP2,MAZ,17.0,0 days 00:01:30.087000,1.0,clear_violation,TRACK LIMITS AT TURN 1
2021,Portuguese Grand Prix,FP2,MAZ,20.0,0 days 00:01:27.768000,1.0,clear_violation,TRACK LIMITS AT TURN 1
2021,Portuguese Grand Prix,FP2,MAZ,21.0,0 days 00:01:26.355000,1.0,clear_violation,TRACK LIMITS AT TURN 1
2021,Portuguese Grand Prix,FP2,MAZ,22.0,0 days 00:01:27.603000,1.0,clear_violation,TRACK LIMITS AT TURN 1
2021,Portuguese Grand Prix,FP2,MAZ,26.0,0 days 00:01:26.388000,1.0,clear_violation,TRACK LIMITS AT TURN 1
2021,Portuguese Grand Prix,FP2,ALO,28.0,0 days 00:01:26.040000,1.0,clear_violation,TRACK LIMITS AT TURN 1
2021,Portuguese Grand Prix,FP2,LEC,21.0,0 days 00:01:24.298000,4.0,clear_violation,TRACK LIMITS AT TURN 4
2021,Portuguese Grand Prix,FP2,STR,18.0,0 days 00:01:24.524000,4.0,clear_violation,TRACK LIMITS AT TURN 4
2021,Portuguese Grand Prix,FP2,STR,20.0,0 days 00:01:25.531000,1.0,clear_violation,TRACK LIMITS AT TURN 1
2021,Portuguese Grand Prix,FP2,TSU,9.0,0 days 00:01:21.716000,4.0,clear_violation,TRACK LIMITS AT TURN 4
2021,Portuguese Grand Prix,FP2,TSU,31.0,0 days 00:01:26.650000,1.0,clear_violation,TRACK LIMITS AT TURN 1
2021,Portuguese Grand Prix,FP2,VER,19.0,0 days 00:01:24.964000,4.0,clear_violation,TRACK LIMITS AT TURN 4
2021,Portuguese Grand Prix,FP2,VER,21.0,0 days 00:01:22.950000,4.0,clear_violation,TRACK LIMITS AT TURN 4
2021,Portuguese Grand Prix,FP2,VER,22.0,0 days 00:01:23.181000,1.0,clear_violation,TRACK LIMITS AT TURN 1
2021,Portuguese Grand Prix,FP2,HAM,22.0,0 days 00:01:24.766000,1.0,clear_violation,TRACK LIMITS AT TURN 1
2021,Portuguese Grand Prix,FP2,HAM,27.0,0 days 00:01:23.428000,1.0,clear_violation,TRACK LIMITS AT TURN 1
2021,Portuguese Grand Prix,FP2,MSC,10.0,0 days 00:01:32.285000,1.0,clear_violation,TRACK LIMITS AT TURN 1
2021,Portuguese Grand Prix,FP2,MSC,13.0,0 days 00:01:21.232000,1.0,clear_violation,TRACK LIMITS AT TURN 1
2021,Portuguese Grand Prix,FP2,MSC,23.0,0 days 00:01:25.067000,4.0,clear_violation,TRACK LIMITS AT TURN 4
2021,Portuguese Grand Prix,FP2,SAI,12.0,0 days 00:01:44.573000,1.0,clear_violation,TRACK LIMITS AT TURN 1
2021,Portuguese Grand Prix,FP2,RUS,21.0,0 days 00:01:24.564000,4.0,clear_violation,TRACK LIMITS AT TURN 4
2021,Portuguese Grand Prix,FP2,GIO,19.0,0 days 00:01:25.807000,4.0,clear_violation,TRACK LIMITS AT TURN 4
2021,Portuguese Grand Prix,FP2,GIO,29.0,0 days 00:01:35.896000,4.0,clear_violation,TRACK LIMITS AT TURN 4
2021,Portuguese Grand Prix,FP3,NOR,16.0,0 days 00:01:24.535000,1.0,clear_violation,TRACK LIMITS AT TURN 1
2021,Portuguese Grand Prix,FP3,VET,10.0,0 days 00:01:20.228000,1.0,clear_violation,TRACK LIMITS AT TURN 1
2021,Portuguese Grand Prix,FP3,VET,14.0,0 days 00:01:29.200000,1.0,clear_violation,TRACK LIMITS AT TURN 1
2021,Portuguese Grand Prix,FP3,VET,15.0,0 days 00:01:20.129000,1.0,clear_violation,TRACK LIMITS AT TURN 1
2021,Portuguese Grand Prix,FP3,RAI,2.0,0 days 00:01:37.519000,1.0,clear_violation,TRACK LIMITS AT TURN 1
2021,Portuguese Grand Prix,FP3,RAI,23.0,0 days 00:01:23.174000,1.0,clear_violation,TRACK LIMITS AT TURN 1
2021,Portuguese Grand Prix,FP3,MAZ,6.0,0 days 00:01:37.608000,4.0,clear_violation,TRACK LIMITS AT TURN 4
2021,Portuguese Grand Prix,FP3,MAZ,7.0,0 days 00:01:22.486000,1.0,clear_violation,TRACK LIMITS AT TURN 1
2021,Portuguese Grand Prix,FP3,MAZ,12.0,0 days 00:01:21.197000,1.0,clear_violation,TRACK LIMITS AT TURN 1
2021,Portuguese Grand Prix,FP3,MAZ,14.0,0 days 00:01:20.640000,4.0,clear_violation,TRACK LIMITS AT TURN 4
2021,Portuguese Grand Prix,FP3,MAZ,19.0,0 days 00:01:47.631000,1.0,clear_violation,TRACK LIMITS AT TURN 1
2021,Portuguese Grand Prix,FP3,GAS,2.0,0 days 00:01:20.525000,4.0,clear_violation,TRACK LIMITS AT TURN 4
2021,Portuguese Grand Prix,FP3,GAS,14.0,0 days 00:01:19.427000,1.0,clear_violation,TRACK LIMITS AT TURN 1
2021,Portuguese Grand Prix,FP3,GAS,16.0,0 days 00:01:20.140000,1.0,clear_violation,TRACK LIMITS AT TURN 1
2021,Portuguese Grand Prix,FP3,PER,15.0,0 days 00:01:28.366000,1.0,clear_violation,TRACK LIMITS AT TURN 1
2021,Portuguese Grand Prix,FP3,ALO,11.0,0 days 00:01:18.735000,1.0,clear_violation,TRACK LIMITS AT TURN 1
2021,Portuguese Grand Prix,FP3,ALO,14.0,0 days 00:01:29.474000,1.0,clear_violation,TRACK LIMITS AT TURN 1
2021,Portuguese Grand Prix,FP3,STR,14.0,0 days 00:01:20.007000,1.0,clear_violation,TRACK LIMITS AT TURN 1
2021,Portuguese Grand Prix,FP3,HAM,6.0,0 days 00:01:26.577000,1.0,clear_violation,TRACK LIMITS AT TURN 1
2021,Portuguese Grand Prix,FP3,HAM,20.0,0 days 00:01:39.149000,1.0,clear_violation,TRACK LIMITS AT TURN 1
2021,Portuguese Grand Prix,FP3,MSC,20.0,0 days 00:01:28.293000,4.0,clear_violation,TRACK LIMITS AT TURN 4
2021,Portuguese Grand Prix,FP3,SAI,16.0,0 days 00:01:19.460000,1.0,clear_violation,TRACK LIMITS AT TURN 1
2021,Portuguese Grand Prix,FP3,SAI,22.0,0 days 00:01:24.493000,4.0,clear_violation,TRACK LIMITS AT TURN 4
2021,Portuguese Grand Prix,Q,HAM,3.0,0 days 00:01:18.726000,1.0,clear_violation,TRACK LIMITS AT TURN 1
2021,Portuguese Grand Prix,Q,VER,16.0,0 days 00:01:18.209000,4.0,clear_violation,TRACK LIMITS AT TURN 4
2021,Portuguese Grand Prix,Q,LEC,3.0,0 days 00:01:36.555000,4.0,clear_violation,TRACK LIMITS AT TURN 4
2021,Portuguese Grand Prix,Q,GAS,25.0,0 days 00:01:19.375000,14.0,clear_violation,TRACK LIMITS AT TURN 14
2021,Portuguese Grand Prix,Q,RAI,4.0,0 days 00:01:20.740000,4.0,clear_violation,TRACK LIMITS AT TURN 4
2021,Portuguese Grand Prix,Q,RAI,12.0,0 days 00:01:26.919000,1.0,clear_violation,TRACK LIMITS AT TURN 1
2021,Portuguese Grand Prix,Q,MAZ,5.0,0 days 00:01:21.580000,1.0,clear_violation,TRACK LIMITS AT TURN 1
2021,Portuguese Grand Prix,R,GAS,30.0,0 days 00:01:23.003000,4.0,clear_violation,TRACK LIMITS AT TURN 4
2021,Portuguese Grand Prix,R,GAS,34.0,0 days 00:01:24.121000,1.0,clear_violation,TRACK LIMITS AT TURN 1
2021,Portuguese Grand Prix,R,GAS,39.0,0 days 00:01:22.961000,1.0,clear_violation,TRACK LIMITS AT TURN 1
2021,Portuguese Grand Prix,R,ALO,29.0,0 days 00:01:23.275000,1.0,clear_violation,TRACK LIMITS AT TURN 1
2021,Portuguese Grand Prix,R,ALO,40.0,0 days 00:01:28.031000,1.0,clear_violation,TRACK LIMITS AT TURN 1
2021,Portuguese Grand Prix,R,STR,19.0,0 days 00:01:23.890000,1.0,clear_violation,TRACK LIMITS AT TURN 1
2021,Portuguese Grand Prix,R,TSU,10.0,0 days 00:01:24.972000,4.0,clear_violation,TRACK LIMITS AT TURN 4
2021,Portuguese Grand Prix,R,TSU,11.0,0 days 00:01:24.489000,1.0,clear_violation,TRACK LIMITS AT TURN 1
2021,Portuguese Grand Prix,R,VER,24.0,0 days 00:01:22.813000,4.0,clear_violation,TRACK LIMITS AT TURN 4
2021,Portuguese Grand Prix,R,VER,66.0,0 days 00:01:19.849000,14.0,clear_violation,TRACK LIMITS AT TURN 14
2021,Portuguese Grand Prix,R,NOR,18.0,0 days 00:01:23.636000,4.0,clear_violation,TRACK LIMITS AT TURN 4
2021,Portuguese Grand Prix,R,MSC,11.0,0 days 00:01:25.244000,1.0,clear_violation,TRACK LIMITS AT TURN 1
2021,Portuguese Grand Prix,R,MSC,25.0,0 days 00:01:26.159000,1.0,clear_violation,TRACK LIMITS AT TURN 1
2021,Portuguese Grand Prix,R,VET,26.0,0 days 00:01:23.341000,1.0,clear_violation,TRACK LIMITS AT TURN 1
2021,Portuguese Grand Prix,R,VET,56.0,0 days 00:01:23.476000,1.0,clear_violation,TRACK LIMITS AT TURN 1
2021,Portuguese Grand Prix,R,LAT,30.0,0 days 00:01:24.292000,1.0,clear_violation,TRACK LIMITS AT TURN 1
2021,Portuguese Grand Prix,R,MAZ,8.0,0 days 00:01:28.577000,1.0,clear_violation,TRACK LIMITS AT TURN 1
2021,Portuguese Grand Prix,R,MAZ,12.0,0 days 00:01:25.308000,1.0,clear_violation,TRACK LIMITS AT TURN 1
2021,Portuguese Grand Prix,R,RAI,,,,no_advantage,MAIN STRAIGHT INCIDENT INVOLVING CARS 7 (RAI) AND 99 (GIO) NOTED - NO INVESTIGATION NECESSARY
2021,Spanish Grand Prix,FP1,LEC,16.0,0 days 00:01:34.401000,2.0,clear_violation,TRACK LIMITS AT TURN 2
2021,Spanish Grand Prix,FP1,SAI,15.0,0 days 00:01:50.541000,2.0,clear_violation,TRACK LIMITS AT TURN 2
2021,Spanish Grand Prix,FP1,MAZ,,,7.0,no_advantage,CAR 9 (MAZ) OFF TRACK AND CONTINUED AT TURN 7
2021,Spanish Grand Prix,FP1,HAM,,,2.0,no_advantage,CAR 44 (HAM) OFF TRACK AND CONTINUED AT TURN 2
2021,Spanish Grand Prix,FP1,SAI,,,2.0,no_advantage,CAR 55 (SAI) OFF TRACK AND CONTINUED AT TURN 2
2021,Spanish Grand Prix,FP1,LEC,,,2.0,no_advantage,CAR 16 (LEC) OFF TRACK AND CONTINUED AT TURN 2
2021,Spanish Grand Prix,FP1,SAI,,,13.0,no_advantage,CAR 55 (SAI) OFF TRACK AND CONTINUED AT TURN 13
2021,Spanish Grand Prix,FP2,LEC,,,2.0,no_advantage,CAR 16 (LEC) OFF TRACK AND CONTINUED AT TURN 2
2021,Spanish Grand Prix,FP3,RIC,,,13.0,no_advantage,CAR 3 (RIC) OFF TRACK AND CONTINUED AT TURN 13
2021,Spanish Grand Prix,FP3,RAI,,,13.0,no_advantage,CAR 7 (RAI) OFF TRACK AND CONTINUED AT TURN 13
2021,Spanish Grand Prix,FP3,NOR,,,10.0,no_advantage,CAR 4 (NOR) OFF TRACK AND CONTINUED AT TURN 10
2021,Spanish Grand Prix,Q,STR,,,13.0,no_advantage,CAR 18 (STR) OFF TRACK AND CONTINUED AT TURN 13
2021,Spanish Grand Prix,R,ALO,11.0,0 days 00:01:28.119000,2.0,clear_violation,TRACK LIMITS AT TURN 2
2021,Spanish Grand Prix,R,STR,60.0,0 days 00:01:27.774000,2.0,clear_violation,TRACK LIMITS AT TURN 2
2021,Spanish Grand Prix,R,MAZ,5.0,0 days 00:01:26.945000,2.0,clear_violation,TRACK LIMITS AT TURN 2
2021,Monaco Grand Prix,FP1,LAT,32.0,0 days 00:01:17.978000,10.0,clear_violation,TRACK LIMITS AT TURN 10
2021,Monaco Grand Prix,FP1,MAZ,17.0,0 days 00:01:37.749000,10.0,clear_violation,TRACK LIMITS AT TURN 10
2021,Monaco Grand Prix,FP1,MAZ,28.0,0 days 00:01:33.881000,10.0,clear_violation,TRACK LIMITS AT TURN 10
2021,Monaco Grand Prix,FP1,PER,27.0,0 days 00:01:35.267000,10.0,clear_violation,TRACK LIMITS AT TURN 10
2021,Monaco Grand Prix,FP1,PER,29.0,0 days 00:01:40.347000,10.0,clear_violation,TRACK LIMITS AT TURN 10
2021,Monaco Grand Prix,FP1,ALO,30.0,0 days 00:01:19.922000,10.0,clear_violation,TRACK LIMITS AT TURN 10
2021,Monaco Grand Prix,FP1,HAM,9.0,0 days 00:01:22.300000,10.0,clear_violation,TRACK LIMITS AT TURN 10
2021,Monaco Grand Prix,FP1,SAI,12.0,0 days 00:01:20.323000,10.0,clear_violation,TRACK LIMITS AT TURN 10
2021,Monaco Grand Prix,FP1,SAI,27.0,0 days 00:01:33.659000,10.0,clear_violation,TRACK LIMITS AT TURN 10
2021,Monaco Grand Prix,FP1,RUS,14.0,0 days 00:01:24.461000,10.0,clear_violation,TRACK LIMITS AT TURN 10
2021,Monaco Grand Prix,FP1,GIO,23.0,0 days 00:01:25.547000,10.0,clear_violation,TRACK LIMITS AT TURN 10
2021,Monaco Grand Prix,FP1,RAI,,,1.0,no_advantage,CAR 7 (RAI) OFF TRACK AND CONTINUED AT TURN 1
2021,Monaco Grand Prix,FP1,ALO,,,1.0,no_advantage,CAR 14 (ALO) OFF TRACK AND CONTINUED AT TURN 1
2021,Monaco Grand Prix,FP2,NOR,20.0,0 days 00:01:24.986000,10.0,clear_violation,TRACK LIMITS AT TURN 10
2021,Monaco Grand Prix,FP2,VET,7.0,0 days 00:01:44.723000,10.0,clear_violation,TRACK LIMITS AT TURN 10
2021,Monaco Grand Prix,FP2,VET,14.0,0 days 00:01:28.316000,10.0,clear_violation,TRACK LIMITS AT TURN 10
2021,Monaco Grand Prix,FP2,VET,18.0,0 days 00:01:49.420000,10.0,clear_violation,TRACK LIMITS AT TURN 10
2021,Monaco Grand Prix,FP2,MAZ,15.0,0 days 00:01:53.194000,10.0,clear_violation,TRACK LIMITS AT TURN 10
2021,Monaco Grand Prix,FP2,MAZ,22.0,0 days 00:01:19.340000,10.0,clear_violation,TRACK LIMITS AT TURN 10
2021,Monaco Grand Prix,FP2,PER,7.0,0 days 00:01:34.753000,10.0,clear_violation,TRACK LIMITS AT TURN 10
2021,Monaco Grand Prix,FP2,PER,14.0,0 days 00:01:32.501000,10.0,clear_violation,TRACK LIMITS AT TURN 10
2021,Monaco Grand Prix,FP2,PER,16.0,0 days 00:01:45.214000,10.0,clear_violation,TRACK LIMITS AT TURN 10
2021,Monaco Grand Prix,FP2,PER,18.0,0 days 00:01:43.473000,10.0,clear_violation,TRACK LIMITS AT TURN 10
2021,Monaco Grand Prix,FP2,LEC,6.0,0 days 00:01:27.489000,10.0,clear_violation,TRACK LIMITS AT TURN 10
2021,Monaco Grand Prix,FP2,LEC,26.0,0 days 00:01:27.612000,10.0,clear_violation,TRACK LIMITS AT TURN 10
2021,Monaco Grand Prix,FP2,STR,8.0,0 days 00:01:41.763000,10.0,clear_violation,TRACK LIMITS AT TURN 10
2021,Monaco Grand Prix,FP2,STR,17.0,0 days 00:01:49.388000,10.0,clear_violation,TRACK LIMITS AT TURN 10
2021,Monaco Grand Prix,FP2,TSU,8.0,0 days 00:01:34.353000,10.0,clear_violation,TRACK LIMITS AT TURN 10
2021,Monaco Grand Prix,FP2,OCO,16.0,0 days 00:01:51.717000,10.0,clear_violation,TRACK LIMITS AT TURN 10
2021,Monaco Grand Prix,FP2,HAM,4.0,0 days 00:01:24.369000,10.0,clear_violation,TRACK LIMITS AT TURN 10
2021,Monaco Grand Prix,FP2,HAM,16.0,0 days 00:01:30.624000,10.0,clear_violation,TRACK LIMITS AT TURN 10
2021,Monaco Grand Prix,FP2,HAM,19.0,0 days 00:01:34.213000,10.0,clear_violation,TRACK LIMITS AT TURN 10
2021,Monaco Grand Prix,FP2,HAM,20.0,0 days 00:01:19.162000,10.0,clear_violation,TRACK LIMITS AT TURN 10
2021,Monaco Grand Prix,FP2,HAM,24.0,0 days 00:01:17.154000,10.0,clear_violation,TRACK LIMITS AT TURN 10
2021,Monaco Grand Prix,FP2,SAI,6.0,0 days 00:01:25.202000,10.0,clear_violation,TRACK LIMITS AT TURN 10
2021,Monaco Grand Prix,FP2,SAI,10.0,0 days 00:01:32.296000,10.0,clear_violation,TRACK LIMITS AT TURN 10
2021,Monaco Grand Prix,FP2,SAI,20.0,0 days 00:01:43.673000,10.0,clear_violation,TRACK LIMITS AT TURN 10
2021,Monaco Grand Prix,FP2,RUS,4.0,0 days 00:01:22.795000,10.0,clear_violation,TRACK LIMITS AT TURN 10
2021,Monaco Grand Prix,FP2,RUS,16.0,0 days 00:01:36.899000,10.0,clear_violation,TRACK LIMITS AT TURN 10
2021,Monaco Grand Prix,FP2,BOT,17.0,0 days 00:01:15.649000,10.0,clear_violation,TRACK LIMITS AT TURN 10
2021,Monaco Grand Prix,FP3,RIC,9.0,0 days 00:01:26.177000,10.0,clear_violation,TRACK LIMITS AT TURN 10
2021,Monaco Grand Prix,FP3,RIC,11.0,0 days 00:01:31.491000,10.0,clear_violation,TRACK LIMITS AT TURN 10
2021,Monaco Grand Prix,FP3,RIC,15.0,0 days 00:01:16.770000,10.0,clear_violation,TRACK LIMITS AT TURN 10
2021,Monaco Grand Prix,FP3,RIC,17.0,0 days 00:01:34.552000,10.0,clear_violation,TRACK LIMITS AT TURN 10
2021,Monaco Grand Prix,FP3,RIC,23.0,0 days 00:01:18.708000,10.0,clear_violation,TRACK LIMITS AT TURN 10
2021,Monaco Grand Prix,FP3,VET,7.0,0 days 00:01:47.254000,10.0,clear_violation,TRACK LIMITS AT TURN 10
2021,Monaco Grand Prix,FP3,VET,11.0,0 days 00:01:31.570000,10.0,clear_violation,TRACK LIMITS AT TURN 10
2021,Monaco Grand Prix,FP3,LAT,3.0,0 days 00:01:20.039000,10.0,clear_violation,TRACK LIMITS AT TURN 10
2021,Monaco Grand Prix,FP3,RAI,8.0,0 days 00:01:27.867000,10.0,clear_violation,TRACK LIMITS AT TURN 10
2021,Monaco Grand Prix,FP3,RAI,10.0,0 days 00:01:38.329000,10.0,clear_violation,TRACK LIMITS AT TURN 10
2021,Monaco Grand Prix,FP3,MAZ,15.0,0 days 00:01:16.400000,10.0,clear_violation,TRACK LIMITS AT TURN 10
2021,Monaco Grand Prix,FP3,PER,9.0,0 days 00:01:46.673000,10.0,clear_violation,TRACK LIMITS AT TURN 10
2021,Monaco Grand Prix,FP3,LEC,4.0,0 days 00:01:32.164000,10.0,clear_violation,TRACK LIMITS AT TURN 10
2021,Monaco Grand Prix,FP3,LEC,10.0,0 days 00:01:32.538000,10.0,clear_violation,TRACK LIMITS AT TURN 10
2021,Monaco Grand Prix,FP3,LEC,14.0,0 days 00:01:37.184000,10.0,clear_violation,TRACK LIMITS AT TURN 10
2021,Monaco Grand Prix,FP3,LEC,19.0,0 days 00:01:33.346000,10.0,clear_violation,TRACK LIMITS AT TURN 10
2021,Monaco Grand Prix,FP3,LEC,25.0,0 days 00:01:43.130000,10.0,clear_violation,TRACK LIMITS AT TURN 10
2021,Monaco Grand Prix,FP3,STR,21.0,0 days 00:01:40.128000,10.0,clear_violation,TRACK LIMITS AT TURN 10
2021,Monaco Grand Prix,FP3,OCO,16.0,0 days 00:01:34.809000,10.0,clear_violation,TRACK LIMITS AT TURN 10
2021,Monaco Grand Prix,FP3,VER,9.0,0 days 00:01:37.120000,10.0,clear_violation,TRACK LIMITS AT TURN 10
2021,Monaco Grand Prix,FP3,VER,15.0,0 days 00:01:18.890000,10.0,clear_violation,TRACK LIMITS AT TURN 10
2021,Monaco Grand Prix,FP3,VER,17.0,0 days 00:01:39.206000,10.0,clear_violation,TRACK LIMITS AT TURN 10
2021,Monaco Grand Prix,FP3,HAM,6.0,0 days 00:01:24.931000,10.0,clear_violation,TRACK LIMITS AT TURN 10
2021,Monaco Grand Prix,FP3,HAM,16.0,0 days 00:01:22.618000,10.0,clear_violation,TRACK LIMITS AT TURN 10
2021,Monaco Grand Prix,FP3,HAM,18.0,0 days 00:01:17.089000,10.0,clear_violation,TRACK LIMITS AT TURN 10
2021,Monaco Grand Prix,FP3,SAI,6.0,0 days 00:01:46.464000,10.0,clear_violation,TRACK LIMITS AT TURN 10
2021,Monaco Grand Prix,FP3,SAI,7.0,0 days 00:01:18.741000,10.0,clear_violation,TRACK LIMITS AT TURN 10
2021,Monaco Grand Prix,FP3,SAI,18.0,0 days 00:01:28.718000,10.0,clear_violation,TRACK LIMITS AT TURN 10
2021,Monaco Grand Prix,FP3,SAI,26.0,0 days 00:01:39.397000,10.0,clear_violation,TRACK LIMITS AT TURN 10
2021,Monaco Grand Prix,FP3,RUS,6.0,0 days 00:01:44.537000,10.0,clear_violation,TRACK LIMITS AT TURN 10
2021,Monaco Grand Prix,FP3,RUS,21.0,0 days 00:01:31.583000,10.0,clear_violation,TRACK LIMITS AT TURN 10
2021,Monaco Grand Prix,FP3,BOT,4.0,0 days 00:01:25.269000,10.0,clear_violation,TRACK LIMITS AT TURN 10
2021,Monaco Grand Prix,FP3,LEC,,,1.0,no_advantage,CAR 16 (LEC) OFF TRACK AND CONTINUED AT TURN 1
2021,Monaco Grand Prix,FP3,BOT,,,1.0,no_advantage,CAR 77 (BOT) OFF TRACK AND CONTINUED AT TURN 1
2021,Monaco Grand Prix,Q,SAI,10.0,0 days 00:01:21.978000,10.0,clear_violation,TRACK LIMITS AT TURN 10
2021,Monaco Grand Prix,Q,SAI,12.0,0 days 00:01:39.777000,10.0,clear_violation,TRACK LIMITS AT TURN 10
2021,Monaco Grand Prix,Q,SAI,16.0,0 days 00:01:27.087000,10.0,clear_violation,TRACK LIMITS AT TURN 10
2021,Monaco Grand Prix,Q,HAM,10.0,0 days 00:01:25.284000,10.0,clear_violation,TRACK LIMITS AT TURN 10
2021,Monaco Grand Prix,Q,HAM,21.0,0 days 00:01:16.375000,10.0,clear_violation,TRACK LIMITS AT TURN 10
2021,Monaco Grand Prix,Q,VET,21.0,0 days 00:01:22.200000,10.0,clear_violation,TRACK LIMITS AT TURN 10
2021,Monaco Grand Prix,Q,RAI,14.0,0 days 00:01:33.014000,10.0,clear_violation,TRACK LIMITS AT TURN 10
2021,Monaco Grand Prix,Q,RUS,13.0,0 days 00:01:17.078000,10.0,clear_violation,TRACK LIMITS AT TURN 10
2021,Monaco Grand Prix,Q,RAI,,,1.0,no_advantage,CAR 7 (RAI) OFF TRACK AND CONTINUED AT TURN 1
2021,Monaco Grand Prix,R,NOR,10.0,0 days 00:01:17.190000,10.0,clear_violation,TRACK LIMITS AT TURN 10
2021,Monaco Grand Prix,R,NOR,18.0,0 days 00:01:16.602000,10.0,clear_violation,TRACK LIMITS AT TURN 10
2021,Monaco Grand Prix,R,GAS,19.0,0 days 00:01:17.309000,10.0,clear_violation,TRACK LIMITS AT TURN 10
2021,Monaco Grand Prix,R,HAM,64.0,0 days 00:01:16.498000,10.0,clear_violation,TRACK LIMITS AT TURN 10
2021,Monaco Grand Prix,R,STR,45.0,0 days 00:01:17.562000,10.0,clear_violation,TRACK LIMITS AT TURN 10
2021,Monaco Grand Prix,R,GIO,37.0,0 days 00:01:16.038000,10.0,clear_violation,TRACK LIMITS AT TURN 10
2021,Monaco Grand Prix,R,RIC,46.0,0 days 00:01:22.040000,10.0,clear_violation,TRACK LIMITS AT TURN 10
2021,Monaco Grand Prix,R,RUS,56.0,0 days 00:01:23.427000,10.0,clear_violation,TRACK LIMITS AT TURN 10
2021,Monaco Grand Prix,R,LAT,45.0,0 days 00:01:16.122000,10.0,clear_violation,TRACK LIMITS AT TURN 10
2021,Monaco Grand Prix,R,LAT,56.0,0 days 00:01:17.179000,10.0,clear_violation,TRACK LIMITS AT TURN 10
2021,Monaco Grand Prix,R,TSU,34.0,0 days 00:01:17.043000,10.0,clear_violation,TRACK LIMITS AT TURN 10
2021,Monaco Grand Prix,R,TSU,74.0,0 days 00:01:17.043000,10.0,clear_violation,TRACK LIMITS AT TURN 10
2021,Monaco Grand Prix,R,MAZ,7.0,0 days 00:01:19.535000,10.0,clear_violation,TRACK LIMITS AT TURN 10
2021,Monaco Grand Prix,R,MAZ,12.0,0 days 00:01:18.904000,10.0,clear_violation,TRACK LIMITS AT TURN 10
2021,Monaco Grand Prix,R,MAZ,39.0,0 days 00:01:21.209000,10.0,clear_violation,TRACK LIMITS AT TURN 10
2021,Monaco Grand Prix,R,MAZ,42.0,0 days 00:01:20.555000,10.0,clear_violation,TRACK LIMITS AT TURN 10
2021,Monaco Grand Prix,R,MAZ,43.0,0 days 00:01:22.757000,10.0,clear_violation,TRACK LIMITS AT TURN 10
2021,Monaco Grand Prix,R,MAZ,46.0,0 days 00:01:22.519000,10.0,clear_violation,TRACK LIMITS AT TURN 10
2021,Monaco Grand Prix,R,MAZ,68.0,0 days 00:01:20.632000,10.0,clear_violation,TRACK LIMITS AT TURN 10
2021,Monaco Grand Prix,R,MSC,25.0,0 days 00:01:22.457000,10.0,clear_violation,TRACK LIMITS AT TURN 10
2021,Monaco Grand Prix,R,MSC,26.0,0 days 00:01:23.437000,10.0,clear_violation,TRACK LIMITS AT TURN 10
2021,Monaco Grand Prix,R,MSC,38.0,0 days 00:01:26.398000,10.0,clear_violation,TRACK LIMITS AT TURN 10
2021,Monaco Grand Prix,R,MSC,39.0,0 days 00:01:24.818000,10.0,clear_violation,TRACK LIMITS AT TURN 10
2021,Azerbaijan Grand Prix,FP1,HAM,,,15.0,no_advantage,CAR 44 (HAM) OFF TRACK AND CONTINUED AT TURN 15
2021,Azerbaijan Grand Prix,FP1,TSU,,,15.0,no_advantage,CAR 22 (TSU) OFF TRACK AND CONTINUED AT TURN 15
2021,Azerbaijan Grand Prix,FP1,GAS,,,15.0,no_advantage,CAR 10 (GAS) OFF TRACK AND CONTINUED AT TURN 15
2021,Azerbaijan Grand Prix,FP1,SAI,,,15.0,no_advantage,CAR 55 (SAI) OFF TRACK AND CONTINUED AT TURN 15
2021,Azerbaijan Grand Prix,FP1,MSC,,,4.0,no_advantage,CAR 47 (MSC) OFF TRACK AND CONTINUED AT TURN 4
2021,Azerbaijan Grand Prix,FP1,BOT,,,2.0,no_advantage,CAR 77 (BOT) OFF TRACK AND CONTINUED AT TURN 2
2021,Azerbaijan Grand Prix,FP1,NOR,,,2.0,no_advantage,CAR 4 (NOR) OFF TRACK AND CONTINUED AT TURN 2
2021,Azerbaijan Grand Prix,FP2,BOT,,,1.0,no_advantage,CAR 77 (BOT) OFF TRACK AND CONTINUED AT TURN 1
2021,Azerbaijan Grand Prix,FP2,NOR,,,15.0,no_advantage,CAR 4 (NOR) OFF TRACK AND CONTINUED AT TURN 15
2021,Azerbaijan Grand Prix,FP2,LAT,,,2.0,no_advantage,CAR 6 (LAT) OFF TRACK AND CONTINUED AT TURN 2
2021,Azerbaijan Grand Prix,FP2,MAZ,,,1.0,no_advantage,CAR 9 (MAZ) OFF TRACK AND CONTINUED AT TURN 1
2021,Azerbaijan Grand Prix,FP2,LAT,,,15.0,no_advantage,CAR 6 (LAT) OFF TRACK AND CONTINUED AT TURN 15
2021,Azerbaijan Grand Prix,FP2,TSU,,,2.0,no_advantage,CAR 22 (TSU) OFF TRACK AND CONTINUED AT TURN 2
2021,Azerbaijan Grand Prix,FP2,GAS,,,15.0,no_advantage,CAR 10 (GAS) OFF TRACK AND CONTINUED AT TURN 15
2021,Azerbaijan Grand Prix,FP2,VET,,,2.0,no_advantage,CAR 5 (VET) OFF TRACK AND CONTINUED AT TURN 2
2021,Azerbaijan Grand Prix,FP3,BOT,,,3.0,no_advantage,CAR 77 (BOT) OFF TRACK AND CONTINUED AT TURN 3
2021,Azerbaijan Grand Prix,FP3,VER,,,4.0,no_advantage,CAR 33 (VER) OFF TRACK AND CONTINUED AT TURN 4
2021,Azerbaijan Grand Prix,FP3,RAI,,,1.0,no_advantage,CAR 7 (RAI) OFF TRACK AND CONTINUED AT TURN 1
2021,Azerbaijan Grand Prix,FP3,LAT,,,3.0,no_advantage,CAR 6 (LAT) OFF TRACK AND CONTINUED AT TURN 3
2021,Azerbaijan Grand Prix,FP3,SAI,,,15.0,no_advantage,CAR 55 (SAI) OFF TRACK AND CONTINUED AT TURN 15
2021,Azerbaijan Grand Prix,FP3,MSC,,,15.0,no_advantage,CAR 47 (MSC) OFF TRACK AND CONTINUED AT TURN 15
2021,Azerbaijan Grand Prix,FP3,VET,,,15.0,no_advantage,CAR 5 (VET) OFF TRACK AND CONTINUED AT TURN 15
2021,Azerbaijan Grand Prix,Q,MAZ,,,3.0,no_advantage,CAR 9 (MAZ) OFF TRACK AND CONTINUED AT TURN 3
2021,Azerbaijan Grand Prix,R,SAI,,,8.0,no_advantage,CAR 55 (SAI) OFF TRACK AND CONTINUED AT TURN 8
2021,Azerbaijan Grand Prix,R,BOT,,,16.0,no_advantage,CAR 77 (BOT) OFF TRACK AND CONTINUED AT TURN 16
2021,Azerbaijan Grand Prix,R,MAZ,,,4.0,no_advantage,CAR 9 (MAZ) OFF TRACK AND CONTINUED AT TURN 4
2021,French Grand Prix,FP1,MSC,,,3.0,no_advantage,CAR 47 (MSC) OFF TRACK AND CONTINUED AT TURN 3
2021,French Grand Prix,FP1,RAI,,,2.0,no_advantage,CAR 7 (RAI) OFF TRACK AND CONTINUED AT TURN 2
2021,French Grand Prix,FP1,SAI,,,4.0,no_advantage,CAR 55 (SAI) OFF TRACK AND CONTINUED AT TURN 4
2021,French Grand Prix,FP1,GAS,,,2.0,no_advantage,CAR 10 (GAS) OFF TRACK AND CONTINUED AT TURN 2
2021,French Grand Prix,FP1,RAI,,,6.0,no_advantage,CAR 7 (RAI) OFF TRACK AND CONTINUED AT TURN 6
2021,French Grand Prix,FP1,NIS,,,7.0,no_advantage,CAR 45 (NIS) OFF TRACK AND CONTINUED AT TURN 7
2021,French Grand Prix,FP1,SAI,,,11.0,no_advantage,CAR 55 (SAI) OFF TRACK AND CONTINUED AT TURN 11
2021,French Grand Prix,FP2,TSU,,,6.0,no_advantage,CAR 22 (TSU) OFF TRACK AND CONTINUED AT TURN 6
2021,French Grand Prix,FP2,NOR,,,6.0,no_advantage,CAR 4 (NOR) OFF TRACK AND CONTINUED AT TURN 6
2021,French Grand Prix,FP2,SAI,,,6.0,no_advantage,CAR 55 (SAI) OFF TRACK AND CONTINUED AT TURN 6
2021,French Grand Prix,FP2,MSC,,,2.0,no_advantage,CAR 47 (MSC) OFF TRACK AND CONTINUED AT TURN 2
2021,French Grand Prix,FP2,LEC,,,6.0,no_advantage,CAR 16 (LEC) OFF TRACK AND CONTINUED AT TURN 6
2021,French Grand Prix,FP2,MAZ,,,7.0,no_advantage,CAR 9 (MAZ) OFF TRACK AND CONTINUED AT TURN 7
2021,French Grand Prix,FP2,VER,,,6.0,no_advantage,CAR 33 (VER) OFF TRACK AND CONTINUED AT TURN 6
2021,French Grand Prix,FP3,NOR,2.0,0 days 00:01:33.845000,6.0,clear_violation,TRACK LIMITS AT TURN 6
2021,French Grand Prix,FP3,RAI,7.0,0 days 00:01:33.445000,6.0,clear_violation,TRACK LIMITS AT TURN 6
2021,French Grand Prix,FP3,MAZ,9.0,0 days 00:01:34.865000,6.0,clear_violation,TRACK LIMITS AT TURN 6
2021,French Grand Prix,FP3,GAS,2.0,0 days 00:01:34.118000,6.0,clear_violation,TRACK LIMITS AT TURN 6
2021,French Grand Prix,FP3,TSU,7.0,0 days 00:01:33.412000,6.0,clear_violation,TRACK LIMITS AT TURN 6
2021,French Grand Prix,FP3,TSU,15.0,0 days 00:01:32.900000,6.0,clear_violation,TRACK LIMITS AT TURN 6
2021,French Grand Prix,FP3,VER,5.0,0 days 00:01:32.024000,6.0,clear_violation,TRACK LIMITS AT TURN 6
2021,French Grand Prix,FP3,SAI,2.0,0 days 00:01:34.856000,6.0,clear_violation,TRACK LIMITS AT TURN 6
2021,French Grand Prix,FP3,SAI,16.0,0 days 00:01:32.560000,6.0,clear_violation,TRACK LIMITS AT TURN 6
2021,French Grand Prix,FP3,GIO,8.0,0 days 00:01:33.586000,6.0,clear_violation,TRACK LIMITS AT TURN 6
2021,French Grand Prix,FP3,GIO,,,2.0,no_advantage,CAR 99 (GIO) OFF TRACK AND CONTINUED AT TURN 2
2021,French Grand Prix,FP3,MAZ,,,2.0,no_advantage,CAR 9 (MAZ) OFF TRACK AND CONTINUED AT TURN 2
2021,French Grand Prix,FP3,BOT,,,2.0,no_advantage,CAR 77 (BOT) OFF TRACK AND CONTINUED AT TURN 2
2021,French Grand Prix,FP3,SAI,,,2.0,no_advantage,CAR 55 (SAI) OFF TRACK AND CONTINUED AT TURN 2
2021,French Grand Prix,Q,GAS,15.0,0 days 00:01:31.416000,6.0,clear_violation,TRACK LIMITS AT TURN 6
2021,French Grand Prix,Q,GAS,18.0,0 days 00:01:31.410000,6.0,clear_violation,TRACK LIMITS AT TURN 6
2021,French Grand Prix,Q,STR,3.0,0 days 00:01:32.122000,6.0,clear_violation,TRACK LIMITS AT TURN 6
2021,French Grand Prix,Q,NOR,8.0,0 days 00:01:31.520000,6.0,clear_violation,TRACK LIMITS AT TURN 6
2021,French Grand Prix,Q,MAZ,,,2.0,no_advantage,CAR 9 (MAZ) OFF TRACK AND CONTINUED AT TURN 2
2021,French Grand Prix,Q,VET,,,2.0,no_advantage,CAR 5 (VET) OFF TRACK AND CONTINUED AT TURN 2
2021,French Grand Prix,Q,SAI,,,2.0,no_advantage,CAR 55 (SAI) OFF TRACK AND CONTINUED AT TURN 2
2021,French Grand Prix,Q,VER,,,2.0,no_advantage,CAR 33 (VER) OFF TRACK AND CONTINUED AT TURN 2
2021,French Grand Prix,R,GIO,13.0,0 days 00:01:41.689000,6.0,clear_violation,TRACK LIMITS AT TURN 6
2021,French Grand Prix,R,VER,,,2.0,no_advantage,TURN 2 INCIDENT INVOLVING CAR 33 (VER) NOTED - NO INVESTIGATION NECESSARY
2021,French Grand Prix,R,NOR,,,11.0,no_advantage,TURN 11 INCIDENT INVOLVING CARS 4 (NOR) AND 10 (GAS) - NO INVESTIGATION NECESSARY
2021,Styrian Grand Prix,FP1,NOR,16.0,0 days 00:01:06.914000,10.0,clear_violation,TRACK LIMITS AT TURN 10
2021,Styrian Grand Prix,FP1,NOR,20.0,0 days 00:01:11.003000,10.0,clear_violation,TRACK LIMITS AT TURN 10
2021,Styrian Grand Prix,FP1,NOR,21.0,0 days 00:01:10.616000,10.0,clear_violation,TRACK LIMITS AT TURN 10
2021,Styrian Grand Prix,FP1,NOR,27.0,0 days 00:01:10.987000,10.0,clear_violation,TRACK LIMITS AT TURN 10
2021,Styrian Grand Prix,FP1,NOR,28.0,0 days 00:01:10.847000,10.0,clear_violation,TRACK LIMITS AT TURN 10
2021,Styrian Grand Prix,FP1,NOR,29.0,0 days 00:01:10.750000,10.0,clear_violation,TRACK LIMITS AT TURN 10
2021,Styrian Grand Prix,FP1,MAZ,11.0,0 days 00:01:08.835000,9.0,clear_violation,TRACK LIMITS AT TURN 9
2021,Styrian Grand Prix,FP1,MAZ,18.0,0 days 00:01:12.590000,9.0,clear_violation,TRACK LIMITS AT TURN 9
2021,Styrian Grand Prix,FP1,GAS,7.0,0 days 00:01:06.979000,10.0,clear_violation,TRACK LIMITS AT TURN 10
2021,Styrian Grand Prix,FP1,GAS,17.0,0 days 00:01:06.547000,10.0,clear_violation,TRACK LIMITS AT TURN 10
2021,Styrian Grand Prix,FP1,ALO,9.0,0 days 00:01:07.278000,9.0,clear_violation,TRACK LIMITS AT TURN 9
2021,Styrian Grand Prix,FP1,ALO,11.0,0 days 00:01:07.182000,10.0,clear_violation,TRACK LIMITS AT TURN 10
2021,Styrian Grand Prix,FP1,ALO,14.0,0 days 00:01:06.475000,9.0,clear_violation,TRACK LIMITS AT TURN 9
2021,Styrian Grand Prix,FP1,OCO,6.0,0 days 00:01:07.809000,9.0,clear_violation,TRACK LIMITS AT TURN 9
2021,Styrian Grand Prix,FP1,VER,6.0,0 days 00:01:06.649000,10.0,clear_violation,TRACK LIMITS AT TURN 10
2021,Styrian Grand Prix,FP1,HAM,8.0,0 days 00:01:06.987000,10.0,clear_violation,TRACK LIMITS AT TURN 10
2021,Styrian Grand Prix,FP1,HAM,23.0,0 days 00:01:10.025000,10.0,clear_violation,TRACK LIMITS AT TURN 10
2021,Styrian Grand Prix,FP1,HAM,24.0,0 days 00:01:09.992000,10.0,clear_violation,TRACK LIMITS AT TURN 10
2021,Styrian Grand Prix,FP1,SAI,8.0,0 days 00:01:07.518000,10.0,clear_violation,TRACK LIMITS AT TURN 10
2021,Styrian Grand Prix,FP1,SAI,9.0,0 days 00:01:43.978000,10.0,clear_violation,TRACK LIMITS AT TURN 10
2021,Styrian Grand Prix,FP1,BOT,19.0,0 days 00:01:06.155000,10.0,clear_violation,TRACK LIMITS AT TURN 10
2021,Styrian Grand Prix,FP2,NOR,11.0,0 days 00:01:06.207000,10.0,clear_violation,TRACK LIMITS AT TURN 10
2021,Styrian Grand Prix,FP2,NOR,27.0,0 days 00:01:10.432000,10.0,clear_violation,TRACK LIMITS AT TURN 10
2021,Styrian Grand Prix,FP2,NOR,28.0,0 days 00:01:10.627000,10.0,clear_violation,TRACK LIMITS AT TURN 10
2021,Styrian Grand Prix,FP2,NOR,31.0,0 days 00:01:11.128000,9.0,clear_violation,TRACK LIMITS AT TURN 9
2021,Styrian Grand Prix,FP2,NOR,33.0,0 days 00:01:28.304000,10.0,clear_violation,TRACK LIMITS AT TURN 10
2021,Styrian Grand Prix,FP2,NOR,34.0,0 days 00:01:10.196000,10.0,clear_violation,TRACK LIMITS AT TURN 10
2021,Styrian Grand Prix,FP2,VET,32.0,0 days 00:01:11.136000,10.0,clear_violation,TRACK LIMITS AT TURN 10
2021,Styrian Grand Prix,FP2,VET,33.0,0 days 00:01:10.153000,10.0,clear_violation,TRACK LIMITS AT TURN 10
2021,Styrian Grand Prix,FP2,MAZ,9.0,0 days 00:01:07.315000,9.0,clear_violation,TRACK LIMITS AT TURN 9
2021,Styrian Grand Prix,FP2,MAZ,15.0,0 days 00:01:12.690000,9.0,clear_violation,TRACK LIMITS AT TURN 9
2021,Styrian Grand Prix,FP2,MAZ,24.0,0 days 00:01:11.674000,9.0,clear_violation,TRACK LIMITS AT TURN 9
2021,Styrian Grand Prix,FP2,ALO,8.0,0 days 00:01:06.700000,9.0,clear_violation,TRACK LIMITS AT TURN 9
2021,Styrian Grand Prix,FP2,ALO,21.0,0 days 00:01:09.663000,10.0,clear_violation,TRACK LIMITS AT TURN 10
2021,Styrian Grand Prix,FP2,ALO,22.0,0 days 00:01:09.865000,10.0,clear_violation,TRACK LIMITS AT TURN 10
2021,Styrian Grand Prix,FP2,TSU,30.0,0 days 00:01:11.199000,10.0,clear_violation,TRACK LIMITS AT TURN 10
2021,Styrian Grand Prix,FP2,TSU,31.0,0 days 00:01:10.509000,10.0,clear_violation,TRACK LIMITS AT TURN 10
2021,Styrian Grand Prix,FP2,TSU,37.0,0 days 00:01:11.046000,10.0,clear_violation,TRACK LIMITS AT TURN 10
2021,Styrian Grand Prix,FP2,VER,26.0,0 days 00:01:09.461000,10.0,clear_violation,TRACK LIMITS AT TURN 10
2021,Styrian Grand Prix,FP2,VER,27.0,0 days 00:01:09.469000,10.0,clear_violation,TRACK LIMITS AT TURN 10
2021,Styrian Grand Prix,FP2,HAM,14.0,0 days 00:01:05.335000,10.0,clear_violation,TRACK LIMITS AT TURN 10
2021,Styrian Grand Prix,FP2,HAM,15.0,0 days 00:01:44.194000,10.0,clear_violation,TRACK LIMITS AT TURN 10
2021,Styrian Grand Prix,FP2,HAM,21.0,0 days 00:01:09.456000,9.0,clear_violation,TRACK LIMITS AT TURN 9
2021,Styrian Grand Prix,FP2,HAM,27.0,0 days 00:01:09.430000,10.0,clear_violation,TRACK LIMITS AT TURN 10
2021,Styrian Grand Prix,FP2,HAM,28.0,0 days 00:01:09.936000,10.0,clear_violation,TRACK LIMITS AT TURN 10
2021,Styrian Grand Prix,FP2,GIO,8.0,0 days 00:01:06.861000,10.0,clear_violation,TRACK LIMITS AT TURN 10
2021,Styrian Grand Prix,FP3,NOR,8.0,0 days 00:01:12.872000,9.0,clear_violation,TRACK LIMITS AT TURN 9
2021,Styrian Grand Prix,FP3,NOR,12.0,0 days 00:01:05.228000,10.0,clear_violation,TRACK LIMITS AT TURN 10
2021,Styrian Grand Prix,FP3,NOR,13.0,0 days 00:02:04.414000,10.0,clear_violation,TRACK LIMITS AT TURN 10
2021,Styrian Grand Prix,FP3,RAI,2.0,0 days 00:01:06.778000,9.0,clear_violation,TRACK LIMITS AT TURN 9
2021,Styrian Grand Prix,FP3,MAZ,3.0,0 days 00:01:11.322000,9.0,clear_violation,TRACK LIMITS AT TURN 9
2021,Styrian Grand Prix,FP3,MAZ,6.0,0 days 00:01:11.330000,10.0,clear_violation,TRACK LIMITS AT TURN 10
2021,Styrian Grand Prix,FP3,MAZ,11.0,0 days 00:01:07.033000,10.0,clear_violation,TRACK LIMITS AT TURN 10
2021,Styrian Grand Prix,FP3,MAZ,12.0,0 days 00:01:57.470000,10.0,clear_violation,TRACK LIMITS AT TURN 10
2021,Styrian Grand Prix,FP3,ALO,4.0,0 days 00:01:06.980000,10.0,clear_violation,TRACK LIMITS AT TURN 10
2021,Styrian Grand Prix,FP3,ALO,5.0,0 days 00:01:51.800000,10.0,clear_violation,TRACK LIMITS AT TURN 10
2021,Styrian Grand Prix,FP3,LEC,17.0,0 days 00:01:05.398000,9.0,clear_violation,TRACK LIMITS AT TURN 9
2021,Styrian Grand Prix,FP3,TSU,4.0,0 days 00:01:06.387000,10.0,clear_violation,TRACK LIMITS AT TURN 10
2021,Styrian Grand Prix,FP3,TSU,5.0,0 days 00:01:48.779000,10.0,clear_violation,TRACK LIMITS AT TURN 10
2021,Styrian Grand Prix,FP3,VER,13.0,0 days 00:01:04.570000,10.0,clear_violation,TRACK LIMITS AT TURN 10
2021,Styrian Grand Prix,FP3,VER,14.0,0 days 00:01:41.204000,10.0,clear_violation,TRACK LIMITS AT TURN 10
2021,Styrian Grand Prix,FP3,MSC,17.0,0 days 00:01:06.116000,10.0,clear_violation,TRACK LIMITS AT TURN 10
2021,Styrian Grand Prix,FP3,MSC,18.0,0 days 00:02:04.787000,10.0,clear_violation,TRACK LIMITS AT TURN 10
2021,Styrian Grand Prix,FP3,SAI,2.0,0 days 00:01:06.817000,9.0,clear_violation,TRACK LIMITS AT TURN 9
2021,Styrian Grand Prix,Q,HAM,23.0,0 days 00:01:06.385000,9.0,clear_violation,TRACK LIMITS AT TURN 9
2021,Styrian Grand Prix,Q,GAS,5.0,0 days 00:01:04.827000,10.0,clear_violation,TRACK LIMITS AT TURN 10
2021,Styrian Grand Prix,Q,TSU,14.0,0 days 00:01:04.656000,10.0,clear_violation,TRACK LIMITS AT TURN 10
2021,Styrian Grand Prix,Q,STR,14.0,0 days 00:01:04.775000,10.0,clear_violation,TRACK LIMITS AT TURN 10
2021,Styrian Grand Prix,Q,SAI,14.0,0 days 00:01:04.711000,9.0,clear_violation,TRACK LIMITS AT TURN 9
2021,Styrian Grand Prix,Q,VET,14.0,0 days 00:01:04.711000,10.0,clear_violation,TRACK LIMITS AT TURN 10
2021,Styrian Grand Prix,Q,MAZ,2.0,0 days 00:01:07.229000,9.0,clear_violation,TRACK LIMITS AT TURN 9
2021,Styrian Grand Prix,R,HAM,5.0,0 days 00:01:09.865000,9.0,clear_violation,TRACK LIMITS AT TURN 9
2021,Styrian Grand Prix,R,HAM,56.0,0 days 00:01:08.969000,10.0,clear_violation,TRACK LIMITS AT TURN 10
2021,Styrian Grand Prix,R,HAM,57.0,0 days 00:01:09.001000,10.0,clear_violation,TRACK LIMITS AT TURN 10
2021,Styrian Grand Prix,R,NOR,7.0,0 days 00:01:10.987000,10.0,clear_violation,TRACK LIMITS AT TURN 10
2021,Styrian Grand Prix,R,NOR,8.0,0 days 00:01:11.203000,10.0,clear_violation,TRACK LIMITS AT TURN 10
2021,Styrian Grand Prix,R,LEC,48.0,0 days 00:01:09.518000,10.0,clear_violation,TRACK LIMITS AT TURN 10
2021,Styrian Grand Prix,R,LEC,49.0,0 days 00:01:09.411000,10.0,clear_violation,TRACK LIMITS AT TURN 10
2021,Styrian Grand Prix,R,LEC,51.0,0 days 00:01:09.968000,10.0,clear_violation,TRACK LIMITS AT TURN 10
2021,Styrian Grand Prix,R,LEC,52.0,0 days 00:01:10.244000,10.0,clear_violation,TRACK LIMITS AT TURN 10
2021,Styrian Grand Prix,R,TSU,28.0,0 days 00:01:10.925000,9.0,clear_violation,TRACK LIMITS AT TURN 9
2021,Styrian Grand Prix,R,TSU,69.0,0 days 00:01:10.426000,9.0,clear_violation,TRACK LIMITS AT TURN 9
2021,Styrian Grand Prix,R,RAI,64.0,0 days 00:01:09.813000,10.0,clear_violation,TRACK LIMITS AT TURN 10
2021,Styrian Grand Prix,R,RAI,65.0,0 days 00:01:10.153000,10.0,clear_violation,TRACK LIMITS AT TURN 10
2021,Styrian Grand Prix,R,VET,66.0,0 days 00:01:10.273000,10.0,clear_violation,TRACK LIMITS AT TURN 10
2021,Styrian Grand Prix,R,VET,67.0,0 days 00:01:11.239000,10.0,clear_violation,TRACK LIMITS AT TURN 10
2021,Styrian Grand Prix,R,MAZ,28.0,0 days 00:01:11.708000,9.0,clear_violation,TRACK LIMITS AT TURN 9
2021,Styrian Grand Prix,R,,,,3.0,no_advantage,TURN 3 INCIDENT LAP 1 NOTED - NO INVESTIGATION NECESSARY
2021,Austrian Grand Prix,FP1,VET,21.0,0 days 00:01:06.205000,10.0,clear_violation,TRACK LIMITS AT TURN 10
2021,Austrian Grand Prix,FP1,VET,22.0,0 days 00:01:44.478000,10.0,clear_violation,TRACK LIMITS AT TURN 10
2021,Austrian Grand Prix,FP1,RAI,6.0,0 days 00:01:06.406000,10.0,clear_violation,TRACK LIMITS AT TURN 10
2021,Austrian Grand Prix,FP1,RAI,7.0,0 days 00:01:47.826000,10.0,clear_violation,TRACK LIMITS AT TURN 10
2021,Austrian Grand Prix,FP1,RAI,13.0,0 days 00:01:05.746000,10.0,clear_violation,TRACK LIMITS AT TURN 10
2021,Austrian Grand Prix,FP1,RAI,14.0,0 days 00:02:01.409000,10.0,clear_violation,TRACK LIMITS AT TURN 10
2021,Austrian Grand Prix,FP1,RAI,19.0,0 days 00:01:06.054000,10.0,clear_violation,TRACK LIMITS AT TURN 10
2021,Austrian Grand Prix,FP1,MAZ,12.0,0 days 00:01:07.593000,9.0,clear_violation,TRACK LIMITS AT TURN 9
2021,Austrian Grand Prix,FP1,MAZ,23.0,0 days 00:01:07.284000,10.0,clear_violation,TRACK LIMITS AT TURN 10
2021,Austrian Grand Prix,FP1,MAZ,24.0,0 days 00:01:56.097000,10.0,clear_violation,TRACK LIMITS AT TURN 10
2021,Austrian Grand Prix,FP1,GAS,2.0,0 days 00:01:06.375000,10.0,clear_violation,TRACK LIMITS AT TURN 10
2021,Austrian Grand Prix,FP1,GAS,3.0,0 days 00:01:44.792000,10.0,clear_violation,TRACK LIMITS AT TURN 10
2021,Austrian Grand Prix,FP1,GAS,12.0,0 days 00:01:06.103000,9.0,clear_violation,TRACK LIMITS AT TURN 9
2021,Austrian Grand Prix,FP1,GAS,26.0,0 days 00:01:10.127000,10.0,clear_violation,TRACK LIMITS AT TURN 10
2021,Austrian Grand Prix,FP1,GAS,29.0,0 days 00:01:09.469000,10.0,clear_violation,TRACK LIMITS AT TURN 10
2021,Austrian Grand Prix,FP1,GAS,30.0,0 days 00:01:09.957000,10.0,clear_violation,TRACK LIMITS AT TURN 10
2021,Austrian Grand Prix,FP1,GAS,33.0,0 days 00:01:10.032000,10.0,clear_violation,TRACK LIMITS AT TURN 10
2021,Austrian Grand Prix,FP1,GAS,34.0,0 days 00:01:10.286000,10.0,clear_violation,TRACK LIMITS AT TURN 10
2021,Austrian Grand Prix,FP1,TSU,11.0,0 days 00:01:06.165000,10.0,clear_violation,TRACK LIMITS AT TURN 10
2021,Austrian Grand Prix,FP1,TSU,12.0,0 days 00:01:36.453000,10.0,clear_violation,TRACK LIMITS AT TURN 10
2021,Austrian Grand Prix,FP1,TSU,25.0,0 days 00:01:10.321000,10.0,clear_violation,TRACK LIMITS AT TURN 10
2021,Austrian Grand Prix,FP1,TSU,26.0,0 days 00:01:10.596000,10.0,clear_violation,TRACK LIMITS AT TURN 10
2021,Austrian Grand Prix,FP1,HAM,5.0,0 days 00:01:09.895000,10.0,clear_violation,TRACK LIMITS AT TURN 10
2021,Austrian Grand Prix,FP1,HAM,6.0,0 days 00:01:09.763000,10.0,clear_violation,TRACK LIMITS AT TURN 10
2021,Austrian Grand Prix,FP1,HAM,7.0,0 days 00:01:09.715000,10.0,clear_violation,TRACK LIMITS AT TURN 10
2021,Austrian Grand Prix,FP1,MSC,23.0,0 days 00:01:09.374000,9.0,clear_violation,TRACK LIMITS AT TURN 9
2021,Austrian Grand Prix,FP1,ILO,8.0,0 days 00:01:07.640000,10.0,clear_violation,TRACK LIMITS AT TURN 10
2021,Austrian Grand Prix,FP1,ILO,9.0,0 days 00:01:43.994000,10.0,clear_violation,TRACK LIMITS AT TURN 10
2021,Austrian Grand Prix,FP1,ILO,10.0,0 days 00:01:07.324000,10.0,clear_violation,TRACK LIMITS AT TURN 10
2021,Austrian Grand Prix,FP1,TSU,,,5.0,no_advantage,CAR 22 (TSU) OFF TRACK AND CONTINUED AT TURN 5
2021,Austrian Grand Prix,FP1,STR,,,7.0,no_advantage,CAR 18 (STR) OFF TRACK AND CONTINUED AT TURN 7
2021,Austrian Grand Prix,FP2,LAT,9.0,0 days 00:01:06.690000,9.0,clear_violation,TRACK LIMITS AT TURN 9
2021,Austrian Grand Prix,FP2,LAT,14.0,0 days 00:01:06.189000,10.0,clear_violation,TRACK LIMITS AT TURN 10
2021,Austrian Grand Prix,FP2,RAI,4.0,0 days 00:01:06.170000,10.0,clear_violation,TRACK LIMITS AT TURN 10
2021,Austrian Grand Prix,FP2,RAI,14.0,0 days 00:01:05.405000,10.0,clear_violation,TRACK LIMITS AT TURN 10
2021,Austrian Grand Prix,FP2,RAI,15.0,0 days 00:01:52.348000,10.0,clear_violation,TRACK LIMITS AT TURN 10
2021,Austrian Grand Prix,FP2,MAZ,4.0,0 days 00:01:10.142000,9.0,clear_violation,TRACK LIMITS AT TURN 9
2021,Austrian Grand Prix,FP2,MAZ,11.0,0 days 00:01:06.630000,9.0,clear_violation,TRACK LIMITS AT TURN 9
2021,Austrian Grand Prix,FP2,MAZ,17.0,0 days 00:01:12.313000,9.0,clear_violation,TRACK LIMITS AT TURN 9
2021,Austrian Grand Prix,FP2,MAZ,30.0,0 days 00:01:10.991000,9.0,clear_violation,TRACK LIMITS AT TURN 9
2021,Austrian Grand Prix,FP2,GAS,5.0,0 days 00:01:06.135000,9.0,clear_violation,TRACK LIMITS AT TURN 9
2021,Austrian Grand Prix,FP2,GAS,11.0,0 days 00:01:05.430000,10.0,clear_violation,TRACK LIMITS AT TURN 10
2021,Austrian Grand Prix,FP2,GAS,12.0,0 days 00:02:06.377000,10.0,clear_violation,TRACK LIMITS AT TURN 10
2021,Austrian Grand Prix,FP2,GAS,22.0,0 days 00:01:10.312000,10.0,clear_violation,TRACK LIMITS AT TURN 10
2021,Austrian Grand Prix,FP2,GAS,23.0,0 days 00:01:10.729000,10.0,clear_violation,TRACK LIMITS AT TURN 10
2021,Austrian Grand Prix,FP2,LEC,7.0,0 days 00:01:12.309000,9.0,clear_violation,TRACK LIMITS AT TURN 9
2021,Austrian Grand Prix,FP2,TSU,14.0,0 days 00:01:05.716000,10.0,clear_violation,TRACK LIMITS AT TURN 10
2021,Austrian Grand Prix,FP2,OCO,12.0,0 days 00:01:05.775000,10.0,clear_violation,TRACK LIMITS AT TURN 10
2021,Austrian Grand Prix,FP2,MSC,10.0,0 days 00:01:05.636000,9.0,clear_violation,TRACK LIMITS AT TURN 9
2021,Austrian Grand Prix,FP2,SAI,10.0,0 days 00:01:05.652000,9.0,clear_violation,TRACK LIMITS AT TURN 9
2021,Austrian Grand Prix,FP2,SAI,17.0,0 days 00:01:31.882000,10.0,clear_violation,TRACK LIMITS AT TURN 10
2021,Austrian Grand Prix,FP2,SAI,21.0,0 days 00:01:05.985000,10.0,clear_violation,TRACK LIMITS AT TURN 10
2021,Austrian Grand Prix,FP2,GIO,11.0,0 days 00:01:05.894000,9.0,clear_violation,TRACK LIMITS AT TURN 9
2021,Austrian Grand Prix,FP2,LEC,,,9.0,no_advantage,CAR 16 (LEC) OFF TRACK AND CONTINUED AT TURN 9
2021,Austrian Grand Prix,FP2,HAM,,,4.0,no_advantage,CAR 44 (HAM) OFF TRACK AND CONTINUED AT TURN 4
2021,Austrian Grand Prix,FP3,NOR,17.0,0 days 00:01:09.172000,10.0,clear_violation,TRACK LIMITS AT TURN 10
2021,Austrian Grand Prix,FP3,NOR,19.0,0 days 00:01:05.800000,10.0,clear_violation,TRACK LIMITS AT TURN 10
2021,Austrian Grand Prix,FP3,LAT,13.0,0 days 00:01:06.145000,10.0,clear_violation,TRACK LIMITS AT TURN 10
2021,Austrian Grand Prix,FP3,LAT,14.0,0 days 00:01:38.096000,10.0,clear_violation,TRACK LIMITS AT TURN 10
2021,Austrian Grand Prix,FP3,RAI,4.0,0 days 00:01:06.809000,9.0,clear_violation,TRACK LIMITS AT TURN 9
2021,Austrian Grand Prix,FP3,MAZ,4.0,0 days 00:01:11.098000,9.0,clear_violation,TRACK LIMITS AT TURN 9
2021,Austrian Grand Prix,FP3,MAZ,8.0,0 days 00:01:10.915000,10.0,clear_violation,TRACK LIMITS AT TURN 10
2021,Austrian Grand Prix,FP3,MAZ,9.0,0 days 00:01:11.172000,10.0,clear_violation,TRACK LIMITS AT TURN 10
2021,Austrian Grand Prix,FP3,GAS,13.0,0 days 00:01:05.748000,10.0,clear_violation,TRACK LIMITS AT TURN 10
2021,Austrian Grand Prix,FP3,GAS,14.0,0 days 00:02:08.566000,10.0,clear_violation,TRACK LIMITS AT TURN 10
2021,Austrian Grand Prix,FP3,GAS,16.0,0 days 00:01:05.753000,9.0,clear_violation,TRACK LIMITS AT TURN 9
2021,Austrian Grand Prix,FP3,ALO,12.0,0 days 00:01:06.668000,9.0,clear_violation,TRACK LIMITS AT TURN 9
2021,Austrian Grand Prix,FP3,LEC,11.0,0 days 00:01:06.401000,10.0,clear_violation,TRACK LIMITS AT TURN 10
2021,Austrian Grand Prix,FP3,STR,6.0,0 days 00:01:06.344000,10.0,clear_violation,TRACK LIMITS AT TURN 10
2021,Austrian Grand Prix,FP3,HAM,14.0,0 days 00:01:04.994000,10.0,clear_violation,TRACK LIMITS AT TURN 10
2021,Austrian Grand Prix,FP3,SAI,16.0,0 days 00:01:07.558000,10.0,clear_violation,TRACK LIMITS AT TURN 10
2021,Austrian Grand Prix,FP3,MAZ,,,7.0,no_advantage,CAR 9 (MAZ) OFF TRACK AND CONTINUED AT TURN 7
2021,Austrian Grand Prix,FP3,BOT,,,1.0,no_advantage,CAR 77 (BOT) OFF TRACK AND CONTINUED AT TURN 1
2021,Austrian Grand Prix,Q,GAS,2.0,0 days 00:01:05.434000,9.0,clear_violation,TRACK LIMITS AT TURN 9
2021,Austrian Grand Prix,Q,LEC,5.0,0 days 00:01:04.775000,9.0,clear_violation,TRACK LIMITS AT TURN 9
2021,Austrian Grand Prix,Q,RIC,8.0,0 days 00:01:05.202000,9.0,clear_violation,TRACK LIMITS AT TURN 9
2021,Austrian Grand Prix,Q,GIO,14.0,0 days 00:01:04.777000,10.0,clear_violation,TRACK LIMITS AT TURN 10
2021,Austrian Grand Prix,R,SAI,34.0,0 days 00:01:09.961000,10.0,clear_violation,TRACK LIMITS AT TURN 10
2021,Austrian Grand Prix,R,SAI,35.0,0 days 00:01:09.907000,10.0,clear_violation,TRACK LIMITS AT TURN 10
2021,Austrian Grand Prix,R,RIC,68.0,0 days 00:01:09.480000,10.0,clear_violation,TRACK LIMITS AT TURN 10
2021,Austrian Grand Prix,R,RIC,69.0,0 days 00:01:09.448000,10.0,clear_violation,TRACK LIMITS AT TURN 10
2021,Austrian Grand Prix,R,LEC,60.0,0 days 00:01:08.930000,10.0,clear_violation,TRACK LIMITS AT TURN 10
2021,Austrian Grand Prix,R,LEC,61.0,0 days 00:01:09.376000,10.0,clear_violation,TRACK LIMITS AT TURN 10
2021,Austrian Grand Prix,R,LEC,64.0,0 days 00:01:09.065000,10.0,clear_violation,TRACK LIMITS AT TURN 10
2021,Austrian Grand Prix,R,LEC,65.0,0 days 00:01:10.530000,10.0,clear_violation,TRACK LIMITS AT TURN 10
2021,Austrian Grand Prix,R,GAS,28.0,0 days 00:01:09.891000,10.0,clear_violation,TRACK LIMITS AT TURN 10
2021,Austrian Grand Prix,R,GAS,29.0,0 days 00:01:09.894000,10.0,clear_violation,TRACK LIMITS AT TURN 10
2021,Austrian Grand Prix,R,GAS,67.0,0 days 00:01:08.250000,10.0,clear_violation,TRACK LIMITS AT TURN 10
2021,Austrian Grand Prix,R,GAS,68.0,0 days 00:01:08.533000,10.0,clear_violation,TRACK LIMITS AT TURN 10
2021,Austrian Grand Prix,R,GAS,71.0,0 days 00:01:10.068000,9.0,clear_violation,TRACK LIMITS AT TURN 9
2021,Austrian Grand Prix,R,ALO,59.0,0 days 00:01:09.214000,10.0,clear_violation,TRACK LIMITS AT TURN 10
2021,Austrian Grand Prix,R,ALO,60.0,0 days 00:01:09.711000,10.0,clear_violation,TRACK LIMITS AT TURN 10
2021,Austrian Grand Prix,R,ALO,61.0,0 days 00:01:09.566000,10.0,clear_violation,TRACK LIMITS AT TURN 10
2021,Austrian Grand Prix,R,TSU,21.0,0 days 00:01:10.349000,10.0,clear_violation,TRACK LIMITS AT TURN 10
2021,Austrian Grand Prix,R,TSU,22.0,0 days 00:01:10.551000,10.0,clear_violation,TRACK LIMITS AT TURN 10
2021,Austrian Grand Prix,R,TSU,31.0,0 days 00:01:10.285000,10.0,clear_violation,TRACK LIMITS AT TURN 10
2021,Austrian Grand Prix,R,TSU,32.0,0 days 00:01:10.472000,10.0,clear_violation,TRACK LIMITS AT TURN 10
2021,Austrian Grand Prix,R,GIO,27.0,0 days 00:01:11.013000,9.0,clear_violation,TRACK LIMITS AT TURN 9
2021,Austrian Grand Prix,R,RAI,35.0,0 days 00:01:10.335000,10.0,clear_violation,TRACK LIMITS AT TURN 10
2021,Austrian Grand Prix,R,RAI,36.0,0 days 00:01:10.344000,10.0,clear_violation,TRACK LIMITS AT TURN 10
2021,Austrian Grand Prix,R,RAI,57.0,0 days 00:01:09.028000,10.0,clear_violation,TRACK LIMITS AT TURN 10
2021,Austrian Grand Prix,R,RAI,58.0,0 days 00:01:08.836000,10.0,clear_violation,TRACK LIMITS AT TURN 10
2021,Austrian Grand Prix,R,RAI,59.0,0 days 00:01:09.461000,10.0,clear_violation,TRACK LIMITS AT TURN 10
2021,Austrian Grand Prix,R,VET,29.0,0 days 00:01:11.029000,10.0,clear_violation,TRACK LIMITS AT TURN 10
2021,Austrian Grand Prix,R,VET,30.0,0 days 00:01:10.740000,10.0,clear_violation,TRACK LIMITS AT TURN 10
2021,Austrian Grand Prix,R,MSC,63.0,0 days 00:01:12.211000,9.0,clear_violation,TRACK LIMITS AT TURN 9
2021,Austrian Grand Prix,R,MAZ,12.0,0 days 00:01:11.966000,9.0,clear_violation,TRACK LIMITS AT TURN 9
2021,Austrian Grand Prix,R,MAZ,20.0,0 days 00:01:11.966000,9.0,clear_violation,TRACK LIMITS AT TURN 9
2021,Austrian Grand Prix,R,MAZ,31.0,0 days 00:01:12.397000,9.0,clear_violation,TRACK LIMITS AT TURN 9
2021,Austrian Grand Prix,R,MAZ,46.0,0 days 00:01:31.577000,9.0,clear_violation,TRACK LIMITS AT TURN 9
2021,Austrian Grand Prix,R,OCO,,,3.0,no_advantage,TURN 3 INCIDENT INVOLVING CAR 31 (OCO) NO INVESTIGATION NECESSARY
2021,British Grand Prix,FP1,MAZ,13.0,0 days 00:01:30.341000,9.0,clear_violation,TRACK LIMITS AT TURN 9
2021,British Grand Prix,FP1,MAZ,17.0,0 days 00:01:30.082000,15.0,clear_violation,TRACK LIMITS AT TURN 15
2021,British Grand Prix,FP1,RUS,21.0,0 days 00:01:29.665000,9.0,clear_violation,TRACK LIMITS AT TURN 9
2021,British Grand Prix,FP2,NOR,15.0,0 days 00:01:32.414000,15.0,clear_violation,TRACK LIMITS AT TURN 15
2021,British Grand Prix,FP2,NOR,19.0,0 days 00:01:30.831000,9.0,clear_violation,TRACK LIMITS AT TURN 9
2021,British Grand Prix,FP2,GAS,4.0,0 days 00:01:34.543000,9.0,clear_violation,TRACK LIMITS AT TURN 9
2021,British Grand Prix,FP2,TSU,30.0,0 days 00:01:32.450000,9.0,clear_violation,TRACK LIMITS AT TURN 9
2021,British Grand Prix,FP2,GIO,22.0,0 days 00:01:32.328000,9.0,clear_violation,TRACK LIMITS AT TURN 9
2021,British Grand Prix,Q,PER,16.0,0 days 00:01:26.813000,15.0,clear_violation,TRACK LIMITS AT TURN 15
2021,British Grand Prix,Q,VET,11.0,0 days 00:01:27.276000,15.0,clear_violation,TRACK LIMITS AT TURN 15
2021,British Grand Prix,SQ,GAS,7.0,0 days 00:01:33.219000,9.0,clear_violation,TRACK LIMITS AT TURN 9
2021,British Grand Prix,SQ,RAI,6.0,0 days 00:01:32.928000,9.0,clear_violation,TRACK LIMITS AT TURN 9
2021,British Grand Prix,SQ,GIO,13.0,0 days 00:01:32.481000,9.0,clear_violation,TRACK LIMITS AT TURN 9
2021,British Grand Prix,SQ,LAT,9.0,0 days 00:01:33.212000,9.0,clear_violation,TRACK LIMITS AT TURN 9
2021,British Grand Prix,SQ,SAI,,,7.0,no_advantage,CAR 55 (SAI) OFF TRACK AND CONTINUED AT TURN 7
2021,British Grand Prix,SQ,MAZ,,,3.0,no_advantage,TURN 3 INCIDENT INVOLVING CARS 9 (MAZ) AND 47 (MSC) NOTED - NO INVESTIGATION NECESSARY
2021,British Grand Prix,S,GAS,7.0,0 days 00:01:33.219000,9.0,clear_violation,TRACK LIMITS AT TURN 9
2021,British Grand Prix,S,RAI,6.0,0 days 00:01:32.928000,9.0,clear_violation,TRACK LIMITS AT TURN 9
2021,British Grand Prix,S,GIO,13.0,0 days 00:01:32.481000,9.0,clear_violation,TRACK LIMITS AT TURN 9
2021,British Grand Prix,S,LAT,9.0,0 days 00:01:33.212000,9.0,clear_violation,TRACK LIMITS AT TURN 9
2021,British Grand Prix,S,SAI,,,7.0,no_advantage,CAR 55 (SAI) OFF TRACK AND CONTINUED AT TURN 7
2021,British Grand Prix,S,MAZ,,,3.0,no_advantage,TURN 3 INCIDENT INVOLVING CARS 9 (MAZ) AND 47 (MSC) NOTED - NO INVESTIGATION NECESSARY
2021,British Grand Prix,R,LEC,50.0,0 days 00:01:32.956000,9.0,clear_violation,TRACK LIMITS AT TURN 9
2021,British Grand Prix,R,NOR,31.0,0 days 00:01:33.668000,9.0,clear_violation,TRACK LIMITS AT TURN 9
2021,British Grand Prix,R,RIC,9.0,0 days 00:01:33.710000,9.0,clear_violation,TRACK LIMITS AT TURN 9
2021,British Grand Prix,R,SAI,6.0,0 days 00:01:34.026000,9.0,clear_violation,TRACK LIMITS AT TURN 9
2021,British Grand Prix,R,SAI,26.0,0 days 00:01:31.819000,9.0,clear_violation,TRACK LIMITS AT TURN 9
2021,British Grand Prix,R,GAS,8.0,0 days 00:01:35.158000,9.0,clear_violation,TRACK LIMITS AT TURN 9
2021,British Grand Prix,R,GAS,12.0,0 days 00:01:34.825000,9.0,clear_violation,TRACK LIMITS AT TURN 9
2021,British Grand Prix,R,GAS,16.0,0 days 00:01:34.314000,9.0,clear_violation,TRACK LIMITS AT TURN 9
2021,British Grand Prix,R,GAS,29.0,0 days 00:01:53.002000,15.0,clear_violation,TRACK LIMITS AT TURN 15
2021,British Grand Prix,R,GIO,7.0,0 days 00:01:35.379000,9.0,clear_violation,TRACK LIMITS AT TURN 9
2021,British Grand Prix,R,RAI,7.0,0 days 00:01:35.251000,9.0,clear_violation,TRACK LIMITS AT TURN 9
2021,British Grand Prix,R,PER,17.0,0 days 00:01:34.081000,9.0,clear_violation,TRACK LIMITS AT TURN 9
2021,British Grand Prix,R,VET,30.0,0 days 00:01:33.713000,15.0,clear_violation,TRACK LIMITS AT TURN 15
2021,Hungarian Grand Prix,FP1,MAZ,10.0,0 days 00:01:22.687000,11.0,clear_violation,TRACK LIMITS AT TURN 11
2021,Hungarian Grand Prix,FP1,MSC,21.0,0 days 00:01:28.951000,4.0,clear_violation,TRACK LIMITS AT TURN 4
2021,Hungarian Grand Prix,FP1,GIO,2.0,0 days 00:01:24.195000,4.0,clear_violation,TRACK LIMITS AT TURN 4
2021,Hungarian Grand Prix,FP2,MAZ,2.0,0 days 00:01:23.093000,11.0,clear_violation,TRACK LIMITS AT TURN 11
2021,Hungarian Grand Prix,FP2,HAM,20.0,0 days 00:01:32.053000,11.0,clear_violation,TRACK LIMITS AT TURN 11
2021,Hungarian Grand Prix,FP2,GIO,12.0,0 days 00:01:19.256000,11.0,clear_violation,TRACK LIMITS AT TURN 11
2021,Hungarian Grand Prix,FP3,RAI,20.0,0 days 00:01:28.894000,11.0,clear_violation,TRACK LIMITS AT TURN 11
2021,Hungarian Grand Prix,FP3,GIO,10.0,0 days 00:01:19.784000,11.0,clear_violation,TRACK LIMITS AT TURN 11
2021,Hungarian Grand Prix,R,RUS,,,,no_advantage,PIT LANE INCIDENT INVOLVING CAR 63 (RUS) NOTED - NO INVESTIGATION NECESSARY
2021,Hungarian Grand Prix,R,TSU,,,,no_advantage,PIT LANE INCIDENT INVOLVING CARS 22 (TSU) AND 55 (SAI) NO INVESTIGATION NECESSARY - UNSAFE RELEASE
2021,Hungarian Grand Prix,R,VER,,,1.0,no_advantage,TURN 1 INCIDENT INVOLVING CARS 33 (VER) AND 47 (MSC) NO INVESTIGATION NECESSARY
2021,Belgian Grand Prix,FP2,TSU,5.0,0 days 00:01:47.571000,9.0,clear_violation,TRACK LIMITS AT TURN 9
2021,Belgian Grand Prix,FP2,SAI,2.0,0 days 00:01:47.339000,9.0,clear_violation,TRACK LIMITS AT TURN 9
2021,Belgian Grand Prix,FP2,GAS,,,5.0,no_advantage,CAR 10 (GAS) OFF TRACK AND CONTINUED AT TURN 5
2021,Belgian Grand Prix,FP3,LEC,13.0,0 days 00:02:09.101000,9.0,clear_violation,TRACK LIMITS AT TURN 9
2021,Belgian Grand Prix,FP3,RUS,,,18.0,no_advantage,CAR 63 (RUS) OFF TRACK AND CONTINUED AT TURN 18
2021,Belgian Grand Prix,FP3,SAI,,,5.0,no_advantage,CAR 55 (SAI) OFF TRACK AND CONTINUED AT TURN 5
2021,Belgian Grand Prix,FP3,HAM,,,5.0,no_advantage,CAR 44 (HAM) OFF TRACK AND CONTINUED AT TURN 5
2021,Belgian Grand Prix,FP3,OCO,,,5.0,no_advantage,CAR 31 (OCO) OFF TRACK AND CONTINUED AT TURN 5
2021,Belgian Grand Prix,FP3,ALO,,,5.0,no_advantage,CAR 14 (ALO) OFF TRACK AND CONTINUED AT TURN 5
2021,Belgian Grand Prix,FP3,MAZ,,,5.0,no_advantage,CAR 9 (MAZ) OFF TRACK AND CONTINUED AT TURN 5
2021,Dutch Grand Prix,FP1,OCO,,,11.0,no_advantage,CAR 31 (OCO) OFF TRACK AND CONTINUED AT TURN 11
2021,Dutch Grand Prix,FP1,NOR,,,13.0,no_advantage,CAR 4 (NOR) OFF TRACK AND CONTINUED AT TURN 13
2021,Dutch Grand Prix,FP3,VET,,,10.0,no_advantage,CAR 5 (VET) OFF TRACK AND CONTINUED AT TURN 10
2021,Dutch Grand Prix,FP3,NOR,,,9.0,no_advantage,CAR 4 (NOR) OFF TRACK AND CONTINUED AT TURN 9
2021,Italian Grand Prix,FP1,RIC,24.0,0 days 00:01:21.474000,11.0,clear_violation,TRACK LIMITS AT TURN 11
2021,Italian Grand Prix,FP1,RIC,25.0,0 days 00:02:18.220000,11.0,clear_violation,TRACK LIMITS AT TURN 11
2021,Italian Grand Prix,FP1,NOR,24.0,0 days 00:01:21.202000,11.0,clear_violation,TRACK LIMITS AT TURN 11
2021,Italian Grand Prix,FP1,NOR,25.0,0 days 00:02:12.609000,11.0,clear_violation,TRACK LIMITS AT TURN 11
2021,Italian Grand Prix,FP1,GAS,23.0,0 days 00:02:13.703000,11.0,clear_violation,TRACK LIMITS AT TURN 11
2021,Italian Grand Prix,FP1,GAS,24.0,0 days 00:01:45.634000,11.0,clear_violation,TRACK LIMITS AT TURN 11
2021,Italian Grand Prix,FP1,GAS,27.0,0 days 00:01:22.318000,11.0,clear_violation,TRACK LIMITS AT TURN 11
2021,Italian Grand Prix,FP1,ALO,12.0,0 days 00:01:23.566000,11.0,clear_violation,TRACK LIMITS AT TURN 11
2021,Italian Grand Prix,FP1,ALO,13.0,0 days 00:01:38.515000,11.0,clear_violation,TRACK LIMITS AT TURN 11
2021,Italian Grand Prix,FP1,LEC,4.0,0 days 00:01:27.401000,5.0,clear_violation,TRACK LIMITS AT TURN 5
2021,Italian Grand Prix,FP1,LEC,11.0,0 days 00:01:22.176000,11.0,clear_violation,TRACK LIMITS AT TURN 11
2021,Italian Grand Prix,FP1,LEC,12.0,0 days 00:01:56.986000,11.0,clear_violation,TRACK LIMITS AT TURN 11
2021,Italian Grand Prix,FP1,LEC,22.0,0 days 00:01:21.802000,11.0,clear_violation,TRACK LIMITS AT TURN 11
2021,Italian Grand Prix,FP1,LEC,23.0,0 days 00:02:20.740000,11.0,clear_violation,TRACK LIMITS AT TURN 11
2021,Italian Grand Prix,FP1,TSU,25.0,0 days 00:01:22.912000,11.0,clear_violation,TRACK LIMITS AT TURN 11
2021,Italian Grand Prix,FP1,TSU,26.0,0 days 00:02:07.545000,11.0,clear_violation,TRACK LIMITS AT TURN 11
2021,Italian Grand Prix,FP1,MSC,12.0,0 days 00:01:24.779000,11.0,clear_violation,TRACK LIMITS AT TURN 11
2021,Italian Grand Prix,FP1,MSC,13.0,0 days 00:01:49.269000,11.0,clear_violation,TRACK LIMITS AT TURN 11
2021,Italian Grand Prix,FP1,SAI,25.0,0 days 00:01:22.573000,11.0,clear_violation,TRACK LIMITS AT TURN 11
2021,Italian Grand Prix,FP2,NOR,16.0,0 days 00:01:25.498000,11.0,clear_violation,TRACK LIMITS AT TURN 11
2021,Italian Grand Prix,FP2,NOR,17.0,0 days 00:01:26.083000,11.0,clear_violation,TRACK LIMITS AT TURN 11
2021,Italian Grand Prix,FP2,VET,21.0,0 days 00:01:25.486000,11.0,clear_violation,TRACK LIMITS AT TURN 11
2021,Italian Grand Prix,FP2,VET,22.0,0 days 00:01:26.468000,11.0,clear_violation,TRACK LIMITS AT TURN 11
2021,Italian Grand Prix,FP2,MAZ,11.0,0 days 00:01:27.835000,11.0,clear_violation,TRACK LIMITS AT TURN 11
2021,Italian Grand Prix,FP2,MAZ,12.0,0 days 00:01:27.758000,11.0,clear_violation,TRACK LIMITS AT TURN 11
2021,Italian Grand Prix,FP2,HAM,23.0,0 days 00:01:26.340000,5.0,clear_violation,TRACK LIMITS AT TURN 5
2021,Italian Grand Prix,FP2,MSC,3.0,0 days 00:01:29.406000,5.0,clear_violation,TRACK LIMITS AT TURN 5
2021,Italian Grand Prix,FP2,SAI,12.0,0 days 00:01:26.698000,11.0,clear_violation,TRACK LIMITS AT TURN 11
2021,Italian Grand Prix,FP2,SAI,13.0,0 days 00:01:33.300000,11.0,clear_violation,TRACK LIMITS AT TURN 11
2021,Italian Grand Prix,FP2,BOT,5.0,0 days 00:01:28.478000,5.0,clear_violation,TRACK LIMITS AT TURN 5
2021,Italian Grand Prix,Q,NOR,5.0,0 days 00:01:21.109000,11.0,clear_violation,TRACK LIMITS AT TURN 11
2021,Italian Grand Prix,Q,STR,3.0,0 days 00:02:09.799000,5.0,clear_violation,TRACK LIMITS AT TURN 5
2021,Italian Grand Prix,Q,TSU,8.0,0 days 00:01:21.711000,11.0,clear_violation,TRACK LIMITS AT TURN 11
2021,Italian Grand Prix,Q,LEC,,,,no_advantage,PIT LANE INCIDENT INVOLVING CARS 16 (LEC) AND 9 (MAZ) NO INVESTIGATION NECESSARY
2021,Italian Grand Prix,SQ,NOR,6.0,0 days 00:01:24.799000,11.0,clear_violation,TRACK LIMITS AT TURN 11
2021,Italian Grand Prix,SQ,NOR,7.0,0 days 00:01:24.858000,11.0,clear_violation,TRACK LIMITS AT TURN 11
2021,Italian Grand Prix,SQ,GAS,,,1.0,no_advantage,TURN 1 INCIDENT INVOLVING CAR 10 (GAS) NO INVESTIGATION NECESSARY 
2021,Italian Grand Prix,SQ,TSU,,,5.0,no_advantage,TURN 5 INCIDENT INVOLVING CAR 22 (TSU) NO INVESTIGATION NECESSARY
2021,Italian Grand Prix,S,NOR,6.0,0 days 00:01:24.799000,11.0,clear_violation,TRACK LIMITS AT TURN 11
2021,Italian Grand Prix,S,NOR,7.0,0 days 00:01:24.858000,11.0,clear_violation,TRACK LIMITS AT TURN 11
2021,Italian Grand Prix,S,GAS,,,1.0,no_advantage,TURN 1 INCIDENT INVOLVING CAR 10 (GAS) NO INVESTIGATION NECESSARY 
2021,Italian Grand Prix,S,TSU,,,5.0,no_advantage,TURN 5 INCIDENT INVOLVING CAR 22 (TSU) NO INVESTIGATION NECESSARY
2021,Italian Grand Prix,R,PER,32.0,0 days 00:01:26.594000,5.0,clear_violation,TRACK LIMITS AT TURN 5
2021,Italian Grand Prix,R,ALO,44.0,0 days 00:01:45.578000,11.0,clear_violation,TRACK LIMITS AT TURN 11
2021,Italian Grand Prix,R,ALO,45.0,0 days 00:01:26.574000,11.0,clear_violation,TRACK LIMITS AT TURN 11
2021,Italian Grand Prix,R,ALO,46.0,0 days 00:01:26.474000,11.0,clear_violation,TRACK LIMITS AT TURN 11
2021,Italian Grand Prix,R,RIC,5.0,0 days 00:01:26.410000,11.0,clear_violation,TRACK LIMITS AT TURN 11
2021,Italian Grand Prix,R,RIC,6.0,0 days 00:01:26.419000,11.0,clear_violation,TRACK LIMITS AT TURN 11
2021,Italian Grand Prix,R,NOR,11.0,0 days 00:01:26.663000,11.0,clear_violation,TRACK LIMITS AT TURN 11
2021,Italian Grand Prix,R,NOR,12.0,0 days 00:01:27.304000,11.0,clear_violation,TRACK LIMITS AT TURN 11
2021,Italian Grand Prix,R,NOR,31.0,0 days 00:01:26.782000,11.0,clear_violation,TRACK LIMITS AT TURN 11
2021,Italian Grand Prix,R,MSC,32.0,0 days 00:01:38.648000,5.0,clear_violation,TRACK LIMITS AT TURN 5
2021,Italian Grand Prix,R,VET,45.0,0 days 00:01:26.631000,11.0,clear_violation,TRACK LIMITS AT TURN 11
2021,Italian Grand Prix,R,VET,46.0,0 days 00:01:26.498000,11.0,clear_violation,TRACK LIMITS AT TURN 11
2021,Italian Grand Prix,R,RUS,45.0,0 days 00:01:27.102000,11.0,clear_violation,TRACK LIMITS AT TURN 11
2021,Italian Grand Prix,R,RUS,46.0,0 days 00:01:26.513000,11.0,clear_violation,TRACK LIMITS AT TURN 11
2021,Italian Grand Prix,R,MAZ,2.0,0 days 00:01:29.945000,5.0,clear_violation,TRACK LIMITS AT TURN 5
2021,Italian Grand Prix,R,HAM,,,4.0,no_advantage,TURN 4 INCIDENT INVOLVING CARS 44 (HAM) AND 33 (VER) - NO INVESTIGATION NECESSARY
2021,Italian Grand Prix,R,ALO,,,5.0,no_advantage,TURN 5 INCIDENT INVOLVING CARS 14 (ALO) 31 AND 6 (LAT) NO INVESTIGATION NECESSARY
2021,Italian Grand Prix,R,VER,,,2.0,no_advantage,TURN 2 INCIDENT INVOLVING CAR 33 (VER) - NO INVESTIGATION NECESSARY
2021,Russian Grand Prix,FP1,RAI,8.0,0 days 00:01:56.321000,2.0,clear_violation,TRACK LIMITS AT TURN 2
2021,Russian Grand Prix,FP1,GAS,9.0,0 days 00:02:03.475000,2.0,clear_violation,TRACK LIMITS AT TURN 2
2021,Russian Grand Prix,FP1,GIO,5.0,0 days 00:02:14.861000,2.0,clear_violation,TRACK LIMITS AT TURN 2
2021,Russian Grand Prix,FP1,RAI,,,13.0,no_advantage,CAR 7 (RAI) OFF TRACK AND CONTINUED AT TURN 13
2021,Russian Grand Prix,FP1,MAZ,,,4.0,no_advantage,CAR 9 (MAZ) OFF TRACK AND CONTINUED AT TURN 4
2021,Russian Grand Prix,FP1,NOR,,,10.0,no_advantage,CAR 4 (NOR) OFF TRACK AND CONTINUED AT TURN 10
2021,Russian Grand Prix,FP1,GIO,,,13.0,no_advantage,CAR 99 (GIO) OFF TRACK AND CONTINUED AT TURN 13
2021,Russian Grand Prix,FP2,PER,19.0,0 days 00:01:44.753000,2.0,clear_violation,TRACK LIMITS AT TURN 2
2021,Russian Grand Prix,FP2,PER,,,14.0,no_advantage,CAR 11 (PER) OFF TRACK AND CONTINUED AT TURN 14
2021,Russian Grand Prix,FP2,HAM,,,7.0,no_advantage,CAR 44 (HAM) OFF TRACK AND CONTINUED AT TURN 7
2021,Russian Grand Prix,FP2,VET,,,7.0,no_advantage,CAR 5 (VET) OFF TRACK AND CONTINUED AT TURN 7
2021,Russian Grand Prix,Q,NOR,7.0,0 days 00:02:00.048000,2.0,clear_violation,TRACK LIMITS AT TURN 2
2021,Russian Grand Prix,Q,HAM,5.0,0 days 00:02:09.690000,2.0,clear_violation,TRACK LIMITS AT TURN 2
2021,Russian Grand Prix,Q,BOT,11.0,0 days 00:02:02.536000,2.0,clear_violation,TRACK LIMITS AT TURN 2
2021,Russian Grand Prix,Q,BOT,,,10.0,no_advantage,CAR 77 (BOT) OFF TRACK AND CONTINUED AT TURN 10
2021,Russian Grand Prix,Q,STR,,,10.0,no_advantage,CORRECTION - CAR 18 (STR) OFF TRACK AND CONTINUED AT TURN 10
2021,Russian Grand Prix,Q,LAT,,,13.0,no_advantage,CAR 6 (LAT) OFF TRACK AND CONTINUED AT TURN 13
2021,Russian Grand Prix,Q,TSU,,,4.0,no_advantage,CAR 22 (TSU) OFF TRACK AND CONTINUED AT TURN 4
2021,Russian Grand Prix,Q,VET,,,7.0,no_advantage,TURN 7-9 INCIDENT INVOLVING CARS 5 (VET) AND 22 (TSU) NO INVESTIGATION NECESSARY
2021,Russian Grand Prix,Q,PER,,,5.0,no_advantage,CAR 11 (PER) OFF TRACK AND CONTINUED AT TURN 5
2021,Russian Grand Prix,Q,PER,,,15.0,no_advantage,TURN 15-16 INCIDENT INVOLVING CARS 11 (PER) AND 18 (STR) NO INVESTIGATION NECESSARY 
2021,Russian Grand Prix,R,BOT,40.0,0 days 00:01:41.316000,2.0,clear_violation,TRACK LIMITS AT TURN 2
2021,Russian Grand Prix,R,RUS,19.0,0 days 00:01:41.915000,2.0,clear_violation,TRACK LIMITS AT TURN 2
2021,Russian Grand Prix,R,MSC,4.0,0 days 00:01:44.586000,2.0,clear_violation,TRACK LIMITS AT TURN 2
2021,Russian Grand Prix,R,,,,2.0,no_advantage,TURN 2 INCIDENT NO INVESTIGATION NECESSARY
2021,Russian Grand Prix,R,MSC,,,2.0,no_advantage,TURN 2 INCIDENT INVOLVING CAR 47 (MSC) NO INVESTIGATION NECESSARY 
2021,Russian Grand Prix,R,RUS,,,2.0,no_advantage,TURN 2 INCIDENT INVOLVING CAR 63 (RUS) NO INVESTIGATION NECESSARY
2021,Russian Grand Prix,R,STR,,,13.0,no_advantage,CAR 18 (STR) OFF TRACK AND CONTINUED AT TURN 13
2021,Russian Grand Prix,R,VET,,,13.0,no_advantage,CORRECTION - CAR 5 (VET) OFF TRACK AND CONTINUED AT TURN 13
2021,Russian Grand Prix,R,NOR,,,5.0,no_advantage,CAR 4 (NOR) OFF TRACK AND CONTINUED AT TURN 5
2021,Russian Grand Prix,R,GAS,,,13.0,no_advantage,CAR 10 (GAS) OFF TRACK AND CONTINUED AT TURN 13
2021,Russian Grand Prix,R,LEC,,,5.0,no_advantage,CAR 16 (LEC) OFF TRACK AND CONTINUED AT TURN 5
2021,Russian Grand Prix,R,LEC,,,13.0,no_advantage,CAR 16 (LEC) OFF TRACK AND CONTINUED AT TURN 13
2021,Turkish Grand Prix,FP1,NOR,9.0,0 days 00:01:26.029000,14.0,clear_violation,TRACK LIMITS AT TURN 14
2021,Turkish Grand Prix,FP1,VET,21.0,0 days 00:01:33.650000,1.0,clear_violation,TRACK LIMITS AT TURN 1
2021,Turkish Grand Prix,FP1,RAI,2.0,0 days 00:01:29.266000,6.0,clear_violation,TRACK LIMITS AT TURN 6
2021,Turkish Grand Prix,FP1,RAI,4.0,0 days 00:01:28.849000,6.0,clear_violation,TRACK LIMITS AT TURN 6
2021,Turkish Grand Prix,FP1,MAZ,21.0,0 days 00:01:31.796000,1.0,clear_violation,TRACK LIMITS AT TURN 1
2021,Turkish Grand Prix,FP1,MAZ,25.0,0 days 00:01:34.096000,1.0,clear_violation,TRACK LIMITS AT TURN 1
2021,Turkish Grand Prix,FP1,GAS,5.0,0 days 00:01:27.163000,14.0,clear_violation,TRACK LIMITS AT TURN 14
2021,Turkish Grand Prix,FP1,GAS,6.0,0 days 00:01:57.799000,14.0,clear_violation,TRACK LIMITS AT TURN 14
2021,Turkish Grand Prix,FP1,GAS,9.0,0 days 00:01:26.494000,1.0,clear_violation,TRACK LIMITS AT TURN 1
2021,Turkish Grand Prix,FP1,GAS,23.0,0 days 00:01:29.613000,1.0,clear_violation,TRACK LIMITS AT TURN 1
2021,Turkish Grand Prix,FP1,GAS,24.0,0 days 00:01:29.426000,1.0,clear_violation,TRACK LIMITS AT TURN 1
2021,Turkish Grand Prix,FP1,GAS,25.0,0 days 00:01:30.353000,14.0,clear_violation,TRACK LIMITS AT TURN 14
2021,Turkish Grand Prix,FP1,GAS,26.0,0 days 00:01:29.438000,1.0,clear_violation,TRACK LIMITS AT TURN 1
2021,Turkish Grand Prix,FP1,PER,21.0,0 days 00:01:29.040000,1.0,clear_violation,TRACK LIMITS AT TURN 1
2021,Turkish Grand Prix,FP1,ALO,4.0,0 days 00:01:28.213000,6.0,clear_violation,TRACK LIMITS AT TURN 6
2021,Turkish Grand Prix,FP1,ALO,23.0,0 days 00:01:30.007000,1.0,clear_violation,TRACK LIMITS AT TURN 1
2021,Turkish Grand Prix,FP1,LEC,8.0,0 days 00:01:34.251000,6.0,clear_violation,TRACK LIMITS AT TURN 6
2021,Turkish Grand Prix,FP1,LEC,13.0,0 days 00:01:24.965000,6.0,clear_violation,TRACK LIMITS AT TURN 6
2021,Turkish Grand Prix,FP1,LEC,24.0,0 days 00:01:29.861000,1.0,clear_violation,TRACK LIMITS AT TURN 1
2021,Turkish Grand Prix,FP1,STR,10.0,0 days 00:01:26.221000,1.0,clear_violation,TRACK LIMITS AT TURN 1
2021,Turkish Grand Prix,FP1,SAI,7.0,0 days 00:01:25.897000,14.0,clear_violation,TRACK LIMITS AT TURN 14
2021,Turkish Grand Prix,FP1,GIO,15.0,0 days 00:01:26.811000,14.0,clear_violation,TRACK LIMITS AT TURN 14
2021,Turkish Grand Prix,FP1,GIO,18.0,0 days 00:01:25.812000,1.0,clear_violation,TRACK LIMITS AT TURN 1
2021,Turkish Grand Prix,FP1,GIO,20.0,0 days 00:01:57.032000,1.0,clear_violation,TRACK LIMITS AT TURN 1
2021,Turkish Grand Prix,FP2,RIC,14.0,0 days 00:01:36.568000,1.0,clear_violation,TRACK LIMITS AT TURN 1
2021,Turkish Grand Prix,FP2,RIC,15.0,0 days 00:01:24.975000,1.0,clear_violation,TRACK LIMITS AT TURN 1
2021,Turkish Grand Prix,FP2,VET,22.0,0 days 00:01:29.102000,1.0,clear_violation,TRACK LIMITS AT TURN 1
2021,Turkish Grand Prix,FP2,MAZ,4.0,0 days 00:01:26.720000,6.0,clear_violation,TRACK LIMITS AT TURN 6
2021,Turkish Grand Prix,FP2,MAZ,6.0,0 days 00:01:26.298000,1.0,clear_violation,TRACK LIMITS AT TURN 1
2021,Turkish Grand Prix,FP2,MAZ,9.0,0 days 00:01:25.768000,14.0,clear_violation,TRACK LIMITS AT TURN 14
2021,Turkish Grand Prix,FP2,MAZ,10.0,0 days 00:02:06.441000,14.0,clear_violation,TRACK LIMITS AT TURN 14
2021,Turkish Grand Prix,FP2,MAZ,13.0,0 days 00:01:26.069000,1.0,clear_violation,TRACK LIMITS AT TURN 1
2021,Turkish Grand Prix,FP2,GAS,11.0,0 days 00:01:25.078000,1.0,clear_violation,TRACK LIMITS AT TURN 1
2021,Turkish Grand Prix,FP2,GAS,28.0,0 days 00:01:29.012000,1.0,clear_violation,TRACK LIMITS AT TURN 1
2021,Turkish Grand Prix,FP2,PER,19.0,0 days 00:01:28.611000,1.0,clear_violation,TRACK LIMITS AT TURN 1
2021,Turkish Grand Prix,FP2,PER,22.0,0 days 00:01:28.223000,1.0,clear_violation,TRACK LIMITS AT TURN 1
2021,Turkish Grand Prix,FP2,LEC,24.0,0 days 00:01:29.070000,1.0,clear_violation,TRACK LIMITS AT TURN 1
2021,Turkish Grand Prix,FP2,TSU,19.0,0 days 00:01:29.199000,1.0,clear_violation,TRACK LIMITS AT TURN 1
2021,Turkish Grand Prix,FP2,TSU,28.0,0 days 00:01:28.839000,1.0,clear_violation,TRACK LIMITS AT TURN 1
2021,Turkish Grand Prix,FP2,OCO,8.0,0 days 00:01:25.350000,1.0,clear_violation,TRACK LIMITS AT TURN 1
2021,Turkish Grand Prix,FP2,HAM,2.0,0 days 00:01:42.494000,1.0,clear_violation,TRACK LIMITS AT TURN 1
2021,Turkish Grand Prix,FP2,MSC,5.0,0 days 00:01:49.078000,1.0,clear_violation,TRACK LIMITS AT TURN 1
2021,Turkish Grand Prix,FP2,SAI,7.0,0 days 00:01:43.382000,1.0,clear_violation,TRACK LIMITS AT TURN 1
2021,Turkish Grand Prix,FP2,SAI,25.0,0 days 00:01:29.352000,1.0,clear_violation,TRACK LIMITS AT TURN 1
2021,Turkish Grand Prix,FP2,SAI,26.0,0 days 00:01:28.928000,1.0,clear_violation,TRACK LIMITS AT TURN 1
2021,Turkish Grand Prix,FP2,RUS,2.0,0 days 00:01:26.964000,1.0,clear_violation,TRACK LIMITS AT TURN 1
2021,Turkish Grand Prix,FP2,BOT,17.0,0 days 00:01:36.882000,1.0,clear_violation,TRACK LIMITS AT TURN 1
2021,Turkish Grand Prix,FP2,GIO,15.0,0 days 00:01:25.094000,1.0,clear_violation,TRACK LIMITS AT TURN 1
2021,Turkish Grand Prix,FP2,GIO,23.0,0 days 00:01:31.606000,1.0,clear_violation,TRACK LIMITS AT TURN 1
2021,Turkish Grand Prix,FP2,MSC,,,1.0,no_advantage,CAR 47 (MSC) OFF TRACK AND CONTINUED AT TURN 1
2021,Turkish Grand Prix,FP2,MAZ,,,1.0,no_advantage,CAR 9 (MAZ) OFF TRACK AND CONTINUED AT TURN 1
2021,Turkish Grand Prix,FP2,SAI,,,1.0,no_advantage,CAR 55 (SAI) OFF TRACK AND CONTINUED AT TURN 1
2021,Turkish Grand Prix,FP2,NOR,,,10.0,no_advantage,CAR 4 (NOR) OFF TRACK AND CONTINUED AT TURN 10
2021,Turkish Grand Prix,FP2,TSU,,,9.0,no_advantage,CAR 22 (TSU) OFF TRACK AND CONTINUED AT TURN 9
2021,Turkish Grand Prix,FP2,BOT,,,1.0,no_advantage,CAR 77 (BOT) OFF TRACK AND CONTINUED AT TURN 1
2021,Turkish Grand Prix,FP2,VER,,,7.0,no_advantage,CAR 33 (VER) OFF TRACK AND CONTINUED AT TURN 7
2021,Turkish Grand Prix,FP3,STR,7.0,0 days 00:01:34.869000,14.0,clear_violation,TRACK LIMITS AT TURN 14
2021,Turkish Grand Prix,FP3,GIO,19.0,0 days 00:01:51.877000,1.0,clear_violation,TRACK LIMITS AT TURN 1
2021,Turkish Grand Prix,FP3,GAS,,,11.0,no_advantage,CAR 10 (GAS) OFF TRACK AND CONTINUED AT TURN 11
2021,Turkish Grand Prix,FP3,ALO,,,1.0,no_advantage,CAR 14 (ALO) OFF TRACK AND CONTINUED AT TURN 1
2021,Turkish Grand Prix,FP3,SAI,,,8.0,no_advantage,CAR 55 (SAI) OFF TRACK AND CONTINUED AT TURN 8
2021,Turkish Grand Prix,FP3,GIO,,,1.0,no_advantage,CAR 99 (GIO) OFF TRACK AND CONTINUED AT TURN 1
2021,Turkish Grand Prix,Q,HAM,2.0,0 days 00:01:31.641000,1.0,clear_violation,TRACK LIMITS AT TURN 1
2021,Turkish Grand Prix,Q,HAM,6.0,0 days 00:01:38.076000,1.0,clear_violation,TRACK LIMITS AT TURN 1
2021,Turkish Grand Prix,Q,VER,7.0,0 days 00:01:25.033000,1.0,clear_violation,TRACK LIMITS AT TURN 1
2021,Turkish Grand Prix,Q,LEC,2.0,0 days 00:01:41.417000,1.0,clear_violation,TRACK LIMITS AT TURN 1
2021,Turkish Grand Prix,Q,LEC,3.0,0 days 00:01:28.054000,1.0,clear_violation,TRACK LIMITS AT TURN 1
2021,Turkish Grand Prix,Q,LEC,17.0,0 days 00:01:38.311000,14.0,clear_violation,TRACK LIMITS AT TURN 14
2021,Turkish Grand Prix,Q,PER,12.0,0 days 00:02:07.972000,1.0,clear_violation,TRACK LIMITS AT TURN 1
2021,Turkish Grand Prix,Q,TSU,2.0,0 days 00:01:46.461000,1.0,clear_violation,TRACK LIMITS AT TURN 1
2021,Turkish Grand Prix,Q,VET,7.0,0 days 00:01:40.788000,1.0,clear_violation,TRACK LIMITS AT TURN 1
2021,Turkish Grand Prix,Q,RUS,19.0,0 days 00:01:26.327000,14.0,clear_violation,TRACK LIMITS AT TURN 14
2021,Turkish Grand Prix,Q,MSC,2.0,0 days 00:01:38.771000,1.0,clear_violation,TRACK LIMITS AT TURN 1
2021,Turkish Grand Prix,Q,SAI,2.0,0 days 00:01:55.086000,1.0,clear_violation,TRACK LIMITS AT TURN 1
2021,Turkish Grand Prix,Q,SAI,3.0,0 days 00:01:29.364000,1.0,clear_violation,TRACK LIMITS AT TURN 1
2021,Turkish Grand Prix,Q,LAT,8.0,0 days 00:01:36.723000,1.0,clear_violation,TRACK LIMITS AT TURN 1
2021,Turkish Grand Prix,Q,GIO,2.0,0 days 00:01:47.266000,1.0,clear_violation,TRACK LIMITS AT TURN 1
2021,Turkish Grand Prix,Q,RAI,2.0,0 days 00:01:47.249000,1.0,clear_violation,TRACK LIMITS AT TURN 1
2021,Turkish Grand Prix,Q,RAI,3.0,0 days 00:01:46.071000,1.0,clear_violation,TRACK LIMITS AT TURN 1
2021,Turkish Grand Prix,Q,RAI,5.0,0 days 00:01:57.305000,1.0,clear_violation,TRACK LIMITS AT TURN 1
2021,Turkish Grand Prix,Q,MAZ,2.0,0 days 00:01:38.112000,1.0,clear_violation,TRACK LIMITS AT TURN 1
2021,Turkish Grand Prix,Q,MAZ,8.0,0 days 00:01:45.846000,1.0,clear_violation,TRACK LIMITS AT TURN 1
2021,Turkish Grand Prix,Q,SAI,,,1.0,no_advantage,CAR 55 (SAI) OFF TRACK AND CONTINUED AT TURN 1
2021,Turkish Grand Prix,Q,TSU,,,1.0,no_advantage,CAR 22 (TSU) OFF TRACK AND CONTINUED AT TURN 1
2021,Turkish Grand Prix,Q,MAZ,,,1.0,no_advantage,CAR 9 (MAZ) OFF TRACK AND CONTINUED AT TURN 1
2021,Turkish Grand Prix,Q,LEC,,,14.0,no_advantage,CAR 16 (LEC) OFF TRACK AND CONTINUED AT TURN 14
2021,Turkish Grand Prix,Q,STR,,,1.0,no_advantage,CAR 18 (STR) OFF TRACK AND CONTINUED AT TURN 1
2021,Turkish Grand Prix,R,LAT,,,9.0,no_advantage,CAR 6 (LAT) OFF TRACK AND CONTINUED AT TURN 9
2021,Turkish Grand Prix,R,SAI,,,12.0,no_advantage,TURN 12 INCIDENT INVOLVING CARS 55 (SAI) AND 5 (VET) - NO INVESTIGATION NECESSARY
2021,Turkish Grand Prix,R,VET,,,7.0,no_advantage,CAR 5 (VET) OFF TRACK AND CONTINUED AT TURN 7
2021,United States Grand Prix,FP1,RIC,3.0,0 days 00:01:37.856000,9.0,clear_violation,TRACK LIMITS AT TURN 9
2021,United States Grand Prix,FP1,RIC,4.0,0 days 00:02:13.394000,9.0,clear_violation,TRACK LIMITS AT TURN 9
2021,United States Grand Prix,FP1,RIC,11.0,0 days 00:01:36.220000,19.0,clear_violation,TRACK LIMITS AT TURN 19
2021,United States Grand Prix,FP1,NOR,10.0,0 days 00:01:38.199000,19.0,clear_violation,TRACK LIMITS AT TURN 19
2021,United States Grand Prix,FP1,VET,8.0,0 days 00:01:36.344000,9.0,clear_violation,TRACK LIMITS AT TURN 9
2021,United States Grand Prix,FP1,RAI,2.0,0 days 00:01:39.888000,9.0,clear_violation,TRACK LIMITS AT TURN 9
2021,United States Grand Prix,FP1,MAZ,6.0,0 days 00:01:42.476000,19.0,clear_violation,TRACK LIMITS AT TURN 19
2021,United States Grand Prix,FP1,MAZ,8.0,0 days 00:01:40.948000,19.0,clear_violation,TRACK LIMITS AT TURN 19
2021,United States Grand Prix,FP1,MAZ,14.0,0 days 00:01:45.405000,19.0,clear_violation,TRACK LIMITS AT TURN 19
2021,United States Grand Prix,FP1,GAS,3.0,0 days 00:01:38.116000,9.0,clear_violation,TRACK LIMITS AT TURN 9
2021,United States Grand Prix,FP1,PER,5.0,0 days 00:01:56.075000,9.0,clear_violation,TRACK LIMITS AT TURN 9
2021,United States Grand Prix,FP1,PER,6.0,0 days 00:01:41.209000,9.0,clear_violation,TRACK LIMITS AT TURN 9
2021,United States Grand Prix,FP1,PER,11.0,0 days 00:01:35.817000,19.0,clear_violation,TRACK LIMITS AT TURN 19
2021,United States Grand Prix,FP1,PER,14.0,0 days 00:01:41.714000,9.0,clear_violation,TRACK LIMITS AT TURN 9
2021,United States Grand Prix,FP1,PER,16.0,0 days 00:01:41.849000,19.0,clear_violation,TRACK LIMITS AT TURN 19
2021,United States Grand Prix,FP1,STR,4.0,0 days 00:01:38.342000,9.0,clear_violation,TRACK LIMITS AT TURN 9
2021,United States Grand Prix,FP1,STR,13.0,0 days 00:01:37.417000,9.0,clear_violation,TRACK LIMITS AT TURN 9
2021,United States Grand Prix,FP1,TSU,11.0,0 days 00:01:37.661000,19.0,clear_violation,TRACK LIMITS AT TURN 19
2021,United States Grand Prix,FP1,TSU,14.0,0 days 00:01:37.248000,19.0,clear_violation,TRACK LIMITS AT TURN 19
2021,United States Grand Prix,FP1,TSU,21.0,0 days 00:01:43.398000,19.0,clear_violation,TRACK LIMITS AT TURN 19
2021,United States Grand Prix,FP1,OCO,4.0,0 days 00:01:38.784000,9.0,clear_violation,TRACK LIMITS AT TURN 9
2021,United States Grand Prix,FP1,OCO,16.0,0 days 00:01:37.252000,9.0,clear_violation,TRACK LIMITS AT TURN 9
2021,United States Grand Prix,FP1,VER,13.0,0 days 00:01:43.143000,19.0,clear_violation,TRACK LIMITS AT TURN 19
2021,United States Grand Prix,FP1,SAI,7.0,0 days 00:01:37.483000,19.0,clear_violation,TRACK LIMITS AT TURN 19
2021,United States Grand Prix,FP1,MAZ,,,19.0,no_advantage,CAR 9 (MAZ) OFF TRACK AND CONTINUED AT TURN 19
2021,United States Grand Prix,FP2,VET,7.0,0 days 00:01:41.572000,19.0,clear_violation,TRACK LIMITS AT TURN 19
2021,United States Grand Prix,FP2,VET,25.0,0 days 00:01:42.073000,9.0,clear_violation,TRACK LIMITS AT TURN 9
2021,United States Grand Prix,FP2,LAT,2.0,0 days 00:01:38.478000,19.0,clear_violation,TRACK LIMITS AT TURN 19
2021,United States Grand Prix,FP2,RAI,20.0,0 days 00:01:42.389000,9.0,clear_violation,TRACK LIMITS AT TURN 9
2021,United States Grand Prix,FP2,RAI,22.0,0 days 00:01:42.784000,19.0,clear_violation,TRACK LIMITS AT TURN 19
2021,United States Grand Prix,FP2,RAI,24.0,0 days 00:01:42.697000,9.0,clear_violation,TRACK LIMITS AT TURN 9
2021,United States Grand Prix,FP2,MAZ,4.0,0 days 00:01:39.961000,19.0,clear_violation,TRACK LIMITS AT TURN 19
2021,United States Grand Prix,FP2,MAZ,6.0,0 days 00:01:39.474000,19.0,clear_violation,TRACK LIMITS AT TURN 19
2021,United States Grand Prix,FP2,MAZ,16.0,0 days 00:01:44.330000,19.0,clear_violation,TRACK LIMITS AT TURN 19
2021,United States Grand Prix,FP2,MAZ,19.0,0 days 00:01:45.205000,19.0,clear_violation,TRACK LIMITS AT TURN 19
2021,United States Grand Prix,FP2,GAS,22.0,0 days 00:01:43.287000,19.0,clear_violation,TRACK LIMITS AT TURN 19
2021,United States Grand Prix,FP2,PER,22.0,0 days 00:01:43.244000,9.0,clear_violation,TRACK LIMITS AT TURN 9
2021,United States Grand Prix,FP2,ALO,2.0,0 days 00:01:36.744000,9.0,clear_violation,TRACK LIMITS AT TURN 9
2021,United States Grand Prix,FP2,LEC,5.0,0 days 00:01:36.402000,9.0,clear_violation,TRACK LIMITS AT TURN 9
2021,United States Grand Prix,FP2,LEC,11.0,0 days 00:01:35.999000,19.0,clear_violation,TRACK LIMITS AT TURN 19
2021,United States Grand Prix,FP2,LEC,16.0,0 days 00:01:41.767000,9.0,clear_violation,TRACK LIMITS AT TURN 9
2021,United States Grand Prix,FP2,STR,15.0,0 days 00:01:42.714000,19.0,clear_violation,TRACK LIMITS AT TURN 19
2021,United States Grand Prix,FP2,TSU,10.0,0 days 00:01:36.690000,19.0,clear_violation,TRACK LIMITS AT TURN 19
2021,United States Grand Prix,FP2,TSU,18.0,0 days 00:01:42.882000,19.0,clear_violation,TRACK LIMITS AT TURN 19
2021,United States Grand Prix,FP2,TSU,19.0,0 days 00:01:43.241000,9.0,clear_violation,TRACK LIMITS AT TURN 9
2021,United States Grand Prix,FP2,OCO,19.0,0 days 00:01:42.757000,9.0,clear_violation,TRACK LIMITS AT TURN 9
2021,United States Grand Prix,FP2,HAM,7.0,0 days 00:01:34.842000,19.0,clear_violation,TRACK LIMITS AT TURN 19
2021,United States Grand Prix,FP2,MSC,2.0,0 days 00:01:38.268000,19.0,clear_violation,TRACK LIMITS AT TURN 19
2021,United States Grand Prix,FP2,BOT,20.0,0 days 00:01:43.539000,9.0,clear_violation,TRACK LIMITS AT TURN 9
2021,United States Grand Prix,FP2,VER,,,20.0,no_advantage,CAR 33 (VER) OFF TRACK AND CONTINUED AT TURN 20
2021,United States Grand Prix,FP2,MSC,,,1.0,no_advantage,CAR 47 (MSC) OFF TRACK AND CONTINUED AT TURN 1
2021,United States Grand Prix,FP2,OCO,,,1.0,no_advantage,CAR 31 (OCO) OFF TRACK AND CONTINUED AT TURN 1
2021,United States Grand Prix,FP2,NOR,,,11.0,no_advantage,CAR 4 (NOR) OFF TRACK AND CONTINUED AT TURN 11
2021,United States Grand Prix,FP3,RAI,10.0,0 days 00:01:36.758000,9.0,clear_violation,TRACK LIMITS AT TURN 9
2021,United States Grand Prix,FP3,RAI,19.0,0 days 00:01:37.066000,9.0,clear_violation,TRACK LIMITS AT TURN 9
2021,United States Grand Prix,FP3,MAZ,2.0,0 days 00:01:38.442000,19.0,clear_violation,TRACK LIMITS AT TURN 19
2021,United States Grand Prix,FP3,MAZ,9.0,0 days 00:01:37.414000,9.0,clear_violation,TRACK LIMITS AT TURN 9
2021,United States Grand Prix,FP3,MAZ,12.0,0 days 00:01:37.344000,19.0,clear_violation,TRACK LIMITS AT TURN 19
2021,United States Grand Prix,FP3,GAS,4.0,0 days 00:01:36.647000,9.0,clear_violation,TRACK LIMITS AT TURN 9
2021,United States Grand Prix,FP3,LEC,10.0,0 days 00:01:35.343000,19.0,clear_violation,TRACK LIMITS AT TURN 19
2021,United States Grand Prix,FP3,STR,2.0,0 days 00:01:37.015000,9.0,clear_violation,TRACK LIMITS AT TURN 9
2021,United States Grand Prix,FP3,TSU,2.0,0 days 00:01:38.124000,9.0,clear_violation,TRACK LIMITS AT TURN 9
2021,United States Grand Prix,FP3,VER,9.0,0 days 00:01:34.383000,19.0,clear_violation,TRACK LIMITS AT TURN 19
2021,United States Grand Prix,FP3,HAM,12.0,0 days 00:01:34.458000,9.0,clear_violation,TRACK LIMITS AT TURN 9
2021,United States Grand Prix,FP3,MSC,12.0,0 days 00:01:40.545000,19.0,clear_violation,TRACK LIMITS AT TURN 19
2021,United States Grand Prix,FP3,BOT,2.0,0 days 00:01:35.556000,19.0,clear_violation,TRACK LIMITS AT TURN 19
2021,United States Grand Prix,Q,PER,8.0,0 days 00:01:34.074000,19.0,clear_violation,TRACK LIMITS AT TURN 19
2021,United States Grand Prix,Q,RIC,5.0,0 days 00:01:34.248000,9.0,clear_violation,TRACK LIMITS AT TURN 9
2021,United States Grand Prix,Q,RUS,10.0,0 days 00:01:35.730000,9.0,clear_violation,TRACK LIMITS AT TURN 9
2021,United States Grand Prix,Q,STR,4.0,0 days 00:01:36.219000,19.0,clear_violation,TRACK LIMITS AT TURN 19
2021,United States Grand Prix,Q,RAI,3.0,0 days 00:01:36.336000,19.0,clear_violation,TRACK LIMITS AT TURN 19
2021,United States Grand Prix,Q,MAZ,2.0,0 days 00:01:37.894000,19.0,clear_violation,TRACK LIMITS AT TURN 19
2021,United States Grand Prix,Q,MAZ,,,3.0,no_advantage,TURN 3-5 INCIDENT INVOLVING CARS 9 (MAZ) AND 5 (VET) - NO INVESTIGATION NECESSARY
2021,United States Grand Prix,Q,MAZ,,,15.0,no_advantage,TURN 15 INCIDENT INVOLVING CARS 9 (MAZ) AND 18 (STR) NO INVESTIGATION NECESSARY
2021,United States Grand Prix,R,VER,4.0,0 days 00:01:41.125000,19.0,clear_violation,TRACK LIMITS AT TURN 19
2021,United States Grand Prix,R,PER,13.0,0 days 00:02:01.373000,19.0,clear_violation,TRACK LIMITS AT TURN 19
2021,United States Grand Prix,R,TSU,11.0,0 days 00:01:42.046000,9.0,clear_violation,TRACK LIMITS AT TURN 9
2021,United States Grand Prix,R,VET,51.0,0 days 00:01:41.439000,19.0,clear_violation,TRACK LIMITS AT TURN 19
2021,United States Grand Prix,R,VET,55.0,0 days 00:01:41.639000,19.0,clear_violation,TRACK LIMITS AT TURN 19
2021,United States Grand Prix,R,GIO,28.0,0 days 00:01:40.792000,9.0,clear_violation,TRACK LIMITS AT TURN 9
2021,United States Grand Prix,R,STR,21.0,0 days 00:01:43.098000,9.0,clear_violation,TRACK LIMITS AT TURN 9
2021,United States Grand Prix,R,STR,29.0,0 days 00:01:43.550000,9.0,clear_violation,TRACK LIMITS AT TURN 9
2021,United States Grand Prix,R,STR,47.0,0 days 00:01:41.381000,9.0,clear_violation,TRACK LIMITS AT TURN 9
2021,United States Grand Prix,R,RAI,13.0,0 days 00:02:02.425000,9.0,clear_violation,TRACK LIMITS AT TURN 9
2021,United States Grand Prix,R,RAI,16.0,0 days 00:01:43.605000,1.0,clear_violation,TRACK LIMITS AT TURN 1
2021,United States Grand Prix,R,RAI,33.0,0 days 00:01:42.505000,19.0,clear_violation,TRACK LIMITS AT TURN 19
2021,United States Grand Prix,R,RAI,40.0,0 days 00:01:41.585000,19.0,clear_violation,TRACK LIMITS AT TURN 19
2021,United States Grand Prix,R,RUS,14.0,0 days 00:01:43.719000,19.0,clear_violation,TRACK LIMITS AT TURN 19
2021,United States Grand Prix,R,RUS,40.0,0 days 00:01:42.221000,9.0,clear_violation,TRACK LIMITS AT TURN 9
2021,United States Grand Prix,R,LAT,55.0,0 days 00:01:43.709000,9.0,clear_violation,TRACK LIMITS AT TURN 9
2021,United States Grand Prix,R,MSC,46.0,0 days 00:01:42.189000,19.0,clear_violation,TRACK LIMITS AT TURN 19
2021,United States Grand Prix,R,MAZ,5.0,0 days 00:01:45.006000,19.0,clear_violation,TRACK LIMITS AT TURN 19
2021,United States Grand Prix,R,MAZ,30.0,0 days 00:01:48.426000,19.0,clear_violation,TRACK LIMITS AT TURN 19
2021,United States Grand Prix,R,MAZ,39.0,0 days 00:01:46.284000,9.0,clear_violation,TRACK LIMITS AT TURN 9
2021,United States Grand Prix,R,OCO,6.0,0 days 00:01:45.194000,1.0,clear_violation,TRACK LIMITS AT TURN 1
2021,United States Grand Prix,R,GAS,11.0,0 days 00:02:02.604000,9.0,clear_violation,TRACK LIMITS AT TURN 9
2021,United States Grand Prix,R,,,,1.0,no_advantage,TURN 1 INCIDENT NO INVESTIGATION NECESSARY
2021,United States Grand Prix,R,ALO,,,1.0,no_advantage,TURN 1 INCIDENT INVOLVING CARS 14 (ALO) AND 7 (RAI) NO INVESTIGATION NECESSARY
2021,United States Grand Prix,R,GIO,,,12.0,no_advantage,TURN 12 INCIDENT INVOLVING CARS 99 (GIO) AND 14 (ALO) NO INVESTIGATION NECESSARY 
2021,Mexico City Grand Prix,FP1,STR,5.0,0 days 00:01:21.978000,11.0,clear_violation,TRACK LIMITS AT TURN 11
2021,Mexico City Grand Prix,FP1,MSC,2.0,0 days 00:01:28.441000,11.0,clear_violation,TRACK LIMITS AT TURN 11
2021,Mexico City Grand Prix,FP1,BOT,,,12.0,no_advantage,CAR 77 (BOT) OFF TRACK AND CONTINUED AT TURN 12
2021,Mexico City Grand Prix,FP1,ALO,,,12.0,no_advantage,CAR 14 (ALO) OFF TRACK AND CONTINUED AT TURN 12
2021,Mexico City Grand Prix,FP1,OCO,,,4.0,no_advantage,CAR 31 (OCO) OFF TRACK AND CONTINUED AT TURN 4
2021,Mexico City Grand Prix,FP1,STR,,,12.0,no_advantage,CAR 18 (STR) OFF TRACK AND CONTINUED AT TURN 12
2021,Mexico City Grand Prix,FP1,BOT,,,13.0,no_advantage,CAR 77 (BOT) OFF TRACK AND CONTINUED AT TURN 13
2021,Mexico City Grand Prix,FP1,MAZ,,,11.0,no_advantage,CAR 9 (MAZ) OFF TRACK AND CONTINUED AT TURN 11
2021,Mexico City Grand Prix,FP1,PER,,,12.0,no_advantage,CAR 11 (PER) OFF TRACK AND CONTINUED AT TURN 12
2021,Mexico City Grand Prix,FP1,NOR,,,4.0,no_advantage,CAR 4 (NOR) OFF TRACK AND CONTINUED AT TURN 4
2021,Mexico City Grand Prix,FP1,LEC,,,12.0,no_advantage,CAR 16 (LEC) OFF TRACK AND CONTINUED AT TURN 12
2021,Mexico City Grand Prix,FP2,LAT,2.0,0 days 00:01:21.233000,11.0,clear_violation,TRACK LIMITS AT TURN 11
2021,Mexico City Grand Prix,FP2,MAZ,23.0,0 days 00:01:25.034000,11.0,clear_violation,TRACK LIMITS AT TURN 11
2021,Mexico City Grand Prix,FP2,MAZ,26.0,0 days 00:01:23.894000,11.0,clear_violation,TRACK LIMITS AT TURN 11
2021,Mexico City Grand Prix,FP2,STR,,,12.0,no_advantage,CAR 18 (STR) OFF TRACK AND CONTINUED AT TURN 12
2021,Mexico City Grand Prix,FP2,BOT,,,1.0,no_advantage,CAR 77 (BOT) OFF TRACK AND CONTINUED AT TURN 1
2021,Mexico City Grand Prix,FP2,HAM,,,1.0,no_advantage,CAR 44 (HAM) OFF TRACK AND CONTINUED AT TURN 1
2021,Mexico City Grand Prix,FP2,MAZ,,,12.0,no_advantage,CAR 9 (MAZ) OFF TRACK AND CONTINUED AT TURN 12
2021,Mexico City Grand Prix,FP2,MSC,,,12.0,no_advantage,CAR 47 (MSC) OFF TRACK AND CONTINUED AT TURN 12
2021,Mexico City Grand Prix,FP2,LAT,,,16.0,no_advantage,CAR 6 (LAT) OFF TRACK AND CONTINUED AT TURN 16
2021,Mexico City Grand Prix,FP2,VET,,,12.0,no_advantage,CAR 5 (VET) OFF TRACK AND CONTINUED AT TURN 12
2021,Mexico City Grand Prix,FP3,NOR,6.0,0 days 00:01:26.242000,1.0,clear_violation,TRACK LIMITS AT TURN 1
2021,Mexico City Grand Prix,FP3,NOR,11.0,0 days 00:01:47.672000,1.0,clear_violation,TRACK LIMITS AT TURN 1
2021,Mexico City Grand Prix,FP3,MAZ,5.0,0 days 00:01:54.422000,11.0,clear_violation,TRACK LIMITS AT TURN 11
2021,Mexico City Grand Prix,FP3,ALO,10.0,0 days 00:01:18.816000,12.0,clear_violation,TRACK LIMITS AT TURN 12
2021,Mexico City Grand Prix,FP3,LEC,,,8.0,no_advantage,CAR 16 (LEC) OFF TRACK AND CONTINUED AT TURN 8
2021,Mexico City Grand Prix,FP3,MAZ,,,8.0,no_advantage,CAR 9 (MAZ) OFF TRACK AND CONTINUED AT TURN 8
2021,Mexico City Grand Prix,FP3,GAS,,,12.0,no_advantage,CAR 10 (GAS) OFF TRACK AND CONTINUED AT TURN 12
2021,Mexico City Grand Prix,FP3,STR,,,12.0,no_advantage,CAR 18 (STR) OFF TRACK AND CONTINUED AT TURN 12
2021,Mexico City Grand Prix,FP3,VET,,,12.0,no_advantage,CORRECTION - CAR 5 (VET) OFF TRACK AND CONTINUED AT TURN 12
2021,Mexico City Grand Prix,FP3,ALO,,,12.0,no_advantage,CAR 14 (ALO) OFF TRACK AND CONTINUED AT TURN 12
2021,Mexico City Grand Prix,FP3,VET,,,12.0,no_advantage,CAR 5 (VET) OFF TRACK AND CONTINUED AT TURN 12
2021,Mexico City Grand Prix,Q,TSU,15.0,0 days 00:01:50.338000,11.0,clear_violation,TRACK LIMITS AT TURN 11
2021,Mexico City Grand Prix,Q,MSC,2.0,0 days 00:01:21.524000,12.0,clear_violation,TRACK LIMITS AT TURN 12
2021,Mexico City Grand Prix,Q,SAI,,,12.0,no_advantage,CAR 55 (SAI) OFF TRACK AND CONTINUED AT TURN 12
2021,Mexico City Grand Prix,Q,GIO,,,7.0,no_advantage,CAR 99 (GIO) OFF TRACK AND CONTINUED AT TURN 7
2021,Mexico City Grand Prix,Q,NOR,,,1.0,no_advantage,CAR 4 (NOR) OFF TRACK AND CONTINUED AT TURN 1
2021,Mexico City Grand Prix,R,MAZ,33.0,0 days 00:01:23.857000,11.0,clear_violation,TRACK LIMITS AT TURN 11
2021,Mexico City Grand Prix,R,,,,,no_advantage,LAP 1 TURNS 1-2 INCIDENT NO INVESTIGATION NECESSARY
2021,Mexico City Grand Prix,R,RIC,,,7.0,no_advantage,TURN 7 INCIDENT INVOLVING CARS 3 (RIC) AND 18 (STR) NO INVESTIGATION NECESSARY
2021,Mexico City Grand Prix,R,VET,,,12.0,no_advantage,CAR 5 (VET) OFF TRACK AND CONTINUED AT TURN 12
2021,Mexico City Grand Prix,R,HAM,,,12.0,no_advantage,CAR 44 (HAM) OFF TRACK AND CONTINUED AT TURN 12
2021,Mexico City Grand Prix,R,GAS,,,12.0,no_advantage,CAR 10 (GAS) OFF TRACK AND CONTINUED AT TURN 12
2021,São Paulo Grand Prix,FP1,LEC,,,4.0,no_advantage,CAR 16 (LEC) OFF TRACK AND CONTINUED AT TURN 4
2021,São Paulo Grand Prix,FP1,RUS,,,4.0,no_advantage,CAR 63 (RUS) OFF TRACK AND CONTINUED AT TURN 4
2021,São Paulo Grand Prix,FP1,BOT,,,5.0,no_advantage,CAR 77 (BOT) OFF TRACK AND CONTINUED AT TURN 5
2021,São Paulo Grand Prix,FP2,NOR,20.0,0 days 00:01:14.151000,4.0,clear_violation,TRACK LIMITS AT TURN 4
2021,São Paulo Grand Prix,FP2,RAI,29.0,0 days 00:01:14.666000,4.0,clear_violation,TRACK LIMITS AT TURN 4
2021,São Paulo Grand Prix,FP2,RAI,33.0,0 days 00:01:14.666000,4.0,clear_violation,TRACK LIMITS AT TURN 4
2021,São Paulo Grand Prix,FP2,MAZ,2.0,0 days 00:01:16.500000,4.0,clear_violation,TRACK LIMITS AT TURN 4
2021,São Paulo Grand Prix,FP2,GAS,22.0,0 days 00:01:14.415000,4.0,clear_violation,TRACK LIMITS AT TURN 4
2021,São Paulo Grand Prix,FP2,LEC,8.0,0 days 00:01:15.011000,4.0,clear_violation,TRACK LIMITS AT TURN 4
2021,São Paulo Grand Prix,FP2,LEC,22.0,0 days 00:01:13.358000,4.0,clear_violation,TRACK LIMITS AT TURN 4
2021,São Paulo Grand Prix,Q,HAM,11.0,0 days 00:01:08.659000,4.0,clear_violation,TRACK LIMITS AT TURN 4
2021,São Paulo Grand Prix,Q,LEC,6.0,0 days 00:01:09.135000,4.0,clear_violation,TRACK LIMITS AT TURN 4
2021,São Paulo Grand Prix,Q,GIO,5.0,0 days 00:01:10.067000,4.0,clear_violation,TRACK LIMITS AT TURN 4
2021,São Paulo Grand Prix,Q,MSC,10.0,0 days 00:01:09.958000,4.0,clear_violation,TRACK LIMITS AT TURN 4
2021,São Paulo Grand Prix,SQ,VET,16.0,0 days 00:01:14.337000,4.0,clear_violation,TRACK LIMITS AT TURN 4
2021,São Paulo Grand Prix,SQ,STR,17.0,0 days 00:01:14.111000,4.0,clear_violation,TRACK LIMITS AT TURN 4
2021,São Paulo Grand Prix,SQ,MSC,21.0,0 days 00:01:14.904000,4.0,clear_violation,TRACK LIMITS AT TURN 4
2021,São Paulo Grand Prix,SQ,MAZ,7.0,0 days 00:01:16.702000,4.0,clear_violation,TRACK LIMITS AT TURN 4
2021,São Paulo Grand Prix,SQ,MAZ,22.0,0 days 00:01:15.066000,4.0,clear_violation,TRACK LIMITS AT TURN 4
2021,São Paulo Grand Prix,SQ,RAI,,,1.0,no_advantage,TURN 1 INCIDENT INVOLVING CARS 7 (RAI) AND 99 (GIO) NO INVESTIGATION NECESSARY
2021,São Paulo Grand Prix,S,VET,16.0,0 days 00:01:14.337000,4.0,clear_violation,TRACK LIMITS AT TURN 4
2021,São Paulo Grand Prix,S,STR,17.0,0 days 00:01:14.111000,4.0,clear_violation,TRACK LIMITS AT TURN 4
2021,São Paulo Grand Prix,S,MSC,21.0,0 days 00:01:14.904000,4.0,clear_violation,TRACK LIMITS AT TURN 4
2021,São Paulo Grand Prix,S,MAZ,7.0,0 days 00:01:16.702000,4.0,clear_violation,TRACK LIMITS AT TURN 4
2021,São Paulo Grand Prix,S,MAZ,22.0,0 days 00:01:15.066000,4.0,clear_violation,TRACK LIMITS AT TURN 4
2021,São Paulo Grand Prix,S,RAI,,,1.0,no_advantage,TURN 1 INCIDENT INVOLVING CARS 7 (RAI) AND 99 (GIO) NO INVESTIGATION NECESSARY
2021,São Paulo Grand Prix,R,HAM,48.0,0 days 00:01:14.577000,4.0,clear_violation,TRACK LIMITS AT TURN 4
2021,São Paulo Grand Prix,R,VER,48.0,0 days 00:01:14.042000,4.0,clear_violation,TRACK LIMITS AT TURN 4
2021,São Paulo Grand Prix,R,GAS,5.0,0 days 00:01:16.073000,4.0,clear_violation,TRACK LIMITS AT TURN 4
2021,São Paulo Grand Prix,R,NOR,60.0,0 days 00:01:14.252000,4.0,clear_violation,TRACK LIMITS AT TURN 4
2021,São Paulo Grand Prix,R,RAI,64.0,0 days 00:01:13.829000,4.0,clear_violation,TRACK LIMITS AT TURN 4
2021,São Paulo Grand Prix,R,MSC,43.0,0 days 00:01:15.427000,4.0,clear_violation,TRACK LIMITS AT TURN 4
2021,São Paulo Grand Prix,R,MSC,65.0,0 days 00:01:14.182000,4.0,clear_violation,TRACK LIMITS AT TURN 4
2021,São Paulo Grand Prix,R,,,,1.0,no_advantage,TURN 1 INCIDENT NO INVESTIGATION NECESSARY 
2021,São Paulo Grand Prix,R,RAI,,,2.0,no_advantage,TURN 2 INCIDENT INVOLVING CARS 7 (RAI) AND 47 (MSC) NO INVESTIGATION NECESSARY
2021,São Paulo Grand Prix,R,VER,,,4.0,no_advantage,TURN 4 INCIDENT INVOLVING CARS 33 (VER) AND 44 (HAM) NO INVESTIGATION NECESSARY
2021,Qatar Grand Prix,FP1,MSC,,,7.0,no_advantage,CAR 47 (MSC) OFF TRACK AND CONTINUED AT TURN 7
2021,Qatar Grand Prix,FP2,RIC,18.0,0 days 00:01:31.763000,2.0,clear_violation,TRACK LIMITS AT TURN 2
2021,Qatar Grand Prix,FP2,NOR,21.0,0 days 00:01:29.882000,2.0,clear_violation,TRACK LIMITS AT TURN 2
2021,Qatar Grand Prix,FP2,ALO,18.0,0 days 00:01:28.693000,7.0,clear_violation,TRACK LIMITS AT TURN 7
2021,Qatar Grand Prix,FP2,ALO,21.0,0 days 00:01:43.012000,7.0,clear_violation,TRACK LIMITS AT TURN 7
2021,Qatar Grand Prix,FP2,LEC,13.0,0 days 00:01:26.546000,8.0,clear_violation,TRACK LIMITS AT TURN 8
2021,Qatar Grand Prix,FP2,LEC,21.0,0 days 00:01:30.038000,7.0,clear_violation,TRACK LIMITS AT TURN 7
2021,Qatar Grand Prix,FP2,STR,6.0,0 days 00:01:24.733000,16.0,clear_violation,TRACK LIMITS AT TURN 16
2021,Qatar Grand Prix,FP2,RUS,6.0,0 days 00:01:25.366000,2.0,clear_violation,TRACK LIMITS AT TURN 2
2021,Qatar Grand Prix,FP2,BOT,10.0,0 days 00:01:23.154000,7.0,clear_violation,TRACK LIMITS AT TURN 7
2021,Qatar Grand Prix,FP2,BOT,18.0,0 days 00:01:28.565000,7.0,clear_violation,TRACK LIMITS AT TURN 7
2021,Qatar Grand Prix,FP2,GAS,,,16.0,no_advantage,CAR 10 (GAS) OFF TRACK AND CONTINUED AT TURN 16
2021,Qatar Grand Prix,FP3,GAS,8.0,0 days 00:01:22.721000,16.0,clear_violation,TRACK LIMITS AT TURN 16
2021,Qatar Grand Prix,FP3,LEC,16.0,0 days 00:01:25.748000,16.0,clear_violation,TRACK LIMITS AT TURN 16
2021,Qatar Grand Prix,FP3,STR,12.0,0 days 00:01:25.438000,16.0,clear_violation,TRACK LIMITS AT TURN 16
2021,Qatar Grand Prix,FP3,TSU,19.0,0 days 00:01:24.815000,2.0,clear_violation,TRACK LIMITS AT TURN 2
2021,Qatar Grand Prix,FP3,OCO,14.0,0 days 00:01:23.601000,2.0,clear_violation,TRACK LIMITS AT TURN 2
2021,Qatar Grand Prix,FP3,PER,,,15.0,no_advantage,CAR 11 (PER) OFF TRACK AND CONTINUED AT TURN 15
2021,Qatar Grand Prix,FP3,NOR,,,15.0,no_advantage,CAR 4 (NOR) OFF TRACK AND CONTINUED AT TURN 15
2021,Qatar Grand Prix,FP3,LEC,,,16.0,no_advantage,CAR 16 (LEC) OFF TRACK AND CONTINUED AT TURN 16
2021,Qatar Grand Prix,Q,NOR,4.0,0 days 00:01:22.975000,16.0,clear_violation,TRACK LIMITS AT TURN 16
2021,Qatar Grand Prix,Q,LEC,5.0,0 days 00:01:23.120000,16.0,clear_violation,TRACK LIMITS AT TURN 16
2021,Qatar Grand Prix,Q,MSC,2.0,0 days 00:01:24.573000,2.0,clear_violation,TRACK LIMITS AT TURN 2
2021,Qatar Grand Prix,Q,TSU,,,1.0,no_advantage,CAR 22 (TSU) OFF TRACK AND CONTINUED AT TURN 1
2021,Qatar Grand Prix,R,GAS,3.0,0 days 00:01:30.886000,16.0,clear_violation,TRACK LIMITS AT TURN 16
2021,Qatar Grand Prix,R,GAS,4.0,0 days 00:01:31.260000,16.0,clear_violation,TRACK LIMITS AT TURN 16
2021,Qatar Grand Prix,R,ALO,29.0,0 days 00:01:29.846000,2.0,clear_violation,TRACK LIMITS AT TURN 2
2021,Qatar Grand Prix,R,OCO,47.0,0 days 00:01:29.029000,2.0,clear_violation,TRACK LIMITS AT TURN 2
2021,Qatar Grand Prix,R,VET,10.0,0 days 00:01:31.382000,16.0,clear_violation,TRACK LIMITS AT TURN 16
2021,Qatar Grand Prix,R,VET,11.0,0 days 00:01:31.343000,16.0,clear_violation,TRACK LIMITS AT TURN 16
2021,Qatar Grand Prix,R,GIO,49.0,0 days 00:01:29.198000,16.0,clear_violation,TRACK LIMITS AT TURN 16
2021,Qatar Grand Prix,R,GIO,50.0,0 days 00:01:28.909000,16.0,clear_violation,TRACK LIMITS AT TURN 16
2021,Qatar Grand Prix,R,STR,,,15.0,no_advantage,CAR 18 (STR) OFF TRACK AND CONTINUED AT TURN 15
2021,Qatar Grand Prix,R,BOT,,,7.0,no_advantage,CAR 77 (BOT) OFF TRACK AND CONTINUED AT TURN 7
2021,Saudi Arabian Grand Prix,FP1,VER,,,11.0,no_advantage,CAR 33 (VER) OFF TRACK AND CONTINUED AT TURN 11
2021,Saudi Arabian Grand Prix,FP2,PER,,,4.0,no_advantage,CAR 11 (PER) OFF TRACK AND CONTINUED AT TURN 4
2021,Saudi Arabian Grand Prix,FP2,VER,,,8.0,no_advantage,CAR 33 (VER) OFF TRACK AND CONTINUED AT TURN 8
2021,Saudi Arabian Grand Prix,FP2,PER,,,2.0,no_advantage,CAR 11 (PER) OFF TRACK AND CONTINUED AT TURN 2
2021,Saudi Arabian Grand Prix,FP2,GAS,,,2.0,no_advantage,CAR 10 (GAS) OFF TRACK AND CONTINUED AT TURN 2
2021,Saudi Arabian Grand Prix,FP2,GAS,,,8.0,no_advantage,CAR 10 (GAS) OFF TRACK AND CONTINUED AT TURN 8
2021,Saudi Arabian Grand Prix,FP2,LEC,,,8.0,no_advantage,CAR 16 (LEC) OFF TRACK AND CONTINUED AT TURN 8
2021,Saudi Arabian Grand Prix,FP2,ALO,,,5.0,no_advantage,CAR 14 (ALO) OFF TRACK AND CONTINUED AT TURN 5
2021,Saudi Arabian Grand Prix,FP2,MSC,,,23.0,no_advantage,CAR 47 (MSC) OFF TRACK AND CONTINUED AT TURN 23
2021,Saudi Arabian Grand Prix,FP2,VET,,,11.0,no_advantage,CAR 5 (VET) OFF TRACK AND CONTINUED AT TURN 11
2021,Saudi Arabian Grand Prix,FP3,HAM,,,1.0,no_advantage,CAR 44 (HAM) OFF TRACK AND CONTINUED AT TURN 1
2021,Saudi Arabian Grand Prix,Q,SAI,11.0,0 days 00:01:30.358000,4.0,clear_violation,TRACK LIMITS AT TURN 4
2021,Saudi Arabian Grand Prix,Q,BOT,,,17.0,no_advantage,TURN 17 INCIDENT INVOLVING CARS 77 (BOT) AND 7 (RAI) NO INVESTIGATION NECESSARY 
2021,Saudi Arabian Grand Prix,R,STR,,,7.0,no_advantage,TURN 7 INCIDENT INVOLVING CARS 18 (STR) AND 63 (RUS) NO INVESTIGATION NECESSARY
2021,Saudi Arabian Grand Prix,R,OCO,,,,no_advantage,START INCIDENT INVOLVING CARS 31 (OCO) AND 22 (TSU) NO INVESTIGATION NECESSARY
2021,Saudi Arabian Grand Prix,R,VET,,,4.0,no_advantage,TURN 4 INCIDENT INVOLVING CARS 5 (VET) AND 7 (RAI) NO INVESTIGATION NECESSARY
2021,Abu Dhabi Grand Prix,FP1,NOR,2.0,0 days 00:01:28.247000,16.0,clear_violation,TRACK LIMITS AT TURN 16
2021,Abu Dhabi Grand Prix,FP1,NOR,3.0,0 days 00:02:21.073000,16.0,clear_violation,TRACK LIMITS AT TURN 16
2021,Abu Dhabi Grand Prix,FP1,NOR,6.0,0 days 00:01:57.281000,7.0,clear_violation,TRACK LIMITS AT TURN 7
2021,Abu Dhabi Grand Prix,FP1,VET,7.0,0 days 00:01:26.864000,16.0,clear_violation,TRACK LIMITS AT TURN 16
2021,Abu Dhabi Grand Prix,FP1,VET,8.0,0 days 00:02:21.587000,16.0,clear_violation,TRACK LIMITS AT TURN 16
2021,Abu Dhabi Grand Prix,FP1,LAT,4.0,0 days 00:01:28.686000,16.0,clear_violation,TRACK LIMITS AT TURN 16
2021,Abu Dhabi Grand Prix,FP1,LAT,5.0,0 days 00:02:17.478000,16.0,clear_violation,TRACK LIMITS AT TURN 16
2021,Abu Dhabi Grand Prix,FP1,LAT,6.0,0 days 00:01:28.281000,16.0,clear_violation,TRACK LIMITS AT TURN 16
2021,Abu Dhabi Grand Prix,FP1,MAZ,17.0,0 days 00:01:33.541000,7.0,clear_violation,TRACK LIMITS AT TURN 7
2021,Abu Dhabi Grand Prix,FP1,PER,4.0,0 days 00:01:26.652000,16.0,clear_violation,TRACK LIMITS AT TURN 16
2021,Abu Dhabi Grand Prix,FP1,ALO,3.0,0 days 00:01:27.624000,15.0,clear_violation,TRACK LIMITS AT TURN 15
2021,Abu Dhabi Grand Prix,FP1,ALO,9.0,0 days 00:01:26.505000,16.0,clear_violation,TRACK LIMITS AT TURN 16
2021,Abu Dhabi Grand Prix,FP1,TSU,4.0,0 days 00:01:27.092000,15.0,clear_violation,TRACK LIMITS AT TURN 15
2021,Abu Dhabi Grand Prix,FP1,HAM,16.0,0 days 00:01:25.042000,16.0,clear_violation,TRACK LIMITS AT TURN 16
2021,Abu Dhabi Grand Prix,FP1,SAI,2.0,0 days 00:01:27.594000,16.0,clear_violation,TRACK LIMITS AT TURN 16
2021,Abu Dhabi Grand Prix,FP1,SAI,19.0,0 days 00:02:10.779000,7.0,clear_violation,TRACK LIMITS AT TURN 7
2021,Abu Dhabi Grand Prix,FP1,BOT,2.0,0 days 00:01:26.580000,16.0,clear_violation,TRACK LIMITS AT TURN 16
2021,Abu Dhabi Grand Prix,FP1,BOT,3.0,0 days 00:02:11.905000,16.0,clear_violation,TRACK LIMITS AT TURN 16
2021,Abu Dhabi Grand Prix,FP1,BOT,24.0,0 days 00:01:29.766000,16.0,clear_violation,TRACK LIMITS AT TURN 16
2021,Abu Dhabi Grand Prix,FP1,BOT,25.0,0 days 00:01:31.317000,16.0,clear_violation,TRACK LIMITS AT TURN 16
2021,Abu Dhabi Grand Prix,FP1,ALO,,,1.0,no_advantage,CAR 14 (ALO) OFF TRACK AND CONTINUED AT TURN 1
2021,Abu Dhabi Grand Prix,FP2,RIC,13.0,0 days 00:01:24.812000,16.0,clear_violation,TRACK LIMITS AT TURN 16
2021,Abu Dhabi Grand Prix,FP2,NOR,4.0,0 days 00:01:25.072000,16.0,clear_violation,TRACK LIMITS AT TURN 16
2021,Abu Dhabi Grand Prix,FP2,VET,21.0,0 days 00:01:30.219000,16.0,clear_violation,TRACK LIMITS AT TURN 16
2021,Abu Dhabi Grand Prix,FP2,VET,22.0,0 days 00:01:31.445000,16.0,clear_violation,TRACK LIMITS AT TURN 16
2021,Abu Dhabi Grand Prix,FP2,RAI,8.0,0 days 00:01:26.150000,16.0,clear_violation,TRACK LIMITS AT TURN 16
2021,Abu Dhabi Grand Prix,FP2,MAZ,16.0,0 days 00:01:34.020000,16.0,clear_violation,TRACK LIMITS AT TURN 16
2021,Abu Dhabi Grand Prix,FP2,MAZ,17.0,0 days 00:01:46.154000,16.0,clear_violation,TRACK LIMITS AT TURN 16
2021,Abu Dhabi Grand Prix,FP2,MAZ,19.0,0 days 00:01:32.311000,16.0,clear_violation,TRACK LIMITS AT TURN 16
2021,Abu Dhabi Grand Prix,FP2,MAZ,20.0,0 days 00:01:32.371000,16.0,clear_violation,TRACK LIMITS AT TURN 16
2021,Abu Dhabi Grand Prix,FP2,ALO,7.0,0 days 00:01:24.225000,16.0,clear_violation,TRACK LIMITS AT TURN 16
2021,Abu Dhabi Grand Prix,FP2,ALO,8.0,0 days 00:02:25.980000,16.0,clear_violation,TRACK LIMITS AT TURN 16
2021,Abu Dhabi Grand Prix,FP2,LEC,6.0,0 days 00:01:25.104000,16.0,clear_violation,TRACK LIMITS AT TURN 16
2021,Abu Dhabi Grand Prix,FP2,LEC,22.0,0 days 00:01:29.668000,16.0,clear_violation,TRACK LIMITS AT TURN 16
2021,Abu Dhabi Grand Prix,FP2,LEC,23.0,0 days 00:01:29.439000,16.0,clear_violation,TRACK LIMITS AT TURN 16
2021,Abu Dhabi Grand Prix,FP2,VER,4.0,0 days 00:01:24.989000,16.0,clear_violation,TRACK LIMITS AT TURN 16
2021,Abu Dhabi Grand Prix,FP2,VER,5.0,0 days 00:02:21.507000,16.0,clear_violation,TRACK LIMITS AT TURN 16
2021,Abu Dhabi Grand Prix,FP2,BOT,,,1.0,no_advantage,CAR 77 (BOT) OFF TRACK AND CONTINUED AT TURN 1
2021,Abu Dhabi Grand Prix,FP3,VET,4.0,0 days 00:01:26.936000,16.0,clear_violation,TRACK LIMITS AT TURN 16
2021,Abu Dhabi Grand Prix,FP3,VET,5.0,0 days 00:01:56.958000,16.0,clear_violation,TRACK LIMITS AT TURN 16
2021,Abu Dhabi Grand Prix,FP3,VET,13.0,0 days 00:01:26.259000,16.0,clear_violation,TRACK LIMITS AT TURN 16
2021,Abu Dhabi Grand Prix,FP3,RAI,20.0,0 days 00:01:26.337000,16.0,clear_violation,TRACK LIMITS AT TURN 16
2021,Abu Dhabi Grand Prix,FP3,RAI,21.0,0 days 00:01:45.594000,16.0,clear_violation,TRACK LIMITS AT TURN 16
2021,Abu Dhabi Grand Prix,FP3,MAZ,4.0,0 days 00:01:50.771000,7.0,clear_violation,TRACK LIMITS AT TURN 7
2021,Abu Dhabi Grand Prix,FP3,LAT,,,1.0,no_advantage,CAR 6 (LAT) OFF TRACK AND CONTINUED AT TURN 1
2021,Abu Dhabi Grand Prix,FP3,HAM,,,12.0,no_advantage,CAR 44 (HAM) OFF TRACK AND CONTINUED AT TURN 12
2021,Abu Dhabi Grand Prix,FP3,MAZ,,,1.0,no_advantage,CAR 9 (MAZ) OFF TRACK AND CONTINUED AT TURN 1
2021,Abu Dhabi Grand Prix,FP3,RIC,,,1.0,no_advantage,CAR 3 (RIC) OFF TRACK AND CONTINUED AT TURN 1
2021,Abu Dhabi Grand Prix,FP3,HAM,,,1.0,no_advantage,CAR 44 (HAM) OFF TRACK AND CONTINUED AT TURN 1
2021,Abu Dhabi Grand Prix,Q,LEC,16.0,0 days 00:01:23.284000,16.0,clear_violation,TRACK LIMITS AT TURN 16
2021,Abu Dhabi Grand Prix,Q,TSU,18.0,0 days 00:01:23.011000,16.0,clear_violation,TRACK LIMITS AT TURN 16
2021,Abu Dhabi Grand Prix,Q,GAS,5.0,0 days 00:01:23.842000,16.0,clear_violation,TRACK LIMITS AT TURN 16
2021,Abu Dhabi Grand Prix,Q,MSC,,,1.0,no_advantage,CAR 47 (MSC) OFF TRACK AND CONTINUED AT TURN 1
2021,Abu Dhabi Grand Prix,Q,MAZ,,,1.0,no_advantage,CAR 9 (MAZ) OFF TRACK AND CONTINUED AT TURN 1
2021,Abu Dhabi Grand Prix,Q,VET,,,16.0,no_advantage,TURN 16 INCIDENT INVOLVING CARS 5 (VET) AND 55 (SAI) NO INVESTIGATION NECESSARY
2021,Abu Dhabi Grand Prix,Q,TSU,,,1.0,no_advantage,CAR 22 (TSU) OFF TRACK AND CONTINUED AT TURN 1
2021,Abu Dhabi Grand Prix,Q,VET,,,1.0,no_advantage,CAR 5 (VET) OFF TRACK AND CONTINUED AT TURN 1
2021,Abu Dhabi Grand Prix,Q,VER,,,1.0,no_advantage,CAR 33 (VER) OFF TRACK AND CONTINUED AT TURN 1
2021,Abu Dhabi Grand Prix,Q,GAS,,,1.0,no_advantage,CAR 10 (GAS) OFF TRACK AND CONTINUED AT TURN 1
2021,Abu Dhabi Grand Prix,R,LEC,41.0,0 days 00:01:28.338000,16.0,clear_violation,TRACK LIMITS AT TURN 16
2021,Abu Dhabi Grand Prix,R,LEC,42.0,0 days 00:01:28.729000,16.0,clear_violation,TRACK LIMITS AT TURN 16
2021,Abu Dhabi Grand Prix,R,STR,4.0,0 days 00:01:31.871000,15.0,clear_violation,TRACK LIMITS AT TURN 15
2021,Abu Dhabi Grand Prix,R,STR,45.0,0 days 00:01:28.776000,16.0,clear_violation,TRACK LIMITS AT TURN 16
2021,Abu Dhabi Grand Prix,R,STR,46.0,0 days 00:01:28.789000,16.0,clear_violation,TRACK LIMITS AT TURN 16
2021,Abu Dhabi Grand Prix,R,VER,16.0,0 days 00:01:29.006000,15.0,clear_violation,TRACK LIMITS AT TURN 15
2021,Abu Dhabi Grand Prix,R,MSC,3.0,0 days 00:01:33.612000,7.0,clear_violation,TRACK LIMITS AT TURN 7
2021,Abu Dhabi Grand Prix,R,VET,17.0,0 days 00:01:30.310000,16.0,clear_violation,TRACK LIMITS AT TURN 16
2021,Abu Dhabi Grand Prix,R,VET,18.0,0 days 00:01:30.160000,16.0,clear_violation,TRACK LIMITS AT TURN 16
2021,Abu Dhabi Grand Prix,R,VET,30.0,0 days 00:01:29.596000,16.0,clear_violation,TRACK LIMITS AT TURN 16
2021,Abu Dhabi Grand Prix,R,VET,31.0,0 days 00:01:29.471000,16.0,clear_violation,TRACK LIMITS AT TURN 16
2021,Abu Dhabi Grand Prix,R,LAT,50.0,0 days 00:01:29.752000,16.0,clear_violation,TRACK LIMITS AT TURN 16
2021,Abu Dhabi Grand Prix,R,VER,,,7.0,no_advantage,TURN 7 INCIDENT INVOLVING CARS 33 (VER) AND 44 (HAM) NO INVESTIGATION NECESSARY
2021,Abu Dhabi Grand Prix,R,LEC,,,4.0,no_advantage,CAR 16 (LEC) OFF TRACK AND CONTINUED AT TURN 4
2021,Abu Dhabi Grand Prix,R,TSU,,,,no_advantage, INCIDENT INVOLVING CARS 22 (TSU) AND 14 (ALO) NO INVESTIGATION NECESSARY
2022,Pre-Season Track Session,FP2,BOT,,,3.0,no_advantage,CAR 77 (BOT) OFF TRACK AND CONTINUED AT TURN 3
2022,Pre-Season Track Session,FP2,ZHO,,,3.0,no_advantage,CAR 24 (ZHO) OFF TRACK AND CONTINUED AT TURN 3
2022,Pre-Season Track Session,FP2,MSC,,,9.0,no_advantage,CAR 47 (MSC) OFF TRACK AND CONTINUED AT TURN 9
2022,Pre-Season Track Session,FP2,PER,,,3.0,no_advantage,CAR 11 (PER) OFF TRACK AND CONTINUED AT TURN 3
2022,Pre-Season Track Session,FP3,VET,,,3.0,no_advantage,CAR 5 (VET) OFF TRACK AND CONTINUED AT TURN 3
2022,Pre-Season Track Session,FP3,PER,,,3.0,no_advantage,CAR 11 (PER) OFF TRACK AND CONTINUED AT TURN 3
2022,Pre-Season Track Session,FP3,SAI,,,3.0,no_advantage,CAR 55 (SAI) OFF TRACK AND CONTINUED AT TURN 3
2022,Pre-Season Track Session,Q,LAT,18.0,0 days 00:02:05.637000,3.0,clear_violation,TRACK LIMITS AT TURN 3 LAP 19 
2022,Pre-Season Track Session,Q,VER,,,13.0,no_advantage,CAR 1 (VER) OFF TRACK AND CONTINUED AT TURN 13
2022,Pre-Season Track Session,Q,LAT,,,3.0,no_advantage,CAR 6 (LAT) OFF TRACK AND CONTINUED AT TURN 3
2022,Pre-Season Track Session,Q,LAT,,,1.0,no_advantage,CAR 6 (LAT) OFF TRACK AND CONTINUED AT TURN 1
2022,Pre-Season Track Session,R,VER,45.0,0 days 00:01:32.135000,9.0,clear_violation,TRACK LIMITS AT TURN 9 LAP 45 
2022,Pre-Season Track Session,R,GAS,10.0,0 days 00:01:36.250000,15.0,clear_violation,TRACK LIMITS AT TURN 15 LAP 10 
2022,Pre-Season Track Session,R,LEC,45.0,0 days 00:01:33.088000,15.0,clear_violation,TRACK LIMITS AT TURN 15 LAP 45 
2022,Pre-Season Track Session,R,STR,50.0,0 days 00:01:32.812000,15.0,clear_violation,TRACK LIMITS AT TURN 15 LAP 50 
2022,Pre-Season Track Session,R,MAG,8.0,0 days 00:01:35.611000,9.0,clear_violation,TRACK LIMITS AT TURN 9 LAP 8 
2022,Pre-Season Track Session,R,MAG,49.0,0 days 00:01:32.813000,9.0,clear_violation,TRACK LIMITS AT TURN 9 LAP 49 
2022,Pre-Season Track Session,R,LAT,26.0,0 days 00:01:34.684000,15.0,clear_violation,TRACK LIMITS AT TURN 15 LAP 26 
2022,Pre-Season Track Session,R,LAT,31.0,0 days 00:01:34.309000,9.0,clear_violation,TRACK LIMITS AT TURN 9 LAP 31 
2022,Pre-Season Track Session,R,TSU,,,3.0,no_advantage,CAR 22 (TSU) OFF TRACK AND CONTINUED AT TURN 3
2022,Pre-Season Test,Q,HAM,5.0,0 days 00:01:35.878000,19.0,clear_violation,TRACK LIMITS AT TURN 19 LAP 6 
2022,Pre-Season Test,Q,VET,8.0,0 days 00:01:37.131000,9.0,clear_violation,TRACK LIMITS AT TURN 9 LAP 9 
2022,Pre-Season Test,Q,ZHO,5.0,0 days 00:01:36.908000,12.0,clear_violation,TRACK LIMITS AT TURN 12 LAP 6 
2022,Pre-Season Test,Q,ZHO,14.0,0 days 00:01:36.196000,12.0,clear_violation,TRACK LIMITS AT TURN 12 LAP 15 
2022,Pre-Season Test,Q,TSU,11.0,0 days 00:01:36.439000,9.0,clear_violation,TRACK LIMITS AT TURN 9 LAP 12 
2022,Pre-Season Test,R,VER,48.0,0 days 00:01:40.271000,9.0,clear_violation,TRACK LIMITS AT TURN 9 LAP 48 
2022,Pre-Season Test,R,VER,51.0,0 days 00:01:40.152000,9.0,clear_violation,TRACK LIMITS AT TURN 9 LAP 51 
2022,Pre-Season Test,R,GAS,9.0,0 days 00:01:45.019000,11.0,clear_violation,TRACK LIMITS AT TURN 11 LAP 9 
2022,Pre-Season Test,R,GAS,31.0,0 days 00:01:43.032000,19.0,clear_violation,TRACK LIMITS AT TURN 19 LAP 31 
2022,Pre-Season Test,R,GAS,34.0,0 days 00:01:42.542000,19.0,clear_violation,TRACK LIMITS AT TURN 19 LAP 34 
2022,Pre-Season Test,R,PER,8.0,0 days 00:01:43.075000,19.0,clear_violation,TRACK LIMITS AT TURN 19 LAP 8 
2022,Pre-Season Test,R,PER,47.0,0 days 00:01:39.936000,6.0,clear_violation,TRACK LIMITS AT TURN 6 LAP 47 
2022,Pre-Season Test,R,PER,54.0,0 days 00:01:40.724000,6.0,clear_violation,TRACK LIMITS AT TURN 6 LAP 54 
2022,Pre-Season Test,R,ALO,3.0,0 days 00:01:44.501000,19.0,clear_violation,TRACK LIMITS AT TURN 19 LAP 3 
2022,Pre-Season Test,R,MAG,26.0,0 days 00:01:44.296000,19.0,clear_violation,TRACK LIMITS AT TURN 19 LAP 26 
2022,Pre-Season Test,R,TSU,15.0,0 days 00:01:44.402000,19.0,clear_violation,TRACK LIMITS AT TURN 19 LAP 15 
2022,Pre-Season Test,R,ALB,6.0,0 days 00:01:44.688000,19.0,clear_violation,TRACK LIMITS AT TURN 19 LAP 6 
2022,Pre-Season Test,R,ALB,8.0,0 days 00:01:45.814000,12.0,clear_violation,TRACK LIMITS AT TURN 12 LAP 8 
2022,Pre-Season Test,R,ALB,12.0,0 days 00:01:43.462000,19.0,clear_violation,TRACK LIMITS AT TURN 19 LAP 12 
2022,Pre-Season Test,R,ZHO,32.0,0 days 00:01:45.053000,12.0,clear_violation,TRACK LIMITS AT TURN 12 LAP 32 
2022,Pre-Season Test,R,ZHO,33.0,0 days 00:01:43.747000,12.0,clear_violation,TRACK LIMITS AT TURN 12 LAP 33 
2022,Pre-Season Test,R,ZHO,36.0,0 days 00:01:43.212000,19.0,clear_violation,TRACK LIMITS AT TURN 19 LAP 36 
2022,Pre-Season Test,R,RIC,7.0,0 days 00:01:44.578000,19.0,clear_violation,TRACK LIMITS AT TURN 19 LAP 7 
2022,Pre-Season Test,R,RIC,33.0,0 days 00:01:44.857000,19.0,clear_violation,TRACK LIMITS AT TURN 19 LAP 33 
2022,Pre-Season Test,R,NOR,15.0,0 days 00:02:03.849000,19.0,clear_violation,TRACK LIMITS AT TURN 19 LAP 15 
2022,Pre-Season Test,R,NOR,51.0,0 days 00:01:41.908000,19.0,clear_violation,TRACK LIMITS AT TURN 19 LAP 51 
2022,Pre-Season Test,R,HAM,13.0,0 days 00:02:02.611000,19.0,clear_violation,TRACK LIMITS AT TURN 19 LAP 13 
2022,Pre-Season Test,R,HAM,43.0,0 days 00:01:40.309000,9.0,clear_violation,TRACK LIMITS AT TURN 9 LAP 43 
2022,Pre-Season Test,R,HAM,52.0,0 days 00:01:40.422000,9.0,clear_violation,TRACK LIMITS AT TURN 9 LAP 52 
2022,Pre-Season Test,R,MSC,3.0,0 days 00:01:44.896000,19.0,clear_violation,TRACK LIMITS AT TURN 19 LAP 3 
2022,Pre-Season Test,R,MSC,10.0,0 days 00:01:45.900000,19.0,clear_violation,TRACK LIMITS AT TURN 19 LAP 10 
2022,Pre-Season Test,R,MSC,39.0,0 days 00:01:42.899000,19.0,clear_violation,TRACK LIMITS AT TURN 19 LAP 39 
2022,Pre-Season Test,R,MSC,53.0,0 days 00:01:43.321000,19.0,clear_violation,TRACK LIMITS AT TURN 19 LAP 53 
2022,Pre-Season Test,R,RUS,35.0,0 days 00:01:41.827000,19.0,clear_violation,TRACK LIMITS AT TURN 19 LAP 35 
2022,Bahrain Grand Prix,FP1,LEC,,,11.0,no_advantage,CAR 16 (LEC) OFF TRACK AND CONTINUED AT TURN 11
2022,Bahrain Grand Prix,FP1,ALB,,,4.0,no_advantage,CAR 23 (ALB) OFF TRACK AND CONTINUED AT TURN 4
2022,Bahrain Grand Prix,Q,ZHO,11.0,0 days 00:01:32.387000,5.0,clear_violation,TRACK LIMITS AT TURN 5
2022,Bahrain Grand Prix,R,ALO,41.0,0 days 00:01:39.854000,4.0,clear_violation,TRACK LIMITS AT TURN 4
2022,Bahrain Grand Prix,R,TSU,25.0,0 days 00:01:40.376000,4.0,clear_violation,TRACK LIMITS AT TURN 4
2022,Bahrain Grand Prix,R,NOR,2.0,0 days 00:01:42.279000,4.0,clear_violation,TRACK LIMITS AT TURN 4
2022,Bahrain Grand Prix,R,HAM,34.0,0 days 00:01:37.593000,4.0,clear_violation,TRACK LIMITS AT TURN 4
2022,Bahrain Grand Prix,R,HUL,,,1.0,no_advantage,CAR 27 (HUL) OFF TRACK AND CONTINUED AT TURN 1
2022,Bahrain Grand Prix,R,ALB,,,10.0,no_advantage,CAR 23 (ALB) OFF TRACK AND CONTINUED AT TURN 10
2022,Saudi Arabian Grand Prix,FP1,VER,,,8.0,no_advantage,CAR 1 (VER) OFF TRACK AND CONTINUED AT TURN 8
2022,Saudi Arabian Grand Prix,FP1,TSU,,,8.0,no_advantage,CAR 22 (TSU) OFF TRACK AND CONTINUED AT TURN 8
2022,Saudi Arabian Grand Prix,R,PER,35.0,0 days 00:01:33.529000,2.0,clear_violation,TRACK LIMITS AT TURN 2
2022,Saudi Arabian Grand Prix,R,LEC,47.0,0 days 00:01:32.587000,2.0,clear_violation,TRACK LIMITS AT TURN 2
2022,Saudi Arabian Grand Prix,R,MAG,11.0,0 days 00:01:37.700000,2.0,clear_violation,TRACK LIMITS AT TURN 2
2022,Saudi Arabian Grand Prix,R,ALB,4.0,0 days 00:01:38.264000,2.0,clear_violation,TRACK LIMITS AT TURN 2
2022,Saudi Arabian Grand Prix,R,ALB,8.0,0 days 00:01:38.257000,2.0,clear_violation,TRACK LIMITS AT TURN 2
2022,Saudi Arabian Grand Prix,R,ZHO,5.0,0 days 00:01:38.409000,2.0,clear_violation,TRACK LIMITS AT TURN 2
2022,Saudi Arabian Grand Prix,R,ZHO,48.0,0 days 00:01:36.051000,2.0,clear_violation,TRACK LIMITS AT TURN 2
2022,Saudi Arabian Grand Prix,R,OCO,8.0,0 days 00:01:38.419000,2.0,clear_violation,TRACK LIMITS AT TURN 2
2022,Saudi Arabian Grand Prix,R,OCO,12.0,0 days 00:01:36.516000,2.0,clear_violation,TRACK LIMITS AT TURN 2
2022,Saudi Arabian Grand Prix,R,NOR,4.0,0 days 00:01:38.326000,2.0,clear_violation,TRACK LIMITS AT TURN 2
2022,Saudi Arabian Grand Prix,R,LAT,5.0,0 days 00:01:38.662000,2.0,clear_violation,TRACK LIMITS AT TURN 2
2022,Australian Grand Prix,FP1,MAG,,,3.0,no_advantage,CAR 20 (MAG) OFF TRACK AND CONTINUED AT TURN 3
2022,Australian Grand Prix,FP2,RUS,,,1.0,no_advantage,CAR 63 (RUS) OFF TRACK AND CONTINUED AT TURN 1
2022,Australian Grand Prix,FP2,HAM,,,12.0,no_advantage,CAR 44 (HAM) OFF TRACK AND CONTINUED AT TURN 12
2022,Australian Grand Prix,FP2,MSC,,,11.0,no_advantage,CAR 47 (MSC) OFF TRACK AND CONTINUED AT TURN 11
2022,Australian Grand Prix,FP2,SAI,,,6.0,no_advantage,CAR 55 (SAI) OFF TRACK AND CONTINUED AT TURN 6
2022,Australian Grand Prix,FP2,BOT,,,1.0,no_advantage,CAR 77 (BOT) OFF TRACK AND CONTINUED AT TURN 1
2022,Australian Grand Prix,FP2,LAT,,,6.0,no_advantage,CAR 6 (LAT) OFF TRACK AND CONTINUED AT TURN 6
2022,Australian Grand Prix,FP2,HAM,,,8.0,no_advantage,CAR 44 (HAM) OFF TRACK AND CONTINUED AT TURN 8
2022,Australian Grand Prix,FP2,OCO,,,10.0,no_advantage,CAR 31 (OCO) OFF TRACK AND CONTINUED AT TURN 10
2022,Australian Grand Prix,FP2,SAI,,,13.0,no_advantage,CAR 55 (SAI) OFF TRACK AND CONTINUED AT TURN 13
2022,Australian Grand Prix,FP3,VER,,,6.0,no_advantage,CAR 1 (VER) OFF TRACK AND CONTINUED AT TURN 6
2022,Australian Grand Prix,FP3,HAM,,,9.0,no_advantage,CAR 44 (HAM) OFF TRACK AND CONTINUED AT TURN 9
2022,Australian Grand Prix,FP3,SAI,,,10.0,no_advantage,CAR 55 (SAI) OFF TRACK AND CONTINUED AT TURN 10
2022,Australian Grand Prix,FP3,NOR,,,10.0,no_advantage,CAR 4 (NOR) OFF TRACK AND CONTINUED AT TURN 10
2022,Australian Grand Prix,Q,TSU,14.0,0 days 00:01:37.188000,11.0,clear_violation,TRACK LIMITS AT TURN 11 LAP 15 
2022,Australian Grand Prix,Q,TSU,,,11.0,no_advantage,CAR 22 (TSU) OFF TRACK AND CONTINUED AT TURN 11
2022,Australian Grand Prix,Q,TSU,,,10.0,no_advantage,CORRECTION CAR 22 (TSU) OFF TRACK AND CONTINUED AT TURN 10
2022,Australian Grand Prix,Q,RUS,,,11.0,no_advantage,CAR 63 (RUS) OFF TRACK AND CONTINUED AT TURN 11
2022,Australian Grand Prix,Q,SAI,,,6.0,no_advantage,CAR 55 (SAI) OFF TRACK AND CONTINUED AT TURN 6
2022,Australian Grand Prix,R,LAT,,,4.0,no_advantage,CAR 6 (LAT) OFF TRACK AND CONTINUED AT TURN 4
2022,Australian Grand Prix,R,VET,,,11.0,no_advantage,CAR 5 (VET) OFF TRACK AND CONTINUED AT TURN 11
2022,Australian Grand Prix,R,MSC,,,11.0,no_advantage,CAR 47 (MSC) OFF TRACK AND CONTINUED AT TURN 11
2022,Australian Grand Prix,R,MAG,,,9.0,no_advantage,CAR 20 (MAG) OFF TRACK AND CONTINUED AT TURN 9
2022,Australian Grand Prix,R,BOT,,,10.0,no_advantage,CAR 77 (BOT) OFF TRACK AND CONTINUED AT TURN 10
2022,Australian Grand Prix,R,MAG,,,2.0,no_advantage,CAR 20 (MAG) OFF TRACK AND CONTINUED AT TURN 2
2022,Australian Grand Prix,R,PER,,,13.0,no_advantage,CAR 11 (PER) OFF TRACK AND CONTINUED AT TURN 13
2022,Australian Grand Prix,R,GAS,,,13.0,no_advantage,CAR 10 (GAS) OFF TRACK AND CONTINUED AT TURN 13
2022,Emilia Romagna Grand Prix,FP1,MAG,,,12.0,no_advantage,CAR 20 (MAG) OFF TRACK AND CONTINUED AT TURN 12
2022,Emilia Romagna Grand Prix,FP1,LAT,,,7.0,no_advantage,CAR 6 (LAT) OFF TRACK AND CONTINUED AT TURN 7
2022,Emilia Romagna Grand Prix,FP1,STR,,,12.0,no_advantage,CAR 18 (STR) OFF TRACK AND CONTINUED AT TURN 12
2022,Emilia Romagna Grand Prix,FP1,NOR,,,17.0,no_advantage,CAR 4 (NOR) OFF TRACK AND CONTINUED AT TURN 17
2022,Emilia Romagna Grand Prix,FP1,OCO,,,17.0,no_advantage,CAR 31 (OCO) OFF TRACK AND CONTINUED AT TURN 17
2022,Emilia Romagna Grand Prix,FP1,STR,,,13.0,no_advantage,CAR 18 (STR) OFF TRACK AND CONTINUED AT TURN 13
2022,Emilia Romagna Grand Prix,FP1,STR,,,18.0,no_advantage,CAR 18 (STR) OFF TRACK AND CONTINUED AT TURN 18
2022,Emilia Romagna Grand Prix,FP1,MAG,,,17.0,no_advantage,CAR 20 (MAG) OFF TRACK AND CONTINUED AT TURN 17
2022,Emilia Romagna Grand Prix,FP1,SAI,,,13.0,no_advantage,CAR 55 (SAI) OFF TRACK AND CONTINUED AT TURN 13
2022,Emilia Romagna Grand Prix,FP1,MAG,,,18.0,no_advantage,CAR 20 (MAG) OFF TRACK AND CONTINUED AT TURN 18
2022,Emilia Romagna Grand Prix,FP1,VET,,,2.0,no_advantage,CAR 5 (VET) OFF TRACK AND CONTINUED AT TURN 2
2022,Emilia Romagna Grand Prix,FP1,VER,,,13.0,no_advantage,CAR 1 (VER) OFF TRACK AND CONTINUED AT TURN 13
2022,Emilia Romagna Grand Prix,FP1,GAS,,,4.0,no_advantage,CAR 10 (GAS) OFF TRACK AND CONTINUED AT TURN 4
2022,Emilia Romagna Grand Prix,FP1,VET,,,13.0,no_advantage,CAR 5 (VET) OFF TRACK AND CONTINUED AT TURN 13
2022,Emilia Romagna Grand Prix,FP1,RUS,,,13.0,no_advantage,CAR 63 (RUS) OFF TRACK AND CONTINUED AT TURN 13
2022,Emilia Romagna Grand Prix,FP1,GAS,,,13.0,no_advantage,CAR 10 (GAS) OFF TRACK AND CONTINUED AT TURN 13
2022,Emilia Romagna Grand Prix,FP2,MAG,,,13.0,no_advantage,CAR 20 (MAG) OFF TRACK AND CONTINUED AT TURN 13
2022,Emilia Romagna Grand Prix,Q,ALO,22.0,0 days 00:01:41.547000,13.0,clear_violation,TRACK LIMITS AT TURN 13 LAP 23 
2022,Emilia Romagna Grand Prix,Q,PER,21.0,0 days 00:01:32.056000,2.0,clear_violation,TRACK LIMITS AT TURN 2 LAP 22 
2022,Emilia Romagna Grand Prix,Q,VET,23.0,0 days 00:01:39.741000,2.0,clear_violation,TRACK LIMITS AT TURN 2 LAP 24 
2022,Emilia Romagna Grand Prix,Q,MSC,6.0,0 days 00:01:32.381000,14.0,clear_violation,TRACK LIMITS AT TURN 14 LAP 7 
2022,Emilia Romagna Grand Prix,Q,VER,,,2.0,no_advantage,CAR 1 (VER) OFF TRACK AND CONTINUED AT TURN 2
2022,Emilia Romagna Grand Prix,Q,PER,,,2.0,no_advantage,CAR 11 (PER) OFF TRACK AND CONTINUED AT TURN 2
2022,Emilia Romagna Grand Prix,Q,ALO,,,11.0,no_advantage,CAR 14 (ALO) OFF TRACK AND CONTINUED AT TURN 11
2022,Emilia Romagna Grand Prix,Q,VET,,,2.0,no_advantage,CAR 5 (VET) OFF TRACK AND CONTINUED AT TURN 2
2022,Emilia Romagna Grand Prix,Q,BOT,,,12.0,no_advantage,CAR 77 (BOT) OFF TRACK AND CONTINUED AT TURN 12
2022,Emilia Romagna Grand Prix,R,PER,28.0,0 days 00:01:22.805000,14.0,clear_violation,TRACK LIMITS AT TURN 14 LAP 28 
2022,Emilia Romagna Grand Prix,R,LEC,14.0,0 days 00:01:31.846000,9.0,clear_violation,TRACK LIMITS AT TURN 9 LAP 14 
2022,Emilia Romagna Grand Prix,R,VET,13.0,0 days 00:01:34.132000,14.0,clear_violation,TRACK LIMITS AT TURN 14 LAP 13 
2022,Emilia Romagna Grand Prix,R,LAT,13.0,0 days 00:01:35.501000,14.0,clear_violation,TRACK LIMITS AT TURN 14 LAP 13 
2022,Emilia Romagna Grand Prix,R,MSC,16.0,0 days 00:01:36.287000,14.0,clear_violation,TRACK LIMITS AT TURN 14 LAP 16 
2022,Emilia Romagna Grand Prix,R,MSC,24.0,0 days 00:01:33.860000,14.0,clear_violation,TRACK LIMITS AT TURN 14 LAP 24 
2022,Emilia Romagna Grand Prix,R,MSC,27.0,0 days 00:01:22.785000,9.0,clear_violation,TRACK LIMITS AT TURN 9 LAP 27 
2022,Emilia Romagna Grand Prix,R,RIC,54.0,0 days 00:01:22.177000,15.0,clear_violation,TRACK LIMITS AT TURN 15 LAP 54 
2022,Miami Grand Prix,FP1,PER,,,1.0,no_advantage,CAR 11 (PER) OFF TRACK AND CONTINUED AT TURN 1
2022,Miami Grand Prix,FP2,STR,,,17.0,no_advantage,CAR 18 (STR) OFF TRACK AND CONTINUED AT TURN 17
2022,Miami Grand Prix,FP3,MAG,,,17.0,no_advantage,CAR 20 (MAG) OFF TRACK AND CONTINUED AT TURN 17
2022,Miami Grand Prix,Q,VER,16.0,0 days 00:02:03.565000,5.0,clear_violation,TRACK LIMITS AT TURN 5 LAP 17 
2022,Miami Grand Prix,Q,HAM,5.0,0 days 00:01:39.347000,15.0,clear_violation,TRACK LIMITS AT TURN 15 LAP 6 
2022,Miami Grand Prix,Q,GAS,2.0,0 days 00:01:33.831000,15.0,clear_violation,TRACK LIMITS AT TURN 15 LAP 3 
2022,Miami Grand Prix,R,GAS,24.0,0 days 00:01:36.593000,5.0,clear_violation,TRACK LIMITS AT TURN 5 LAP 24 
2022,Miami Grand Prix,R,ALO,3.0,0 days 00:01:36.848000,6.0,clear_violation,TRACK LIMITS AT TURN 6 LAP 3 
2022,Miami Grand Prix,R,ALO,56.0,0 days 00:01:33.344000,15.0,clear_violation,TRACK LIMITS AT TURN 15 LAP 56 
2022,Miami Grand Prix,R,MAG,20.0,0 days 00:01:35.090000,12.0,clear_violation,TRACK LIMITS AT TURN 12 LAP 20 
2022,Miami Grand Prix,R,VET,5.0,0 days 00:01:37.541000,15.0,clear_violation,TRACK LIMITS AT TURN 15 LAP 5 
2022,Miami Grand Prix,R,LAT,34.0,0 days 00:01:40.889000,15.0,clear_violation,TRACK LIMITS AT TURN 15 LAP 34 
2022,Miami Grand Prix,R,MAG,,,11.0,no_advantage,CAR 20 (MAG) OFF TRACK AND CONTINUED AT TURN 11
2022,Spanish Grand Prix,FP1,DEV,24.0,0 days 00:02:22.970000,2.0,clear_violation,TRACK LIMITS AT TURN 2 LAP 25 
2022,Spanish Grand Prix,FP2,NOR,,,7.0,no_advantage,CAR 4 (NOR) OFF TRACK AND CONTINUED AT TURN 7
2022,Spanish Grand Prix,FP2,PER,,,8.0,no_advantage,CAR 11 (PER) OFF TRACK AND CONTINUED AT TURN 8
2022,Spanish Grand Prix,Q,PER,10.0,0 days 00:01:20.171000,12.0,clear_violation,TRACK LIMITS AT TURN 12 LAP 11 
2022,Spanish Grand Prix,Q,NOR,11.0,0 days 00:01:19.977000,12.0,clear_violation,TRACK LIMITS AT TURN 12 LAP 12 
2022,Spanish Grand Prix,Q,TSU,2.0,0 days 00:01:21.836000,12.0,clear_violation,TRACK LIMITS AT TURN 12 LAP 3 
2022,Spanish Grand Prix,Q,PER,,,8.0,no_advantage,CAR 11 (PER) OFF TRACK AND CONTINUED AT TURN 8
2022,Spanish Grand Prix,R,VER,24.0,0 days 00:01:29.602000,12.0,clear_violation,TRACK LIMITS AT TURN 12 LAP 24 
2022,Spanish Grand Prix,R,PER,50.0,0 days 00:01:27.390000,9.0,clear_violation,TRACK LIMITS AT TURN 9 LAP 50 
2022,Spanish Grand Prix,R,HAM,12.0,0 days 00:01:28.746000,12.0,clear_violation,TRACK LIMITS AT TURN 12 LAP 12 
2022,Spanish Grand Prix,R,HAM,35.0,0 days 00:01:27.310000,12.0,clear_violation,TRACK LIMITS AT TURN 12 LAP 35 
2022,Spanish Grand Prix,R,HAM,41.0,0 days 00:01:27.360000,12.0,clear_violation,TRACK LIMITS AT TURN 12 LAP 41 
2022,Spanish Grand Prix,R,ALO,25.0,0 days 00:01:29.732000,12.0,clear_violation,TRACK LIMITS AT TURN 12 LAP 25 
2022,Spanish Grand Prix,R,ALO,26.0,0 days 00:01:30.135000,12.0,clear_violation,TRACK LIMITS AT TURN 12 LAP 26 
2022,Spanish Grand Prix,R,TSU,8.0,0 days 00:01:30.237000,9.0,clear_violation,TRACK LIMITS AT TURN 9 LAP 8 
2022,Spanish Grand Prix,R,VET,14.0,0 days 00:01:30.653000,9.0,clear_violation,TRACK LIMITS AT TURN 9 LAP 14 
2022,Spanish Grand Prix,R,VET,38.0,0 days 00:01:28.876000,9.0,clear_violation,TRACK LIMITS AT TURN 9 LAP 38 
2022,Spanish Grand Prix,R,MSC,31.0,0 days 00:01:46.912000,12.0,clear_violation,TRACK LIMITS AT TURN 12 LAP 31 
2022,Spanish Grand Prix,R,MAG,30.0,0 days 00:01:50.257000,9.0,clear_violation,TRACK LIMITS AT TURN 9 LAP 30 
2022,Spanish Grand Prix,R,ALB,16.0,0 days 00:01:31.254000,12.0,clear_violation,TRACK LIMITS AT TURN 12 LAP 16 
2022,Spanish Grand Prix,R,ALB,36.0,0 days 00:01:29.988000,12.0,clear_violation,TRACK LIMITS AT TURN 12 LAP 36 
2022,Spanish Grand Prix,R,ALB,39.0,0 days 00:01:30.624000,12.0,clear_violation,TRACK LIMITS AT TURN 12 LAP 39 
2022,Spanish Grand Prix,R,ALB,62.0,0 days 00:01:30.496000,9.0,clear_violation,TRACK LIMITS AT TURN 9 LAP 62 
2022,Spanish Grand Prix,R,MAG,,,4.0,no_advantage,CAR 20 (MAG) OFF TRACK AND CONTINUED AT TURN 4
2022,Spanish Grand Prix,R,SAI,,,4.0,no_advantage,CAR 55 (SAI) OFF TRACK AND CONTINUED AT TURN 4
2022,Spanish Grand Prix,R,VER,,,4.0,no_advantage,CAR 1 (VER) OFF TRACK AND CONTINUED AT TURN 4
2022,Monaco Grand Prix,FP1,LEC,,,1.0,no_advantage,CAR 16 (LEC) OFF TRACK AND CONTINUED AT TURN 1
2022,Monaco Grand Prix,Q,SAI,1.0,0 days 00:01:57.457000,10.0,clear_violation,TRACK LIMITS AT TURN 10 LAP 2 
2022,Monaco Grand Prix,Q,SAI,4.0,0 days 00:01:38.231000,10.0,clear_violation,TRACK LIMITS AT TURN 10 LAP 5 
2022,Monaco Grand Prix,Q,PER,7.0,0 days 00:01:33.426000,10.0,clear_violation,TRACK LIMITS AT TURN 10 LAP 8 
2022,Monaco Grand Prix,Q,RUS,13.0,0 days 00:01:34.333000,10.0,clear_violation,TRACK LIMITS AT TURN 10 LAP 14 
2022,Monaco Grand Prix,Q,RUS,22.0,0 days 00:01:29.304000,10.0,clear_violation,TRACK LIMITS AT TURN 10 LAP 23 
2022,Monaco Grand Prix,R,GAS,4.0,0 days 00:01:42.417000,10.0,clear_violation,TRACK LIMITS AT TURN 10 LAP 4 
2022,Monaco Grand Prix,R,GAS,63.0,0 days 00:01:18.478000,10.0,clear_violation,TRACK LIMITS AT TURN 10 LAP 63 
2022,Monaco Grand Prix,R,STR,11.0,0 days 00:01:36.129000,10.0,clear_violation,TRACK LIMITS AT TURN 10 LAP 11 
2022,Monaco Grand Prix,R,MAG,19.0,0 days 00:01:37.629000,11.0,clear_violation,TRACK LIMITS AT TURN 11 LAP 19 
2022,Monaco Grand Prix,R,TSU,44.0,0 days 00:01:19.880000,10.0,clear_violation,TRACK LIMITS AT TURN 10 LAP 44 
2022,Monaco Grand Prix,R,ALB,15.0,0 days 00:01:36.171000,10.0,clear_violation,TRACK LIMITS AT TURN 10 LAP 15 
2022,Monaco Grand Prix,R,ALB,17.0,0 days 00:01:35.701000,10.0,clear_violation,TRACK LIMITS AT TURN 10 LAP 17 
2022,Monaco Grand Prix,R,ALB,22.0,0 days 00:02:10.065000,10.0,clear_violation,TRACK LIMITS AT TURN 10 LAP 22 
2022,Monaco Grand Prix,R,ZHO,11.0,0 days 00:01:38.623000,10.0,clear_violation,TRACK LIMITS AT TURN 10 LAP 11 
2022,Monaco Grand Prix,R,ZHO,49.0,0 days 00:01:24.257000,11.0,clear_violation,TRACK LIMITS AT TURN 11 LAP 49 
2022,Monaco Grand Prix,R,HAM,13.0,0 days 00:01:36.750000,10.0,clear_violation,TRACK LIMITS AT TURN 10 LAP 13 
2022,Monaco Grand Prix,R,SAI,48.0,0 days 00:01:17.439000,10.0,clear_violation,TRACK LIMITS AT TURN 10 LAP 48 
2022,Monaco Grand Prix,R,RUS,8.0,0 days 00:01:38.944000,10.0,clear_violation,TRACK LIMITS AT TURN 10 LAP 8 
2022,Monaco Grand Prix,R,RUS,12.0,0 days 00:01:36.456000,10.0,clear_violation,TRACK LIMITS AT TURN 10 LAP 12 
2022,Azerbaijan Grand Prix,FP1,GAS,,,16.0,no_advantage,CAR 10 (GAS) OFF TRACK AND CONTINUED AT TURN 16
2022,Azerbaijan Grand Prix,FP1,STR,,,4.0,no_advantage,CAR 18 (STR) OFF TRACK AND CONTINUED AT TURN 4
2022,Azerbaijan Grand Prix,FP1,GAS,,,15.0,no_advantage,CAR 10 (GAS) OFF TRACK AND CONTINUED AT TURN 15
2022,Azerbaijan Grand Prix,FP1,OCO,,,17.0,no_advantage,CAR 31 (OCO) OFF TRACK AND CONTINUED AT TURN 17
2022,Azerbaijan Grand Prix,FP1,VER,,,15.0,no_advantage,CAR 1 (VER) OFF TRACK AND CONTINUED AT TURN 15
2022,Azerbaijan Grand Prix,FP2,NOR,,,3.0,no_advantage,CAR 4 (NOR) OFF TRACK AND CONTINUED AT TURN 3
2022,Azerbaijan Grand Prix,FP2,MSC,,,4.0,no_advantage,CAR 47 (MSC) OFF TRACK AND CONTINUED AT TURN 4
2022,Azerbaijan Grand Prix,FP2,PER,,,1.0,no_advantage,CAR 11 (PER) OFF TRACK AND CONTINUED AT TURN 1
2022,Azerbaijan Grand Prix,FP2,GAS,,,1.0,no_advantage,CAR 10 (GAS) OFF TRACK AND CONTINUED AT TURN 1
2022,Azerbaijan Grand Prix,FP2,LEC,,,7.0,no_advantage,CAR 16 (LEC) OFF TRACK AND CONTINUED AT TURN 7
2022,Azerbaijan Grand Prix,FP2,PER,,,15.0,no_advantage,CAR 11 (PER) OFF TRACK AND CONTINUED AT TURN 15
2022,Azerbaijan Grand Prix,FP2,STR,,,15.0,no_advantage,CAR 18 (STR) OFF TRACK AND CONTINUED AT TURN 15
2022,Azerbaijan Grand Prix,FP2,SAI,,,15.0,no_advantage,CAR 55 (SAI) OFF TRACK AND CONTINUED AT TURN 15
2022,Azerbaijan Grand Prix,FP3,BOT,,,1.0,no_advantage,CAR 77 (BOT) OFF TRACK AND CONTINUED AT TURN 1
2022,Azerbaijan Grand Prix,FP3,BOT,,,3.0,no_advantage,CAR 77 (BOT) OFF TRACK AND CONTINUED AT TURN 3
2022,Azerbaijan Grand Prix,FP3,LEC,,,15.0,no_advantage,CAR 16 (LEC) OFF TRACK AND CONTINUED AT TURN 15
2022,Azerbaijan Grand Prix,FP3,BOT,,,2.0,no_advantage,CAR 77 (BOT) OFF TRACK AND CONTINUED AT TURN 2
2022,Azerbaijan Grand Prix,Q,RUS,6.0,0 days 00:01:52.090000,7.0,clear_violation,TRACK LIMITS AT TURN 7 LAP 7 
2022,Azerbaijan Grand Prix,Q,BOT,,,3.0,no_advantage,CAR 77 (BOT) OFF TRACK AND CONTINUED AT TURN 3
2022,Azerbaijan Grand Prix,Q,VET,,,3.0,no_advantage,CAR 5 (VET) OFF TRACK AND CONTINUED AT TURN 3
2022,Azerbaijan Grand Prix,Q,STR,,,7.0,no_advantage,CAR 18 (STR) OFF TRACK AND CONTINUED AT TURN 7
2022,Azerbaijan Grand Prix,Q,VET,,,15.0,no_advantage,CAR 5 (VET) OFF TRACK AND CONTINUED AT TURN 15
2022,Azerbaijan Grand Prix,Q,TSU,,,2.0,no_advantage,CAR 22 (TSU) OFF TRACK AND CONTINUED AT TURN 2
2022,Azerbaijan Grand Prix,Q,NOR,,,15.0,no_advantage,CAR 4 (NOR) OFF TRACK AND CONTINUED AT TURN 15
2022,Azerbaijan Grand Prix,R,VET,,,3.0,no_advantage,CAR 5 (VET) OFF TRACK AND CONTINUED AT TURN 3
2022,Canadian Grand Prix,FP1,VET,,,1.0,no_advantage,CAR 5 (VET) OFF TRACK AND CONTINUED AT TURN 1
2022,Canadian Grand Prix,FP1,RUS,,,10.0,no_advantage,CAR 63 (RUS) OFF TRACK AND CONTINUED AT TURN 10
2022,Canadian Grand Prix,FP2,VER,,,1.0,no_advantage,CAR 1 (VER) OFF TRACK AND CONTINUED AT TURN 1
2022,Canadian Grand Prix,FP2,PER,,,1.0,no_advantage,CORRECTION - CAR 11 (PER) OFF TRACK AND CONTINUED AT TURN 1
2022,Canadian Grand Prix,FP2,VET,,,1.0,no_advantage,CAR 5 (VET) OFF TRACK AND CONTINUED AT TURN 1
2022,Canadian Grand Prix,FP2,GAS,,,1.0,no_advantage,CAR 10 (GAS) OFF TRACK AND CONTINUED AT TURN 1
2022,Canadian Grand Prix,FP3,MAG,,,3.0,no_advantage,CAR 20 (MAG) OFF TRACK AND CONTINUED AT TURN 3
2022,Canadian Grand Prix,FP3,MSC,,,10.0,no_advantage,CAR 47 (MSC) OFF TRACK AND CONTINUED AT TURN 10
2022,Canadian Grand Prix,FP3,VET,,,10.0,no_advantage,CAR 5 (VET) OFF TRACK AND CONTINUED AT TURN 10
2022,Canadian Grand Prix,FP3,VET,,,1.0,no_advantage,CAR 5 (VET) OFF TRACK AND CONTINUED AT TURN 1
2022,Canadian Grand Prix,FP3,RIC,,,10.0,no_advantage,CAR 3 (RIC) OFF TRACK AND CONTINUED AT TURN 10
2022,Canadian Grand Prix,FP3,TSU,,,10.0,no_advantage,CAR 22 (TSU) OFF TRACK AND CONTINUED AT TURN 10
2022,Canadian Grand Prix,FP3,TSU,,,1.0,no_advantage,CAR 22 (TSU) OFF TRACK AND CONTINUED AT TURN 1
2022,Canadian Grand Prix,FP3,OCO,,,1.0,no_advantage,CAR 31 (OCO) OFF TRACK AND CONTINUED AT TURN 1
2022,Canadian Grand Prix,FP3,ALB,,,1.0,no_advantage,CAR 23 (ALB) OFF TRACK AND CONTINUED AT TURN 1
2022,Canadian Grand Prix,FP3,GAS,,,3.0,no_advantage,CAR 10 (GAS) OFF TRACK AND CONTINUED AT TURN 3
2022,Canadian Grand Prix,FP3,MAG,,,10.0,no_advantage,CAR 20 (MAG) OFF TRACK AND CONTINUED AT TURN 10
2022,Canadian Grand Prix,FP3,GAS,,,1.0,no_advantage,CAR 10 (GAS) OFF TRACK AND CONTINUED AT TURN 1
2022,Canadian Grand Prix,FP3,BOT,,,1.0,no_advantage,CAR 77 (BOT) OFF TRACK AND CONTINUED AT TURN 1
2022,Canadian Grand Prix,FP3,SAI,,,3.0,no_advantage,CAR 55 (SAI) OFF TRACK AND CONTINUED AT TURN 3
2022,Canadian Grand Prix,FP3,MAG,,,1.0,no_advantage,CAR 20 (MAG) OFF TRACK AND CONTINUED AT TURN 1
2022,Canadian Grand Prix,FP3,VER,,,10.0,no_advantage,CAR 1 (VER) OFF TRACK AND CONTINUED AT TURN 10
2022,Canadian Grand Prix,FP3,VER,,,4.0,no_advantage,CAR 1 (VER) OFF TRACK AND CONTINUED AT TURN 4
2022,Canadian Grand Prix,FP3,ALB,,,10.0,no_advantage,CAR 23 (ALB) OFF TRACK AND CONTINUED AT TURN 10
2022,Canadian Grand Prix,FP3,ZHO,,,1.0,no_advantage,CAR 24 (ZHO) OFF TRACK AND CONTINUED AT TURN 1
2022,Canadian Grand Prix,Q,VER,5.0,0 days 00:01:40.429000,2.0,clear_violation,TRACK LIMITS AT TURN 2 LAP 6 
2022,Canadian Grand Prix,Q,VER,9.0,0 days 00:01:36.728000,2.0,clear_violation,TRACK LIMITS AT TURN 2 LAP 10 
2022,Canadian Grand Prix,Q,ALO,8.0,0 days 00:01:37.659000,2.0,clear_violation,TRACK LIMITS AT TURN 2 LAP 9 
2022,Canadian Grand Prix,Q,ALO,27.0,0 days 00:01:41.026000,10.0,clear_violation,TRACK LIMITS AT TURN 10 LAP 28 
2022,Canadian Grand Prix,Q,SAI,18.0,0 days 00:01:32.789000,2.0,clear_violation,TRACK LIMITS AT TURN 2 LAP 19 
2022,Canadian Grand Prix,Q,HAM,2.0,0 days 00:01:39.260000,14.0,clear_violation,TRACK LIMITS AT TURN 14 LAP 3 
2022,Canadian Grand Prix,Q,HAM,5.0,0 days 00:01:39.897000,2.0,clear_violation,TRACK LIMITS AT TURN 2 LAP 6 
2022,Canadian Grand Prix,Q,MAG,3.0,0 days 00:01:36.658000,10.0,clear_violation,TRACK LIMITS AT TURN 10 LAP 4 
2022,Canadian Grand Prix,Q,MAG,8.0,0 days 00:01:41.221000,2.0,clear_violation,TRACK LIMITS AT TURN 2 LAP 9 
2022,Canadian Grand Prix,Q,RUS,29.0,0 days 00:02:05.186000,2.0,clear_violation,TRACK LIMITS AT TURN 2 LAP 30 
2022,Canadian Grand Prix,Q,RIC,23.0,0 days 00:01:31.373000,6.0,clear_violation,TRACK LIMITS AT TURN 6 LAP 24 
2022,Canadian Grand Prix,Q,BOT,2.0,0 days 00:01:38.932000,14.0,clear_violation,TRACK LIMITS AT TURN 14 LAP 3 
2022,Canadian Grand Prix,Q,ALB,2.0,0 days 00:01:43.768000,10.0,clear_violation,TRACK LIMITS AT TURN 10 LAP 3 
2022,Canadian Grand Prix,Q,PER,3.0,0 days 00:01:39.032000,2.0,clear_violation,TRACK LIMITS AT TURN 2 LAP 4 
2022,Canadian Grand Prix,Q,NOR,4.0,0 days 00:01:38.405000,2.0,clear_violation,TRACK LIMITS AT TURN 2 LAP 5 
2022,Canadian Grand Prix,Q,NOR,7.0,0 days 00:01:38.588000,7.0,clear_violation,TRACK LIMITS AT TURN 7 LAP 8 
2022,Canadian Grand Prix,Q,LEC,8.0,0 days 00:01:41.013000,2.0,clear_violation,TRACK LIMITS AT TURN 2 LAP 9 
2022,Canadian Grand Prix,Q,GAS,9.0,0 days 00:01:38.535000,8.0,clear_violation,TRACK LIMITS AT TURN 8 LAP 10 
2022,Canadian Grand Prix,Q,VET,5.0,0 days 00:01:41.824000,10.0,clear_violation,TRACK LIMITS AT TURN 10 LAP 6 
2022,Canadian Grand Prix,Q,ALB,,,10.0,no_advantage,CAR 23 (ALB) OFF TRACK AND CONTINUED AT TURN 10
2022,Canadian Grand Prix,Q,PER,,,1.0,no_advantage,CAR 11 (PER) OFF TRACK AND CONTINUED AT TURN 1
2022,Canadian Grand Prix,Q,MAG,,,10.0,no_advantage,CAR 20 (MAG) OFF TRACK AND CONTINUED AT TURN 10
2022,Canadian Grand Prix,Q,VET,,,1.0,no_advantage,CAR 5 (VET) OFF TRACK AND CONTINUED AT TURN 1
2022,Canadian Grand Prix,Q,HAM,,,2.0,no_advantage,CAR 44 (HAM) OFF TRACK AND CONTINUED AT TURN 2
2022,Canadian Grand Prix,Q,VER,,,1.0,no_advantage,CAR 1 (VER) OFF TRACK AND CONTINUED AT TURN 1
2022,Canadian Grand Prix,Q,TSU,,,10.0,no_advantage,CAR 22 (TSU) OFF TRACK AND CONTINUED AT TURN 10
2022,Canadian Grand Prix,Q,VET,,,10.0,no_advantage,CAR 5 (VET) OFF TRACK AND CONTINUED AT TURN 10
2022,Canadian Grand Prix,Q,LAT,,,1.0,no_advantage,CAR 6 (LAT) OFF TRACK AND CONTINUED AT TURN 1
2022,Canadian Grand Prix,Q,OCO,,,3.0,no_advantage,CAR 31 (OCO) OFF TRACK AND CONTINUED AT TURN 3
2022,Canadian Grand Prix,Q,NOR,,,7.0,no_advantage,CAR 4 (NOR) OFF TRACK AND CONTINUED AT TURN 7
2022,Canadian Grand Prix,Q,NOR,,,1.0,no_advantage,CAR 4 (NOR) OFF TRACK AND CONTINUED AT TURN 1
2022,Canadian Grand Prix,Q,MAG,,,1.0,no_advantage,CAR 20 (MAG) OFF TRACK AND CONTINUED AT TURN 1
2022,Canadian Grand Prix,Q,ALO,,,1.0,no_advantage,CAR 14 (ALO) OFF TRACK AND CONTINUED AT TURN 1
2022,Canadian Grand Prix,Q,LEC,,,1.0,no_advantage,CAR 16 (LEC) OFF TRACK AND CONTINUED AT TURN 1
2022,Canadian Grand Prix,Q,MSC,,,1.0,no_advantage,CAR 47 (MSC) OFF TRACK AND CONTINUED AT TURN 1
2022,Canadian Grand Prix,Q,OCO,,,10.0,no_advantage,CAR 31 (OCO) OFF TRACK AND CONTINUED AT TURN 10
2022,Canadian Grand Prix,Q,RUS,,,1.0,no_advantage,CAR 63 (RUS) OFF TRACK AND CONTINUED AT TURN 1
2022,Canadian Grand Prix,Q,ZHO,,,1.0,no_advantage,CAR 24 (ZHO) OFF TRACK AND CONTINUED AT TURN 1
2022,Canadian Grand Prix,Q,SAI,,,1.0,no_advantage,CAR 55 (SAI) OFF TRACK AND CONTINUED AT TURN 1
2022,Canadian Grand Prix,Q,RIC,,,6.0,no_advantage,CAR 3 (RIC) OFF TRACK AND CONTINUED AT TURN 6
2022,Canadian Grand Prix,Q,RUS,,,2.0,no_advantage,CAR 63 (RUS) OFF TRACK AND CONTINUED AT TURN 2
2022,Canadian Grand Prix,Q,ALO,,,10.0,no_advantage,CAR 14 (ALO) OFF TRACK AND CONTINUED AT TURN 10
2022,Canadian Grand Prix,R,GAS,32.0,0 days 00:01:20.165000,14.0,clear_violation,TRACK LIMITS AT TURN 14 LAP 32 
2022,Canadian Grand Prix,R,GAS,67.0,0 days 00:01:18.806000,14.0,clear_violation,TRACK LIMITS AT TURN 14 LAP 67 
2022,Canadian Grand Prix,R,LEC,59.0,0 days 00:01:17.795000,14.0,clear_violation,TRACK LIMITS AT TURN 14 LAP 59 
2022,Canadian Grand Prix,R,MAG,47.0,0 days 00:01:19.869000,14.0,clear_violation,TRACK LIMITS AT TURN 14 LAP 47 
2022,Canadian Grand Prix,R,TSU,10.0,0 days 00:01:36.651000,14.0,clear_violation,TRACK LIMITS AT TURN 14 LAP 10 
2022,Canadian Grand Prix,R,NOR,47.0,0 days 00:01:18.084000,14.0,clear_violation,TRACK LIMITS AT TURN 14 LAP 47 
2022,Canadian Grand Prix,R,LAT,7.0,0 days 00:01:21.099000,14.0,clear_violation,TRACK LIMITS AT TURN 14 LAP 7 
2022,Canadian Grand Prix,R,RUS,8.0,0 days 00:01:18.987000,14.0,clear_violation,TRACK LIMITS AT TURN 14 LAP 8 
2022,Canadian Grand Prix,R,BOT,,,14.0,no_advantage,CAR 77 (BOT) OFF TRACK AND CONTINUED AT TURN 14
2022,British Grand Prix,FP2,BOT,,,3.0,no_advantage,CAR 77 (BOT) OFF TRACK AND CONTINUED AT TURN 3
2022,British Grand Prix,FP2,ZHO,,,3.0,no_advantage,CAR 24 (ZHO) OFF TRACK AND CONTINUED AT TURN 3
2022,British Grand Prix,FP2,MSC,,,9.0,no_advantage,CAR 47 (MSC) OFF TRACK AND CONTINUED AT TURN 9
2022,British Grand Prix,FP2,PER,,,3.0,no_advantage,CAR 11 (PER) OFF TRACK AND CONTINUED AT TURN 3
2022,British Grand Prix,FP3,VET,,,3.0,no_advantage,CAR 5 (VET) OFF TRACK AND CONTINUED AT TURN 3
2022,British Grand Prix,FP3,PER,,,3.0,no_advantage,CAR 11 (PER) OFF TRACK AND CONTINUED AT TURN 3
2022,British Grand Prix,FP3,SAI,,,3.0,no_advantage,CAR 55 (SAI) OFF TRACK AND CONTINUED AT TURN 3
2022,British Grand Prix,Q,LAT,18.0,0 days 00:02:05.637000,3.0,clear_violation,TRACK LIMITS AT TURN 3 LAP 19 
2022,British Grand Prix,Q,VER,,,13.0,no_advantage,CAR 1 (VER) OFF TRACK AND CONTINUED AT TURN 13
2022,British Grand Prix,Q,LAT,,,3.0,no_advantage,CAR 6 (LAT) OFF TRACK AND CONTINUED AT TURN 3
2022,British Grand Prix,Q,LAT,,,1.0,no_advantage,CAR 6 (LAT) OFF TRACK AND CONTINUED AT TURN 1
2022,British Grand Prix,R,VER,45.0,0 days 00:01:32.135000,9.0,clear_violation,TRACK LIMITS AT TURN 9 LAP 45 
2022,British Grand Prix,R,GAS,10.0,0 days 00:01:36.250000,15.0,clear_violation,TRACK LIMITS AT TURN 15 LAP 10 
2022,British Grand Prix,R,LEC,45.0,0 days 00:01:33.088000,15.0,clear_violation,TRACK LIMITS AT TURN 15 LAP 45 
2022,British Grand Prix,R,STR,50.0,0 days 00:01:32.812000,15.0,clear_violation,TRACK LIMITS AT TURN 15 LAP 50 
2022,British Grand Prix,R,MAG,8.0,0 days 00:01:35.611000,9.0,clear_violation,TRACK LIMITS AT TURN 9 LAP 8 
2022,British Grand Prix,R,MAG,49.0,0 days 00:01:32.813000,9.0,clear_violation,TRACK LIMITS AT TURN 9 LAP 49 
2022,British Grand Prix,R,LAT,26.0,0 days 00:01:34.684000,15.0,clear_violation,TRACK LIMITS AT TURN 15 LAP 26 
2022,British Grand Prix,R,LAT,31.0,0 days 00:01:34.309000,9.0,clear_violation,TRACK LIMITS AT TURN 9 LAP 31 
2022,British Grand Prix,R,TSU,,,3.0,no_advantage,CAR 22 (TSU) OFF TRACK AND CONTINUED AT TURN 3
2022,Austrian Grand Prix,FP1,BOT,,,9.0,no_advantage,CAR 77 (BOT) OFF TRACK AND CONTINUED AT TURN 9
2022,Austrian Grand Prix,FP1,HAM,,,1.0,no_advantage,CAR 44 (HAM) OFF TRACK AND CONTINUED AT TURN 1
2022,Austrian Grand Prix,FP2,LEC,,,3.0,no_advantage,CAR 16 (LEC) OFF TRACK AND CONTINUED AT TURN 3
2022,Austrian Grand Prix,FP2,HAM,,,1.0,no_advantage,CAR 44 (HAM) OFF TRACK AND CONTINUED AT TURN 1
2022,Austrian Grand Prix,Q,VER,2.0,0 days 00:01:06.097000,10.0,clear_violation,TRACK LIMITS AT TURN 10 LAP 3 
2022,Austrian Grand Prix,Q,VER,3.0,0 days 00:01:55.194000,10.0,clear_violation,TRACK LIMITS AT TURN 10 (NEXT LAP)
2022,Austrian Grand Prix,Q,SAI,2.0,0 days 00:01:06.363000,10.0,clear_violation,TRACK LIMITS AT TURN 10 LAP 3 
2022,Austrian Grand Prix,Q,SAI,3.0,0 days 00:02:04.763000,10.0,clear_violation,TRACK LIMITS AT TURN 10 (NEXT LAP)
2022,Austrian Grand Prix,Q,SAI,12.0,0 days 00:01:06.032000,1.0,clear_violation,TRACK LIMITS AT TURN 1 LAP 13 
2022,Austrian Grand Prix,Q,RUS,7.0,0 days 00:01:06.364000,1.0,clear_violation,TRACK LIMITS AT TURN 1 LAP 8 
2022,Austrian Grand Prix,Q,MAG,5.0,0 days 00:01:06.388000,10.0,clear_violation,TRACK LIMITS AT TURN 10 LAP 6 
2022,Austrian Grand Prix,Q,MSC,17.0,0 days 00:01:06.662000,10.0,clear_violation,TRACK LIMITS AT TURN 10 LAP 18 
2022,Austrian Grand Prix,Q,ALO,13.0,0 days 00:01:06.100000,10.0,clear_violation,TRACK LIMITS AT TURN 10 LAP 14 
2022,Austrian Grand Prix,Q,HAM,15.0,0 days 00:01:05.567000,10.0,clear_violation,TRACK LIMITS AT TURN 10 LAP 16 
2022,Austrian Grand Prix,Q,ALB,5.0,0 days 00:01:06.511000,9.0,clear_violation,TRACK LIMITS AT TURN 9 LAP 6 
2022,Austrian Grand Prix,Q,PER,14.0,0 days 00:01:06.273000,9.0,clear_violation,TRACK LIMITS AT TURN 9 LAP 15 
2022,Austrian Grand Prix,Q,TSU,13.0,0 days 00:01:07.007000,10.0,clear_violation,TRACK LIMITS AT TURN 10 LAP 14 
2022,Austrian Grand Prix,Q,NOR,17.0,0 days 00:01:06.625000,7.0,clear_violation,TRACK LIMITS AT TURN 7 LAP 18 
2022,Austrian Grand Prix,Q,STR,2.0,0 days 00:01:07.618000,10.0,clear_violation,TRACK LIMITS AT TURN 10 LAP 3 
2022,Austrian Grand Prix,Q,STR,3.0,0 days 00:01:48.832000,10.0,clear_violation,TRACK LIMITS AT TURN 10 (NEXT LAP)
2022,Austrian Grand Prix,Q,STR,8.0,0 days 00:01:37.187000,1.0,clear_violation,TRACK LIMITS AT TURN 1 LAP 9 
2022,Austrian Grand Prix,Q,LAT,2.0,0 days 00:01:08.366000,10.0,clear_violation,TRACK LIMITS AT TURN 10 LAP 3 
2022,Austrian Grand Prix,Q,VET,11.0,0 days 00:01:06.652000,1.0,clear_violation,TRACK LIMITS AT TURN 1 LAP 12 
2022,Austrian Grand Prix,Q,NOR,,,1.0,no_advantage,CAR 4 (NOR) OFF TRACK AND CONTINUED AT TURN 1
2022,Austrian Grand Prix,Q,TSU,,,1.0,no_advantage,CAR 22 (TSU) OFF TRACK AND CONTINUED AT TURN 1
2022,Austrian Grand Prix,SQ,VER,15.0,0 days 00:01:09.082000,10.0,clear_violation,TRACK LIMITS AT TURN 10 LAP 15 
2022,Austrian Grand Prix,SQ,VER,16.0,0 days 00:01:09.048000,10.0,clear_violation,TRACK LIMITS AT TURN 10 (NEXT LAP)
2022,Austrian Grand Prix,SQ,LEC,14.0,0 days 00:01:09.034000,9.0,clear_violation,TRACK LIMITS AT TURN 9 LAP 14 
2022,Austrian Grand Prix,SQ,SAI,9.0,0 days 00:01:09.242000,9.0,clear_violation,TRACK LIMITS AT TURN 9 LAP 9 
2022,Austrian Grand Prix,SQ,SAI,16.0,0 days 00:01:08.996000,9.0,clear_violation,TRACK LIMITS AT TURN 9 LAP 16 
2022,Austrian Grand Prix,SQ,PER,16.0,0 days 00:01:09.085000,1.0,clear_violation,TRACK LIMITS AT TURN 1 LAP 16 
2022,Austrian Grand Prix,SQ,PER,17.0,0 days 00:01:09.219000,9.0,clear_violation,TRACK LIMITS AT TURN 9 LAP 17 
2022,Austrian Grand Prix,SQ,MAG,5.0,0 days 00:01:10.071000,10.0,clear_violation,TRACK LIMITS AT TURN 10 LAP 5 
2022,Austrian Grand Prix,SQ,MAG,6.0,0 days 00:01:09.857000,10.0,clear_violation,TRACK LIMITS AT TURN 10 (NEXT LAP)
2022,Austrian Grand Prix,SQ,MAG,11.0,0 days 00:01:10.043000,9.0,clear_violation,TRACK LIMITS AT TURN 9 LAP 11 
2022,Austrian Grand Prix,SQ,HAM,15.0,0 days 00:01:10.617000,9.0,clear_violation,TRACK LIMITS AT TURN 9 LAP 15 
2022,Austrian Grand Prix,SQ,HAM,17.0,0 days 00:01:10.642000,9.0,clear_violation,TRACK LIMITS AT TURN 9 LAP 17 
2022,Austrian Grand Prix,SQ,MSC,18.0,0 days 00:01:10.762000,10.0,clear_violation,TRACK LIMITS AT TURN 10 LAP 18 
2022,Austrian Grand Prix,SQ,MSC,19.0,0 days 00:01:11.270000,10.0,clear_violation,TRACK LIMITS AT TURN 10 (NEXT LAP)
2022,Austrian Grand Prix,SQ,NOR,23.0,0 days 00:01:10.682000,10.0,clear_violation,TRACK LIMITS AT TURN 10 LAP 23 
2022,Austrian Grand Prix,SQ,RIC,21.0,0 days 00:01:10.498000,9.0,clear_violation,TRACK LIMITS AT TURN 9 LAP 21 
2022,Austrian Grand Prix,SQ,RIC,22.0,0 days 00:01:10.681000,10.0,clear_violation,TRACK LIMITS AT TURN 10 LAP 22 
2022,Austrian Grand Prix,SQ,RIC,23.0,0 days 00:01:10.927000,10.0,clear_violation,TRACK LIMITS AT TURN 10 (NEXT LAP)
2022,Austrian Grand Prix,SQ,STR,17.0,0 days 00:01:10.905000,10.0,clear_violation,TRACK LIMITS AT TURN 10 LAP 17 
2022,Austrian Grand Prix,SQ,STR,18.0,0 days 00:01:10.778000,10.0,clear_violation,TRACK LIMITS AT TURN 10 (NEXT LAP)
2022,Austrian Grand Prix,SQ,ZHO,19.0,0 days 00:01:10.593000,1.0,clear_violation,TRACK LIMITS AT TURN 1 LAP 19 
2022,Austrian Grand Prix,SQ,ZHO,21.0,0 days 00:01:10.568000,1.0,clear_violation,TRACK LIMITS AT TURN 1 LAP 21 
2022,Austrian Grand Prix,SQ,GAS,14.0,0 days 00:01:10.421000,9.0,clear_violation,TRACK LIMITS AT TURN 9 LAP 14 
2022,Austrian Grand Prix,SQ,GAS,16.0,0 days 00:01:10.419000,10.0,clear_violation,TRACK LIMITS AT TURN 10 LAP 16 
2022,Austrian Grand Prix,SQ,GAS,17.0,0 days 00:01:10.944000,10.0,clear_violation,TRACK LIMITS AT TURN 10 (NEXT LAP)
2022,Austrian Grand Prix,SQ,GAS,21.0,0 days 00:01:11.886000,9.0,clear_violation,TRACK LIMITS AT TURN 9 LAP 21 
2022,Austrian Grand Prix,SQ,ALB,9.0,0 days 00:01:10.898000,9.0,clear_violation,TRACK LIMITS AT TURN 9 LAP 9 
2022,Austrian Grand Prix,SQ,ALB,12.0,0 days 00:01:10.759000,9.0,clear_violation,TRACK LIMITS AT TURN 9 LAP 12 
2022,Austrian Grand Prix,SQ,TSU,13.0,0 days 00:01:10.607000,9.0,clear_violation,TRACK LIMITS AT TURN 9 LAP 13 
2022,Austrian Grand Prix,SQ,TSU,17.0,0 days 00:01:11.197000,9.0,clear_violation,TRACK LIMITS AT TURN 9 LAP 17 
2022,Austrian Grand Prix,SQ,TSU,19.0,0 days 00:01:11.315000,1.0,clear_violation,TRACK LIMITS AT TURN 1 LAP 19 
2022,Austrian Grand Prix,SQ,VET,19.0,0 days 00:01:14.648000,10.0,clear_violation,TRACK LIMITS AT TURN 10 LAP 19 
2022,Austrian Grand Prix,SQ,VET,20.0,0 days 00:01:12.969000,10.0,clear_violation,TRACK LIMITS AT TURN 10 (NEXT LAP)
2022,Austrian Grand Prix,SQ,ALB,,,3.0,no_advantage,CAR 23 (ALB) OFF TRACK AND CONTINUED AT TURN 3
2022,Austrian Grand Prix,S,VER,15.0,0 days 00:01:09.082000,10.0,clear_violation,TRACK LIMITS AT TURN 10 LAP 15 
2022,Austrian Grand Prix,S,VER,16.0,0 days 00:01:09.048000,10.0,clear_violation,TRACK LIMITS AT TURN 10 (NEXT LAP)
2022,Austrian Grand Prix,S,LEC,14.0,0 days 00:01:09.034000,9.0,clear_violation,TRACK LIMITS AT TURN 9 LAP 14 
2022,Austrian Grand Prix,S,SAI,9.0,0 days 00:01:09.242000,9.0,clear_violation,TRACK LIMITS AT TURN 9 LAP 9 
2022,Austrian Grand Prix,S,SAI,16.0,0 days 00:01:08.996000,9.0,clear_violation,TRACK LIMITS AT TURN 9 LAP 16 
2022,Austrian Grand Prix,S,PER,16.0,0 days 00:01:09.085000,1.0,clear_violation,TRACK LIMITS AT TURN 1 LAP 16 
2022,Austrian Grand Prix,S,PER,17.0,0 days 00:01:09.219000,9.0,clear_violation,TRACK LIMITS AT TURN 9 LAP 17 
2022,Austrian Grand Prix,S,MAG,5.0,0 days 00:01:10.071000,10.0,clear_violation,TRACK LIMITS AT TURN 10 LAP 5 
2022,Austrian Grand Prix,S,MAG,6.0,0 days 00:01:09.857000,10.0,clear_violation,TRACK LIMITS AT TURN 10 (NEXT LAP)
2022,Austrian Grand Prix,S,MAG,11.0,0 days 00:01:10.043000,9.0,clear_violation,TRACK LIMITS AT TURN 9 LAP 11 
2022,Austrian Grand Prix,S,HAM,15.0,0 days 00:01:10.617000,9.0,clear_violation,TRACK LIMITS AT TURN 9 LAP 15 
2022,Austrian Grand Prix,S,HAM,17.0,0 days 00:01:10.642000,9.0,clear_violation,TRACK LIMITS AT TURN 9 LAP 17 
2022,Austrian Grand Prix,S,MSC,18.0,0 days 00:01:10.762000,10.0,clear_violation,TRACK LIMITS AT TURN 10 LAP 18 
2022,Austrian Grand Prix,S,MSC,19.0,0 days 00:01:11.270000,10.0,clear_violation,TRACK LIMITS AT TURN 10 (NEXT LAP)
2022,Austrian Grand Prix,S,NOR,23.0,0 days 00:01:10.682000,10.0,clear_violation,TRACK LIMITS AT TURN 10 LAP 23 
2022,Austrian Grand Prix,S,RIC,21.0,0 days 00:01:10.498000,9.0,clear_violation,TRACK LIMITS AT TURN 9 LAP 21 
2022,Austrian Grand Prix,S,RIC,22.0,0 days 00:01:10.681000,10.0,clear_violation,TRACK LIMITS AT TURN 10 LAP 22 
2022,Austrian Grand Prix,S,RIC,23.0,0 days 00:01:10.927000,10.0,clear_violation,TRACK LIMITS AT TURN 10 (NEXT LAP)
2022,Austrian Grand Prix,S,STR,17.0,0 days 00:01:10.905000,10.0,clear_violation,TRACK LIMITS AT TURN 10 LAP 17 
2022,Austrian Grand Prix,S,STR,18.0,0 days 00:01:10.778000,10.0,clear_violation,TRACK LIMITS AT TURN 10 (NEXT LAP)
2022,Austrian Grand Prix,S,ZHO,19.0,0 days 00:01:10.593000,1.0,clear_violation,TRACK LIMITS AT TURN 1 LAP 19 
2022,Austrian Grand Prix,S,ZHO,21.0,0 days 00:01:10.568000,1.0,clear_violation,TRACK LIMITS AT TURN 1 LAP 21 
2022,Austrian Grand Prix,S,GAS,14.0,0 days 00:01:10.421000,9.0,clear_violation,TRACK LIMITS AT TURN 9 LAP 14 
2022,Austrian Grand Prix,S,GAS,16.0,0 days 00:01:10.419000,10.0,clear_violation,TRACK LIMITS AT TURN 10 LAP 16 
2022,Austrian Grand Prix,S,GAS,17.0,0 days 00:01:10.944000,10.0,clear_violation,TRACK LIMITS AT TURN 10 (NEXT LAP)
2022,Austrian Grand Prix,S,GAS,21.0,0 days 00:01:11.886000,9.0,clear_violation,TRACK LIMITS AT TURN 9 LAP 21 
2022,Austrian Grand Prix,S,ALB,9.0,0 days 00:01:10.898000,9.0,clear_violation,TRACK LIMITS AT TURN 9 LAP 9 
2022,Austrian Grand Prix,S,ALB,12.0,0 days 00:01:10.759000,9.0,clear_violation,TRACK LIMITS AT TURN 9 LAP 12 
2022,Austrian Grand Prix,S,TSU,13.0,0 days 00:01:10.607000,9.0,clear_violation,TRACK LIMITS AT TURN 9 LAP 13 
2022,Austrian Grand Prix,S,TSU,17.0,0 days 00:01:11.197000,9.0,clear_violation,TRACK LIMITS AT TURN 9 LAP 17 
2022,Austrian Grand Prix,S,TSU,19.0,0 days 00:01:11.315000,1.0,clear_violation,TRACK LIMITS AT TURN 1 LAP 19 
2022,Austrian Grand Prix,S,VET,19.0,0 days 00:01:14.648000,10.0,clear_violation,TRACK LIMITS AT TURN 10 LAP 19 
2022,Austrian Grand Prix,S,VET,20.0,0 days 00:01:12.969000,10.0,clear_violation,TRACK LIMITS AT TURN 10 (NEXT LAP)
2022,Austrian Grand Prix,S,ALB,,,3.0,no_advantage,CAR 23 (ALB) OFF TRACK AND CONTINUED AT TURN 3
2022,Austrian Grand Prix,R,VER,12.0,0 days 00:01:11.912000,9.0,clear_violation,TRACK LIMITS AT TURN 9 LAP 12 
2022,Austrian Grand Prix,R,VER,24.0,0 days 00:01:10.457000,10.0,clear_violation,TRACK LIMITS AT TURN 10 LAP 24 
2022,Austrian Grand Prix,R,VER,25.0,0 days 00:01:10.715000,10.0,clear_violation,TRACK LIMITS AT TURN 10 (NEXT LAP)
2022,Austrian Grand Prix,R,GAS,6.0,0 days 00:01:12.001000,9.0,clear_violation,TRACK LIMITS AT TURN 9 LAP 6 
2022,Austrian Grand Prix,R,GAS,18.0,0 days 00:01:10.858000,10.0,clear_violation,TRACK LIMITS AT TURN 10 LAP 18 
2022,Austrian Grand Prix,R,GAS,19.0,0 days 00:01:11.265000,10.0,clear_violation,TRACK LIMITS AT TURN 10 (NEXT LAP)
2022,Austrian Grand Prix,R,GAS,22.0,0 days 00:01:11.537000,10.0,clear_violation,TRACK LIMITS AT TURN 10 LAP 22 
2022,Austrian Grand Prix,R,GAS,23.0,0 days 00:01:12.233000,10.0,clear_violation,TRACK LIMITS AT TURN 10 (NEXT LAP)
2022,Austrian Grand Prix,R,GAS,31.0,0 days 00:01:11.905000,1.0,clear_violation,TRACK LIMITS AT TURN 1 LAP 31 
2022,Austrian Grand Prix,R,PER,14.0,0 days 00:01:12.437000,10.0,clear_violation,TRACK LIMITS AT TURN 10 LAP 14 
2022,Austrian Grand Prix,R,PER,15.0,0 days 00:01:12.686000,9.0,clear_violation,TRACK LIMITS AT TURN 9 LAP 15 
2022,Austrian Grand Prix,R,LEC,9.0,0 days 00:01:10.883000,9.0,clear_violation,TRACK LIMITS AT TURN 9 LAP 9 
2022,Austrian Grand Prix,R,LEC,10.0,0 days 00:01:11.403000,10.0,clear_violation,TRACK LIMITS AT TURN 10 LAP 10 
2022,Austrian Grand Prix,R,LEC,11.0,0 days 00:01:10.934000,10.0,clear_violation,TRACK LIMITS AT TURN 10 (NEXT LAP)
2022,Austrian Grand Prix,R,STR,17.0,0 days 00:01:11.864000,10.0,clear_violation,TRACK LIMITS AT TURN 10 LAP 17 
2022,Austrian Grand Prix,R,STR,18.0,0 days 00:01:11.962000,10.0,clear_violation,TRACK LIMITS AT TURN 10 (NEXT LAP)
2022,Austrian Grand Prix,R,STR,54.0,0 days 00:01:10.126000,10.0,clear_violation,TRACK LIMITS AT TURN 10 LAP 54 
2022,Austrian Grand Prix,R,STR,55.0,0 days 00:01:10.004000,10.0,clear_violation,TRACK LIMITS AT TURN 10 (NEXT LAP)
2022,Austrian Grand Prix,R,STR,60.0,0 days 00:01:10.019000,9.0,clear_violation,TRACK LIMITS AT TURN 9 LAP 60 
2022,Austrian Grand Prix,R,MAG,23.0,0 days 00:01:12.151000,9.0,clear_violation,TRACK LIMITS AT TURN 9 LAP 23 
2022,Austrian Grand Prix,R,MAG,38.0,0 days 00:01:11.913000,10.0,clear_violation,TRACK LIMITS AT TURN 10 LAP 38 
2022,Austrian Grand Prix,R,MAG,39.0,0 days 00:01:11.736000,10.0,clear_violation,TRACK LIMITS AT TURN 10 (NEXT LAP)
2022,Austrian Grand Prix,R,TSU,13.0,0 days 00:01:12.841000,10.0,clear_violation,TRACK LIMITS AT TURN 10 LAP 13 
2022,Austrian Grand Prix,R,TSU,14.0,0 days 00:01:12.133000,10.0,clear_violation,TRACK LIMITS AT TURN 10 (NEXT LAP)
2022,Austrian Grand Prix,R,TSU,20.0,0 days 00:01:12.178000,1.0,clear_violation,TRACK LIMITS AT TURN 1 LAP 20 
2022,Austrian Grand Prix,R,ALB,22.0,0 days 00:01:12.062000,10.0,clear_violation,TRACK LIMITS AT TURN 10 LAP 22 
2022,Austrian Grand Prix,R,ALB,23.0,0 days 00:01:12.174000,10.0,clear_violation,TRACK LIMITS AT TURN 10 (NEXT LAP)
2022,Austrian Grand Prix,R,ALB,65.0,0 days 00:01:10.845000,9.0,clear_violation,TRACK LIMITS AT TURN 9 LAP 65 
2022,Austrian Grand Prix,R,ZHO,10.0,0 days 00:01:12.505000,10.0,clear_violation,TRACK LIMITS AT TURN 10 LAP 10 
2022,Austrian Grand Prix,R,ZHO,11.0,0 days 00:01:12.175000,10.0,clear_violation,TRACK LIMITS AT TURN 10 (NEXT LAP)
2022,Austrian Grand Prix,R,ZHO,13.0,0 days 00:01:13.015000,10.0,clear_violation,TRACK LIMITS AT TURN 10 LAP 13 
2022,Austrian Grand Prix,R,ZHO,14.0,0 days 00:01:12.225000,10.0,clear_violation,TRACK LIMITS AT TURN 10 (NEXT LAP)
2022,Austrian Grand Prix,R,ZHO,35.0,0 days 00:01:11.476000,1.0,clear_violation,TRACK LIMITS AT TURN 1 LAP 35 
2022,Austrian Grand Prix,R,ZHO,37.0,0 days 00:01:11.746000,9.0,clear_violation,TRACK LIMITS AT TURN 9 LAP 37 
2022,Austrian Grand Prix,R,RIC,20.0,0 days 00:01:10.915000,10.0,clear_violation,TRACK LIMITS AT TURN 10 LAP 20 
2022,Austrian Grand Prix,R,RIC,21.0,0 days 00:01:11.617000,10.0,clear_violation,TRACK LIMITS AT TURN 10 (NEXT LAP)
2022,Austrian Grand Prix,R,RIC,47.0,0 days 00:01:10.622000,9.0,clear_violation,TRACK LIMITS AT TURN 9 LAP 47 
2022,Austrian Grand Prix,R,NOR,7.0,0 days 00:01:11.648000,10.0,clear_violation,TRACK LIMITS AT TURN 10 LAP 7 
2022,Austrian Grand Prix,R,NOR,8.0,0 days 00:01:11.615000,10.0,clear_violation,TRACK LIMITS AT TURN 10 (NEXT LAP)
2022,Austrian Grand Prix,R,NOR,9.0,0 days 00:01:11.332000,10.0,clear_violation,TRACK LIMITS AT TURN 10 LAP 9 
2022,Austrian Grand Prix,R,NOR,10.0,0 days 00:01:11.560000,10.0,clear_violation,TRACK LIMITS AT TURN 10 (NEXT LAP)
2022,Austrian Grand Prix,R,NOR,31.0,0 days 00:01:11.489000,1.0,clear_violation,TRACK LIMITS AT TURN 1 LAP 31 
2022,Austrian Grand Prix,R,NOR,38.0,0 days 00:01:11.560000,10.0,clear_violation,TRACK LIMITS AT TURN 10 (NEXT LAP)
2022,Austrian Grand Prix,R,NOR,39.0,0 days 00:01:11.648000,10.0,clear_violation,TRACK LIMITS AT TURN 10 LAP 7 
2022,Austrian Grand Prix,R,HAM,4.0,0 days 00:01:11.802000,1.0,clear_violation,TRACK LIMITS AT TURN 1 LAP 4 
2022,Austrian Grand Prix,R,HAM,22.0,0 days 00:01:10.730000,10.0,clear_violation,TRACK LIMITS AT TURN 10 LAP 22 
2022,Austrian Grand Prix,R,HAM,23.0,0 days 00:01:11.034000,10.0,clear_violation,TRACK LIMITS AT TURN 10 (NEXT LAP)
2022,Austrian Grand Prix,R,HAM,41.0,0 days 00:01:10.491000,10.0,clear_violation,TRACK LIMITS AT TURN 10 LAP 41 
2022,Austrian Grand Prix,R,HAM,42.0,0 days 00:01:10.731000,10.0,clear_violation,TRACK LIMITS AT TURN 10 (NEXT LAP)
2022,Austrian Grand Prix,R,MSC,12.0,0 days 00:01:11.709000,9.0,clear_violation,TRACK LIMITS AT TURN 9 LAP 12 
2022,Austrian Grand Prix,R,MSC,13.0,0 days 00:01:12.390000,10.0,clear_violation,TRACK LIMITS AT TURN 10 LAP 13 
2022,Austrian Grand Prix,R,MSC,14.0,0 days 00:01:12.905000,10.0,clear_violation,TRACK LIMITS AT TURN 10 (NEXT LAP)
2022,Austrian Grand Prix,R,MSC,52.0,0 days 00:01:10.132000,1.0,clear_violation,TRACK LIMITS AT TURN 1 LAP 52 
2022,Austrian Grand Prix,R,VET,13.0,0 days 00:01:12.895000,10.0,clear_violation,TRACK LIMITS AT TURN 10 LAP 13 
2022,Austrian Grand Prix,R,VET,14.0,0 days 00:01:12.168000,10.0,clear_violation,TRACK LIMITS AT TURN 10 (NEXT LAP)
2022,Austrian Grand Prix,R,VET,37.0,0 days 00:01:11.360000,10.0,clear_violation,TRACK LIMITS AT TURN 10 LAP 37 
2022,Austrian Grand Prix,R,VET,38.0,0 days 00:01:11.866000,10.0,clear_violation,TRACK LIMITS AT TURN 10 (NEXT LAP)
2022,Austrian Grand Prix,R,VET,65.0,0 days 00:01:11.241000,9.0,clear_violation,TRACK LIMITS AT TURN 9 LAP 65 
2022,Austrian Grand Prix,R,VET,70.0,0 days 00:01:10,10.0,clear_violation,TRACK LIMITS AT TURN 10 LAP 70 
2022,Austrian Grand Prix,R,SAI,11.0,0 days 00:01:10.976000,9.0,clear_violation,TRACK LIMITS AT TURN 9 LAP 11 
2022,Austrian Grand Prix,R,SAI,13.0,0 days 00:01:11.100000,10.0,clear_violation,TRACK LIMITS AT TURN 10 LAP 13 
2022,Austrian Grand Prix,R,SAI,14.0,0 days 00:01:10.867000,10.0,clear_violation,TRACK LIMITS AT TURN 10 (NEXT LAP)
2022,Austrian Grand Prix,R,SAI,32.0,0 days 00:01:09.743000,1.0,clear_violation,TRACK LIMITS AT TURN 1 LAP 32 
2022,Austrian Grand Prix,R,LAT,10.0,0 days 00:01:12.611000,9.0,clear_violation,TRACK LIMITS AT TURN 9 LAP 10 
2022,Austrian Grand Prix,R,LAT,37.0,0 days 00:01:11.543000,1.0,clear_violation,TRACK LIMITS AT TURN 1 LAP 37 
2022,French Grand Prix,FP1,VER,,,10.0,no_advantage,CAR 1 (VER) OFF TRACK AND CONTINUED AT TURN 10
2022,French Grand Prix,FP1,GAS,,,11.0,no_advantage,CAR 10 (GAS) OFF TRACK AND CONTINUED AT TURN 11
2022,French Grand Prix,FP1,VET,,,11.0,no_advantage,CAR 5 (VET) OFF TRACK AND CONTINUED AT TURN 11
2022,French Grand Prix,FP2,MSC,,,11.0,no_advantage,CAR 47 (MSC) OFF TRACK AND CONTINUED AT TURN 11
2022,French Grand Prix,FP2,RUS,,,11.0,no_advantage,CAR 63 (RUS) OFF TRACK AND CONTINUED AT TURN 11
2022,French Grand Prix,FP2,MAG,,,2.0,no_advantage,CAR 20 (MAG) OFF TRACK AND CONTINUED AT TURN 2
2022,French Grand Prix,FP3,MAG,,,11.0,no_advantage,CAR 20 (MAG) OFF TRACK AND CONTINUED AT TURN 11
2022,French Grand Prix,FP3,LEC,,,12.0,no_advantage,CAR 16 (LEC) OFF TRACK AND CONTINUED AT TURN 12
2022,French Grand Prix,FP3,PER,,,11.0,no_advantage,CAR 11 (PER) OFF TRACK AND CONTINUED AT TURN 11
2022,French Grand Prix,FP3,NOR,,,3.0,no_advantage,CAR 4 (NOR) OFF TRACK AND CONTINUED AT TURN 3
2022,French Grand Prix,FP3,SAI,,,11.0,no_advantage,CAR 55 (SAI) OFF TRACK AND CONTINUED AT TURN 11
2022,French Grand Prix,FP3,ALB,,,3.0,no_advantage,CAR 23 (ALB) OFF TRACK AND CONTINUED AT TURN 3
2022,French Grand Prix,FP3,PER,,,3.0,no_advantage,CAR 11 (PER) OFF TRACK AND CONTINUED AT TURN 3
2022,French Grand Prix,FP3,BOT,,,9.0,no_advantage,CAR 77 (BOT) OFF TRACK AND CONTINUED AT TURN 9
2022,French Grand Prix,FP3,TSU,,,1.0,no_advantage,CAR 22 (TSU) OFF TRACK AND CONTINUED AT TURN 1
2022,French Grand Prix,Q,TSU,7.0,0 days 00:01:33.739000,3.0,clear_violation,TRACK LIMITS AT TURN 3 LAP 8 
2022,French Grand Prix,Q,RIC,5.0,0 days 00:01:33.410000,6.0,clear_violation,TRACK LIMITS AT TURN 6 LAP 6 
2022,French Grand Prix,Q,MSC,8.0,0 days 00:01:33.114000,3.0,clear_violation,TRACK LIMITS AT TURN 3 LAP 9 
2022,French Grand Prix,Q,ALB,,,8.0,no_advantage,CAR 23 (ALB) OFF TRACK AND CONTINUED AT TURN 8
2022,French Grand Prix,R,VER,9.0,0 days 00:01:39.130000,6.0,clear_violation,TRACK LIMITS AT TURN 6 LAP 9 
2022,French Grand Prix,R,GAS,44.0,0 days 00:01:39.541000,3.0,clear_violation,TRACK LIMITS AT TURN 3 LAP 44 
2022,French Grand Prix,R,PER,5.0,0 days 00:01:39.683000,3.0,clear_violation,TRACK LIMITS AT TURN 3 LAP 5 
2022,French Grand Prix,R,PER,6.0,0 days 00:01:39.774000,3.0,clear_violation,TRACK LIMITS AT TURN 3 LAP 6 
2022,French Grand Prix,R,STR,3.0,0 days 00:01:40.451000,3.0,clear_violation,TRACK LIMITS AT TURN 3 LAP 3 
2022,French Grand Prix,R,ALB,44.0,0 days 00:01:39.638000,3.0,clear_violation,TRACK LIMITS AT TURN 3 LAP 44 
2022,French Grand Prix,R,NOR,28.0,0 days 00:01:38.985000,6.0,clear_violation,TRACK LIMITS AT TURN 6 LAP 28 
2022,French Grand Prix,R,NOR,29.0,0 days 00:01:39.536000,6.0,clear_violation,TRACK LIMITS AT TURN 6 LAP 29 
2022,French Grand Prix,R,SAI,30.0,0 days 00:01:38.211000,3.0,clear_violation,TRACK LIMITS AT TURN 3 LAP 30 
2022,French Grand Prix,R,LAT,36.0,0 days 00:01:40.768000,3.0,clear_violation,TRACK LIMITS AT TURN 3 LAP 36 
2022,French Grand Prix,R,HAM,,,2.0,no_advantage,CAR 44 (HAM) OFF TRACK AND CONTINUED AT TURN 2
2022,Hungarian Grand Prix,FP1,MSC,,,12.0,no_advantage,CAR 47 (MSC) OFF TRACK AND CONTINUED AT TURN 12
2022,Hungarian Grand Prix,FP1,MSC,,,3.0,no_advantage,CAR 47 (MSC) OFF TRACK AND CONTINUED AT TURN 3
2022,Hungarian Grand Prix,FP1,HAM,,,12.0,no_advantage,CAR 44 (HAM) OFF TRACK AND CONTINUED AT TURN 12
2022,Hungarian Grand Prix,FP1,TSU,,,1.0,no_advantage,CAR 22 (TSU) OFF TRACK AND CONTINUED AT TURN 1
2022,Hungarian Grand Prix,FP1,ALO,,,11.0,no_advantage,CAR 14 (ALO) OFF TRACK AND CONTINUED AT TURN 11
2022,Hungarian Grand Prix,FP2,MSC,,,12.0,no_advantage,CAR 47 (MSC) OFF TRACK AND CONTINUED AT TURN 12
2022,Hungarian Grand Prix,FP2,HAM,,,4.0,no_advantage,CAR 44 (HAM) OFF TRACK AND CONTINUED AT TURN 4
2022,Hungarian Grand Prix,FP2,LEC,,,4.0,no_advantage,CAR 16 (LEC) OFF TRACK AND CONTINUED AT TURN 4
2022,Hungarian Grand Prix,FP2,OCO,,,4.0,no_advantage,CAR 31 (OCO) OFF TRACK AND CONTINUED AT TURN 4
2022,Hungarian Grand Prix,FP3,GAS,,,4.0,no_advantage,CAR 10 (GAS) OFF TRACK AND CONTINUED AT TURN 4
2022,Hungarian Grand Prix,FP3,LAT,,,4.0,no_advantage,CAR 6 (LAT) OFF TRACK AND CONTINUED AT TURN 4
2022,Hungarian Grand Prix,FP3,ZHO,,,4.0,no_advantage,CAR 24 (ZHO) OFF TRACK AND CONTINUED AT TURN 4
2022,Hungarian Grand Prix,FP3,ALB,,,4.0,no_advantage,CAR 23 (ALB) OFF TRACK AND CONTINUED AT TURN 4
2022,Hungarian Grand Prix,FP3,MAG,,,4.0,no_advantage,CAR 20 (MAG) OFF TRACK AND CONTINUED AT TURN 4
2022,Hungarian Grand Prix,FP3,GAS,,,12.0,no_advantage,CAR 10 (GAS) OFF TRACK AND CONTINUED AT TURN 12
2022,Hungarian Grand Prix,FP3,VET,,,11.0,no_advantage,CAR 5 (VET) OFF TRACK AND CONTINUED AT TURN 11
2022,Hungarian Grand Prix,FP3,MSC,,,12.0,no_advantage,CAR 47 (MSC) OFF TRACK AND CONTINUED AT TURN 12
2022,Hungarian Grand Prix,FP3,RUS,,,12.0,no_advantage,CAR 63 (RUS) OFF TRACK AND CONTINUED AT TURN 12
2022,Hungarian Grand Prix,FP3,PER,,,2.0,no_advantage,CAR 11 (PER) OFF TRACK AND CONTINUED AT TURN 2
2022,Hungarian Grand Prix,Q,VER,9.0,0 days 00:01:18.668000,11.0,clear_violation,TRACK LIMITS AT TURN 11 LAP 10 
2022,Hungarian Grand Prix,Q,MSC,2.0,0 days 00:01:20.905000,5.0,clear_violation,TRACK LIMITS AT TURN 5 LAP 3 
2022,Hungarian Grand Prix,Q,TSU,5.0,0 days 00:01:19.904000,5.0,clear_violation,TRACK LIMITS AT TURN 5 LAP 6 
2022,Hungarian Grand Prix,Q,GAS,8.0,0 days 00:01:19.116000,5.0,clear_violation,TRACK LIMITS AT TURN 5 LAP 9 
2022,Hungarian Grand Prix,R,MAG,4.0,0 days 00:01:25.178000,4.0,clear_violation,TRACK LIMITS AT TURN 4 LAP 4 
2022,Hungarian Grand Prix,R,MAG,52.0,0 days 00:01:27.854000,4.0,clear_violation,TRACK LIMITS AT TURN 4 LAP 52 
2022,Hungarian Grand Prix,R,MAG,55.0,0 days 00:01:24.380000,12.0,clear_violation,TRACK LIMITS AT TURN 12 LAP 55 
2022,Hungarian Grand Prix,R,TSU,52.0,0 days 00:01:51.006000,7.0,clear_violation,TRACK LIMITS AT TURN 7 LAP 52 
2022,Hungarian Grand Prix,R,ALB,57.0,0 days 00:01:25.166000,7.0,clear_violation,TRACK LIMITS AT TURN 7 LAP 57 
2022,Hungarian Grand Prix,R,ZHO,65.0,0 days 00:01:22.832000,4.0,clear_violation,TRACK LIMITS AT TURN 4 LAP 65 
2022,Hungarian Grand Prix,R,ZHO,69.0,0 days 00:01:27.967000,13.0,clear_violation,TRACK LIMITS AT TURN 13 LAP 69 
2022,Hungarian Grand Prix,R,RIC,64.0,0 days 00:01:23.590000,4.0,clear_violation,TRACK LIMITS AT TURN 4 LAP 64 
2022,Hungarian Grand Prix,R,HAM,15.0,0 days 00:01:25.186000,12.0,clear_violation,TRACK LIMITS AT TURN 12 LAP 15 
2022,Hungarian Grand Prix,R,HAM,24.0,0 days 00:01:23.831000,12.0,clear_violation,TRACK LIMITS AT TURN 12 LAP 24 
2022,Hungarian Grand Prix,R,VET,35.0,0 days 00:01:25.639000,7.0,clear_violation,TRACK LIMITS AT TURN 7 LAP 35 
2022,Hungarian Grand Prix,R,LAT,52.0,0 days 00:01:26.786000,11.0,clear_violation,TRACK LIMITS AT TURN 11 LAP 52 
2022,Hungarian Grand Prix,R,LAT,58.0,0 days 00:01:24.330000,13.0,clear_violation,TRACK LIMITS AT TURN 13 LAP 58 
2022,Hungarian Grand Prix,R,LAT,62.0,0 days 00:01:24.048000,4.0,clear_violation,TRACK LIMITS AT TURN 4 LAP 62 
2022,Hungarian Grand Prix,R,HAM,,,12.0,no_advantage,CAR 44 (HAM) OFF TRACK AND CONTINUED AT TURN 12
2022,Hungarian Grand Prix,R,MAG,,,4.0,no_advantage,CAR 20 (MAG) OFF TRACK AND CONTINUED AT TURN 4
2022,Hungarian Grand Prix,R,LAT,,,13.0,no_advantage,CAR 6 (LAT) OFF TRACK AND CONTINUED AT TURN 13
2022,Belgian Grand Prix,FP2,SAI,,,13.0,no_advantage,CAR 55 (SAI) OFF TRACK AND CONTINUED AT TURN 13
2022,Belgian Grand Prix,FP2,GAS,,,8.0,no_advantage,CAR 10 (GAS) OFF TRACK AND CONTINUED AT TURN 8
2022,Belgian Grand Prix,FP2,SAI,,,9.0,no_advantage,CAR 55 (SAI) OFF TRACK AND CONTINUED AT TURN 9
2022,Belgian Grand Prix,FP2,MSC,,,7.0,no_advantage,CAR 47 (MSC) OFF TRACK AND CONTINUED AT TURN 7
2022,Belgian Grand Prix,FP3,GAS,,,17.0,no_advantage,CAR 10 (GAS) OFF TRACK AND CONTINUED AT TURN 17
2022,Belgian Grand Prix,Q,RIC,5.0,0 days 00:01:46.033000,9.0,clear_violation,TRACK LIMITS AT TURN 9 LAP 6 
2022,Belgian Grand Prix,Q,TSU,5.0,0 days 00:01:48,18.0,clear_violation,TRACK LIMITS AT TURN 18 LAP 6 
2022,Belgian Grand Prix,R,GAS,8.0,0 days 00:01:57.112000,4.0,clear_violation,TRACK LIMITS AT TURN 4 LAP 8 
2022,Belgian Grand Prix,R,ALB,9.0,0 days 00:01:56.420000,4.0,clear_violation,TRACK LIMITS AT TURN 4 LAP 9 
2022,Belgian Grand Prix,R,MSC,32.0,0 days 00:01:52.212000,4.0,clear_violation,TRACK LIMITS AT TURN 4 LAP 32 
2022,Belgian Grand Prix,R,VET,39.0,0 days 00:01:52.773000,4.0,clear_violation,TRACK LIMITS AT TURN 4 LAP 39 
2022,Belgian Grand Prix,R,LAT,7.0,0 days 00:01:55.404000,4.0,clear_violation,TRACK LIMITS AT TURN 4 LAP 7 
2022,Dutch Grand Prix,FP1,ALO,,,11.0,no_advantage,CAR 14 (ALO) OFF TRACK AND CONTINUED AT TURN 11
2022,Dutch Grand Prix,FP1,MAG,,,11.0,no_advantage,CAR 20 (MAG) OFF TRACK AND CONTINUED AT TURN 11
2022,Dutch Grand Prix,FP1,PER,,,9.0,no_advantage,CAR 11 (PER) OFF TRACK AND CONTINUED AT TURN 9
2022,Dutch Grand Prix,Q,TSU,2.0,0 days 00:01:12.964000,3.0,clear_violation,TRACK LIMITS AT TURN 3 LAP 3 
2022,Dutch Grand Prix,Q,MAG,8.0,0 days 00:01:12.041000,3.0,clear_violation,TRACK LIMITS AT TURN 3 LAP 9 
2022,Dutch Grand Prix,Q,VET,,,13.0,no_advantage,CAR 5 (VET) OFF TRACK AND CONTINUED AT TURN 13
2022,Dutch Grand Prix,R,VER,41.0,0 days 00:01:16.097000,3.0,clear_violation,TRACK LIMITS AT TURN 3 LAP 41 
2022,Dutch Grand Prix,R,GAS,12.0,0 days 00:01:36.059000,3.0,clear_violation,TRACK LIMITS AT TURN 3 LAP 12 
2022,Dutch Grand Prix,R,LEC,27.0,0 days 00:01:16.523000,3.0,clear_violation,TRACK LIMITS AT TURN 3 LAP 27 
2022,Dutch Grand Prix,R,LEC,36.0,0 days 00:01:16.523000,3.0,clear_violation,TRACK LIMITS AT TURN 3 LAP 27 
2022,Dutch Grand Prix,R,OCO,20.0,0 days 00:01:17.461000,3.0,clear_violation,TRACK LIMITS AT TURN 3 LAP 20 
2022,Dutch Grand Prix,R,MSC,30.0,0 days 00:01:17.886000,3.0,clear_violation,TRACK LIMITS AT TURN 3 LAP 30 
2022,Dutch Grand Prix,R,VET,11.0,0 days 00:01:17.175000,3.0,clear_violation,TRACK LIMITS AT TURN 3 LAP 11 
2022,Dutch Grand Prix,R,LAT,17.0,0 days 00:01:18.547000,3.0,clear_violation,TRACK LIMITS AT TURN 3 LAP 17 
2022,Dutch Grand Prix,R,MAG,,,2.0,no_advantage,CAR 20 (MAG) OFF TRACK AND CONTINUED AT TURN 2
2022,Italian Grand Prix,Q,LEC,5.0,0 days 00:02:00.809000,2.0,clear_violation,TRACK LIMITS AT TURN 2 LAP 6 
2022,Italian Grand Prix,Q,NOR,4.0,0 days 00:01:22.277000,7.0,clear_violation,TRACK LIMITS AT TURN 7 LAP 5 
2022,Italian Grand Prix,Q,GAS,17.0,0 days 00:01:21.910000,6.0,clear_violation,TRACK LIMITS AT TURN 6 LAP 18 
2022,Italian Grand Prix,Q,ALO,16.0,0 days 00:01:21.829000,7.0,clear_violation,TRACK LIMITS AT TURN 7 LAP 17 
2022,Italian Grand Prix,Q,DEV,7.0,0 days 00:01:22.176000,10.0,clear_violation,TRACK LIMITS AT TURN 10 LAP 8 
2022,Italian Grand Prix,Q,MAG,7.0,0 days 00:01:22.399000,7.0,clear_violation,TRACK LIMITS AT TURN 7 LAP 8 
2022,Italian Grand Prix,Q,MAG,9.0,0 days 00:01:22.640000,7.0,clear_violation,TRACK LIMITS AT TURN 7 LAP 10 
2022,Italian Grand Prix,R,VER,15.0,0 days 00:01:25.794000,7.0,clear_violation,TRACK LIMITS AT TURN 7 LAP 15 
2022,Italian Grand Prix,R,GAS,14.0,0 days 00:01:28.309000,2.0,clear_violation,TRACK LIMITS AT TURN 2 LAP 14 
2022,Italian Grand Prix,R,PER,24.0,0 days 00:01:26.742000,7.0,clear_violation,TRACK LIMITS AT TURN 7 LAP 24 
2022,Italian Grand Prix,R,ALO,21.0,0 days 00:01:27.668000,5.0,clear_violation,TRACK LIMITS AT TURN 5 LAP 21 
2022,Italian Grand Prix,R,STR,22.0,0 days 00:01:27.815000,7.0,clear_violation,TRACK LIMITS AT TURN 7 LAP 22 
2022,Italian Grand Prix,R,MAG,17.0,0 days 00:01:28.144000,7.0,clear_violation,TRACK LIMITS AT TURN 7 LAP 17 
2022,Italian Grand Prix,R,MAG,18.0,0 days 00:01:28.771000,10.0,clear_violation,TRACK LIMITS AT TURN 10 LAP 18 
2022,Italian Grand Prix,R,RIC,41.0,0 days 00:01:26.751000,7.0,clear_violation,TRACK LIMITS AT TURN 7 LAP 43 
2022,Italian Grand Prix,R,RIC,43.0,0 days 00:01:26.751000,7.0,clear_violation,TRACK LIMITS AT TURN 7 LAP 43 
2022,Italian Grand Prix,R,NOR,13.0,0 days 00:01:28.568000,2.0,clear_violation,TRACK LIMITS AT TURN 2 LAP 13 
2022,Italian Grand Prix,R,DEV,11.0,0 days 00:01:27.798000,7.0,clear_violation,TRACK LIMITS AT TURN 7 LAP 11 
2022,Italian Grand Prix,R,DEV,16.0,0 days 00:01:27.554000,10.0,clear_violation,TRACK LIMITS AT TURN 10 LAP 16 
2022,Italian Grand Prix,R,DEV,18.0,0 days 00:01:27.836000,7.0,clear_violation,TRACK LIMITS AT TURN 7 LAP 18 
2022,Italian Grand Prix,R,MSC,16.0,0 days 00:01:27.322000,7.0,clear_violation,TRACK LIMITS AT TURN 7 LAP 16 
2022,Italian Grand Prix,R,SAI,39.0,0 days 00:01:24.420000,7.0,clear_violation,TRACK LIMITS AT TURN 7 LAP 39 
2022,Singapore Grand Prix,FP1,RUS,,,11.0,no_advantage,CAR 63 (RUS) OFF TRACK AND CONTINUED AT TURN 11
2022,Singapore Grand Prix,FP2,VET,,,13.0,no_advantage,CAR 5 (VET) OFF TRACK AND CONTINUED AT TURN 13
2022,Singapore Grand Prix,FP2,RUS,,,11.0,no_advantage,CAR 63 (RUS) OFF TRACK AND CONTINUED AT TURN 11
2022,Singapore Grand Prix,FP2,GAS,,,18.0,no_advantage,CAR 10 (GAS) OFF TRACK AND CONTINUED AT TURN 18
2022,Singapore Grand Prix,FP2,BOT,,,16.0,no_advantage,CAR 77 (BOT) OFF TRACK AND CONTINUED AT TURN 16
2022,Singapore Grand Prix,FP3,LAT,,,7.0,no_advantage,CAR 6 (LAT) OFF TRACK AND CONTINUED AT TURN 7
2022,Singapore Grand Prix,FP3,GAS,,,18.0,no_advantage,CAR 10 (GAS) OFF TRACK AND CONTINUED AT TURN 18
2022,Singapore Grand Prix,Q,MSC,,,16.0,no_advantage,CAR 47 (MSC) OFF TRACK AND CONTINUED AT TURN 16
2022,Singapore Grand Prix,Q,LEC,,,8.0,no_advantage,CAR 16 (LEC) OFF TRACK AND CONTINUED AT TURN 8
2022,Singapore Grand Prix,Q,ALB,,,18.0,no_advantage,CAR 23 (ALB) OFF TRACK AND CONTINUED AT TURN 18
2022,Singapore Grand Prix,Q,MAG,,,8.0,no_advantage,CAR 20 (MAG) OFF TRACK AND CONTINUED AT TURN 8
2022,Singapore Grand Prix,Q,GAS,,,18.0,no_advantage,CAR 10 (GAS) OFF TRACK AND CONTINUED AT TURN 18
2022,Japanese Grand Prix,FP1,LAT,,,11.0,no_advantage,CAR 6 (LAT) OFF TRACK AND CONTINUED AT TURN 11
2022,Japanese Grand Prix,FP2,LAT,,,16.0,no_advantage,CAR 6 (LAT) OFF TRACK AND CONTINUED AT TURN 16
2022,Japanese Grand Prix,FP2,TSU,,,9.0,no_advantage,CAR 22 (TSU) OFF TRACK AND CONTINUED AT TURN 9
2022,Japanese Grand Prix,FP2,LEC,,,11.0,no_advantage,CAR 16 (LEC) OFF TRACK AND CONTINUED AT TURN 11
2022,Japanese Grand Prix,Q,ALB,2.0,0 days 00:01:31.588000,14.0,clear_violation,TRACK LIMITS AT TURN 14 LAP 3 
2022,United States Grand Prix,Q,HAM,5.0,0 days 00:01:35.878000,19.0,clear_violation,TRACK LIMITS AT TURN 19 LAP 6 
2022,United States Grand Prix,Q,VET,8.0,0 days 00:01:37.131000,9.0,clear_violation,TRACK LIMITS AT TURN 9 LAP 9 
2022,United States Grand Prix,Q,ZHO,5.0,0 days 00:01:36.908000,12.0,clear_violation,TRACK LIMITS AT TURN 12 LAP 6 
2022,United States Grand Prix,Q,ZHO,14.0,0 days 00:01:36.196000,12.0,clear_violation,TRACK LIMITS AT TURN 12 LAP 15 
2022,United States Grand Prix,Q,TSU,11.0,0 days 00:01:36.439000,9.0,clear_violation,TRACK LIMITS AT TURN 9 LAP 12 
2022,United States Grand Prix,R,VER,48.0,0 days 00:01:40.271000,9.0,clear_violation,TRACK LIMITS AT TURN 9 LAP 48 
2022,United States Grand Prix,R,VER,51.0,0 days 00:01:40.152000,9.0,clear_violation,TRACK LIMITS AT TURN 9 LAP 51 
2022,United States Grand Prix,R,GAS,9.0,0 days 00:01:45.019000,11.0,clear_violation,TRACK LIMITS AT TURN 11 LAP 9 
2022,United States Grand Prix,R,GAS,31.0,0 days 00:01:43.032000,19.0,clear_violation,TRACK LIMITS AT TURN 19 LAP 31 
2022,United States Grand Prix,R,GAS,34.0,0 days 00:01:42.542000,19.0,clear_violation,TRACK LIMITS AT TURN 19 LAP 34 
2022,United States Grand Prix,R,PER,8.0,0 days 00:01:43.075000,19.0,clear_violation,TRACK LIMITS AT TURN 19 LAP 8 
2022,United States Grand Prix,R,PER,47.0,0 days 00:01:39.936000,6.0,clear_violation,TRACK LIMITS AT TURN 6 LAP 47 
2022,United States Grand Prix,R,PER,54.0,0 days 00:01:40.724000,6.0,clear_violation,TRACK LIMITS AT TURN 6 LAP 54 
2022,United States Grand Prix,R,ALO,3.0,0 days 00:01:44.501000,19.0,clear_violation,TRACK LIMITS AT TURN 19 LAP 3 
2022,United States Grand Prix,R,MAG,26.0,0 days 00:01:44.296000,19.0,clear_violation,TRACK LIMITS AT TURN 19 LAP 26 
2022,United States Grand Prix,R,TSU,15.0,0 days 00:01:44.402000,19.0,clear_violation,TRACK LIMITS AT TURN 19 LAP 15 
2022,United States Grand Prix,R,ALB,6.0,0 days 00:01:44.688000,19.0,clear_violation,TRACK LIMITS AT TURN 19 LAP 6 
2022,United States Grand Prix,R,ALB,8.0,0 days 00:01:45.814000,12.0,clear_violation,TRACK LIMITS AT TURN 12 LAP 8 
2022,United States Grand Prix,R,ALB,12.0,0 days 00:01:43.462000,19.0,clear_violation,TRACK LIMITS AT TURN 19 LAP 12 
2022,United States Grand Prix,R,ZHO,32.0,0 days 00:01:45.053000,12.0,clear_violation,TRACK LIMITS AT TURN 12 LAP 32 
2022,United States Grand Prix,R,ZHO,33.0,0 days 00:01:43.747000,12.0,clear_violation,TRACK LIMITS AT TURN 12 LAP 33 
2022,United States Grand Prix,R,ZHO,36.0,0 days 00:01:43.212000,19.0,clear_violation,TRACK LIMITS AT TURN 19 LAP 36 
2022,United States Grand Prix,R,RIC,7.0,0 days 00:01:44.578000,19.0,clear_violation,TRACK LIMITS AT TURN 19 LAP 7 
2022,United States Grand Prix,R,RIC,33.0,0 days 00:01:44.857000,19.0,clear_violation,TRACK LIMITS AT TURN 19 LAP 33 
2022,United States Grand Prix,R,NOR,15.0,0 days 00:02:03.849000,19.0,clear_violation,TRACK LIMITS AT TURN 19 LAP 15 
2022,United States Grand Prix,R,NOR,51.0,0 days 00:01:41.908000,19.0,clear_violation,TRACK LIMITS AT TURN 19 LAP 51 
2022,United States Grand Prix,R,HAM,13.0,0 days 00:02:02.611000,19.0,clear_violation,TRACK LIMITS AT TURN 19 LAP 13 
2022,United States Grand Prix,R,HAM,43.0,0 days 00:01:40.309000,9.0,clear_violation,TRACK LIMITS AT TURN 9 LAP 43 
2022,United States Grand Prix,R,HAM,52.0,0 days 00:01:40.422000,9.0,clear_violation,TRACK LIMITS AT TURN 9 LAP 52 
2022,United States Grand Prix,R,MSC,3.0,0 days 00:01:44.896000,19.0,clear_violation,TRACK LIMITS AT TURN 19 LAP 3 
2022,United States Grand Prix,R,MSC,10.0,0 days 00:01:45.900000,19.0,clear_violation,TRACK LIMITS AT TURN 19 LAP 10 
2022,United States Grand Prix,R,MSC,39.0,0 days 00:01:42.899000,19.0,clear_violation,TRACK LIMITS AT TURN 19 LAP 39 
2022,United States Grand Prix,R,MSC,53.0,0 days 00:01:43.321000,19.0,clear_violation,TRACK LIMITS AT TURN 19 LAP 53 
2022,United States Grand Prix,R,RUS,35.0,0 days 00:01:41.827000,19.0,clear_violation,TRACK LIMITS AT TURN 19 LAP 35 
2022,Mexico City Grand Prix,FP1,LAW,,,4.0,no_advantage,CAR 40 (LAW) OFF TRACK AND CONTINUED AT TURN 4
2022,Mexico City Grand Prix,FP3,MSC,,,4.0,no_advantage,CAR 47 (MSC) OFF TRACK AND CONTINUED AT TURN 4
2022,Mexico City Grand Prix,FP3,TSU,,,1.0,no_advantage,CAR 22 (TSU) OFF TRACK AND CONTINUED AT TURN 1
2022,Mexico City Grand Prix,Q,RUS,17.0,0 days 00:01:19.376000,12.0,clear_violation,TRACK LIMITS AT TURN 12 LAP 18 
2022,Mexico City Grand Prix,Q,HAM,15.0,0 days 00:01:18.094000,3.0,clear_violation,TRACK LIMITS AT TURN 3 LAP 16 
2022,Mexico City Grand Prix,Q,MSC,8.0,0 days 00:01:19.695000,2.0,clear_violation,TRACK LIMITS AT TURN 2 LAP 9 
2022,Mexico City Grand Prix,Q,ALB,9.0,0 days 00:01:21.473000,8.0,clear_violation,TRACK LIMITS AT TURN 8 LAP 10 
2022,Mexico City Grand Prix,R,ALO,58.0,0 days 00:01:25.028000,14.0,clear_violation,TRACK LIMITS AT TURN 14 LAP 58 
2022,Mexico City Grand Prix,R,LEC,11.0,0 days 00:01:24.238000,2.0,clear_violation,TRACK LIMITS AT TURN 2 LAP 11 
2022,São Paulo Grand Prix,Q,MAG,6.0,0 days 00:01:18.423000,8.0,clear_violation,TRACK LIMITS AT TURN 8 LAP 7 
2022,São Paulo Grand Prix,SQ,VER,7.0,0 days 00:01:14.839000,4.0,clear_violation,TRACK LIMITS AT TURN 4 LAP 7 
2022,São Paulo Grand Prix,S,VER,7.0,0 days 00:01:14.839000,4.0,clear_violation,TRACK LIMITS AT TURN 4 LAP 7 
2022,São Paulo Grand Prix,R,STR,23.0,0 days 00:01:18.269000,4.0,clear_violation,TRACK LIMITS AT TURN 4 LAP 24 
2022,São Paulo Grand Prix,R,STR,24.0,0 days 00:01:18.269000,4.0,clear_violation,TRACK LIMITS AT TURN 4 LAP 24 
2022,São Paulo Grand Prix,R,STR,42.0,0 days 00:01:17.340000,4.0,clear_violation,TRACK LIMITS AT TURN 4 LAP 42 
2022,São Paulo Grand Prix,R,STR,60.0,0 days 00:01:17.438000,4.0,clear_violation,TRACK LIMITS AT TURN 4 LAP 60 
2022,São Paulo Grand Prix,R,HAM,7.0,0 days 00:01:22.132000,4.0,clear_violation,TRACK LIMITS AT TURN 4 LAP 7 
2022,São Paulo Grand Prix,R,VET,70.0,0 days 00:01:15.852000,4.0,clear_violation,TRACK LIMITS AT TURN 4 LAP 70 
2022,Abu Dhabi Grand Prix,Q,PER,11.0,0 days 00:01:24.985000,1.0,clear_violation,TRACK LIMITS AT TURN 1 LAP 12 
2022,Abu Dhabi Grand Prix,Q,ALB,5.0,0 days 00:01:26.440000,1.0,clear_violation,TRACK LIMITS AT TURN 1 LAP 6 
2022,Abu Dhabi Grand Prix,R,LEC,6.0,0 days 00:01:31.087000,1.0,clear_violation,TRACK LIMITS AT TURN 1 LAP 6 
2022,Abu Dhabi Grand Prix,R,PER,14.0,0 days 00:01:31.990000,1.0,clear_violation,TRACK LIMITS AT TURN 1 LAP 14 
2022,Abu Dhabi Grand Prix,R,PER,38.0,0 days 00:01:29.153000,1.0,clear_violation,TRACK LIMITS AT TURN 1 LAP 38 
2022,Abu Dhabi Grand Prix,R,SAI,5.0,0 days 00:01:31.980000,1.0,clear_violation,TRACK LIMITS AT TURN 1 LAP 5 
2022,Abu Dhabi Grand Prix,R,SAI,25.0,0 days 00:01:30.470000,1.0,clear_violation,TRACK LIMITS AT TURN 1 LAP 25 
2022,Abu Dhabi Grand Prix,R,RUS,28.0,0 days 00:01:30.502000,1.0,clear_violation,TRACK LIMITS AT TURN 1 LAP 28 
2022,Abu Dhabi Grand Prix,R,NOR,5.0,0 days 00:01:32.208000,1.0,clear_violation,TRACK LIMITS AT TURN 1 LAP 5 
2022,Abu Dhabi Grand Prix,R,NOR,42.0,0 days 00:01:33.097000,1.0,clear_violation,TRACK LIMITS AT TURN 1 LAP 42 
2022,Abu Dhabi Grand Prix,R,STR,15.0,0 days 00:01:31.850000,1.0,clear_violation,TRACK LIMITS AT TURN 1 LAP 15 
2022,Abu Dhabi Grand Prix,R,STR,43.0,0 days 00:01:32.867000,9.0,clear_violation,TRACK LIMITS AT TURN 9 LAP 43 
2022,Abu Dhabi Grand Prix,R,VET,8.0,0 days 00:01:32.654000,9.0,clear_violation,TRACK LIMITS AT TURN 9 LAP 8 
2022,Abu Dhabi Grand Prix,R,VET,15.0,0 days 00:01:32.279000,1.0,clear_violation,TRACK LIMITS AT TURN 1 LAP 15 
2022,Abu Dhabi Grand Prix,R,ZHO,38.0,0 days 00:01:31.273000,1.0,clear_violation,TRACK LIMITS AT TURN 1 LAP 38 
2022,Abu Dhabi Grand Prix,R,ALB,33.0,0 days 00:01:31.550000,3.0,clear_violation,TRACK LIMITS AT TURN 3 LAP 33 
2022,Abu Dhabi Grand Prix,R,GAS,17.0,0 days 00:01:31.018000,16.0,clear_violation,TRACK LIMITS AT TURN 16 LAP 17 
2022,Abu Dhabi Grand Prix,R,GAS,18.0,0 days 00:01:31.227000,16.0,clear_violation,TRACK LIMITS AT TURN 16 (NEXT LAP)
2022,Abu Dhabi Grand Prix,R,GAS,22.0,0 days 00:01:31.228000,3.0,clear_violation,TRACK LIMITS AT TURN 3 LAP 22 
2022,Abu Dhabi Grand Prix,R,GAS,57.0,0 days 00:01:32.845000,6.0,clear_violation,TRACK LIMITS AT TURN 6 LAP 57 
2022,Abu Dhabi Grand Prix,R,MSC,2.0,0 days 00:01:33.725000,1.0,clear_violation,TRACK LIMITS AT TURN 1 LAP 2 
2022,Abu Dhabi Grand Prix,R,MAG,19.0,0 days 00:01:34.170000,3.0,clear_violation,TRACK LIMITS AT TURN 3 LAP 19 
2022,Abu Dhabi Grand Prix,R,MAG,53.0,0 days 00:01:32.669000,1.0,clear_violation,TRACK LIMITS AT TURN 1 LAP 53 
2022,Abu Dhabi Grand Prix,R,HAM,7.0,0 days 00:01:31.532000,1.0,clear_violation,TRACK LIMITS AT TURN 1 LAP 7 
2022,Abu Dhabi Grand Prix,R,HAM,12.0,0 days 00:01:32.023000,1.0,clear_violation,TRACK LIMITS AT TURN 1 LAP 12 
2022,Abu Dhabi Grand Prix,R,HAM,51.0,0 days 00:01:30.455000,1.0,clear_violation,TRACK LIMITS AT TURN 1 LAP 51 
2022,Abu Dhabi Grand Prix,R,ALO,15.0,0 days 00:01:32.227000,1.0,clear_violation,TRACK LIMITS AT TURN 1 LAP 15 
2023,Bahrain Grand Prix,FP1,ALO,,,4.0,no_advantage,CAR 14 (ALO) OFF TRACK AND CONTINUED AT TURN 4
2023,Bahrain Grand Prix,FP1,NOR,,,1.0,no_advantage,CAR 4 (NOR) OFF TRACK AND CONTINUED AT TURN 1
2023,Bahrain Grand Prix,FP2,PIA,,,1.0,no_advantage,CAR 81 (PIA) OFF TRACK AND CONTINUED AT TURN 1
2023,Bahrain Grand Prix,FP2,SAR,,,10.0,no_advantage,CAR 2 (SAR) OFF TRACK AND CONTINUED AT TURN 10
2023,Bahrain Grand Prix,FP2,ALO,,,10.0,no_advantage,CAR 14 (ALO) OFF TRACK AND CONTINUED AT TURN 10
2023,Bahrain Grand Prix,Q,SAI,2.0,0 days 00:01:32.408000,8.0,clear_violation,TRACK LIMITS AT TURN 8 LAP 3 
2023,Bahrain Grand Prix,Q,STR,2.0,0 days 00:01:31.617000,13.0,clear_violation,TRACK LIMITS AT TURN 13 LAP 3 
2023,Bahrain Grand Prix,Q,HUL,16.0,0 days 00:01:31.055000,4.0,clear_violation,TRACK LIMITS AT TURN 4 LAP 17 
2023,Bahrain Grand Prix,Q,GAS,5.0,0 days 00:01:31.818000,15.0,clear_violation,TRACK LIMITS AT TURN 15 LAP 6 
2023,Bahrain Grand Prix,R,GAS,43.0,0 days 00:01:35.942000,4.0,clear_violation,TRACK LIMITS AT TURN 4 LAP 43 
2023,Bahrain Grand Prix,R,GAS,44.0,0 days 00:01:35.792000,4.0,clear_violation,TRACK LIMITS AT TURN 4 LAP 44 
2023,Bahrain Grand Prix,R,LEC,8.0,0 days 00:01:38.614000,4.0,clear_violation,TRACK LIMITS AT TURN 4 LAP 8 
2023,Bahrain Grand Prix,R,MAG,28.0,0 days 00:01:39.316000,4.0,clear_violation,TRACK LIMITS AT TURN 4 LAP 28 
2023,Bahrain Grand Prix,R,DEV,19.0,0 days 00:01:39.078000,13.0,clear_violation,TRACK LIMITS AT TURN 13 LAP 19 
2023,Bahrain Grand Prix,R,DEV,50.0,0 days 00:01:39.089000,4.0,clear_violation,TRACK LIMITS AT TURN 4 LAP 50 
2023,Bahrain Grand Prix,R,HUL,21.0,0 days 00:01:39.703000,4.0,clear_violation,TRACK LIMITS AT TURN 4 LAP 21 
2023,Bahrain Grand Prix,R,HUL,39.0,0 days 00:01:38.184000,4.0,clear_violation,TRACK LIMITS AT TURN 4 LAP 39 
2023,Bahrain Grand Prix,R,HUL,47.0,0 days 00:01:36.806000,4.0,clear_violation,TRACK LIMITS AT TURN 4 LAP 47 
2023,Bahrain Grand Prix,R,HUL,52.0,0 days 00:01:37.917000,4.0,clear_violation,TRACK LIMITS AT TURN 4 LAP 52 
2023,Bahrain Grand Prix,R,HUL,56.0,0 days 00:01:39.206000,13.0,clear_violation,TRACK LIMITS AT TURN 13 LAP 56 
2023,Bahrain Grand Prix,R,NOR,3.0,0 days 00:01:39.777000,4.0,clear_violation,TRACK LIMITS AT TURN 4 LAP 3 
2023,Bahrain Grand Prix,R,NOR,15.0,0 days 00:01:38.870000,4.0,clear_violation,TRACK LIMITS AT TURN 4 LAP 15 
2023,Bahrain Grand Prix,R,NOR,50.0,0 days 00:01:35.257000,7.0,clear_violation,TRACK LIMITS AT TURN 7 LAP 50 
2023,Bahrain Grand Prix,R,HAM,50.0,0 days 00:01:37.770000,8.0,clear_violation,TRACK LIMITS AT TURN 8 LAP 50 
2023,Bahrain Grand Prix,R,RUS,42.0,0 days 00:01:37.035000,13.0,clear_violation,TRACK LIMITS AT TURN 13 LAP 42 
2023,Bahrain Grand Prix,R,BOT,7.0,0 days 00:01:40.564000,4.0,clear_violation,TRACK LIMITS AT TURN 4 LAP 7 
2023,Bahrain Grand Prix,R,RUS,,,10.0,no_advantage,CAR 63 (RUS) OFF TRACK AND CONTINUED AT TURN 10
2023,Bahrain Grand Prix,R,STR,,,10.0,no_advantage,CAR 18 (STR) OFF TRACK AND CONTINUED AT TURN 10
2023,Saudi Arabian Grand Prix,FP1,ALB,,,8.0,no_advantage,CAR 23 (ALB) OFF TRACK AND CONTINUED AT TURN 8
2023,Saudi Arabian Grand Prix,Q,HAM,20.0,0 days 00:01:29.248000,27.0,clear_violation,TRACK LIMITS AT TURN 27 LAP 21 
2023,Saudi Arabian Grand Prix,Q,HUL,13.0,0 days 00:01:29.468000,27.0,clear_violation,TRACK LIMITS AT TURN 27 LAP 14 
2023,Saudi Arabian Grand Prix,Q,MAG,16.0,0 days 00:01:29.517000,27.0,clear_violation,TRACK LIMITS AT TURN 27 LAP 17 
2023,Saudi Arabian Grand Prix,Q,SAR,2.0,0 days 00:01:29.721000,27.0,clear_violation,TRACK LIMITS AT TURN 27 LAP 3 
2023,Saudi Arabian Grand Prix,R,VER,5.0,0 days 00:01:35.359000,23.0,clear_violation,TRACK LIMITS AT TURN 23 LAP 5 
2023,Saudi Arabian Grand Prix,R,VER,37.0,0 days 00:01:32.496000,23.0,clear_violation,TRACK LIMITS AT TURN 23 LAP 37 
2023,Saudi Arabian Grand Prix,R,PER,37.0,0 days 00:01:32.638000,23.0,clear_violation,TRACK LIMITS AT TURN 23 LAP 37 
2023,Saudi Arabian Grand Prix,R,LEC,31.0,0 days 00:01:34.082000,23.0,clear_violation,TRACK LIMITS AT TURN 23 LAP 31 
2023,Saudi Arabian Grand Prix,R,LEC,32.0,0 days 00:01:34.701000,2.0,clear_violation,TRACK LIMITS AT TURN 2 LAP 32 
2023,Saudi Arabian Grand Prix,R,STR,12.0,0 days 00:01:36.522000,5.0,clear_violation,TRACK LIMITS AT TURN 5 LAP 12 
2023,Saudi Arabian Grand Prix,R,SAR,5.0,0 days 00:01:36.881000,23.0,clear_violation,TRACK LIMITS AT TURN 23 LAP 5 
2023,Saudi Arabian Grand Prix,R,MAG,4.0,0 days 00:01:37.098000,23.0,clear_violation,TRACK LIMITS AT TURN 23 LAP 4 
2023,Saudi Arabian Grand Prix,R,MAG,23.0,0 days 00:01:35.702000,23.0,clear_violation,TRACK LIMITS AT TURN 23 LAP 23 
2023,Saudi Arabian Grand Prix,R,ALB,5.0,0 days 00:01:37.108000,23.0,clear_violation,TRACK LIMITS AT TURN 23 LAP 5 
2023,Saudi Arabian Grand Prix,R,ALB,26.0,0 days 00:01:38.229000,23.0,clear_violation,TRACK LIMITS AT TURN 23 LAP 26 
2023,Saudi Arabian Grand Prix,R,ZHO,22.0,0 days 00:01:37.391000,2.0,clear_violation,TRACK LIMITS AT TURN 2 LAP 22 
2023,Saudi Arabian Grand Prix,R,HUL,9.0,0 days 00:01:36.613000,23.0,clear_violation,TRACK LIMITS AT TURN 23 LAP 9 
2023,Saudi Arabian Grand Prix,R,NOR,32.0,0 days 00:01:35.478000,23.0,clear_violation,TRACK LIMITS AT TURN 23 LAP 32 
2023,Saudi Arabian Grand Prix,R,SAI,16.0,0 days 00:01:53.399000,23.0,clear_violation,TRACK LIMITS AT TURN 23 LAP 16 
2023,Saudi Arabian Grand Prix,R,PIA,43.0,0 days 00:01:35.257000,23.0,clear_violation,TRACK LIMITS AT TURN 23 LAP 43 
2023,Australian Grand Prix,FP1,MAG,,,3.0,no_advantage,CAR 20 (MAG) OFF TRACK AND CONTINUED AT TURN 3
2023,Australian Grand Prix,FP1,TSU,,,1.0,no_advantage,CAR 22 (TSU) OFF TRACK AND CONTINUED AT TURN 1
2023,Australian Grand Prix,FP1,DEV,,,13.0,no_advantage,CAR 21 (DEV) OFF TRACK AND CONTINUED AT TURN 13
2023,Australian Grand Prix,FP2,NOR,,,1.0,no_advantage,CAR 4 (NOR) OFF TRACK AND CONTINUED AT TURN 1
2023,Australian Grand Prix,FP2,STR,,,3.0,no_advantage,CAR 18 (STR) OFF TRACK AND CONTINUED AT TURN 3
2023,Australian Grand Prix,FP3,MAG,,,13.0,no_advantage,CAR 20 (MAG) OFF TRACK AND CONTINUED AT TURN 13
2023,Australian Grand Prix,FP3,PER,,,3.0,no_advantage,CAR 11 (PER) OFF TRACK AND CONTINUED AT TURN 3
2023,Australian Grand Prix,FP3,PER,,,1.0,no_advantage,CAR 11 (PER) OFF TRACK AND CONTINUED AT TURN 1
2023,Australian Grand Prix,Q,VER,11.0,0 days 00:01:35.777000,1.0,clear_violation,TRACK LIMITS AT TURN 1 LAP 12 
2023,Australian Grand Prix,Q,HAM,7.0,0 days 00:01:51.797000,9.0,clear_violation,TRACK LIMITS AT TURN 9 LAP 8 
2023,Australian Grand Prix,Q,NOR,9.0,0 days 00:01:37.388000,6.0,clear_violation,TRACK LIMITS AT TURN 6 LAP 10 
2023,Australian Grand Prix,Q,NOR,16.0,0 days 00:01:40.322000,3.0,clear_violation,TRACK LIMITS AT TURN 3 LAP 17 
2023,Australian Grand Prix,R,VER,47.0,0 days 00:01:24.107000,13.0,clear_violation,TRACK LIMITS AT TURN 13 LAP 47 
2023,Australian Grand Prix,R,VER,,,13.0,no_advantage,CAR 1 (VER) OFF TRACK AND CONTINUED AT TURN 13
2023,Australian Grand Prix,R,HUL,,,12.0,no_advantage,CAR 27 (HUL) OFF TRACK AND CONTINUED AT TURN 12
2023,Azerbaijan Grand Prix,FP1,NOR,,,1.0,no_advantage,CAR 4 (NOR) OFF TRACK AND CONTINUED AT TURN 1
2023,Azerbaijan Grand Prix,FP1,MAG,,,1.0,no_advantage,CAR 20 (MAG) OFF TRACK AND CONTINUED AT TURN 1
2023,Azerbaijan Grand Prix,FP1,SAR,,,1.0,no_advantage,CAR 2 (SAR) OFF TRACK AND CONTINUED AT TURN 1
2023,Azerbaijan Grand Prix,FP1,GAS,,,1.0,no_advantage,CAR 10 (GAS) OFF TRACK AND CONTINUED AT TURN 1
2023,Azerbaijan Grand Prix,FP1,LEC,,,7.0,no_advantage,CAR 16 (LEC) OFF TRACK AND CONTINUED AT TURN 7
2023,Azerbaijan Grand Prix,FP1,LEC,,,2.0,no_advantage,CAR 16 (LEC) OFF TRACK AND CONTINUED AT TURN 2
2023,Azerbaijan Grand Prix,Q,BOT,17.0,0 days 00:02:06.656000,3.0,clear_violation,TRACK LIMITS AT TURN 3 LAP 18 
2023,Azerbaijan Grand Prix,Q,ZHO,,,1.0,no_advantage,CAR 24 (ZHO) OFF TRACK AND CONTINUED AT TURN 1
2023,Azerbaijan Grand Prix,Q,SAI,,,3.0,no_advantage,CAR 55 (SAI) OFF TRACK AND CONTINUED AT TURN 3
2023,Azerbaijan Grand Prix,R,STR,19.0,0 days 00:01:48.008000,16.0,clear_violation,TRACK LIMITS AT TURN 16 LAP 19 
2023,Miami Grand Prix,FP1,HAM,,,4.0,no_advantage,CAR 44 (HAM) OFF TRACK AND CONTINUED AT TURN 4
2023,Miami Grand Prix,FP1,PIA,,,15.0,no_advantage,CAR 81 (PIA) OFF TRACK AND CONTINUED AT TURN 15
2023,Miami Grand Prix,FP1,TSU,,,6.0,no_advantage,CAR 22 (TSU) OFF TRACK AND CONTINUED AT TURN 6
2023,Miami Grand Prix,FP1,ALB,,,17.0,no_advantage,CAR 23 (ALB) OFF TRACK AND CONTINUED AT TURN 17
2023,Miami Grand Prix,FP1,GAS,,,7.0,no_advantage,CAR 10 (GAS) OFF TRACK AND CONTINUED AT TURN 7
2023,Miami Grand Prix,FP1,STR,,,6.0,no_advantage,CAR 18 (STR) OFF TRACK AND CONTINUED AT TURN 6
2023,Miami Grand Prix,FP2,ALB,,,17.0,no_advantage,CAR 23 (ALB) OFF TRACK AND CONTINUED AT TURN 17
2023,Miami Grand Prix,FP3,ALB,,,17.0,no_advantage,CAR 23 (ALB) OFF TRACK AND CONTINUED AT TURN 17
2023,Miami Grand Prix,FP3,ALO,,,17.0,no_advantage,CAR 14 (ALO) OFF TRACK AND CONTINUED AT TURN 17
2023,Miami Grand Prix,FP3,HUL,,,7.0,no_advantage,CAR 27 (HUL) OFF TRACK AND CONTINUED AT TURN 7
2023,Miami Grand Prix,FP3,NOR,,,4.0,no_advantage,CAR 4 (NOR) OFF TRACK AND CONTINUED AT TURN 4
2023,Miami Grand Prix,R,SAI,33.0,0 days 00:01:34.440000,7.0,clear_violation,TRACK LIMITS AT TURN 7 LAP 33 
2023,Miami Grand Prix,R,OCO,5.0,0 days 00:01:33.355000,15.0,clear_violation,TRACK LIMITS AT TURN 15 LAP 5 
2023,Miami Grand Prix,R,MAG,35.0,0 days 00:01:32.958000,15.0,clear_violation,TRACK LIMITS AT TURN 15 LAP 35 
2023,Miami Grand Prix,R,STR,22.0,0 days 00:01:34.178000,11.0,clear_violation,TRACK LIMITS AT TURN 11 LAP 22 
2023,Miami Grand Prix,R,ALB,27.0,0 days 00:01:32.070000,6.0,clear_violation,TRACK LIMITS AT TURN 6 LAP 27 
2023,Miami Grand Prix,R,ALB,33.0,0 days 00:01:32.681000,6.0,clear_violation,TRACK LIMITS AT TURN 6 LAP 33 
2023,Miami Grand Prix,R,SAR,34.0,0 days 00:01:33.103000,15.0,clear_violation,TRACK LIMITS AT TURN 15 LAP 34 
2023,Monaco Grand Prix,Q,LEC,10.0,0 days 00:01:49.645000,11.0,clear_violation,TRACK LIMITS AT TURN 11 LAP 11 
2023,Monaco Grand Prix,Q,SAI,1.0,0 days 00:01:52.924000,10.0,clear_violation,TRACK LIMITS AT TURN 10 LAP 2 
2023,Monaco Grand Prix,Q,HAM,11.0,0 days 00:01:30.960000,10.0,clear_violation,TRACK LIMITS AT TURN 10 LAP 12 
2023,Monaco Grand Prix,Q,GAS,20.0,0 days 00:01:33.208000,10.0,clear_violation,TRACK LIMITS AT TURN 10 LAP 21 
2023,Monaco Grand Prix,Q,RUS,10.0,0 days 00:01:25.302000,10.0,clear_violation,TRACK LIMITS AT TURN 10 LAP 11 
2023,Monaco Grand Prix,Q,TSU,14.0,0 days 00:01:37.202000,10.0,clear_violation,TRACK LIMITS AT TURN 10 LAP 15 
2023,Monaco Grand Prix,Q,PER,3.0,0 days 00:01:55.938000,10.0,clear_violation,TRACK LIMITS AT TURN 10 LAP 4 
2023,Monaco Grand Prix,R,GAS,53.0,0 days 00:01:35.781000,10.0,clear_violation,TRACK LIMITS AT TURN 10 LAP 53 
2023,Monaco Grand Prix,R,GAS,66.0,0 days 00:01:36.252000,10.0,clear_violation,TRACK LIMITS AT TURN 10 LAP 66 
2023,Monaco Grand Prix,R,PER,31.0,0 days 00:01:19.292000,10.0,clear_violation,TRACK LIMITS AT TURN 10 LAP 31 
2023,Monaco Grand Prix,R,PER,59.0,0 days 00:01:40.595000,10.0,clear_violation,TRACK LIMITS AT TURN 10 LAP 59 
2023,Monaco Grand Prix,R,ALO,53.0,0 days 00:01:30.862000,10.0,clear_violation,TRACK LIMITS AT TURN 10 LAP 53 
2023,Monaco Grand Prix,R,ALO,55.0,0 days 00:02:06.635000,10.0,clear_violation,TRACK LIMITS AT TURN 10 LAP 55 
2023,Monaco Grand Prix,R,ALO,57.0,0 days 00:01:42.581000,16.0,clear_violation,TRACK LIMITS AT TURN 16 LAP 57 
2023,Monaco Grand Prix,R,SAR,69.0,0 days 00:01:33.193000,10.0,clear_violation,TRACK LIMITS AT TURN 10 LAP 69 
2023,Monaco Grand Prix,R,MAG,36.0,0 days 00:01:20.942000,10.0,clear_violation,TRACK LIMITS AT TURN 10 LAP 36 
2023,Monaco Grand Prix,R,MAG,45.0,0 days 00:01:18.920000,10.0,clear_violation,TRACK LIMITS AT TURN 10 LAP 45 
2023,Monaco Grand Prix,R,MAG,55.0,0 days 00:02:07.055000,11.0,clear_violation,TRACK LIMITS AT TURN 11 LAP 55 
2023,Monaco Grand Prix,R,DEV,58.0,0 days 00:01:43.778000,10.0,clear_violation,TRACK LIMITS AT TURN 10 LAP 58 
2023,Monaco Grand Prix,R,DEV,65.0,0 days 00:01:36.475000,10.0,clear_violation,TRACK LIMITS AT TURN 10 LAP 65 
2023,Monaco Grand Prix,R,ALB,15.0,0 days 00:01:20.892000,10.0,clear_violation,TRACK LIMITS AT TURN 10 LAP 15 
2023,Monaco Grand Prix,R,ALB,51.0,0 days 00:01:29.941000,11.0,clear_violation,TRACK LIMITS AT TURN 11 LAP 51 
2023,Monaco Grand Prix,R,ALB,58.0,0 days 00:01:46.101000,11.0,clear_violation,TRACK LIMITS AT TURN 11 LAP 58 
2023,Monaco Grand Prix,R,ALB,73.0,0 days 00:01:32.141000,10.0,clear_violation,TRACK LIMITS AT TURN 10 LAP 73 
2023,Monaco Grand Prix,R,ZHO,19.0,0 days 00:01:22.387000,1.0,clear_violation,TRACK LIMITS AT TURN 1 LAP 19 
2023,Monaco Grand Prix,R,ZHO,51.0,0 days 00:01:30.253000,10.0,clear_violation,TRACK LIMITS AT TURN 10 LAP 51 
2023,Monaco Grand Prix,R,HUL,3.0,0 days 00:01:17.221000,10.0,clear_violation,TRACK LIMITS AT TURN 10 LAP 3 
2023,Monaco Grand Prix,R,HUL,53.0,0 days 00:01:40.881000,10.0,clear_violation,TRACK LIMITS AT TURN 10 LAP 53 
2023,Monaco Grand Prix,R,OCO,11.0,0 days 00:01:18.271000,10.0,clear_violation,TRACK LIMITS AT TURN 10 LAP 11 
2023,Monaco Grand Prix,R,OCO,52.0,0 days 00:01:26.990000,10.0,clear_violation,TRACK LIMITS AT TURN 10 LAP 52 
2023,Monaco Grand Prix,R,NOR,60.0,0 days 00:01:41.789000,11.0,clear_violation,TRACK LIMITS AT TURN 11 LAP 60 
2023,Monaco Grand Prix,R,SAI,11.0,0 days 00:01:18.265000,11.0,clear_violation,TRACK LIMITS AT TURN 11 LAP 11 
2023,Monaco Grand Prix,R,SAI,52.0,0 days 00:01:26.201000,10.0,clear_violation,TRACK LIMITS AT TURN 10 LAP 52 
2023,Monaco Grand Prix,R,PIA,61.0,0 days 00:01:41.089000,10.0,clear_violation,TRACK LIMITS AT TURN 10 LAP 61 
2023,Spanish Grand Prix,FP2,RUS,,,10.0,no_advantage,CAR 63 (RUS) OFF TRACK AND CONTINUED AT TURN 10
2023,Spanish Grand Prix,FP3,STR,,,5.0,no_advantage,CAR 18 (STR) OFF TRACK AND CONTINUED AT TURN 5
2023,Spanish Grand Prix,Q,HUL,2.0,0 days 00:01:14.006000,5.0,clear_violation,TRACK LIMITS AT TURN 5 LAP 3 
2023,Spanish Grand Prix,Q,PER,15.0,0 days 00:02:08.539000,5.0,clear_violation,TRACK LIMITS AT TURN 5 LAP 16 
2023,Spanish Grand Prix,Q,TSU,18.0,0 days 00:01:13.316000,5.0,clear_violation,TRACK LIMITS AT TURN 5 LAP 19 
2023,Spanish Grand Prix,Q,LEC,4.0,0 days 00:01:51.165000,2.0,clear_violation,TRACK LIMITS AT TURN 2 LAP 5 
2023,Spanish Grand Prix,Q,TSU,,,12.0,no_advantage,CAR 22 (TSU) OFF TRACK AND CONTINUED AT TURN 12
2023,Spanish Grand Prix,Q,ALO,,,14.0,no_advantage,CAR 14 (ALO) OFF TRACK AND CONTINUED AT TURN 14
2023,Spanish Grand Prix,Q,DEV,,,12.0,no_advantage,CAR 21 (DEV) OFF TRACK AND CONTINUED AT TURN 12
2023,Spanish Grand Prix,Q,PER,,,5.0,no_advantage,CAR 11 (PER) OFF TRACK AND CONTINUED AT TURN 5
2023,Spanish Grand Prix,R,VER,39.0,0 days 00:01:19.322000,5.0,clear_violation,TRACK LIMITS AT TURN 5 LAP 39 
2023,Spanish Grand Prix,R,VER,45.0,0 days 00:01:19.104000,5.0,clear_violation,TRACK LIMITS AT TURN 5 LAP 45 
2023,Spanish Grand Prix,R,VER,56.0,0 days 00:01:17.183000,10.0,clear_violation,TRACK LIMITS AT TURN 10 LAP 56 
2023,Spanish Grand Prix,R,ALO,34.0,0 days 00:01:20.634000,13.0,clear_violation,TRACK LIMITS AT TURN 13 LAP 34 
2023,Spanish Grand Prix,R,ZHO,56.0,0 days 00:01:20.335000,2.0,clear_violation,TRACK LIMITS AT TURN 2 LAP 56 
2023,Spanish Grand Prix,R,HUL,22.0,0 days 00:01:20.991000,9.0,clear_violation,TRACK LIMITS AT TURN 9 LAP 22 
2023,Spanish Grand Prix,R,NOR,41.0,0 days 00:01:20.992000,9.0,clear_violation,TRACK LIMITS AT TURN 9 LAP 41 
2023,Spanish Grand Prix,R,MAG,4.0,0 days 00:01:22.097000,2.0,clear_violation,TRACK LIMITS AT TURN 2 LAP 4 
2023,Spanish Grand Prix,R,MAG,37.0,0 days 00:01:21.792000,9.0,clear_violation,TRACK LIMITS AT TURN 9 LAP 37 
2023,Canadian Grand Prix,FP2,NOR,,,1.0,no_advantage,CAR 4 (NOR) OFF TRACK AND CONTINUED AT TURN 1
2023,Canadian Grand Prix,FP2,ALB,,,1.0,no_advantage,CAR 23 (ALB) OFF TRACK AND CONTINUED AT TURN 1
2023,Canadian Grand Prix,FP2,SAI,,,13.0,no_advantage,CAR 55 (SAI) OFF TRACK AND CONTINUED AT TURN 13
2023,Canadian Grand Prix,FP2,NOR,,,13.0,no_advantage,CAR 4 (NOR) OFF TRACK AND CONTINUED AT TURN 13
2023,Canadian Grand Prix,FP3,ALB,,,13.0,no_advantage,CAR 23 (ALB) OFF TRACK AND CONTINUED AT TURN 13
2023,Canadian Grand Prix,FP3,STR,,,13.0,no_advantage,CAR 18 (STR) OFF TRACK AND CONTINUED AT TURN 13
2023,Canadian Grand Prix,FP3,ALO,,,13.0,no_advantage,CAR 14 (ALO) OFF TRACK AND CONTINUED AT TURN 13
2023,Canadian Grand Prix,FP3,HUL,,,9.0,no_advantage,CAR 27 (HUL) OFF TRACK AND CONTINUED AT TURN 9
2023,Canadian Grand Prix,FP3,GAS,,,10.0,no_advantage,CAR 10 (GAS) OFF TRACK AND CONTINUED AT TURN 10
2023,Canadian Grand Prix,FP3,PER,,,1.0,no_advantage,CAR 11 (PER) OFF TRACK AND CONTINUED AT TURN 1
2023,Canadian Grand Prix,FP3,OCO,,,3.0,no_advantage,CAR 31 (OCO) OFF TRACK AND CONTINUED AT TURN 3
2023,Canadian Grand Prix,FP3,HAM,,,1.0,no_advantage,CAR 44 (HAM) OFF TRACK AND CONTINUED AT TURN 1
2023,Canadian Grand Prix,FP3,ALB,,,2.0,no_advantage,CAR 23 (ALB) OFF TRACK AND CONTINUED AT TURN 2
2023,Canadian Grand Prix,FP3,ZHO,,,3.0,no_advantage,CAR 24 (ZHO) OFF TRACK AND CONTINUED AT TURN 3
2023,Canadian Grand Prix,FP3,RUS,,,9.0,no_advantage,CAR 63 (RUS) OFF TRACK AND CONTINUED AT TURN 9
2023,Canadian Grand Prix,Q,HAM,5.0,0 days 00:01:27.179000,4.0,clear_violation,TRACK LIMITS AT TURN 4 LAP 6 
2023,Canadian Grand Prix,Q,HAM,14.0,0 days 00:01:23.102000,14.0,clear_violation,TRACK LIMITS AT TURN 14 LAP 15 
2023,Canadian Grand Prix,Q,SAI,7.0,0 days 00:01:32.735000,9.0,clear_violation,TRACK LIMITS AT TURN 9 LAP 8 
2023,Canadian Grand Prix,Q,SAI,25.0,0 days 00:01:37.132000,2.0,clear_violation,TRACK LIMITS AT TURN 2 LAP 26 
2023,Canadian Grand Prix,Q,ALB,21.0,0 days 00:01:30.284000,14.0,clear_violation,TRACK LIMITS AT TURN 14 LAP 22 
2023,Canadian Grand Prix,Q,ALB,23.0,0 days 00:01:45.574000,13.0,clear_violation,TRACK LIMITS AT TURN 13 LAP 24 
2023,Canadian Grand Prix,Q,LEC,3.0,0 days 00:01:31.585000,9.0,clear_violation,TRACK LIMITS AT TURN 9 LAP 4 
2023,Canadian Grand Prix,Q,LEC,18.0,0 days 00:01:21.440000,14.0,clear_violation,TRACK LIMITS AT TURN 14 LAP 19 
2023,Canadian Grand Prix,Q,PER,4.0,0 days 00:01:26.808000,9.0,clear_violation,TRACK LIMITS AT TURN 9 LAP 5 
2023,Canadian Grand Prix,Q,PER,21.0,0 days 00:01:24.807000,14.0,clear_violation,TRACK LIMITS AT TURN 14 LAP 22 
2023,Canadian Grand Prix,Q,MAG,7.0,0 days 00:01:42.135000,9.0,clear_violation,TRACK LIMITS AT TURN 9 LAP 8 
2023,Canadian Grand Prix,Q,MAG,18.0,0 days 00:01:24.155000,,clear_violation,TRACK LIMITS AT PIT ENTRY LAP 19 
2023,Canadian Grand Prix,Q,GAS,9.0,0 days 00:01:24.344000,14.0,clear_violation,TRACK LIMITS AT TURN 14 LAP 10 
2023,Canadian Grand Prix,Q,DEV,3.0,0 days 00:01:49.565000,9.0,clear_violation,TRACK LIMITS AT TURN 9 LAP 4 
2023,Canadian Grand Prix,R,ALO,47.0,0 days 00:01:17.367000,9.0,clear_violation,TRACK LIMITS AT TURN 9 LAP 47 
2023,Canadian Grand Prix,R,DEV,4.0,0 days 00:01:19.152000,13.0,clear_violation,TRACK LIMITS AT TURN 13 LAP 4 
2023,Canadian Grand Prix,R,ALB,22.0,0 days 00:01:18.868000,13.0,clear_violation,TRACK LIMITS AT TURN 13 LAP 22 
2023,Canadian Grand Prix,R,ZHO,42.0,0 days 00:01:19.675000,13.0,clear_violation,TRACK LIMITS AT TURN 13 LAP 42 
2023,Canadian Grand Prix,R,NOR,70.0,0 days 00:01:19.040000,13.0,clear_violation,TRACK LIMITS AT TURN 13 LAP 70 
2023,Canadian Grand Prix,R,SAI,56.0,0 days 00:01:16.357000,9.0,clear_violation,TRACK LIMITS AT TURN 9 LAP 56 
2023,Canadian Grand Prix,R,PIA,19.0,0 days 00:01:18.501000,13.0,clear_violation,TRACK LIMITS AT TURN 13 LAP 19 
2023,Canadian Grand Prix,R,PIA,70.0,0 days 00:01:17.296000,13.0,clear_violation,TRACK LIMITS AT TURN 13 LAP 70 
2023,Austrian Grand Prix,FP1,SAI,,,1.0,no_advantage,CAR 55 (SAI) OFF TRACK AND CONTINUED AT TURN 1
2023,Austrian Grand Prix,FP1,BOT,,,1.0,no_advantage,CAR 77 (BOT) OFF TRACK AND CONTINUED AT TURN 1
2023,Austrian Grand Prix,FP1,TSU,,,3.0,no_advantage,CAR 22 (TSU) OFF TRACK AND CONTINUED AT TURN 3
2023,Austrian Grand Prix,FP1,LEC,,,3.0,no_advantage,CAR 16 (LEC) OFF TRACK AND CONTINUED AT TURN 3
2023,Austrian Grand Prix,FP1,SAR,,,3.0,no_advantage,CAR 2 (SAR) OFF TRACK AND CONTINUED AT TURN 3
2023,Austrian Grand Prix,Q,VER,2.0,0 days 00:01:05.190000,10.0,clear_violation,TRACK LIMITS AT TURN 10 LAP 3 
2023,Austrian Grand Prix,Q,VER,3.0,0 days 00:02:17.209000,10.0,clear_violation,TRACK LIMITS AT TURN 10 (NEXT LAP)
2023,Austrian Grand Prix,Q,VER,14.0,0 days 00:01:04.955000,10.0,clear_violation,TRACK LIMITS AT TURN 10 LAP 15 
2023,Austrian Grand Prix,Q,VER,15.0,0 days 00:02:10.585000,10.0,clear_violation,TRACK LIMITS AT TURN 10 (NEXT LAP)
2023,Austrian Grand Prix,Q,SAI,2.0,0 days 00:01:06.496000,6.0,clear_violation,TRACK LIMITS AT TURN 6 LAP 3 
2023,Austrian Grand Prix,Q,SAI,9.0,0 days 00:01:05.815000,9.0,clear_violation,TRACK LIMITS AT TURN 9 LAP 10 
2023,Austrian Grand Prix,Q,NOR,2.0,0 days 00:01:05.946000,10.0,clear_violation,TRACK LIMITS AT TURN 10 LAP 3 
2023,Austrian Grand Prix,Q,NOR,3.0,0 days 00:02:13.805000,10.0,clear_violation,TRACK LIMITS AT TURN 10 (NEXT LAP)
2023,Austrian Grand Prix,Q,NOR,9.0,0 days 00:01:05.179000,10.0,clear_violation,TRACK LIMITS AT TURN 10 LAP 10 
2023,Austrian Grand Prix,Q,NOR,10.0,0 days 00:02:05.873000,10.0,clear_violation,TRACK LIMITS AT TURN 10 (NEXT LAP)
2023,Austrian Grand Prix,Q,HAM,3.0,0 days 00:01:06.723000,10.0,clear_violation,TRACK LIMITS AT TURN 10 LAP 4 
2023,Austrian Grand Prix,Q,STR,12.0,0 days 00:01:05.177000,9.0,clear_violation,TRACK LIMITS AT TURN 9 LAP 13 
2023,Austrian Grand Prix,Q,STR,21.0,0 days 00:01:05.857000,9.0,clear_violation,TRACK LIMITS AT TURN 9 LAP 22 
2023,Austrian Grand Prix,Q,ALO,17.0,0 days 00:01:05.055000,9.0,clear_violation,TRACK LIMITS AT TURN 9 LAP 18 
2023,Austrian Grand Prix,Q,HUL,2.0,0 days 00:01:06.040000,9.0,clear_violation,TRACK LIMITS AT TURN 9 LAP 3 
2023,Austrian Grand Prix,Q,HUL,17.0,0 days 00:01:05.301000,6.0,clear_violation,TRACK LIMITS AT TURN 6 LAP 18 
2023,Austrian Grand Prix,Q,GAS,5.0,0 days 00:01:05.702000,10.0,clear_violation,TRACK LIMITS AT TURN 10 LAP 6 
2023,Austrian Grand Prix,Q,GAS,14.0,0 days 00:01:05.084000,10.0,clear_violation,TRACK LIMITS AT TURN 10 LAP 15 
2023,Austrian Grand Prix,Q,ALB,14.0,0 days 00:01:05.993000,10.0,clear_violation,TRACK LIMITS AT TURN 10 LAP 15 
2023,Austrian Grand Prix,Q,ALB,20.0,0 days 00:01:05.340000,9.0,clear_violation,TRACK LIMITS AT TURN 9 LAP 21 
2023,Austrian Grand Prix,Q,RUS,17.0,0 days 00:01:05.408000,9.0,clear_violation,TRACK LIMITS AT TURN 9 LAP 18 
2023,Austrian Grand Prix,Q,OCO,5.0,0 days 00:01:06.341000,10.0,clear_violation,TRACK LIMITS AT TURN 10 LAP 6 
2023,Austrian Grand Prix,Q,OCO,14.0,0 days 00:01:05.295000,10.0,clear_violation,TRACK LIMITS AT TURN 10 LAP 15 
2023,Austrian Grand Prix,Q,PIA,18.0,0 days 00:01:05.213000,9.0,clear_violation,TRACK LIMITS AT TURN 9 LAP 19 
2023,Austrian Grand Prix,Q,BOT,13.0,0 days 00:01:05.513000,10.0,clear_violation,TRACK LIMITS AT TURN 10 LAP 14 
2023,Austrian Grand Prix,Q,PER,12.0,0 days 00:01:05.028000,9.0,clear_violation,TRACK LIMITS AT TURN 9 LAP 13 
2023,Austrian Grand Prix,Q,PER,15.0,0 days 00:01:05.235000,9.0,clear_violation,TRACK LIMITS AT TURN 9 LAP 16 
2023,Austrian Grand Prix,Q,PER,18.0,0 days 00:01:04.990000,10.0,clear_violation,TRACK LIMITS AT TURN 10 LAP 19 
2023,Austrian Grand Prix,Q,TSU,9.0,0 days 00:01:05.863000,10.0,clear_violation,TRACK LIMITS AT TURN 10 LAP 10 
2023,Austrian Grand Prix,Q,ZHO,2.0,0 days 00:01:06.498000,10.0,clear_violation,TRACK LIMITS AT TURN 10 LAP 3 
2023,Austrian Grand Prix,Q,MAG,6.0,0 days 00:01:05.793000,10.0,clear_violation,TRACK LIMITS AT TURN 10 LAP 7 
2023,Austrian Grand Prix,Q,MAG,7.0,0 days 00:02:03.532000,10.0,clear_violation,TRACK LIMITS AT TURN 10 (NEXT LAP)
2023,Austrian Grand Prix,Q,DEV,6.0,0 days 00:01:06.058000,10.0,clear_violation,TRACK LIMITS AT TURN 10 LAP 7 
2023,Austrian Grand Prix,S,SAI,18.0,0 days 00:01:16.048000,9.0,clear_violation,TRACK LIMITS AT TURN 9 LAP 18 
2023,Austrian Grand Prix,S,NOR,16.0,0 days 00:01:16.224000,9.0,clear_violation,TRACK LIMITS AT TURN 9 LAP 16 
2023,Austrian Grand Prix,S,HAM,13.0,0 days 00:01:16.717000,9.0,clear_violation,TRACK LIMITS AT TURN 9 LAP 13 
2023,Austrian Grand Prix,S,HAM,16.0,0 days 00:01:16.088000,9.0,clear_violation,TRACK LIMITS AT TURN 9 LAP 16 
2023,Austrian Grand Prix,S,LEC,15.0,0 days 00:01:16.930000,10.0,clear_violation,TRACK LIMITS AT TURN 10 LAP 15 
2023,Austrian Grand Prix,S,LEC,16.0,0 days 00:01:16.471000,10.0,clear_violation,TRACK LIMITS AT TURN 10 (NEXT LAP)
2023,Austrian Grand Prix,S,GAS,23.0,0 days 00:01:17.481000,9.0,clear_violation,TRACK LIMITS AT TURN 9 LAP 23 
2023,Austrian Grand Prix,R,VER,65.0,0 days 00:01:08.878000,10.0,clear_violation,TRACK LIMITS AT TURN 10 LAP 65 
2023,Austrian Grand Prix,R,VER,66.0,0 days 00:01:08.601000,10.0,clear_violation,TRACK LIMITS AT TURN 10 (NEXT LAP)
2023,Austrian Grand Prix,R,GAS,6.0,0 days 00:01:11.213000,10.0,clear_violation,TRACK LIMITS AT TURN 10 LAP 6 
2023,Austrian Grand Prix,R,GAS,7.0,0 days 00:01:11.092000,10.0,clear_violation,TRACK LIMITS AT TURN 10 (NEXT LAP)
2023,Austrian Grand Prix,R,GAS,22.0,0 days 00:01:10.538000,9.0,clear_violation,TRACK LIMITS AT TURN 9 LAP 22 
2023,Austrian Grand Prix,R,GAS,25.0,0 days 00:01:10.541000,10.0,clear_violation,TRACK LIMITS AT TURN 10 LAP 25 
2023,Austrian Grand Prix,R,GAS,26.0,0 days 00:01:10.662000,10.0,clear_violation,TRACK LIMITS AT TURN 10 LAP 26 
2023,Austrian Grand Prix,R,GAS,27.0,0 days 00:01:10.649000,10.0,clear_violation,TRACK LIMITS AT TURN 10 LAP 27 
2023,Austrian Grand Prix,R,GAS,28.0,0 days 00:01:10.670000,10.0,clear_violation,TRACK LIMITS AT TURN 10 LAP 28 
2023,Austrian Grand Prix,R,GAS,29.0,0 days 00:01:11.188000,10.0,clear_violation,TRACK LIMITS AT TURN 10 (NEXT LAP)
2023,Austrian Grand Prix,R,PER,11.0,0 days 00:01:11.526000,9.0,clear_violation,TRACK LIMITS AT TURN 9 LAP 11 
2023,Austrian Grand Prix,R,PER,17.0,0 days 00:01:10.289000,10.0,clear_violation,TRACK LIMITS AT TURN 10 LAP 17 
2023,Austrian Grand Prix,R,PER,18.0,0 days 00:01:10.399000,10.0,clear_violation,TRACK LIMITS AT TURN 10 (NEXT LAP)
2023,Austrian Grand Prix,R,PER,61.0,0 days 00:01:09.188000,9.0,clear_violation,TRACK LIMITS AT TURN 9 LAP 61 
2023,Austrian Grand Prix,R,ALO,4.0,0 days 00:01:11.892000,10.0,clear_violation,TRACK LIMITS AT TURN 10 LAP 4 
2023,Austrian Grand Prix,R,ALO,5.0,0 days 00:01:11.059000,10.0,clear_violation,TRACK LIMITS AT TURN 10 (NEXT LAP)
2023,Austrian Grand Prix,R,LEC,5.0,0 days 00:01:10.416000,9.0,clear_violation,TRACK LIMITS AT TURN 9 LAP 5 
2023,Austrian Grand Prix,R,LEC,8.0,0 days 00:01:10.416000,9.0,clear_violation,TRACK LIMITS AT TURN 9 LAP 5 
2023,Austrian Grand Prix,R,LEC,32.0,0 days 00:01:10.416000,9.0,clear_violation,TRACK LIMITS AT TURN 9 LAP 5 
2023,Austrian Grand Prix,R,STR,6.0,0 days 00:01:11.287000,9.0,clear_violation,TRACK LIMITS AT TURN 9 LAP 6 
2023,Austrian Grand Prix,R,STR,10.0,0 days 00:01:11.037000,9.0,clear_violation,TRACK LIMITS AT TURN 9 LAP 10 
2023,Austrian Grand Prix,R,STR,33.0,0 days 00:01:11.187000,10.0,clear_violation,TRACK LIMITS AT TURN 10 LAP 33 
2023,Austrian Grand Prix,R,STR,34.0,0 days 00:01:11.045000,10.0,clear_violation,TRACK LIMITS AT TURN 10 (NEXT LAP)
2023,Austrian Grand Prix,R,SAR,15.0,0 days 00:01:46.237000,9.0,clear_violation,TRACK LIMITS AT TURN 9 LAP 15 
2023,Austrian Grand Prix,R,SAR,54.0,0 days 00:01:10.001000,10.0,clear_violation,TRACK LIMITS AT TURN 10 LAP 54 
2023,Austrian Grand Prix,R,SAR,55.0,0 days 00:01:10.337000,10.0,clear_violation,TRACK LIMITS AT TURN 10 (NEXT LAP)
2023,Austrian Grand Prix,R,SAR,57.0,0 days 00:01:10.084000,9.0,clear_violation,TRACK LIMITS AT TURN 9 LAP 57 
2023,Austrian Grand Prix,R,MAG,28.0,0 days 00:01:12.254000,10.0,clear_violation,TRACK LIMITS AT TURN 10 LAP 28 
2023,Austrian Grand Prix,R,MAG,29.0,0 days 00:01:12.188000,10.0,clear_violation,TRACK LIMITS AT TURN 10 (NEXT LAP)
2023,Austrian Grand Prix,R,MAG,42.0,0 days 00:01:10.416000,9.0,clear_violation,TRACK LIMITS AT TURN 9 LAP 42 
2023,Austrian Grand Prix,R,MAG,43.0,0 days 00:01:10.631000,10.0,clear_violation,TRACK LIMITS AT TURN 10 LAP 43 
2023,Austrian Grand Prix,R,MAG,44.0,0 days 00:01:10.680000,10.0,clear_violation,TRACK LIMITS AT TURN 10 (NEXT LAP)
2023,Austrian Grand Prix,R,MAG,57.0,0 days 00:01:14.147000,9.0,clear_violation,TRACK LIMITS AT TURN 9 LAP 57 
2023,Austrian Grand Prix,R,DEV,5.0,0 days 00:01:12.701000,9.0,clear_violation,TRACK LIMITS AT TURN 9 LAP 5 
2023,Austrian Grand Prix,R,DEV,21.0,0 days 00:01:11.292000,9.0,clear_violation,TRACK LIMITS AT TURN 9 LAP 21 
2023,Austrian Grand Prix,R,TSU,5.0,0 days 00:01:12.518000,10.0,clear_violation,TRACK LIMITS AT TURN 10 LAP 5 
2023,Austrian Grand Prix,R,TSU,6.0,0 days 00:01:11.940000,9.0,clear_violation,TRACK LIMITS AT TURN 9 LAP 6 
2023,Austrian Grand Prix,R,TSU,8.0,0 days 00:01:11.534000,9.0,clear_violation,TRACK LIMITS AT TURN 9 LAP 8 
2023,Austrian Grand Prix,R,TSU,9.0,0 days 00:01:11.725000,10.0,clear_violation,TRACK LIMITS AT TURN 10 LAP 9 
2023,Austrian Grand Prix,R,TSU,10.0,0 days 00:01:11.852000,10.0,clear_violation,TRACK LIMITS AT TURN 10 (NEXT LAP)
2023,Austrian Grand Prix,R,TSU,22.0,0 days 00:01:12.890000,9.0,clear_violation,TRACK LIMITS AT TURN 9 LAP 22 
2023,Austrian Grand Prix,R,TSU,47.0,0 days 00:01:10.496000,10.0,clear_violation,TRACK LIMITS AT TURN 10 LAP 47 
2023,Austrian Grand Prix,R,TSU,48.0,0 days 00:01:10.008000,10.0,clear_violation,TRACK LIMITS AT TURN 10 LAP 48 
2023,Austrian Grand Prix,R,TSU,49.0,0 days 00:01:10.040000,10.0,clear_violation,TRACK LIMITS AT TURN 10 (NEXT LAP)
2023,Austrian Grand Prix,R,TSU,62.0,0 days 00:01:10.698000,10.0,clear_violation,TRACK LIMITS AT TURN 10 LAP 62 
2023,Austrian Grand Prix,R,TSU,63.0,0 days 00:01:11.455000,10.0,clear_violation,TRACK LIMITS AT TURN 10 (NEXT LAP)
2023,Austrian Grand Prix,R,ALB,19.0,0 days 00:01:11.355000,9.0,clear_violation,TRACK LIMITS AT TURN 9 LAP 19 
2023,Austrian Grand Prix,R,ALB,20.0,0 days 00:01:11.305000,9.0,clear_violation,TRACK LIMITS AT TURN 9 LAP 20 
2023,Austrian Grand Prix,R,ALB,25.0,0 days 00:01:10.822000,10.0,clear_violation,TRACK LIMITS AT TURN 10 LAP 25 
2023,Austrian Grand Prix,R,ALB,26.0,0 days 00:01:10.898000,10.0,clear_violation,TRACK LIMITS AT TURN 10 LAP 26 
2023,Austrian Grand Prix,R,ALB,27.0,0 days 00:01:11.348000,10.0,clear_violation,TRACK LIMITS AT TURN 10 (NEXT LAP)
2023,Austrian Grand Prix,R,ALB,28.0,0 days 00:01:11.015000,10.0,clear_violation,TRACK LIMITS AT TURN 10 LAP 28 
2023,Austrian Grand Prix,R,ALB,29.0,0 days 00:01:11.016000,10.0,clear_violation,TRACK LIMITS AT TURN 10 (NEXT LAP)
2023,Austrian Grand Prix,R,HUL,8.0,0 days 00:01:12.213000,10.0,clear_violation,TRACK LIMITS AT TURN 10 LAP 8 
2023,Austrian Grand Prix,R,HUL,9.0,0 days 00:01:11.248000,9.0,clear_violation,TRACK LIMITS AT TURN 9 LAP 9 
2023,Austrian Grand Prix,R,HUL,10.0,0 days 00:01:11.254000,10.0,clear_violation,TRACK LIMITS AT TURN 10 LAP 10 
2023,Austrian Grand Prix,R,OCO,27.0,0 days 00:01:10.937000,10.0,clear_violation,TRACK LIMITS AT TURN 10 LAP 27 
2023,Austrian Grand Prix,R,OCO,28.0,0 days 00:01:10.877000,10.0,clear_violation,TRACK LIMITS AT TURN 10 (NEXT LAP)
2023,Austrian Grand Prix,R,OCO,38.0,0 days 00:01:11.585000,9.0,clear_violation,TRACK LIMITS AT TURN 9 LAP 38 
2023,Austrian Grand Prix,R,OCO,58.0,0 days 00:01:09.972000,10.0,clear_violation,TRACK LIMITS AT TURN 10 LAP 58 
2023,Austrian Grand Prix,R,OCO,59.0,0 days 00:01:09.992000,10.0,clear_violation,TRACK LIMITS AT TURN 10 (NEXT LAP)
2023,Austrian Grand Prix,R,NOR,28.0,0 days 00:01:09.947000,10.0,clear_violation,TRACK LIMITS AT TURN 10 LAP 28 
2023,Austrian Grand Prix,R,NOR,29.0,0 days 00:01:10.826000,10.0,clear_violation,TRACK LIMITS AT TURN 10 (NEXT LAP)
2023,Austrian Grand Prix,R,NOR,64.0,0 days 00:01:09.658000,10.0,clear_violation,TRACK LIMITS AT TURN 10 LAP 64 
2023,Austrian Grand Prix,R,NOR,65.0,0 days 00:01:09.870000,10.0,clear_violation,TRACK LIMITS AT TURN 10 (NEXT LAP)
2023,Austrian Grand Prix,R,HAM,4.0,0 days 00:01:10.981000,10.0,clear_violation,TRACK LIMITS AT TURN 10 LAP 4 
2023,Austrian Grand Prix,R,HAM,5.0,0 days 00:01:10.706000,10.0,clear_violation,TRACK LIMITS AT TURN 10 LAP 5 
2023,Austrian Grand Prix,R,HAM,6.0,0 days 00:01:10.746000,10.0,clear_violation,TRACK LIMITS AT TURN 10 LAP 6 
2023,Austrian Grand Prix,R,HAM,7.0,0 days 00:01:10.597000,10.0,clear_violation,TRACK LIMITS AT TURN 10 (NEXT LAP)
2023,Austrian Grand Prix,R,HAM,8.0,0 days 00:01:10.579000,10.0,clear_violation,TRACK LIMITS AT TURN 10 LAP 8 
2023,Austrian Grand Prix,R,HAM,9.0,0 days 00:01:10.598000,10.0,clear_violation,TRACK LIMITS AT TURN 10 LAP 9 
2023,Austrian Grand Prix,R,HAM,10.0,0 days 00:01:10.901000,10.0,clear_violation,TRACK LIMITS AT TURN 10 (NEXT LAP)
2023,Austrian Grand Prix,R,HAM,31.0,0 days 00:01:10.579000,10.0,clear_violation,TRACK LIMITS AT TURN 10 LAP 8 
2023,Austrian Grand Prix,R,SAI,5.0,0 days 00:01:10.409000,10.0,clear_violation,TRACK LIMITS AT TURN 10 LAP 5 
2023,Austrian Grand Prix,R,SAI,6.0,0 days 00:01:10.399000,10.0,clear_violation,TRACK LIMITS AT TURN 10 (NEXT LAP)
2023,Austrian Grand Prix,R,SAI,8.0,0 days 00:01:10.431000,10.0,clear_violation,TRACK LIMITS AT TURN 10 LAP 8 
2023,Austrian Grand Prix,R,SAI,9.0,0 days 00:01:10.288000,10.0,clear_violation,TRACK LIMITS AT TURN 10 (NEXT LAP)
2023,Austrian Grand Prix,R,SAI,10.0,0 days 00:01:10.570000,9.0,clear_violation,TRACK LIMITS AT TURN 9 LAP 10 
2023,Austrian Grand Prix,R,SAI,11.0,0 days 00:01:10.395000,9.0,clear_violation,TRACK LIMITS AT TURN 9 LAP 11 
2023,Austrian Grand Prix,R,SAI,17.0,0 days 00:01:09.129000,9.0,clear_violation,TRACK LIMITS AT TURN 9 LAP 17 
2023,Austrian Grand Prix,R,BOT,5.0,0 days 00:01:12.673000,9.0,clear_violation,TRACK LIMITS AT TURN 9 LAP 5 
2023,Austrian Grand Prix,R,PIA,12.0,0 days 00:01:11.339000,9.0,clear_violation,TRACK LIMITS AT TURN 9 LAP 12 
2023,British Grand Prix,FP1,ALB,,,15.0,no_advantage,CAR 23 (ALB) OFF TRACK AND CONTINUED AT TURN 15
2023,British Grand Prix,FP1,RUS,,,6.0,no_advantage,CAR 63 (RUS) OFF TRACK AND CONTINUED AT TURN 6
2023,British Grand Prix,FP2,HAM,,,16.0,no_advantage,CAR 44 (HAM) OFF TRACK AND CONTINUED AT TURN 16
2023,British Grand Prix,Q,VER,2.0,0 days 00:01:33.535000,15.0,clear_violation,TRACK LIMITS AT TURN 15 LAP 3 
2023,British Grand Prix,Q,NOR,3.0,0 days 00:02:00.681000,15.0,clear_violation,TRACK LIMITS AT TURN 15 LAP 4 
2023,British Grand Prix,Q,NOR,19.0,0 days 00:01:28.783000,15.0,clear_violation,TRACK LIMITS AT TURN 15 LAP 20 
2023,British Grand Prix,Q,PIA,3.0,0 days 00:01:34.531000,15.0,clear_violation,TRACK LIMITS AT TURN 15 LAP 4 
2023,British Grand Prix,Q,SAI,2.0,0 days 00:02:09.195000,15.0,clear_violation,TRACK LIMITS AT TURN 15 LAP 3 
2023,British Grand Prix,Q,HAM,2.0,0 days 00:01:55.058000,15.0,clear_violation,TRACK LIMITS AT TURN 15 LAP 3 
2023,British Grand Prix,Q,ALB,6.0,0 days 00:01:31.999000,15.0,clear_violation,TRACK LIMITS AT TURN 15 LAP 7 
2023,British Grand Prix,Q,HUL,5.0,0 days 00:01:32.223000,15.0,clear_violation,TRACK LIMITS AT TURN 15 LAP 6 
2023,British Grand Prix,Q,STR,15.0,0 days 00:01:29.704000,15.0,clear_violation,TRACK LIMITS AT TURN 15 LAP 16 
2023,British Grand Prix,Q,SAR,3.0,0 days 00:01:34.051000,15.0,clear_violation,TRACK LIMITS AT TURN 15 LAP 4 
2023,British Grand Prix,Q,SAR,13.0,0 days 00:01:31.104000,15.0,clear_violation,TRACK LIMITS AT TURN 15 LAP 14 
2023,British Grand Prix,Q,SAR,15.0,0 days 00:01:29.811000,9.0,clear_violation,TRACK LIMITS AT TURN 9 LAP 16 
2023,British Grand Prix,Q,DEV,2.0,0 days 00:01:36.078000,15.0,clear_violation,TRACK LIMITS AT TURN 15 LAP 3 
2023,British Grand Prix,Q,SAR,,,11.0,no_advantage,CAR 2 (SAR) OFF TRACK AND CONTINUED AT TURN 11
2023,British Grand Prix,R,PER,38.0,0 days 00:02:16.625000,15.0,clear_violation,TRACK LIMITS AT TURN 15 LAP 38 
2023,British Grand Prix,R,STR,10.0,0 days 00:01:34.007000,15.0,clear_violation,TRACK LIMITS AT TURN 15 LAP 10 
2023,British Grand Prix,R,STR,11.0,0 days 00:01:34.198000,15.0,clear_violation,TRACK LIMITS AT TURN 15 LAP 11 
2023,British Grand Prix,R,STR,39.0,0 days 00:01:32.306000,15.0,clear_violation,TRACK LIMITS AT TURN 15 LAP 39 
2023,British Grand Prix,R,SAR,16.0,0 days 00:01:33.771000,9.0,clear_violation,TRACK LIMITS AT TURN 9 LAP 16 
2023,British Grand Prix,R,MAG,14.0,0 days 00:01:35.024000,9.0,clear_violation,TRACK LIMITS AT TURN 9 LAP 14 
2023,British Grand Prix,R,MAG,20.0,0 days 00:01:33.935000,15.0,clear_violation,TRACK LIMITS AT TURN 15 LAP 20 
2023,British Grand Prix,R,MAG,27.0,0 days 00:01:33.935000,15.0,clear_violation,TRACK LIMITS AT TURN 15 LAP 20 
2023,British Grand Prix,R,DEV,10.0,0 days 00:01:33.985000,15.0,clear_violation,TRACK LIMITS AT TURN 15 LAP 10 
2023,British Grand Prix,R,ALB,10.0,0 days 00:01:34.045000,15.0,clear_violation,TRACK LIMITS AT TURN 15 LAP 10 
2023,British Grand Prix,R,HUL,7.0,0 days 00:01:34.412000,15.0,clear_violation,TRACK LIMITS AT TURN 15 LAP 7 
2023,British Grand Prix,R,NOR,13.0,0 days 00:01:32.986000,15.0,clear_violation,TRACK LIMITS AT TURN 15 LAP 13 
2023,British Grand Prix,R,NOR,14.0,0 days 00:01:33.670000,9.0,clear_violation,TRACK LIMITS AT TURN 9 LAP 14 
2023,British Grand Prix,R,NOR,47.0,0 days 00:01:31.593000,15.0,clear_violation,TRACK LIMITS AT TURN 15 LAP 47 
2023,British Grand Prix,R,RUS,14.0,0 days 00:01:33.729000,9.0,clear_violation,TRACK LIMITS AT TURN 9 LAP 14 
2023,British Grand Prix,R,RUS,45.0,0 days 00:01:31.718000,15.0,clear_violation,TRACK LIMITS AT TURN 15 LAP 45 
2023,British Grand Prix,R,RUS,46.0,0 days 00:01:31.984000,15.0,clear_violation,TRACK LIMITS AT TURN 15 LAP 46 
2023,Hungarian Grand Prix,FP1,ALB,,,4.0,no_advantage,CAR 23 (ALB) OFF TRACK AND CONTINUED AT TURN 4
2023,Hungarian Grand Prix,FP1,HUL,,,4.0,no_advantage,CAR 27 (HUL) OFF TRACK AND CONTINUED AT TURN 4
2023,Hungarian Grand Prix,FP1,SAR,,,4.0,no_advantage,CAR 2 (SAR) OFF TRACK AND CONTINUED AT TURN 4
2023,Hungarian Grand Prix,FP1,NOR,,,3.0,no_advantage,CAR 4 (NOR) OFF TRACK AND CONTINUED AT TURN 3
2023,Hungarian Grand Prix,FP1,TSU,,,5.0,no_advantage,CAR 22 (TSU) OFF TRACK AND CONTINUED AT TURN 5
2023,Hungarian Grand Prix,FP3,LEC,,,14.0,no_advantage,CAR 16 (LEC) OFF TRACK AND CONTINUED AT TURN 14
2023,Hungarian Grand Prix,Q,VER,11.0,0 days 00:01:17.296000,5.0,clear_violation,TRACK LIMITS AT TURN 5 LAP 12 
2023,Hungarian Grand Prix,Q,NOR,8.0,0 days 00:01:18.209000,5.0,clear_violation,TRACK LIMITS AT TURN 5 LAP 9 
2023,Hungarian Grand Prix,Q,PIA,2.0,0 days 00:01:19.233000,12.0,clear_violation,TRACK LIMITS AT TURN 12 LAP 3 
2023,Hungarian Grand Prix,Q,ZHO,4.0,0 days 00:01:19.412000,5.0,clear_violation,TRACK LIMITS AT TURN 5 LAP 5 
2023,Hungarian Grand Prix,Q,ZHO,9.0,0 days 00:01:19.933000,4.0,clear_violation,TRACK LIMITS AT TURN 4 LAP 10 
2023,Hungarian Grand Prix,Q,ZHO,18.0,0 days 00:01:17.548000,12.0,clear_violation,TRACK LIMITS AT TURN 12 LAP 19 
2023,Hungarian Grand Prix,Q,PER,16.0,0 days 00:01:20.346000,4.0,clear_violation,TRACK LIMITS AT TURN 4 LAP 17 
2023,Hungarian Grand Prix,Q,STR,12.0,0 days 00:01:17.861000,12.0,clear_violation,TRACK LIMITS AT TURN 12 LAP 13 
2023,Hungarian Grand Prix,Q,GAS,15.0,0 days 00:01:18.045000,4.0,clear_violation,TRACK LIMITS AT TURN 4 LAP 16 
2023,Hungarian Grand Prix,Q,ALB,2.0,0 days 00:01:19.358000,4.0,clear_violation,TRACK LIMITS AT TURN 4 LAP 3 
2023,Hungarian Grand Prix,Q,MAG,2.0,0 days 00:01:20.063000,5.0,clear_violation,TRACK LIMITS AT TURN 5 LAP 3 
2023,Hungarian Grand Prix,Q,SAR,2.0,0 days 00:01:19.472000,11.0,clear_violation,TRACK LIMITS AT TURN 11 LAP 3 
2023,Hungarian Grand Prix,R,NOR,31.0,0 days 00:01:24.289000,4.0,clear_violation,TRACK LIMITS AT TURN 4 LAP 31 
2023,Hungarian Grand Prix,R,NOR,62.0,0 days 00:01:23.878000,5.0,clear_violation,TRACK LIMITS AT TURN 5 LAP 62 
2023,Hungarian Grand Prix,R,PER,6.0,0 days 00:01:25.650000,4.0,clear_violation,TRACK LIMITS AT TURN 4 LAP 27 
2023,Hungarian Grand Prix,R,PER,27.0,0 days 00:01:25.650000,4.0,clear_violation,TRACK LIMITS AT TURN 4 LAP 27 
2023,Hungarian Grand Prix,R,HAM,11.0,0 days 00:01:25.153000,4.0,clear_violation,TRACK LIMITS AT TURN 4 LAP 11 
2023,Hungarian Grand Prix,R,PIA,21.0,0 days 00:01:23.972000,4.0,clear_violation,TRACK LIMITS AT TURN 4 LAP 21 
2023,Hungarian Grand Prix,R,PIA,33.0,0 days 00:01:24.768000,4.0,clear_violation,TRACK LIMITS AT TURN 4 LAP 33 
2023,Hungarian Grand Prix,R,PIA,46.0,0 days 00:01:23.212000,4.0,clear_violation,TRACK LIMITS AT TURN 4 LAP 46 
2023,Hungarian Grand Prix,R,RUS,43.0,0 days 00:01:23.697000,11.0,clear_violation,TRACK LIMITS AT TURN 11 LAP 43 
2023,Hungarian Grand Prix,R,LEC,32.0,0 days 00:01:24.565000,4.0,clear_violation,TRACK LIMITS AT TURN 4 LAP 32 
2023,Hungarian Grand Prix,R,SAI,15.0,0 days 00:01:28.509000,4.0,clear_violation,TRACK LIMITS AT TURN 4 LAP 15 
2023,Hungarian Grand Prix,R,STR,26.0,0 days 00:01:25.128000,4.0,clear_violation,TRACK LIMITS AT TURN 4 LAP 26 
2023,Hungarian Grand Prix,R,ALB,8.0,0 days 00:01:28.053000,4.0,clear_violation,TRACK LIMITS AT TURN 4 LAP 8 
2023,Hungarian Grand Prix,R,RIC,7.0,0 days 00:01:26.073000,4.0,clear_violation,TRACK LIMITS AT TURN 4 LAP 7 
2023,Hungarian Grand Prix,R,HUL,12.0,0 days 00:01:26.188000,4.0,clear_violation,TRACK LIMITS AT TURN 4 LAP 12 
2023,Hungarian Grand Prix,R,MAG,22.0,0 days 00:01:26.014000,4.0,clear_violation,TRACK LIMITS AT TURN 4 LAP 22 
2023,Hungarian Grand Prix,R,MAG,60.0,0 days 00:01:27.626000,7.0,clear_violation,TRACK LIMITS AT TURN 7 LAP 60 
2023,Hungarian Grand Prix,R,SAR,22.0,0 days 00:01:25.999000,4.0,clear_violation,TRACK LIMITS AT TURN 4 LAP 22 
2023,Belgian Grand Prix,Q,VER,13.0,0 days 00:02:03.027000,9.0,clear_violation,TRACK LIMITS AT TURN 9 LAP 14 
2023,Belgian Grand Prix,Q,NOR,3.0,0 days 00:02:07.059000,15.0,clear_violation,TRACK LIMITS AT TURN 15 LAP 4 
2023,Belgian Grand Prix,Q,MAG,2.0,0 days 00:02:03.925000,10.0,clear_violation,TRACK LIMITS AT TURN 10 LAP 3 
2023,Belgian Grand Prix,Q,MAG,15.0,0 days 00:02:06.560000,9.0,clear_violation,TRACK LIMITS AT TURN 9 LAP 16 
2023,Belgian Grand Prix,Q,RIC,7.0,0 days 00:01:59.483000,4.0,clear_violation,TRACK LIMITS AT TURN 4 LAP 8 
2023,Belgian Grand Prix,Q,ALB,,,8.0,no_advantage,CAR 23 (ALB) OFF TRACK AND CONTINUED AT TURN 8
2023,Belgian Grand Prix,R,VER,21.0,0 days 00:01:54.915000,4.0,clear_violation,TRACK LIMITS AT TURN 4 LAP 21 
2023,Belgian Grand Prix,R,PER,22.0,0 days 00:01:56.286000,11.0,clear_violation,TRACK LIMITS AT TURN 11 LAP 22 
2023,Belgian Grand Prix,R,HAM,37.0,0 days 00:01:51.428000,9.0,clear_violation,TRACK LIMITS AT TURN 9 LAP 37 
2023,Belgian Grand Prix,R,NOR,36.0,0 days 00:01:52.433000,4.0,clear_violation,TRACK LIMITS AT TURN 4 LAP 36 
2023,Belgian Grand Prix,R,TSU,13.0,0 days 00:01:52.504000,9.0,clear_violation,TRACK LIMITS AT TURN 9 LAP 13 
2023,Belgian Grand Prix,R,TSU,14.0,0 days 00:01:52.963000,9.0,clear_violation,TRACK LIMITS AT TURN 9 LAP 14 
2023,Belgian Grand Prix,R,ALB,28.0,0 days 00:01:52.076000,9.0,clear_violation,TRACK LIMITS AT TURN 9 LAP 28 
2023,Belgian Grand Prix,R,RIC,37.0,0 days 00:01:53.131000,15.0,clear_violation,TRACK LIMITS AT TURN 15 LAP 37 
2023,Belgian Grand Prix,R,SAR,9.0,0 days 00:02:07.068000,9.0,clear_violation,TRACK LIMITS AT TURN 9 LAP 9 
2023,Belgian Grand Prix,R,SAR,33.0,0 days 00:01:53.556000,4.0,clear_violation,TRACK LIMITS AT TURN 4 LAP 33 
2023,Belgian Grand Prix,R,SAR,36.0,0 days 00:01:50.236000,4.0,clear_violation,TRACK LIMITS AT TURN 4 LAP 36 
2023,Belgian Grand Prix,R,HUL,10.0,0 days 00:01:54.655000,11.0,clear_violation,TRACK LIMITS AT TURN 11 LAP 10 
2023,Belgian Grand Prix,R,SAI,10.0,0 days 00:01:53.893000,4.0,clear_violation,TRACK LIMITS AT TURN 4 LAP 10 
2023,Belgian Grand Prix,R,SAI,21.0,0 days 00:02:00.162000,11.0,clear_violation,TRACK LIMITS AT TURN 11 LAP 21 
2023,Dutch Grand Prix,FP1,ALO,,,12.0,no_advantage,CAR 14 (ALO) OFF TRACK AND CONTINUED AT TURN 12
2023,Dutch Grand Prix,FP1,VER,,,11.0,no_advantage,CAR 1 (VER) OFF TRACK AND CONTINUED AT TURN 11
2023,Dutch Grand Prix,FP2,SAI,,,11.0,no_advantage,CAR 55 (SAI) OFF TRACK AND CONTINUED AT TURN 11
2023,Dutch Grand Prix,FP2,STR,,,11.0,no_advantage,CAR 18 (STR) OFF TRACK AND CONTINUED AT TURN 11
2023,Dutch Grand Prix,FP2,SAI,,,13.0,no_advantage,CAR 55 (SAI) OFF TRACK AND CONTINUED AT TURN 13
2023,Dutch Grand Prix,FP3,NOR,,,11.0,no_advantage,CAR 4 (NOR) OFF TRACK AND CONTINUED AT TURN 11
2023,Dutch Grand Prix,FP3,VER,,,3.0,no_advantage,CAR 1 (VER) OFF TRACK AND CONTINUED AT TURN 3
2023,Dutch Grand Prix,FP3,PER,,,11.0,no_advantage,CAR 11 (PER) OFF TRACK AND CONTINUED AT TURN 11
2023,Dutch Grand Prix,FP3,LEC,,,1.0,no_advantage,CAR 16 (LEC) OFF TRACK AND CONTINUED AT TURN 1
2023,Dutch Grand Prix,FP3,SAI,,,1.0,no_advantage,CAR 55 (SAI) OFF TRACK AND CONTINUED AT TURN 1
2023,Dutch Grand Prix,FP3,ALO,,,1.0,no_advantage,CAR 14 (ALO) OFF TRACK AND CONTINUED AT TURN 1
2023,Dutch Grand Prix,FP3,OCO,,,1.0,no_advantage,CAR 31 (OCO) OFF TRACK AND CONTINUED AT TURN 1
2023,Dutch Grand Prix,FP3,VER,,,11.0,no_advantage,CORRECTION: CAR 1 (VER) OFF TRACK AND CONTINUED AT TURN 11
2023,Dutch Grand Prix,Q,VER,2.0,0 days 00:01:48.525000,1.0,clear_violation,TRACK LIMITS AT TURN 1 LAP 3 
2023,Dutch Grand Prix,Q,VER,21.0,0 days 00:01:55.059000,3.0,clear_violation,TRACK LIMITS AT TURN 3 LAP 22 
2023,Dutch Grand Prix,Q,ALB,2.0,0 days 00:01:31.315000,11.0,clear_violation,TRACK LIMITS AT TURN 11 LAP 3 
2023,Dutch Grand Prix,Q,LEC,2.0,0 days 00:01:28.133000,11.0,clear_violation,TRACK LIMITS AT TURN 11 LAP 3 
2023,Dutch Grand Prix,Q,LEC,5.0,0 days 00:01:40.877000,1.0,clear_violation,TRACK LIMITS AT TURN 1 LAP 6 
2023,Dutch Grand Prix,Q,LEC,6.0,0 days 00:01:33.914000,1.0,clear_violation,TRACK LIMITS AT TURN 1 LAP 7 
2023,Dutch Grand Prix,Q,LEC,20.0,0 days 00:01:31.504000,1.0,clear_violation,TRACK LIMITS AT TURN 1 LAP 21 
2023,Dutch Grand Prix,Q,STR,19.0,0 days 00:01:30.684000,3.0,clear_violation,TRACK LIMITS AT TURN 3 LAP 20 
2023,Dutch Grand Prix,Q,GAS,5.0,0 days 00:01:47.621000,1.0,clear_violation,TRACK LIMITS AT TURN 1 LAP 6 
2023,Dutch Grand Prix,Q,GAS,13.0,0 days 00:01:33.650000,3.0,clear_violation,TRACK LIMITS AT TURN 3 LAP 14 
2023,Dutch Grand Prix,Q,TSU,3.0,0 days 00:01:31.572000,11.0,clear_violation,TRACK LIMITS AT TURN 11 LAP 4 
2023,Dutch Grand Prix,Q,HUL,2.0,0 days 00:01:35.302000,1.0,clear_violation,TRACK LIMITS AT TURN 1 LAP 3 
2023,Dutch Grand Prix,Q,MAG,10.0,0 days 00:01:56.175000,1.0,clear_violation,TRACK LIMITS AT TURN 1 LAP 11 
2023,Dutch Grand Prix,Q,ALB,,,11.0,no_advantage,CAR 23 (ALB) OFF TRACK AND CONTINUED AT TURN 11
2023,Dutch Grand Prix,Q,HUL,,,1.0,no_advantage,CAR 27 (HUL) OFF TRACK AND CONTINUED AT TURN 1
2023,Dutch Grand Prix,Q,VER,,,1.0,no_advantage,CAR 1 (VER) OFF TRACK AND CONTINUED AT TURN 1
2023,Dutch Grand Prix,Q,LEC,,,1.0,no_advantage,CAR 16 (LEC) OFF TRACK AND CONTINUED AT TURN 1
2023,Dutch Grand Prix,Q,GAS,,,1.0,no_advantage,CAR 10 (GAS) OFF TRACK AND CONTINUED AT TURN 1
2023,Dutch Grand Prix,R,GAS,6.0,0 days 00:01:24.920000,3.0,clear_violation,TRACK LIMITS AT TURN 3 LAP 6 
2023,Dutch Grand Prix,R,LEC,,,11.0,no_advantage,CAR 16 (LEC) OFF TRACK AND CONTINUED AT TURN 11
2023,Dutch Grand Prix,R,ALB,,,11.0,no_advantage,CAR 23 (ALB) OFF TRACK AND CONTINUED AT TURN 11
2023,Dutch Grand Prix,R,GAS,,,3.0,no_advantage,CAR 10 (GAS) OFF TRACK AND CONTINUED AT TURN 3
2023,Italian Grand Prix,FP1,SAR,,,10.0,no_advantage,CAR 2 (SAR) OFF TRACK AND CONTINUED AT TURN 10
2023,Italian Grand Prix,FP1,ALB,,,10.0,no_advantage,CORRECTION: CAR 23 (ALB) OFF TRACK AND CONTINUED AT TURN 10
2023,Italian Grand Prix,FP1,OCO,,,10.0,no_advantage,CAR 31 (OCO) OFF TRACK AND CONTINUED AT TURN 10
2023,Italian Grand Prix,FP1,LAW,,,9.0,no_advantage,CAR 40 (LAW) OFF TRACK AND CONTINUED AT TURN 9
2023,Italian Grand Prix,FP3,PIA,,,5.0,no_advantage,CAR 81 (PIA) OFF TRACK AND CONTINUED AT TURN 5
2023,Italian Grand Prix,FP3,NOR,,,4.0,no_advantage,CAR 4 (NOR) OFF TRACK AND CONTINUED AT TURN 4
2023,Italian Grand Prix,FP3,HUL,,,4.0,no_advantage,CAR 27 (HUL) OFF TRACK AND CONTINUED AT TURN 4
2023,Italian Grand Prix,FP3,BOT,,,8.0,no_advantage,CAR 77 (BOT) OFF TRACK AND CONTINUED AT TURN 8
2023,Italian Grand Prix,FP3,SAI,,,4.0,no_advantage,CAR 55 (SAI) OFF TRACK AND CONTINUED AT TURN 4
2023,Italian Grand Prix,FP3,HAM,,,4.0,no_advantage,CORRECTION: CAR 44 (HAM) OFF TRACK AND CONTINUED TURN 4 - LAP 21
2023,Italian Grand Prix,Q,VER,2.0,0 days 00:01:22.047000,7.0,clear_violation,TRACK LIMITS AT TURN 7 LAP 3 
2023,Italian Grand Prix,Q,PIA,7.0,0 days 00:01:22.235000,7.0,clear_violation,TRACK LIMITS AT TURN 7 LAP 8 
2023,Italian Grand Prix,Q,ALO,2.0,0 days 00:01:22.480000,7.0,clear_violation,TRACK LIMITS AT TURN 7 LAP 3 
2023,Italian Grand Prix,Q,ZHO,7.0,0 days 00:01:22.429000,7.0,clear_violation,TRACK LIMITS AT TURN 7 LAP 8 
2023,Italian Grand Prix,Q,OCO,4.0,0 days 00:01:23.248000,10.0,clear_violation,TRACK LIMITS AT TURN 10 LAP 5 
2023,Italian Grand Prix,Q,STR,2.0,0 days 00:01:37.255000,2.0,clear_violation,TRACK LIMITS AT TURN 2 LAP 3 
2023,Italian Grand Prix,R,PER,14.0,0 days 00:01:27.451000,2.0,clear_violation,TRACK LIMITS AT TURN 2 LAP 14 
2023,Italian Grand Prix,R,PER,43.0,0 days 00:01:26.624000,2.0,clear_violation,TRACK LIMITS AT TURN 2 LAP 43 
2023,Italian Grand Prix,R,PER,45.0,0 days 00:01:26.573000,2.0,clear_violation,TRACK LIMITS AT TURN 2 LAP 45 
2023,Italian Grand Prix,R,ALO,3.0,0 days 00:01:27.546000,10.0,clear_violation,TRACK LIMITS AT TURN 10 LAP 3 
2023,Italian Grand Prix,R,LEC,47.0,0 days 00:01:27.371000,5.0,clear_violation,TRACK LIMITS AT TURN 5 LAP 47 
2023,Italian Grand Prix,R,SAR,43.0,0 days 00:01:29.385000,5.0,clear_violation,TRACK LIMITS AT TURN 5 LAP 43 
2023,Italian Grand Prix,R,NOR,5.0,0 days 00:01:27.142000,7.0,clear_violation,TRACK LIMITS AT TURN 7 LAP 5 
2023,Italian Grand Prix,R,NOR,38.0,0 days 00:01:27.567000,2.0,clear_violation,TRACK LIMITS AT TURN 2 LAP 38 
2023,Italian Grand Prix,R,HAM,40.0,0 days 00:01:26.658000,5.0,clear_violation,TRACK LIMITS AT TURN 5 LAP 40 
2023,Italian Grand Prix,R,HAM,41.0,0 days 00:01:27.501000,4.0,clear_violation,TRACK LIMITS AT TURN 4 LAP 41 
2023,Italian Grand Prix,R,SAI,47.0,0 days 00:01:27.096000,5.0,clear_violation,TRACK LIMITS AT TURN 5 LAP 47 
2023,Italian Grand Prix,R,RUS,14.0,0 days 00:01:27.285000,2.0,clear_violation,TRACK LIMITS AT TURN 2 LAP 14 
2023,Italian Grand Prix,R,BOT,43.0,0 days 00:01:27.753000,5.0,clear_violation,TRACK LIMITS AT TURN 5 LAP 43 
2023,Italian Grand Prix,R,PIA,40.0,0 days 00:01:26.853000,5.0,clear_violation,TRACK LIMITS AT TURN 5 LAP 40 
2023,Singapore Grand Prix,FP2,SAR,,,19.0,no_advantage,CAR 2 (SAR) OFF TRACK AND CONTINUED AT TURN 19
2023,Singapore Grand Prix,FP3,VER,,,14.0,no_advantage,CAR 1 (VER) OFF TRACK AND CONTINUED AT TURN 14
2023,Singapore Grand Prix,FP3,ALB,,,14.0,no_advantage,CAR 23 (ALB) OFF TRACK AND CONTINUED AT TURN 14
2023,Singapore Grand Prix,Q,ALB,11.0,0 days 00:01:33.147000,19.0,clear_violation,TRACK LIMITS AT TURN 19 LAP 12 
2023,Singapore Grand Prix,R,GAS,6.0,0 days 00:01:41.829000,7.0,clear_violation,TRACK LIMITS AT TURN 7 LAP 6 
2023,Singapore Grand Prix,R,PER,60.0,0 days 00:01:39.147000,7.0,clear_violation,TRACK LIMITS AT TURN 7 LAP 60 
2023,Singapore Grand Prix,R,ALO,29.0,0 days 00:01:41.292000,2.0,clear_violation,TRACK LIMITS AT TURN 2 LAP 29 
2023,Singapore Grand Prix,R,LEC,23.0,0 days 00:01:43.955000,7.0,clear_violation,TRACK LIMITS AT TURN 7 LAP 23 
2023,Singapore Grand Prix,R,MAG,35.0,0 days 00:01:42.612000,7.0,clear_violation,TRACK LIMITS AT TURN 7 LAP 35 
2023,Singapore Grand Prix,R,MAG,36.0,0 days 00:01:48.130000,2.0,clear_violation,TRACK LIMITS AT TURN 2 LAP 36 
2023,Singapore Grand Prix,R,HUL,39.0,0 days 00:01:42.010000,7.0,clear_violation,TRACK LIMITS AT TURN 7 LAP 39 
2023,Singapore Grand Prix,R,HUL,53.0,0 days 00:01:43.808000,7.0,clear_violation,TRACK LIMITS AT TURN 7 LAP 53 
2023,Singapore Grand Prix,R,HAM,24.0,0 days 00:01:40.957000,7.0,clear_violation,TRACK LIMITS AT TURN 7 LAP 24 
2023,Singapore Grand Prix,R,RUS,51.0,0 days 00:01:36.757000,19.0,clear_violation,TRACK LIMITS AT TURN 19 LAP 51 
2023,Singapore Grand Prix,R,ALO,,,14.0,no_advantage,CAR 14 (ALO) OFF TRACK AND CONTINUED AT TURN 14
2023,Japanese Grand Prix,FP1,SAR,,,17.0,no_advantage,CAR 2 (SAR) OFF TRACK AND CONTINUED AT TURN 17
2023,Japanese Grand Prix,FP1,SAR,,,9.0,no_advantage,CAR 2 (SAR) OFF TRACK AND CONTINUED AT TURN 9
2023,Japanese Grand Prix,FP1,ZHO,,,13.0,no_advantage,CAR 24 (ZHO) OFF TRACK AND CONTINUED AT TURN 13
2023,Japanese Grand Prix,FP1,PER,,,17.0,no_advantage,CAR 11 (PER) OFF TRACK AND CONTINUED AT TURN 17
2023,Japanese Grand Prix,FP1,LEC,,,11.0,no_advantage,CAR 16 (LEC) OFF TRACK AND CONTINUED AT TURN 11
2023,Japanese Grand Prix,Q,GAS,2.0,0 days 00:01:31.483000,2.0,clear_violation,TRACK LIMITS AT TURN 2 LAP 3 
2023,Japanese Grand Prix,Q,ALB,2.0,0 days 00:01:31.424000,8.0,clear_violation,TRACK LIMITS AT TURN 8 LAP 3 
2023,Japanese Grand Prix,Q,HUL,2.0,0 days 00:01:31.736000,2.0,clear_violation,TRACK LIMITS AT TURN 2 LAP 3 
2023,Japanese Grand Prix,Q,ZHO,5.0,0 days 00:01:31.379000,9.0,clear_violation,TRACK LIMITS AT TURN 9 LAP 6 
2023,Japanese Grand Prix,R,NOR,28.0,0 days 00:01:38.019000,2.0,clear_violation,TRACK LIMITS AT TURN 2 LAP 28 
2023,Japanese Grand Prix,R,PIA,31.0,0 days 00:01:38.621000,14.0,clear_violation,TRACK LIMITS AT TURN 14 LAP 31 
2023,Japanese Grand Prix,R,PIA,44.0,0 days 00:01:37.843000,9.0,clear_violation,TRACK LIMITS AT TURN 9 LAP 44 
2023,Japanese Grand Prix,R,LEC,45.0,0 days 00:01:37.234000,2.0,clear_violation,TRACK LIMITS AT TURN 2 LAP 45 
2023,Japanese Grand Prix,R,HAM,16.0,0 days 00:01:43.793000,14.0,clear_violation,TRACK LIMITS AT TURN 14 LAP 16 
2023,Japanese Grand Prix,R,HAM,53.0,0 days 00:01:37.353000,14.0,clear_violation,TRACK LIMITS AT TURN 14 LAP 53 
2023,Japanese Grand Prix,R,RUS,16.0,0 days 00:01:40.500000,13.0,clear_violation,TRACK LIMITS AT TURN 13 LAP 16 
2023,Japanese Grand Prix,R,RUS,28.0,0 days 00:01:37.678000,14.0,clear_violation,TRACK LIMITS AT TURN 14 LAP 28 
2023,Japanese Grand Prix,R,RUS,33.0,0 days 00:01:38.129000,14.0,clear_violation,TRACK LIMITS AT TURN 14 LAP 33 
2023,Japanese Grand Prix,R,ALO,9.0,0 days 00:01:39.884000,9.0,clear_violation,TRACK LIMITS AT TURN 9 LAP 9 
2023,Japanese Grand Prix,R,TSU,46.0,0 days 00:01:38.683000,14.0,clear_violation,TRACK LIMITS AT TURN 14 LAP 46 
2023,Japanese Grand Prix,R,MAG,10.0,0 days 00:01:40.956000,9.0,clear_violation,TRACK LIMITS AT TURN 9 LAP 10 
2023,Japanese Grand Prix,R,ALB,21.0,0 days 00:01:40.421000,14.0,clear_violation,TRACK LIMITS AT TURN 14 LAP 21 
2023,Japanese Grand Prix,R,PER,11.0,0 days 00:01:40.896000,14.0,clear_violation,TRACK LIMITS AT TURN 14 LAP 11 
2023,Japanese Grand Prix,R,BOT,,,11.0,no_advantage,CAR 77 (BOT) OFF TRACK AND CONTINUED AT TURN 11
2023,Qatar Grand Prix,Q,LEC,4.0,0 days 00:01:26.098000,4.0,clear_violation,TRACK LIMITS AT TURN 4 LAP 5 
2023,Qatar Grand Prix,Q,LEC,15.0,0 days 00:01:43.094000,4.0,clear_violation,TRACK LIMITS AT TURN 4 LAP 16 
2023,Qatar Grand Prix,Q,LEC,21.0,0 days 00:01:52.292000,5.0,clear_violation,TRACK LIMITS AT TURN 5 LAP 22 
2023,Qatar Grand Prix,Q,PIA,22.0,0 days 00:01:24.228000,14.0,clear_violation,TRACK LIMITS AT TURN 14 LAP 23 
2023,Qatar Grand Prix,Q,GAS,4.0,0 days 00:01:29.275000,14.0,clear_violation,TRACK LIMITS AT TURN 14 LAP 5 
2023,Qatar Grand Prix,Q,OCO,12.0,0 days 00:01:26.854000,5.0,clear_violation,TRACK LIMITS AT TURN 5 LAP 13 
2023,Qatar Grand Prix,Q,NOR,2.0,0 days 00:01:26.043000,5.0,clear_violation,TRACK LIMITS AT TURN 5 LAP 3 
2023,Qatar Grand Prix,Q,NOR,17.0,0 days 00:01:24.088000,5.0,clear_violation,TRACK LIMITS AT TURN 5 LAP 18 
2023,Qatar Grand Prix,Q,NOR,20.0,0 days 00:01:24.074000,10.0,clear_violation,TRACK LIMITS AT TURN 10 LAP 21 
2023,Qatar Grand Prix,Q,SAI,7.0,0 days 00:01:42.934000,5.0,clear_violation,TRACK LIMITS AT TURN 5 LAP 8 
2023,Qatar Grand Prix,Q,SAI,15.0,0 days 00:01:45.890000,5.0,clear_violation,TRACK LIMITS AT TURN 5 LAP 16 
2023,Qatar Grand Prix,Q,SAI,16.0,0 days 00:02:01.519000,12.0,clear_violation,TRACK LIMITS AT TURN 12 LAP 17 
2023,Qatar Grand Prix,Q,PER,15.0,0 days 00:01:25.275000,5.0,clear_violation,TRACK LIMITS AT TURN 5 LAP 16 
2023,Qatar Grand Prix,Q,ALB,2.0,0 days 00:01:26.974000,5.0,clear_violation,TRACK LIMITS AT TURN 5 LAP 3 
2023,Qatar Grand Prix,Q,HUL,11.0,0 days 00:01:25.547000,5.0,clear_violation,TRACK LIMITS AT TURN 5 LAP 12 
2023,Qatar Grand Prix,Q,STR,2.0,0 days 00:01:27.928000,5.0,clear_violation,TRACK LIMITS AT TURN 5 LAP 3 
2023,Qatar Grand Prix,Q,STR,7.0,0 days 00:01:48.482000,2.0,clear_violation,TRACK LIMITS AT TURN 2 LAP 8 
2023,Qatar Grand Prix,Q,MAG,5.0,0 days 00:01:27.504000,15.0,clear_violation,TRACK LIMITS AT TURN 15 LAP 6 
2023,Qatar Grand Prix,S,GAS,7.0,0 days 00:01:30.366000,15.0,clear_violation,TRACK LIMITS AT TURN 15 LAP 7 
2023,Qatar Grand Prix,S,ALO,3.0,0 days 00:01:43.688000,15.0,clear_violation,TRACK LIMITS AT TURN 15 LAP 3 
2023,Qatar Grand Prix,S,ALO,7.0,0 days 00:01:29.571000,15.0,clear_violation,TRACK LIMITS AT TURN 15 LAP 7 
2023,Qatar Grand Prix,S,LEC,19.0,0 days 00:01:30.632000,15.0,clear_violation,TRACK LIMITS AT TURN 15 LAP 19 
2023,Qatar Grand Prix,S,STR,8.0,0 days 00:01:30.040000,15.0,clear_violation,TRACK LIMITS AT TURN 15 LAP 8 
2023,Qatar Grand Prix,S,STR,15.0,0 days 00:01:31.350000,4.0,clear_violation,TRACK LIMITS AT TURN 4 LAP 15 
2023,Qatar Grand Prix,S,STR,18.0,0 days 00:01:29.952000,15.0,clear_violation,TRACK LIMITS AT TURN 15 LAP 18 
2023,Qatar Grand Prix,S,STR,19.0,0 days 00:01:30.259000,15.0,clear_violation,TRACK LIMITS AT TURN 15 LAP 19 
2023,Qatar Grand Prix,S,MAG,3.0,0 days 00:01:51.180000,2.0,clear_violation,TRACK LIMITS AT TURN 2 LAP 3 
2023,Qatar Grand Prix,S,MAG,19.0,0 days 00:01:29.900000,15.0,clear_violation,TRACK LIMITS AT TURN 15 LAP 19 
2023,Qatar Grand Prix,S,TSU,9.0,0 days 00:01:30.692000,13.0,clear_violation,TRACK LIMITS AT TURN 13 LAP 9 
2023,Qatar Grand Prix,S,ALB,19.0,0 days 00:01:28.748000,13.0,clear_violation,TRACK LIMITS AT TURN 13 LAP 19 
2023,Qatar Grand Prix,S,ZHO,18.0,0 days 00:01:30.019000,13.0,clear_violation,TRACK LIMITS AT TURN 13 LAP 18 
2023,Qatar Grand Prix,S,ZHO,19.0,0 days 00:01:32.079000,5.0,clear_violation,TRACK LIMITS AT TURN 5 LAP 19 
2023,Qatar Grand Prix,S,HUL,3.0,0 days 00:01:44.336000,15.0,clear_violation,TRACK LIMITS AT TURN 15 LAP 3 
2023,Qatar Grand Prix,S,NOR,9.0,0 days 00:01:28.901000,5.0,clear_violation,TRACK LIMITS AT TURN 5 LAP 9 
2023,Qatar Grand Prix,S,HAM,7.0,0 days 00:01:31.056000,5.0,clear_violation,TRACK LIMITS AT TURN 5 LAP 7 
2023,Qatar Grand Prix,S,SAI,8.0,0 days 00:01:28.742000,15.0,clear_violation,TRACK LIMITS AT TURN 15 LAP 8 
2023,Qatar Grand Prix,S,BOT,15.0,0 days 00:01:31.020000,15.0,clear_violation,TRACK LIMITS AT TURN 15 LAP 15 
2023,Qatar Grand Prix,R,PIA,16.0,0 days 00:01:29.100000,12.0,clear_violation,TRACK LIMITS AT TURN 12 LAP 16 
2023,Qatar Grand Prix,R,PIA,21.0,0 days 00:01:28.208000,16.0,clear_violation,TRACK LIMITS AT TURN 16 LAP 21 
2023,Qatar Grand Prix,R,PIA,22.0,0 days 00:01:28.290000,16.0,clear_violation,TRACK LIMITS AT TURN 16 (NEXT LAP)
2023,Qatar Grand Prix,R,NOR,30.0,0 days 00:01:26.216000,5.0,clear_violation,TRACK LIMITS AT TURN 5 LAP 30 
2023,Qatar Grand Prix,R,NOR,50.0,0 days 00:01:25.384000,4.0,clear_violation,TRACK LIMITS AT TURN 4 LAP 50 
2023,Qatar Grand Prix,R,RUS,8.0,0 days 00:01:30.052000,12.0,clear_violation,TRACK LIMITS AT TURN 12 LAP 8 
2023,Qatar Grand Prix,R,RUS,10.0,0 days 00:01:30.090000,12.0,clear_violation,TRACK LIMITS AT TURN 12 LAP 10 
2023,Qatar Grand Prix,R,RUS,55.0,0 days 00:01:27.050000,4.0,clear_violation,TRACK LIMITS AT TURN 4 LAP 55 
2023,Qatar Grand Prix,R,LEC,18.0,0 days 00:01:29.989000,5.0,clear_violation,TRACK LIMITS AT TURN 5 LAP 18 
2023,Qatar Grand Prix,R,ALO,7.0,0 days 00:01:30.540000,4.0,clear_violation,TRACK LIMITS AT TURN 4 LAP 7 
2023,Qatar Grand Prix,R,ALO,17.0,0 days 00:01:28.923000,15.0,clear_violation,TRACK LIMITS AT TURN 15 LAP 17 
2023,Qatar Grand Prix,R,ALO,33.0,0 days 00:01:35.885000,2.0,clear_violation,TRACK LIMITS AT TURN 2 LAP 33 
2023,Qatar Grand Prix,R,OCO,5.0,0 days 00:01:31.865000,12.0,clear_violation,TRACK LIMITS AT TURN 12 LAP 5 
2023,Qatar Grand Prix,R,BOT,9.0,0 days 00:01:31.277000,4.0,clear_violation,TRACK LIMITS AT TURN 4 LAP 9 
2023,Qatar Grand Prix,R,BOT,10.0,0 days 00:01:30.958000,5.0,clear_violation,TRACK LIMITS AT TURN 5 LAP 10 
2023,Qatar Grand Prix,R,BOT,13.0,0 days 00:01:31.142000,5.0,clear_violation,TRACK LIMITS AT TURN 5 LAP 13 
2023,Qatar Grand Prix,R,ZHO,5.0,0 days 00:01:33.411000,1.0,clear_violation,TRACK LIMITS AT TURN 1 LAP 5 
2023,Qatar Grand Prix,R,ZHO,15.0,0 days 00:01:31.165000,5.0,clear_violation,TRACK LIMITS AT TURN 5 LAP 15 
2023,Qatar Grand Prix,R,PER,14.0,0 days 00:01:30.196000,4.0,clear_violation,TRACK LIMITS AT TURN 4 LAP 14 
2023,Qatar Grand Prix,R,PER,22.0,0 days 00:01:27.412000,12.0,clear_violation,TRACK LIMITS AT TURN 12 LAP 22 
2023,Qatar Grand Prix,R,PER,23.0,0 days 00:01:27.687000,15.0,clear_violation,TRACK LIMITS AT TURN 15 LAP 23 
2023,Qatar Grand Prix,R,PER,25.0,0 days 00:01:28.552000,12.0,clear_violation,TRACK LIMITS AT TURN 12 LAP 25 
2023,Qatar Grand Prix,R,PER,36.0,0 days 00:01:27.574000,12.0,clear_violation,TRACK LIMITS AT TURN 12 LAP 36 
2023,Qatar Grand Prix,R,PER,55.0,0 days 00:01:28.008000,12.0,clear_violation,TRACK LIMITS AT TURN 12 LAP 55 
2023,Qatar Grand Prix,R,STR,20.0,0 days 00:01:30.350000,15.0,clear_violation,TRACK LIMITS AT TURN 15 LAP 20 
2023,Qatar Grand Prix,R,STR,36.0,0 days 00:01:29.596000,5.0,clear_violation,TRACK LIMITS AT TURN 5 LAP 36 
2023,Qatar Grand Prix,R,STR,39.0,0 days 00:01:31.946000,2.0,clear_violation,TRACK LIMITS AT TURN 2 LAP 39 
2023,Qatar Grand Prix,R,STR,52.0,0 days 00:01:30.052000,4.0,clear_violation,TRACK LIMITS AT TURN 4 LAP 52 
2023,Qatar Grand Prix,R,GAS,5.0,0 days 00:01:32.599000,12.0,clear_violation,TRACK LIMITS AT TURN 12 LAP 5 
2023,Qatar Grand Prix,R,GAS,16.0,0 days 00:01:29.441000,5.0,clear_violation,TRACK LIMITS AT TURN 5 LAP 16 
2023,Qatar Grand Prix,R,GAS,28.0,0 days 00:01:27.586000,13.0,clear_violation,TRACK LIMITS AT TURN 13 LAP 28 
2023,Qatar Grand Prix,R,GAS,42.0,0 days 00:01:26.634000,13.0,clear_violation,TRACK LIMITS AT TURN 13 LAP 42 
2023,Qatar Grand Prix,R,GAS,43.0,0 days 00:01:27.357000,12.0,clear_violation,TRACK LIMITS AT TURN 12 LAP 43 
2023,Qatar Grand Prix,R,GAS,52.0,0 days 00:01:29.058000,1.0,clear_violation,TRACK LIMITS AT TURN 1 LAP 52 
2023,Qatar Grand Prix,R,GAS,55.0,0 days 00:01:25.793000,2.0,clear_violation,TRACK LIMITS AT TURN 2 LAP 55 
2023,Qatar Grand Prix,R,ALB,11.0,0 days 00:01:30.521000,15.0,clear_violation,TRACK LIMITS AT TURN 15 LAP 11 
2023,Qatar Grand Prix,R,ALB,12.0,0 days 00:01:31.693000,5.0,clear_violation,TRACK LIMITS AT TURN 5 LAP 12 
2023,Qatar Grand Prix,R,ALB,21.0,0 days 00:01:29.204000,12.0,clear_violation,TRACK LIMITS AT TURN 12 LAP 21 
2023,Qatar Grand Prix,R,ALB,45.0,0 days 00:01:51.580000,12.0,clear_violation,TRACK LIMITS AT TURN 12 LAP 45 
2023,Qatar Grand Prix,R,ALB,46.0,0 days 00:01:26.778000,15.0,clear_violation,TRACK LIMITS AT TURN 15 LAP 46 
2023,Qatar Grand Prix,R,MAG,5.0,0 days 00:01:33.919000,1.0,clear_violation,TRACK LIMITS AT TURN 1 LAP 5 
2023,Qatar Grand Prix,R,TSU,29.0,0 days 00:01:28.669000,15.0,clear_violation,TRACK LIMITS AT TURN 15 LAP 29 
2023,Qatar Grand Prix,R,HUL,18.0,0 days 00:01:28.224000,12.0,clear_violation,TRACK LIMITS AT TURN 12 LAP 18 
2023,Qatar Grand Prix,R,HUL,56.0,0 days 00:01:26.444000,5.0,clear_violation,TRACK LIMITS AT TURN 5 LAP 56 
2023,Qatar Grand Prix,R,LAW,9.0,0 days 00:01:31.125000,12.0,clear_violation,TRACK LIMITS AT TURN 12 LAP 9 
2023,Qatar Grand Prix,R,LAW,10.0,0 days 00:01:31.231000,13.0,clear_violation,TRACK LIMITS AT TURN 13 LAP 10 
2023,Qatar Grand Prix,R,LAW,11.0,0 days 00:01:31.106000,13.0,clear_violation,TRACK LIMITS AT TURN 13 LAP 11 
2023,Qatar Grand Prix,R,SAR,9.0,0 days 00:01:31.699000,15.0,clear_violation,TRACK LIMITS AT TURN 15 LAP 9 
2023,Qatar Grand Prix,R,SAR,38.0,0 days 00:01:28.976000,2.0,clear_violation,TRACK LIMITS AT TURN 2 LAP 38 
2023,Qatar Grand Prix,R,ALO,,,2.0,no_advantage,CAR 14 (ALO) OFF TRACK AND CONTINUED AT TURN 2
2023,United States Grand Prix,Q,NOR,10.0,0 days 00:01:35.981000,19.0,clear_violation,TRACK LIMITS AT TURN 19 LAP 11 
2023,United States Grand Prix,Q,RUS,14.0,0 days 00:01:35.682000,9.0,clear_violation,TRACK LIMITS AT TURN 9 LAP 15 
2023,United States Grand Prix,Q,VER,17.0,0 days 00:01:34.718000,19.0,clear_violation,TRACK LIMITS AT TURN 19 LAP 18 
2023,United States Grand Prix,Q,ZHO,5.0,0 days 00:01:37.525000,20.0,clear_violation,TRACK LIMITS AT TURN 20 LAP 6 
2023,United States Grand Prix,Q,RIC,11.0,0 days 00:01:36.437000,19.0,clear_violation,TRACK LIMITS AT TURN 19 LAP 12 
2023,United States Grand Prix,Q,HUL,5.0,0 days 00:01:36.379000,19.0,clear_violation,TRACK LIMITS AT TURN 19 LAP 6 
2023,United States Grand Prix,Q,SAR,4.0,0 days 00:01:38.203000,12.0,clear_violation,TRACK LIMITS AT TURN 12 LAP 5 
2023,United States Grand Prix,S,NOR,18.0,0 days 00:01:40.309000,12.0,clear_violation,TRACK LIMITS AT TURN 12 LAP 18 
2023,United States Grand Prix,S,NOR,19.0,0 days 00:01:40.492000,11.0,clear_violation,TRACK LIMITS AT TURN 11 LAP 19 
2023,United States Grand Prix,S,PER,2.0,0 days 00:01:41.841000,12.0,clear_violation,TRACK LIMITS AT TURN 12 LAP 2 
2023,United States Grand Prix,S,RUS,3.0,0 days 00:01:41.327000,15.0,clear_violation,TRACK LIMITS AT TURN 15 LAP 3 
2023,United States Grand Prix,S,ALB,7.0,0 days 00:01:41.185000,1.0,clear_violation,TRACK LIMITS AT TURN 1 LAP 7 
2023,United States Grand Prix,S,ALB,19.0,0 days 00:01:40.067000,19.0,clear_violation,TRACK LIMITS AT TURN 19 LAP 19 
2023,United States Grand Prix,S,PIA,3.0,0 days 00:01:42.870000,9.0,clear_violation,TRACK LIMITS AT TURN 9 LAP 3 
2023,United States Grand Prix,S,PIA,6.0,0 days 00:01:42.360000,20.0,clear_violation,TRACK LIMITS AT TURN 20 LAP 6 
2023,United States Grand Prix,S,PIA,7.0,0 days 00:01:42.072000,20.0,clear_violation,TRACK LIMITS AT TURN 20 (NEXT LAP)
2023,United States Grand Prix,S,RIC,4.0,0 days 00:01:41.832000,12.0,clear_violation,TRACK LIMITS AT TURN 12 LAP 4 
2023,United States Grand Prix,S,ZHO,13.0,0 days 00:01:42.116000,15.0,clear_violation,TRACK LIMITS AT TURN 15 LAP 13 
2023,United States Grand Prix,S,MAG,8.0,0 days 00:01:43.529000,19.0,clear_violation,TRACK LIMITS AT TURN 19 LAP 8 
2023,United States Grand Prix,S,MAG,9.0,0 days 00:01:43.169000,12.0,clear_violation,TRACK LIMITS AT TURN 12 LAP 9 
2023,United States Grand Prix,S,MAG,12.0,0 days 00:01:43.371000,1.0,clear_violation,TRACK LIMITS AT TURN 1 LAP 12 
2023,United States Grand Prix,S,MAG,13.0,0 days 00:01:43.970000,15.0,clear_violation,TRACK LIMITS AT TURN 15 LAP 13 
2023,United States Grand Prix,S,SAR,12.0,0 days 00:01:43.815000,19.0,clear_violation,TRACK LIMITS AT TURN 19 LAP 12 
2023,United States Grand Prix,R,NOR,16.0,0 days 00:01:42.725000,19.0,clear_violation,TRACK LIMITS AT TURN 19 LAP 16 
2023,United States Grand Prix,R,NOR,26.0,0 days 00:01:42.115000,19.0,clear_violation,TRACK LIMITS AT TURN 19 LAP 26 
2023,United States Grand Prix,R,SAI,41.0,0 days 00:01:40.907000,19.0,clear_violation,TRACK LIMITS AT TURN 19 LAP 41 
2023,United States Grand Prix,R,PER,41.0,0 days 00:01:40.837000,12.0,clear_violation,TRACK LIMITS AT TURN 12 LAP 41 
2023,United States Grand Prix,R,RUS,11.0,0 days 00:01:43.172000,12.0,clear_violation,TRACK LIMITS AT TURN 12 LAP 11 
2023,United States Grand Prix,R,GAS,22.0,0 days 00:01:42.598000,12.0,clear_violation,TRACK LIMITS AT TURN 12 LAP 22 
2023,United States Grand Prix,R,STR,26.0,0 days 00:01:42.273000,12.0,clear_violation,TRACK LIMITS AT TURN 12 LAP 26 
2023,United States Grand Prix,R,TSU,3.0,0 days 00:01:45.158000,20.0,clear_violation,TRACK LIMITS AT TURN 20 LAP 3 
2023,United States Grand Prix,R,ALB,20.0,0 days 00:01:43.029000,20.0,clear_violation,TRACK LIMITS AT TURN 20 LAP 20 
2023,United States Grand Prix,R,ALB,21.0,0 days 00:01:42.679000,20.0,clear_violation,TRACK LIMITS AT TURN 20 (NEXT LAP)
2023,United States Grand Prix,R,ALB,45.0,0 days 00:01:41.517000,6.0,clear_violation,TRACK LIMITS AT TURN 6 LAP 45 
2023,United States Grand Prix,R,ALB,47.0,0 days 00:01:41.675000,6.0,clear_violation,TRACK LIMITS AT TURN 6 LAP 47 
2023,United States Grand Prix,R,ALB,48.0,0 days 00:01:41.318000,6.0,clear_violation,TRACK LIMITS AT TURN 6 LAP 48 
2023,United States Grand Prix,R,ALB,49.0,0 days 00:01:41.596000,19.0,clear_violation,TRACK LIMITS AT TURN 19 LAP 49 
2023,United States Grand Prix,R,SAR,12.0,0 days 00:02:04.136000,19.0,clear_violation,TRACK LIMITS AT TURN 19 LAP 12 
2023,United States Grand Prix,R,SAR,32.0,0 days 00:01:43.953000,11.0,clear_violation,TRACK LIMITS AT TURN 11 LAP 32 
2023,United States Grand Prix,R,SAR,41.0,0 days 00:01:41.432000,19.0,clear_violation,TRACK LIMITS AT TURN 19 LAP 41 
2023,United States Grand Prix,R,HUL,5.0,0 days 00:01:44.648000,19.0,clear_violation,TRACK LIMITS AT TURN 19 LAP 5 
2023,United States Grand Prix,R,HUL,13.0,0 days 00:01:43.771000,13.0,clear_violation,TRACK LIMITS AT TURN 13 LAP 13 
2023,United States Grand Prix,R,MAG,2.0,0 days 00:01:45.395000,11.0,clear_violation,TRACK LIMITS AT TURN 11 LAP 2 
2023,United States Grand Prix,R,MAG,5.0,0 days 00:01:43.618000,19.0,clear_violation,TRACK LIMITS AT TURN 19 LAP 5 
2023,United States Grand Prix,R,MAG,10.0,0 days 00:01:44.749000,12.0,clear_violation,TRACK LIMITS AT TURN 12 LAP 10 
2023,United States Grand Prix,R,MAG,22.0,0 days 00:01:43.838000,19.0,clear_violation,TRACK LIMITS AT TURN 19 LAP 22 
2023,United States Grand Prix,R,MAG,55.0,0 days 00:01:43.838000,19.0,clear_violation,TRACK LIMITS AT TURN 19 LAP 22 
2023,United States Grand Prix,R,ALO,2.0,0 days 00:01:45.424000,11.0,clear_violation,TRACK LIMITS AT TURN 11 LAP 2 
2023,United States Grand Prix,R,ALO,18.0,0 days 00:01:44.156000,9.0,clear_violation,TRACK LIMITS AT TURN 9 LAP 18 
2023,United States Grand Prix,R,OCO,5.0,0 days 00:01:48.938000,19.0,clear_violation,TRACK LIMITS AT TURN 19 LAP 5 
2023,United States Grand Prix,R,HAM,6.0,0 days 00:01:42.189000,19.0,clear_violation,TRACK LIMITS AT TURN 19 LAP 6 
2023,United States Grand Prix,R,HAM,16.0,0 days 00:01:42.540000,19.0,clear_violation,TRACK LIMITS AT TURN 19 LAP 16 
2023,United States Grand Prix,R,HAM,56.0,0 days 00:01:40.743000,9.0,clear_violation,TRACK LIMITS AT TURN 9 LAP 56 
2023,United States Grand Prix,R,LEC,11.0,0 days 00:01:44.450000,12.0,clear_violation,TRACK LIMITS AT TURN 12 LAP 11 
2023,United States Grand Prix,R,LEC,49.0,0 days 00:01:41.400000,20.0,clear_violation,TRACK LIMITS AT TURN 20 LAP 49 
2023,United States Grand Prix,R,LEC,50.0,0 days 00:01:42.085000,20.0,clear_violation,TRACK LIMITS AT TURN 20 (NEXT LAP)
2023,United States Grand Prix,R,LEC,52.0,0 days 00:01:42.190000,19.0,clear_violation,TRACK LIMITS AT TURN 19 LAP 52 
2023,Mexico City Grand Prix,FP1,SAI,,,1.0,no_advantage,CAR 55 (SAI) OFF TRACK AND CONTINUED AT TURN 1
2023,Mexico City Grand Prix,FP1,NOR,,,12.0,no_advantage,CAR 4 (NOR) OFF TRACK AND CONTINUED AT TURN 12
2023,Mexico City Grand Prix,FP3,OCO,,,1.0,no_advantage,CAR 31 (OCO) OFF TRACK AND CONTINUED AT TURN 1
2023,Mexico City Grand Prix,FP3,STR,,,9.0,no_advantage,CAR 18 (STR) OFF TRACK AND CONTINUED AT TURN 9
2023,Mexico City Grand Prix,Q,ALB,11.0,0 days 00:01:18.302000,2.0,clear_violation,TRACK LIMITS AT TURN 2 LAP 12 
2023,Mexico City Grand Prix,Q,SAR,2.0,0 days 00:01:20.439000,12.0,clear_violation,TRACK LIMITS AT TURN 12 LAP 3 
2023,Mexico City Grand Prix,Q,SAR,5.0,0 days 00:01:19.965000,11.0,clear_violation,TRACK LIMITS AT TURN 11 LAP 6 
2023,Mexico City Grand Prix,R,SAR,54.0,0 days 00:01:23.916000,2.0,clear_violation,TRACK LIMITS AT TURN 2 LAP 54 
2023,Mexico City Grand Prix,R,SAR,65.0,0 days 00:01:23.751000,2.0,clear_violation,TRACK LIMITS AT TURN 2 LAP 65 
2023,Mexico City Grand Prix,R,MAG,24.0,0 days 00:01:43.471000,2.0,clear_violation,TRACK LIMITS AT TURN 2 LAP 24 
2023,Mexico City Grand Prix,R,MAG,29.0,0 days 00:01:24.579000,17.0,clear_violation,TRACK LIMITS AT TURN 17 LAP 29 
2023,Mexico City Grand Prix,R,TSU,8.0,0 days 00:01:25.565000,1.0,clear_violation,TRACK LIMITS AT TURN 1 LAP 8 
2023,Mexico City Grand Prix,R,TSU,49.0,0 days 00:01:40.130000,1.0,clear_violation,TRACK LIMITS AT TURN 1 LAP 49 
2023,Mexico City Grand Prix,R,TSU,53.0,0 days 00:01:24.328000,12.0,clear_violation,TRACK LIMITS AT TURN 12 LAP 53 
2023,Mexico City Grand Prix,R,SAI,28.0,0 days 00:01:24.158000,2.0,clear_violation,TRACK LIMITS AT TURN 2 LAP 28 
2023,Mexico City Grand Prix,R,RUS,16.0,0 days 00:01:25.192000,12.0,clear_violation,TRACK LIMITS AT TURN 12 LAP 16 
2023,Mexico City Grand Prix,R,TSU,,,1.0,no_advantage,CAR 22 (TSU) OFF TRACK AND CONTINUED AT TURN 1
2023,São Paulo Grand Prix,FP1,SAR,,,1.0,no_advantage,CAR 2 (SAR) OFF TRACK AND CONTINUED AT TURN 1
2023,São Paulo Grand Prix,FP1,BOT,,,1.0,no_advantage,CAR 77 (BOT) OFF TRACK AND CONTINUED AT TURN 1
2023,São Paulo Grand Prix,Q,ALB,14.0,0 days 00:01:10.773000,4.0,clear_violation,TRACK LIMITS AT TURN 4 LAP 15 
2023,São Paulo Grand Prix,S,SAR,5.0,0 days 00:01:18.311000,1.0,clear_violation,TRACK LIMITS AT TURN 1 LAP 5 
2023,São Paulo Grand Prix,S,SAR,,,1.0,no_advantage,CAR 2 (SAR) OFF TRACK AND CONTINUED AT TURN 1
2023,Las Vegas Grand Prix,FP2,PER,,,12.0,no_advantage,CAR 11 (PER) OFF TRACK AND CONTINUED AT TURN 12
2023,Las Vegas Grand Prix,FP2,MAG,,,12.0,no_advantage,CAR 20 (MAG) OFF TRACK AND CONTINUED AT TURN 12
2023,Las Vegas Grand Prix,FP2,STR,,,14.0,no_advantage,CAR 18 (STR) OFF TRACK AND CONTINUED AT TURN 14
2023,Las Vegas Grand Prix,FP2,VER,,,12.0,no_advantage,CAR 1 (VER) OFF TRACK AND CONTINUED AT TURN 12
2023,Las Vegas Grand Prix,FP2,HUL,,,12.0,no_advantage,CAR 27 (HUL) OFF TRACK AND CONTINUED AT TURN 12
2023,Las Vegas Grand Prix,FP2,GAS,,,12.0,no_advantage,CAR 10 (GAS) OFF TRACK AND CONTINUED AT TURN 12
2023,Las Vegas Grand Prix,FP2,ALB,,,14.0,no_advantage,CAR 23 (ALB) OFF TRACK AND CONTINUED AT TURN 14
2023,Las Vegas Grand Prix,FP2,RUS,,,5.0,no_advantage,CAR 63 (RUS) OFF TRACK AND CONTINUED AT TURN 5
2023,Las Vegas Grand Prix,FP2,SAR,,,12.0,no_advantage,CAR 2 (SAR) OFF TRACK AND CONTINUED AT TURN 12
2023,Las Vegas Grand Prix,FP2,RUS,,,14.0,no_advantage,CAR 63 (RUS) OFF TRACK AND CONTINUED AT TURN 14
2023,Las Vegas Grand Prix,FP2,SAR,,,5.0,no_advantage,CAR 2 (SAR) OFF TRACK AND CONTINUED AT TURN 5
2023,Las Vegas Grand Prix,FP2,VER,,,5.0,no_advantage,CAR 1 (VER) OFF TRACK AND CONTINUED AT TURN 5
2023,Las Vegas Grand Prix,FP3,MAG,,,5.0,no_advantage,CAR 20 (MAG) OFF TRACK AND CONTINUED AT TURN 5
2023,Las Vegas Grand Prix,FP3,BOT,,,14.0,no_advantage,CAR 77 (BOT) OFF TRACK AND CONTINUED AT TURN 14
2023,Las Vegas Grand Prix,FP3,SAR,,,5.0,no_advantage,CAR 2 (SAR) OFF TRACK AND CONTINUED AT TURN 5
2023,Las Vegas Grand Prix,FP3,ZHO,,,1.0,no_advantage,CAR 24 (ZHO) OFF TRACK AND CONTINUED AT TURN 1
2023,Las Vegas Grand Prix,FP3,RUS,,,12.0,no_advantage,CAR 63 (RUS) OFF TRACK AND CONTINUED AT TURN 12
2023,Las Vegas Grand Prix,FP3,RIC,,,12.0,no_advantage,CAR 3 (RIC) OFF TRACK AND CONTINUED AT TURN 12
2023,Las Vegas Grand Prix,FP3,VER,,,12.0,no_advantage,CAR 1 (VER) OFF TRACK AND CONTINUED AT TURN 12
2023,Las Vegas Grand Prix,FP3,ALB,,,5.0,no_advantage,CAR 23 (ALB) OFF TRACK AND CONTINUED AT TURN 5
2023,Las Vegas Grand Prix,Q,RUS,3.0,0 days 00:01:46.859000,8.0,clear_violation,TRACK LIMITS AT TURN 8 LAP 4 0:09:47
2023,Las Vegas Grand Prix,Q,RUS,6.0,0 days 00:01:59.869000,8.0,clear_violation,TRACK LIMITS AT TURN 8 LAP 7 0:15:37
2023,Las Vegas Grand Prix,Q,HAM,5.0,0 days 00:02:00.864000,8.0,clear_violation,TRACK LIMITS AT TURN 8 LAP 6 0:13:15
2023,Las Vegas Grand Prix,Q,NOR,7.0,0 days 00:01:52.414000,8.0,clear_violation,TRACK LIMITS AT TURN 8 LAP 8 0:12:47
2023,Las Vegas Grand Prix,Q,TSU,5.0,0 days 00:01:36.976000,8.0,clear_violation,TRACK LIMITS AT TURN 8 LAP 6 0:08:49
2023,Las Vegas Grand Prix,Q,TSU,,,5.0,no_advantage,CAR 22 (TSU) OFF TRACK AND CONTINUED AT TURN 5
2023,Las Vegas Grand Prix,R,GAS,29.0,0 days 00:01:41.251000,17.0,clear_violation,TRACK LIMITS AT TURN 17 (NEXT LAP)
2023,Las Vegas Grand Prix,R,ALO,47.0,0 days 00:01:36.718000,8.0,clear_violation,TRACK LIMITS AT TURN 8 LAP 47 
2023,Las Vegas Grand Prix,R,LEC,43.0,0 days 00:01:38.449000,12.0,clear_violation,TRACK LIMITS AT TURN 12 LAP 43 
2023,Las Vegas Grand Prix,R,STR,20.0,0 days 00:01:39.953000,8.0,clear_violation,TRACK LIMITS AT TURN 8 LAP 20 
2023,Las Vegas Grand Prix,R,SAR,40.0,0 days 00:01:39.781000,8.0,clear_violation,TRACK LIMITS AT TURN 8 LAP 40 
2023,Las Vegas Grand Prix,R,MAG,13.0,0 days 00:01:39.792000,7.0,clear_violation,TRACK LIMITS AT TURN 7 LAP 13 
2023,Las Vegas Grand Prix,R,ALB,40.0,0 days 00:01:41.170000,4.0,clear_violation,TRACK LIMITS AT TURN 4 LAP 40 
2023,Las Vegas Grand Prix,R,OCO,8.0,0 days 00:01:41.013000,17.0,clear_violation,TRACK LIMITS AT TURN 17 LAP 8 
2023,Las Vegas Grand Prix,R,OCO,9.0,0 days 00:01:40.316000,17.0,clear_violation,TRACK LIMITS AT TURN 17 (NEXT LAP)
2023,Las Vegas Grand Prix,R,HAM,17.0,0 days 00:01:58.137000,7.0,clear_violation,TRACK LIMITS AT TURN 7 LAP 17 
2023,Las Vegas Grand Prix,R,HAM,47.0,0 days 00:01:36.425000,8.0,clear_violation,TRACK LIMITS AT TURN 8 LAP 47 
2023,Las Vegas Grand Prix,R,BOT,2.0,0 days 00:02:27.981000,8.0,clear_violation,TRACK LIMITS AT TURN 8 LAP 2 
2023,Las Vegas Grand Prix,R,BOT,14.0,0 days 00:01:43.971000,1.0,clear_violation,TRACK LIMITS AT TURN 1 LAP 14 
2023,Abu Dhabi Grand Prix,Q,VER,5.0,0 days 00:01:24.554000,16.0,clear_violation,TRACK LIMITS AT TURN 16 LAP 6 
2023,Abu Dhabi Grand Prix,Q,HUL,2.0,0 days 00:01:25.054000,16.0,clear_violation,TRACK LIMITS AT TURN 16 LAP 3 
2023,Abu Dhabi Grand Prix,Q,HUL,8.0,0 days 00:01:25.003000,16.0,clear_violation,TRACK LIMITS AT TURN 16 LAP 9 
2023,Abu Dhabi Grand Prix,Q,PER,16.0,0 days 00:01:23.868000,1.0,clear_violation,TRACK LIMITS AT TURN 1 LAP 17 
2023,Abu Dhabi Grand Prix,Q,GAS,17.0,0 days 00:01:24.533000,1.0,clear_violation,TRACK LIMITS AT TURN 1 LAP 18 
2023,Abu Dhabi Grand Prix,Q,ZHO,2.0,0 days 00:01:25.114000,16.0,clear_violation,TRACK LIMITS AT TURN 16 LAP 3 
2023,Abu Dhabi Grand Prix,Q,SAR,2.0,0 days 00:01:24.722000,1.0,clear_violation,TRACK LIMITS AT TURN 1 LAP 3 
2023,Abu Dhabi Grand Prix,Q,SAR,5.0,0 days 00:01:24.532000,1.0,clear_violation,TRACK LIMITS AT TURN 1 LAP 6 
2023,Abu Dhabi Grand Prix,R,VER,23.0,0 days 00:01:29.634000,1.0,clear_violation,TRACK LIMITS AT TURN 1 LAP 23 
2023,Abu Dhabi Grand Prix,R,LEC,10.0,0 days 00:01:30.609000,1.0,clear_violation,TRACK LIMITS AT TURN 1 LAP 10 
2023,Abu Dhabi Grand Prix,R,LEC,28.0,0 days 00:01:29.556000,16.0,clear_violation,TRACK LIMITS AT TURN 16 LAP 29 
2023,Abu Dhabi Grand Prix,R,LEC,29.0,0 days 00:01:29.556000,16.0,clear_violation,TRACK LIMITS AT TURN 16 LAP 29 
2023,Abu Dhabi Grand Prix,R,RUS,54.0,0 days 00:01:30.038000,1.0,clear_violation,TRACK LIMITS AT TURN 1 LAP 54 
2023,Abu Dhabi Grand Prix,R,PER,41.0,0 days 00:01:29.195000,1.0,clear_violation,TRACK LIMITS AT TURN 1 LAP 41 
2023,Abu Dhabi Grand Prix,R,NOR,9.0,0 days 00:01:30.613000,1.0,clear_violation,TRACK LIMITS AT TURN 1 LAP 9 
2023,Abu Dhabi Grand Prix,R,NOR,31.0,0 days 00:01:30.010000,12.0,clear_violation,TRACK LIMITS AT TURN 12 LAP 31 
2023,Abu Dhabi Grand Prix,R,NOR,47.0,0 days 00:01:28.568000,6.0,clear_violation,TRACK LIMITS AT TURN 6 LAP 47 
2023,Abu Dhabi Grand Prix,R,PIA,15.0,0 days 00:01:30.649000,4.0,clear_violation,TRACK LIMITS AT TURN 4 LAP 15 
2023,Abu Dhabi Grand Prix,R,PIA,31.0,0 days 00:01:30.082000,1.0,clear_violation,TRACK LIMITS AT TURN 1 LAP 31 
2023,Abu Dhabi Grand Prix,R,ALO,33.0,0 days 00:01:30.426000,1.0,clear_violation,TRACK LIMITS AT TURN 1 LAP 33 
2023,Abu Dhabi Grand Prix,R,TSU,15.0,0 days 00:01:30.901000,16.0,clear_violation,TRACK LIMITS AT TURN 16 LAP 15 
2023,Abu Dhabi Grand Prix,R,TSU,16.0,0 days 00:01:31.081000,16.0,clear_violation,TRACK LIMITS AT TURN 16 (NEXT LAP)
2023,Abu Dhabi Grand Prix,R,TSU,17.0,0 days 00:01:31.228000,1.0,clear_violation,TRACK LIMITS AT TURN 1 LAP 17 
2023,Abu Dhabi Grand Prix,R,HAM,14.0,0 days 00:01:31.432000,1.0,clear_violation,TRACK LIMITS AT TURN 1 LAP 14 
2023,Abu Dhabi Grand Prix,R,STR,14.0,0 days 00:01:31.693000,1.0,clear_violation,TRACK LIMITS AT TURN 1 LAP 14 
2023,Abu Dhabi Grand Prix,R,STR,32.0,0 days 00:01:29.831000,1.0,clear_violation,TRACK LIMITS AT TURN 1 LAP 32 
2023,Abu Dhabi Grand Prix,R,RIC,5.0,0 days 00:01:31.326000,1.0,clear_violation,TRACK LIMITS AT TURN 1 LAP 5 
2023,Abu Dhabi Grand Prix,R,RIC,31.0,0 days 00:01:32.484000,1.0,clear_violation,TRACK LIMITS AT TURN 1 LAP 31 
2023,Abu Dhabi Grand Prix,R,GAS,41.0,0 days 00:01:29.621000,4.0,clear_violation,TRACK LIMITS AT TURN 4 LAP 41 
2023,Abu Dhabi Grand Prix,R,GAS,43.0,0 days 00:01:29.717000,4.0,clear_violation,TRACK LIMITS AT TURN 4 LAP 43 
2023,Abu Dhabi Grand Prix,R,ALB,2.0,0 days 00:01:33.560000,7.0,clear_violation,TRACK LIMITS AT TURN 7 LAP 2 
2023,Abu Dhabi Grand Prix,R,ALB,14.0,0 days 00:01:31.655000,4.0,clear_violation,TRACK LIMITS AT TURN 4 LAP 14 
2023,Abu Dhabi Grand Prix,R,ALB,31.0,0 days 00:01:30.555000,4.0,clear_violation,TRACK LIMITS AT TURN 4 LAP 31 
2023,Abu Dhabi Grand Prix,R,ALB,32.0,0 days 00:01:30.350000,4.0,clear_violation,TRACK LIMITS AT TURN 4 LAP 32 
2023,Abu Dhabi Grand Prix,R,HUL,11.0,0 days 00:01:32.002000,1.0,clear_violation,TRACK LIMITS AT TURN 1 LAP 11 
2023,Abu Dhabi Grand Prix,R,SAR,2.0,0 days 00:01:33.582000,7.0,clear_violation,TRACK LIMITS AT TURN 7 LAP 2 
2023,Abu Dhabi Grand Prix,R,SAR,10.0,0 days 00:01:32.038000,4.0,clear_violation,TRACK LIMITS AT TURN 4 LAP 10 
2023,Abu Dhabi Grand Prix,R,ZHO,12.0,0 days 00:01:32.298000,1.0,clear_violation,TRACK LIMITS AT TURN 1 LAP 12 
2023,Abu Dhabi Grand Prix,R,SAI,6.0,0 days 00:01:31.175000,1.0,clear_violation,TRACK LIMITS AT TURN 1 LAP 6 
2023,Abu Dhabi Grand Prix,R,SAI,30.0,0 days 00:01:29.700000,1.0,clear_violation,TRACK LIMITS AT TURN 1 LAP 30 
2023,Abu Dhabi Grand Prix,R,MAG,23.0,0 days 00:01:51.422000,4.0,clear_violation,TRACK LIMITS AT TURN 4 LAP 23 
2024,Bahrain Grand Prix,Q,MAG,8.0,0 days 00:01:31.170000,7.0,clear_violation,TRACK LIMITS AT TURN 7 LAP 9 
2024,Bahrain Grand Prix,Q,GAS,2.0,0 days 00:01:32.434000,13.0,clear_violation,TRACK LIMITS AT TURN 13 LAP 3 
2024,Bahrain Grand Prix,R,VER,46.0,0 days 00:01:34.193000,4.0,clear_violation,TRACK LIMITS AT TURN 4 LAP 46 
2024,Bahrain Grand Prix,R,LEC,4.0,0 days 00:01:37.752000,10.0,clear_violation,TRACK LIMITS AT TURN 10 LAP 4 
2024,Bahrain Grand Prix,R,RUS,46.0,0 days 00:01:36.657000,10.0,clear_violation,TRACK LIMITS AT TURN 10 LAP 46 
2024,Bahrain Grand Prix,R,NOR,3.0,0 days 00:01:37.787000,15.0,clear_violation,TRACK LIMITS AT TURN 15 LAP 3 
2024,Bahrain Grand Prix,R,NOR,4.0,0 days 00:01:37.450000,15.0,clear_violation,TRACK LIMITS AT TURN 15 (NEXT LAP)
2024,Bahrain Grand Prix,R,NOR,56.0,0 days 00:01:35.976000,13.0,clear_violation,TRACK LIMITS AT TURN 13 LAP 56 
2024,Bahrain Grand Prix,R,HAM,27.0,0 days 00:01:37.201000,10.0,clear_violation,TRACK LIMITS AT TURN 10 LAP 27 
2024,Bahrain Grand Prix,R,HAM,47.0,0 days 00:01:35.226000,4.0,clear_violation,TRACK LIMITS AT TURN 4 LAP 47 
2024,Bahrain Grand Prix,R,PIA,37.0,0 days 00:01:34.774000,15.0,clear_violation,TRACK LIMITS AT TURN 15 LAP 37 
2024,Bahrain Grand Prix,R,PIA,38.0,0 days 00:01:35.298000,15.0,clear_violation,TRACK LIMITS AT TURN 15 (NEXT LAP)
2024,Bahrain Grand Prix,R,PIA,50.0,0 days 00:01:35.984000,4.0,clear_violation,TRACK LIMITS AT TURN 4 LAP 50 
2024,Bahrain Grand Prix,R,RIC,51.0,0 days 00:01:37.103000,13.0,clear_violation,TRACK LIMITS AT TURN 13 LAP 51 
2024,Bahrain Grand Prix,R,RIC,55.0,0 days 00:01:37.375000,4.0,clear_violation,TRACK LIMITS AT TURN 4 LAP 55 
2024,Bahrain Grand Prix,R,RIC,56.0,0 days 00:01:37.662000,4.0,clear_violation,TRACK LIMITS AT TURN 4 LAP 56 
2024,Bahrain Grand Prix,R,TSU,10.0,0 days 00:01:38.912000,4.0,clear_violation,TRACK LIMITS AT TURN 4 LAP 10 
2024,Bahrain Grand Prix,R,TSU,27.0,0 days 00:01:38.083000,13.0,clear_violation,TRACK LIMITS AT TURN 13 LAP 27 
2024,Bahrain Grand Prix,R,ALB,47.0,0 days 00:01:36.026000,4.0,clear_violation,TRACK LIMITS AT TURN 4 LAP 47 
2024,Bahrain Grand Prix,R,ALB,49.0,0 days 00:01:37.102000,10.0,clear_violation,TRACK LIMITS AT TURN 10 LAP 49 
2024,Bahrain Grand Prix,R,GAS,44.0,0 days 00:01:56.481000,4.0,clear_violation,TRACK LIMITS AT TURN 4 LAP 44 
2024,Bahrain Grand Prix,R,GAS,55.0,0 days 00:01:35.908000,4.0,clear_violation,TRACK LIMITS AT TURN 4 LAP 55 
2024,Bahrain Grand Prix,R,SAR,,,4.0,no_advantage,CAR 2 (SAR) OFF TRACK AND CONTINUED AT TURN 4
2024,Saudi Arabian Grand Prix,FP3,VER,,,9.0,no_advantage,CAR 1 (VER) OFF TRACK AND CONTINUED AT TURN 9
2024,Saudi Arabian Grand Prix,FP3,MAG,,,14.0,no_advantage,CAR 20 (MAG) OFF TRACK AND CONTINUED AT TURN 14
2024,Saudi Arabian Grand Prix,Q,MAG,3.0,0 days 00:01:56.534000,8.0,clear_violation,TRACK LIMITS AT TURN 8 LAP 4 
2024,Saudi Arabian Grand Prix,R,VER,29.0,0 days 00:01:32.752000,23.0,clear_violation,TRACK LIMITS AT TURN 23 LAP 29 
2024,Saudi Arabian Grand Prix,R,MAG,10.0,0 days 00:01:39.463000,4.0,clear_violation,TRACK LIMITS AT TURN 4 LAP 10 
2024,Saudi Arabian Grand Prix,R,MAG,16.0,0 days 00:01:36.100000,23.0,clear_violation,TRACK LIMITS AT TURN 23 LAP 16 
2024,Saudi Arabian Grand Prix,R,MAG,17.0,0 days 00:01:36.621000,5.0,clear_violation,TRACK LIMITS AT TURN 5 LAP 17 
2024,Saudi Arabian Grand Prix,R,MAG,48.0,0 days 00:01:33.474000,4.0,clear_violation,TRACK LIMITS AT TURN 4 LAP 48 
2024,Saudi Arabian Grand Prix,R,TSU,29.0,0 days 00:01:36.731000,2.0,clear_violation,TRACK LIMITS AT TURN 2 LAP 29 
2024,Saudi Arabian Grand Prix,R,ALB,10.0,0 days 00:01:40.318000,4.0,clear_violation,TRACK LIMITS AT TURN 4 LAP 10 
2024,Saudi Arabian Grand Prix,R,ALB,22.0,0 days 00:01:36.016000,2.0,clear_violation,TRACK LIMITS AT TURN 2 LAP 22 
2024,Saudi Arabian Grand Prix,R,ALB,35.0,0 days 00:01:35.050000,2.0,clear_violation,TRACK LIMITS AT TURN 2 LAP 35 
2024,Saudi Arabian Grand Prix,R,HUL,2.0,0 days 00:01:37.836000,2.0,clear_violation,TRACK LIMITS AT TURN 2 LAP 2 
2024,Saudi Arabian Grand Prix,R,RIC,41.0,0 days 00:01:34.574000,4.0,clear_violation,TRACK LIMITS AT TURN 4 LAP 41 
2024,Saudi Arabian Grand Prix,R,NOR,18.0,0 days 00:01:35.607000,23.0,clear_violation,TRACK LIMITS AT TURN 23 LAP 18 
2024,Saudi Arabian Grand Prix,R,RUS,48.0,0 days 00:01:32.880000,2.0,clear_violation,TRACK LIMITS AT TURN 2 LAP 48 
2024,Saudi Arabian Grand Prix,R,BOT,23.0,0 days 00:01:36.251000,,clear_violation,TRACK LIMITS AT PIT ENTRY LAP 23 
2024,Saudi Arabian Grand Prix,R,PIA,17.0,0 days 00:01:35.057000,2.0,clear_violation,TRACK LIMITS AT TURN 2 LAP 17 
2024,Saudi Arabian Grand Prix,R,PIA,35.0,0 days 00:01:34.118000,2.0,clear_violation,TRACK LIMITS AT TURN 2 LAP 35 
2024,Australian Grand Prix,FP1,ALO,,,10.0,no_advantage,CAR 14 (ALO) OFF TRACK AND CONTINUED AT TURN 10
2024,Australian Grand Prix,FP1,HAM,,,2.0,no_advantage,CAR 44 (HAM) OFF TRACK AND CONTINUED AT TURN 2
2024,Australian Grand Prix,FP2,SAR,,,1.0,no_advantage,CAR 2 (SAR) OFF TRACK AND CONTINUED AT TURN 1
2024,Australian Grand Prix,FP2,LEC,,,2.0,no_advantage,CAR 16 (LEC) OFF TRACK AND CONTINUED AT TURN 2
2024,Australian Grand Prix,FP2,STR,,,13.0,no_advantage,CAR 18 (STR) OFF TRACK AND CONTINUED AT TURN 13
2024,Australian Grand Prix,Q,ALB,2.0,0 days 00:01:18.709000,10.0,clear_violation,TRACK LIMITS AT TURN 10 LAP 3 
2024,Australian Grand Prix,Q,RIC,5.0,0 days 00:01:17.466000,5.0,clear_violation,TRACK LIMITS AT TURN 5 LAP 6 
2024,Australian Grand Prix,Q,ALO,,,6.0,no_advantage,CAR 14 (ALO) OFF TRACK AND CONTINUED AT TURN 6
2024,Australian Grand Prix,R,HAM,10.0,0 days 00:01:24.295000,2.0,clear_violation,TRACK LIMITS AT TURN 2 LAP 10 
2024,Japanese Grand Prix,FP3,MAG,,,11.0,no_advantage,CAR 20 (MAG) OFF TRACK AND CONTINUED AT TURN 11
2024,Japanese Grand Prix,Q,HUL,8.0,0 days 00:01:30.658000,13.0,clear_violation,TRACK LIMITS AT TURN 13 LAP 9 
2024,Japanese Grand Prix,R,PER,6.0,0 days 00:01:37.693000,9.0,clear_violation,TRACK LIMITS AT TURN 9 LAP 6 
2024,Japanese Grand Prix,R,SAI,35.0,0 days 00:01:36.948000,17.0,clear_violation,TRACK LIMITS AT TURN 17 LAP 35 
2024,Japanese Grand Prix,R,LEC,26.0,0 days 00:01:43.175000,9.0,clear_violation,TRACK LIMITS AT TURN 9 LAP 26 
2024,Japanese Grand Prix,R,NOR,22.0,0 days 00:01:38.888000,9.0,clear_violation,TRACK LIMITS AT TURN 9 LAP 22 
2024,Japanese Grand Prix,R,PIA,30.0,0 days 00:01:37.946000,17.0,clear_violation,TRACK LIMITS AT TURN 17 LAP 30 
2024,Japanese Grand Prix,R,PIA,49.0,0 days 00:01:36.179000,17.0,clear_violation,TRACK LIMITS AT TURN 17 LAP 49 
2024,Japanese Grand Prix,R,HAM,45.0,0 days 00:01:34.791000,14.0,clear_violation,TRACK LIMITS AT TURN 14 LAP 45 
2024,Japanese Grand Prix,R,SAR,11.0,0 days 00:01:39.348000,14.0,clear_violation,TRACK LIMITS AT TURN 14 LAP 11 
2024,Japanese Grand Prix,R,SAR,41.0,0 days 00:02:23.782000,9.0,clear_violation,TRACK LIMITS AT TURN 9 LAP 41 
2024,Japanese Grand Prix,R,SAR,52.0,0 days 00:01:37.715000,9.0,clear_violation,TRACK LIMITS AT TURN 9 LAP 52 
2024,Chinese Grand Prix,FP1,HAM,,,6.0,no_advantage,CAR 44 (HAM) OFF TRACK AND CONTINUED AT TURN 6
2024,Chinese Grand Prix,SQ,VER,9.0,0 days 00:02:02.995000,6.0,clear_violation,TRACK LIMITS AT TURN 6 LAP 10 
2024,Chinese Grand Prix,SQ,VER,10.0,0 days 00:02:01.684000,16.0,clear_violation,TRACK LIMITS AT TURN 16 LAP 11 
2024,Chinese Grand Prix,SQ,PER,11.0,0 days 00:02:01.557000,16.0,clear_violation,TRACK LIMITS AT TURN 16 LAP 12 
2024,Chinese Grand Prix,SQ,ZHO,13.0,0 days 00:02:07.645000,6.0,clear_violation,TRACK LIMITS AT TURN 6 LAP 14 
2024,Chinese Grand Prix,SQ,NOR,11.0,0 days 00:02:00.863000,16.0,clear_violation,TRACK LIMITS AT TURN 16 LAP 12 
2024,Chinese Grand Prix,SQ,HAM,12.0,0 days 00:02:27.931000,6.0,clear_violation,TRACK LIMITS AT TURN 6 LAP 13 
2024,Chinese Grand Prix,SQ,ZHO,,,6.0,no_advantage,CAR 24 (ZHO) OFF TRACK AND CONTINUED AT TURN 6
2024,Chinese Grand Prix,S,LEC,16.0,0 days 00:01:44.448000,14.0,clear_violation,TRACK LIMITS AT TURN 14 LAP 16 
2024,Chinese Grand Prix,S,RIC,15.0,0 days 00:01:43.517000,14.0,clear_violation,TRACK LIMITS AT TURN 14 LAP 15 
2024,Chinese Grand Prix,S,STR,8.0,0 days 00:01:43.430000,14.0,clear_violation,TRACK LIMITS AT TURN 14 LAP 8 
2024,Chinese Grand Prix,R,GAS,4.0,0 days 00:01:42.847000,14.0,clear_violation,TRACK LIMITS AT TURN 14 LAP 4 
2024,Chinese Grand Prix,R,GAS,48.0,0 days 00:01:41.551000,6.0,clear_violation,TRACK LIMITS AT TURN 6 LAP 48 
2024,Chinese Grand Prix,R,SAR,8.0,0 days 00:01:44.213000,6.0,clear_violation,TRACK LIMITS AT TURN 6 LAP 8 
2024,Chinese Grand Prix,R,ALB,54.0,0 days 00:01:42.424000,6.0,clear_violation,TRACK LIMITS AT TURN 6 LAP 54 
2024,Chinese Grand Prix,R,HUL,2.0,0 days 00:01:43.687000,6.0,clear_violation,TRACK LIMITS AT TURN 6 LAP 2 
2024,Miami Grand Prix,SQ,PIA,4.0,0 days 00:01:55.292000,1.0,clear_violation,TRACK LIMITS AT TURN 1 LAP 5 
2024,Miami Grand Prix,SQ,TSU,8.0,0 days 00:01:28.736000,5.0,clear_violation,TRACK LIMITS AT TURN 5 LAP 9 
2024,Miami Grand Prix,SQ,ALB,5.0,0 days 00:01:29.112000,15.0,clear_violation,TRACK LIMITS AT TURN 15 LAP 6 
2024,Miami Grand Prix,SQ,BOT,5.0,0 days 00:01:59.965000,1.0,clear_violation,TRACK LIMITS AT TURN 1 LAP 6 
2024,Miami Grand Prix,S,HUL,6.0,0 days 00:01:31.939000,15.0,clear_violation,TRACK LIMITS AT TURN 15 LAP 6 
2024,Miami Grand Prix,S,HAM,14.0,0 days 00:01:35.041000,11.0,clear_violation,TRACK LIMITS AT TURN 11 LAP 14 
2024,Miami Grand Prix,S,MAG,8.0,0 days 00:01:32.463000,15.0,clear_violation,TRACK LIMITS AT TURN 15 LAP 8 
2024,Miami Grand Prix,S,MAG,11.0,0 days 00:01:33.314000,11.0,clear_violation,TRACK LIMITS AT TURN 11 LAP 11 
2024,Miami Grand Prix,S,MAG,12.0,0 days 00:01:33.028000,11.0,clear_violation,TRACK LIMITS AT TURN 11 LAP 12 
2024,Miami Grand Prix,S,MAG,14.0,0 days 00:01:34.610000,11.0,clear_violation,TRACK LIMITS AT TURN 11 LAP 14 
2024,Miami Grand Prix,R,VER,21.0,0 days 00:01:32.926000,15.0,clear_violation,TRACK LIMITS AT TURN 15 LAP 21 
2024,Miami Grand Prix,R,GAS,26.0,0 days 00:01:34.440000,12.0,clear_violation,TRACK LIMITS AT TURN 12 LAP 26 
2024,Miami Grand Prix,R,ALO,14.0,0 days 00:01:34.618000,5.0,clear_violation,TRACK LIMITS AT TURN 5 LAP 14 
2024,Miami Grand Prix,R,ALO,33.0,0 days 00:01:34.900000,7.0,clear_violation,TRACK LIMITS AT TURN 7 LAP 33 
2024,Miami Grand Prix,R,STR,18.0,0 days 00:01:33.861000,5.0,clear_violation,TRACK LIMITS AT TURN 5 LAP 27 
2024,Miami Grand Prix,R,STR,27.0,0 days 00:01:33.861000,5.0,clear_violation,TRACK LIMITS AT TURN 5 LAP 27 
2024,Miami Grand Prix,R,STR,42.0,0 days 00:01:32.584000,5.0,clear_violation,TRACK LIMITS AT TURN 5 LAP 42 
2024,Miami Grand Prix,R,STR,43.0,0 days 00:01:32.958000,5.0,clear_violation,TRACK LIMITS AT TURN 5 LAP 43 
2024,Miami Grand Prix,R,STR,52.0,0 days 00:01:33.206000,2.0,clear_violation,TRACK LIMITS AT TURN 2 LAP 52 
2024,Miami Grand Prix,R,TSU,5.0,0 days 00:01:35.267000,7.0,clear_violation,TRACK LIMITS AT TURN 7 LAP 5 
2024,Miami Grand Prix,R,ALB,8.0,0 days 00:01:33.981000,5.0,clear_violation,TRACK LIMITS AT TURN 5 LAP 8 
2024,Miami Grand Prix,R,ALB,12.0,0 days 00:01:34.419000,12.0,clear_violation,TRACK LIMITS AT TURN 12 LAP 12 
2024,Miami Grand Prix,R,ALB,50.0,0 days 00:01:32.755000,15.0,clear_violation,TRACK LIMITS AT TURN 15 LAP 50 
2024,Miami Grand Prix,R,ZHO,2.0,0 days 00:01:36.265000,12.0,clear_violation,TRACK LIMITS AT TURN 12 LAP 2 
2024,Miami Grand Prix,R,ZHO,39.0,0 days 00:01:33.309000,12.0,clear_violation,TRACK LIMITS AT TURN 12 LAP 39 
2024,Miami Grand Prix,R,HUL,25.0,0 days 00:01:34.486000,12.0,clear_violation,TRACK LIMITS AT TURN 12 LAP 25 
2024,Miami Grand Prix,R,HUL,27.0,0 days 00:01:34.825000,12.0,clear_violation,TRACK LIMITS AT TURN 12 LAP 27 
2024,Miami Grand Prix,R,HAM,26.0,0 days 00:01:39.049000,12.0,clear_violation,TRACK LIMITS AT TURN 12 LAP 26 
2024,Miami Grand Prix,R,SAI,34.0,0 days 00:01:32.109000,12.0,clear_violation,TRACK LIMITS AT TURN 12 LAP 34 
2024,Miami Grand Prix,R,RUS,44.0,0 days 00:01:33.698000,17.0,clear_violation,TRACK LIMITS AT TURN 17 LAP 44 
2024,Emilia Romagna Grand Prix,Q,ALB,2.0,0 days 00:01:17.414000,18.0,clear_violation,TRACK LIMITS AT TURN 18 LAP 3 
2024,Emilia Romagna Grand Prix,Q,GAS,13.0,0 days 00:01:16.283000,17.0,clear_violation,TRACK LIMITS AT TURN 17 LAP 14 
2024,Emilia Romagna Grand Prix,Q,SAR,2.0,0 days 00:01:17.188000,18.0,clear_violation,TRACK LIMITS AT TURN 18 LAP 3 
2024,Emilia Romagna Grand Prix,Q,SAR,7.0,0 days 00:01:16.731000,9.0,clear_violation,TRACK LIMITS AT TURN 9 LAP 8 
2024,Emilia Romagna Grand Prix,R,VER,11.0,0 days 00:01:20.885000,17.0,clear_violation,TRACK LIMITS AT TURN 17 LAP 11 
2024,Emilia Romagna Grand Prix,R,VER,15.0,0 days 00:01:21.323000,18.0,clear_violation,TRACK LIMITS AT TURN 18 LAP 15 
2024,Emilia Romagna Grand Prix,R,VER,20.0,0 days 00:01:21.550000,6.0,clear_violation,TRACK LIMITS AT TURN 6 LAP 20 
2024,Emilia Romagna Grand Prix,R,NOR,62.0,0 days 00:01:20.564000,6.0,clear_violation,TRACK LIMITS AT TURN 6 LAP 62 
2024,Emilia Romagna Grand Prix,R,LEC,47.0,0 days 00:01:21.313000,15.0,clear_violation,TRACK LIMITS AT TURN 15 LAP 47 
2024,Emilia Romagna Grand Prix,R,HAM,26.0,0 days 00:01:26.346000,13.0,clear_violation,TRACK LIMITS AT TURN 13 LAP 26 
2024,Emilia Romagna Grand Prix,R,PER,17.0,0 days 00:01:26.800000,17.0,clear_violation,TRACK LIMITS AT TURN 17 LAP 17 
2024,Emilia Romagna Grand Prix,R,TSU,23.0,0 days 00:01:23.393000,6.0,clear_violation,TRACK LIMITS AT TURN 6 LAP 23 
2024,Emilia Romagna Grand Prix,R,HUL,56.0,0 days 00:01:22.217000,17.0,clear_violation,TRACK LIMITS AT TURN 17 LAP 56 
2024,Emilia Romagna Grand Prix,R,HUL,59.0,0 days 00:01:22.225000,17.0,clear_violation,TRACK LIMITS AT TURN 17 LAP 59 
2024,Emilia Romagna Grand Prix,R,BOT,61.0,0 days 00:01:26.165000,18.0,clear_violation,TRACK LIMITS AT TURN 18 LAP 61 
2024,Monaco Grand Prix,Q,PIA,8.0,0 days 00:01:42.702000,10.0,clear_violation,TRACK LIMITS AT TURN 10 LAP 9 
2024,Monaco Grand Prix,Q,SAI,5.0,0 days 00:01:44.831000,10.0,clear_violation,TRACK LIMITS AT TURN 10 LAP 6 
2024,Monaco Grand Prix,Q,SAI,17.0,0 days 00:01:43.878000,1.0,clear_violation,TRACK LIMITS AT TURN 1 LAP 18 
2024,Monaco Grand Prix,Q,SAI,22.0,0 days 00:01:21.953000,10.0,clear_violation,TRACK LIMITS AT TURN 10 LAP 23 
2024,Monaco Grand Prix,Q,NOR,5.0,0 days 00:01:39.713000,1.0,clear_violation,TRACK LIMITS AT TURN 1 LAP 6 
2024,Monaco Grand Prix,Q,NOR,7.0,0 days 00:01:42.833000,16.0,clear_violation,TRACK LIMITS AT TURN 16 LAP 8 
2024,Monaco Grand Prix,Q,RUS,4.0,0 days 00:01:37.479000,10.0,clear_violation,TRACK LIMITS AT TURN 10 LAP 5 
2024,Monaco Grand Prix,Q,RUS,6.0,0 days 00:01:52.435000,1.0,clear_violation,TRACK LIMITS AT TURN 1 LAP 7 
2024,Monaco Grand Prix,Q,RUS,13.0,0 days 00:01:43.668000,10.0,clear_violation,TRACK LIMITS AT TURN 10 LAP 14 
2024,Monaco Grand Prix,Q,RUS,23.0,0 days 00:01:25.441000,10.0,clear_violation,TRACK LIMITS AT TURN 10 LAP 24 
2024,Monaco Grand Prix,Q,HAM,2.0,0 days 00:01:19.550000,10.0,clear_violation,TRACK LIMITS AT TURN 10 LAP 3 
2024,Monaco Grand Prix,Q,RIC,4.0,0 days 00:01:37.553000,10.0,clear_violation,TRACK LIMITS AT TURN 10 LAP 5 
2024,Monaco Grand Prix,Q,RIC,9.0,0 days 00:01:46.289000,10.0,clear_violation,TRACK LIMITS AT TURN 10 LAP 10 
2024,Monaco Grand Prix,Q,RIC,15.0,0 days 00:01:34.799000,10.0,clear_violation,TRACK LIMITS AT TURN 10 LAP 16 
2024,Monaco Grand Prix,Q,RIC,16.0,0 days 00:01:48.013000,10.0,clear_violation,TRACK LIMITS AT TURN 10 LAP 17 
2024,Monaco Grand Prix,Q,STR,9.0,0 days 00:01:51.655000,10.0,clear_violation,TRACK LIMITS AT TURN 10 LAP 10 
2024,Monaco Grand Prix,Q,HUL,8.0,0 days 00:01:41.592000,10.0,clear_violation,TRACK LIMITS AT TURN 10 LAP 9 
2024,Monaco Grand Prix,Q,HUL,13.0,0 days 00:01:35.683000,10.0,clear_violation,TRACK LIMITS AT TURN 10 LAP 14 
2024,Monaco Grand Prix,Q,PER,1.0,0 days 00:01:48.019000,10.0,clear_violation,TRACK LIMITS AT TURN 10 LAP 2 
2024,Monaco Grand Prix,Q,PER,10.0,0 days 00:01:43.987000,10.0,clear_violation,TRACK LIMITS AT TURN 10 LAP 11 
2024,Monaco Grand Prix,Q,ZHO,3.0,0 days 00:01:46.598000,1.0,clear_violation,TRACK LIMITS AT TURN 1 LAP 4 
2024,Monaco Grand Prix,R,NOR,78.0,0 days 00:01:17.296000,10.0,clear_violation,TRACK LIMITS AT TURN 10 LAP 78 
2024,Monaco Grand Prix,R,HAM,58.0,0 days 00:01:16.855000,10.0,clear_violation,TRACK LIMITS AT TURN 10 LAP 58 
2024,Monaco Grand Prix,R,ALO,52.0,0 days 00:01:23.377000,10.0,clear_violation,TRACK LIMITS AT TURN 10 LAP 52 
2024,Monaco Grand Prix,R,BOT,19.0,0 days 00:01:17.829000,10.0,clear_violation,TRACK LIMITS AT TURN 10 LAP 19 
2024,Monaco Grand Prix,R,STR,48.0,0 days 00:01:49.132000,16.0,clear_violation,TRACK LIMITS AT TURN 16 LAP 48 
2024,Canadian Grand Prix,Q,RUS,4.0,0 days 00:01:27.779000,4.0,clear_violation,TRACK LIMITS AT TURN 4 LAP 5 
2024,Canadian Grand Prix,Q,HAM,4.0,0 days 00:01:37.355000,1.0,clear_violation,TRACK LIMITS AT TURN 1 LAP 5 
2024,Canadian Grand Prix,Q,SAI,2.0,0 days 00:01:22.095000,2.0,clear_violation,TRACK LIMITS AT TURN 2 LAP 3 
2024,Canadian Grand Prix,Q,SAI,15.0,0 days 00:01:42.875000,13.0,clear_violation,TRACK LIMITS AT TURN 13 LAP 16 
2024,Canadian Grand Prix,Q,MAG,2.0,0 days 00:01:24.212000,8.0,clear_violation,TRACK LIMITS AT TURN 8 LAP 3 
2024,Canadian Grand Prix,R,VER,17.0,0 days 00:01:29.256000,2.0,clear_violation,TRACK LIMITS AT TURN 2 LAP 17 
2024,Canadian Grand Prix,R,GAS,41.0,0 days 00:01:40.549000,6.0,clear_violation,TRACK LIMITS AT TURN 6 LAP 41 
2024,Canadian Grand Prix,R,GAS,44.0,0 days 00:01:24.981000,14.0,clear_violation,TRACK LIMITS AT TURN 14 LAP 44 
2024,Canadian Grand Prix,R,PER,21.0,0 days 00:01:31.463000,9.0,clear_violation,TRACK LIMITS AT TURN 9 LAP 21 
2024,Canadian Grand Prix,R,PER,32.0,0 days 00:01:32.347000,14.0,clear_violation,TRACK LIMITS AT TURN 14 LAP 32 
2024,Canadian Grand Prix,R,ALO,6.0,0 days 00:01:36.320000,,clear_violation,TRACK LIMITS AT PIT ENTRY LAP 6 
2024,Canadian Grand Prix,R,ALO,32.0,0 days 00:01:31.726000,14.0,clear_violation,TRACK LIMITS AT TURN 14 LAP 32 
2024,Canadian Grand Prix,R,LEC,30.0,0 days 00:01:44.706000,4.0,clear_violation,TRACK LIMITS AT TURN 4 LAP 30 
2024,Canadian Grand Prix,R,LEC,32.0,0 days 00:01:34.347000,14.0,clear_violation,TRACK LIMITS AT TURN 14 LAP 32 
2024,Canadian Grand Prix,R,STR,34.0,0 days 00:01:29.836000,14.0,clear_violation,TRACK LIMITS AT TURN 14 LAP 34 
2024,Canadian Grand Prix,R,SAR,3.0,0 days 00:01:41.749000,14.0,clear_violation,TRACK LIMITS AT TURN 14 LAP 3 
2024,Canadian Grand Prix,R,SAR,5.0,0 days 00:01:38.360000,2.0,clear_violation,TRACK LIMITS AT TURN 2 LAP 5 
2024,Canadian Grand Prix,R,SAR,6.0,0 days 00:01:58.326000,6.0,clear_violation,TRACK LIMITS AT TURN 6 LAP 6 
2024,Canadian Grand Prix,R,SAR,13.0,0 days 00:01:32.818000,1.0,clear_violation,TRACK LIMITS AT TURN 1 LAP 13 
2024,Canadian Grand Prix,R,MAG,32.0,0 days 00:01:32.202000,14.0,clear_violation,TRACK LIMITS AT TURN 14 LAP 32 
2024,Canadian Grand Prix,R,MAG,52.0,0 days 00:01:23.445000,14.0,clear_violation,TRACK LIMITS AT TURN 14 LAP 52 
2024,Canadian Grand Prix,R,MAG,60.0,0 days 00:01:21.673000,9.0,clear_violation,TRACK LIMITS AT TURN 9 LAP 60 
2024,Canadian Grand Prix,R,TSU,66.0,0 days 00:01:38.894000,9.0,clear_violation,TRACK LIMITS AT TURN 9 LAP 66 
2024,Canadian Grand Prix,R,ALB,17.0,0 days 00:01:28.734000,14.0,clear_violation,TRACK LIMITS AT TURN 14 LAP 17 
2024,Canadian Grand Prix,R,ALB,34.0,0 days 00:01:29.966000,14.0,clear_violation,TRACK LIMITS AT TURN 14 LAP 34 
2024,Canadian Grand Prix,R,HUL,31.0,0 days 00:01:35.980000,14.0,clear_violation,TRACK LIMITS AT TURN 14 LAP 31 
2024,Canadian Grand Prix,R,RIC,48.0,0 days 00:01:24.303000,1.0,clear_violation,TRACK LIMITS AT TURN 1 LAP 48 
2024,Canadian Grand Prix,R,NOR,42.0,0 days 00:01:24.928000,1.0,clear_violation,TRACK LIMITS AT TURN 1 LAP 42 
2024,Canadian Grand Prix,R,HAM,7.0,0 days 00:01:35.866000,2.0,clear_violation,TRACK LIMITS AT TURN 2 LAP 7 
2024,Canadian Grand Prix,R,HAM,49.0,0 days 00:01:23.219000,7.0,clear_violation,TRACK LIMITS AT TURN 7 LAP 49 
2024,Canadian Grand Prix,R,RUS,2.0,0 days 00:01:36.556000,14.0,clear_violation,TRACK LIMITS AT TURN 14 LAP 2 
2024,Canadian Grand Prix,R,RUS,21.0,0 days 00:01:28.455000,14.0,clear_violation,TRACK LIMITS AT TURN 14 LAP 21 
2024,Canadian Grand Prix,R,RUS,51.0,0 days 00:01:20.258000,8.0,clear_violation,TRACK LIMITS AT TURN 8 LAP 51 
2024,Canadian Grand Prix,R,RUS,63.0,0 days 00:01:18.447000,14.0,clear_violation,TRACK LIMITS AT TURN 14 LAP 63 
2024,Spanish Grand Prix,Q,PIA,13.0,0 days 00:01:12.542000,10.0,clear_violation,TRACK LIMITS AT TURN 10 LAP 14 
2024,Spanish Grand Prix,R,NOR,66.0,0 days 00:01:19.682000,14.0,clear_violation,TRACK LIMITS AT TURN 14 LAP 66 
2024,Spanish Grand Prix,R,HAM,21.0,0 days 00:01:19.915000,5.0,clear_violation,TRACK LIMITS AT TURN 5 LAP 21 
2024,Spanish Grand Prix,R,HAM,26.0,0 days 00:01:19.915000,5.0,clear_violation,TRACK LIMITS AT TURN 5 LAP 21 
2024,Spanish Grand Prix,R,HAM,28.0,0 days 00:01:20.236000,5.0,clear_violation,TRACK LIMITS AT TURN 5 LAP 28 
2024,Spanish Grand Prix,R,SAI,3.0,0 days 00:01:20.046000,2.0,clear_violation,TRACK LIMITS AT TURN 2 LAP 3 
2024,Spanish Grand Prix,R,SAI,19.0,0 days 00:01:21.079000,2.0,clear_violation,TRACK LIMITS AT TURN 2 LAP 19 
2024,Spanish Grand Prix,R,ALO,10.0,0 days 00:01:22.426000,12.0,clear_violation,TRACK LIMITS AT TURN 12 LAP 10 
2024,Spanish Grand Prix,R,RIC,31.0,0 days 00:01:21.542000,9.0,clear_violation,TRACK LIMITS AT TURN 9 LAP 31 
2024,Spanish Grand Prix,R,ALB,42.0,0 days 00:01:24.250000,14.0,clear_violation,TRACK LIMITS AT TURN 14 LAP 42 
2024,Spanish Grand Prix,R,ALB,58.0,0 days 00:01:29.605000,4.0,clear_violation,TRACK LIMITS AT TURN 4 LAP 58 
2024,Spanish Grand Prix,R,TSU,7.0,0 days 00:01:23.735000,2.0,clear_violation,TRACK LIMITS AT TURN 2 LAP 7 
2024,Spanish Grand Prix,R,TSU,12.0,0 days 00:01:22.341000,2.0,clear_violation,TRACK LIMITS AT TURN 2 LAP 12 
2024,Spanish Grand Prix,R,SAR,3.0,0 days 00:01:22.491000,13.0,clear_violation,TRACK LIMITS AT TURN 13 LAP 3 
2024,Spanish Grand Prix,R,SAR,46.0,0 days 00:01:21.041000,9.0,clear_violation,TRACK LIMITS AT TURN 9 LAP 46 
2024,Austrian Grand Prix,Q,LEC,21.0,0 days 00:01:10.750000,9.0,clear_violation,TRACK LIMITS AT TURN 9 LAP 22 
2024,Austrian Grand Prix,Q,PIA,16.0,0 days 00:01:04.786000,6.0,clear_violation,TRACK LIMITS AT TURN 6 LAP 17 
2024,Austrian Grand Prix,Q,GAS,17.0,0 days 00:01:05.335000,6.0,clear_violation,TRACK LIMITS AT TURN 6 LAP 18 
2024,Austrian Grand Prix,Q,TSU,5.0,0 days 00:01:05.725000,6.0,clear_violation,TRACK LIMITS AT TURN 6 LAP 6 
2024,Austrian Grand Prix,SQ,PIA,7.0,0 days 00:01:06.427000,6.0,clear_violation,TRACK LIMITS AT TURN 6 LAP 8 
2024,Austrian Grand Prix,SQ,HAM,2.0,0 days 00:01:06.416000,6.0,clear_violation,TRACK LIMITS AT TURN 6 LAP 3 
2024,Austrian Grand Prix,SQ,TSU,5.0,0 days 00:01:14.828000,9.0,clear_violation,TRACK LIMITS AT TURN 9 LAP 6 
2024,Austrian Grand Prix,SQ,ZHO,2.0,0 days 00:01:07.706000,9.0,clear_violation,TRACK LIMITS AT TURN 9 LAP 3 
2024,Austrian Grand Prix,SQ,BOT,5.0,0 days 00:01:06.709000,6.0,clear_violation,TRACK LIMITS AT TURN 6 LAP 6 
2024,Austrian Grand Prix,SQ,SAR,8.0,0 days 00:01:06.013000,6.0,clear_violation,TRACK LIMITS AT TURN 6 LAP 9 
2024,Austrian Grand Prix,S,NOR,6.0,0 days 00:01:09.310000,1.0,clear_violation,TRACK LIMITS AT TURN 1 LAP 6 
2024,Austrian Grand Prix,S,NOR,16.0,0 days 00:01:10.028000,1.0,clear_violation,TRACK LIMITS AT TURN 1 LAP 16 
2024,Austrian Grand Prix,S,ALO,7.0,0 days 00:01:10.728000,1.0,clear_violation,TRACK LIMITS AT TURN 1 LAP 7 
2024,Austrian Grand Prix,S,ALO,21.0,0 days 00:01:14.046000,3.0,clear_violation,TRACK LIMITS AT TURN 3 LAP 21 
2024,Austrian Grand Prix,R,PIA,70.0,0 days 00:01:09.989000,1.0,clear_violation,TRACK LIMITS AT TURN 1 LAP 70 
2024,Austrian Grand Prix,R,VER,63.0,0 days 00:01:10.412000,3.0,clear_violation,TRACK LIMITS AT TURN 3 LAP 63 
2024,Austrian Grand Prix,R,VER,64.0,0 days 00:01:38.003000,3.0,clear_violation,TRACK LIMITS AT TURN 3 LAP 64 
2024,Austrian Grand Prix,R,HUL,12.0,0 days 00:01:29.202000,3.0,clear_violation,TRACK LIMITS AT TURN 3 LAP 12 
2024,Austrian Grand Prix,R,PER,21.0,0 days 00:01:16.283000,1.0,clear_violation,TRACK LIMITS AT TURN 1 LAP 21 
2024,Austrian Grand Prix,R,GAS,35.0,0 days 00:01:12.924000,3.0,clear_violation,TRACK LIMITS AT TURN 3 LAP 35 
2024,Austrian Grand Prix,R,LEC,46.0,0 days 00:01:10.522000,6.0,clear_violation,TRACK LIMITS AT TURN 6 LAP 46 
2024,Austrian Grand Prix,R,TSU,36.0,0 days 00:01:11.950000,1.0,clear_violation,TRACK LIMITS AT TURN 1 LAP 36 
2024,Austrian Grand Prix,R,ZHO,20.0,0 days 00:01:15.649000,3.0,clear_violation,TRACK LIMITS AT TURN 3 LAP 20 
2024,Austrian Grand Prix,R,SAR,58.0,0 days 00:01:10.755000,6.0,clear_violation,TRACK LIMITS AT TURN 6 LAP 58 
2024,Austrian Grand Prix,R,NOR,10.0,0 days 00:01:11.751000,3.0,clear_violation,TRACK LIMITS AT TURN 3 LAP 10 
2024,Austrian Grand Prix,R,NOR,56.0,0 days 00:01:08.770000,1.0,clear_violation,TRACK LIMITS AT TURN 1 LAP 56 
2024,Austrian Grand Prix,R,NOR,59.0,0 days 00:01:10.626000,3.0,clear_violation,TRACK LIMITS AT TURN 3 LAP 59 
2024,Austrian Grand Prix,R,NOR,64.0,0 days 00:02:00.257000,3.0,clear_violation,TRACK LIMITS AT TURN 3 LAP 64 
2024,British Grand Prix,Q,RUS,8.0,0 days 00:01:36.993000,9.0,clear_violation,TRACK LIMITS AT TURN 9 LAP 9 
2024,British Grand Prix,Q,NOR,4.0,0 days 00:01:55.370000,3.0,clear_violation,TRACK LIMITS AT TURN 3 LAP 5 
2024,British Grand Prix,Q,VER,7.0,0 days 00:01:49.924000,9.0,clear_violation,TRACK LIMITS AT TURN 9 LAP 8 
2024,British Grand Prix,Q,SAI,7.0,0 days 00:01:35.902000,9.0,clear_violation,TRACK LIMITS AT TURN 9 LAP 8 
2024,British Grand Prix,Q,ALB,7.0,0 days 00:01:42.051000,9.0,clear_violation,TRACK LIMITS AT TURN 9 LAP 8 
2024,British Grand Prix,Q,ALO,9.0,0 days 00:02:08.082000,4.0,clear_violation,TRACK LIMITS AT TURN 4 LAP 10 
2024,British Grand Prix,Q,TSU,7.0,0 days 00:01:42.586000,9.0,clear_violation,TRACK LIMITS AT TURN 9 LAP 8 
2024,British Grand Prix,Q,ZHO,9.0,0 days 00:01:44.377000,9.0,clear_violation,TRACK LIMITS AT TURN 9 LAP 10 
2024,British Grand Prix,R,HAM,19.0,0 days 00:01:43.711000,2.0,clear_violation,TRACK LIMITS AT TURN 2 LAP 19 
2024,British Grand Prix,R,NOR,20.0,0 days 00:01:37.704000,12.0,clear_violation,TRACK LIMITS AT TURN 12 LAP 20 
2024,British Grand Prix,R,SAI,28.0,0 days 00:01:42.641000,3.0,clear_violation,TRACK LIMITS AT TURN 3 LAP 28 
2024,British Grand Prix,R,ALB,35.0,0 days 00:01:45.202000,18.0,clear_violation,TRACK LIMITS AT TURN 18 LAP 35 
2024,British Grand Prix,R,ALB,36.0,0 days 00:01:43.075000,18.0,clear_violation,TRACK LIMITS AT TURN 18 LAP 36 (NEXT LAP)
2024,British Grand Prix,R,SAR,16.0,0 days 00:01:33.701000,15.0,clear_violation,TRACK LIMITS AT TURN 15 LAP 16 
2024,British Grand Prix,R,RIC,31.0,0 days 00:01:43.699000,9.0,clear_violation,TRACK LIMITS AT TURN 9 LAP 31 
2024,British Grand Prix,R,LEC,24.0,0 days 00:01:51.732000,14.0,clear_violation,TRACK LIMITS AT TURN 14 LAP 24 
2024,British Grand Prix,R,RUS,19.0,0 days 00:01:44.151000,2.0,clear_violation,TRACK LIMITS AT TURN 2 LAP 19 
2024,Hungarian Grand Prix,R,PIA,33.0,0 days 00:01:25.863000,11.0,clear_violation,TRACK LIMITS AT TURN 11 LAP 33 
2024,Hungarian Grand Prix,R,VER,35.0,0 days 00:01:25.757000,2.0,clear_violation,TRACK LIMITS AT TURN 2 LAP 35 
2024,Hungarian Grand Prix,R,VER,66.0,0 days 00:01:23.001000,7.0,clear_violation,TRACK LIMITS AT TURN 7 LAP 66 
2024,Hungarian Grand Prix,R,TSU,33.0,0 days 00:01:25.200000,1.0,clear_violation,TRACK LIMITS AT TURN 1 LAP 33 
2024,Hungarian Grand Prix,R,GAS,11.0,0 days 00:01:26.461000,11.0,clear_violation,TRACK LIMITS AT TURN 11 LAP 11 
2024,Belgian Grand Prix,Q,ZHO,8.0,0 days 00:02:00.502000,4.0,clear_violation,TRACK LIMITS AT TURN 4 LAP 9 
2024,Belgian Grand Prix,R,HAM,13.0,0 days 00:01:48.204000,4.0,clear_violation,TRACK LIMITS AT TURN 4 LAP 13 
2024,Belgian Grand Prix,R,NOR,2.0,0 days 00:01:50.504000,6.0,clear_violation,TRACK LIMITS AT TURN 6 LAP 2 
2024,Belgian Grand Prix,R,NOR,23.0,0 days 00:01:48.464000,19.0,clear_violation,TRACK LIMITS AT TURN 19 LAP 23 
2024,Belgian Grand Prix,R,SAI,15.0,0 days 00:01:51.152000,14.0,clear_violation,TRACK LIMITS AT TURN 14 LAP 15 
2024,Belgian Grand Prix,R,SAI,36.0,0 days 00:01:47.358000,4.0,clear_violation,TRACK LIMITS AT TURN 4 LAP 36 
2024,Belgian Grand Prix,R,SAI,41.0,0 days 00:01:47.226000,4.0,clear_violation,TRACK LIMITS AT TURN 4 LAP 41 
2024,Belgian Grand Prix,R,STR,2.0,0 days 00:01:51.654000,4.0,clear_violation,TRACK LIMITS AT TURN 4 LAP 2 
2024,Belgian Grand Prix,R,MAG,23.0,0 days 00:01:49.372000,4.0,clear_violation,TRACK LIMITS AT TURN 4 LAP 23 
2024,Belgian Grand Prix,R,SAR,33.0,0 days 00:01:48.465000,4.0,clear_violation,TRACK LIMITS AT TURN 4 LAP 33 
2024,Belgian Grand Prix,R,HUL,14.0,0 days 00:01:50.517000,6.0,clear_violation,TRACK LIMITS AT TURN 6 LAP 14 
2024,Dutch Grand Prix,R,SAI,45.0,0 days 00:01:15.143000,1.0,clear_violation,TRACK LIMITS AT TURN 1 LAP 45 
2024,Dutch Grand Prix,R,GAS,36.0,0 days 00:01:16.516000,3.0,clear_violation,TRACK LIMITS AT TURN 3 LAP 36 
2024,Dutch Grand Prix,R,MAG,3.0,0 days 00:01:23.466000,1.0,clear_violation,TRACK LIMITS AT TURN 1 LAP 3 
2024,Dutch Grand Prix,R,ZHO,64.0,0 days 00:01:19.340000,3.0,clear_violation,TRACK LIMITS AT TURN 3 LAP 64 
2024,Italian Grand Prix,Q,PIA,2.0,0 days 00:01:50.311000,2.0,clear_violation,TRACK LIMITS AT TURN 2 LAP 3 
2024,Italian Grand Prix,Q,COL,5.0,0 days 00:01:22.531000,7.0,clear_violation,TRACK LIMITS AT TURN 7 LAP 6 
2024,Italian Grand Prix,R,NOR,31.0,0 days 00:01:24.940000,4.0,clear_violation,TRACK LIMITS AT TURN 4 LAP 31 
2024,Italian Grand Prix,R,SAI,13.0,0 days 00:01:25.423000,2.0,clear_violation,TRACK LIMITS AT TURN 2 LAP 13 
2024,Italian Grand Prix,R,RUS,31.0,0 days 00:01:25.331000,2.0,clear_violation,TRACK LIMITS AT TURN 2 LAP 31 
2024,Italian Grand Prix,R,ALB,3.0,0 days 00:01:26.282000,2.0,clear_violation,TRACK LIMITS AT TURN 2 LAP 33 
2024,Italian Grand Prix,R,ALB,33.0,0 days 00:01:26.282000,2.0,clear_violation,TRACK LIMITS AT TURN 2 LAP 33 
2024,Italian Grand Prix,R,ALB,37.0,0 days 00:01:25.882000,2.0,clear_violation,TRACK LIMITS AT TURN 2 LAP 37 
2024,Italian Grand Prix,R,MAG,18.0,0 days 00:01:26.533000,5.0,clear_violation,TRACK LIMITS AT TURN 5 LAP 18 
2024,Italian Grand Prix,R,ALO,18.0,0 days 00:01:24.882000,4.0,clear_violation,TRACK LIMITS AT TURN 4 LAP 18 
2024,Italian Grand Prix,R,RIC,10.0,0 days 00:01:26.111000,2.0,clear_violation,TRACK LIMITS AT TURN 2 LAP 10 
2024,Italian Grand Prix,R,GAS,18.0,0 days 00:01:26.182000,5.0,clear_violation,TRACK LIMITS AT TURN 5 LAP 18 
2024,Italian Grand Prix,R,GAS,27.0,0 days 00:01:27.191000,4.0,clear_violation,TRACK LIMITS AT TURN 4 LAP 27 
2024,Italian Grand Prix,R,STR,40.0,0 days 00:01:25.777000,2.0,clear_violation,TRACK LIMITS AT TURN 2 LAP 40 
2024,Italian Grand Prix,R,TSU,5.0,0 days 00:01:32.241000,2.0,clear_violation,TRACK LIMITS AT TURN 2 LAP 5 
2024,Azerbaijan Grand Prix,Q,SAI,2.0,0 days 00:02:06.108000,15.0,clear_violation,TRACK LIMITS AT TURN 15 LAP 3 
2024,Azerbaijan Grand Prix,R,VER,24.0,0 days 00:01:50.602000,15.0,clear_violation,TRACK LIMITS AT TURN 15 LAP 24 
2024,Azerbaijan Grand Prix,R,OCO,36.0,0 days 00:01:55.839000,1.0,clear_violation,TRACK LIMITS AT TURN 1 LAP 36 
2024,Singapore Grand Prix,Q,VER,8.0,0 days 00:01:30.371000,19.0,clear_violation,TRACK LIMITS AT TURN 19 LAP 9 
2024,Singapore Grand Prix,Q,LEC,18.0,0 days 00:01:30.119000,2.0,clear_violation,TRACK LIMITS AT TURN 2 LAP 19 
2024,Singapore Grand Prix,Q,SAI,2.0,0 days 00:02:03.928000,2.0,clear_violation,TRACK LIMITS AT TURN 2 LAP 3 
2024,Singapore Grand Prix,R,RUS,35.0,0 days 00:01:39.168000,17.0,clear_violation,TRACK LIMITS AT TURN 17 LAP 35 
2024,Singapore Grand Prix,R,RUS,60.0,0 days 00:01:37.872000,19.0,clear_violation,TRACK LIMITS AT TURN 19 LAP 60 
2024,Singapore Grand Prix,R,LEC,35.0,0 days 00:01:39.264000,2.0,clear_violation,TRACK LIMITS AT TURN 2 LAP 35 
2024,Singapore Grand Prix,R,LEC,62.0,0 days 00:01:38.726000,2.0,clear_violation,TRACK LIMITS AT TURN 2 LAP 62 
2024,Singapore Grand Prix,R,HAM,25.0,0 days 00:01:40.158000,17.0,clear_violation,TRACK LIMITS AT TURN 17 LAP 25 
2024,Singapore Grand Prix,R,ALO,42.0,0 days 00:01:39.186000,7.0,clear_violation,TRACK LIMITS AT TURN 7 LAP 42 
2024,Singapore Grand Prix,R,HUL,30.0,0 days 00:02:01.641000,7.0,clear_violation,TRACK LIMITS AT TURN 7 LAP 30 
2024,Singapore Grand Prix,R,PER,45.0,0 days 00:01:37.600000,2.0,clear_violation,TRACK LIMITS AT TURN 2 LAP 45 
2024,Singapore Grand Prix,R,PER,47.0,0 days 00:01:37.754000,2.0,clear_violation,TRACK LIMITS AT TURN 2 LAP 47 
2024,Singapore Grand Prix,R,COL,30.0,0 days 00:02:01.584000,17.0,clear_violation,TRACK LIMITS AT TURN 17 LAP 30 
2024,Singapore Grand Prix,R,COL,31.0,0 days 00:01:40.451000,2.0,clear_violation,TRACK LIMITS AT TURN 2 LAP 31 
2024,Singapore Grand Prix,R,TSU,61.0,0 days 00:01:38.950000,2.0,clear_violation,TRACK LIMITS AT TURN 2 LAP 61 
2024,Singapore Grand Prix,R,GAS,9.0,0 days 00:01:40.929000,2.0,clear_violation,TRACK LIMITS AT TURN 2 LAP 9 
2024,Singapore Grand Prix,R,MAG,51.0,0 days 00:01:34.754000,2.0,clear_violation,TRACK LIMITS AT TURN 2 LAP 51 
2024,United States Grand Prix,Q,LEC,2.0,0 days 00:01:34.913000,9.0,clear_violation,TRACK LIMITS AT TURN 9 LAP 3 
2024,United States Grand Prix,Q,GAS,2.0,0 days 00:01:35.950000,12.0,clear_violation,TRACK LIMITS AT TURN 12 LAP 3 
2024,United States Grand Prix,Q,GAS,8.0,0 days 00:01:34.005000,19.0,clear_violation,TRACK LIMITS AT TURN 19 LAP 9 
2024,United States Grand Prix,Q,PER,14.0,0 days 00:01:33.260000,9.0,clear_violation,TRACK LIMITS AT TURN 9 LAP 15 
2024,United States Grand Prix,Q,TSU,4.0,0 days 00:01:33.974000,12.0,clear_violation,TRACK LIMITS AT TURN 12 LAP 5 
2024,United States Grand Prix,Q,OCO,8.0,0 days 00:01:34.032000,9.0,clear_violation,TRACK LIMITS AT TURN 9 LAP 9 
2024,United States Grand Prix,Q,ZHO,5.0,0 days 00:01:35.112000,12.0,clear_violation,TRACK LIMITS AT TURN 12 LAP 6 
2024,United States Grand Prix,SQ,PIA,5.0,0 days 00:01:34.285000,19.0,clear_violation,TRACK LIMITS AT TURN 19 LAP 6 
2024,United States Grand Prix,SQ,ALO,5.0,0 days 00:01:34.306000,19.0,clear_violation,TRACK LIMITS AT TURN 19 LAP 6 
2024,United States Grand Prix,SQ,ALO,8.0,0 days 00:01:34.251000,19.0,clear_violation,TRACK LIMITS AT TURN 19 LAP 9 
2024,United States Grand Prix,SQ,LAW,8.0,0 days 00:01:34.284000,1.0,clear_violation,TRACK LIMITS AT TURN 1 LAP 9 
2024,United States Grand Prix,SQ,STR,8.0,0 days 00:01:34.421000,19.0,clear_violation,TRACK LIMITS AT TURN 19 LAP 9 
2024,United States Grand Prix,SQ,PER,2.0,0 days 00:01:34.716000,9.0,clear_violation,TRACK LIMITS AT TURN 9 LAP 3 
2024,United States Grand Prix,SQ,ZHO,5.0,0 days 00:01:35.193000,19.0,clear_violation,TRACK LIMITS AT TURN 19 LAP 6 
2024,United States Grand Prix,S,RUS,3.0,0 days 00:01:38.192000,9.0,clear_violation,TRACK LIMITS AT TURN 9 LAP 3 
2024,United States Grand Prix,S,LEC,14.0,0 days 00:01:38.585000,20.0,clear_violation,TRACK LIMITS AT TURN 20 LAP 14 
2024,United States Grand Prix,S,LEC,15.0,0 days 00:01:38.115000,20.0,clear_violation,TRACK LIMITS AT TURN 20 (NEXT LAP)
2024,United States Grand Prix,S,NOR,14.0,0 days 00:01:38.348000,12.0,clear_violation,TRACK LIMITS AT TURN 12 LAP 14 
2024,United States Grand Prix,S,NOR,19.0,0 days 00:01:40.406000,12.0,clear_violation,TRACK LIMITS AT TURN 12 LAP 19 
2024,United States Grand Prix,S,SAI,13.0,0 days 00:01:38.102000,20.0,clear_violation,TRACK LIMITS AT TURN 20 LAP 13 
2024,United States Grand Prix,S,SAI,14.0,0 days 00:01:38.177000,20.0,clear_violation,TRACK LIMITS AT TURN 20 (NEXT LAP)
2024,United States Grand Prix,S,HUL,2.0,0 days 00:01:40.722000,12.0,clear_violation,TRACK LIMITS AT TURN 12 LAP 2 
2024,United States Grand Prix,S,HAM,9.0,0 days 00:01:41.181000,12.0,clear_violation,TRACK LIMITS AT TURN 12 LAP 9 
2024,United States Grand Prix,S,HAM,11.0,0 days 00:01:38.323000,12.0,clear_violation,TRACK LIMITS AT TURN 12 LAP 11 
2024,United States Grand Prix,S,TSU,13.0,0 days 00:01:40.572000,12.0,clear_violation,TRACK LIMITS AT TURN 12 LAP 13 
2024,United States Grand Prix,S,TSU,16.0,0 days 00:01:41.012000,1.0,clear_violation,TRACK LIMITS AT TURN 1 LAP 16 
2024,United States Grand Prix,S,COL,2.0,0 days 00:01:40.726000,12.0,clear_violation,TRACK LIMITS AT TURN 12 LAP 2 
2024,United States Grand Prix,S,COL,10.0,0 days 00:01:40.116000,12.0,clear_violation,TRACK LIMITS AT TURN 12 LAP 10 
2024,United States Grand Prix,S,PER,2.0,0 days 00:01:40.768000,12.0,clear_violation,TRACK LIMITS AT TURN 12 LAP 2 
2024,United States Grand Prix,S,PER,18.0,0 days 00:01:38.850000,12.0,clear_violation,TRACK LIMITS AT TURN 12 LAP 18 
2024,United States Grand Prix,S,GAS,4.0,0 days 00:01:41.314000,12.0,clear_violation,TRACK LIMITS AT TURN 12 LAP 4 
2024,United States Grand Prix,S,GAS,10.0,0 days 00:01:39.989000,19.0,clear_violation,TRACK LIMITS AT TURN 19 LAP 10 
2024,United States Grand Prix,S,GAS,11.0,0 days 00:01:39.976000,9.0,clear_violation,TRACK LIMITS AT TURN 9 LAP 11 
2024,United States Grand Prix,S,GAS,13.0,0 days 00:01:40.327000,9.0,clear_violation,TRACK LIMITS AT TURN 9 LAP 13 
2024,United States Grand Prix,S,LAW,5.0,0 days 00:01:40.529000,12.0,clear_violation,TRACK LIMITS AT TURN 12 LAP 5 
2024,United States Grand Prix,S,LAW,10.0,0 days 00:01:40.014000,20.0,clear_violation,TRACK LIMITS AT TURN 20 LAP 10 
2024,United States Grand Prix,S,LAW,11.0,0 days 00:01:40.169000,20.0,clear_violation,TRACK LIMITS AT TURN 20 (NEXT LAP)
2024,United States Grand Prix,S,PIA,6.0,0 days 00:01:39.272000,12.0,clear_violation,TRACK LIMITS AT TURN 12 LAP 6 
2024,United States Grand Prix,S,PIA,13.0,0 days 00:01:40.085000,20.0,clear_violation,TRACK LIMITS AT TURN 20 LAP 13 
2024,United States Grand Prix,S,PIA,14.0,0 days 00:01:41.202000,20.0,clear_violation,TRACK LIMITS AT TURN 20 (NEXT LAP)
2024,United States Grand Prix,S,ALB,18.0,0 days 00:01:39.848000,12.0,clear_violation,TRACK LIMITS AT TURN 12 LAP 18 
2024,United States Grand Prix,R,VER,52.0,0 days 00:01:40.819000,12.0,clear_violation,TRACK LIMITS AT TURN 12 LAP 52 
2024,United States Grand Prix,R,VER,56.0,0 days 00:01:39.018000,12.0,clear_violation,TRACK LIMITS AT TURN 12 LAP 56 
2024,United States Grand Prix,R,GAS,6.0,0 days 00:01:42.096000,20.0,clear_violation,TRACK LIMITS AT TURN 20 (NEXT LAP)
2024,United States Grand Prix,R,GAS,27.0,0 days 00:01:42.407000,12.0,clear_violation,TRACK LIMITS AT TURN 12 LAP 27 
2024,United States Grand Prix,R,ALO,11.0,0 days 00:01:43.326000,19.0,clear_violation,TRACK LIMITS AT TURN 19 LAP 11 
2024,United States Grand Prix,R,ALO,39.0,0 days 00:01:40.079000,12.0,clear_violation,TRACK LIMITS AT TURN 12 LAP 39 
2024,United States Grand Prix,R,STR,2.0,0 days 00:01:42.792000,19.0,clear_violation,TRACK LIMITS AT TURN 19 LAP 2 
2024,United States Grand Prix,R,STR,6.0,0 days 00:01:47.096000,11.0,clear_violation,TRACK LIMITS AT TURN 11 LAP 6 
2024,United States Grand Prix,R,STR,15.0,0 days 00:01:42.348000,19.0,clear_violation,TRACK LIMITS AT TURN 19 LAP 15 
2024,United States Grand Prix,R,MAG,21.0,0 days 00:01:41.259000,12.0,clear_violation,TRACK LIMITS AT TURN 12 LAP 21 
2024,United States Grand Prix,R,MAG,40.0,0 days 00:01:38.975000,12.0,clear_violation,TRACK LIMITS AT TURN 12 LAP 40 
2024,United States Grand Prix,R,TSU,41.0,0 days 00:01:52.718000,1.0,clear_violation,TRACK LIMITS AT TURN 1 LAP 41 
2024,United States Grand Prix,R,TSU,52.0,0 days 00:01:39.657000,20.0,clear_violation,TRACK LIMITS AT TURN 20 LAP 52 
2024,United States Grand Prix,R,TSU,53.0,0 days 00:01:41.114000,20.0,clear_violation,TRACK LIMITS AT TURN 20 (NEXT LAP)
2024,United States Grand Prix,R,ALB,14.0,0 days 00:01:42.221000,12.0,clear_violation,TRACK LIMITS AT TURN 12 LAP 14 
2024,United States Grand Prix,R,ALB,28.0,0 days 00:01:42.932000,12.0,clear_violation,TRACK LIMITS AT TURN 12 LAP 28 
2024,United States Grand Prix,R,ALB,44.0,0 days 00:01:41.215000,11.0,clear_violation,TRACK LIMITS AT TURN 11 LAP 44 
2024,United States Grand Prix,R,ZHO,13.0,0 days 00:01:42.427000,12.0,clear_violation,TRACK LIMITS AT TURN 12 LAP 13 
2024,United States Grand Prix,R,ZHO,19.0,0 days 00:01:41.352000,12.0,clear_violation,TRACK LIMITS AT TURN 12 LAP 19 
2024,United States Grand Prix,R,HUL,17.0,0 days 00:01:41.190000,19.0,clear_violation,TRACK LIMITS AT TURN 19 LAP 17 
2024,United States Grand Prix,R,HUL,18.0,0 days 00:01:42.130000,16.0,clear_violation,TRACK LIMITS AT TURN 16 LAP 18 
2024,United States Grand Prix,R,HUL,40.0,0 days 00:01:39.391000,9.0,clear_violation,TRACK LIMITS AT TURN 9 LAP 40 
2024,United States Grand Prix,R,LAW,2.0,0 days 00:01:42.809000,12.0,clear_violation,TRACK LIMITS AT TURN 12 LAP 2 
2024,United States Grand Prix,R,NOR,27.0,0 days 00:01:39.093000,12.0,clear_violation,TRACK LIMITS AT TURN 12 LAP 27 
2024,United States Grand Prix,R,NOR,31.0,0 days 00:01:41.469000,12.0,clear_violation,TRACK LIMITS AT TURN 12 LAP 31 
2024,United States Grand Prix,R,NOR,51.0,0 days 00:01:39.066000,20.0,clear_violation,TRACK LIMITS AT TURN 20 LAP 51 
2024,United States Grand Prix,R,NOR,52.0,0 days 00:01:39.843000,20.0,clear_violation,TRACK LIMITS AT TURN 20 (NEXT LAP)
2024,United States Grand Prix,R,COL,6.0,0 days 00:01:43.338000,20.0,clear_violation,TRACK LIMITS AT TURN 20 LAP 6 
2024,United States Grand Prix,R,COL,7.0,0 days 00:01:42.278000,20.0,clear_violation,TRACK LIMITS AT TURN 20 (NEXT LAP)
2024,United States Grand Prix,R,COL,14.0,0 days 00:01:42.970000,9.0,clear_violation,TRACK LIMITS AT TURN 9 LAP 14 
2024,United States Grand Prix,R,COL,41.0,0 days 00:01:39.443000,1.0,clear_violation,TRACK LIMITS AT TURN 1 LAP 41 
2024,United States Grand Prix,R,RUS,16.0,0 days 00:01:41.260000,11.0,clear_violation,TRACK LIMITS AT TURN 11 LAP 16 
2024,United States Grand Prix,R,RUS,40.0,0 days 00:01:40.641000,12.0,clear_violation,TRACK LIMITS AT TURN 12 LAP 40 
2024,United States Grand Prix,R,RUS,53.0,0 days 00:01:39.888000,13.0,clear_violation,TRACK LIMITS AT TURN 13 LAP 53 
2024,United States Grand Prix,R,BOT,13.0,0 days 00:01:42.677000,12.0,clear_violation,TRACK LIMITS AT TURN 12 LAP 13 
2024,United States Grand Prix,R,BOT,15.0,0 days 00:01:42.714000,9.0,clear_violation,TRACK LIMITS AT TURN 9 LAP 15 
2024,United States Grand Prix,R,PIA,14.0,0 days 00:01:40.807000,9.0,clear_violation,TRACK LIMITS AT TURN 9 LAP 14 
2024,United States Grand Prix,R,PIA,39.0,0 days 00:01:38.183000,12.0,clear_violation,TRACK LIMITS AT TURN 12 LAP 39 
2024,United States Grand Prix,R,PIA,43.0,0 days 00:01:37.984000,19.0,clear_violation,TRACK LIMITS AT TURN 19 LAP 43 
2024,Mexico City Grand Prix,Q,PIA,5.0,0 days 00:01:17.631000,12.0,clear_violation,TRACK LIMITS AT TURN 12 LAP 6 
2024,Mexico City Grand Prix,Q,VER,14.0,0 days 00:01:16.368000,2.0,clear_violation,TRACK LIMITS AT TURN 2 LAP 15 
2024,Mexico City Grand Prix,Q,LEC,11.0,0 days 00:01:17.631000,2.0,clear_violation,TRACK LIMITS AT TURN 2 LAP 12 
2024,Mexico City Grand Prix,R,NOR,10.0,0 days 00:01:24.863000,8.0,clear_violation,TRACK LIMITS AT TURN 8 LAP 10 
2024,Mexico City Grand Prix,R,LEC,63.0,0 days 00:01:22.888000,17.0,clear_violation,TRACK LIMITS AT TURN 17 LAP 63 
2024,Mexico City Grand Prix,R,HAM,65.0,0 days 00:01:21.935000,2.0,clear_violation,TRACK LIMITS AT TURN 2 LAP 65 
2024,Mexico City Grand Prix,R,VER,10.0,0 days 00:01:24.675000,8.0,clear_violation,TRACK LIMITS AT TURN 8 LAP 10 
2024,Mexico City Grand Prix,R,PIA,32.0,0 days 00:01:23.101000,2.0,clear_violation,TRACK LIMITS AT TURN 2 LAP 32 
2024,Mexico City Grand Prix,R,PIA,38.0,0 days 00:01:22.312000,2.0,clear_violation,TRACK LIMITS AT TURN 2 LAP 38 
2024,Mexico City Grand Prix,R,STR,19.0,0 days 00:01:25.434000,4.0,clear_violation,TRACK LIMITS AT TURN 4 LAP 19 
2024,Mexico City Grand Prix,R,COL,65.0,0 days 00:01:23.314000,1.0,clear_violation,TRACK LIMITS AT TURN 1 LAP 65 
2024,Mexico City Grand Prix,R,PER,16.0,0 days 00:01:23.092000,2.0,clear_violation,TRACK LIMITS AT TURN 2 LAP 16 
2024,Mexico City Grand Prix,R,PER,18.0,0 days 00:01:27.331000,6.0,clear_violation,TRACK LIMITS AT TURN 6 LAP 18 
2024,São Paulo Grand Prix,Q,NOR,4.0,0 days 00:01:46.347000,2.0,clear_violation,TRACK LIMITS AT TURN 2 LAP 5 7:35:10
2024,São Paulo Grand Prix,Q,RUS,7.0,0 days 00:01:39.353000,2.0,clear_violation,TRACK LIMITS AT TURN 2 LAP 8 7:50:17
2024,São Paulo Grand Prix,Q,RUS,19.0,0 days 00:01:30.062000,2.0,clear_violation,TRACK LIMITS AT TURN 2 LAP 20 8:22:33
2024,São Paulo Grand Prix,Q,RUS,25.0,0 days 00:01:28.891000,4.0,clear_violation,TRACK LIMITS AT TURN 4 LAP 26 8:55:59
2024,São Paulo Grand Prix,Q,ALB,5.0,0 days 00:01:32.546000,2.0,clear_violation,TRACK LIMITS AT TURN 2 LAP 6 7:36:50
2024,São Paulo Grand Prix,Q,ALB,10.0,0 days 00:01:52.208000,2.0,clear_violation,TRACK LIMITS AT TURN 2 LAP 11 7:53:22
2024,São Paulo Grand Prix,Q,ALB,23.0,0 days 00:01:38.336000,4.0,clear_violation,TRACK LIMITS AT TURN 4 LAP 24 8:39:09
2024,São Paulo Grand Prix,Q,LEC,4.0,0 days 00:01:38.335000,4.0,clear_violation,TRACK LIMITS AT TURN 4 LAP 5 7:36:27
2024,São Paulo Grand Prix,Q,SAI,7.0,0 days 00:01:38.172000,2.0,clear_violation,TRACK LIMITS AT TURN 2 LAP 8 7:49:50
2024,São Paulo Grand Prix,Q,HUL,9.0,0 days 00:01:39.905000,12.0,clear_violation,TRACK LIMITS AT TURN 12 LAP 10 7:53:22
2024,São Paulo Grand Prix,Q,ALO,4.0,0 days 00:01:37.411000,2.0,clear_violation,TRACK LIMITS AT TURN 2 LAP 5 7:36:23
2024,São Paulo Grand Prix,Q,TSU,4.0,0 days 00:01:42.487000,2.0,clear_violation,TRACK LIMITS AT TURN 2 LAP 5 7:35:32
2024,São Paulo Grand Prix,Q,TSU,14.0,0 days 00:01:36.693000,4.0,clear_violation,TRACK LIMITS AT TURN 4 LAP 15 8:05:28
2024,São Paulo Grand Prix,Q,BOT,4.0,0 days 00:01:39.474000,4.0,clear_violation,TRACK LIMITS AT TURN 4 LAP 5 7:36:52
2024,São Paulo Grand Prix,Q,HAM,4.0,0 days 00:01:37.780000,2.0,clear_violation,TRACK LIMITS AT TURN 2 LAP 5 7:36:38
2024,São Paulo Grand Prix,Q,HAM,9.0,0 days 00:01:33.551000,4.0,clear_violation,TRACK LIMITS AT TURN 4 LAP 10 7:53:33
2024,São Paulo Grand Prix,Q,STR,2.0,0 days 00:01:38.172000,12.0,clear_violation,TRACK LIMITS AT TURN 12 LAP 3 7:34:27
2024,São Paulo Grand Prix,Q,STR,3.0,0 days 00:01:37.470000,4.0,clear_violation,TRACK LIMITS AT TURN 4 LAP 4 7:35:19
2024,São Paulo Grand Prix,Q,OCO,15.0,0 days 00:01:32.010000,4.0,clear_violation,TRACK LIMITS AT TURN 4 LAP 16 8:06:28
2024,São Paulo Grand Prix,Q,PER,17.0,0 days 00:01:33.872000,4.0,clear_violation,TRACK LIMITS AT TURN 4 LAP 18 8:23:08
2024,São Paulo Grand Prix,SQ,BEA,11.0,0 days 00:01:09.879000,2.0,clear_violation,TRACK LIMITS AT TURN 2 LAP 12 
2024,São Paulo Grand Prix,SQ,COL,2.0,0 days 00:01:14.226000,4.0,clear_violation,TRACK LIMITS AT TURN 4 LAP 3 
2024,São Paulo Grand Prix,S,BEA,11.0,0 days 00:01:14.183000,4.0,clear_violation,TRACK LIMITS AT TURN 4 LAP 11 
2024,São Paulo Grand Prix,S,RUS,3.0,0 days 00:01:13.826000,2.0,clear_violation,TRACK LIMITS AT TURN 2 LAP 3 
2024,São Paulo Grand Prix,R,ALO,16.0,0 days 00:01:28.626000,2.0,clear_violation,TRACK LIMITS AT TURN 2 LAP 16 
2024,São Paulo Grand Prix,R,ALO,43.0,0 days 00:01:53.466000,12.0,clear_violation,TRACK LIMITS AT TURN 12 LAP 43 
2024,São Paulo Grand Prix,R,ALO,60.0,0 days 00:01:24.826000,2.0,clear_violation,TRACK LIMITS AT TURN 2 LAP 60 
2024,São Paulo Grand Prix,R,LEC,34.0,0 days 00:01:37.098000,8.0,clear_violation,TRACK LIMITS AT TURN 8 LAP 34 
2024,São Paulo Grand Prix,R,LEC,46.0,0 days 00:01:27.032000,4.0,clear_violation,TRACK LIMITS AT TURN 4 LAP 46 
2024,São Paulo Grand Prix,R,ZHO,5.0,0 days 00:01:29.677000,4.0,clear_violation,TRACK LIMITS AT TURN 4 LAP 5 
2024,São Paulo Grand Prix,R,LAW,26.0,0 days 00:01:32.246000,2.0,clear_violation,TRACK LIMITS AT TURN 2 LAP 26 
2024,São Paulo Grand Prix,R,LAW,29.0,0 days 00:02:05.322000,5.0,clear_violation,TRACK LIMITS AT TURN 5 LAP 29 
2024,São Paulo Grand Prix,R,NOR,34.0,0 days 00:01:36.887000,4.0,clear_violation,TRACK LIMITS AT TURN 4 LAP 34 
2024,São Paulo Grand Prix,R,NOR,43.0,0 days 00:01:31.039000,2.0,clear_violation,TRACK LIMITS AT TURN 2 LAP 43 
2024,São Paulo Grand Prix,R,COL,6.0,0 days 00:01:27.143000,2.0,clear_violation,TRACK LIMITS AT TURN 2 LAP 6 
2024,São Paulo Grand Prix,R,COL,14.0,0 days 00:01:24.750000,2.0,clear_violation,TRACK LIMITS AT TURN 2 LAP 14 
2024,São Paulo Grand Prix,R,COL,18.0,0 days 00:01:24.836000,2.0,clear_violation,TRACK LIMITS AT TURN 2 LAP 18 
2024,São Paulo Grand Prix,R,COL,23.0,0 days 00:01:28.291000,4.0,clear_violation,TRACK LIMITS AT TURN 4 LAP 23 
2024,São Paulo Grand Prix,R,HAM,11.0,0 days 00:01:31.858000,12.0,clear_violation,TRACK LIMITS AT TURN 12 LAP 11 
2024,São Paulo Grand Prix,R,HAM,19.0,0 days 00:01:26.872000,2.0,clear_violation,TRACK LIMITS AT TURN 2 LAP 19 
2024,São Paulo Grand Prix,R,BEA,36.0,0 days 00:01:47.937000,7.0,clear_violation,TRACK LIMITS AT TURN 7 LAP 36 
2024,São Paulo Grand Prix,R,BEA,37.0,0 days 00:01:31.737000,12.0,clear_violation,TRACK LIMITS AT TURN 12 LAP 37 
2024,São Paulo Grand Prix,R,SAI,22.0,0 days 00:01:27.774000,4.0,clear_violation,TRACK LIMITS AT TURN 4 LAP 22 
2024,São Paulo Grand Prix,R,RUS,31.0,0 days 00:02:05.485000,2.0,clear_violation,TRACK LIMITS AT TURN 2 LAP 31 
2024,São Paulo Grand Prix,R,PIA,51.0,0 days 00:01:26.267000,12.0,clear_violation,TRACK LIMITS AT TURN 12 LAP 51 
2024,Las Vegas Grand Prix,Q,HAM,23.0,0 days 00:01:35.181000,4.0,clear_violation,TRACK LIMITS AT TURN 4 LAP 24 
2024,Las Vegas Grand Prix,Q,ALB,9.0,0 days 00:01:34.590000,4.0,clear_violation,TRACK LIMITS AT TURN 4 LAP 10 
2024,Las Vegas Grand Prix,R,HAM,22.0,0 days 00:01:37.086000,8.0,clear_violation,TRACK LIMITS AT TURN 8 LAP 47 
2024,Las Vegas Grand Prix,R,HAM,47.0,0 days 00:01:37.086000,8.0,clear_violation,TRACK LIMITS AT TURN 8 LAP 47 
2024,Las Vegas Grand Prix,R,SAI,27.0,0 days 00:01:41.611000,17.0,clear_violation,TRACK LIMITS AT TURN 17 LAP 27 
2024,Las Vegas Grand Prix,R,LEC,50.0,0 days 00:01:37.218000,8.0,clear_violation,TRACK LIMITS AT TURN 8 LAP 50 
2024,Las Vegas Grand Prix,R,VER,26.0,0 days 00:01:38.362000,8.0,clear_violation,TRACK LIMITS AT TURN 8 LAP 26 
2024,Las Vegas Grand Prix,R,PIA,11.0,0 days 00:02:01.018000,8.0,clear_violation,TRACK LIMITS AT TURN 8 LAP 11 
2024,Las Vegas Grand Prix,R,HUL,15.0,0 days 00:01:55.523000,8.0,clear_violation,TRACK LIMITS AT TURN 8 LAP 15 
2024,Las Vegas Grand Prix,R,STR,10.0,0 days 00:02:09.226000,8.0,clear_violation,TRACK LIMITS AT TURN 8 LAP 10 
2024,Las Vegas Grand Prix,R,STR,39.0,0 days 00:01:38.027000,8.0,clear_violation,TRACK LIMITS AT TURN 8 LAP 39 
2024,Qatar Grand Prix,Q,NOR,8.0,0 days 00:01:21.437000,6.0,clear_violation,TRACK LIMITS AT TURN 6 LAP 9 
2024,Qatar Grand Prix,Q,ALB,2.0,0 days 00:01:22.873000,6.0,clear_violation,TRACK LIMITS AT TURN 6 LAP 3 
2024,Qatar Grand Prix,Q,ALO,15.0,0 days 00:01:21.320000,10.0,clear_violation,TRACK LIMITS AT TURN 10 LAP 16 
2024,Qatar Grand Prix,Q,MAG,2.0,0 days 00:01:23.505000,1.0,clear_violation,TRACK LIMITS AT TURN 1 LAP 3 
2024,Qatar Grand Prix,Q,COL,2.0,0 days 00:01:23.535000,6.0,clear_violation,TRACK LIMITS AT TURN 6 LAP 3 
2024,Qatar Grand Prix,SQ,MAG,10.0,0 days 00:01:22.901000,6.0,clear_violation,TRACK LIMITS AT TURN 6 LAP 11 
2024,Qatar Grand Prix,SQ,LAW,2.0,0 days 00:01:24.293000,5.0,clear_violation,TRACK LIMITS AT TURN 5 LAP 3 
2024,Qatar Grand Prix,SQ,LAW,19.0,0 days 00:01:22.082000,6.0,clear_violation,TRACK LIMITS AT TURN 6 LAP 20 
2024,Qatar Grand Prix,SQ,PIA,8.0,0 days 00:01:22.050000,2.0,clear_violation,TRACK LIMITS AT TURN 2 LAP 9 
2024,Qatar Grand Prix,SQ,PIA,15.0,0 days 00:01:21.238000,6.0,clear_violation,TRACK LIMITS AT TURN 6 LAP 16 
2024,Qatar Grand Prix,S,PIA,18.0,0 days 00:01:24.454000,7.0,clear_violation,TRACK LIMITS AT TURN 7 LAP 18 
2024,Qatar Grand Prix,S,MAG,5.0,0 days 00:01:25.972000,7.0,clear_violation,TRACK LIMITS AT TURN 7 LAP 5 
2024,Qatar Grand Prix,R,GAS,11.0,0 days 00:01:28.181000,7.0,clear_violation,TRACK LIMITS AT TURN 7 LAP 11 
2024,Qatar Grand Prix,R,GAS,39.0,0 days 00:02:19.279000,14.0,clear_violation,TRACK LIMITS AT TURN 14 LAP 39 
2024,Qatar Grand Prix,R,GAS,44.0,0 days 00:01:25.421000,16.0,clear_violation,TRACK LIMITS AT TURN 16 LAP 44 
2024,Qatar Grand Prix,R,GAS,45.0,0 days 00:01:24.508000,16.0,clear_violation,TRACK LIMITS AT TURN 16 (NEXT LAP)
2024,Qatar Grand Prix,R,ALO,5.0,0 days 00:01:32.386000,13.0,clear_violation,TRACK LIMITS AT TURN 13 LAP 5 
2024,Qatar Grand Prix,R,ALO,40.0,0 days 00:01:51.269000,6.0,clear_violation,TRACK LIMITS AT TURN 6 LAP 40 
2024,Qatar Grand Prix,R,MAG,10.0,0 days 00:01:27.601000,1.0,clear_violation,TRACK LIMITS AT TURN 1 LAP 10 
2024,Qatar Grand Prix,R,MAG,46.0,0 days 00:01:25.823000,1.0,clear_violation,TRACK LIMITS AT TURN 1 LAP 46 
2024,Qatar Grand Prix,R,LAW,43.0,0 days 00:01:29.070000,6.0,clear_violation,TRACK LIMITS AT TURN 6 LAP 43 
2024,Qatar Grand Prix,R,LAW,51.0,0 days 00:01:28.245000,16.0,clear_violation,TRACK LIMITS AT TURN 16 LAP 51 
2024,Qatar Grand Prix,R,LAW,52.0,0 days 00:01:27.612000,16.0,clear_violation,TRACK LIMITS AT TURN 16 (NEXT LAP)
2024,Qatar Grand Prix,R,NOR,55.0,0 days 00:01:22.994000,1.0,clear_violation,TRACK LIMITS AT TURN 1 LAP 55 
2024,Qatar Grand Prix,R,NOR,57.0,0 days 00:01:23.271000,4.0,clear_violation,TRACK LIMITS AT TURN 4 LAP 57 
2024,Qatar Grand Prix,R,HAM,33.0,0 days 00:01:25.713000,7.0,clear_violation,TRACK LIMITS AT TURN 7 LAP 33 
2024,Qatar Grand Prix,R,BOT,52.0,0 days 00:01:26.927000,1.0,clear_violation,TRACK LIMITS AT TURN 1 LAP 52 
2024,Qatar Grand Prix,R,PIA,16.0,0 days 00:01:26.474000,16.0,clear_violation,TRACK LIMITS AT TURN 16 LAP 16 
2024,Qatar Grand Prix,R,PIA,17.0,0 days 00:01:26.031000,16.0,clear_violation,TRACK LIMITS AT TURN 16 (NEXT LAP)
2024,Qatar Grand Prix,R,PIA,48.0,0 days 00:01:23.624000,6.0,clear_violation,TRACK LIMITS AT TURN 6 LAP 48 
2024,Abu Dhabi Grand Prix,Q,LEC,11.0,0 days 00:01:22.980000,1.0,clear_violation,TRACK LIMITS AT TURN 1 LAP 12 
2024,Abu Dhabi Grand Prix,Q,COL,2.0,0 days 00:01:24.411000,1.0,clear_violation,TRACK LIMITS AT TURN 1 LAP 3 
2024,Abu Dhabi Grand Prix,R,VER,9.0,0 days 00:01:29.445000,1.0,clear_violation,TRACK LIMITS AT TURN 1 LAP 9 
2024,Abu Dhabi Grand Prix,R,GAS,37.0,0 days 00:01:29.212000,1.0,clear_violation,TRACK LIMITS AT TURN 1 LAP 37 
2024,Abu Dhabi Grand Prix,R,ALO,10.0,0 days 00:01:31.708000,1.0,clear_violation,TRACK LIMITS AT TURN 1 LAP 10 
2024,Abu Dhabi Grand Prix,R,LEC,10.0,0 days 00:01:30.008000,1.0,clear_violation,TRACK LIMITS AT TURN 1 LAP 10 
2024,Abu Dhabi Grand Prix,R,LEC,56.0,0 days 00:01:28.220000,1.0,clear_violation,TRACK LIMITS AT TURN 1 LAP 56 
2024,Abu Dhabi Grand Prix,R,STR,9.0,0 days 00:01:30.505000,1.0,clear_violation,TRACK LIMITS AT TURN 1 LAP 9 
2024,Abu Dhabi Grand Prix,R,STR,15.0,0 days 00:01:29.963000,1.0,clear_violation,TRACK LIMITS AT TURN 1 LAP 15 
2024,Abu Dhabi Grand Prix,R,STR,16.0,0 days 00:01:30.032000,1.0,clear_violation,TRACK LIMITS AT TURN 1 LAP 16 
2024,Abu Dhabi Grand Prix,R,STR,56.0,0 days 00:01:29.126000,1.0,clear_violation,TRACK LIMITS AT TURN 1 LAP 56 
2024,Abu Dhabi Grand Prix,R,MAG,30.0,0 days 00:02:01.980000,6.0,clear_violation,TRACK LIMITS AT TURN 6 LAP 30 
2024,Abu Dhabi Grand Prix,R,MAG,46.0,0 days 00:01:29.660000,1.0,clear_violation,TRACK LIMITS AT TURN 1 LAP 46 
2024,Abu Dhabi Grand Prix,R,TSU,4.0,0 days 00:01:30.115000,1.0,clear_violation,TRACK LIMITS AT TURN 1 LAP 4 
2024,Abu Dhabi Grand Prix,R,TSU,13.0,0 days 00:01:30.727000,1.0,clear_violation,TRACK LIMITS AT TURN 1 LAP 13 
2024,Abu Dhabi Grand Prix,R,TSU,28.0,0 days 00:01:29.775000,1.0,clear_violation,TRACK LIMITS AT TURN 1 LAP 28 
2024,Abu Dhabi Grand Prix,R,ALB,24.0,0 days 00:01:29.990000,1.0,clear_violation,TRACK LIMITS AT TURN 1 LAP 24 
2024,Abu Dhabi Grand Prix,R,LAW,9.0,0 days 00:01:30.303000,1.0,clear_violation,TRACK LIMITS AT TURN 1 LAP 9 
2024,Abu Dhabi Grand Prix,R,LAW,10.0,0 days 00:01:30.759000,1.0,clear_violation,TRACK LIMITS AT TURN 1 LAP 10 
2024,Abu Dhabi Grand Prix,R,HAM,49.0,0 days 00:01:27.490000,1.0,clear_violation,TRACK LIMITS AT TURN 1 LAP 49 
2024,Abu Dhabi Grand Prix,R,SAI,24.0,0 days 00:01:29.372000,1.0,clear_violation,TRACK LIMITS AT TURN 1 LAP 24 
2024,Abu Dhabi Grand Prix,R,DOO,10.0,0 days 00:01:31.054000,1.0,clear_violation,TRACK LIMITS AT TURN 1 LAP 10 
2024,Abu Dhabi Grand Prix,R,DOO,24.0,0 days 00:01:29.815000,1.0,clear_violation,TRACK LIMITS AT TURN 1 LAP 24 
2024,Abu Dhabi Grand Prix,R,DOO,42.0,0 days 00:01:29.592000,1.0,clear_violation,TRACK LIMITS AT TURN 1 LAP 42 
2024,Abu Dhabi Grand Prix,R,RUS,36.0,0 days 00:01:28.501000,1.0,clear_violation,TRACK LIMITS AT TURN 1 LAP 36 
2024,Abu Dhabi Grand Prix,R,RUS,52.0,0 days 00:01:28.394000,1.0,clear_violation,TRACK LIMITS AT TURN 1 LAP 52 
2024,Abu Dhabi Grand Prix,R,PIA,14.0,0 days 00:01:29.319000,1.0,clear_violation,TRACK LIMITS AT TURN 1 LAP 14 
2024,Abu Dhabi Grand Prix,R,PIA,29.0,0 days 00:01:29.735000,1.0,clear_violation,TRACK LIMITS AT TURN 1 LAP 29 
2024,Abu Dhabi Grand Prix,R,PIA,45.0,0 days 00:01:30.015000,11.0,clear_violation,TRACK LIMITS AT TURN 11 LAP 45 
2025,Australian Grand Prix,Q,NOR,16.0,0 days 00:01:15.921000,4.0,clear_violation,TRACK LIMITS AT TURN 4 LAP 17 
2025,Australian Grand Prix,Q,DOO,11.0,0 days 00:01:16.995000,12.0,clear_violation,TRACK LIMITS AT TURN 12 LAP 12 
2025,Australian Grand Prix,Q,HUL,4.0,0 days 00:02:09.192000,9.0,clear_violation,TRACK LIMITS AT TURN 9 LAP 5 
2025,Australian Grand Prix,Q,HUL,5.0,0 days 00:01:21.477000,11.0,clear_violation,TRACK LIMITS AT TURN 11 LAP 6 
2025,Australian Grand Prix,Q,OCO,8.0,0 days 00:01:17.686000,4.0,clear_violation,TRACK LIMITS AT TURN 4 LAP 9 
2025,Australian Grand Prix,R,GAS,54.0,0 days 00:01:34.967000,1.0,clear_violation,TRACK LIMITS AT TURN 1 LAP 54 
2025,Australian Grand Prix,R,ANT,16.0,0 days 00:01:37.326000,4.0,clear_violation,TRACK LIMITS AT TURN 4 LAP 16 
2025,Australian Grand Prix,R,TSU,45.0,0 days 00:01:35.983000,12.0,clear_violation,TRACK LIMITS AT TURN 12 LAP 45 
2025,Australian Grand Prix,R,LAW,28.0,0 days 00:01:31.084000,6.0,clear_violation,TRACK LIMITS AT TURN 6 LAP 28 
2025,Australian Grand Prix,R,NOR,44.0,0 days 00:01:45.587000,12.0,clear_violation,TRACK LIMITS AT TURN 12 LAP 44 
2025,Australian Grand Prix,R,PIA,32.0,0 days 00:01:29.379000,6.0,clear_violation,TRACK LIMITS AT TURN 6 LAP 32 
2025,Chinese Grand Prix,Q,NOR,2.0,0 days 00:01:32.036000,9.0,clear_violation,TRACK LIMITS AT TURN 9 LAP 3 
2025,Chinese Grand Prix,Q,ANT,18.0,0 days 00:01:31.685000,16.0,clear_violation,TRACK LIMITS AT TURN 16 LAP 19 
2025,Chinese Grand Prix,S,DOO,4.0,0 days 00:01:38.101000,14.0,clear_violation,TRACK LIMITS AT TURN 14 LAP 4 
2025,Chinese Grand Prix,R,HAD,45.0,0 days 00:01:38.600000,14.0,clear_violation,TRACK LIMITS AT TURN 14 LAP 45 
2025,Chinese Grand Prix,R,DOO,45.0,0 days 00:01:38.345000,14.0,clear_violation,TRACK LIMITS AT TURN 14 LAP 45 
2025,Chinese Grand Prix,R,TSU,16.0,0 days 00:01:39.932000,14.0,clear_violation,TRACK LIMITS AT TURN 14 LAP 16 
2025,Japanese Grand Prix,R,NOR,53.0,0 days 00:01:31.423000,17.0,clear_violation,TRACK LIMITS AT TURN 17 LAP 53 
2025,Japanese Grand Prix,R,RUS,33.0,0 days 00:01:32.080000,17.0,clear_violation,TRACK LIMITS AT TURN 17 LAP 33 
2025,Japanese Grand Prix,R,ANT,2.0,0 days 00:01:34.531000,17.0,clear_violation,TRACK LIMITS AT TURN 17 LAP 2 
2025,Japanese Grand Prix,R,ANT,47.0,0 days 00:01:31.238000,17.0,clear_violation,TRACK LIMITS AT TURN 17 LAP 47 
2025,Japanese Grand Prix,R,TSU,26.0,0 days 00:01:33.745000,17.0,clear_violation,TRACK LIMITS AT TURN 17 LAP 26 
2025,Japanese Grand Prix,R,GAS,53.0,0 days 00:01:33.169000,17.0,clear_violation,TRACK LIMITS AT TURN 17 LAP 53 
2025,Japanese Grand Prix,R,SAI,15.0,0 days 00:01:34.451000,17.0,clear_violation,TRACK LIMITS AT TURN 17 LAP 15 
2025,Japanese Grand Prix,R,SAI,25.0,0 days 00:01:33.932000,17.0,clear_violation,TRACK LIMITS AT TURN 17 LAP 25 
2025,Bahrain Grand Prix,Q,ANT,16.0,0 days 00:01:31.494000,11.0,clear_violation,TRACK LIMITS AT TURN 11 LAP 17 
2025,Bahrain Grand Prix,Q,HAM,14.0,0 days 00:01:31.410000,13.0,clear_violation,TRACK LIMITS AT TURN 13 LAP 15 
2025,Bahrain Grand Prix,Q,TSU,2.0,0 days 00:01:32.096000,15.0,clear_violation,TRACK LIMITS AT TURN 15 LAP 3 
2025,Bahrain Grand Prix,Q,HUL,8.0,0 days 00:01:31.998000,11.0,clear_violation,TRACK LIMITS AT TURN 11 LAP 9 
2025,Bahrain Grand Prix,Q,STR,2.0,0 days 00:01:33.575000,13.0,clear_violation,TRACK LIMITS AT TURN 13 LAP 3 
2025,Bahrain Grand Prix,R,PIA,23.0,0 days 00:01:37.933000,11.0,clear_violation,TRACK LIMITS AT TURN 11 LAP 23 
2025,Bahrain Grand Prix,R,NOR,10.0,0 days 00:01:41.534000,13.0,clear_violation,TRACK LIMITS AT TURN 13 LAP 10 
2025,Bahrain Grand Prix,R,NOR,36.0,0 days 00:01:36.505000,4.0,clear_violation,TRACK LIMITS AT TURN 4 LAP 36 
2025,Bahrain Grand Prix,R,NOR,49.0,0 days 00:01:37.861000,4.0,clear_violation,TRACK LIMITS AT TURN 4 LAP 49 
2025,Bahrain Grand Prix,R,LEC,38.0,0 days 00:01:36.142000,13.0,clear_violation,TRACK LIMITS AT TURN 13 LAP 38 
2025,Bahrain Grand Prix,R,HAM,42.0,0 days 00:01:37.115000,4.0,clear_violation,TRACK LIMITS AT TURN 4 LAP 42 
2025,Bahrain Grand Prix,R,VER,45.0,0 days 00:01:37.385000,13.0,clear_violation,TRACK LIMITS AT TURN 13 LAP 45 
2025,Bahrain Grand Prix,R,VER,48.0,0 days 00:01:37.484000,13.0,clear_violation,TRACK LIMITS AT TURN 13 LAP 48 
2025,Bahrain Grand Prix,R,VER,55.0,0 days 00:01:38.687000,4.0,clear_violation,TRACK LIMITS AT TURN 4 LAP 55 
2025,Bahrain Grand Prix,R,TSU,9.0,0 days 00:01:40.727000,13.0,clear_violation,TRACK LIMITS AT TURN 13 LAP 9 
2025,Bahrain Grand Prix,R,TSU,50.0,0 days 00:01:37.834000,13.0,clear_violation,TRACK LIMITS AT TURN 13 LAP 50 
2025,Bahrain Grand Prix,R,TSU,52.0,0 days 00:01:38.497000,13.0,clear_violation,TRACK LIMITS AT TURN 13 LAP 52 
2025,Bahrain Grand Prix,R,BEA,52.0,0 days 00:01:38.548000,13.0,clear_violation,TRACK LIMITS AT TURN 13 LAP 52 
2025,Bahrain Grand Prix,R,BEA,54.0,0 days 00:01:38.643000,13.0,clear_violation,TRACK LIMITS AT TURN 13 LAP 54 
2025,Bahrain Grand Prix,R,ANT,8.0,0 days 00:01:39.197000,13.0,clear_violation,TRACK LIMITS AT TURN 13 LAP 8 
2025,Bahrain Grand Prix,R,ANT,10.0,0 days 00:01:39.467000,13.0,clear_violation,TRACK LIMITS AT TURN 13 LAP 10 
2025,Bahrain Grand Prix,R,ANT,13.0,0 days 00:01:59.713000,11.0,clear_violation,TRACK LIMITS AT TURN 11 LAP 13 
2025,Bahrain Grand Prix,R,ANT,36.0,0 days 00:01:39.917000,10.0,clear_violation,TRACK LIMITS AT TURN 10 LAP 36 
2025,Bahrain Grand Prix,R,HAD,2.0,0 days 00:01:39.603000,13.0,clear_violation,TRACK LIMITS AT TURN 13 LAP 2 
2025,Bahrain Grand Prix,R,HAD,8.0,0 days 00:01:37.392000,13.0,clear_violation,TRACK LIMITS AT TURN 13 LAP 8 
2025,Bahrain Grand Prix,R,HAD,11.0,0 days 00:01:38.623000,13.0,clear_violation,TRACK LIMITS AT TURN 13 LAP 11 
2025,Bahrain Grand Prix,R,DOO,11.0,0 days 00:01:37.745000,13.0,clear_violation,TRACK LIMITS AT TURN 13 LAP 11 
2025,Bahrain Grand Prix,R,DOO,27.0,0 days 00:01:39.521000,13.0,clear_violation,TRACK LIMITS AT TURN 13 LAP 27 
2025,Bahrain Grand Prix,R,DOO,42.0,0 days 00:01:37.533000,13.0,clear_violation,TRACK LIMITS AT TURN 13 LAP 42 
2025,Bahrain Grand Prix,R,DOO,56.0,0 days 00:01:38.811000,13.0,clear_violation,TRACK LIMITS AT TURN 13 LAP 56 
2025,Bahrain Grand Prix,R,ALO,36.0,0 days 00:01:40.731000,1.0,clear_violation,TRACK LIMITS AT TURN 1 LAP 36 
2025,Bahrain Grand Prix,R,LAW,14.0,0 days 00:01:43.984000,13.0,clear_violation,TRACK LIMITS AT TURN 13 LAP 14 
2025,Bahrain Grand Prix,R,LAW,18.0,0 days 00:01:39.836000,13.0,clear_violation,TRACK LIMITS AT TURN 13 LAP 18 
2025,Bahrain Grand Prix,R,STR,57.0,0 days 00:01:38.980000,13.0,clear_violation,TRACK LIMITS AT TURN 13 LAP 57 
2025,Bahrain Grand Prix,R,SAI,36.0,0 days 00:01:40.833000,10.0,clear_violation,TRACK LIMITS AT TURN 10 LAP 36 
2025,Bahrain Grand Prix,R,HUL,36.0,0 days 00:01:38.943000,13.0,clear_violation,TRACK LIMITS AT TURN 13 LAP 36 
2025,Saudi Arabian Grand Prix,Q,DOO,3.0,0 days 00:01:58.947000,7.0,clear_violation,TRACK LIMITS AT TURN 7 LAP 4 
2025,Saudi Arabian Grand Prix,Q,BOR,5.0,0 days 00:01:29.636000,2.0,clear_violation,TRACK LIMITS AT TURN 2 LAP 6 
2025,Saudi Arabian Grand Prix,R,NOR,27.0,0 days 00:01:33.342000,4.0,clear_violation,TRACK LIMITS AT TURN 4 LAP 27 
2025,Saudi Arabian Grand Prix,R,ANT,25.0,0 days 00:01:33.780000,15.0,clear_violation,TRACK LIMITS AT TURN 15 LAP 25 
2025,Saudi Arabian Grand Prix,R,HAM,31.0,0 days 00:01:34.392000,22.0,clear_violation,TRACK LIMITS AT TURN 22 LAP 31 
2025,Saudi Arabian Grand Prix,R,ALB,19.0,0 days 00:01:35.896000,2.0,clear_violation,TRACK LIMITS AT TURN 2 LAP 19 
2025,Saudi Arabian Grand Prix,R,HAD,22.0,0 days 00:01:36.137000,2.0,clear_violation,TRACK LIMITS AT TURN 2 LAP 22 
2025,Saudi Arabian Grand Prix,R,HAD,31.0,0 days 00:01:35.421000,22.0,clear_violation,TRACK LIMITS AT TURN 22 LAP 31 
2025,Saudi Arabian Grand Prix,R,ALO,25.0,0 days 00:01:37.031000,2.0,clear_violation,TRACK LIMITS AT TURN 2 LAP 25 
2025,Saudi Arabian Grand Prix,R,LAW,18.0,0 days 00:01:35.162000,11.0,clear_violation,TRACK LIMITS AT TURN 11 LAP 18 
2025,Saudi Arabian Grand Prix,R,LAW,28.0,0 days 00:01:35.190000,2.0,clear_violation,TRACK LIMITS AT TURN 2 LAP 28 
2025,Saudi Arabian Grand Prix,R,STR,12.0,0 days 00:01:36.148000,22.0,clear_violation,TRACK LIMITS AT TURN 22 LAP 12 
2025,Saudi Arabian Grand Prix,R,BOR,8.0,0 days 00:01:36.994000,17.0,clear_violation,TRACK LIMITS AT TURN 17 LAP 8 
2025,Saudi Arabian Grand Prix,R,BOR,21.0,0 days 00:01:36.354000,2.0,clear_violation,TRACK LIMITS AT TURN 2 LAP 21 
2025,Miami Grand Prix,SQ,HAD,2.0,0 days 00:01:29.901000,17.0,clear_violation,TRACK LIMITS AT TURN 17 LAP 3 
2025,Miami Grand Prix,S,SAI,7.0,0 days 00:01:43.395000,17.0,clear_violation,TRACK LIMITS AT TURN 17 LAP 7 
2025,Miami Grand Prix,S,DOO,3.0,0 days 00:02:13.457000,11.0,clear_violation,TRACK LIMITS AT TURN 11 LAP 3 
2025,Miami Grand Prix,S,TSU,12.0,0 days 00:01:39.140000,15.0,clear_violation,TRACK LIMITS AT TURN 15 LAP 12 
2025,Miami Grand Prix,R,VER,17.0,0 days 00:01:34.857000,11.0,clear_violation,TRACK LIMITS AT TURN 11 LAP 17 
2025,Miami Grand Prix,R,NOR,17.0,0 days 00:01:34.855000,11.0,clear_violation,TRACK LIMITS AT TURN 11 LAP 17 
2025,Miami Grand Prix,R,BOR,30.0,0 days 00:01:57.049000,6.0,clear_violation,TRACK LIMITS AT TURN 6 LAP 30 
2025,Miami Grand Prix,R,SAI,16.0,0 days 00:01:32.915000,15.0,clear_violation,TRACK LIMITS AT TURN 15 LAP 16 
2025,Emilia Romagna Grand Prix,Q,HUL,8.0,0 days 00:01:16.819000,17.0,clear_violation,TRACK LIMITS AT TURN 17 LAP 9 
2025,Emilia Romagna Grand Prix,R,GAS,3.0,0 days 00:01:25.766000,10.0,clear_violation,TRACK LIMITS AT TURN 10 LAP 3 
2025,Emilia Romagna Grand Prix,R,GAS,7.0,0 days 00:01:22.462000,17.0,clear_violation,TRACK LIMITS AT TURN 17 LAP 7 
2025,Emilia Romagna Grand Prix,R,ALB,60.0,0 days 00:01:21.386000,3.0,clear_violation,TRACK LIMITS AT TURN 3 LAP 60 
2025,Monaco Grand Prix,Q,LEC,5.0,0 days 00:01:40.135000,10.0,clear_violation,TRACK LIMITS AT TURN 10 LAP 6 
2025,Monaco Grand Prix,Q,HAM,5.0,0 days 00:01:40.934000,10.0,clear_violation,TRACK LIMITS AT TURN 10 LAP 6 
2025,Monaco Grand Prix,Q,HAM,13.0,0 days 00:01:43.952000,10.0,clear_violation,TRACK LIMITS AT TURN 10 LAP 14 
2025,Monaco Grand Prix,Q,ALB,6.0,0 days 00:01:44.082000,1.0,clear_violation,TRACK LIMITS AT TURN 1 LAP 7 
2025,Monaco Grand Prix,Q,SAI,4.0,0 days 00:01:42.829000,16.0,clear_violation,TRACK LIMITS AT TURN 16 LAP 5 
2025,Monaco Grand Prix,Q,SAI,6.0,0 days 00:01:43.600000,1.0,clear_violation,TRACK LIMITS AT TURN 1 LAP 7 
2025,Monaco Grand Prix,Q,SAI,22.0,0 days 00:01:35.756000,10.0,clear_violation,TRACK LIMITS AT TURN 10 LAP 23 
2025,Monaco Grand Prix,Q,TSU,18.0,0 days 00:01:39.736000,1.0,clear_violation,TRACK LIMITS AT TURN 1 LAP 19 
2025,Monaco Grand Prix,Q,ANT,3.0,0 days 00:01:40.471000,1.0,clear_violation,TRACK LIMITS AT TURN 1 LAP 4 
2025,Monaco Grand Prix,Q,ANT,4.0,0 days 00:01:45.507000,1.0,clear_violation,TRACK LIMITS AT TURN 1 LAP 5 
2025,Monaco Grand Prix,Q,ANT,10.0,0 days 00:01:47.800000,16.0,clear_violation,TRACK LIMITS AT TURN 16 LAP 11 
2025,Monaco Grand Prix,Q,RUS,4.0,0 days 00:01:49.685000,1.0,clear_violation,TRACK LIMITS AT TURN 1 LAP 5 
2025,Monaco Grand Prix,Q,RUS,5.0,0 days 00:01:33.247000,10.0,clear_violation,TRACK LIMITS AT TURN 10 LAP 6 
2025,Monaco Grand Prix,Q,RUS,7.0,0 days 00:01:45.046000,10.0,clear_violation,TRACK LIMITS AT TURN 10 LAP 8 
2025,Monaco Grand Prix,Q,RUS,8.0,0 days 00:01:49.178000,1.0,clear_violation,TRACK LIMITS AT TURN 1 LAP 9 
2025,Monaco Grand Prix,Q,RUS,9.0,0 days 00:01:44.102000,1.0,clear_violation,TRACK LIMITS AT TURN 1 LAP 10 
2025,Monaco Grand Prix,Q,RUS,12.0,0 days 00:01:23.483000,10.0,clear_violation,TRACK LIMITS AT TURN 10 LAP 13 
2025,Monaco Grand Prix,Q,ALO,15.0,0 days 00:01:38.508000,1.0,clear_violation,TRACK LIMITS AT TURN 1 LAP 16 
2025,Monaco Grand Prix,Q,GAS,3.0,0 days 00:01:38.777000,1.0,clear_violation,TRACK LIMITS AT TURN 1 LAP 4 
2025,Monaco Grand Prix,Q,GAS,7.0,0 days 00:01:44.935000,10.0,clear_violation,TRACK LIMITS AT TURN 10 LAP 8 
2025,Monaco Grand Prix,Q,STR,5.0,0 days 00:01:49.102000,10.0,clear_violation,TRACK LIMITS AT TURN 10 LAP 6 
2025,Monaco Grand Prix,Q,HAD,23.0,0 days 00:01:12.074000,10.0,clear_violation,TRACK LIMITS AT TURN 10 LAP 24 
2025,Monaco Grand Prix,Q,OCO,16.0,0 days 00:01:34.358000,1.0,clear_violation,TRACK LIMITS AT TURN 1 LAP 17 
2025,Monaco Grand Prix,Q,BOR,4.0,0 days 00:01:16.057000,10.0,clear_violation,TRACK LIMITS AT TURN 10 LAP 5 
2025,Monaco Grand Prix,R,VER,53.0,0 days 00:01:17.547000,10.0,clear_violation,TRACK LIMITS AT TURN 10 LAP 53 
2025,Monaco Grand Prix,R,ANT,41.0,0 days 00:01:18.060000,10.0,clear_violation,TRACK LIMITS AT TURN 10 LAP 41 
2025,Monaco Grand Prix,R,ANT,51.0,0 days 00:01:20.341000,10.0,clear_violation,TRACK LIMITS AT TURN 10 LAP 51 
2025,Monaco Grand Prix,R,LEC,21.0,0 days 00:01:15.782000,10.0,clear_violation,TRACK LIMITS AT TURN 10 LAP 21 
2025,Monaco Grand Prix,R,STR,74.0,0 days 00:01:17.061000,10.0,clear_violation,TRACK LIMITS AT TURN 10 LAP 74 
2025,Monaco Grand Prix,R,TSU,8.0,0 days 00:01:23.351000,10.0,clear_violation,TRACK LIMITS AT TURN 10 LAP 8 
2025,Monaco Grand Prix,R,HUL,52.0,0 days 00:01:20.376000,10.0,clear_violation,TRACK LIMITS AT TURN 10 LAP 52 
2025,Monaco Grand Prix,R,HUL,64.0,0 days 00:01:20.147000,10.0,clear_violation,TRACK LIMITS AT TURN 10 LAP 64 
2025,Monaco Grand Prix,R,LAW,9.0,0 days 00:01:24.550000,10.0,clear_violation,TRACK LIMITS AT TURN 10 LAP 9 
2025,Monaco Grand Prix,R,HAM,35.0,0 days 00:01:17.826000,10.0,clear_violation,TRACK LIMITS AT TURN 10 LAP 35 
2025,Monaco Grand Prix,R,RUS,47.0,0 days 00:01:19.959000,10.0,clear_violation,TRACK LIMITS AT TURN 10 LAP 47 
2025,Monaco Grand Prix,R,RUS,48.0,0 days 00:01:17.477000,10.0,clear_violation,TRACK LIMITS AT TURN 10 LAP 48 
2025,Monaco Grand Prix,R,BEA,51.0,0 days 00:01:22.205000,10.0,clear_violation,TRACK LIMITS AT TURN 10 LAP 51 
2025,Monaco Grand Prix,R,BEA,76.0,0 days 00:01:17.224000,10.0,clear_violation,TRACK LIMITS AT TURN 10 LAP 76 
2025,Spanish Grand Prix,R,VER,61.0,0 days 00:01:18.862000,2.0,clear_violation,TRACK LIMITS AT TURN 2 LAP 61 
2025,Spanish Grand Prix,R,ANT,14.0,0 days 00:01:22.313000,10.0,clear_violation,TRACK LIMITS AT TURN 10 LAP 14 
2025,Spanish Grand Prix,R,ANT,37.0,0 days 00:01:20.752000,10.0,clear_violation,TRACK LIMITS AT TURN 10 LAP 37 
2025,Spanish Grand Prix,R,ALO,13.0,0 days 00:01:30.665000,5.0,clear_violation,TRACK LIMITS AT TURN 5 LAP 13 
2025,Spanish Grand Prix,R,ALB,24.0,0 days 00:01:23.477000,2.0,clear_violation,TRACK LIMITS AT TURN 2 LAP 24 
2025,Spanish Grand Prix,R,LAW,52.0,0 days 00:01:19.805000,5.0,clear_violation,TRACK LIMITS AT TURN 5 LAP 52 
2025,Spanish Grand Prix,R,COL,12.0,0 days 00:01:23.037000,13.0,clear_violation,TRACK LIMITS AT TURN 13 LAP 12 
2025,Spanish Grand Prix,R,BEA,31.0,0 days 00:01:23.130000,2.0,clear_violation,TRACK LIMITS AT TURN 2 LAP 31 
2025,Spanish Grand Prix,R,BEA,51.0,0 days 00:01:22.963000,2.0,clear_violation,TRACK LIMITS AT TURN 2 LAP 51 
2025,Canadian Grand Prix,Q,NOR,16.0,0 days 00:01:12.292000,14.0,clear_violation,TRACK LIMITS AT TURN 14 LAP 17 
2025,Canadian Grand Prix,Q,HAM,2.0,0 days 00:01:34.866000,2.0,clear_violation,TRACK LIMITS AT TURN 2 LAP 3 
2025,Canadian Grand Prix,Q,HAM,3.0,0 days 00:01:13.829000,9.0,clear_violation,TRACK LIMITS AT TURN 9 LAP 4 
2025,Canadian Grand Prix,Q,VER,13.0,0 days 00:01:15.945000,14.0,clear_violation,TRACK LIMITS AT TURN 14 LAP 14 
2025,Canadian Grand Prix,Q,ALB,8.0,0 days 00:01:15.908000,14.0,clear_violation,TRACK LIMITS AT TURN 14 LAP 9 
2025,Canadian Grand Prix,Q,BEA,3.0,0 days 00:01:32.006000,2.0,clear_violation,TRACK LIMITS AT TURN 2 LAP 4 
2025,Canadian Grand Prix,R,GAS,44.0,0 days 00:01:18.503000,14.0,clear_violation,TRACK LIMITS AT TURN 14 LAP 44 
2025,Canadian Grand Prix,R,ANT,3.0,0 days 00:01:16.878000,14.0,clear_violation,TRACK LIMITS AT TURN 14 LAP 3 
2025,Canadian Grand Prix,R,LEC,65.0,0 days 00:01:15.338000,14.0,clear_violation,TRACK LIMITS AT TURN 14 LAP 65 
2025,Canadian Grand Prix,R,SAI,56.0,0 days 00:01:17.283000,14.0,clear_violation,TRACK LIMITS AT TURN 14 LAP 56 
2025,Canadian Grand Prix,R,HAD,45.0,0 days 00:01:18.101000,14.0,clear_violation,TRACK LIMITS AT TURN 14 LAP 45 
2025,Canadian Grand Prix,R,HAD,47.0,0 days 00:01:17.795000,14.0,clear_violation,TRACK LIMITS AT TURN 14 LAP 47 
2025,Canadian Grand Prix,R,BEA,41.0,0 days 00:01:16.813000,14.0,clear_violation,TRACK LIMITS AT TURN 14 LAP 41 
2025,Canadian Grand Prix,R,BEA,47.0,0 days 00:01:17.889000,14.0,clear_violation,TRACK LIMITS AT TURN 14 LAP 47 
2025,Canadian Grand Prix,R,BEA,55.0,0 days 00:01:16.646000,14.0,clear_violation,TRACK LIMITS AT TURN 14 LAP 55 
2025,Austrian Grand Prix,Q,GAS,20.0,0 days 00:01:13.423000,10.0,clear_violation,TRACK LIMITS AT TURN 10 LAP 21 
2025,Austrian Grand Prix,Q,COL,2.0,0 days 00:01:07.042000,6.0,clear_violation,TRACK LIMITS AT TURN 6 LAP 3 
2025,Austrian Grand Prix,R,NOR,14.0,0 days 00:01:11.318000,10.0,clear_violation,TRACK LIMITS AT TURN 10 LAP 14 
2025,Austrian Grand Prix,R,PIA,48.0,0 days 00:01:10.621000,1.0,clear_violation,TRACK LIMITS AT TURN 1 LAP 48 
2025,Austrian Grand Prix,R,PIA,70.0,0 days 00:01:10.782000,1.0,clear_violation,TRACK LIMITS AT TURN 1 LAP 70 
2025,Austrian Grand Prix,R,LEC,17.0,0 days 00:01:11.747000,1.0,clear_violation,TRACK LIMITS AT TURN 1 LAP 17 
2025,Austrian Grand Prix,R,HAM,48.0,0 days 00:01:11.777000,3.0,clear_violation,TRACK LIMITS AT TURN 3 LAP 48 
2025,Austrian Grand Prix,R,ALO,29.0,0 days 00:01:13.447000,1.0,clear_violation,TRACK LIMITS AT TURN 1 LAP 29 
2025,Austrian Grand Prix,R,OCO,27.0,0 days 00:01:12.205000,3.0,clear_violation,TRACK LIMITS AT TURN 3 LAP 27 
2025,Austrian Grand Prix,R,BEA,4.0,0 days 00:01:12.690000,3.0,clear_violation,TRACK LIMITS AT TURN 3 LAP 4 
2025,Austrian Grand Prix,R,BEA,29.0,0 days 00:01:12.441000,1.0,clear_violation,TRACK LIMITS AT TURN 1 LAP 29 
2025,Austrian Grand Prix,R,STR,15.0,0 days 00:01:13.402000,3.0,clear_violation,TRACK LIMITS AT TURN 3 LAP 15 
2025,Austrian Grand Prix,R,COL,31.0,0 days 00:01:12.507000,1.0,clear_violation,TRACK LIMITS AT TURN 1 LAP 31 
2025,British Grand Prix,R,VER,43.0,0 days 00:01:39.479000,1.0,clear_violation,TRACK LIMITS AT TURN 1 LAP 43 
2025,British Grand Prix,R,LEC,5.0,0 days 00:01:58.458000,1.0,clear_violation,TRACK LIMITS AT TURN 1 LAP 5 
2025,British Grand Prix,R,LEC,13.0,0 days 00:02:00.583000,12.0,clear_violation,TRACK LIMITS AT TURN 12 LAP 13 
2025,British Grand Prix,R,LEC,32.0,0 days 00:01:45.187000,9.0,clear_violation,TRACK LIMITS AT TURN 9 LAP 32 
2025,British Grand Prix,R,NOR,5.0,0 days 00:01:45.033000,6.0,clear_violation,TRACK LIMITS AT TURN 6 LAP 5 
2025,British Grand Prix,R,HAM,12.0,0 days 00:02:07.044000,6.0,clear_violation,TRACK LIMITS AT TURN 6 LAP 12 
2025,British Grand Prix,R,HAM,24.0,0 days 00:01:45.853000,9.0,clear_violation,TRACK LIMITS AT TURN 9 LAP 24 
2025,British Grand Prix,R,HAM,42.0,0 days 00:02:09.772000,3.0,clear_violation,TRACK LIMITS AT TURN 3 LAP 42 
2025,British Grand Prix,R,SAI,46.0,0 days 00:01:34.080000,6.0,clear_violation,TRACK LIMITS AT TURN 6 LAP 46 
2025,British Grand Prix,R,PIA,45.0,0 days 00:01:34.870000,11.0,clear_violation,TRACK LIMITS AT TURN 11 LAP 45 
2025,British Grand Prix,R,PIA,52.0,0 days 00:01:32.340000,6.0,clear_violation,TRACK LIMITS AT TURN 6 LAP 52 
2025,British Grand Prix,R,BEA,5.0,0 days 00:02:00.293000,1.0,clear_violation,TRACK LIMITS AT TURN 1 LAP 5 
2025,British Grand Prix,R,BEA,37.0,0 days 00:01:43.169000,9.0,clear_violation,TRACK LIMITS AT TURN 9 LAP 37 
2025,Belgian Grand Prix,Q,BOR,14.0,0 days 00:01:42.955000,10.0,clear_violation,TRACK LIMITS AT TURN 10 LAP 15 
2025,Belgian Grand Prix,Q,HAM,7.0,0 days 00:01:41.664000,4.0,clear_violation,TRACK LIMITS AT TURN 4 LAP 8 
2025,Belgian Grand Prix,SQ,PIA,5.0,0 days 00:01:41.736000,4.0,clear_violation,TRACK LIMITS AT TURN 4 LAP 6 
2025,Belgian Grand Prix,SQ,ANT,2.0,0 days 00:02:04.851000,15.0,clear_violation,TRACK LIMITS AT TURN 15 LAP 3 
2025,Belgian Grand Prix,SQ,TSU,4.0,0 days 00:01:42.890000,19.0,clear_violation,TRACK LIMITS AT TURN 19 LAP 5 
2025,Belgian Grand Prix,SQ,BEA,2.0,0 days 00:01:42.943000,4.0,clear_violation,TRACK LIMITS AT TURN 4 LAP 3 
2025,Belgian Grand Prix,S,GAS,9.0,0 days 00:01:47.744000,4.0,clear_violation,TRACK LIMITS AT TURN 4 LAP 9 
2025,Belgian Grand Prix,S,BOR,10.0,0 days 00:01:47.766000,9.0,clear_violation,TRACK LIMITS AT TURN 9 LAP 10 
2025,Belgian Grand Prix,R,NOR,26.0,0 days 00:01:47.660000,10.0,clear_violation,TRACK LIMITS AT TURN 10 LAP 26 
2025,Belgian Grand Prix,R,ALB,44.0,0 days 00:01:47.252000,10.0,clear_violation,TRACK LIMITS AT TURN 10 LAP 44 
2025,Belgian Grand Prix,R,BOR,9.0,0 days 00:02:03.996000,4.0,clear_violation,TRACK LIMITS AT TURN 4 LAP 9 
2025,Belgian Grand Prix,R,GAS,7.0,0 days 00:02:02.794000,4.0,clear_violation,TRACK LIMITS AT TURN 4 LAP 7 
2025,Belgian Grand Prix,R,TSU,44.0,0 days 00:01:48.375000,4.0,clear_violation,TRACK LIMITS AT TURN 4 LAP 44 
2025,Belgian Grand Prix,R,ANT,7.0,0 days 00:02:02.188000,18.0,clear_violation,TRACK LIMITS AT TURN 18 LAP 7 
2025,Belgian Grand Prix,R,ALO,28.0,0 days 00:01:48.720000,6.0,clear_violation,TRACK LIMITS AT TURN 6 LAP 28 
2025,Belgian Grand Prix,R,SAI,5.0,0 days 00:02:03.311000,6.0,clear_violation,TRACK LIMITS AT TURN 6 LAP 5 
2025,Belgian Grand Prix,R,SAI,11.0,0 days 00:02:04.978000,4.0,clear_violation,TRACK LIMITS AT TURN 4 LAP 11 
2025,Belgian Grand Prix,R,COL,8.0,0 days 00:02:04.446000,4.0,clear_violation,TRACK LIMITS AT TURN 4 LAP 8 
2025,Belgian Grand Prix,R,COL,17.0,0 days 00:01:49.645000,4.0,clear_violation,TRACK LIMITS AT TURN 4 LAP 17 
2025,Belgian Grand Prix,R,HAD,8.0,0 days 00:02:02.837000,4.0,clear_violation,TRACK LIMITS AT TURN 4 LAP 8 
2025,Belgian Grand Prix,R,HAD,12.0,0 days 00:02:04.240000,4.0,clear_violation,TRACK LIMITS AT TURN 4 LAP 12 
2025,Hungarian Grand Prix,Q,STR,14.0,0 days 00:01:16.660000,9.0,clear_violation,TRACK LIMITS AT TURN 9 LAP 15 
2025,Hungarian Grand Prix,Q,COL,8.0,0 days 00:01:17.269000,9.0,clear_violation,TRACK LIMITS AT TURN 9 LAP 9 
2025,Hungarian Grand Prix,Q,ANT,8.0,0 days 00:01:15.693000,14.0,clear_violation,TRACK LIMITS AT TURN 14 LAP 9 
2025,Hungarian Grand Prix,R,NOR,29.0,0 days 00:01:22.533000,7.0,clear_violation,TRACK LIMITS AT TURN 7 LAP 29 
2025,Hungarian Grand Prix,R,RUS,29.0,0 days 00:01:21.680000,7.0,clear_violation,TRACK LIMITS AT TURN 7 LAP 29 
2025,Hungarian Grand Prix,R,ANT,22.0,0 days 00:01:43.212000,7.0,clear_violation,TRACK LIMITS AT TURN 7 LAP 22 
2025,Hungarian Grand Prix,R,ANT,55.0,0 days 00:01:21.234000,7.0,clear_violation,TRACK LIMITS AT TURN 7 LAP 55 
2025,Hungarian Grand Prix,R,HAM,29.0,0 days 00:01:25.490000,4.0,clear_violation,TRACK LIMITS AT TURN 4 LAP 29 
2025,Hungarian Grand Prix,R,HUL,4.0,0 days 00:01:24.397000,1.0,clear_violation,TRACK LIMITS AT TURN 1 LAP 4 
2025,Hungarian Grand Prix,R,HUL,22.0,0 days 00:01:24.497000,7.0,clear_violation,TRACK LIMITS AT TURN 7 LAP 22 
2025,Hungarian Grand Prix,R,HUL,49.0,0 days 00:01:21.837000,1.0,clear_violation,TRACK LIMITS AT TURN 1 LAP 49 
2025,Hungarian Grand Prix,R,SAI,61.0,0 days 00:01:23.355000,2.0,clear_violation,TRACK LIMITS AT TURN 2 LAP 61 
2025,Hungarian Grand Prix,R,ALB,30.0,0 days 00:01:24.453000,7.0,clear_violation,TRACK LIMITS AT TURN 7 LAP 30 
2025,Hungarian Grand Prix,R,COL,27.0,0 days 00:01:22.421000,7.0,clear_violation,TRACK LIMITS AT TURN 7 LAP 27 
2025,Hungarian Grand Prix,R,COL,47.0,0 days 00:01:23.690000,7.0,clear_violation,TRACK LIMITS AT TURN 7 LAP 47 
2025,Hungarian Grand Prix,R,GAS,2.0,0 days 00:01:25.330000,1.0,clear_violation,TRACK LIMITS AT TURN 1 LAP 2 
2025,Hungarian Grand Prix,R,GAS,64.0,0 days 00:01:24.101000,1.0,clear_violation,TRACK LIMITS AT TURN 1 LAP 64 
2025,Hungarian Grand Prix,R,BEA,21.0,0 days 00:01:23.890000,14.0,clear_violation,TRACK LIMITS AT TURN 14 LAP 21 
2025,Dutch Grand Prix,R,GAS,4.0,0 days 00:01:17.528000,12.0,clear_violation,TRACK LIMITS AT TURN 12 LAP 69 
2025,Dutch Grand Prix,R,GAS,69.0,0 days 00:01:17.528000,12.0,clear_violation,TRACK LIMITS AT TURN 12 LAP 69 
2025,Dutch Grand Prix,R,ALO,19.0,0 days 00:01:30.437000,3.0,clear_violation,TRACK LIMITS AT TURN 3 LAP 19 
2025,Dutch Grand Prix,R,LEC,2.0,0 days 00:01:17.076000,3.0,clear_violation,TRACK LIMITS AT TURN 3 LAP 2 
2025,Dutch Grand Prix,R,LEC,32.0,0 days 00:01:26.822000,12.0,clear_violation,TRACK LIMITS AT TURN 12 LAP 32 
2025,Dutch Grand Prix,R,HUL,69.0,0 days 00:01:18.274000,3.0,clear_violation,TRACK LIMITS AT TURN 3 LAP 69 
2025,Dutch Grand Prix,R,COL,21.0,0 days 00:01:16.107000,3.0,clear_violation,TRACK LIMITS AT TURN 3 LAP 21 
2025,Dutch Grand Prix,R,SAI,69.0,0 days 00:01:17.352000,3.0,clear_violation,TRACK LIMITS AT TURN 3 LAP 69 
2025,Dutch Grand Prix,R,RUS,13.0,0 days 00:01:16.228000,3.0,clear_violation,TRACK LIMITS AT TURN 3 LAP 13 
2025,Italian Grand Prix,Q,NOR,5.0,0 days 00:01:40.393000,1.0,clear_violation,TRACK LIMITS AT TURN 1 LAP 6 
2025,Italian Grand Prix,Q,ALB,2.0,0 days 00:01:43.018000,1.0,clear_violation,TRACK LIMITS AT TURN 1 LAP 3 
2025,Italian Grand Prix,Q,SAI,2.0,0 days 00:01:20.470000,7.0,clear_violation,TRACK LIMITS AT TURN 7 LAP 3 
2025,Italian Grand Prix,R,LEC,4.0,0 days 00:01:24.525000,1.0,clear_violation,TRACK LIMITS AT TURN 1 LAP 4 
2025,Italian Grand Prix,R,RUS,48.0,0 days 00:01:22.496000,2.0,clear_violation,TRACK LIMITS AT TURN 2 LAP 48 
2025,Italian Grand Prix,R,ALB,27.0,0 days 00:01:23.723000,2.0,clear_violation,TRACK LIMITS AT TURN 2 LAP 27 
2025,Italian Grand Prix,R,BOR,52.0,0 days 00:01:22.619000,1.0,clear_violation,TRACK LIMITS AT TURN 1 LAP 52 
2025,Italian Grand Prix,R,ANT,6.0,0 days 00:01:25.080000,5.0,clear_violation,TRACK LIMITS AT TURN 5 LAP 6 
2025,Italian Grand Prix,R,ANT,23.0,0 days 00:01:23.671000,5.0,clear_violation,TRACK LIMITS AT TURN 5 LAP 23 
2025,Italian Grand Prix,R,ANT,26.0,0 days 00:01:24.699000,2.0,clear_violation,TRACK LIMITS AT TURN 2 LAP 26 
2025,Italian Grand Prix,R,HAD,8.0,0 days 00:01:25.728000,1.0,clear_violation,TRACK LIMITS AT TURN 1 LAP 8 
2025,Italian Grand Prix,R,SAI,17.0,0 days 00:01:24.342000,4.0,clear_violation,TRACK LIMITS AT TURN 4 LAP 17 
2025,Italian Grand Prix,R,SAI,23.0,0 days 00:01:23.827000,5.0,clear_violation,TRACK LIMITS AT TURN 5 LAP 23 
2025,Italian Grand Prix,R,SAI,40.0,0 days 00:01:29.703000,5.0,clear_violation,TRACK LIMITS AT TURN 5 LAP 40 
2025,Italian Grand Prix,R,BEA,40.0,0 days 00:01:33.514000,5.0,clear_violation,TRACK LIMITS AT TURN 5 LAP 40 
2025,Italian Grand Prix,R,TSU,27.0,0 days 00:01:26.182000,5.0,clear_violation,TRACK LIMITS AT TURN 5 LAP 27 
2025,Italian Grand Prix,R,LAW,27.0,0 days 00:01:27.448000,5.0,clear_violation,TRACK LIMITS AT TURN 5 LAP 27 
2025,Italian Grand Prix,R,GAS,15.0,0 days 00:01:25.448000,5.0,clear_violation,TRACK LIMITS AT TURN 5 LAP 15 
2025,Italian Grand Prix,R,GAS,18.0,0 days 00:01:24.841000,7.0,clear_violation,TRACK LIMITS AT TURN 7 LAP 18 
2025,Italian Grand Prix,R,GAS,33.0,0 days 00:01:24.437000,5.0,clear_violation,TRACK LIMITS AT TURN 5 LAP 33 
2025,Italian Grand Prix,R,COL,9.0,0 days 00:01:24.816000,5.0,clear_violation,TRACK LIMITS AT TURN 5 LAP 9 
2025,Italian Grand Prix,R,COL,30.0,0 days 00:01:25.753000,1.0,clear_violation,TRACK LIMITS AT TURN 1 LAP 30 
2025,Italian Grand Prix,R,COL,50.0,0 days 00:01:25.035000,5.0,clear_violation,TRACK LIMITS AT TURN 5 LAP 50 
2025,Italian Grand Prix,R,STR,2.0,0 days 00:01:26.506000,4.0,clear_violation,TRACK LIMITS AT TURN 4 LAP 2 
2025,Azerbaijan Grand Prix,Q,ANT,4.0,0 days 00:01:43.040000,16.0,clear_violation,TRACK LIMITS AT TURN 16 LAP 5 
2025,Azerbaijan Grand Prix,Q,LEC,13.0,0 days 00:02:20.087000,1.0,clear_violation,TRACK LIMITS AT TURN 1 LAP 14 
2025,Azerbaijan Grand Prix,R,ALO,7.0,0 days 00:01:48.701000,16.0,clear_violation,TRACK LIMITS AT TURN 16 LAP 7 
2025,Singapore Grand Prix,Q,ANT,7.0,0 days 00:01:29.824000,2.0,clear_violation,TRACK LIMITS AT TURN 2 LAP 8 
2025,Singapore Grand Prix,Q,HAM,2.0,0 days 00:02:03.780000,2.0,clear_violation,TRACK LIMITS AT TURN 2 LAP 3 
2025,Singapore Grand Prix,Q,HAM,11.0,0 days 00:01:58.051000,2.0,clear_violation,TRACK LIMITS AT TURN 2 LAP 12 
2025,Singapore Grand Prix,R,VER,37.0,0 days 00:01:36.420000,2.0,clear_violation,TRACK LIMITS AT TURN 2 LAP 37 
2025,Singapore Grand Prix,R,VER,38.0,0 days 00:01:36.064000,2.0,clear_violation,TRACK LIMITS AT TURN 2 LAP 38 
2025,Singapore Grand Prix,R,NOR,55.0,0 days 00:01:36.390000,2.0,clear_violation,TRACK LIMITS AT TURN 2 LAP 55 
2025,Singapore Grand Prix,R,ANT,4.0,0 days 00:01:38.206000,2.0,clear_violation,TRACK LIMITS AT TURN 2 LAP 4 
2025,Singapore Grand Prix,R,ANT,49.0,0 days 00:01:37.413000,2.0,clear_violation,TRACK LIMITS AT TURN 2 LAP 49 
2025,Singapore Grand Prix,R,LEC,61.0,0 days 00:01:41.327000,2.0,clear_violation,TRACK LIMITS AT TURN 2 LAP 61 
2025,Singapore Grand Prix,R,HAM,60.0,0 days 00:01:40.466000,16.0,clear_violation,TRACK LIMITS AT TURN 16 LAP 60 
2025,Singapore Grand Prix,R,HAM,61.0,0 days 00:02:08.668000,5.0,clear_violation,TRACK LIMITS AT TURN 5 LAP 61 
2025,Singapore Grand Prix,R,BEA,14.0,0 days 00:01:38.526000,19.0,clear_violation,TRACK LIMITS AT TURN 19 LAP 14 
2025,Singapore Grand Prix,R,BEA,44.0,0 days 00:01:39.621000,2.0,clear_violation,TRACK LIMITS AT TURN 2 LAP 44 
2025,Singapore Grand Prix,R,BEA,57.0,0 days 00:01:36.262000,2.0,clear_violation,TRACK LIMITS AT TURN 2 LAP 57 
2025,Singapore Grand Prix,R,SAI,43.0,0 days 00:01:38.539000,17.0,clear_violation,TRACK LIMITS AT TURN 17 LAP 43 
2025,Singapore Grand Prix,R,STR,55.0,0 days 00:01:37.937000,7.0,clear_violation,TRACK LIMITS AT TURN 7 LAP 55 
2025,Singapore Grand Prix,R,ALB,48.0,0 days 00:01:39.502000,2.0,clear_violation,TRACK LIMITS AT TURN 2 LAP 48 
2025,Singapore Grand Prix,R,COL,42.0,0 days 00:01:41.546000,7.0,clear_violation,TRACK LIMITS AT TURN 7 LAP 42 
2025,Singapore Grand Prix,R,COL,60.0,0 days 00:01:40.213000,2.0,clear_violation,TRACK LIMITS AT TURN 2 LAP 60 
2025,Singapore Grand Prix,R,OCO,50.0,0 days 00:01:40.651000,19.0,clear_violation,TRACK LIMITS AT TURN 19 LAP 50 
2025,Singapore Grand Prix,R,OCO,51.0,0 days 00:01:40.340000,2.0,clear_violation,TRACK LIMITS AT TURN 2 LAP 51 
2025,Singapore Grand Prix,R,GAS,50.0,0 days 00:01:41.305000,18.0,clear_violation,TRACK LIMITS AT TURN 18 LAP 50 
2025,United States Grand Prix,Q,GAS,10.0,0 days 00:01:34.128000,20.0,clear_violation,TRACK LIMITS AT TURN 20 LAP 11 
2025,United States Grand Prix,Q,STR,6.0,0 days 00:01:33.878000,12.0,clear_violation,TRACK LIMITS AT TURN 12 LAP 7 
2025,United States Grand Prix,Q,ALB,8.0,0 days 00:01:33.670000,15.0,clear_violation,TRACK LIMITS AT TURN 15 LAP 9 
2025,United States Grand Prix,Q,HUL,13.0,0 days 00:01:33.404000,19.0,clear_violation,TRACK LIMITS AT TURN 19 LAP 14 
2025,United States Grand Prix,Q,LAW,13.0,0 days 00:01:33.748000,19.0,clear_violation,TRACK LIMITS AT TURN 19 LAP 14 
2025,United States Grand Prix,Q,NOR,4.0,0 days 00:02:00.293000,9.0,clear_violation,TRACK LIMITS AT TURN 9 LAP 5 
2025,United States Grand Prix,Q,SAI,13.0,0 days 00:01:33.180000,19.0,clear_violation,TRACK LIMITS AT TURN 19 LAP 14 
2025,United States Grand Prix,Q,BEA,18.0,0 days 00:01:33.378000,15.0,clear_violation,TRACK LIMITS AT TURN 15 LAP 19 
2025,United States Grand Prix,SQ,BOR,2.0,0 days 00:01:36.313000,19.0,clear_violation,TRACK LIMITS AT TURN 19 LAP 3 
2025,United States Grand Prix,SQ,LAW,7.0,0 days 00:01:34.316000,19.0,clear_violation,TRACK LIMITS AT TURN 19 LAP 8 
2025,United States Grand Prix,S,VER,8.0,0 days 00:01:37.895000,12.0,clear_violation,TRACK LIMITS AT TURN 12 LAP 8 
2025,United States Grand Prix,S,VER,12.0,0 days 00:01:37.895000,12.0,clear_violation,TRACK LIMITS AT TURN 12 LAP 8 
2025,United States Grand Prix,S,GAS,9.0,0 days 00:01:40.413000,12.0,clear_violation,TRACK LIMITS AT TURN 12 LAP 9 
2025,United States Grand Prix,S,ANT,16.0,0 days 00:02:05.905000,12.0,clear_violation,TRACK LIMITS AT TURN 12 LAP 16 
2025,United States Grand Prix,S,HUL,8.0,0 days 00:01:38.917000,9.0,clear_violation,TRACK LIMITS AT TURN 9 LAP 8 
2025,United States Grand Prix,S,HUL,12.0,0 days 00:01:41.952000,11.0,clear_violation,TRACK LIMITS AT TURN 11 LAP 12 
2025,United States Grand Prix,S,LAW,9.0,0 days 00:01:39.105000,11.0,clear_violation,TRACK LIMITS AT TURN 11 LAP 9 
2025,United States Grand Prix,S,OCO,14.0,0 days 00:01:39.467000,11.0,clear_violation,TRACK LIMITS AT TURN 11 LAP 14 
2025,United States Grand Prix,S,COL,8.0,0 days 00:01:39.308000,12.0,clear_violation,TRACK LIMITS AT TURN 12 LAP 8 
2025,United States Grand Prix,S,COL,13.0,0 days 00:01:39.925000,12.0,clear_violation,TRACK LIMITS AT TURN 12 LAP 13 
2025,United States Grand Prix,S,HAM,12.0,0 days 00:01:38.574000,9.0,clear_violation,TRACK LIMITS AT TURN 9 LAP 12 
2025,United States Grand Prix,S,HAM,13.0,0 days 00:01:38.061000,9.0,clear_violation,TRACK LIMITS AT TURN 9 LAP 13 
2025,United States Grand Prix,S,BOR,6.0,0 days 00:01:39.646000,9.0,clear_violation,TRACK LIMITS AT TURN 9 LAP 6 
2025,United States Grand Prix,S,BOR,7.0,0 days 00:01:38.746000,9.0,clear_violation,TRACK LIMITS AT TURN 9 LAP 7 
2025,United States Grand Prix,S,HAD,9.0,0 days 00:01:39.018000,15.0,clear_violation,TRACK LIMITS AT TURN 15 LAP 9 
2025,United States Grand Prix,S,HAD,11.0,0 days 00:01:39.959000,9.0,clear_violation,TRACK LIMITS AT TURN 9 LAP 11 
2025,United States Grand Prix,S,RUS,7.0,0 days 00:01:36.556000,15.0,clear_violation,TRACK LIMITS AT TURN 15 LAP 7 
2025,United States Grand Prix,S,RUS,8.0,0 days 00:01:37.857000,12.0,clear_violation,TRACK LIMITS AT TURN 12 LAP 8 
2025,United States Grand Prix,S,BEA,14.0,0 days 00:01:39.424000,15.0,clear_violation,TRACK LIMITS AT TURN 15 LAP 14 
2025,United States Grand Prix,R,GAS,54.0,0 days 00:01:42.383000,1.0,clear_violation,TRACK LIMITS AT TURN 1 LAP 54 
2025,United States Grand Prix,R,ANT,4.0,0 days 00:01:40.784000,12.0,clear_violation,TRACK LIMITS AT TURN 12 LAP 4 
2025,United States Grand Prix,R,ANT,20.0,0 days 00:01:41.225000,20.0,clear_violation,TRACK LIMITS AT TURN 20 LAP 20 
2025,United States Grand Prix,R,ANT,39.0,0 days 00:01:39.024000,9.0,clear_violation,TRACK LIMITS AT TURN 9 LAP 39 
2025,United States Grand Prix,R,ALO,20.0,0 days 00:01:41.455000,13.0,clear_violation,TRACK LIMITS AT TURN 13 LAP 20 
2025,United States Grand Prix,R,LEC,21.0,0 days 00:01:41.601000,9.0,clear_violation,TRACK LIMITS AT TURN 9 LAP 21 
2025,United States Grand Prix,R,STR,6.0,0 days 00:01:43.008000,19.0,clear_violation,TRACK LIMITS AT TURN 19 LAP 6 
2025,United States Grand Prix,R,STR,36.0,0 days 00:01:39.827000,20.0,clear_violation,TRACK LIMITS AT TURN 20 LAP 36 
2025,United States Grand Prix,R,TSU,55.0,0 days 00:01:38.845000,20.0,clear_violation,TRACK LIMITS AT TURN 20 LAP 55 
2025,United States Grand Prix,R,ALB,28.0,0 days 00:01:40.263000,12.0,clear_violation,TRACK LIMITS AT TURN 12 LAP 28 
2025,United States Grand Prix,R,ALB,35.0,0 days 00:01:40.831000,12.0,clear_violation,TRACK LIMITS AT TURN 12 LAP 35 
2025,United States Grand Prix,R,OCO,3.0,0 days 00:01:43.038000,12.0,clear_violation,TRACK LIMITS AT TURN 12 LAP 3 
2025,United States Grand Prix,R,NOR,13.0,0 days 00:01:39.712000,20.0,clear_violation,TRACK LIMITS AT TURN 20 LAP 13 
2025,United States Grand Prix,R,NOR,15.0,0 days 00:01:41.266000,9.0,clear_violation,TRACK LIMITS AT TURN 9 LAP 15 
2025,United States Grand Prix,R,NOR,19.0,0 days 00:01:40.603000,13.0,clear_violation,TRACK LIMITS AT TURN 13 LAP 19 
2025,United States Grand Prix,R,COL,4.0,0 days 00:01:41.843000,12.0,clear_violation,TRACK LIMITS AT TURN 12 LAP 4 
2025,United States Grand Prix,R,COL,6.0,0 days 00:01:42.734000,19.0,clear_violation,TRACK LIMITS AT TURN 19 LAP 6 
2025,United States Grand Prix,R,HAM,24.0,0 days 00:01:40.418000,19.0,clear_violation,TRACK LIMITS AT TURN 19 LAP 24 
2025,United States Grand Prix,R,HAM,46.0,0 days 00:01:38.572000,19.0,clear_violation,TRACK LIMITS AT TURN 19 LAP 46 
2025,United States Grand Prix,R,HAM,56.0,0 days 00:01:43.194000,19.0,clear_violation,TRACK LIMITS AT TURN 19 LAP 56 
2025,United States Grand Prix,R,BOR,3.0,0 days 00:01:42.033000,12.0,clear_violation,TRACK LIMITS AT TURN 12 LAP 3 
2025,United States Grand Prix,R,BOR,31.0,0 days 00:01:40.752000,20.0,clear_violation,TRACK LIMITS AT TURN 20 LAP 31 
2025,United States Grand Prix,R,BOR,35.0,0 days 00:01:41.645000,12.0,clear_violation,TRACK LIMITS AT TURN 12 LAP 35 
2025,United States Grand Prix,R,HAD,2.0,0 days 00:01:44.189000,12.0,clear_violation,TRACK LIMITS AT TURN 12 LAP 2 
2025,United States Grand Prix,R,HAD,3.0,0 days 00:01:43.071000,12.0,clear_violation,TRACK LIMITS AT TURN 12 LAP 3 
2025,United States Grand Prix,R,RUS,30.0,0 days 00:01:40.988000,12.0,clear_violation,TRACK LIMITS AT TURN 12 LAP 30 
2025,United States Grand Prix,R,PIA,3.0,0 days 00:01:40.371000,9.0,clear_violation,TRACK LIMITS AT TURN 9 LAP 3 
2025,United States Grand Prix,R,PIA,5.0,0 days 00:01:40.681000,13.0,clear_violation,TRACK LIMITS AT TURN 13 LAP 12 
2025,United States Grand Prix,R,PIA,12.0,0 days 00:01:40.681000,13.0,clear_violation,TRACK LIMITS AT TURN 13 LAP 12 
2025,United States Grand Prix,R,BEA,13.0,0 days 00:01:40.635000,19.0,clear_violation,TRACK LIMITS AT TURN 19 LAP 13 
2025,United States Grand Prix,R,BEA,34.0,0 days 00:01:44.003000,15.0,clear_violation,TRACK LIMITS AT TURN 15 LAP 34 
2025,Mexico City Grand Prix,Q,BOR,2.0,0 days 00:01:18.964000,12.0,clear_violation,TRACK LIMITS AT TURN 12 LAP 3 
2025,Mexico City Grand Prix,R,VER,6.0,0 days 00:01:28.329000,5.0,clear_violation,TRACK LIMITS AT TURN 5 LAP 6 
2025,Mexico City Grand Prix,R,ANT,51.0,0 days 00:01:20.900000,14.0,clear_violation,TRACK LIMITS AT TURN 14 LAP 62 
2025,Mexico City Grand Prix,R,ANT,62.0,0 days 00:01:20.900000,14.0,clear_violation,TRACK LIMITS AT TURN 14 LAP 62 
2025,Mexico City Grand Prix,R,STR,44.0,0 days 00:01:42.462000,1.0,clear_violation,TRACK LIMITS AT TURN 1 LAP 44 
2025,Mexico City Grand Prix,R,HAM,6.0,0 days 00:01:25.860000,4.0,clear_violation,TRACK LIMITS AT TURN 4 LAP 6 
2025,Mexico City Grand Prix,R,HAM,62.0,0 days 00:01:23.139000,3.0,clear_violation,TRACK LIMITS AT TURN 3 LAP 62 
2025,Mexico City Grand Prix,R,SAI,18.0,0 days 00:01:42.516000,1.0,clear_violation,TRACK LIMITS AT TURN 1 LAP 18 
2025,Mexico City Grand Prix,R,RUS,6.0,0 days 00:01:28.589000,5.0,clear_violation,TRACK LIMITS AT TURN 5 LAP 6 
2025,Mexico City Grand Prix,R,BEA,6.0,0 days 00:01:25.563000,8.0,clear_violation,TRACK LIMITS AT TURN 8 LAP 6 
2025,São Paulo Grand Prix,R,ANT,6.0,0 days 00:01:16.547000,2.0,clear_violation,TRACK LIMITS AT TURN 2 LAP 6 
2025,Las Vegas Grand Prix,Q,RUS,12.0,0 days 00:02:01.445000,12.0,clear_violation,TRACK LIMITS AT TURN 12 LAP 13 
2025,Las Vegas Grand Prix,Q,RUS,14.0,0 days 00:02:00.543000,14.0,clear_violation,TRACK LIMITS AT TURN 14 LAP 15 
2025,Las Vegas Grand Prix,Q,RUS,22.0,0 days 00:01:57.604000,12.0,clear_violation,TRACK LIMITS AT TURN 12 LAP 23 
2025,Las Vegas Grand Prix,Q,VER,3.0,0 days 00:02:10.638000,1.0,clear_violation,TRACK LIMITS AT TURN 1 LAP 4 
2025,Las Vegas Grand Prix,Q,VER,4.0,0 days 00:02:12.507000,8.0,clear_violation,TRACK LIMITS AT TURN 8 LAP 5 
2025,Las Vegas Grand Prix,Q,HAD,21.0,0 days 00:01:51.548000,8.0,clear_violation,TRACK LIMITS AT TURN 8 LAP 22 
2025,Las Vegas Grand Prix,Q,HAM,7.0,0 days 00:02:09.572000,12.0,clear_violation,TRACK LIMITS AT TURN 12 LAP 8 
2025,Las Vegas Grand Prix,Q,STR,2.0,0 days 00:02:04.794000,14.0,clear_violation,TRACK LIMITS AT TURN 14 LAP 3 
2025,Las Vegas Grand Prix,Q,STR,17.0,0 days 00:01:53.217000,1.0,clear_violation,TRACK LIMITS AT TURN 1 LAP 18 
2025,Las Vegas Grand Prix,Q,GAS,6.0,0 days 00:02:11.888000,14.0,clear_violation,TRACK LIMITS AT TURN 14 LAP 7 
2025,Las Vegas Grand Prix,Q,SAI,4.0,0 days 00:02:16.785000,5.0,clear_violation,TRACK LIMITS AT TURN 5 LAP 5 
2025,Las Vegas Grand Prix,Q,BOR,4.0,0 days 00:02:14.812000,14.0,clear_violation,TRACK LIMITS AT TURN 14 LAP 5 
2025,Las Vegas Grand Prix,Q,OCO,4.0,0 days 00:02:02.715000,14.0,clear_violation,TRACK LIMITS AT TURN 14 LAP 5 
2025,Las Vegas Grand Prix,Q,LEC,4.0,0 days 00:02:03.210000,14.0,clear_violation,TRACK LIMITS AT TURN 14 LAP 5 
2025,Las Vegas Grand Prix,Q,LEC,16.0,0 days 00:01:55.608000,8.0,clear_violation,TRACK LIMITS AT TURN 8 LAP 17 
2025,Las Vegas Grand Prix,Q,LEC,20.0,0 days 00:01:57.884000,14.0,clear_violation,TRACK LIMITS AT TURN 14 LAP 21 
2025,Las Vegas Grand Prix,Q,HUL,5.0,0 days 00:02:01.560000,1.0,clear_violation,TRACK LIMITS AT TURN 1 LAP 6 
2025,Las Vegas Grand Prix,Q,HUL,13.0,0 days 00:01:56.872000,14.0,clear_violation,TRACK LIMITS AT TURN 14 LAP 14 
2025,Las Vegas Grand Prix,Q,TSU,4.0,0 days 00:02:17.008000,12.0,clear_violation,TRACK LIMITS AT TURN 12 LAP 5 
2025,Las Vegas Grand Prix,Q,PIA,20.0,0 days 00:02:13.909000,5.0,clear_violation,TRACK LIMITS AT TURN 5 LAP 21 
2025,Qatar Grand Prix,Q,NOR,8.0,0 days 00:01:20.146000,10.0,clear_violation,TRACK LIMITS AT TURN 10 LAP 9 
2025,Qatar Grand Prix,Q,HAD,8.0,0 days 00:01:20.779000,10.0,clear_violation,TRACK LIMITS AT TURN 10 LAP 9 
2025,Qatar Grand Prix,Q,ALB,2.0,0 days 00:01:22.385000,15.0,clear_violation,TRACK LIMITS AT TURN 15 LAP 3 
2025,Qatar Grand Prix,Q,ANT,9.0,0 days 00:01:20.455000,10.0,clear_violation,TRACK LIMITS AT TURN 10 LAP 10 
2025,Qatar Grand Prix,Q,RUS,17.0,0 days 00:01:20.040000,10.0,clear_violation,TRACK LIMITS AT TURN 10 LAP 18 
2025,Qatar Grand Prix,Q,BEA,16.0,0 days 00:01:20.788000,15.0,clear_violation,TRACK LIMITS AT TURN 15 LAP 17 
2025,Qatar Grand Prix,Q,OCO,4.0,0 days 00:01:21.798000,15.0,clear_violation,TRACK LIMITS AT TURN 15 LAP 5 
2025,Qatar Grand Prix,Q,GAS,8.0,0 days 00:01:20.513000,8.0,clear_violation,TRACK LIMITS AT TURN 8 LAP 9 
2025,Qatar Grand Prix,Q,COL,2.0,0 days 00:01:22.080000,15.0,clear_violation,TRACK LIMITS AT TURN 15 LAP 3 
2025,Qatar Grand Prix,SQ,VER,16.0,0 days 00:01:46.705000,4.0,clear_violation,TRACK LIMITS AT TURN 4 LAP 17 
2025,Qatar Grand Prix,SQ,NOR,17.0,0 days 00:01:20.726000,16.0,clear_violation,TRACK LIMITS AT TURN 16 LAP 18 
2025,Qatar Grand Prix,SQ,HAD,13.0,0 days 00:01:21.277000,8.0,clear_violation,TRACK LIMITS AT TURN 8 LAP 14 
2025,Qatar Grand Prix,SQ,ANT,8.0,0 days 00:01:50.677000,4.0,clear_violation,TRACK LIMITS AT TURN 4 LAP 9 
2025,Qatar Grand Prix,SQ,HUL,13.0,0 days 00:01:21.980000,16.0,clear_violation,TRACK LIMITS AT TURN 16 LAP 14 
2025,Qatar Grand Prix,S,RUS,9.0,0 days 00:01:24.929000,10.0,clear_violation,TRACK LIMITS AT TURN 10 LAP 9 
2025,Qatar Grand Prix,S,TSU,6.0,0 days 00:01:25.261000,10.0,clear_violation,TRACK LIMITS AT TURN 10 LAP 6 
2025,Qatar Grand Prix,S,TSU,7.0,0 days 00:01:25.413000,10.0,clear_violation,TRACK LIMITS AT TURN 10 LAP 7 
2025,Qatar Grand Prix,S,TSU,8.0,0 days 00:01:25.882000,10.0,clear_violation,TRACK LIMITS AT TURN 10 LAP 8 
2025,Qatar Grand Prix,S,TSU,9.0,0 days 00:01:25.690000,10.0,clear_violation,TRACK LIMITS AT TURN 10 LAP 9 
2025,Qatar Grand Prix,S,ANT,6.0,0 days 00:01:25.574000,10.0,clear_violation,TRACK LIMITS AT TURN 10 LAP 6 
2025,Qatar Grand Prix,S,ANT,8.0,0 days 00:01:25.597000,10.0,clear_violation,TRACK LIMITS AT TURN 10 LAP 8 
2025,Qatar Grand Prix,S,ANT,16.0,0 days 00:01:24.967000,10.0,clear_violation,TRACK LIMITS AT TURN 10 LAP 16 
2025,Qatar Grand Prix,S,ALO,12.0,0 days 00:01:26.323000,16.0,clear_violation,TRACK LIMITS AT TURN 16 LAP 12 
2025,Qatar Grand Prix,S,HAD,7.0,0 days 00:01:25.942000,10.0,clear_violation,TRACK LIMITS AT TURN 10 LAP 7 
2025,Qatar Grand Prix,S,HAD,9.0,0 days 00:01:26.116000,10.0,clear_violation,TRACK LIMITS AT TURN 10 LAP 9 
2025,Qatar Grand Prix,S,BEA,17.0,0 days 00:01:26.419000,5.0,clear_violation,TRACK LIMITS AT TURN 5 LAP 17 
2025,Qatar Grand Prix,S,LEC,3.0,0 days 00:01:26.111000,5.0,clear_violation,TRACK LIMITS AT TURN 5 LAP 3 
2025,Qatar Grand Prix,S,LEC,11.0,0 days 00:01:28.579000,4.0,clear_violation,TRACK LIMITS AT TURN 4 LAP 11 
2025,Qatar Grand Prix,S,LAW,11.0,0 days 00:01:27.336000,6.0,clear_violation,TRACK LIMITS AT TURN 6 LAP 11 
2025,Qatar Grand Prix,S,OCO,12.0,0 days 00:01:27.271000,5.0,clear_violation,TRACK LIMITS AT TURN 5 LAP 12 
2025,Qatar Grand Prix,S,COL,8.0,0 days 00:01:26.242000,10.0,clear_violation,TRACK LIMITS AT TURN 10 LAP 8 
2025,Qatar Grand Prix,S,COL,9.0,0 days 00:01:25.878000,10.0,clear_violation,TRACK LIMITS AT TURN 10 LAP 9 
2025,Qatar Grand Prix,S,COL,10.0,0 days 00:01:26.418000,10.0,clear_violation,TRACK LIMITS AT TURN 10 LAP 10 
2025,Qatar Grand Prix,R,GAS,2.0,0 days 00:01:29.291000,14.0,clear_violation,TRACK LIMITS AT TURN 14 LAP 2 
2025,Qatar Grand Prix,R,ANT,3.0,0 days 00:01:27.737000,10.0,clear_violation,TRACK LIMITS AT TURN 10 LAP 3 
2025,Qatar Grand Prix,R,ANT,56.0,0 days 00:01:26.977000,10.0,clear_violation,TRACK LIMITS AT TURN 10 LAP 56 
2025,Qatar Grand Prix,R,LEC,53.0,0 days 00:01:25.109000,14.0,clear_violation,TRACK LIMITS AT TURN 14 LAP 53 
2025,Qatar Grand Prix,R,TSU,2.0,0 days 00:01:29.251000,10.0,clear_violation,TRACK LIMITS AT TURN 10 LAP 2 
2025,Qatar Grand Prix,R,TSU,17.0,0 days 00:01:27.857000,10.0,clear_violation,TRACK LIMITS AT TURN 10 LAP 17 
2025,Qatar Grand Prix,R,ALB,11.0,0 days 00:01:28.247000,10.0,clear_violation,TRACK LIMITS AT TURN 10 LAP 11 
2025,Qatar Grand Prix,R,ALB,13.0,0 days 00:01:28.153000,10.0,clear_violation,TRACK LIMITS AT TURN 10 LAP 13 
2025,Qatar Grand Prix,R,ALB,20.0,0 days 00:01:27.586000,10.0,clear_violation,TRACK LIMITS AT TURN 10 LAP 20 
2025,Qatar Grand Prix,R,LAW,20.0,0 days 00:01:27.374000,8.0,clear_violation,TRACK LIMITS AT TURN 8 LAP 20 
2025,Qatar Grand Prix,R,NOR,11.0,0 days 00:01:25.639000,10.0,clear_violation,TRACK LIMITS AT TURN 10 LAP 11 
2025,Qatar Grand Prix,R,NOR,29.0,0 days 00:01:25.020000,10.0,clear_violation,TRACK LIMITS AT TURN 10 LAP 29 
2025,Qatar Grand Prix,R,COL,47.0,0 days 00:01:25.985000,10.0,clear_violation,TRACK LIMITS AT TURN 10 LAP 47 
2025,Qatar Grand Prix,R,HAD,49.0,0 days 00:01:24.325000,10.0,clear_violation,TRACK LIMITS AT TURN 10 LAP 49 
2025,Qatar Grand Prix,R,RUS,31.0,0 days 00:01:26.633000,10.0,clear_violation,TRACK LIMITS AT TURN 10 LAP 31 
2025,Qatar Grand Prix,R,RUS,36.0,0 days 00:01:25.297000,10.0,clear_violation,TRACK LIMITS AT TURN 10 LAP 36 
2025,Qatar Grand Prix,R,RUS,42.0,0 days 00:01:26.070000,1.0,clear_violation,TRACK LIMITS AT TURN 1 LAP 42 
2025,Qatar Grand Prix,R,PIA,54.0,0 days 00:01:23.889000,10.0,clear_violation,TRACK LIMITS AT TURN 10 LAP 54 
2025,Abu Dhabi Grand Prix,Q,STR,2.0,0 days 00:01:23.772000,16.0,clear_violation,TRACK LIMITS AT TURN 16 LAP 3 
2025,Abu Dhabi Grand Prix,Q,STR,3.0,0 days 00:01:59.687000,16.0,clear_violation,TRACK LIMITS AT TURN 16 (NEXT LAP)
2025,Abu Dhabi Grand Prix,Q,GAS,5.0,0 days 00:01:23.522000,1.0,clear_violation,TRACK LIMITS AT TURN 1 LAP 6 
2025,Abu Dhabi Grand Prix,Q,COL,2.0,0 days 00:01:24.468000,1.0,clear_violation,TRACK LIMITS AT TURN 1 LAP 3 
2025,Abu Dhabi Grand Prix,Q,COL,5.0,0 days 00:01:23.947000,1.0,clear_violation,TRACK LIMITS AT TURN 1 LAP 6 
2025,Abu Dhabi Grand Prix,Q,TSU,16.0,0 days 00:01:23.083000,1.0,clear_violation,TRACK LIMITS AT TURN 1 LAP 17 
2025,Abu Dhabi Grand Prix,R,VER,45.0,0 days 00:01:27.752000,1.0,clear_violation,TRACK LIMITS AT TURN 1 LAP 45 
2025,Abu Dhabi Grand Prix,R,VER,51.0,0 days 00:01:27.983000,1.0,clear_violation,TRACK LIMITS AT TURN 1 LAP 51 
2025,Abu Dhabi Grand Prix,R,PIA,30.0,0 days 00:01:29.119000,1.0,clear_violation,TRACK LIMITS AT TURN 1 LAP 30 
2025,Abu Dhabi Grand Prix,R,LEC,9.0,0 days 00:01:29.654000,1.0,clear_violation,TRACK LIMITS AT TURN 1 LAP 9 
2025,Abu Dhabi Grand Prix,R,LEC,52.0,0 days 00:01:27.550000,6.0,clear_violation,TRACK LIMITS AT TURN 6 LAP 52 
2025,Abu Dhabi Grand Prix,R,OCO,42.0,0 days 00:01:29.244000,1.0,clear_violation,TRACK LIMITS AT TURN 1 LAP 44 
2025,Abu Dhabi Grand Prix,R,OCO,44.0,0 days 00:01:29.244000,1.0,clear_violation,TRACK LIMITS AT TURN 1 LAP 44 
2025,Abu Dhabi Grand Prix,R,HAM,5.0,0 days 00:01:30.229000,1.0,clear_violation,TRACK LIMITS AT TURN 1 LAP 5 
2025,Abu Dhabi Grand Prix,R,HAM,25.0,0 days 00:01:29.810000,1.0,clear_violation,TRACK LIMITS AT TURN 1 LAP 25 
2025,Abu Dhabi Grand Prix,R,HAM,27.0,0 days 00:01:30.144000,1.0,clear_violation,TRACK LIMITS AT TURN 1 LAP 27 
2025,Abu Dhabi Grand Prix,R,HUL,4.0,0 days 00:01:30.573000,1.0,clear_violation,TRACK LIMITS AT TURN 1 LAP 29 
2025,Abu Dhabi Grand Prix,R,HUL,22.0,0 days 00:01:30.732000,1.0,clear_violation,TRACK LIMITS AT TURN 1 LAP 22 
2025,Abu Dhabi Grand Prix,R,HUL,29.0,0 days 00:01:30.573000,1.0,clear_violation,TRACK LIMITS AT TURN 1 LAP 29 
2025,Abu Dhabi Grand Prix,R,STR,28.0,0 days 00:01:29.860000,1.0,clear_violation,TRACK LIMITS AT TURN 1 LAP 28 
2025,Abu Dhabi Grand Prix,R,BOR,39.0,0 days 00:01:30.115000,1.0,clear_violation,TRACK LIMITS AT TURN 1 LAP 39 
2025,Abu Dhabi Grand Prix,R,BOR,46.0,0 days 00:01:29.386000,1.0,clear_violation,TRACK LIMITS AT TURN 1 LAP 46 
2025,Abu Dhabi Grand Prix,R,BEA,11.0,0 days 00:01:30.903000,1.0,clear_violation,TRACK LIMITS AT TURN 1 LAP 11 
2025,Abu Dhabi Grand Prix,R,SAI,14.0,0 days 00:01:31.059000,1.0,clear_violation,TRACK LIMITS AT TURN 1 LAP 14 
2025,Abu Dhabi Grand Prix,R,TSU,8.0,0 days 00:01:30.395000,1.0,clear_violation,TRACK LIMITS AT TURN 1 LAP 8 
2025,Abu Dhabi Grand Prix,R,TSU,9.0,0 days 00:01:30.184000,1.0,clear_violation,TRACK LIMITS AT TURN 1 LAP 9 
2025,Abu Dhabi Grand Prix,R,ANT,19.0,0 days 00:01:31.119000,1.0,clear_violation,TRACK LIMITS AT TURN 1 LAP 19 
2025,Abu Dhabi Grand Prix,R,ANT,25.0,0 days 00:01:30.200000,1.0,clear_violation,TRACK LIMITS AT TURN 1 LAP 25 
2025,Abu Dhabi Grand Prix,R,ANT,26.0,0 days 00:01:29.821000,1.0,clear_violation,TRACK LIMITS AT TURN 1 LAP 26 
2025,Abu Dhabi Grand Prix,R,ALB,17.0,0 days 00:01:30.133000,1.0,clear_violation,TRACK LIMITS AT TURN 1 LAP 17 
2025,Abu Dhabi Grand Prix,R,ALB,19.0,0 days 00:01:30.047000,1.0,clear_violation,TRACK LIMITS AT TURN 1 LAP 19 
2025,Abu Dhabi Grand Prix,R,ALB,53.0,0 days 00:01:28.627000,1.0,clear_violation,TRACK LIMITS AT TURN 1 LAP 53 
2025,Abu Dhabi Grand Prix,R,HAD,9.0,0 days 00:01:30.078000,6.0,clear_violation,TRACK LIMITS AT TURN 6 LAP 23 
2025,Abu Dhabi Grand Prix,R,HAD,23.0,0 days 00:01:30.078000,6.0,clear_violation,TRACK LIMITS AT TURN 6 LAP 23 
2025,Abu Dhabi Grand Prix,R,HAD,41.0,0 days 00:01:29.381000,1.0,clear_violation,TRACK LIMITS AT TURN 1 LAP 41 
2025,Abu Dhabi Grand Prix,R,LAW,4.0,0 days 00:01:30.661000,1.0,clear_violation,TRACK LIMITS AT TURN 1 LAP 4 
2025,Abu Dhabi Grand Prix,R,LAW,5.0,0 days 00:01:30.219000,1.0,clear_violation,TRACK LIMITS AT TURN 1 LAP 5 
2025,Abu Dhabi Grand Prix,R,LAW,21.0,0 days 00:01:35.813000,7.0,clear_violation,TRACK LIMITS AT TURN 7 LAP 21 
2025,Abu Dhabi Grand Prix,R,GAS,2.0,0 days 00:01:32.010000,6.0,clear_violation,TRACK LIMITS AT TURN 6 LAP 2 
2025,Abu Dhabi Grand Prix,R,GAS,11.0,0 days 00:01:31.135000,1.0,clear_violation,TRACK LIMITS AT TURN 1 LAP 11 
2025,Abu Dhabi Grand Prix,R,GAS,24.0,0 days 00:01:29.747000,4.0,clear_violation,TRACK LIMITS AT TURN 4 LAP 24 
2025,Abu Dhabi Grand Prix,R,GAS,44.0,0 days 00:01:28.166000,4.0,clear_violation,TRACK LIMITS AT TURN 4 LAP 44 
2025,Abu Dhabi Grand Prix,R,COL,25.0,0 days 00:01:30.138000,1.0,clear_violation,TRACK LIMITS AT TURN 1 LAP 25 
2025,Abu Dhabi Grand Prix,R,COL,26.0,0 days 00:01:29.652000,1.0,clear_violation,TRACK LIMITS AT TURN 1 LAP 26 
2025,Abu Dhabi Grand Prix,R,COL,29.0,0 days 00:01:29.915000,1.0,clear_violation,TRACK LIMITS AT TURN 1 LAP 29 
