year,race,session,driver,lap,lap_time,turn,label,reason
2018,Abu Dhabi Grand Prix,FP2,LEC,15.0,,5.0,no_advantage,CAR 16 (LEC) OFF TRACK AND CONTINUED AT TURN 5
2018,Austrian Grand Prix,FP1,LEC,22.0,,1.0,no_advantage,CAR 16 (LEC) OFF TRACK AND CONTINUED AT TURN 1
2018,Austrian Grand Prix,FP2,ERI,7.0,,4.0,no_advantage,CAR 9 (ERI) OFF TRACK AND CONTINUED AT TURN 4
2018,Austrian Grand Prix,FP2,SAI,10.0,,4.0,no_advantage,CAR 55 (SAI) OFF TRACK AND CONTINUED AT TURN 4
2018,Austrian Grand Prix,FP2,MAG,14.0,,4.0,no_advantage,CAR 20 (MAG) OFF TRACK AND CONTINUED AT TURN 4
2018,Austrian Grand Prix,FP2,ALO,12.0,,10.0,no_advantage,CAR 14 (ALO) OFF TRACK AND CONTINUED AT TURN 10
2018,Austrian Grand Prix,FP2,MAG,32.0,,9.0,no_advantage,CAR 20 (MAG) OFF TRACK AND CONTINUED AT TURN 9
2018,Austrian Grand Prix,FP3,VER,5.0,,4.0,no_advantage,CAR 33 (VER) OFF TRACK AND CONTINUED AT TURN 4
2018,Austrian Grand Prix,FP3,RAI,9.0,,7.0,no_advantage,CAR 7 (RAI) OFF TRACK AND CONTINUED AT TURN 7
2018,Austrian Grand Prix,Q,STR,4.0,,9.0,no_advantage,CAR 18 (STR) OFF TRACK AND CONTINUED AT TURN 9
2018,Austrian Grand Prix,Q,LEC,10.0,,4.0,no_advantage,CAR 16 (LEC) OFF TRACK AND CONTINUED AT TURN 4
2018,Austrian Grand Prix,R,GAS,12.0,,3.0,no_advantage,TURN 3 INCIDENT INVOLVING CARS 10 (GAS) AND 2 (VAN) - NO INVESTIGATION NECESSARY
2018,Austrian Grand Prix,R,HAR,53.0,,9.0,no_advantage,CAR 28 (HAR) OFF TRACK AND CONTINUED AT TURN 9
2018,Azerbaijan Grand Prix,FP1,HAR,1.0,,8.0,no_advantage,CAR 28 (HAR) OFF TRACK AND CONTINUED AT TURN 8
2018,Azerbaijan Grand Prix,FP1,SAI,8.0,,3.0,no_advantage,CAR 55 (SAI) OFF TRACK AND CONTINUED AT TURN 3
2018,Azerbaijan Grand Prix,FP1,HAM,13.0,,2.0,no_advantage,CAR 44 (HAM) OFF TRACK AND CONTINUED AT TURN 2
2018,Azerbaijan Grand Prix,FP1,HAR,16.0,,1.0,no_advantage,CAR 28 (HAR) OFF TRACK AND CONTINUED AT TURN 1
2018,Azerbaijan Grand Prix,FP1,ALO,17.0,,2.0,no_advantage,CAR 14 (ALO) OFF TRACK AND CONTINUED AT TURN 2
2018,Azerbaijan Grand Prix,FP1,SIR,21.0,,3.0,no_advantage,CAR 35 (SIR) OFF TRACK AND CONTINUED AT TURN 3
2018,Azerbaijan Grand Prix,FP1,BOT,23.0,,1.0,no_advantage,CAR 77 (BOT) OFF TRACK AND CONTINUED AT TURN 1
2018,Azerbaijan Grand Prix,FP1,GRO,19.0,,1.0,no_advantage,CAR 8 (GRO) OFF TRACK AND CONTINUED AT TURN 1
2018,Azerbaijan Grand Prix,FP2,VET,2.0,,2.0,no_advantage,CAR 5 (VET) OFF TRACK AND CONTINUED AT TURN 2
2018,Azerbaijan Grand Prix,FP2,VET,3.0,,3.0,no_advantage,CAR 5 (VET) OFF TRACK AND CONTINUED AT TURN 3
2018,Azerbaijan Grand Prix,FP2,RAI,1.0,,2.0,no_advantage,CAR 7 (RAI) OFF TRACK AND CONTINUED AT TURN 2
2018,Azerbaijan Grand Prix,FP2,GRO,4.0,,1.0,no_advantage,CAR 8 (GRO) OFF TRACK AND CONTINUED AT TURN 1
2018,Azerbaijan Grand Prix,FP2,PER,2.0,,3.0,no_advantage,CAR 11 (PER) OFF TRACK AND CONTINUED AT TURN 3
2018,Azerbaijan Grand Prix,FP2,MAG,5.0,,3.0,no_advantage,CAR 20 (MAG) OFF TRACK AND CONTINUED AT TURN 3
2018,Azerbaijan Grand Prix,FP2,HAR,5.0,,15.0,no_advantage,CAR 28 (HAR) OFF TRACK AND CONTINUED AT TURN 15
2018,Azerbaijan Grand Prix,FP2,BOT,2.0,,1.0,no_advantage,CAR 77 (BOT) OFF TRACK AND CONTINUED AT TURN 1
2018,Azerbaijan Grand Prix,FP2,HAM,2.0,,8.0,no_advantage,CAR 44 (HAM) OFF TRACK AND CONTINUED AT TURN 8
2018,Azerbaijan Grand Prix,FP2,VER,1.0,,3.0,no_advantage,CAR 33 (VER) OFF TRACK AND CONTINUED AT TURN 3
2018,Azerbaijan Grand Prix,FP2,VET,14.0,,15.0,no_advantage,CAR 5 (VET) OFF TRACK AND CONTINUED AT TURN 15
2018,Azerbaijan Grand Prix,FP2,LEC,16.0,,1.0,no_advantage,CAR 16 (LEC) OFF TRACK AND CONTINUED AT TURN 1
2018,Azerbaijan Grand Prix,FP2,GAS,27.0,,15.0,no_advantage,CAR 10 (GAS) OFF TRACK AND CONTINUED AT TURN 15
2018,Azerbaijan Grand Prix,FP2,GRO,18.0,,15.0,no_advantage,CAR 8 (GRO) OFF TRACK AND CONTINUED AT TURN 15
2018,Azerbaijan Grand Prix,FP2,ALO,25.0,,15.0,no_advantage,CAR 14 (ALO) OFF TRACK AND CONTINUED AT TURN 15
2018,Azerbaijan Grand Prix,FP2,SAI,30.0,,1.0,no_advantage,CAR 55 (SAI) OFF TRACK AND CONTINUED AT TURN 1
2018,Azerbaijan Grand Prix,FP2,MAG,26.0,,15.0,no_advantage,CAR 20 (MAG) OFF TRACK AND CONTINUED AT TURN 15
2018,Azerbaijan Grand Prix,FP2,SAI,35.0,,2.0,no_advantage,CAR 55 (SAI) OFF TRACK AND CONTINUED AT TURN 2
2018,Azerbaijan Grand Prix,FP3,BOT,2.0,,1.0,no_advantage,CAR 77 (BOT) OFF TRACK AND CONTINUED AT TURN 1
2018,Azerbaijan Grand Prix,FP3,HAR,3.0,,15.0,no_advantage,CAR 28 (HAR) OFF TRACK AND CONTINUED AT TURN 15
2018,Azerbaijan Grand Prix,FP3,STR,3.0,,3.0,no_advantage,CAR 18 (STR) OFF TRACK AND CONTINUED AT TURN 3
2018,Azerbaijan Grand Prix,FP3,GRO,3.0,,15.0,no_advantage,CAR 8 (GRO) OFF TRACK AND CONTINUED AT TURN 15
2018,Azerbaijan Grand Prix,FP3,BOT,10.0,,7.0,no_advantage,CAR 77 (BOT) OFF TRACK AND CONTINUED AT TURN 7
2018,Azerbaijan Grand Prix,FP3,HAR,10.0,,3.0,no_advantage,CAR 28 (HAR) OFF TRACK AND CONTINUED AT TURN 3
2018,Azerbaijan Grand Prix,FP3,PER,8.0,,15.0,no_advantage,CAR 11 (PER) OFF TRACK AND CONTINUED AT TURN 15
2018,Azerbaijan Grand Prix,Q,PER,3.0,,15.0,no_advantage,CAR 11 (PER) OFF TRACK AND CONTINUED AT TURN 15
2018,Azerbaijan Grand Prix,Q,MAG,6.0,,4.0,no_advantage,CAR 20 (MAG) OFF TRACK AND CONTINUED AT TURN 4
2018,Azerbaijan Grand Prix,Q,ERI,7.0,,2.0,no_advantage,CAR 9 (ERI) OFF TRACK AND CONTINUED AT TURN 2
2018,Azerbaijan Grand Prix,Q,GAS,6.0,,15.0,no_advantage,CAR 10 (GAS) OFF TRACK AND CONTINUED AT TURN 15
2018,Azerbaijan Grand Prix,Q,GAS,9.0,,,no_advantage,Q1 INCIDENT INVOLVING CARS 10 (GAS) AND 28 (HAR) NOTED - NO INVESTIGATION NECESSARY
2018,Azerbaijan Grand Prix,Q,MAG,9.0,,15.0,no_advantage,CAR 20 (MAG) OFF TRACK AND CONTINUED AT TURN 15
2018,Azerbaijan Grand Prix,Q,RAI,10.0,,3.0,no_advantage,CAR 7 (RAI) OFF TRACK AND CONTINUED AT TURN 3
2018,Azerbaijan Grand Prix,Q,MAG,13.0,,3.0,no_advantage,CAR 20 (MAG) OFF TRACK AND CONTINUED AT TURN 3
2018,Azerbaijan Grand Prix,R,ALO,18.0,,2.0,no_advantage,"TURN 2 INCIDENT INVOLVING CARS 14 (ALO),27 (HUL)  AND 35 (SIR) NOTED - NO INVESTIGATION NECESSARY"
2018,Bahrain Grand Prix,FP2,HAM,3.0,,1.0,no_advantage,CAR 44 (HAM) OFF TRACK AND CONTINUED AT TURN 1
2018,Bahrain Grand Prix,FP3,GRO,13.0,,1.0,no_advantage,CAR 8 (GRO) OFF TRACK AND CONTINUED AT TURN 1
2018,Belgian Grand Prix,FP3,ALO,9.0,,5.0,no_advantage,CAR 14 (ALO) OFF TRACK AND CONTINUED AT TURN 5
2018,Belgian Grand Prix,R,RIC,4.0,,1.0,no_advantage,TURN 1 INCIDENT INVOLVING CARS 3 (RIC) AND 7 (RAI) - NO INVESTIGATION NECESSARY
2018,British Grand Prix,FP1,ALO,7.0,,13.0,no_advantage,CAR 14 (ALO) OFF TRACK AND CONTINUED AT TURN 13
2018,British Grand Prix,FP2,MAG,4.0,,15.0,no_advantage,CAR 20 (MAG) OFF TRACK AND CONTINUED AT TURN 15
2018,British Grand Prix,Q,SIR,3.0,,15.0,no_advantage,CAR 35 (SIR) OFF TRACK AND CONTINUED AT TURN 15
2018,Canadian Grand Prix,FP2,MAG,16.0,,1.0,no_advantage,CAR 20 (MAG) OFF TRACK AND CONTINUED AT TURN 1
2018,Canadian Grand Prix,FP2,ERI,26.0,,1.0,no_advantage,CAR 9 (ERI) OFF TRACK AND CONTINUED AT TURN 1
2018,Canadian Grand Prix,FP2,HAR,27.0,,1.0,no_advantage,CAR 28 (HAR) OFF TRACK AND CONTINUED AT TURN 1
2018,Canadian Grand Prix,FP3,VAN,3.0,,3.0,no_advantage,CAR 2 (VAN) OFF TRACK AND CONTINUED AT TURN 3
2018,Canadian Grand Prix,FP3,HAR,7.0,,1.0,no_advantage,CAR 28 (HAR) OFF TRACK AND CONTINUED AT TURN 1
2018,Canadian Grand Prix,Q,LEC,3.0,,1.0,no_advantage,CAR 16 (LEC) OFF TRACK AND CONTINUED AT TURN 1
2018,Canadian Grand Prix,R,GRO,50.0,,13.0,no_advantage,TURN 13 INCIDENT INVOLVING CARS 8 (GRO) AND 31 (OCO) - NO INVESTIGATION NECESSARY
2018,Chinese Grand Prix,FP1,VER,11.0,,16.0,no_advantage,CAR 33 (VER) OFF TRACK AND CONTINUED AT TURN 16
2018,Chinese Grand Prix,FP1,ALO,18.0,,10.0,no_advantage,CAR 14 (ALO) OFF TRACK AND CONTINUED AT TURN 10
2018,Chinese Grand Prix,R,VET,56.0,,3.0,no_advantage,TURN 3 INCIDENT INVOLVING CARS 5 (VET) AND 14 (ALO) - NO INVESTIGATION NECESSARY
2018,French Grand Prix,FP1,HAM,6.0,,8.0,no_advantage,CAR 44 (HAM) OFF TRACK AND CONTINUED AT TURN 8
2018,French Grand Prix,FP1,ERI,7.0,,14.0,no_advantage,CAR 9 (ERI) OFF TRACK AND CONTINUED AT TURN 14
2018,French Grand Prix,FP1,LEC,7.0,,1.0,no_advantage,CAR 16 (LEC) OFF TRACK AND CONTINUED AT TURN 1
2018,French Grand Prix,FP1,LEC,13.0,,8.0,no_advantage,CAR 16 (LEC) OFF TRACK AND CONTINUED AT TURN 8
2018,French Grand Prix,FP2,GRO,1.0,,12.0,no_advantage,CAR 8 (GRO) OFF TRACK AND CONTINUED AT TURN 12
2018,French Grand Prix,FP3,PER,3.0,,4.0,no_advantage,CAR 11 (PER) OFF TRACK AND CONTINUED AT TURN 4
2018,French Grand Prix,FP3,SIR,3.0,,8.0,no_advantage,CAR 35 (SIR) OFF TRACK AND CONTINUED AT TURN 8
2018,French Grand Prix,FP3,STR,2.0,,7.0,no_advantage,CAR 18 (STR) OFF TRACK AND CONTINUED AT TURN 7
2018,French Grand Prix,FP3,LEC,4.0,,8.0,no_advantage,CAR 16 (LEC) OFF TRACK AND CONTINUED AT TURN 8
2018,French Grand Prix,Q,SIR,9.0,,15.0,no_advantage,TURN 15 INCIDENT INVOLVING CARS 35 (SIR) AND 27 (HUL) - NO INVESTIGATION NECESSARY
2018,German Grand Prix,FP1,HUL,10.0,,2.0,no_advantage,CAR 27 (HUL) OFF TRACK AND CONTINUED AT TURN 2
2018,German Grand Prix,FP1,HUL,18.0,,12.0,no_advantage,CAR 27 (HUL) OFF TRACK AND CONTINUED AT TURN 12
2018,German Grand Prix,FP2,VER,5.0,,2.0,no_advantage,CAR 33 (VER) OFF TRACK AND CONTINUED AT TURN 2
2018,German Grand Prix,FP2,SIR,25.0,,13.0,no_advantage,CAR 35 (SIR) OFF TRACK AND CONTINUED AT TURN 13
2018,German Grand Prix,FP3,GAS,2.0,,8.0,no_advantage,CAR 10 (GAS) OFF TRACK AND CONTINUED AT TURN 8
2018,German Grand Prix,FP3,SIR,7.0,,2.0,no_advantage,CAR 35 (SIR) OFF TRACK AND CONTINUED AT TURN 2
2018,German Grand Prix,FP3,HAR,4.0,,8.0,no_advantage,CAR 28 (HAR) OFF TRACK AND CONTINUED AT TURN 8
2018,German Grand Prix,Q,ERI,12.0,,13.0,no_advantage,CAR 9 (ERI) OFF TRACK AND CONTINUED AT TURN 13
2018,German Grand Prix,R,GAS,45.0,,12.0,no_advantage,CAR 10 (GAS) OFF TRACK AND CONTINUED AT TURN 12
2018,Italian Grand Prix,FP1,VER,3.0,,11.0,no_advantage,CAR 33 (VER) OFF TRACK AND CONTINUED AT TURN 11
2018,Italian Grand Prix,FP1,RIC,4.0,,7.0,no_advantage,CAR 3 (RIC) OFF TRACK AND CONTINUED AT TURN 7
2018,Italian Grand Prix,FP1,HAR,2.0,,11.0,no_advantage,CAR 28 (HAR) OFF TRACK AND CONTINUED AT TURN 11
2018,Italian Grand Prix,FP1,RAI,10.0,,4.0,no_advantage,CAR 7 (RAI) OFF TRACK AND CONTINUED AT TURN 4
2018,Italian Grand Prix,FP2,VET,17.0,,11.0,no_advantage,CAR 5 (VET) OFF TRACK AND CONTINUED AT TURN 11
2018,Italian Grand Prix,Q,MAG,7.0,,5.0,no_advantage,CAR 20 (MAG) OFF TRACK AND CONTINUED AT TURN 5
2018,Japanese Grand Prix,FP2,LEC,2.0,,13.0,no_advantage,CAR 16 (LEC) OFF TRACK AND CONTINUED AT TURN 13
2018,Japanese Grand Prix,FP2,SIR,10.0,,13.0,no_advantage,CAR 35 (SIR) OFF TRACK AND CONTINUED AT TURN 13
2018,Japanese Grand Prix,FP3,PER,3.0,,13.0,no_advantage,CAR 11 (PER) OFF TRACK AND CONTINUED AT TURN 13
2018,Japanese Grand Prix,FP3,RAI,8.0,,7.0,no_advantage,CAR 7 (RAI) OFF TRACK AND CONTINUED AT TURN 7
2018,Japanese Grand Prix,FP3,LEC,10.0,,13.0,no_advantage,CAR 16 (LEC) OFF TRACK AND CONTINUED AT TURN 13
2018,Japanese Grand Prix,R,LEC,38.0,,9.0,no_advantage,CAR 16 (LEC) OFF TRACK AND CONTINUED AT TURN 9
2018,Mexican Grand Prix,FP1,SAI,6.0,,1.0,no_advantage,CAR 55 (SAI) OFF TRACK AND CONTINUED AT TURN 1
2018,Mexican Grand Prix,FP2,HAM,7.0,,1.0,no_advantage,CAR 44 (HAM) OFF TRACK AND CONTINUED AT TURN 1
2018,Mexican Grand Prix,FP3,GRO,8.0,,1.0,no_advantage,CAR 8 (GRO) OFF TRACK AND CONTINUED AT TURN 1
2018,Mexican Grand Prix,Q,VET,3.0,,1.0,no_advantage,CAR 5 (VET) OFF TRACK AND CONTINUED AT TURN 1
2018,Mexican Grand Prix,Q,HAM,5.0,,11.0,no_advantage,CAR 44 (HAM) OFF TRACK AND CONTINUED AT TURN 11
2018,Mexican Grand Prix,Q,ALO,2.0,,11.0,no_advantage,CAR 14 (ALO) OFF TRACK AND CONTINUED AT TURN 11
2018,Monaco Grand Prix,FP1,VER,21.0,,1.0,no_advantage,CAR 33 (VER) OFF TRACK AND CONTINUED AT TURN 1
2018,Monaco Grand Prix,FP3,BOT,5.0,,1.0,no_advantage,CAR 77 (BOT) OFF TRACK AND CONTINUED AT TURN 1
2018,Monaco Grand Prix,FP3,SAI,13.0,,1.0,no_advantage,CAR 55 (SAI) OFF TRACK AND CONTINUED AT TURN 1
2018,Monaco Grand Prix,FP3,STR,20.0,,1.0,no_advantage,CAR 18 (STR) OFF TRACK AND CONTINUED AT TURN 1
2018,Monaco Grand Prix,Q,LEC,10.0,,1.0,no_advantage,CAR 16 (LEC) OFF TRACK AND CONTINUED AT TURN 1
2018,Monaco Grand Prix,Q,BOT,9.0,,,no_advantage,INCIDENT INVOLVING CAR 77 (BOT) IMPEDING CAR 7 (RAI) - NO INVESTIGATION NECESSARY
2018,Russian Grand Prix,FP1,NOR,7.0,,4.0,no_advantage,CAR 47 (NOR) OFF TRACK AND CONTINUED AT TURN 4
2018,Russian Grand Prix,FP1,BOT,10.0,,5.0,no_advantage,CAR 77 (BOT) OFF TRACK AND CONTINUED AT TURN 5
2018,Russian Grand Prix,FP1,HAM,10.0,,2.0,no_advantage,CAR 44 (HAM) OFF TRACK AND CONTINUED AT TURN 2
2018,Russian Grand Prix,FP1,BOT,16.0,,2.0,no_advantage,CAR 77 (BOT) OFF TRACK AND CONTINUED AT TURN 2
2018,Russian Grand Prix,FP1,VER,14.0,,7.0,no_advantage,CAR 33 (VER) OFF TRACK AND CONTINUED AT TURN 7
2018,Russian Grand Prix,FP1,LEC,14.0,,8.0,no_advantage,CAR 16 (LEC) OFF TRACK AND CONTINUED AT TURN 8
2018,Russian Grand Prix,FP2,HAM,,,7.0,no_advantage,CAR 44 (HAM) OFF TRACK AND CONTINUED AT TURN 7
2018,Russian Grand Prix,FP2,VET,3.0,,2.0,no_advantage,CAR 5 (VET) OFF TRACK AND CONTINUED AT TURN 2
2018,Russian Grand Prix,FP2,RAI,2.0,,2.0,no_advantage,CAR 7 (RAI) OFF TRACK AND CONTINUED AT TURN 2
2018,Russian Grand Prix,FP2,HUL,5.0,,2.0,no_advantage,CAR 27 (HUL) OFF TRACK AND CONTINUED AT TURN 2
2018,Russian Grand Prix,FP2,SIR,7.0,,7.0,no_advantage,CAR 35 (SIR) OFF TRACK AND CONTINUED AT TURN 7
2018,Russian Grand Prix,FP2,LEC,13.0,,2.0,no_advantage,CAR 16 (LEC) OFF TRACK AND CONTINUED AT TURN 2
2018,Russian Grand Prix,FP2,LEC,14.0,,5.0,no_advantage,CAR 16 (LEC) OFF TRACK AND CONTINUED AT TURN 5
2018,Russian Grand Prix,FP2,HAM,19.0,,2.0,no_advantage,CAR 44 (HAM) OFF TRACK AND CONTINUED AT TURN 2
2018,Russian Grand Prix,FP3,RAI,1.0,,7.0,no_advantage,CAR 7 (RAI) OFF TRACK AND CONTINUED AT TURN 7
2018,Russian Grand Prix,FP3,ERI,2.0,,7.0,no_advantage,CAR 9 (ERI) OFF TRACK AND CONTINUED AT TURN 7
2018,Russian Grand Prix,FP3,VET,7.0,,4.0,no_advantage,CAR 5 (VET) OFF TRACK AND CONTINUED AT TURN 4
2018,Russian Grand Prix,FP3,HUL,8.0,,4.0,no_advantage,CAR 27 (HUL) OFF TRACK AND CONTINUED AT TURN 4
2018,Russian Grand Prix,FP3,RIC,11.0,,4.0,no_advantage,CAR 3 (RIC) OFF TRACK AND CONTINUED AT TURN 4
2018,Singapore Grand Prix,FP1,PER,8.0,,20.0,no_advantage,CAR 11 (PER) OFF TRACK AND CONTINUED AT TURN 20
2018,Singapore Grand Prix,FP1,HAM,11.0,,1.0,no_advantage,CAR 44 (HAM) OFF TRACK AND CONTINUED AT TURN 1
2018,Singapore Grand Prix,FP1,RAI,13.0,,18.0,no_advantage,CAR 7 (RAI) OFF TRACK AND CONTINUED AT TURN 18
2018,Singapore Grand Prix,FP1,BOT,18.0,,14.0,no_advantage,CAR 77 (BOT) OFF TRACK AND CONTINUED AT TURN 14
2018,Singapore Grand Prix,FP2,SIR,3.0,,8.0,no_advantage,CAR 35 (SIR) OFF TRACK AND CONTINUED AT TURN 8
2018,Singapore Grand Prix,FP2,HAM,2.0,,14.0,no_advantage,CAR 44 (HAM) OFF TRACK AND CONTINUED AT TURN 14
2018,Singapore Grand Prix,FP2,GRO,6.0,,7.0,no_advantage,CAR 8 (GRO) OFF TRACK AND CONTINUED AT TURN 7
2018,Singapore Grand Prix,FP2,MAG,10.0,,5.0,no_advantage,CAR 20 (MAG) OFF TRACK AND CONTINUED AT TURN 5
2018,Spanish Grand Prix,FP1,HAR,7.0,,4.0,no_advantage,CAR 28 (HAR) OFF TRACK AND CONTINUED AT TURN 4
2018,Spanish Grand Prix,FP1,GRO,7.0,,4.0,no_advantage,CAR 8 (GRO) OFF TRACK AND CONTINUED AT TURN 4
2018,Spanish Grand Prix,FP1,GRO,8.0,,7.0,no_advantage,CAR 8 (GRO) OFF TRACK AND CONTINUED AT TURN 7
2018,Spanish Grand Prix,FP1,HAR,26.0,,10.0,no_advantage,CAR 28 (HAR) OFF TRACK AND CONTINUED AT TURN 10
2018,Spanish Grand Prix,FP2,RAI,13.0,,4.0,no_advantage,CAR 7 (RAI) OFF TRACK AND CONTINUED AT TURN 4
2018,Spanish Grand Prix,FP2,LEC,21.0,,4.0,no_advantage,CAR 16 (LEC) OFF TRACK AND CONTINUED AT TURN 4
2018,Spanish Grand Prix,FP2,VER,33.0,,2.0,no_advantage,CAR 33 (VER) OFF TRACK AND CONTINUED AT TURN 2
2018,Spanish Grand Prix,FP3,STR,9.0,,4.0,no_advantage,CAR 18 (STR) OFF TRACK AND CONTINUED AT TURN 4
2018,Spanish Grand Prix,Q,ERI,3.0,,1.0,no_advantage,CAR 9 (ERI) OFF TRACK AND CONTINUED AT TURN 1
2018,Spanish Grand Prix,Q,GRO,17.0,,7.0,no_advantage,CAR 8 (GRO) OFF TRACK AND CONTINUED AT TURN 7
2018,Spanish Grand Prix,R,SIR,40.0,,9.0,no_advantage,CAR 35 (SIR) OFF TRACK AND CONTINUED AT TURN 9
2018,United States Grand Prix,FP1,PER,4.0,,11.0,no_advantage,CAR 11 (PER) OFF TRACK AND CONTINUED AT TURN 11
2018,United States Grand Prix,FP1,VET,12.0,,11.0,no_advantage,CAR 5 (VET) OFF TRACK AND CONTINUED AT TURN 11
2018,United States Grand Prix,FP2,HAR,13.0,,11.0,no_advantage,CAR 28 (HAR) OFF TRACK AND CONTINUED AT TURN 11
2019,Australian Grand Prix,FP2,RUS,27.0,,3.0,no_advantage,CAR 63 (RUS) OFF TRACK AND CONTINUED AT TURN 3
2019,Australian Grand Prix,R,KVY,36.0,,3.0,no_advantage,CAR 26 (KVY) OFF TRACK AND CONTINUED AT TURN 3
2019,Austrian Grand Prix,FP1,GAS,11.0,,9.0,no_advantage,CAR 10 (GAS) OFF TRACK AND CONTINUED AT TURN 9
2019,Austrian Grand Prix,FP1,VET,11.0,,1.0,no_advantage,CAR 5 (VET) OFF TRACK AND CONTINUED AT TURN 1
2019,Austrian Grand Prix,FP1,NOR,20.0,,10.0,no_advantage,CAR 4 (NOR) OFF TRACK AND CONTINUED AT TURN 10
2019,Austrian Grand Prix,FP1,VER,25.0,,1.0,no_advantage,CAR 33 (VER) OFF TRACK AND CONTINUED AT TURN 1
2019,Austrian Grand Prix,FP2,BOT,2.0,,10.0,no_advantage,CAR 77 (BOT) OFF TRACK AND CONTINUED AT TURN 10
2019,Austrian Grand Prix,FP2,HAM,2.0,,10.0,no_advantage,CAR 44 (HAM) OFF TRACK AND CONTINUED AT TURN 10
2019,Austrian Grand Prix,FP2,GAS,5.0,,4.0,no_advantage,CAR 10 (GAS) OFF TRACK AND CONTINUED AT TURN 4
2019,Austrian Grand Prix,FP2,VET,14.0,,10.0,no_advantage,CAR 5 (VET) OFF TRACK AND CONTINUED AT TURN 10
2019,Austrian Grand Prix,FP2,SAI,35.0,,6.0,no_advantage,CAR 55 (SAI) OFF TRACK AND CONTINUED AT TURN 6
2019,Austrian Grand Prix,FP2,LEC,30.0,,3.0,no_advantage,TURN 3 INCIDENT INVOLVING CARS 16 (LEC) AND 99 (GIO) NOTED - NO INVESTIGATION NECESSARY
2019,Austrian Grand Prix,FP3,GRO,5.0,,3.0,no_advantage,CAR 8 (GRO) OFF TRACK AND CONTINUED AT TURN 3
2019,Austrian Grand Prix,FP3,KUB,17.0,,10.0,no_advantage,CAR 88 (KUB) OFF TRACK AND CONTINUED AT TURN 10
2019,Austrian Grand Prix,FP3,GRO,15.0,,9.0,no_advantage,CAR 8 (GRO) OFF TRACK AND CONTINUED AT TURN 9
2019,Austrian Grand Prix,Q,KVY,7.0,,9.0,no_advantage,CAR 26 (KVY) OFF TRACK AND CONTINUED AT TURN 9
2019,Austrian Grand Prix,Q,KVY,8.0,,1.0,no_advantage,TURN 1 INCIDENT INVOLVING CARS 26 (KVY) AND 7 (RAI) - NO INVESTIGATION NECESSARY
2019,Austrian Grand Prix,Q,MAG,13.0,,4.0,no_advantage,CAR 20 (MAG) OFF TRACK AND CONTINUED AT TURN 4
2019,Austrian Grand Prix,R,GIO,5.0,,1.0,no_advantage,"LAP 1, TURN 1 INCIDENT INVOLVING CARS 99 (GIO) NOTED - NO INVESTIGATION NECESSARY"
2019,Austrian Grand Prix,R,NOR,5.0,,5.0,no_advantage,"LAP 1,TURN 5 INCIDENT INVOLVING CARS 4 (NOR) AND 7 (RAI) NOTED - NO INVESTIGATION NECESSARY"
2019,Azerbaijan Grand Prix,FP2,NOR,4.0,,3.0,no_advantage,CAR 4 (NOR) OFF TRACK AND CONTINUED AT TURN 3
2019,Azerbaijan Grand Prix,FP2,MAG,4.0,,3.0,no_advantage,CAR 20 (MAG) OFF TRACK AND CONTINUED AT TURN 3
2019,Azerbaijan Grand Prix,FP2,HAM,5.0,,8.0,no_advantage,CAR 44 (HAM) OFF TRACK AND CONTINUED AT TURN 8
2019,Azerbaijan Grand Prix,FP2,VET,6.0,,3.0,no_advantage,CAR 5 (VET) OFF TRACK AND CONTINUED AT TURN 3
2019,Azerbaijan Grand Prix,FP2,GAS,14.0,,3.0,no_advantage,CAR 10 (GAS) OFF TRACK AND CONTINUED AT TURN 3
2019,Azerbaijan Grand Prix,FP2,RIC,13.0,,15.0,no_advantage,CAR 3 (RIC) OFF TRACK AND CONTINUED AT TURN 15
2019,Azerbaijan Grand Prix,FP2,BOT,23.0,,3.0,no_advantage,CAR 77 (BOT) OFF TRACK AND CONTINUED AT TURN 3
2019,Azerbaijan Grand Prix,FP2,GIO,25.0,,15.0,no_advantage,CAR 99 (GIO) OFF TRACK AND CONTINUED AT TURN 15
2019,Azerbaijan Grand Prix,FP2,GIO,27.0,,2.0,no_advantage,CAR 99 (GIO) OFF TRACK AND CONTINUED AT TURN 2
2019,Azerbaijan Grand Prix,FP2,GRO,28.0,,8.0,no_advantage,CAR 8 (GRO) OFF TRACK AND CONTINUED AT TURN 8
2019,Azerbaijan Grand Prix,FP2,GRO,29.0,,3.0,no_advantage,CAR 8 (GRO) OFF TRACK AND CONTINUED AT TURN 3
2019,Azerbaijan Grand Prix,FP2,VET,26.0,,4.0,no_advantage,CAR 5 (VET) OFF TRACK AND CONTINUED AT TURN 4
2019,Azerbaijan Grand Prix,FP3,ALB,11.0,,2.0,no_advantage,CAR 23 (ALB) OFF TRACK AND CONTINUED AT TURN 2
2019,Azerbaijan Grand Prix,FP3,HAM,15.0,,2.0,no_advantage,CAR 44 (HAM) OFF TRACK AND CONTINUED AT TURN 2
2019,Azerbaijan Grand Prix,Q,HAM,1.0,,3.0,no_advantage,CAR 44 (HAM) OFF TRACK AND CONTINUED AT TURN 3
2019,Azerbaijan Grand Prix,Q,HUL,2.0,,3.0,no_advantage,CAR 27 (HUL) OFF TRACK AND CONTINUED AT TURN 3
2019,Bahrain Grand Prix,R,GRO,8.0,,2.0,no_advantage,TURN 2 INCIDENT INVOLVING CARS 8 (GRO) AND 18 (STR) - NO INVESTIGATION NECESSARY
2019,Belgian Grand Prix,FP1,KUB,2.0,,1.0,no_advantage,CAR 88 (KUB) OFF TRACK AND CONTINUED AT TURN 1
2019,Belgian Grand Prix,FP1,HAM,9.0,,1.0,no_advantage,CAR 44 (HAM) OFF TRACK AND CONTINUED AT TURN 1
2019,British Grand Prix,FP1,ALB,11.0,,6.0,no_advantage,CAR 23 (ALB) OFF TRACK AND CONTINUED AT TURN 6
2019,British Grand Prix,FP2,ALB,1.0,,6.0,no_advantage,CAR 23 (ALB) OFF TRACK AND CONTINUED AT TURN 6
2019,British Grand Prix,FP2,NOR,11.0,,12.0,no_advantage,CAR 4 (NOR) OFF TRACK AND CONTINUED AT TURN 12
2019,British Grand Prix,R,GRO,1.0,,5.0,no_advantage,TURN 5 INCIDENT INVOLVING CARS 8 (GRO) AND 20 (MAG) NOTED - NO INVESTIGATION NECESSARY
2019,British Grand Prix,R,PER,26.0,,6.0,no_advantage,TURN 6 INCIDENT INVOLVING CARS 11 (PER) AND 27 (HUL) NOTED - NO INVESTIGATION NECESSARY
2019,Canadian Grand Prix,FP1,LAT,4.0,,8.0,no_advantage,CAR 40 (LAT) OFF TRACK AND CONTINUED AT TURN 8 ON PREVIOUS LAP
2019,Canadian Grand Prix,FP1,LAT,9.0,,8.0,no_advantage,CAR 40 (LAT) OFF TRACK AND CONTINUED AT TURN 8
2019,Canadian Grand Prix,FP1,GRO,10.0,,8.0,no_advantage,CAR 8 (GRO) OFF TRACK AND CONTINUED AT TURN 8
2019,Canadian Grand Prix,FP1,ALB,13.0,,8.0,no_advantage,CAR 23 (ALB) OFF TRACK AND CONTINUED AT TURN 8
2019,Canadian Grand Prix,FP1,KVY,16.0,,13.0,no_advantage,CAR 26 (KVY) OFF TRACK AND CONTINUED AT TURN 13
2019,Canadian Grand Prix,FP1,GAS,12.0,,1.0,no_advantage,CAR 10 (GAS) OFF TRACK AND CONTINUED AT TURN 1
2019,Canadian Grand Prix,FP1,VET,11.0,,1.0,no_advantage,CAR 5 (VET) OFF TRACK AND CONTINUED AT TURN 1
2019,Canadian Grand Prix,FP1,MAG,27.0,,8.0,no_advantage,CAR 20 (MAG) OFF TRACK AND CONTINUED AT TURN 8
2019,Canadian Grand Prix,FP1,VER,23.0,,8.0,no_advantage,CAR 33 (VER) OFF TRACK AND CONTINUED AT TURN 8
2019,Canadian Grand Prix,FP1,SAI,31.0,,8.0,no_advantage,CAR 55 (SAI) OFF TRACK AND CONTINUED AT TURN 8
2019,Canadian Grand Prix,FP2,ALB,1.0,,8.0,no_advantage,CAR 23 (ALB) OFF TRACK AND CONTINUED AT TURN 8
2019,Canadian Grand Prix,FP2,GAS,1.0,,8.0,no_advantage,CAR 10 (GAS) OFF TRACK AND CONTINUED AT TURN 8
2019,Canadian Grand Prix,FP2,GRO,1.0,,8.0,no_advantage,CAR 8 (GRO) OFF TRACK AND CONTINUED AT TURN 8
2019,Canadian Grand Prix,FP2,KVY,16.0,,1.0,no_advantage,CAR 26 (KVY) OFF TRACK AND CONTINUED AT TURN 1
2019,Canadian Grand Prix,FP2,GAS,18.0,,1.0,no_advantage,CAR 10 (GAS) OFF TRACK AND CONTINUED AT TURN 1
2019,Canadian Grand Prix,FP2,NOR,21.0,,8.0,no_advantage,CAR 4 (NOR) OFF TRACK AND CONTINUED AT TURN 8
2019,Canadian Grand Prix,FP3,GIO,6.0,,13.0,no_advantage,CAR 99 (GIO) OFF TRACK AND CONTINUED AT TURN 13
2019,Canadian Grand Prix,FP3,RUS,5.0,,1.0,no_advantage,CAR 63 (RUS) OFF TRACK AND CONTINUED AT TURN 1
2019,Canadian Grand Prix,FP3,NOR,8.0,,13.0,no_advantage,CAR 4 (NOR) OFF TRACK AND CONTINUED AT TURN 13
2019,Canadian Grand Prix,FP3,RIC,6.0,,1.0,no_advantage,CAR 3 (RIC) OFF TRACK AND CONTINUED AT TURN 1
2019,Canadian Grand Prix,FP3,LEC,13.0,,1.0,no_advantage,CAR 16 (LEC) OFF TRACK AND CONTINUED AT TURN 1
2019,Canadian Grand Prix,FP3,GIO,17.0,,1.0,no_advantage,CAR 99 (GIO) OFF TRACK AND CONTINUED AT TURN 1
2019,Canadian Grand Prix,Q,LEC,8.0,,8.0,no_advantage,CAR 16 (LEC) OFF TRACK AND CONTINUED AT TURN 8
2019,Canadian Grand Prix,R,ALB,4.0,,1.0,no_advantage,"LAP 1, TURN 1 INCIDENT INVOLVING CARS 23 (ALB) AND 99 (GIO) NOTED - NO INVESTIGATION NECESSARY"
2019,Canadian Grand Prix,R,NOR,7.0,,8.0,no_advantage,CAR 4 (NOR) OFF TRACK AND CONTINUED AT TURN 8
2019,Canadian Grand Prix,R,NOR,8.0,,13.0,no_advantage,CAR 4 (NOR) OFF TRACK AND CONTINUED AT TURN 13
2019,Canadian Grand Prix,R,RUS,25.0,,13.0,no_advantage,CAR 63 (RUS) OFF TRACK AND CONTINUED AT TURN 13
2019,Canadian Grand Prix,R,SAI,29.0,,13.0,no_advantage,CAR 55 (SAI) OFF TRACK AND CONTINUED AT TURN 13
2019,Canadian Grand Prix,R,HUL,30.0,,8.0,no_advantage,CAR 27 (HUL) OFF TRACK AND CONTINUED AT TURN 8
2019,Canadian Grand Prix,R,GRO,33.0,,1.0,no_advantage,TURN 1 INCIDENT INVOLVING CARS 8 (GRO) AND 11 (PER) NOTED - NO INVESTIGATION NECESSARY
2019,Canadian Grand Prix,R,ALB,57.0,,8.0,no_advantage,CAR 23 (ALB) OFF TRACK AND CONTINUED AT TURN 8
2019,Chinese Grand Prix,FP3,NOR,10.0,,16.0,no_advantage,CAR 4 (NOR) OFF TRACK AND CONTINUED AT TURN 16
2019,Chinese Grand Prix,R,VET,25.0,,14.0,no_advantage,TURN 14 INCIDENT INVOLVING CARS 5 (VET) AND 33 (VER) - NO INVESTIGATION NECESSARY
2019,French Grand Prix,FP1,VET,12.0,,1.0,no_advantage,CAR 5 (VET) OFF TRACK AND CONTINUED AT TURN 1
2019,French Grand Prix,FP1,RAI,6.0,,4.0,no_advantage,CAR 7 (RAI) OFF TRACK AND CONTINUED AT TURN 4
2019,French Grand Prix,FP1,GAS,9.0,,2.0,no_advantage,CAR 10 (GAS) OFF TRACK AND CONTINUED AT TURN 2
2019,French Grand Prix,FP2,VET,2.0,,12.0,no_advantage,CAR 5 (VET) OFF TRACK AND CONTINUED AT TURN 12
2019,French Grand Prix,FP2,NOR,10.0,,8.0,no_advantage,CAR 4 (NOR) OFF TRACK AND CONTINUED AT TURN 8
2019,French Grand Prix,FP2,HAM,9.0,,4.0,no_advantage,CAR 44 (HAM) OFF TRACK AND CONTINUED AT TURN 4
2019,French Grand Prix,FP2,RUS,17.0,,2.0,no_advantage,CAR 63 (RUS) OFF TRACK AND CONTINUED AT TURN 2
2019,French Grand Prix,FP2,PER,16.0,,2.0,no_advantage,CAR 11 (PER) OFF TRACK AND CONTINUED AT TURN 2
2019,French Grand Prix,FP2,PER,26.0,,8.0,no_advantage,CAR 11 (PER) OFF TRACK AND CONTINUED AT TURN 8
2019,French Grand Prix,R,RIC,35.0,,8.0,no_advantage,TURN 8 INCIDENT INVOLVING CARS 3 (RIC) AND 8 (GRO) - NO INVESTIGATION NECESSARY
2019,German Grand Prix,FP1,BOT,27.0,,13.0,no_advantage,CAR 77 (BOT) OFF TRACK AND CONTINUED AT TURN 13
2019,German Grand Prix,R,HAM,52.0,,1.0,no_advantage,CAR 44 (HAM) OFF TRACK AND CONTINUED AT TURN 1
2019,German Grand Prix,R,GRO,61.0,,6.0,no_advantage,TURN 6 INCIDENT INVOLVING CARS 8 (GRO) AND 20 (MAG) - NO INVESTIGATION NECESSARY
2019,Hungarian Grand Prix,R,HAM,2.0,,3.0,no_advantage,"LAP 1, TURN 3 INCIDENT INVOLVING CARS 44 (HAM) AND 77 (BOT) NOTED - NO INVESTIGATION NECESSARY"
2019,Hungarian Grand Prix,R,BOT,7.0,,4.0,no_advantage,"LAP 1, TURN 4 INCIDENT INVOLVING CARS 77 (BOT) AND 16 (LEC) NOTED - NO INVESTIGATION NECESSARY"
2019,Hungarian Grand Prix,R,PER,69.0,,1.0,no_advantage,TURN 1 INCIDENT INVOLVING CARS 11 (PER) AND 23 (ALB) - NO INVESTIGATION NECESSARY
2019,Monaco Grand Prix,FP1,VET,6.0,,1.0,no_advantage,CAR 5 (VET) OFF TRACK AND CONTINUED AT TURN 1
2019,Monaco Grand Prix,FP1,BOT,12.0,,1.0,no_advantage,CAR 77 (BOT) OFF TRACK AND CONTINUED AT TURN 1
2019,Monaco Grand Prix,FP1,KVY,20.0,,1.0,no_advantage,CAR 26 (KVY) OFF TRACK AND CONTINUED AT TURN 1
2019,Monaco Grand Prix,FP1,NOR,27.0,,1.0,no_advantage,CAR 4 (NOR) OFF TRACK AND CONTINUED AT TURN 1
2019,Monaco Grand Prix,FP1,VER,18.0,,5.0,no_advantage,CAR 33 (VER) OFF TRACK AND CONTINUED AT TURN 5
2019,Monaco Grand Prix,FP1,STR,18.0,,1.0,no_advantage,CAR 18 (STR) OFF TRACK AND CONTINUED AT TURN 1
2019,Monaco Grand Prix,FP2,RUS,5.0,,1.0,no_advantage,CAR 63 (RUS) OFF TRACK AND CONTINUED AT TURN 1
2019,Monaco Grand Prix,FP2,HAM,18.0,,1.0,no_advantage,CAR 44 (HAM) OFF TRACK AND CONTINUED AT TURN 1
2019,Monaco Grand Prix,FP2,VET,26.0,,1.0,no_advantage,CAR 5 (VET) OFF TRACK AND CONTINUED AT TURN 1
2019,Monaco Grand Prix,FP3,STR,17.0,,1.0,no_advantage,CAR 18 (STR) OFF TRACK AND CONTINUED AT TURN 1
2019,Spanish Grand Prix,FP1,GRO,12.0,,7.0,no_advantage,CAR 8 (GRO) OFF TRACK AND CONTINUED AT TURN 7
2019,Spanish Grand Prix,FP2,HAM,5.0,,13.0,no_advantage,CAR 44 (HAM) OFF TRACK AND CONTINUED AT TURN 13
2019,Spanish Grand Prix,FP2,KVY,24.0,,1.0,no_advantage,CAR 26 (KVY) OFF TRACK AND CONTINUED AT TURN 1
2019,Spanish Grand Prix,R,RAI,,,4.0,no_advantage,CAR 7 (RAI) OFF TRACK AND CONTINUED AT TURN 4
2020,70th Anniversary Grand Prix,FP2,STR,17.0,,14.0,no_advantage,CAR 18 (STR) OFF TRACK AND CONTINUED AT TURN 14
2020,70th Anniversary Grand Prix,FP2,RAI,24.0,,13.0,no_advantage,CAR 7 (RAI) OFF TRACK AND CONTINUED AT TURN 13
2020,Austrian Grand Prix,FP1,STR,5.0,,9.0,no_advantage,CAR 18 (STR) OFF TRACK AND CONTINUED AT TURN 9
2020,Austrian Grand Prix,FP2,LAT,5.0,,3.0,no_advantage,CAR 6 (LAT) OFF TRACK AND CONTINUED AT TURN 3
2020,Austrian Grand Prix,FP2,RAI,10.0,,6.0,no_advantage,CAR 7 (RAI) OFF TRACK AND CONTINUED AT TURN 6
2020,Austrian Grand Prix,FP2,VER,13.0,,6.0,no_advantage,CAR 33 (VER) OFF TRACK AND CONTINUED AT TURN 6
2020,Austrian Grand Prix,FP3,BOT,18.0,,1.0,no_advantage,CAR 77 (BOT) OFF TRACK AND CONTINUED AT TURN 1
2020,Austrian Grand Prix,Q,BOT,16.0,,5.0,no_advantage,CAR 77 (BOT) OFF TRACK AND CONTINUED AT TURN 5
2020,Belgian Grand Prix,Q,MAG,7.0,,14.0,no_advantage,CAR 20 (MAG) OFF TRACK AND CONTINUED AT TURN 14
2020,British Grand Prix,FP1,RAI,8.0,,7.0,no_advantage,CAR 7 (RAI) OFF TRACK AND CONTINUED AT TURN 7
2020,British Grand Prix,R,GAS,42.0,,15.0,no_advantage,TURN 15 INCIDENT INVOLVING CARS 10 (GAS) AND 5 (VET) - NO INVESTIGATION NECESSARY
2020,Eifel Grand Prix,FP3,VER,1.0,,4.0,no_advantage,CAR 33 (VER) OFF TRACK AND CONTINUED AT TURN 4
2020,Eifel Grand Prix,FP3,GAS,4.0,,4.0,no_advantage,CAR 10 (GAS) OFF TRACK AND CONTINUED AT TURN 4
2020,Eifel Grand Prix,FP3,SAI,6.0,,4.0,no_advantage,CAR 55 (SAI) OFF TRACK AND CONTINUED AT TURN 4
2020,Eifel Grand Prix,FP3,LEC,5.0,,4.0,no_advantage,CAR 16 (LEC) OFF TRACK AND CONTINUED AT TURN 4
2020,Eifel Grand Prix,FP3,RAI,7.0,,4.0,no_advantage,CAR 7 (RAI) OFF TRACK AND CONTINUED AT TURN 4
2020,Eifel Grand Prix,FP3,NOR,8.0,,4.0,no_advantage,CAR 4 (NOR) OFF TRACK AND CONTINUED AT TURN 4
2020,Eifel Grand Prix,FP3,PER,15.0,,4.0,no_advantage,CAR 11 (PER) OFF TRACK AND CONTINUED AT TURN 4
2020,Eifel Grand Prix,FP3,ALB,13.0,,4.0,no_advantage,CAR 23 (ALB) OFF TRACK AND CONTINUED AT TURN 4
2020,Eifel Grand Prix,FP3,RUS,20.0,,4.0,no_advantage,CAR 63 (RUS) OFF TRACK AND CONTINUED AT TURN 4
2020,Eifel Grand Prix,Q,MAG,1.0,,4.0,no_advantage,CAR 20 (MAG) OFF TRACK AND CONTINUED AT TURN 4
2020,Eifel Grand Prix,Q,GIO,1.0,,4.0,no_advantage,CAR 99 (GIO) OFF TRACK AND CONTINUED AT TURN 4
2020,Eifel Grand Prix,Q,ALB,3.0,,4.0,no_advantage,CAR 23 (ALB) OFF TRACK AND CONTINUED AT TURN 4
2020,Eifel Grand Prix,Q,GRO,6.0,,4.0,no_advantage,CAR 8 (GRO) OFF TRACK AND CONTINUED AT TURN 4
2020,Eifel Grand Prix,R,RIC,6.0,,1.0,no_advantage,TURN 1 INCIDENT INVOLVING CARS 3 (RIC) AND 16 (LEC) - NO INVESTIGATION NECESSARY
2020,Eifel Grand Prix,R,RUS,12.0,,2.0,no_advantage,CAR 63 (RUS) OFF TRACK AND CONTINUED AT TURN 2
2020,Eifel Grand Prix,R,VET,56.0,,1.0,no_advantage,TURN 1 INCIDENT INVOLVING CARS 5 (VET) AND 20 (MAG) NOTED - NO INVESTIGATION NECESSARY
2020,Emilia Romagna Grand Prix,FP1,BOT,1.0,,15.0,no_advantage,CAR 77 (BOT) OFF TRACK AND CONTINUED AT TURN 15
2020,Emilia Romagna Grand Prix,FP1,RAI,1.0,,15.0,no_advantage,CAR 7 (RAI) OFF TRACK AND CONTINUED AT TURN 15
2020,Emilia Romagna Grand Prix,FP1,SAI,1.0,,15.0,no_advantage,CAR 55 (SAI) OFF TRACK AND CONTINUED AT TURN 15
2020,Emilia Romagna Grand Prix,FP1,GIO,1.0,,15.0,no_advantage,CAR 99 (GIO) OFF TRACK AND CONTINUED AT TURN 15
2020,Emilia Romagna Grand Prix,FP1,KVY,5.0,,2.0,no_advantage,CAR 26 (KVY) OFF TRACK AND CONTINUED AT TURN 2
2020,Emilia Romagna Grand Prix,FP1,RUS,32.0,,13.0,no_advantage,CAR 63 (RUS) OFF TRACK AND CONTINUED AT TURN 13
2020,Emilia Romagna Grand Prix,FP1,BOT,42.0,,13.0,no_advantage,CAR 77 (BOT) OFF TRACK AND CONTINUED AT TURN 13
2020,Emilia Romagna Grand Prix,R,LAT,60.0,,4.0,no_advantage,TURN 4 INCIDENT INVOLVING CARS 6 (LAT) AND 8 (GRO) - NO INVESTIGATION NECESSARY
2020,Hungarian Grand Prix,FP2,RAI,6.0,,11.0,no_advantage,CAR 7 (RAI) OFF TRACK AND CONTINUED AT TURN 11
2020,Italian Grand Prix,FP1,STR,15.0,,6.0,no_advantage,CAR 18 (STR) OFF TRACK AND CONTINUED AT TURN 6
2020,Italian Grand Prix,FP1,VET,19.0,,6.0,no_advantage,CAR 5 (VET) OFF TRACK AND CONTINUED AT TURN 6
2020,Italian Grand Prix,FP2,RAI,3.0,,5.0,no_advantage,CAR 7 (RAI) OFF TRACK AND CONTINUED AT TURN 5
2020,Italian Grand Prix,FP2,SAI,11.0,,6.0,no_advantage,CAR 55 (SAI) OFF TRACK AND CONTINUED AT TURN 6
2020,Italian Grand Prix,FP2,LEC,21.0,,6.0,no_advantage,CAR 16 (LEC) OFF TRACK AND CONTINUED AT TURN 6
2020,Italian Grand Prix,Q,RIC,9.0,,5.0,no_advantage,CAR 3 (RIC) OFF TRACK AND CONTINUED AT TURN 5
2020,Italian Grand Prix,Q,MAG,13.0,,7.0,no_advantage,CAR 20 (MAG) OFF TRACK AND CONTINUED AT TURN 7
2020,Italian Grand Prix,R,GAS,3.0,,1.0,no_advantage,TURN 1 INCIDENT INVOLVING CARS 10 (GAS) AND 23 (ALB) - NO INVESTIGATION NECESSARY
2020,Portuguese Grand Prix,FP1,GIO,,,1.0,no_advantage,CAR 99 (GIO) OFF TRACK AND CONTINUED AT TURN 1
2020,Portuguese Grand Prix,FP1,LAT,,,1.0,no_advantage,CAR 6 (LAT) OFF TRACK AND CONTINUED AT TURN 1
2020,Portuguese Grand Prix,FP3,RUS,8.0,,5.0,no_advantage,CAR 63 (RUS) OFF TRACK AND CONTINUED AT TURN 5
2020,Portuguese Grand Prix,FP3,HAM,11.0,,8.0,no_advantage,CAR 44 (HAM) OFF TRACK AND CONTINUED AT TURN 8
2020,Portuguese Grand Prix,R,PER,5.0,,4.0,no_advantage,TURN 4 INCIDENT INVOLVING CARS 11 (PER) AND 33 (VER) - NO INVESTIGATION NECESSARY
2020,Pre-Season Test 1,FP1,STR,5.0,,9.0,no_advantage,CAR 18 (STR) OFF TRACK AND CONTINUED AT TURN 9
2020,Pre-Season Test 1,FP2,LAT,5.0,,3.0,no_advantage,CAR 6 (LAT) OFF TRACK AND CONTINUED AT TURN 3
2020,Pre-Season Test 1,FP2,RAI,10.0,,6.0,no_advantage,CAR 7 (RAI) OFF TRACK AND CONTINUED AT TURN 6
2020,Pre-Season Test 1,FP2,VER,13.0,,6.0,no_advantage,CAR 33 (VER) OFF TRACK AND CONTINUED AT TURN 6
2020,Pre-Season Test 1,FP3,BOT,18.0,,1.0,no_advantage,CAR 77 (BOT) OFF TRACK AND CONTINUED AT TURN 1
2020,Pre-Season Test 1,Q,BOT,16.0,,5.0,no_advantage,CAR 77 (BOT) OFF TRACK AND CONTINUED AT TURN 5
2020,Pre-Season Test 2,FP1,STR,5.0,,9.0,no_advantage,CAR 18 (STR) OFF TRACK AND CONTINUED AT TURN 9
2020,Pre-Season Test 2,FP2,LAT,5.0,,3.0,no_advantage,CAR 6 (LAT) OFF TRACK AND CONTINUED AT TURN 3
2020,Pre-Season Test 2,FP2,RAI,10.0,,6.0,no_advantage,CAR 7 (RAI) OFF TRACK AND CONTINUED AT TURN 6
2020,Pre-Season Test 2,FP2,VER,13.0,,6.0,no_advantage,CAR 33 (VER) OFF TRACK AND CONTINUED AT TURN 6
2020,Pre-Season Test 2,FP3,BOT,18.0,,1.0,no_advantage,CAR 77 (BOT) OFF TRACK AND CONTINUED AT TURN 1
2020,Pre-Season Test 2,Q,BOT,16.0,,5.0,no_advantage,CAR 77 (BOT) OFF TRACK AND CONTINUED AT TURN 5
2020,Russian Grand Prix,FP1,BOT,9.0,,13.0,no_advantage,CAR 77 (BOT) OFF TRACK AND CONTINUED AT TURN 13
2020,Russian Grand Prix,FP1,RUS,13.0,,13.0,no_advantage,CAR 63 (RUS) OFF TRACK AND CONTINUED AT TURN 13
2020,Russian Grand Prix,FP2,BOT,8.0,,13.0,no_advantage,CAR 77 (BOT) OFF TRACK AND CONTINUED AT TURN 13
2020,Russian Grand Prix,FP2,HAM,8.0,,13.0,no_advantage,CORRECTION - CAR 44 (HAM) OFF TRACK AND CONTINUED AT TURN 13
2020,Russian Grand Prix,FP2,BOT,18.0,,14.0,no_advantage,CAR 77 (BOT) OFF TRACK AND CONTINUED AT TURN 14
2020,Russian Grand Prix,FP2,HAM,17.0,,13.0,no_advantage,CAR 44 (HAM) OFF TRACK AND CONTINUED AT TURN 13
2020,Russian Grand Prix,FP2,LEC,26.0,,17.0,no_advantage,CAR 16 (LEC) OFF TRACK AND CONTINUED AT TURN 17
2020,Russian Grand Prix,FP3,BOT,1.0,,7.0,no_advantage,CAR 77 (BOT) OFF TRACK AND CONTINUED AT TURN 7
2020,Russian Grand Prix,FP3,LEC,5.0,,2.0,no_advantage,CAR 16 (LEC) OFF TRACK AND CONTINUED AT TURN 2
2020,Russian Grand Prix,FP3,RUS,5.0,,2.0,no_advantage,CAR 63 (RUS) OFF TRACK AND CONTINUED AT TURN 2
2020,Russian Grand Prix,FP3,ALB,9.0,,2.0,no_advantage,CAR 23 (ALB) OFF TRACK AND CONTINUED AT TURN 2
2020,Russian Grand Prix,Q,HAM,1.0,,2.0,no_advantage,CAR 44 (HAM) OFF TRACK AND CONTINUED AT TURN 2
2020,Russian Grand Prix,Q,GRO,1.0,,2.0,no_advantage,CAR 8 (GRO) OFF TRACK AND CONTINUED AT TURN 2
2020,Russian Grand Prix,Q,MAG,1.0,,2.0,no_advantage,CAR 20 (MAG) OFF TRACK AND CONTINUED AT TURN 2
2020,Russian Grand Prix,Q,GAS,1.0,,2.0,no_advantage,CAR 10 (GAS) OFF TRACK AND CONTINUED AT TURN 2
2020,Russian Grand Prix,Q,LAT,1.0,,2.0,no_advantage,CAR 6 (LAT) OFF TRACK AND CONTINUED AT TURN 2
2020,Russian Grand Prix,Q,HAM,7.0,,18.0,no_advantage,CAR 44 (HAM) OFF TRACK AND CONTINUED AT TURN 18
2020,Russian Grand Prix,R,LEC,7.0,,4.0,no_advantage,TURN 4 INCIDENT INVOLVING CARS 16 (LEC) AND 18 (STR) - NO INVESTIGATION NECESSARY
2020,Russian Grand Prix,R,PER,9.0,,2.0,no_advantage,TURN 2 INCIDENT INVOLVING CAR 11 (PER) - NO INVESTIGATION NECESSARY
2020,Russian Grand Prix,R,RIC,24.0,,2.0,no_advantage,CAR 3 (RIC) OFF TRACK AND CONTINUED AT TURN 2
2020,Russian Grand Prix,R,GRO,38.0,,2.0,no_advantage,CAR 8 (GRO) OFF TRACK AND CONTINUED AT TURN 2
2020,Russian Grand Prix,R,ALB,49.0,,2.0,no_advantage,CAR 23 (ALB) OFF TRACK AND CONTINUED AT TURN 2
2020,Styrian Grand Prix,FP2,ALB,19.0,,8.0,no_advantage,CAR 23 (ALB) OFF TRACK AND CONTINUED AT TURN 8
2020,Styrian Grand Prix,R,VET,1.0,,,no_advantage,INCIDENT INVOLVING CARS 5 (VET) AND 16 (LEC) - NO INVESTIGATION NECESSARY
2020,Tuscan Grand Prix,FP2,LEC,3.0,,12.0,no_advantage,CAR 16 (LEC) OFF TRACK AND CONTINUED AT TURN 12
2020,Tuscan Grand Prix,FP2,VET,21.0,,13.0,no_advantage,CAR 5 (VET) OFF TRACK AND CONTINUED AT TURN 13
2020,Tuscan Grand Prix,FP3,GAS,11.0,,11.0,no_advantage,CAR 10 (GAS) OFF TRACK AND CONTINUED AT TURN 11
2020,Tuscan Grand Prix,Q,KVY,10.0,,7.0,no_advantage,CAR 26 (KVY) OFF TRACK AND CONTINUED AT TURN 7
2020,Tuscan Grand Prix,R,SAI,4.0,,2.0,no_advantage,TURN 2 INCIDENT INVOLVING CARS 55 (SAI) AND 18 (STR) - NO INVESTIGATION NECESSARY
2021,Abu Dhabi Grand Prix,FP1,ALO,11.0,,1.0,no_advantage,CAR 14 (ALO) OFF TRACK AND CONTINUED AT TURN 1
2021,Abu Dhabi Grand Prix,FP2,BOT,23.0,,1.0,no_advantage,CAR 77 (BOT) OFF TRACK AND CONTINUED AT TURN 1
2021,Abu Dhabi Grand Prix,FP3,LAT,4.0,,1.0,no_advantage,CAR 6 (LAT) OFF TRACK AND CONTINUED AT TURN 1
2021,Abu Dhabi Grand Prix,FP3,HAM,16.0,,12.0,no_advantage,CAR 44 (HAM) OFF TRACK AND CONTINUED AT TURN 12
2021,Abu Dhabi Grand Prix,FP3,MAZ,15.0,,1.0,no_advantage,CAR 9 (MAZ) OFF TRACK AND CONTINUED AT TURN 1
2021,Abu Dhabi Grand Prix,FP3,RIC,11.0,,1.0,no_advantage,CAR 3 (RIC) OFF TRACK AND CONTINUED AT TURN 1
2021,Abu Dhabi Grand Prix,FP3,HAM,20.0,,1.0,no_advantage,CAR 44 (HAM) OFF TRACK AND CONTINUED AT TURN 1
2021,Abu Dhabi Grand Prix,Q,MSC,1.0,,1.0,no_advantage,CAR 47 (MSC) OFF TRACK AND CONTINUED AT TURN 1
2021,Abu Dhabi Grand Prix,Q,MAZ,1.0,,1.0,no_advantage,CAR 9 (MAZ) OFF TRACK AND CONTINUED AT TURN 1
2021,Abu Dhabi Grand Prix,Q,VET,10.0,,16.0,no_advantage,TURN 16 INCIDENT INVOLVING CARS 5 (VET) AND 55 (SAI) NO INVESTIGATION NECESSARY
2021,Abu Dhabi Grand Prix,Q,TSU,12.0,,1.0,no_advantage,CAR 22 (TSU) OFF TRACK AND CONTINUED AT TURN 1
2021,Abu Dhabi Grand Prix,Q,VET,13.0,,1.0,no_advantage,CAR 5 (VET) OFF TRACK AND CONTINUED AT TURN 1
2021,Abu Dhabi Grand Prix,Q,VER,9.0,,1.0,no_advantage,CAR 33 (VER) OFF TRACK AND CONTINUED AT TURN 1
2021,Abu Dhabi Grand Prix,Q,GAS,13.0,,1.0,no_advantage,CAR 10 (GAS) OFF TRACK AND CONTINUED AT TURN 1
2021,Abu Dhabi Grand Prix,R,VER,1.0,,7.0,no_advantage,TURN 7 INCIDENT INVOLVING CARS 33 (VER) AND 44 (HAM) NO INVESTIGATION NECESSARY
2021,Abu Dhabi Grand Prix,R,LEC,13.0,,4.0,no_advantage,CAR 16 (LEC) OFF TRACK AND CONTINUED AT TURN 4
2021,Abu Dhabi Grand Prix,R,TSU,38.0,,,no_advantage, INCIDENT INVOLVING CARS 22 (TSU) AND 14 (ALO) NO INVESTIGATION NECESSARY
2021,Austrian Grand Prix,FP1,TSU,3.0,,5.0,no_advantage,CAR 22 (TSU) OFF TRACK AND CONTINUED AT TURN 5
2021,Austrian Grand Prix,FP1,STR,6.0,,7.0,no_advantage,CAR 18 (STR) OFF TRACK AND CONTINUED AT TURN 7
2021,Austrian Grand Prix,FP2,LEC,7.0,,9.0,no_advantage,CAR 16 (LEC) OFF TRACK AND CONTINUED AT TURN 9
2021,Austrian Grand Prix,FP2,HAM,21.0,,4.0,no_advantage,CAR 44 (HAM) OFF TRACK AND CONTINUED AT TURN 4
2021,Austrian Grand Prix,FP3,MAZ,18.0,,7.0,no_advantage,CAR 9 (MAZ) OFF TRACK AND CONTINUED AT TURN 7
2021,Austrian Grand Prix,FP3,BOT,14.0,,1.0,no_advantage,CAR 77 (BOT) OFF TRACK AND CONTINUED AT TURN 1
2021,Austrian Grand Prix,R,OCO,1.0,,3.0,no_advantage,TURN 3 INCIDENT INVOLVING CAR 31 (OCO) NO INVESTIGATION NECESSARY
2021,Azerbaijan Grand Prix,FP1,HAM,12.0,,15.0,no_advantage,CAR 44 (HAM) OFF TRACK AND CONTINUED AT TURN 15
2021,Azerbaijan Grand Prix,FP1,TSU,15.0,,15.0,no_advantage,CAR 22 (TSU) OFF TRACK AND CONTINUED AT TURN 15
2021,Azerbaijan Grand Prix,FP1,GAS,15.0,,15.0,no_advantage,CAR 10 (GAS) OFF TRACK AND CONTINUED AT TURN 15
2021,Azerbaijan Grand Prix,FP1,SAI,17.0,,15.0,no_advantage,CAR 55 (SAI) OFF TRACK AND CONTINUED AT TURN 15
2021,Azerbaijan Grand Prix,FP1,MSC,19.0,,4.0,no_advantage,CAR 47 (MSC) OFF TRACK AND CONTINUED AT TURN 4
2021,Azerbaijan Grand Prix,FP1,BOT,19.0,,2.0,no_advantage,CAR 77 (BOT) OFF TRACK AND CONTINUED AT TURN 2
2021,Azerbaijan Grand Prix,FP1,NOR,18.0,,2.0,no_advantage,CAR 4 (NOR) OFF TRACK AND CONTINUED AT TURN 2
2021,Azerbaijan Grand Prix,FP2,BOT,1.0,,1.0,no_advantage,CAR 77 (BOT) OFF TRACK AND CONTINUED AT TURN 1
2021,Azerbaijan Grand Prix,FP2,NOR,1.0,,15.0,no_advantage,CAR 4 (NOR) OFF TRACK AND CONTINUED AT TURN 15
2021,Azerbaijan Grand Prix,FP2,LAT,3.0,,2.0,no_advantage,CAR 6 (LAT) OFF TRACK AND CONTINUED AT TURN 2
2021,Azerbaijan Grand Prix,FP2,MAZ,3.0,,1.0,no_advantage,CAR 9 (MAZ) OFF TRACK AND CONTINUED AT TURN 1
2021,Azerbaijan Grand Prix,FP2,LAT,4.0,,15.0,no_advantage,CAR 6 (LAT) OFF TRACK AND CONTINUED AT TURN 15
2021,Azerbaijan Grand Prix,FP2,TSU,6.0,,2.0,no_advantage,CAR 22 (TSU) OFF TRACK AND CONTINUED AT TURN 2
2021,Azerbaijan Grand Prix,FP2,GAS,12.0,,15.0,no_advantage,CAR 10 (GAS) OFF TRACK AND CONTINUED AT TURN 15
2021,Azerbaijan Grand Prix,FP2,VET,10.0,,2.0,no_advantage,CAR 5 (VET) OFF TRACK AND CONTINUED AT TURN 2
2021,Azerbaijan Grand Prix,FP3,BOT,1.0,,3.0,no_advantage,CAR 77 (BOT) OFF TRACK AND CONTINUED AT TURN 3
2021,Azerbaijan Grand Prix,FP3,VER,,,4.0,no_advantage,CAR 33 (VER) OFF TRACK AND CONTINUED AT TURN 4
2021,Azerbaijan Grand Prix,FP3,RAI,5.0,,1.0,no_advantage,CAR 7 (RAI) OFF TRACK AND CONTINUED AT TURN 1
2021,Azerbaijan Grand Prix,FP3,LAT,10.0,,3.0,no_advantage,CAR 6 (LAT) OFF TRACK AND CONTINUED AT TURN 3
2021,Azerbaijan Grand Prix,FP3,SAI,8.0,,15.0,no_advantage,CAR 55 (SAI) OFF TRACK AND CONTINUED AT TURN 15
2021,Azerbaijan Grand Prix,FP3,MSC,12.0,,15.0,no_advantage,CAR 47 (MSC) OFF TRACK AND CONTINUED AT TURN 15
2021,Azerbaijan Grand Prix,FP3,VET,8.0,,15.0,no_advantage,CAR 5 (VET) OFF TRACK AND CONTINUED AT TURN 15
2021,Azerbaijan Grand Prix,Q,MAZ,8.0,,3.0,no_advantage,CAR 9 (MAZ) OFF TRACK AND CONTINUED AT TURN 3
2021,Azerbaijan Grand Prix,R,SAI,10.0,,8.0,no_advantage,CAR 55 (SAI) OFF TRACK AND CONTINUED AT TURN 8
2021,Azerbaijan Grand Prix,R,BOT,22.0,,16.0,no_advantage,CAR 77 (BOT) OFF TRACK AND CONTINUED AT TURN 16
2021,Azerbaijan Grand Prix,R,MAZ,23.0,,4.0,no_advantage,CAR 9 (MAZ) OFF TRACK AND CONTINUED AT TURN 4
2021,Bahrain Grand Prix,FP2,RAI,5.0,,3.0,no_advantage,CAR 7 (RAI) OFF TRACK AND CONTINUED AT TURN 3
2021,Bahrain Grand Prix,R,GAS,6.0,,4.0,no_advantage,TURN 4 INCIDENT INVOLVING CAR 10 (GAS) - NO INVESTIGATION NECESSARY
2021,Bahrain Grand Prix,R,NOR,9.0,,4.0,no_advantage,TURN 4 INCIDENT INVOLVING CARS 4 (NOR) AND 16 (LEC) NOTED - NO INVESTIGATION NECESSARY
2021,Belgian Grand Prix,FP2,GAS,2.0,,5.0,no_advantage,CAR 10 (GAS) OFF TRACK AND CONTINUED AT TURN 5
2021,Belgian Grand Prix,FP3,RUS,1.0,,18.0,no_advantage,CAR 63 (RUS) OFF TRACK AND CONTINUED AT TURN 18
2021,Belgian Grand Prix,FP3,SAI,1.0,,5.0,no_advantage,CAR 55 (SAI) OFF TRACK AND CONTINUED AT TURN 5
2021,Belgian Grand Prix,FP3,HAM,1.0,,5.0,no_advantage,CAR 44 (HAM) OFF TRACK AND CONTINUED AT TURN 5
2021,Belgian Grand Prix,FP3,OCO,2.0,,5.0,no_advantage,CAR 31 (OCO) OFF TRACK AND CONTINUED AT TURN 5
2021,Belgian Grand Prix,FP3,ALO,8.0,,5.0,no_advantage,CAR 14 (ALO) OFF TRACK AND CONTINUED AT TURN 5
2021,Belgian Grand Prix,FP3,MAZ,14.0,,5.0,no_advantage,CAR 9 (MAZ) OFF TRACK AND CONTINUED AT TURN 5
2021,British Grand Prix,S,SAI,1.0,,7.0,no_advantage,CAR 55 (SAI) OFF TRACK AND CONTINUED AT TURN 7
2021,British Grand Prix,S,MAZ,2.0,,3.0,no_advantage,TURN 3 INCIDENT INVOLVING CARS 9 (MAZ) AND 47 (MSC) NOTED - NO INVESTIGATION NECESSARY
2021,British Grand Prix,SQ,SAI,1.0,,7.0,no_advantage,CAR 55 (SAI) OFF TRACK AND CONTINUED AT TURN 7
2021,British Grand Prix,SQ,MAZ,2.0,,3.0,no_advantage,TURN 3 INCIDENT INVOLVING CARS 9 (MAZ) AND 47 (MSC) NOTED - NO INVESTIGATION NECESSARY
2021,Dutch Grand Prix,FP1,OCO,1.0,,11.0,no_advantage,CAR 31 (OCO) OFF TRACK AND CONTINUED AT TURN 11
2021,Dutch Grand Prix,FP1,NOR,16.0,,13.0,no_advantage,CAR 4 (NOR) OFF TRACK AND CONTINUED AT TURN 13
2021,Dutch Grand Prix,FP3,VET,1.0,,10.0,no_advantage,CAR 5 (VET) OFF TRACK AND CONTINUED AT TURN 10
2021,Dutch Grand Prix,FP3,NOR,14.0,,9.0,no_advantage,CAR 4 (NOR) OFF TRACK AND CONTINUED AT TURN 9
2021,Emilia Romagna Grand Prix,FP1,TSU,1.0,,4.0,no_advantage,CAR 22 (TSU) OFF TRACK AND CONTINUED AT TURN 4
2021,Emilia Romagna Grand Prix,FP1,HAM,16.0,,15.0,no_advantage,CAR 44 (HAM) OFF TRACK AND CONTINUED AT TURN 15
2021,Emilia Romagna Grand Prix,FP1,LAT,18.0,,18.0,no_advantage,CAR 6 (LAT) OFF TRACK AND CONTINUED AT TURN 18
2021,Emilia Romagna Grand Prix,Q,NOR,6.0,,3.0,no_advantage,TURN 3 INCIDENT INVOLVING CARS 4 (NOR) AND 33 (VER) NOTED - NO INVESTIGATION NECESSARY
2021,Emilia Romagna Grand Prix,Q,NOR,9.0,,15.0,no_advantage,TURN 15 INCIDENT INVOLVING CARS 4 (NOR) AND 11 (PER) NOTED - NO INVESTIGATION NECESSARY
2021,Emilia Romagna Grand Prix,R,VER,9.0,,2.0,no_advantage,LAP 1 - TURN 2 INCIDENT INVOLVING CARS 33 (VER) AND 44 (HAM) - NO INVESTIGATION NECESSARY
2021,Emilia Romagna Grand Prix,R,LAT,1.0,,14.0,no_advantage,LAP 1 - TURN 14 INCIDENT INVOLVING CARS 6 (LAT) AND 9 (MAZ) - NO INVESTIGATION NECESSARY
2021,Emilia Romagna Grand Prix,R,SAI,12.0,,7.0,no_advantage,CAR 55 (SAI) OFF TRACK AND CONTINUED AT TURN 7
2021,French Grand Prix,FP1,MSC,,,3.0,no_advantage,CAR 47 (MSC) OFF TRACK AND CONTINUED AT TURN 3
2021,French Grand Prix,FP1,RAI,3.0,,2.0,no_advantage,CAR 7 (RAI) OFF TRACK AND CONTINUED AT TURN 2
2021,French Grand Prix,FP1,SAI,5.0,,4.0,no_advantage,CAR 55 (SAI) OFF TRACK AND CONTINUED AT TURN 4
2021,French Grand Prix,FP1,GAS,5.0,,2.0,no_advantage,CAR 10 (GAS) OFF TRACK AND CONTINUED AT TURN 2
2021,French Grand Prix,FP1,RAI,14.0,,6.0,no_advantage,CAR 7 (RAI) OFF TRACK AND CONTINUED AT TURN 6
2021,French Grand Prix,FP1,NIS,12.0,,7.0,no_advantage,CAR 45 (NIS) OFF TRACK AND CONTINUED AT TURN 7
2021,French Grand Prix,FP1,SAI,20.0,,11.0,no_advantage,CAR 55 (SAI) OFF TRACK AND CONTINUED AT TURN 11
2021,French Grand Prix,FP2,TSU,1.0,,6.0,no_advantage,CAR 22 (TSU) OFF TRACK AND CONTINUED AT TURN 6
2021,French Grand Prix,FP2,NOR,1.0,,6.0,no_advantage,CAR 4 (NOR) OFF TRACK AND CONTINUED AT TURN 6
2021,French Grand Prix,FP2,SAI,1.0,,6.0,no_advantage,CAR 55 (SAI) OFF TRACK AND CONTINUED AT TURN 6
2021,French Grand Prix,FP2,MSC,4.0,,2.0,no_advantage,CAR 47 (MSC) OFF TRACK AND CONTINUED AT TURN 2
2021,French Grand Prix,FP2,LEC,8.0,,6.0,no_advantage,CAR 16 (LEC) OFF TRACK AND CONTINUED AT TURN 6
2021,French Grand Prix,FP2,MAZ,13.0,,7.0,no_advantage,CAR 9 (MAZ) OFF TRACK AND CONTINUED AT TURN 7
2021,French Grand Prix,FP2,VER,17.0,,6.0,no_advantage,CAR 33 (VER) OFF TRACK AND CONTINUED AT TURN 6
2021,French Grand Prix,FP3,GIO,7.0,,2.0,no_advantage,CAR 99 (GIO) OFF TRACK AND CONTINUED AT TURN 2
2021,French Grand Prix,FP3,MAZ,6.0,,2.0,no_advantage,CAR 9 (MAZ) OFF TRACK AND CONTINUED AT TURN 2
2021,French Grand Prix,FP3,BOT,7.0,,2.0,no_advantage,CAR 77 (BOT) OFF TRACK AND CONTINUED AT TURN 2
2021,French Grand Prix,FP3,SAI,9.0,,2.0,no_advantage,CAR 55 (SAI) OFF TRACK AND CONTINUED AT TURN 2
2021,French Grand Prix,Q,MAZ,4.0,,2.0,no_advantage,CAR 9 (MAZ) OFF TRACK AND CONTINUED AT TURN 2
2021,French Grand Prix,Q,VET,5.0,,2.0,no_advantage,CAR 5 (VET) OFF TRACK AND CONTINUED AT TURN 2
2021,French Grand Prix,Q,SAI,8.0,,2.0,no_advantage,CAR 55 (SAI) OFF TRACK AND CONTINUED AT TURN 2
2021,French Grand Prix,Q,VER,11.0,,2.0,no_advantage,CAR 33 (VER) OFF TRACK AND CONTINUED AT TURN 2
2021,French Grand Prix,R,VER,,,2.0,no_advantage,TURN 2 INCIDENT INVOLVING CAR 33 (VER) NOTED - NO INVESTIGATION NECESSARY
2021,French Grand Prix,R,NOR,30.0,,11.0,no_advantage,TURN 11 INCIDENT INVOLVING CARS 4 (NOR) AND 10 (GAS) - NO INVESTIGATION NECESSARY
2021,Hungarian Grand Prix,R,RUS,5.0,,,no_advantage,PIT LANE INCIDENT INVOLVING CAR 63 (RUS) NOTED - NO INVESTIGATION NECESSARY
2021,Hungarian Grand Prix,R,TSU,10.0,,,no_advantage,PIT LANE INCIDENT INVOLVING CARS 22 (TSU) AND 55 (SAI) NO INVESTIGATION NECESSARY - UNSAFE RELEASE
2021,Hungarian Grand Prix,R,VER,14.0,,1.0,no_advantage,TURN 1 INCIDENT INVOLVING CARS 33 (VER) AND 47 (MSC) NO INVESTIGATION NECESSARY
2021,Italian Grand Prix,Q,LEC,6.0,,,no_advantage,PIT LANE INCIDENT INVOLVING CARS 16 (LEC) AND 9 (MAZ) NO INVESTIGATION NECESSARY
2021,Italian Grand Prix,R,HAM,4.0,,4.0,no_advantage,TURN 4 INCIDENT INVOLVING CARS 44 (HAM) AND 33 (VER) - NO INVESTIGATION NECESSARY
2021,Italian Grand Prix,R,ALO,7.0,,5.0,no_advantage,TURN 5 INCIDENT INVOLVING CARS 14 (ALO) 31 AND 6 (LAT) NO INVESTIGATION NECESSARY
2021,Italian Grand Prix,R,VER,22.0,,2.0,no_advantage,TURN 2 INCIDENT INVOLVING CAR 33 (VER) - NO INVESTIGATION NECESSARY
2021,Italian Grand Prix,S,GAS,1.0,,1.0,no_advantage,TURN 1 INCIDENT INVOLVING CAR 10 (GAS) NO INVESTIGATION NECESSARY 
2021,Italian Grand Prix,S,TSU,3.0,,5.0,no_advantage,TURN 5 INCIDENT INVOLVING CAR 22 (TSU) NO INVESTIGATION NECESSARY
2021,Italian Grand Prix,SQ,GAS,1.0,,1.0,no_advantage,TURN 1 INCIDENT INVOLVING CAR 10 (GAS) NO INVESTIGATION NECESSARY 
2021,Italian Grand Prix,SQ,TSU,3.0,,5.0,no_advantage,TURN 5 INCIDENT INVOLVING CAR 22 (TSU) NO INVESTIGATION NECESSARY
2021,Mexico City Grand Prix,FP1,BOT,9.0,,12.0,no_advantage,CAR 77 (BOT) OFF TRACK AND CONTINUED AT TURN 12
2021,Mexico City Grand Prix,FP1,ALO,14.0,,12.0,no_advantage,CAR 14 (ALO) OFF TRACK AND CONTINUED AT TURN 12
2021,Mexico City Grand Prix,FP1,OCO,10.0,,4.0,no_advantage,CAR 31 (OCO) OFF TRACK AND CONTINUED AT TURN 4
2021,Mexico City Grand Prix,FP1,STR,13.0,,12.0,no_advantage,CAR 18 (STR) OFF TRACK AND CONTINUED AT TURN 12
2021,Mexico City Grand Prix,FP1,BOT,17.0,,13.0,no_advantage,CAR 77 (BOT) OFF TRACK AND CONTINUED AT TURN 13
2021,Mexico City Grand Prix,FP1,MAZ,14.0,,11.0,no_advantage,CAR 9 (MAZ) OFF TRACK AND CONTINUED AT TURN 11
2021,Mexico City Grand Prix,FP1,PER,13.0,,12.0,no_advantage,CAR 11 (PER) OFF TRACK AND CONTINUED AT TURN 12
2021,Mexico City Grand Prix,FP1,NOR,21.0,,4.0,no_advantage,CAR 4 (NOR) OFF TRACK AND CONTINUED AT TURN 4
2021,Mexico City Grand Prix,FP1,LEC,17.0,,12.0,no_advantage,CAR 16 (LEC) OFF TRACK AND CONTINUED AT TURN 12
2021,Mexico City Grand Prix,FP2,STR,2.0,,12.0,no_advantage,CAR 18 (STR) OFF TRACK AND CONTINUED AT TURN 12
2021,Mexico City Grand Prix,FP2,BOT,5.0,,1.0,no_advantage,CAR 77 (BOT) OFF TRACK AND CONTINUED AT TURN 1
2021,Mexico City Grand Prix,FP2,HAM,6.0,,1.0,no_advantage,CAR 44 (HAM) OFF TRACK AND CONTINUED AT TURN 1
2021,Mexico City Grand Prix,FP2,MAZ,12.0,,12.0,no_advantage,CAR 9 (MAZ) OFF TRACK AND CONTINUED AT TURN 12
2021,Mexico City Grand Prix,FP2,MSC,17.0,,12.0,no_advantage,CAR 47 (MSC) OFF TRACK AND CONTINUED AT TURN 12
2021,Mexico City Grand Prix,FP2,LAT,10.0,,16.0,no_advantage,CAR 6 (LAT) OFF TRACK AND CONTINUED AT TURN 16
2021,Mexico City Grand Prix,FP2,VET,24.0,,12.0,no_advantage,CAR 5 (VET) OFF TRACK AND CONTINUED AT TURN 12
2021,Mexico City Grand Prix,FP3,LEC,2.0,,8.0,no_advantage,CAR 16 (LEC) OFF TRACK AND CONTINUED AT TURN 8
2021,Mexico City Grand Prix,FP3,MAZ,2.0,,8.0,no_advantage,CAR 9 (MAZ) OFF TRACK AND CONTINUED AT TURN 8
2021,Mexico City Grand Prix,FP3,GAS,4.0,,12.0,no_advantage,CAR 10 (GAS) OFF TRACK AND CONTINUED AT TURN 12
2021,Mexico City Grand Prix,FP3,STR,10.0,,12.0,no_advantage,CAR 18 (STR) OFF TRACK AND CONTINUED AT TURN 12
2021,Mexico City Grand Prix,FP3,VET,7.0,,12.0,no_advantage,CORRECTION - CAR 5 (VET) OFF TRACK AND CONTINUED AT TURN 12
2021,Mexico City Grand Prix,FP3,ALO,10.0,,12.0,no_advantage,CAR 14 (ALO) OFF TRACK AND CONTINUED AT TURN 12
2021,Mexico City Grand Prix,FP3,VET,16.0,,12.0,no_advantage,CAR 5 (VET) OFF TRACK AND CONTINUED AT TURN 12
2021,Mexico City Grand Prix,Q,SAI,5.0,,12.0,no_advantage,CAR 55 (SAI) OFF TRACK AND CONTINUED AT TURN 12
2021,Mexico City Grand Prix,Q,GIO,12.0,,7.0,no_advantage,CAR 99 (GIO) OFF TRACK AND CONTINUED AT TURN 7
2021,Mexico City Grand Prix,Q,NOR,17.0,,1.0,no_advantage,CAR 4 (NOR) OFF TRACK AND CONTINUED AT TURN 1
2021,Monaco Grand Prix,FP1,RAI,14.0,,1.0,no_advantage,CAR 7 (RAI) OFF TRACK AND CONTINUED AT TURN 1
2021,Monaco Grand Prix,FP1,ALO,19.0,,1.0,no_advantage,CAR 14 (ALO) OFF TRACK AND CONTINUED AT TURN 1
2021,Monaco Grand Prix,FP3,LEC,19.0,,1.0,no_advantage,CAR 16 (LEC) OFF TRACK AND CONTINUED AT TURN 1
2021,Monaco Grand Prix,FP3,BOT,13.0,,1.0,no_advantage,CAR 77 (BOT) OFF TRACK AND CONTINUED AT TURN 1
2021,Monaco Grand Prix,Q,RAI,5.0,,1.0,no_advantage,CAR 7 (RAI) OFF TRACK AND CONTINUED AT TURN 1
2021,Portuguese Grand Prix,R,RAI,2.0,,,no_advantage,MAIN STRAIGHT INCIDENT INVOLVING CARS 7 (RAI) AND 99 (GIO) NOTED - NO INVESTIGATION NECESSARY
2021,Pre-Season Test,FP1,MAZ,10.0,,19.0,no_advantage,CAR 9 (MAZ) OFF TRACK AND CONTINUED AT TURN 19
2021,Pre-Season Test,FP2,VER,3.0,,20.0,no_advantage,CAR 33 (VER) OFF TRACK AND CONTINUED AT TURN 20
2021,Pre-Season Test,FP2,MSC,3.0,,1.0,no_advantage,CAR 47 (MSC) OFF TRACK AND CONTINUED AT TURN 1
2021,Pre-Season Test,FP2,OCO,5.0,,1.0,no_advantage,CAR 31 (OCO) OFF TRACK AND CONTINUED AT TURN 1
2021,Pre-Season Test,FP2,NOR,4.0,,11.0,no_advantage,CAR 4 (NOR) OFF TRACK AND CONTINUED AT TURN 11
2021,Pre-Season Test,Q,MAZ,8.0,,3.0,no_advantage,TURN 3-5 INCIDENT INVOLVING CARS 9 (MAZ) AND 5 (VET) - NO INVESTIGATION NECESSARY
2021,Pre-Season Test,Q,MAZ,8.0,,15.0,no_advantage,TURN 15 INCIDENT INVOLVING CARS 9 (MAZ) AND 18 (STR) NO INVESTIGATION NECESSARY
2021,Qatar Grand Prix,FP1,MSC,20.0,,7.0,no_advantage,CAR 47 (MSC) OFF TRACK AND CONTINUED AT TURN 7
2021,Qatar Grand Prix,FP2,GAS,9.0,,16.0,no_advantage,CAR 10 (GAS) OFF TRACK AND CONTINUED AT TURN 16
2021,Qatar Grand Prix,FP3,PER,2.0,,15.0,no_advantage,CAR 11 (PER) OFF TRACK AND CONTINUED AT TURN 15
2021,Qatar Grand Prix,FP3,NOR,8.0,,15.0,no_advantage,CAR 4 (NOR) OFF TRACK AND CONTINUED AT TURN 15
2021,Qatar Grand Prix,FP3,LEC,16.0,,16.0,no_advantage,CAR 16 (LEC) OFF TRACK AND CONTINUED AT TURN 16
2021,Qatar Grand Prix,Q,TSU,2.0,,1.0,no_advantage,CAR 22 (TSU) OFF TRACK AND CONTINUED AT TURN 1
2021,Qatar Grand Prix,R,STR,7.0,,15.0,no_advantage,CAR 18 (STR) OFF TRACK AND CONTINUED AT TURN 15
2021,Qatar Grand Prix,R,BOT,32.0,,7.0,no_advantage,CAR 77 (BOT) OFF TRACK AND CONTINUED AT TURN 7
2021,Russian Grand Prix,FP1,RAI,2.0,,13.0,no_advantage,CAR 7 (RAI) OFF TRACK AND CONTINUED AT TURN 13
2021,Russian Grand Prix,FP1,MAZ,2.0,,4.0,no_advantage,CAR 9 (MAZ) OFF TRACK AND CONTINUED AT TURN 4
2021,Russian Grand Prix,FP1,NOR,16.0,,10.0,no_advantage,CAR 4 (NOR) OFF TRACK AND CONTINUED AT TURN 10
2021,Russian Grand Prix,FP1,GIO,21.0,,13.0,no_advantage,CAR 99 (GIO) OFF TRACK AND CONTINUED AT TURN 13
2021,Russian Grand Prix,FP2,PER,6.0,,14.0,no_advantage,CAR 11 (PER) OFF TRACK AND CONTINUED AT TURN 14
2021,Russian Grand Prix,FP2,HAM,14.0,,7.0,no_advantage,CAR 44 (HAM) OFF TRACK AND CONTINUED AT TURN 7
2021,Russian Grand Prix,FP2,VET,17.0,,7.0,no_advantage,CAR 5 (VET) OFF TRACK AND CONTINUED AT TURN 7
2021,Russian Grand Prix,Q,BOT,4.0,,10.0,no_advantage,CAR 77 (BOT) OFF TRACK AND CONTINUED AT TURN 10
2021,Russian Grand Prix,Q,STR,5.0,,10.0,no_advantage,CORRECTION - CAR 18 (STR) OFF TRACK AND CONTINUED AT TURN 10
2021,Russian Grand Prix,Q,LAT,10.0,,13.0,no_advantage,CAR 6 (LAT) OFF TRACK AND CONTINUED AT TURN 13
2021,Russian Grand Prix,Q,TSU,14.0,,4.0,no_advantage,CAR 22 (TSU) OFF TRACK AND CONTINUED AT TURN 4
2021,Russian Grand Prix,Q,VET,18.0,,7.0,no_advantage,TURN 7-9 INCIDENT INVOLVING CARS 5 (VET) AND 22 (TSU) NO INVESTIGATION NECESSARY
2021,Russian Grand Prix,Q,PER,21.0,,5.0,no_advantage,CAR 11 (PER) OFF TRACK AND CONTINUED AT TURN 5
2021,Russian Grand Prix,Q,PER,24.0,,15.0,no_advantage,TURN 15-16 INCIDENT INVOLVING CARS 11 (PER) AND 18 (STR) NO INVESTIGATION NECESSARY 
2021,Saudi Arabian Grand Prix,FP1,VER,18.0,,11.0,no_advantage,CAR 33 (VER) OFF TRACK AND CONTINUED AT TURN 11
2021,Saudi Arabian Grand Prix,FP2,PER,1.0,,4.0,no_advantage,CAR 11 (PER) OFF TRACK AND CONTINUED AT TURN 4
2021,Saudi Arabian Grand Prix,FP2,VER,1.0,,8.0,no_advantage,CAR 33 (VER) OFF TRACK AND CONTINUED AT TURN 8
2021,Saudi Arabian Grand Prix,FP2,PER,4.0,,2.0,no_advantage,CAR 11 (PER) OFF TRACK AND CONTINUED AT TURN 2
2021,Saudi Arabian Grand Prix,FP2,GAS,5.0,,2.0,no_advantage,CAR 10 (GAS) OFF TRACK AND CONTINUED AT TURN 2
2021,Saudi Arabian Grand Prix,FP2,GAS,10.0,,8.0,no_advantage,CAR 10 (GAS) OFF TRACK AND CONTINUED AT TURN 8
2021,Saudi Arabian Grand Prix,FP2,LEC,14.0,,8.0,no_advantage,CAR 16 (LEC) OFF TRACK AND CONTINUED AT TURN 8
2021,Saudi Arabian Grand Prix,FP2,ALO,14.0,,5.0,no_advantage,CAR 14 (ALO) OFF TRACK AND CONTINUED AT TURN 5
2021,Saudi Arabian Grand Prix,FP2,MSC,13.0,,23.0,no_advantage,CAR 47 (MSC) OFF TRACK AND CONTINUED AT TURN 23
2021,Saudi Arabian Grand Prix,FP2,VET,19.0,,11.0,no_advantage,CAR 5 (VET) OFF TRACK AND CONTINUED AT TURN 11
2021,Saudi Arabian Grand Prix,FP3,HAM,4.0,,1.0,no_advantage,CAR 44 (HAM) OFF TRACK AND CONTINUED AT TURN 1
2021,Saudi Arabian Grand Prix,Q,BOT,17.0,,17.0,no_advantage,TURN 17 INCIDENT INVOLVING CARS 77 (BOT) AND 7 (RAI) NO INVESTIGATION NECESSARY 
2021,Saudi Arabian Grand Prix,R,STR,3.0,,7.0,no_advantage,TURN 7 INCIDENT INVOLVING CARS 18 (STR) AND 63 (RUS) NO INVESTIGATION NECESSARY
2021,Saudi Arabian Grand Prix,R,OCO,6.0,,,no_advantage,START INCIDENT INVOLVING CARS 31 (OCO) AND 22 (TSU) NO INVESTIGATION NECESSARY
2021,Saudi Arabian Grand Prix,R,VET,42.0,,4.0,no_advantage,TURN 4 INCIDENT INVOLVING CARS 5 (VET) AND 7 (RAI) NO INVESTIGATION NECESSARY
2021,Spanish Grand Prix,FP1,MAZ,1.0,,7.0,no_advantage,CAR 9 (MAZ) OFF TRACK AND CONTINUED AT TURN 7
2021,Spanish Grand Prix,FP1,HAM,8.0,,2.0,no_advantage,CAR 44 (HAM) OFF TRACK AND CONTINUED AT TURN 2
2021,Spanish Grand Prix,FP1,SAI,14.0,,2.0,no_advantage,CAR 55 (SAI) OFF TRACK AND CONTINUED AT TURN 2
2021,Spanish Grand Prix,FP1,LEC,15.0,,2.0,no_advantage,CAR 16 (LEC) OFF TRACK AND CONTINUED AT TURN 2
2021,Spanish Grand Prix,FP1,SAI,16.0,,13.0,no_advantage,CAR 55 (SAI) OFF TRACK AND CONTINUED AT TURN 13
2021,Spanish Grand Prix,FP2,LEC,5.0,,2.0,no_advantage,CAR 16 (LEC) OFF TRACK AND CONTINUED AT TURN 2
2021,Spanish Grand Prix,FP3,RIC,5.0,,13.0,no_advantage,CAR 3 (RIC) OFF TRACK AND CONTINUED AT TURN 13
2021,Spanish Grand Prix,FP3,RAI,12.0,,13.0,no_advantage,CAR 7 (RAI) OFF TRACK AND CONTINUED AT TURN 13
2021,Spanish Grand Prix,FP3,NOR,11.0,,10.0,no_advantage,CAR 4 (NOR) OFF TRACK AND CONTINUED AT TURN 10
2021,Spanish Grand Prix,Q,STR,3.0,,13.0,no_advantage,CAR 18 (STR) OFF TRACK AND CONTINUED AT TURN 13
2021,São Paulo Grand Prix,FP1,LEC,18.0,,4.0,no_advantage,CAR 16 (LEC) OFF TRACK AND CONTINUED AT TURN 4
2021,São Paulo Grand Prix,FP1,RUS,18.0,,4.0,no_advantage,CAR 63 (RUS) OFF TRACK AND CONTINUED AT TURN 4
2021,São Paulo Grand Prix,FP1,BOT,28.0,,5.0,no_advantage,CAR 77 (BOT) OFF TRACK AND CONTINUED AT TURN 5
2021,São Paulo Grand Prix,S,RAI,3.0,,1.0,no_advantage,TURN 1 INCIDENT INVOLVING CARS 7 (RAI) AND 99 (GIO) NO INVESTIGATION NECESSARY
2021,São Paulo Grand Prix,SQ,RAI,3.0,,1.0,no_advantage,TURN 1 INCIDENT INVOLVING CARS 7 (RAI) AND 99 (GIO) NO INVESTIGATION NECESSARY
2021,Turkish Grand Prix,FP2,MSC,4.0,,1.0,no_advantage,CAR 47 (MSC) OFF TRACK AND CONTINUED AT TURN 1
2021,Turkish Grand Prix,FP2,MAZ,5.0,,1.0,no_advantage,CAR 9 (MAZ) OFF TRACK AND CONTINUED AT TURN 1
2021,Turkish Grand Prix,FP2,SAI,6.0,,1.0,no_advantage,CAR 55 (SAI) OFF TRACK AND CONTINUED AT TURN 1
2021,Turkish Grand Prix,FP2,NOR,8.0,,10.0,no_advantage,CAR 4 (NOR) OFF TRACK AND CONTINUED AT TURN 10
2021,Turkish Grand Prix,FP2,TSU,15.0,,9.0,no_advantage,CAR 22 (TSU) OFF TRACK AND CONTINUED AT TURN 9
2021,Turkish Grand Prix,FP2,BOT,16.0,,1.0,no_advantage,CAR 77 (BOT) OFF TRACK AND CONTINUED AT TURN 1
2021,Turkish Grand Prix,FP2,VER,15.0,,7.0,no_advantage,CAR 33 (VER) OFF TRACK AND CONTINUED AT TURN 7
2021,Turkish Grand Prix,FP3,GAS,3.0,,11.0,no_advantage,CAR 10 (GAS) OFF TRACK AND CONTINUED AT TURN 11
2021,Turkish Grand Prix,FP3,ALO,11.0,,1.0,no_advantage,CAR 14 (ALO) OFF TRACK AND CONTINUED AT TURN 1
2021,Turkish Grand Prix,FP3,SAI,14.0,,8.0,no_advantage,CAR 55 (SAI) OFF TRACK AND CONTINUED AT TURN 8
2021,Turkish Grand Prix,FP3,GIO,18.0,,1.0,no_advantage,CAR 99 (GIO) OFF TRACK AND CONTINUED AT TURN 1
2021,Turkish Grand Prix,Q,SAI,1.0,,1.0,no_advantage,CAR 55 (SAI) OFF TRACK AND CONTINUED AT TURN 1
2021,Turkish Grand Prix,Q,TSU,4.0,,1.0,no_advantage,CAR 22 (TSU) OFF TRACK AND CONTINUED AT TURN 1
2021,Turkish Grand Prix,Q,MAZ,7.0,,1.0,no_advantage,CAR 9 (MAZ) OFF TRACK AND CONTINUED AT TURN 1
2021,Turkish Grand Prix,Q,LEC,17.0,,14.0,no_advantage,CAR 16 (LEC) OFF TRACK AND CONTINUED AT TURN 14
2021,Turkish Grand Prix,Q,STR,16.0,,1.0,no_advantage,CAR 18 (STR) OFF TRACK AND CONTINUED AT TURN 1
2021,Turkish Grand Prix,R,LAT,,,9.0,no_advantage,CAR 6 (LAT) OFF TRACK AND CONTINUED AT TURN 9
2021,Turkish Grand Prix,R,SAI,14.0,,12.0,no_advantage,TURN 12 INCIDENT INVOLVING CARS 55 (SAI) AND 5 (VET) - NO INVESTIGATION NECESSARY
2021,Turkish Grand Prix,R,VET,36.0,,7.0,no_advantage,CAR 5 (VET) OFF TRACK AND CONTINUED AT TURN 7
2021,United States Grand Prix,FP1,MAZ,10.0,,19.0,no_advantage,CAR 9 (MAZ) OFF TRACK AND CONTINUED AT TURN 19
2021,United States Grand Prix,FP2,VER,3.0,,20.0,no_advantage,CAR 33 (VER) OFF TRACK AND CONTINUED AT TURN 20
2021,United States Grand Prix,FP2,MSC,3.0,,1.0,no_advantage,CAR 47 (MSC) OFF TRACK AND CONTINUED AT TURN 1
2021,United States Grand Prix,FP2,OCO,5.0,,1.0,no_advantage,CAR 31 (OCO) OFF TRACK AND CONTINUED AT TURN 1
2021,United States Grand Prix,FP2,NOR,4.0,,11.0,no_advantage,CAR 4 (NOR) OFF TRACK AND CONTINUED AT TURN 11
2021,United States Grand Prix,Q,MAZ,8.0,,3.0,no_advantage,TURN 3-5 INCIDENT INVOLVING CARS 9 (MAZ) AND 5 (VET) - NO INVESTIGATION NECESSARY
2021,United States Grand Prix,Q,MAZ,8.0,,15.0,no_advantage,TURN 15 INCIDENT INVOLVING CARS 9 (MAZ) AND 18 (STR) NO INVESTIGATION NECESSARY
2022,Australian Grand Prix,FP1,MAG,5.0,,3.0,no_advantage,CAR 20 (MAG) OFF TRACK AND CONTINUED AT TURN 3
2022,Australian Grand Prix,FP2,RUS,5.0,,1.0,no_advantage,CAR 63 (RUS) OFF TRACK AND CONTINUED AT TURN 1
2022,Australian Grand Prix,FP2,HAM,6.0,,12.0,no_advantage,CAR 44 (HAM) OFF TRACK AND CONTINUED AT TURN 12
2022,Australian Grand Prix,FP2,MSC,1.0,,11.0,no_advantage,CAR 47 (MSC) OFF TRACK AND CONTINUED AT TURN 11
2022,Australian Grand Prix,FP2,SAI,10.0,,6.0,no_advantage,CAR 55 (SAI) OFF TRACK AND CONTINUED AT TURN 6
2022,Australian Grand Prix,FP2,BOT,10.0,,1.0,no_advantage,CAR 77 (BOT) OFF TRACK AND CONTINUED AT TURN 1
2022,Australian Grand Prix,FP2,LAT,10.0,,6.0,no_advantage,CAR 6 (LAT) OFF TRACK AND CONTINUED AT TURN 6
2022,Australian Grand Prix,FP2,HAM,11.0,,8.0,no_advantage,CAR 44 (HAM) OFF TRACK AND CONTINUED AT TURN 8
2022,Australian Grand Prix,FP2,OCO,13.0,,10.0,no_advantage,CAR 31 (OCO) OFF TRACK AND CONTINUED AT TURN 10
2022,Australian Grand Prix,FP2,SAI,23.0,,13.0,no_advantage,CAR 55 (SAI) OFF TRACK AND CONTINUED AT TURN 13
2022,Australian Grand Prix,FP3,VER,13.0,,6.0,no_advantage,CAR 1 (VER) OFF TRACK AND CONTINUED AT TURN 6
2022,Australian Grand Prix,FP3,HAM,13.0,,9.0,no_advantage,CAR 44 (HAM) OFF TRACK AND CONTINUED AT TURN 9
2022,Australian Grand Prix,FP3,SAI,16.0,,10.0,no_advantage,CAR 55 (SAI) OFF TRACK AND CONTINUED AT TURN 10
2022,Australian Grand Prix,FP3,NOR,12.0,,10.0,no_advantage,CAR 4 (NOR) OFF TRACK AND CONTINUED AT TURN 10
2022,Australian Grand Prix,Q,TSU,3.0,,11.0,no_advantage,CAR 22 (TSU) OFF TRACK AND CONTINUED AT TURN 11
2022,Australian Grand Prix,Q,TSU,3.0,,10.0,no_advantage,CORRECTION CAR 22 (TSU) OFF TRACK AND CONTINUED AT TURN 10
2022,Australian Grand Prix,Q,RUS,9.0,,11.0,no_advantage,CAR 63 (RUS) OFF TRACK AND CONTINUED AT TURN 11
2022,Australian Grand Prix,Q,SAI,21.0,,6.0,no_advantage,CAR 55 (SAI) OFF TRACK AND CONTINUED AT TURN 6
2022,Australian Grand Prix,R,LAT,8.0,,4.0,no_advantage,CAR 6 (LAT) OFF TRACK AND CONTINUED AT TURN 4
2022,Australian Grand Prix,R,VET,10.0,,11.0,no_advantage,CAR 5 (VET) OFF TRACK AND CONTINUED AT TURN 11
2022,Australian Grand Prix,R,MSC,11.0,,11.0,no_advantage,CAR 47 (MSC) OFF TRACK AND CONTINUED AT TURN 11
2022,Australian Grand Prix,R,MAG,15.0,,9.0,no_advantage,CAR 20 (MAG) OFF TRACK AND CONTINUED AT TURN 9
2022,Australian Grand Prix,R,BOT,16.0,,10.0,no_advantage,CAR 77 (BOT) OFF TRACK AND CONTINUED AT TURN 10
2022,Australian Grand Prix,R,MAG,50.0,,2.0,no_advantage,CAR 20 (MAG) OFF TRACK AND CONTINUED AT TURN 2
2022,Australian Grand Prix,R,PER,51.0,,13.0,no_advantage,CAR 11 (PER) OFF TRACK AND CONTINUED AT TURN 13
2022,Australian Grand Prix,R,GAS,53.0,,13.0,no_advantage,CAR 10 (GAS) OFF TRACK AND CONTINUED AT TURN 13
2022,Austrian Grand Prix,FP1,BOT,18.0,,9.0,no_advantage,CAR 77 (BOT) OFF TRACK AND CONTINUED AT TURN 9
2022,Austrian Grand Prix,FP1,HAM,25.0,,1.0,no_advantage,CAR 44 (HAM) OFF TRACK AND CONTINUED AT TURN 1
2022,Austrian Grand Prix,FP2,LEC,18.0,,3.0,no_advantage,CAR 16 (LEC) OFF TRACK AND CONTINUED AT TURN 3
2022,Austrian Grand Prix,FP2,HAM,6.0,,1.0,no_advantage,CAR 44 (HAM) OFF TRACK AND CONTINUED AT TURN 1
2022,Austrian Grand Prix,Q,NOR,14.0,,1.0,no_advantage,CAR 4 (NOR) OFF TRACK AND CONTINUED AT TURN 1
2022,Austrian Grand Prix,Q,TSU,18.0,,1.0,no_advantage,CAR 22 (TSU) OFF TRACK AND CONTINUED AT TURN 1
2022,Austrian Grand Prix,S,ALB,,,3.0,no_advantage,CAR 23 (ALB) OFF TRACK AND CONTINUED AT TURN 3
2022,Austrian Grand Prix,SQ,ALB,,,3.0,no_advantage,CAR 23 (ALB) OFF TRACK AND CONTINUED AT TURN 3
2022,Azerbaijan Grand Prix,FP1,GAS,14.0,,16.0,no_advantage,CAR 10 (GAS) OFF TRACK AND CONTINUED AT TURN 16
2022,Azerbaijan Grand Prix,FP1,STR,10.0,,4.0,no_advantage,CAR 18 (STR) OFF TRACK AND CONTINUED AT TURN 4
2022,Azerbaijan Grand Prix,FP1,GAS,21.0,,15.0,no_advantage,CAR 10 (GAS) OFF TRACK AND CONTINUED AT TURN 15
2022,Azerbaijan Grand Prix,FP1,OCO,17.0,,17.0,no_advantage,CAR 31 (OCO) OFF TRACK AND CONTINUED AT TURN 17
2022,Azerbaijan Grand Prix,FP1,VER,22.0,,15.0,no_advantage,CAR 1 (VER) OFF TRACK AND CONTINUED AT TURN 15
2022,Azerbaijan Grand Prix,FP2,NOR,1.0,,3.0,no_advantage,CAR 4 (NOR) OFF TRACK AND CONTINUED AT TURN 3
2022,Azerbaijan Grand Prix,FP2,MSC,11.0,,4.0,no_advantage,CAR 47 (MSC) OFF TRACK AND CONTINUED AT TURN 4
2022,Azerbaijan Grand Prix,FP2,PER,11.0,,1.0,no_advantage,CAR 11 (PER) OFF TRACK AND CONTINUED AT TURN 1
2022,Azerbaijan Grand Prix,FP2,GAS,14.0,,1.0,no_advantage,CAR 10 (GAS) OFF TRACK AND CONTINUED AT TURN 1
2022,Azerbaijan Grand Prix,FP2,LEC,13.0,,7.0,no_advantage,CAR 16 (LEC) OFF TRACK AND CONTINUED AT TURN 7
2022,Azerbaijan Grand Prix,FP2,PER,12.0,,15.0,no_advantage,CAR 11 (PER) OFF TRACK AND CONTINUED AT TURN 15
2022,Azerbaijan Grand Prix,FP2,STR,18.0,,15.0,no_advantage,CAR 18 (STR) OFF TRACK AND CONTINUED AT TURN 15
2022,Azerbaijan Grand Prix,FP2,SAI,22.0,,15.0,no_advantage,CAR 55 (SAI) OFF TRACK AND CONTINUED AT TURN 15
2022,Azerbaijan Grand Prix,FP3,BOT,1.0,,1.0,no_advantage,CAR 77 (BOT) OFF TRACK AND CONTINUED AT TURN 1
2022,Azerbaijan Grand Prix,FP3,BOT,12.0,,3.0,no_advantage,CAR 77 (BOT) OFF TRACK AND CONTINUED AT TURN 3
2022,Azerbaijan Grand Prix,FP3,LEC,13.0,,15.0,no_advantage,CAR 16 (LEC) OFF TRACK AND CONTINUED AT TURN 15
2022,Azerbaijan Grand Prix,FP3,BOT,16.0,,2.0,no_advantage,CAR 77 (BOT) OFF TRACK AND CONTINUED AT TURN 2
2022,Azerbaijan Grand Prix,Q,BOT,1.0,,3.0,no_advantage,CAR 77 (BOT) OFF TRACK AND CONTINUED AT TURN 3
2022,Azerbaijan Grand Prix,Q,VET,3.0,,3.0,no_advantage,CAR 5 (VET) OFF TRACK AND CONTINUED AT TURN 3
2022,Azerbaijan Grand Prix,Q,STR,5.0,,7.0,no_advantage,CAR 18 (STR) OFF TRACK AND CONTINUED AT TURN 7
2022,Azerbaijan Grand Prix,Q,VET,10.0,,15.0,no_advantage,CAR 5 (VET) OFF TRACK AND CONTINUED AT TURN 15
2022,Azerbaijan Grand Prix,Q,TSU,15.0,,2.0,no_advantage,CAR 22 (TSU) OFF TRACK AND CONTINUED AT TURN 2
2022,Azerbaijan Grand Prix,Q,NOR,14.0,,15.0,no_advantage,CAR 4 (NOR) OFF TRACK AND CONTINUED AT TURN 15
2022,Azerbaijan Grand Prix,R,VET,12.0,,3.0,no_advantage,CAR 5 (VET) OFF TRACK AND CONTINUED AT TURN 3
2022,Bahrain Grand Prix,FP1,LEC,11.0,,11.0,no_advantage,CAR 16 (LEC) OFF TRACK AND CONTINUED AT TURN 11
2022,Bahrain Grand Prix,FP1,ALB,10.0,,4.0,no_advantage,CAR 23 (ALB) OFF TRACK AND CONTINUED AT TURN 4
2022,Bahrain Grand Prix,R,HUL,8.0,,1.0,no_advantage,CAR 27 (HUL) OFF TRACK AND CONTINUED AT TURN 1
2022,Bahrain Grand Prix,R,ALB,28.0,,10.0,no_advantage,CAR 23 (ALB) OFF TRACK AND CONTINUED AT TURN 10
2022,Belgian Grand Prix,FP2,SAI,3.0,,13.0,no_advantage,CAR 55 (SAI) OFF TRACK AND CONTINUED AT TURN 13
2022,Belgian Grand Prix,FP2,GAS,12.0,,8.0,no_advantage,CAR 10 (GAS) OFF TRACK AND CONTINUED AT TURN 8
2022,Belgian Grand Prix,FP2,SAI,15.0,,9.0,no_advantage,CAR 55 (SAI) OFF TRACK AND CONTINUED AT TURN 9
2022,Belgian Grand Prix,FP2,MSC,19.0,,7.0,no_advantage,CAR 47 (MSC) OFF TRACK AND CONTINUED AT TURN 7
2022,Belgian Grand Prix,FP3,GAS,10.0,,17.0,no_advantage,CAR 10 (GAS) OFF TRACK AND CONTINUED AT TURN 17
2022,British Grand Prix,FP2,BOT,20.0,,3.0,no_advantage,CAR 77 (BOT) OFF TRACK AND CONTINUED AT TURN 3
2022,British Grand Prix,FP2,ZHO,18.0,,3.0,no_advantage,CAR 24 (ZHO) OFF TRACK AND CONTINUED AT TURN 3
2022,British Grand Prix,FP2,MSC,21.0,,9.0,no_advantage,CAR 47 (MSC) OFF TRACK AND CONTINUED AT TURN 9
2022,British Grand Prix,FP2,PER,15.0,,3.0,no_advantage,CAR 11 (PER) OFF TRACK AND CONTINUED AT TURN 3
2022,British Grand Prix,FP3,VET,12.0,,3.0,no_advantage,CAR 5 (VET) OFF TRACK AND CONTINUED AT TURN 3
2022,British Grand Prix,FP3,PER,10.0,,3.0,no_advantage,CAR 11 (PER) OFF TRACK AND CONTINUED AT TURN 3
2022,British Grand Prix,FP3,SAI,16.0,,3.0,no_advantage,CAR 55 (SAI) OFF TRACK AND CONTINUED AT TURN 3
2022,British Grand Prix,Q,VER,15.0,,13.0,no_advantage,CAR 1 (VER) OFF TRACK AND CONTINUED AT TURN 13
2022,British Grand Prix,Q,LAT,17.0,,3.0,no_advantage,CAR 6 (LAT) OFF TRACK AND CONTINUED AT TURN 3
2022,British Grand Prix,Q,LAT,19.0,,1.0,no_advantage,CAR 6 (LAT) OFF TRACK AND CONTINUED AT TURN 1
2022,British Grand Prix,R,TSU,10.0,,3.0,no_advantage,CAR 22 (TSU) OFF TRACK AND CONTINUED AT TURN 3
2022,Canadian Grand Prix,FP1,VET,19.0,,1.0,no_advantage,CAR 5 (VET) OFF TRACK AND CONTINUED AT TURN 1
2022,Canadian Grand Prix,FP1,RUS,22.0,,10.0,no_advantage,CAR 63 (RUS) OFF TRACK AND CONTINUED AT TURN 10
2022,Canadian Grand Prix,FP2,VER,7.0,,1.0,no_advantage,CAR 1 (VER) OFF TRACK AND CONTINUED AT TURN 1
2022,Canadian Grand Prix,FP2,PER,7.0,,1.0,no_advantage,CORRECTION - CAR 11 (PER) OFF TRACK AND CONTINUED AT TURN 1
2022,Canadian Grand Prix,FP2,VET,8.0,,1.0,no_advantage,CAR 5 (VET) OFF TRACK AND CONTINUED AT TURN 1
2022,Canadian Grand Prix,FP2,GAS,33.0,,1.0,no_advantage,CAR 10 (GAS) OFF TRACK AND CONTINUED AT TURN 1
2022,Canadian Grand Prix,FP3,MAG,2.0,,3.0,no_advantage,CAR 20 (MAG) OFF TRACK AND CONTINUED AT TURN 3
2022,Canadian Grand Prix,FP3,MSC,3.0,,10.0,no_advantage,CAR 47 (MSC) OFF TRACK AND CONTINUED AT TURN 10
2022,Canadian Grand Prix,FP3,VET,2.0,,10.0,no_advantage,CAR 5 (VET) OFF TRACK AND CONTINUED AT TURN 10
2022,Canadian Grand Prix,FP3,VET,3.0,,1.0,no_advantage,CAR 5 (VET) OFF TRACK AND CONTINUED AT TURN 1
2022,Canadian Grand Prix,FP3,RIC,,,10.0,no_advantage,CAR 3 (RIC) OFF TRACK AND CONTINUED AT TURN 10
2022,Canadian Grand Prix,FP3,TSU,6.0,,10.0,no_advantage,CAR 22 (TSU) OFF TRACK AND CONTINUED AT TURN 10
2022,Canadian Grand Prix,FP3,TSU,7.0,,1.0,no_advantage,CAR 22 (TSU) OFF TRACK AND CONTINUED AT TURN 1
2022,Canadian Grand Prix,FP3,OCO,2.0,,1.0,no_advantage,CAR 31 (OCO) OFF TRACK AND CONTINUED AT TURN 1
2022,Canadian Grand Prix,FP3,ALB,1.0,,1.0,no_advantage,CAR 23 (ALB) OFF TRACK AND CONTINUED AT TURN 1
2022,Canadian Grand Prix,FP3,GAS,4.0,,3.0,no_advantage,CAR 10 (GAS) OFF TRACK AND CONTINUED AT TURN 3
2022,Canadian Grand Prix,FP3,MAG,6.0,,10.0,no_advantage,CAR 20 (MAG) OFF TRACK AND CONTINUED AT TURN 10
2022,Canadian Grand Prix,FP3,GAS,8.0,,1.0,no_advantage,CAR 10 (GAS) OFF TRACK AND CONTINUED AT TURN 1
2022,Canadian Grand Prix,FP3,BOT,8.0,,1.0,no_advantage,CAR 77 (BOT) OFF TRACK AND CONTINUED AT TURN 1
2022,Canadian Grand Prix,FP3,SAI,14.0,,3.0,no_advantage,CAR 55 (SAI) OFF TRACK AND CONTINUED AT TURN 3
2022,Canadian Grand Prix,FP3,MAG,11.0,,1.0,no_advantage,CAR 20 (MAG) OFF TRACK AND CONTINUED AT TURN 1
2022,Canadian Grand Prix,FP3,VER,6.0,,10.0,no_advantage,CAR 1 (VER) OFF TRACK AND CONTINUED AT TURN 10
2022,Canadian Grand Prix,FP3,VER,6.0,,4.0,no_advantage,CAR 1 (VER) OFF TRACK AND CONTINUED AT TURN 4
2022,Canadian Grand Prix,FP3,ALB,12.0,,10.0,no_advantage,CAR 23 (ALB) OFF TRACK AND CONTINUED AT TURN 10
2022,Canadian Grand Prix,FP3,ZHO,10.0,,1.0,no_advantage,CAR 24 (ZHO) OFF TRACK AND CONTINUED AT TURN 1
2022,Canadian Grand Prix,Q,ALB,1.0,,10.0,no_advantage,CAR 23 (ALB) OFF TRACK AND CONTINUED AT TURN 10
2022,Canadian Grand Prix,Q,PER,2.0,,1.0,no_advantage,CAR 11 (PER) OFF TRACK AND CONTINUED AT TURN 1
2022,Canadian Grand Prix,Q,MAG,2.0,,10.0,no_advantage,CAR 20 (MAG) OFF TRACK AND CONTINUED AT TURN 10
2022,Canadian Grand Prix,Q,VET,3.0,,1.0,no_advantage,CAR 5 (VET) OFF TRACK AND CONTINUED AT TURN 1
2022,Canadian Grand Prix,Q,HAM,4.0,,2.0,no_advantage,CAR 44 (HAM) OFF TRACK AND CONTINUED AT TURN 2
2022,Canadian Grand Prix,Q,VER,4.0,,1.0,no_advantage,CAR 1 (VER) OFF TRACK AND CONTINUED AT TURN 1
2022,Canadian Grand Prix,Q,TSU,4.0,,10.0,no_advantage,CAR 22 (TSU) OFF TRACK AND CONTINUED AT TURN 10
2022,Canadian Grand Prix,Q,VET,4.0,,10.0,no_advantage,CAR 5 (VET) OFF TRACK AND CONTINUED AT TURN 10
2022,Canadian Grand Prix,Q,LAT,5.0,,1.0,no_advantage,CAR 6 (LAT) OFF TRACK AND CONTINUED AT TURN 1
2022,Canadian Grand Prix,Q,OCO,6.0,,3.0,no_advantage,CAR 31 (OCO) OFF TRACK AND CONTINUED AT TURN 3
2022,Canadian Grand Prix,Q,NOR,6.0,,7.0,no_advantage,CAR 4 (NOR) OFF TRACK AND CONTINUED AT TURN 7
2022,Canadian Grand Prix,Q,NOR,7.0,,1.0,no_advantage,CAR 4 (NOR) OFF TRACK AND CONTINUED AT TURN 1
2022,Canadian Grand Prix,Q,MAG,7.0,,1.0,no_advantage,CAR 20 (MAG) OFF TRACK AND CONTINUED AT TURN 1
2022,Canadian Grand Prix,Q,ALO,7.0,,1.0,no_advantage,CAR 14 (ALO) OFF TRACK AND CONTINUED AT TURN 1
2022,Canadian Grand Prix,Q,LEC,7.0,,1.0,no_advantage,CAR 16 (LEC) OFF TRACK AND CONTINUED AT TURN 1
2022,Canadian Grand Prix,Q,MSC,8.0,,1.0,no_advantage,CAR 47 (MSC) OFF TRACK AND CONTINUED AT TURN 1
2022,Canadian Grand Prix,Q,OCO,9.0,,10.0,no_advantage,CAR 31 (OCO) OFF TRACK AND CONTINUED AT TURN 10
2022,Canadian Grand Prix,Q,RUS,10.0,,1.0,no_advantage,CAR 63 (RUS) OFF TRACK AND CONTINUED AT TURN 1
2022,Canadian Grand Prix,Q,ZHO,13.0,,1.0,no_advantage,CAR 24 (ZHO) OFF TRACK AND CONTINUED AT TURN 1
2022,Canadian Grand Prix,Q,SAI,17.0,,1.0,no_advantage,CAR 55 (SAI) OFF TRACK AND CONTINUED AT TURN 1
2022,Canadian Grand Prix,Q,RIC,22.0,,6.0,no_advantage,CAR 3 (RIC) OFF TRACK AND CONTINUED AT TURN 6
2022,Canadian Grand Prix,Q,RUS,28.0,,2.0,no_advantage,CAR 63 (RUS) OFF TRACK AND CONTINUED AT TURN 2
2022,Canadian Grand Prix,Q,ALO,26.0,,10.0,no_advantage,CAR 14 (ALO) OFF TRACK AND CONTINUED AT TURN 10
2022,Canadian Grand Prix,R,BOT,1.0,,14.0,no_advantage,CAR 77 (BOT) OFF TRACK AND CONTINUED AT TURN 14
2022,Dutch Grand Prix,FP1,ALO,6.0,,11.0,no_advantage,CAR 14 (ALO) OFF TRACK AND CONTINUED AT TURN 11
2022,Dutch Grand Prix,FP1,MAG,5.0,,11.0,no_advantage,CAR 20 (MAG) OFF TRACK AND CONTINUED AT TURN 11
2022,Dutch Grand Prix,FP1,PER,15.0,,9.0,no_advantage,CAR 11 (PER) OFF TRACK AND CONTINUED AT TURN 9
2022,Dutch Grand Prix,Q,VET,8.0,,13.0,no_advantage,CAR 5 (VET) OFF TRACK AND CONTINUED AT TURN 13
2022,Dutch Grand Prix,R,MAG,1.0,,2.0,no_advantage,CAR 20 (MAG) OFF TRACK AND CONTINUED AT TURN 2
2022,Emilia Romagna Grand Prix,FP1,MAG,2.0,,12.0,no_advantage,CAR 20 (MAG) OFF TRACK AND CONTINUED AT TURN 12
2022,Emilia Romagna Grand Prix,FP1,LAT,,,7.0,no_advantage,CAR 6 (LAT) OFF TRACK AND CONTINUED AT TURN 7
2022,Emilia Romagna Grand Prix,FP1,STR,2.0,,12.0,no_advantage,CAR 18 (STR) OFF TRACK AND CONTINUED AT TURN 12
2022,Emilia Romagna Grand Prix,FP1,NOR,5.0,,17.0,no_advantage,CAR 4 (NOR) OFF TRACK AND CONTINUED AT TURN 17
2022,Emilia Romagna Grand Prix,FP1,OCO,9.0,,17.0,no_advantage,CAR 31 (OCO) OFF TRACK AND CONTINUED AT TURN 17
2022,Emilia Romagna Grand Prix,FP1,STR,8.0,,13.0,no_advantage,CAR 18 (STR) OFF TRACK AND CONTINUED AT TURN 13
2022,Emilia Romagna Grand Prix,FP1,STR,12.0,,18.0,no_advantage,CAR 18 (STR) OFF TRACK AND CONTINUED AT TURN 18
2022,Emilia Romagna Grand Prix,FP1,MAG,12.0,,17.0,no_advantage,CAR 20 (MAG) OFF TRACK AND CONTINUED AT TURN 17
2022,Emilia Romagna Grand Prix,FP1,SAI,14.0,,13.0,no_advantage,CAR 55 (SAI) OFF TRACK AND CONTINUED AT TURN 13
2022,Emilia Romagna Grand Prix,FP1,MAG,15.0,,18.0,no_advantage,CAR 20 (MAG) OFF TRACK AND CONTINUED AT TURN 18
2022,Emilia Romagna Grand Prix,FP1,VET,14.0,,2.0,no_advantage,CAR 5 (VET) OFF TRACK AND CONTINUED AT TURN 2
2022,Emilia Romagna Grand Prix,FP1,VER,11.0,,13.0,no_advantage,CAR 1 (VER) OFF TRACK AND CONTINUED AT TURN 13
2022,Emilia Romagna Grand Prix,FP1,GAS,11.0,,4.0,no_advantage,CAR 10 (GAS) OFF TRACK AND CONTINUED AT TURN 4
2022,Emilia Romagna Grand Prix,FP1,VET,17.0,,13.0,no_advantage,CAR 5 (VET) OFF TRACK AND CONTINUED AT TURN 13
2022,Emilia Romagna Grand Prix,FP1,RUS,15.0,,13.0,no_advantage,CAR 63 (RUS) OFF TRACK AND CONTINUED AT TURN 13
2022,Emilia Romagna Grand Prix,FP1,GAS,17.0,,13.0,no_advantage,CAR 10 (GAS) OFF TRACK AND CONTINUED AT TURN 13
2022,Emilia Romagna Grand Prix,FP2,MAG,24.0,,13.0,no_advantage,CAR 20 (MAG) OFF TRACK AND CONTINUED AT TURN 13
2022,Emilia Romagna Grand Prix,Q,VER,14.0,,2.0,no_advantage,CAR 1 (VER) OFF TRACK AND CONTINUED AT TURN 2
2022,Emilia Romagna Grand Prix,Q,PER,20.0,,2.0,no_advantage,CAR 11 (PER) OFF TRACK AND CONTINUED AT TURN 2
2022,Emilia Romagna Grand Prix,Q,ALO,21.0,,11.0,no_advantage,CAR 14 (ALO) OFF TRACK AND CONTINUED AT TURN 11
2022,Emilia Romagna Grand Prix,Q,VET,22.0,,2.0,no_advantage,CAR 5 (VET) OFF TRACK AND CONTINUED AT TURN 2
2022,Emilia Romagna Grand Prix,Q,BOT,22.0,,12.0,no_advantage,CAR 77 (BOT) OFF TRACK AND CONTINUED AT TURN 12
2022,French Grand Prix,FP1,VER,11.0,,10.0,no_advantage,CAR 1 (VER) OFF TRACK AND CONTINUED AT TURN 10
2022,French Grand Prix,FP1,GAS,16.0,,11.0,no_advantage,CAR 10 (GAS) OFF TRACK AND CONTINUED AT TURN 11
2022,French Grand Prix,FP1,VET,18.0,,11.0,no_advantage,CAR 5 (VET) OFF TRACK AND CONTINUED AT TURN 11
2022,French Grand Prix,FP2,MSC,5.0,,11.0,no_advantage,CAR 47 (MSC) OFF TRACK AND CONTINUED AT TURN 11
2022,French Grand Prix,FP2,RUS,7.0,,11.0,no_advantage,CAR 63 (RUS) OFF TRACK AND CONTINUED AT TURN 11
2022,French Grand Prix,FP2,MAG,12.0,,2.0,no_advantage,CAR 20 (MAG) OFF TRACK AND CONTINUED AT TURN 2
2022,French Grand Prix,FP3,MAG,4.0,,11.0,no_advantage,CAR 20 (MAG) OFF TRACK AND CONTINUED AT TURN 11
2022,French Grand Prix,FP3,LEC,3.0,,12.0,no_advantage,CAR 16 (LEC) OFF TRACK AND CONTINUED AT TURN 12
2022,French Grand Prix,FP3,PER,8.0,,11.0,no_advantage,CAR 11 (PER) OFF TRACK AND CONTINUED AT TURN 11
2022,French Grand Prix,FP3,NOR,4.0,,3.0,no_advantage,CAR 4 (NOR) OFF TRACK AND CONTINUED AT TURN 3
2022,French Grand Prix,FP3,SAI,4.0,,11.0,no_advantage,CAR 55 (SAI) OFF TRACK AND CONTINUED AT TURN 11
2022,French Grand Prix,FP3,ALB,8.0,,3.0,no_advantage,CAR 23 (ALB) OFF TRACK AND CONTINUED AT TURN 3
2022,French Grand Prix,FP3,PER,15.0,,3.0,no_advantage,CAR 11 (PER) OFF TRACK AND CONTINUED AT TURN 3
2022,French Grand Prix,FP3,BOT,16.0,,9.0,no_advantage,CAR 77 (BOT) OFF TRACK AND CONTINUED AT TURN 9
2022,French Grand Prix,FP3,TSU,16.0,,1.0,no_advantage,CAR 22 (TSU) OFF TRACK AND CONTINUED AT TURN 1
2022,French Grand Prix,Q,ALB,4.0,,8.0,no_advantage,CAR 23 (ALB) OFF TRACK AND CONTINUED AT TURN 8
2022,French Grand Prix,R,HAM,31.0,,2.0,no_advantage,CAR 44 (HAM) OFF TRACK AND CONTINUED AT TURN 2
2022,Hungarian Grand Prix,FP1,MSC,4.0,,12.0,no_advantage,CAR 47 (MSC) OFF TRACK AND CONTINUED AT TURN 12
2022,Hungarian Grand Prix,FP1,MSC,12.0,,3.0,no_advantage,CAR 47 (MSC) OFF TRACK AND CONTINUED AT TURN 3
2022,Hungarian Grand Prix,FP1,HAM,12.0,,12.0,no_advantage,CAR 44 (HAM) OFF TRACK AND CONTINUED AT TURN 12
2022,Hungarian Grand Prix,FP1,TSU,14.0,,1.0,no_advantage,CAR 22 (TSU) OFF TRACK AND CONTINUED AT TURN 1
2022,Hungarian Grand Prix,FP1,ALO,21.0,,11.0,no_advantage,CAR 14 (ALO) OFF TRACK AND CONTINUED AT TURN 11
2022,Hungarian Grand Prix,FP2,MSC,15.0,,12.0,no_advantage,CAR 47 (MSC) OFF TRACK AND CONTINUED AT TURN 12
2022,Hungarian Grand Prix,FP2,HAM,16.0,,4.0,no_advantage,CAR 44 (HAM) OFF TRACK AND CONTINUED AT TURN 4
2022,Hungarian Grand Prix,FP2,LEC,21.0,,4.0,no_advantage,CAR 16 (LEC) OFF TRACK AND CONTINUED AT TURN 4
2022,Hungarian Grand Prix,FP2,OCO,22.0,,4.0,no_advantage,CAR 31 (OCO) OFF TRACK AND CONTINUED AT TURN 4
2022,Hungarian Grand Prix,FP3,GAS,3.0,,4.0,no_advantage,CAR 10 (GAS) OFF TRACK AND CONTINUED AT TURN 4
2022,Hungarian Grand Prix,FP3,LAT,3.0,,4.0,no_advantage,CAR 6 (LAT) OFF TRACK AND CONTINUED AT TURN 4
2022,Hungarian Grand Prix,FP3,ZHO,7.0,,4.0,no_advantage,CAR 24 (ZHO) OFF TRACK AND CONTINUED AT TURN 4
2022,Hungarian Grand Prix,FP3,ALB,6.0,,4.0,no_advantage,CAR 23 (ALB) OFF TRACK AND CONTINUED AT TURN 4
2022,Hungarian Grand Prix,FP3,MAG,6.0,,4.0,no_advantage,CAR 20 (MAG) OFF TRACK AND CONTINUED AT TURN 4
2022,Hungarian Grand Prix,FP3,GAS,7.0,,12.0,no_advantage,CAR 10 (GAS) OFF TRACK AND CONTINUED AT TURN 12
2022,Hungarian Grand Prix,FP3,VET,8.0,,11.0,no_advantage,CAR 5 (VET) OFF TRACK AND CONTINUED AT TURN 11
2022,Hungarian Grand Prix,FP3,MSC,11.0,,12.0,no_advantage,CAR 47 (MSC) OFF TRACK AND CONTINUED AT TURN 12
2022,Hungarian Grand Prix,FP3,RUS,6.0,,12.0,no_advantage,CAR 63 (RUS) OFF TRACK AND CONTINUED AT TURN 12
2022,Hungarian Grand Prix,FP3,PER,6.0,,2.0,no_advantage,CAR 11 (PER) OFF TRACK AND CONTINUED AT TURN 2
2022,Hungarian Grand Prix,R,HAM,15.0,,12.0,no_advantage,CAR 44 (HAM) OFF TRACK AND CONTINUED AT TURN 12
2022,Hungarian Grand Prix,R,MAG,51.0,,4.0,no_advantage,CAR 20 (MAG) OFF TRACK AND CONTINUED AT TURN 4
2022,Hungarian Grand Prix,R,LAT,58.0,,13.0,no_advantage,CAR 6 (LAT) OFF TRACK AND CONTINUED AT TURN 13
2022,Japanese Grand Prix,FP1,LAT,4.0,,11.0,no_advantage,CAR 6 (LAT) OFF TRACK AND CONTINUED AT TURN 11
2022,Japanese Grand Prix,FP2,LAT,4.0,,16.0,no_advantage,CAR 6 (LAT) OFF TRACK AND CONTINUED AT TURN 16
2022,Japanese Grand Prix,FP2,TSU,5.0,,9.0,no_advantage,CAR 22 (TSU) OFF TRACK AND CONTINUED AT TURN 9
2022,Japanese Grand Prix,FP2,LEC,,,11.0,no_advantage,CAR 16 (LEC) OFF TRACK AND CONTINUED AT TURN 11
2022,Mexico City Grand Prix,FP1,LAW,16.0,,4.0,no_advantage,CAR 40 (LAW) OFF TRACK AND CONTINUED AT TURN 4
2022,Mexico City Grand Prix,FP3,MSC,4.0,,4.0,no_advantage,CAR 47 (MSC) OFF TRACK AND CONTINUED AT TURN 4
2022,Mexico City Grand Prix,FP3,TSU,21.0,,1.0,no_advantage,CAR 22 (TSU) OFF TRACK AND CONTINUED AT TURN 1
2022,Miami Grand Prix,FP1,PER,1.0,,1.0,no_advantage,CAR 11 (PER) OFF TRACK AND CONTINUED AT TURN 1
2022,Miami Grand Prix,FP2,STR,2.0,,17.0,no_advantage,CAR 18 (STR) OFF TRACK AND CONTINUED AT TURN 17
2022,Miami Grand Prix,FP3,MAG,,,17.0,no_advantage,CAR 20 (MAG) OFF TRACK AND CONTINUED AT TURN 17
2022,Miami Grand Prix,R,MAG,20.0,,11.0,no_advantage,CAR 20 (MAG) OFF TRACK AND CONTINUED AT TURN 11
2022,Monaco Grand Prix,FP1,LEC,10.0,,1.0,no_advantage,CAR 16 (LEC) OFF TRACK AND CONTINUED AT TURN 1
2022,Pre-Season Track Session,FP2,BOT,20.0,,3.0,no_advantage,CAR 77 (BOT) OFF TRACK AND CONTINUED AT TURN 3
2022,Pre-Season Track Session,FP2,ZHO,18.0,,3.0,no_advantage,CAR 24 (ZHO) OFF TRACK AND CONTINUED AT TURN 3
2022,Pre-Season Track Session,FP2,MSC,21.0,,9.0,no_advantage,CAR 47 (MSC) OFF TRACK AND CONTINUED AT TURN 9
2022,Pre-Season Track Session,FP2,PER,15.0,,3.0,no_advantage,CAR 11 (PER) OFF TRACK AND CONTINUED AT TURN 3
2022,Pre-Season Track Session,FP3,VET,12.0,,3.0,no_advantage,CAR 5 (VET) OFF TRACK AND CONTINUED AT TURN 3
2022,Pre-Season Track Session,FP3,PER,10.0,,3.0,no_advantage,CAR 11 (PER) OFF TRACK AND CONTINUED AT TURN 3
2022,Pre-Season Track Session,FP3,SAI,16.0,,3.0,no_advantage,CAR 55 (SAI) OFF TRACK AND CONTINUED AT TURN 3
2022,Pre-Season Track Session,Q,VER,15.0,,13.0,no_advantage,CAR 1 (VER) OFF TRACK AND CONTINUED AT TURN 13
2022,Pre-Season Track Session,Q,LAT,17.0,,3.0,no_advantage,CAR 6 (LAT) OFF TRACK AND CONTINUED AT TURN 3
2022,Pre-Season Track Session,Q,LAT,19.0,,1.0,no_advantage,CAR 6 (LAT) OFF TRACK AND CONTINUED AT TURN 1
2022,Pre-Season Track Session,R,TSU,10.0,,3.0,no_advantage,CAR 22 (TSU) OFF TRACK AND CONTINUED AT TURN 3
2022,Saudi Arabian Grand Prix,FP1,VER,12.0,,8.0,no_advantage,CAR 1 (VER) OFF TRACK AND CONTINUED AT TURN 8
2022,Saudi Arabian Grand Prix,FP1,TSU,20.0,,8.0,no_advantage,CAR 22 (TSU) OFF TRACK AND CONTINUED AT TURN 8
2022,Singapore Grand Prix,FP1,RUS,3.0,,11.0,no_advantage,CAR 63 (RUS) OFF TRACK AND CONTINUED AT TURN 11
2022,Singapore Grand Prix,FP2,VET,2.0,,13.0,no_advantage,CAR 5 (VET) OFF TRACK AND CONTINUED AT TURN 13
2022,Singapore Grand Prix,FP2,RUS,4.0,,11.0,no_advantage,CAR 63 (RUS) OFF TRACK AND CONTINUED AT TURN 11
2022,Singapore Grand Prix,FP2,GAS,7.0,,18.0,no_advantage,CAR 10 (GAS) OFF TRACK AND CONTINUED AT TURN 18
2022,Singapore Grand Prix,FP2,BOT,13.0,,16.0,no_advantage,CAR 77 (BOT) OFF TRACK AND CONTINUED AT TURN 16
2022,Singapore Grand Prix,FP3,LAT,5.0,,7.0,no_advantage,CAR 6 (LAT) OFF TRACK AND CONTINUED AT TURN 7
2022,Singapore Grand Prix,FP3,GAS,12.0,,18.0,no_advantage,CAR 10 (GAS) OFF TRACK AND CONTINUED AT TURN 18
2022,Singapore Grand Prix,Q,MSC,1.0,,16.0,no_advantage,CAR 47 (MSC) OFF TRACK AND CONTINUED AT TURN 16
2022,Singapore Grand Prix,Q,LEC,2.0,,8.0,no_advantage,CAR 16 (LEC) OFF TRACK AND CONTINUED AT TURN 8
2022,Singapore Grand Prix,Q,ALB,3.0,,18.0,no_advantage,CAR 23 (ALB) OFF TRACK AND CONTINUED AT TURN 18
2022,Singapore Grand Prix,Q,MAG,17.0,,8.0,no_advantage,CAR 20 (MAG) OFF TRACK AND CONTINUED AT TURN 8
2022,Singapore Grand Prix,Q,GAS,19.0,,18.0,no_advantage,CAR 10 (GAS) OFF TRACK AND CONTINUED AT TURN 18
2022,Spanish Grand Prix,FP2,NOR,3.0,,7.0,no_advantage,CAR 4 (NOR) OFF TRACK AND CONTINUED AT TURN 7
2022,Spanish Grand Prix,FP2,PER,26.0,,8.0,no_advantage,CAR 11 (PER) OFF TRACK AND CONTINUED AT TURN 8
2022,Spanish Grand Prix,Q,PER,5.0,,8.0,no_advantage,CAR 11 (PER) OFF TRACK AND CONTINUED AT TURN 8
2022,Spanish Grand Prix,R,MAG,,,4.0,no_advantage,CAR 20 (MAG) OFF TRACK AND CONTINUED AT TURN 4
2022,Spanish Grand Prix,R,SAI,6.0,,4.0,no_advantage,CAR 55 (SAI) OFF TRACK AND CONTINUED AT TURN 4
2022,Spanish Grand Prix,R,VER,8.0,,4.0,no_advantage,CAR 1 (VER) OFF TRACK AND CONTINUED AT TURN 4
2023,Australian Grand Prix,FP1,MAG,5.0,,3.0,no_advantage,CAR 20 (MAG) OFF TRACK AND CONTINUED AT TURN 3
2023,Australian Grand Prix,FP1,TSU,13.0,,1.0,no_advantage,CAR 22 (TSU) OFF TRACK AND CONTINUED AT TURN 1
2023,Australian Grand Prix,FP1,DEV,22.0,,13.0,no_advantage,CAR 21 (DEV) OFF TRACK AND CONTINUED AT TURN 13
2023,Australian Grand Prix,FP2,NOR,8.0,,1.0,no_advantage,CAR 4 (NOR) OFF TRACK AND CONTINUED AT TURN 1
2023,Australian Grand Prix,FP2,STR,10.0,,3.0,no_advantage,CAR 18 (STR) OFF TRACK AND CONTINUED AT TURN 3
2023,Australian Grand Prix,FP3,MAG,14.0,,13.0,no_advantage,CAR 20 (MAG) OFF TRACK AND CONTINUED AT TURN 13
2023,Australian Grand Prix,FP3,PER,6.0,,3.0,no_advantage,CAR 11 (PER) OFF TRACK AND CONTINUED AT TURN 3
2023,Australian Grand Prix,FP3,PER,16.0,,1.0,no_advantage,CAR 11 (PER) OFF TRACK AND CONTINUED AT TURN 1
2023,Australian Grand Prix,R,VER,47.0,,13.0,no_advantage,CAR 1 (VER) OFF TRACK AND CONTINUED AT TURN 13
2023,Australian Grand Prix,R,HUL,51.0,,12.0,no_advantage,CAR 27 (HUL) OFF TRACK AND CONTINUED AT TURN 12
2023,Austrian Grand Prix,FP1,SAI,6.0,,1.0,no_advantage,CAR 55 (SAI) OFF TRACK AND CONTINUED AT TURN 1
2023,Austrian Grand Prix,FP1,BOT,5.0,,1.0,no_advantage,CAR 77 (BOT) OFF TRACK AND CONTINUED AT TURN 1
2023,Austrian Grand Prix,FP1,TSU,5.0,,3.0,no_advantage,CAR 22 (TSU) OFF TRACK AND CONTINUED AT TURN 3
2023,Austrian Grand Prix,FP1,LEC,23.0,,3.0,no_advantage,CAR 16 (LEC) OFF TRACK AND CONTINUED AT TURN 3
2023,Austrian Grand Prix,FP1,SAR,21.0,,3.0,no_advantage,CAR 2 (SAR) OFF TRACK AND CONTINUED AT TURN 3
2023,Azerbaijan Grand Prix,FP1,NOR,1.0,,1.0,no_advantage,CAR 4 (NOR) OFF TRACK AND CONTINUED AT TURN 1
2023,Azerbaijan Grand Prix,FP1,MAG,2.0,,1.0,no_advantage,CAR 20 (MAG) OFF TRACK AND CONTINUED AT TURN 1
2023,Azerbaijan Grand Prix,FP1,SAR,2.0,,1.0,no_advantage,CAR 2 (SAR) OFF TRACK AND CONTINUED AT TURN 1
2023,Azerbaijan Grand Prix,FP1,GAS,6.0,,1.0,no_advantage,CAR 10 (GAS) OFF TRACK AND CONTINUED AT TURN 1
2023,Azerbaijan Grand Prix,FP1,LEC,12.0,,7.0,no_advantage,CAR 16 (LEC) OFF TRACK AND CONTINUED AT TURN 7
2023,Azerbaijan Grand Prix,FP1,LEC,14.0,,2.0,no_advantage,CAR 16 (LEC) OFF TRACK AND CONTINUED AT TURN 2
2023,Azerbaijan Grand Prix,Q,ZHO,1.0,,1.0,no_advantage,CAR 24 (ZHO) OFF TRACK AND CONTINUED AT TURN 1
2023,Azerbaijan Grand Prix,Q,SAI,15.0,,3.0,no_advantage,CAR 55 (SAI) OFF TRACK AND CONTINUED AT TURN 3
2023,Bahrain Grand Prix,FP1,ALO,9.0,,4.0,no_advantage,CAR 14 (ALO) OFF TRACK AND CONTINUED AT TURN 4
2023,Bahrain Grand Prix,FP1,NOR,9.0,,1.0,no_advantage,CAR 4 (NOR) OFF TRACK AND CONTINUED AT TURN 1
2023,Bahrain Grand Prix,FP2,PIA,5.0,,1.0,no_advantage,CAR 81 (PIA) OFF TRACK AND CONTINUED AT TURN 1
2023,Bahrain Grand Prix,FP2,SAR,14.0,,10.0,no_advantage,CAR 2 (SAR) OFF TRACK AND CONTINUED AT TURN 10
2023,Bahrain Grand Prix,FP2,ALO,13.0,,10.0,no_advantage,CAR 14 (ALO) OFF TRACK AND CONTINUED AT TURN 10
2023,Bahrain Grand Prix,R,RUS,8.0,,10.0,no_advantage,CAR 63 (RUS) OFF TRACK AND CONTINUED AT TURN 10
2023,Bahrain Grand Prix,R,STR,51.0,,10.0,no_advantage,CAR 18 (STR) OFF TRACK AND CONTINUED AT TURN 10
2023,Belgian Grand Prix,Q,ALB,8.0,,8.0,no_advantage,CAR 23 (ALB) OFF TRACK AND CONTINUED AT TURN 8
2023,British Grand Prix,FP1,ALB,7.0,,15.0,no_advantage,CAR 23 (ALB) OFF TRACK AND CONTINUED AT TURN 15
2023,British Grand Prix,FP1,RUS,22.0,,6.0,no_advantage,CAR 63 (RUS) OFF TRACK AND CONTINUED AT TURN 6
2023,British Grand Prix,FP2,HAM,2.0,,16.0,no_advantage,CAR 44 (HAM) OFF TRACK AND CONTINUED AT TURN 16
2023,British Grand Prix,Q,SAR,6.0,,11.0,no_advantage,CAR 2 (SAR) OFF TRACK AND CONTINUED AT TURN 11
2023,Canadian Grand Prix,FP2,NOR,25.0,,1.0,no_advantage,CAR 4 (NOR) OFF TRACK AND CONTINUED AT TURN 1
2023,Canadian Grand Prix,FP2,ALB,32.0,,1.0,no_advantage,CAR 23 (ALB) OFF TRACK AND CONTINUED AT TURN 1
2023,Canadian Grand Prix,FP2,SAI,34.0,,13.0,no_advantage,CAR 55 (SAI) OFF TRACK AND CONTINUED AT TURN 13
2023,Canadian Grand Prix,FP2,NOR,35.0,,13.0,no_advantage,CAR 4 (NOR) OFF TRACK AND CONTINUED AT TURN 13
2023,Canadian Grand Prix,FP3,ALB,2.0,,13.0,no_advantage,CAR 23 (ALB) OFF TRACK AND CONTINUED AT TURN 13
2023,Canadian Grand Prix,FP3,STR,5.0,,13.0,no_advantage,CAR 18 (STR) OFF TRACK AND CONTINUED AT TURN 13
2023,Canadian Grand Prix,FP3,ALO,6.0,,13.0,no_advantage,CAR 14 (ALO) OFF TRACK AND CONTINUED AT TURN 13
2023,Canadian Grand Prix,FP3,HUL,10.0,,9.0,no_advantage,CAR 27 (HUL) OFF TRACK AND CONTINUED AT TURN 9
2023,Canadian Grand Prix,FP3,GAS,6.0,,10.0,no_advantage,CAR 10 (GAS) OFF TRACK AND CONTINUED AT TURN 10
2023,Canadian Grand Prix,FP3,PER,11.0,,1.0,no_advantage,CAR 11 (PER) OFF TRACK AND CONTINUED AT TURN 1
2023,Canadian Grand Prix,FP3,OCO,8.0,,3.0,no_advantage,CAR 31 (OCO) OFF TRACK AND CONTINUED AT TURN 3
2023,Canadian Grand Prix,FP3,HAM,11.0,,1.0,no_advantage,CAR 44 (HAM) OFF TRACK AND CONTINUED AT TURN 1
2023,Canadian Grand Prix,FP3,ALB,19.0,,2.0,no_advantage,CAR 23 (ALB) OFF TRACK AND CONTINUED AT TURN 2
2023,Canadian Grand Prix,FP3,ZHO,19.0,,3.0,no_advantage,CAR 24 (ZHO) OFF TRACK AND CONTINUED AT TURN 3
2023,Canadian Grand Prix,FP3,RUS,18.0,,9.0,no_advantage,CAR 63 (RUS) OFF TRACK AND CONTINUED AT TURN 9
2023,Dutch Grand Prix,FP1,ALO,6.0,,12.0,no_advantage,CAR 14 (ALO) OFF TRACK AND CONTINUED AT TURN 12
2023,Dutch Grand Prix,FP1,VER,28.0,,11.0,no_advantage,CAR 1 (VER) OFF TRACK AND CONTINUED AT TURN 11
2023,Dutch Grand Prix,FP2,SAI,13.0,,11.0,no_advantage,CAR 55 (SAI) OFF TRACK AND CONTINUED AT TURN 11
2023,Dutch Grand Prix,FP2,STR,17.0,,11.0,no_advantage,CAR 18 (STR) OFF TRACK AND CONTINUED AT TURN 11
2023,Dutch Grand Prix,FP2,SAI,28.0,,13.0,no_advantage,CAR 55 (SAI) OFF TRACK AND CONTINUED AT TURN 13
2023,Dutch Grand Prix,FP3,NOR,1.0,,11.0,no_advantage,CAR 4 (NOR) OFF TRACK AND CONTINUED AT TURN 11
2023,Dutch Grand Prix,FP3,VER,3.0,,3.0,no_advantage,CAR 1 (VER) OFF TRACK AND CONTINUED AT TURN 3
2023,Dutch Grand Prix,FP3,PER,1.0,,11.0,no_advantage,CAR 11 (PER) OFF TRACK AND CONTINUED AT TURN 11
2023,Dutch Grand Prix,FP3,LEC,2.0,,1.0,no_advantage,CAR 16 (LEC) OFF TRACK AND CONTINUED AT TURN 1
2023,Dutch Grand Prix,FP3,SAI,2.0,,1.0,no_advantage,CAR 55 (SAI) OFF TRACK AND CONTINUED AT TURN 1
2023,Dutch Grand Prix,FP3,ALO,4.0,,1.0,no_advantage,CAR 14 (ALO) OFF TRACK AND CONTINUED AT TURN 1
2023,Dutch Grand Prix,FP3,OCO,4.0,,1.0,no_advantage,CAR 31 (OCO) OFF TRACK AND CONTINUED AT TURN 1
2023,Dutch Grand Prix,FP3,VER,16.0,,11.0,no_advantage,CORRECTION: CAR 1 (VER) OFF TRACK AND CONTINUED AT TURN 11
2023,Dutch Grand Prix,Q,ALB,1.0,,11.0,no_advantage,CAR 23 (ALB) OFF TRACK AND CONTINUED AT TURN 11
2023,Dutch Grand Prix,Q,HUL,1.0,,1.0,no_advantage,CAR 27 (HUL) OFF TRACK AND CONTINUED AT TURN 1
2023,Dutch Grand Prix,Q,VER,1.0,,1.0,no_advantage,CAR 1 (VER) OFF TRACK AND CONTINUED AT TURN 1
2023,Dutch Grand Prix,Q,LEC,4.0,,1.0,no_advantage,CAR 16 (LEC) OFF TRACK AND CONTINUED AT TURN 1
2023,Dutch Grand Prix,Q,GAS,4.0,,1.0,no_advantage,CAR 10 (GAS) OFF TRACK AND CONTINUED AT TURN 1
2023,Dutch Grand Prix,R,LEC,3.0,,11.0,no_advantage,CAR 16 (LEC) OFF TRACK AND CONTINUED AT TURN 11
2023,Dutch Grand Prix,R,ALB,4.0,,11.0,no_advantage,CAR 23 (ALB) OFF TRACK AND CONTINUED AT TURN 11
2023,Dutch Grand Prix,R,GAS,5.0,,3.0,no_advantage,CAR 10 (GAS) OFF TRACK AND CONTINUED AT TURN 3
2023,Hungarian Grand Prix,FP1,ALB,8.0,,4.0,no_advantage,CAR 23 (ALB) OFF TRACK AND CONTINUED AT TURN 4
2023,Hungarian Grand Prix,FP1,HUL,6.0,,4.0,no_advantage,CAR 27 (HUL) OFF TRACK AND CONTINUED AT TURN 4
2023,Hungarian Grand Prix,FP1,SAR,10.0,,4.0,no_advantage,CAR 2 (SAR) OFF TRACK AND CONTINUED AT TURN 4
2023,Hungarian Grand Prix,FP1,NOR,9.0,,3.0,no_advantage,CAR 4 (NOR) OFF TRACK AND CONTINUED AT TURN 3
2023,Hungarian Grand Prix,FP1,TSU,6.0,,5.0,no_advantage,CAR 22 (TSU) OFF TRACK AND CONTINUED AT TURN 5
2023,Hungarian Grand Prix,FP3,LEC,7.0,,14.0,no_advantage,CAR 16 (LEC) OFF TRACK AND CONTINUED AT TURN 14
2023,Italian Grand Prix,FP1,SAR,8.0,,10.0,no_advantage,CAR 2 (SAR) OFF TRACK AND CONTINUED AT TURN 10
2023,Italian Grand Prix,FP1,ALB,8.0,,10.0,no_advantage,CORRECTION: CAR 23 (ALB) OFF TRACK AND CONTINUED AT TURN 10
2023,Italian Grand Prix,FP1,OCO,21.0,,10.0,no_advantage,CAR 31 (OCO) OFF TRACK AND CONTINUED AT TURN 10
2023,Italian Grand Prix,FP1,LAW,26.0,,9.0,no_advantage,CAR 40 (LAW) OFF TRACK AND CONTINUED AT TURN 9
2023,Italian Grand Prix,FP3,PIA,7.0,,5.0,no_advantage,CAR 81 (PIA) OFF TRACK AND CONTINUED AT TURN 5
2023,Italian Grand Prix,FP3,NOR,17.0,,4.0,no_advantage,CAR 4 (NOR) OFF TRACK AND CONTINUED AT TURN 4
2023,Italian Grand Prix,FP3,HUL,16.0,,4.0,no_advantage,CAR 27 (HUL) OFF TRACK AND CONTINUED AT TURN 4
2023,Italian Grand Prix,FP3,BOT,22.0,,8.0,no_advantage,CAR 77 (BOT) OFF TRACK AND CONTINUED AT TURN 8
2023,Italian Grand Prix,FP3,SAI,19.0,,4.0,no_advantage,CAR 55 (SAI) OFF TRACK AND CONTINUED AT TURN 4
2023,Italian Grand Prix,FP3,HAM,20.0,,4.0,no_advantage,CORRECTION: CAR 44 (HAM) OFF TRACK AND CONTINUED TURN 4 - LAP 21
2023,Japanese Grand Prix,FP1,SAR,7.0,,17.0,no_advantage,CAR 2 (SAR) OFF TRACK AND CONTINUED AT TURN 17
2023,Japanese Grand Prix,FP1,SAR,9.0,,9.0,no_advantage,CAR 2 (SAR) OFF TRACK AND CONTINUED AT TURN 9
2023,Japanese Grand Prix,FP1,ZHO,11.0,,13.0,no_advantage,CAR 24 (ZHO) OFF TRACK AND CONTINUED AT TURN 13
2023,Japanese Grand Prix,FP1,PER,21.0,,17.0,no_advantage,CAR 11 (PER) OFF TRACK AND CONTINUED AT TURN 17
2023,Japanese Grand Prix,FP1,LEC,25.0,,11.0,no_advantage,CAR 16 (LEC) OFF TRACK AND CONTINUED AT TURN 11
2023,Japanese Grand Prix,R,BOT,4.0,,11.0,no_advantage,CAR 77 (BOT) OFF TRACK AND CONTINUED AT TURN 11
2023,Las Vegas Grand Prix,FP2,PER,1.0,,12.0,no_advantage,CAR 11 (PER) OFF TRACK AND CONTINUED AT TURN 12
2023,Las Vegas Grand Prix,FP2,MAG,2.0,,12.0,no_advantage,CAR 20 (MAG) OFF TRACK AND CONTINUED AT TURN 12
2023,Las Vegas Grand Prix,FP2,STR,6.0,,14.0,no_advantage,CAR 18 (STR) OFF TRACK AND CONTINUED AT TURN 14
2023,Las Vegas Grand Prix,FP2,VER,11.0,,12.0,no_advantage,CAR 1 (VER) OFF TRACK AND CONTINUED AT TURN 12
2023,Las Vegas Grand Prix,FP2,HUL,12.0,,12.0,no_advantage,CAR 27 (HUL) OFF TRACK AND CONTINUED AT TURN 12
2023,Las Vegas Grand Prix,FP2,GAS,13.0,,12.0,no_advantage,CAR 10 (GAS) OFF TRACK AND CONTINUED AT TURN 12
2023,Las Vegas Grand Prix,FP2,ALB,18.0,,14.0,no_advantage,CAR 23 (ALB) OFF TRACK AND CONTINUED AT TURN 14
2023,Las Vegas Grand Prix,FP2,RUS,19.0,,5.0,no_advantage,CAR 63 (RUS) OFF TRACK AND CONTINUED AT TURN 5
2023,Las Vegas Grand Prix,FP2,SAR,21.0,,12.0,no_advantage,CAR 2 (SAR) OFF TRACK AND CONTINUED AT TURN 12
2023,Las Vegas Grand Prix,FP2,RUS,31.0,,14.0,no_advantage,CAR 63 (RUS) OFF TRACK AND CONTINUED AT TURN 14
2023,Las Vegas Grand Prix,FP2,SAR,36.0,,5.0,no_advantage,CAR 2 (SAR) OFF TRACK AND CONTINUED AT TURN 5
2023,Las Vegas Grand Prix,FP2,VER,34.0,,5.0,no_advantage,CAR 1 (VER) OFF TRACK AND CONTINUED AT TURN 5
2023,Las Vegas Grand Prix,FP3,MAG,5.0,,5.0,no_advantage,CAR 20 (MAG) OFF TRACK AND CONTINUED AT TURN 5
2023,Las Vegas Grand Prix,FP3,BOT,10.0,,14.0,no_advantage,CAR 77 (BOT) OFF TRACK AND CONTINUED AT TURN 14
2023,Las Vegas Grand Prix,FP3,SAR,2.0,,5.0,no_advantage,CAR 2 (SAR) OFF TRACK AND CONTINUED AT TURN 5
2023,Las Vegas Grand Prix,FP3,ZHO,11.0,,1.0,no_advantage,CAR 24 (ZHO) OFF TRACK AND CONTINUED AT TURN 1
2023,Las Vegas Grand Prix,FP3,RUS,19.0,,12.0,no_advantage,CAR 63 (RUS) OFF TRACK AND CONTINUED AT TURN 12
2023,Las Vegas Grand Prix,FP3,RIC,11.0,,12.0,no_advantage,CAR 3 (RIC) OFF TRACK AND CONTINUED AT TURN 12
2023,Las Vegas Grand Prix,FP3,VER,10.0,,12.0,no_advantage,CAR 1 (VER) OFF TRACK AND CONTINUED AT TURN 12
2023,Las Vegas Grand Prix,FP3,ALB,12.0,,5.0,no_advantage,CAR 23 (ALB) OFF TRACK AND CONTINUED AT TURN 5
2023,Las Vegas Grand Prix,Q,TSU,8.0,,5.0,no_advantage,CAR 22 (TSU) OFF TRACK AND CONTINUED AT TURN 5
2023,Mexico City Grand Prix,FP1,SAI,6.0,,1.0,no_advantage,CAR 55 (SAI) OFF TRACK AND CONTINUED AT TURN 1
2023,Mexico City Grand Prix,FP1,NOR,3.0,,12.0,no_advantage,CAR 4 (NOR) OFF TRACK AND CONTINUED AT TURN 12
2023,Mexico City Grand Prix,FP3,OCO,10.0,,1.0,no_advantage,CAR 31 (OCO) OFF TRACK AND CONTINUED AT TURN 1
2023,Mexico City Grand Prix,FP3,STR,14.0,,9.0,no_advantage,CAR 18 (STR) OFF TRACK AND CONTINUED AT TURN 9
2023,Mexico City Grand Prix,R,TSU,48.0,,1.0,no_advantage,CAR 22 (TSU) OFF TRACK AND CONTINUED AT TURN 1
2023,Miami Grand Prix,FP1,HAM,3.0,,4.0,no_advantage,CAR 44 (HAM) OFF TRACK AND CONTINUED AT TURN 4
2023,Miami Grand Prix,FP1,PIA,6.0,,15.0,no_advantage,CAR 81 (PIA) OFF TRACK AND CONTINUED AT TURN 15
2023,Miami Grand Prix,FP1,TSU,15.0,,6.0,no_advantage,CAR 22 (TSU) OFF TRACK AND CONTINUED AT TURN 6
2023,Miami Grand Prix,FP1,ALB,17.0,,17.0,no_advantage,CAR 23 (ALB) OFF TRACK AND CONTINUED AT TURN 17
2023,Miami Grand Prix,FP1,GAS,13.0,,7.0,no_advantage,CAR 10 (GAS) OFF TRACK AND CONTINUED AT TURN 7
2023,Miami Grand Prix,FP1,STR,20.0,,6.0,no_advantage,CAR 18 (STR) OFF TRACK AND CONTINUED AT TURN 6
2023,Miami Grand Prix,FP2,ALB,15.0,,17.0,no_advantage,CAR 23 (ALB) OFF TRACK AND CONTINUED AT TURN 17
2023,Miami Grand Prix,FP3,ALB,4.0,,17.0,no_advantage,CAR 23 (ALB) OFF TRACK AND CONTINUED AT TURN 17
2023,Miami Grand Prix,FP3,ALO,10.0,,17.0,no_advantage,CAR 14 (ALO) OFF TRACK AND CONTINUED AT TURN 17
2023,Miami Grand Prix,FP3,HUL,4.0,,7.0,no_advantage,CAR 27 (HUL) OFF TRACK AND CONTINUED AT TURN 7
2023,Miami Grand Prix,FP3,NOR,9.0,,4.0,no_advantage,CAR 4 (NOR) OFF TRACK AND CONTINUED AT TURN 4
2023,Qatar Grand Prix,R,ALO,32.0,,2.0,no_advantage,CAR 14 (ALO) OFF TRACK AND CONTINUED AT TURN 2
2023,Saudi Arabian Grand Prix,FP1,ALB,5.0,,8.0,no_advantage,CAR 23 (ALB) OFF TRACK AND CONTINUED AT TURN 8
2023,Singapore Grand Prix,FP2,SAR,11.0,,19.0,no_advantage,CAR 2 (SAR) OFF TRACK AND CONTINUED AT TURN 19
2023,Singapore Grand Prix,FP3,VER,3.0,,14.0,no_advantage,CAR 1 (VER) OFF TRACK AND CONTINUED AT TURN 14
2023,Singapore Grand Prix,FP3,ALB,11.0,,14.0,no_advantage,CAR 23 (ALB) OFF TRACK AND CONTINUED AT TURN 14
2023,Singapore Grand Prix,R,ALO,46.0,,14.0,no_advantage,CAR 14 (ALO) OFF TRACK AND CONTINUED AT TURN 14
2023,Spanish Grand Prix,FP2,RUS,7.0,,10.0,no_advantage,CAR 63 (RUS) OFF TRACK AND CONTINUED AT TURN 10
2023,Spanish Grand Prix,FP3,STR,9.0,,5.0,no_advantage,CAR 18 (STR) OFF TRACK AND CONTINUED AT TURN 5
2023,Spanish Grand Prix,Q,TSU,,,12.0,no_advantage,CAR 22 (TSU) OFF TRACK AND CONTINUED AT TURN 12
2023,Spanish Grand Prix,Q,ALO,1.0,,14.0,no_advantage,CAR 14 (ALO) OFF TRACK AND CONTINUED AT TURN 14
2023,Spanish Grand Prix,Q,DEV,4.0,,12.0,no_advantage,CAR 21 (DEV) OFF TRACK AND CONTINUED AT TURN 12
2023,Spanish Grand Prix,Q,PER,14.0,,5.0,no_advantage,CAR 11 (PER) OFF TRACK AND CONTINUED AT TURN 5
2023,São Paulo Grand Prix,FP1,SAR,20.0,,1.0,no_advantage,CAR 2 (SAR) OFF TRACK AND CONTINUED AT TURN 1
2023,São Paulo Grand Prix,FP1,BOT,28.0,,1.0,no_advantage,CAR 77 (BOT) OFF TRACK AND CONTINUED AT TURN 1
2023,São Paulo Grand Prix,S,SAR,4.0,,1.0,no_advantage,CAR 2 (SAR) OFF TRACK AND CONTINUED AT TURN 1
2024,Australian Grand Prix,FP1,ALO,9.0,,10.0,no_advantage,CAR 14 (ALO) OFF TRACK AND CONTINUED AT TURN 10
2024,Australian Grand Prix,FP1,HAM,13.0,,2.0,no_advantage,CAR 44 (HAM) OFF TRACK AND CONTINUED AT TURN 2
2024,Australian Grand Prix,FP2,SAR,17.0,,1.0,no_advantage,CAR 2 (SAR) OFF TRACK AND CONTINUED AT TURN 1
2024,Australian Grand Prix,FP2,LEC,19.0,,2.0,no_advantage,CAR 16 (LEC) OFF TRACK AND CONTINUED AT TURN 2
2024,Australian Grand Prix,FP2,STR,24.0,,13.0,no_advantage,CAR 18 (STR) OFF TRACK AND CONTINUED AT TURN 13
2024,Australian Grand Prix,Q,ALO,16.0,,6.0,no_advantage,CAR 14 (ALO) OFF TRACK AND CONTINUED AT TURN 6
2024,Bahrain Grand Prix,R,SAR,9.0,,4.0,no_advantage,CAR 2 (SAR) OFF TRACK AND CONTINUED AT TURN 4
2024,Chinese Grand Prix,FP1,HAM,19.0,,6.0,no_advantage,CAR 44 (HAM) OFF TRACK AND CONTINUED AT TURN 6
2024,Chinese Grand Prix,SQ,ZHO,12.0,,6.0,no_advantage,CAR 24 (ZHO) OFF TRACK AND CONTINUED AT TURN 6
2024,Japanese Grand Prix,FP3,MAG,1.0,,11.0,no_advantage,CAR 20 (MAG) OFF TRACK AND CONTINUED AT TURN 11
2024,Saudi Arabian Grand Prix,FP3,VER,2.0,,9.0,no_advantage,CAR 1 (VER) OFF TRACK AND CONTINUED AT TURN 9
2024,Saudi Arabian Grand Prix,FP3,MAG,3.0,,14.0,no_advantage,CAR 20 (MAG) OFF TRACK AND CONTINUED AT TURN 14
