year,race,session,driver,lap,turn,label,max_speed,min_speed,avg_speed,max_throttle,avg_brake,brake_points,num_points,session_avg_speed,session_max_speed,speed_ratio,avg_speed_ratio,is_sprint,is_qualifying,is_race,is_practice,post_2022_regs
2018,Abu Dhabi Grand Prix,FP2,LEC,15.0,5.0,no_advantage,320.0,67.0,198.01525970782785,100.0,0.1917443408788282,144,751,209.42024013722127,229.0,1.0,1.0,0,0,0,1,0
2018,Austrian Grand Prix,FP1,LEC,22.0,1.0,no_advantage,281.4749984,62.0,182.8732291343126,100.0,0.2084639498432602,133,638,269.1851851851852,289.0,1.0,1.0,0,0,0,1,0
2018,Austrian Grand Prix,FP2,ERI,7.0,4.0,no_advantage,286.39166720000003,55.0,156.94123009765832,100.0,0.1914323962516733,143,747,269.6490514905149,288.0,0.9034437451104101,0.8096494174230607,0,0,0,1,0
2018,Austrian Grand Prix,FP2,SAI,10.0,4.0,no_advantage,294.0,61.0,203.5261058767216,100.0,0.2291666666666666,132,576,269.6490514905149,288.0,0.9274447949526814,1.0499777079033519,0,0,0,1,0
2018,Austrian Grand Prix,FP2,MAG,14.0,4.0,no_advantage,301.0,60.0,162.16576335665337,100.0,0.1632088520055325,118,723,269.6490514905149,288.0,0.9495268138801262,0.8366024386706995,0,0,0,1,0
2018,Austrian Grand Prix,FP2,ALO,12.0,10.0,no_advantage,317.0,62.0,230.2664063527855,100.0,0.1647058823529411,84,510,269.6490514905149,288.0,1.0,1.1879291479977785,0,0,0,1,0
2018,Austrian Grand Prix,FP2,MAG,32.0,9.0,no_advantage,299.0,69.0,216.2930035701764,100.0,0.1992619926199262,108,542,269.6490514905149,288.0,0.943217665615142,1.1158412880051094,0,0,0,1,0
2018,Austrian Grand Prix,FP3,VER,5.0,4.0,no_advantage,301.0,46.0,177.39615024723224,100.0,0.2750373692077728,184,669,268.62857142857143,291.0,1.0,1.0,0,0,0,1,0
2018,Austrian Grand Prix,Q,STR,4.0,9.0,no_advantage,328.0,47.0,214.8484118005865,100.0,0.2201834862385321,120,545,281.979674796748,296.0,1.0,1.1602815407250773,0,1,0,0,0
2018,Austrian Grand Prix,Q,LEC,10.0,4.0,no_advantage,307.0,54.0,155.49000048911438,100.0,0.2174496644295302,162,745,281.979674796748,296.0,0.9359756097560976,0.839718459274923,0,1,0,0,0
2018,Austrian Grand Prix,R,GAS,12.0,3.0,no_advantage,323.0,58.0,217.7252661460585,100.0,0.20817843866171,112,538,275.1218106995885,291.0,1.0,0.9892050260847954,0,0,1,0,0
2018,Austrian Grand Prix,R,HAR,53.0,9.0,no_advantage,315.0,62.0,222.47724072514072,100.0,0.1650853889943074,87,527,275.1218106995885,291.0,0.9752321981424149,1.0107949739152045,0,0,1,0,0
2018,Azerbaijan Grand Prix,FP1,HAR,1.0,8.0,no_advantage,261.0,48.0,150.1631750010728,100.0,0.2473118279569892,253,1023,316.0426829268293,346.0,0.7933130699088146,0.8441002935508003,0,0,0,1,0
2018,Azerbaijan Grand Prix,FP1,HAR,16.0,1.0,no_advantage,325.0,64.0,182.2522007052046,100.0,0.1935483870967742,174,899,316.0426829268293,346.0,0.9878419452887538,1.0244797775116536,0,0,0,1,0
2018,Azerbaijan Grand Prix,FP1,ALO,17.0,2.0,no_advantage,319.0041664,40.0,172.2856331607181,99.0,0.2733964248159832,260,951,316.0426829268293,346.0,0.9696175270516717,0.9684555053161915,0,0,0,1,0
2018,Azerbaijan Grand Prix,FP1,SIR,21.0,3.0,no_advantage,320.0,60.0,176.278394682455,100.0,0.2650862068965517,246,928,316.0426829268293,346.0,0.9726443768996961,0.9908996975927091,0,0,0,1,0
2018,Azerbaijan Grand Prix,FP1,BOT,23.0,1.0,no_advantage,320.0,66.0,184.7910483242671,100.0,0.2067363530778165,178,861,316.0426829268293,346.0,0.9726443768996961,1.0387511993866647,0,0,0,1,0
2018,Azerbaijan Grand Prix,FP1,GRO,19.0,1.0,no_advantage,329.0,65.0,201.6134323521364,100.0,0.1871127633209417,151,807,316.0426829268293,346.0,1.0,1.133313526641981,0,0,0,1,0
2018,Azerbaijan Grand Prix,FP2,VET,2.0,2.0,no_advantage,327.0,65.0,182.195796653297,100.0,0.2266666666666666,204,900,317.43570057581576,347.0,0.9646017699115044,0.9767797834933576,0,0,0,1,0
2018,Azerbaijan Grand Prix,FP2,VET,3.0,3.0,no_advantage,327.0,2.0,171.928103069936,100.0,0.2279792746113989,220,965,317.43570057581576,347.0,0.9646017699115044,0.9217330936160034,0,0,0,1,0
2018,Azerbaijan Grand Prix,FP2,RAI,1.0,2.0,no_advantage,325.0,58.0,177.8013196421555,100.0,0.1997716894977169,175,876,317.43570057581576,347.0,0.9587020648967551,0.953220314052482,0,0,0,1,0
2018,Azerbaijan Grand Prix,FP2,GRO,4.0,1.0,no_advantage,330.0,68.0,204.2569099207528,100.0,0.1945137157107231,156,802,317.43570057581576,347.0,0.9734513274336283,1.0950528163340303,0,0,0,1,0
2018,Azerbaijan Grand Prix,FP2,PER,2.0,3.0,no_advantage,330.6394983043013,58.0,190.2177998626303,100.0,0.2232558139534883,192,860,317.43570057581576,347.0,0.9753377531100333,1.01978698070607,0,0,0,1,0
2018,Azerbaijan Grand Prix,FP2,MAG,5.0,3.0,no_advantage,333.0,55.0,180.0344876292243,100.0,0.2206366630076838,201,911,317.43570057581576,347.0,0.9823008849557522,0.9651926722681009,0,0,0,1,0
2018,Azerbaijan Grand Prix,FP2,HAR,5.0,15.0,no_advantage,339.0,60.0,178.35660009872825,100.0,0.193058568329718,178,922,317.43570057581576,347.0,1.0,0.9561972582746439,0,0,0,1,0
2018,Azerbaijan Grand Prix,FP2,BOT,2.0,1.0,no_advantage,334.0,64.0,185.41909791035383,100.0,0.252262443438914,223,884,317.43570057581576,347.0,0.9852507374631269,0.9940603989731596,0,0,0,1,0
2018,Azerbaijan Grand Prix,FP2,HAM,2.0,8.0,no_advantage,330.0,73.0,204.9021325026076,100.0,0.1897627965043695,152,801,317.43570057581576,347.0,0.9734513274336283,1.0985119541702804,0,0,0,1,0
2018,Azerbaijan Grand Prix,FP2,VER,1.0,3.0,no_advantage,322.38749973333336,59.0,176.25556970929168,100.0,0.2109464082098061,185,877,317.43570057581576,347.0,0.9509955744346117,0.9449333101122608,0,0,0,1,0
2018,Azerbaijan Grand Prix,FP2,VET,14.0,15.0,no_advantage,328.0,64.0,160.96384910279275,100.0,0.2044088176352705,204,998,317.43570057581576,347.0,0.967551622418879,0.8629520360234842,0,0,0,1,0
2018,Azerbaijan Grand Prix,FP2,LEC,16.0,1.0,no_advantage,311.3833344,70.0,199.2784813426604,100.0,0.1853658536585365,152,820,317.43570057581576,347.0,0.9185349097345133,1.068362692423544,0,0,0,1,0
2018,Azerbaijan Grand Prix,FP2,GAS,27.0,15.0,no_advantage,309.0,65.0,192.9355803995641,100.0,0.1844311377245509,154,835,317.43570057581576,347.0,0.911504424778761,1.0343574215900617,0,0,0,1,0
2018,Azerbaijan Grand Prix,FP2,GRO,18.0,15.0,no_advantage,339.0,63.0,189.26458167721685,100.0,0.2009237875288683,174,866,317.43570057581576,347.0,1.0,1.0146766309072661,0,0,0,1,0
2018,Azerbaijan Grand Prix,FP2,ALO,25.0,15.0,no_advantage,314.0,69.0,198.3599973760969,100.0,0.2206060606060606,182,825,317.43570057581576,347.0,0.9262536873156342,1.0634385581324044,0,0,0,1,0
2018,Azerbaijan Grand Prix,FP2,SAI,30.0,1.0,no_advantage,315.0,68.0,197.27666626121845,100.0,0.226779252110977,188,829,317.43570057581576,347.0,0.9292035398230089,1.0576306528388688,0,0,0,1,0
2018,Azerbaijan Grand Prix,FP2,MAG,26.0,15.0,no_advantage,322.0,0.0,169.76628167576362,100.0,0.2354166666666666,226,960,317.43570057581576,347.0,0.9498525073746312,0.9101432354955703,0,0,0,1,0
2018,Azerbaijan Grand Prix,FP2,SAI,35.0,2.0,no_advantage,315.0,70.0,198.2726341861066,100.0,0.2092457420924574,172,822,317.43570057581576,347.0,0.9292035398230089,1.062970190588413,0,0,0,1,0
2018,Azerbaijan Grand Prix,FP3,BOT,2.0,1.0,no_advantage,332.0,60.0,195.6268660869308,100.0,0.2129963898916967,177,831,321.0247524752475,335.0,0.991044776119403,1.08979857540214,0,0,0,1,0
2018,Azerbaijan Grand Prix,FP3,HAR,3.0,15.0,no_advantage,327.0,62.0,181.72432797326965,100.0,0.1843575418994413,165,895,321.0247524752475,335.0,0.9761194029850746,1.0123502855337678,0,0,0,1,0
2018,Azerbaijan Grand Prix,FP3,STR,3.0,3.0,no_advantage,326.0,65.0,184.1863606573237,100.0,0.2622020431328036,231,881,321.0247524752475,335.0,0.9731343283582089,1.0260657826193433,0,0,0,1,0
2018,Azerbaijan Grand Prix,FP3,GRO,3.0,15.0,no_advantage,326.4541664,67.0,188.18070120619768,100.0,0.2213209733487833,191,863,321.0247524752475,335.0,0.974490048955224,1.0483174637248391,0,0,0,1,0
2018,Azerbaijan Grand Prix,FP3,BOT,10.0,7.0,no_advantage,335.0,66.0,178.90401880231644,100.0,0.2622576966932725,230,877,321.0247524752475,335.0,1.0,0.9966389010078173,0,0,0,1,0
2018,Azerbaijan Grand Prix,FP3,HAR,10.0,3.0,no_advantage,326.3785709714286,44.0,165.74396290546713,100.0,0.2036836403033586,188,923,321.0247524752475,335.0,0.9742643909594884,0.9233268327041425,0,0,0,1,0
2018,Azerbaijan Grand Prix,FP3,PER,8.0,15.0,no_advantage,335.0,46.941666133333335,162.1852880513079,100.0,0.2582010582010582,244,945,321.0247524752475,335.0,1.0,0.9035021590079501,0,0,0,1,0
2018,Azerbaijan Grand Prix,Q,PER,3.0,15.0,no_advantage,332.0,62.0,175.39541563315257,100.0,0.2626480086114101,244,929,320.9184549356223,341.0,0.9883158490178027,1.2356140598722802,0,1,0,0,0
2018,Azerbaijan Grand Prix,Q,MAG,6.0,4.0,no_advantage,328.0,0.0,101.69123306749938,104.0,0.3174404015056462,506,1594,320.9184549356223,341.0,0.9764084291501183,0.7163876940019697,0,1,0,0,0
2018,Azerbaijan Grand Prix,Q,ERI,7.0,2.0,no_advantage,326.0,52.0,162.99798870804955,100.0,0.2424547283702213,241,994,320.9184549356223,341.0,0.9704547192162761,1.1482774840581458,0,1,0,0,0
2018,Azerbaijan Grand Prix,Q,GAS,6.0,15.0,no_advantage,329.0,0.0,89.63286292086877,104.0,0.4288876591034864,775,1807,320.9184549356223,341.0,0.9793852841170394,0.6314396830261075,0,1,0,0,0
2018,Azerbaijan Grand Prix,Q,GAS,9.0,,no_advantage,317.0,58.0,161.26744982914352,100.0,0.2472799208704253,250,1011,320.9184549356223,341.0,0.9436630245139863,1.1360862978620128,0,1,0,0,0
2018,Azerbaijan Grand Prix,Q,MAG,9.0,15.0,no_advantage,335.9249984,63.0,174.87712000520855,100.0,0.2319309600862999,215,927,320.9184549356223,341.0,1.0,1.2319628050048361,0,1,0,0,0
2018,Azerbaijan Grand Prix,Q,RAI,10.0,3.0,no_advantage,327.0,68.0,186.57306182669552,100.0,0.2133027522935779,186,872,320.9184549356223,341.0,0.9734315741831973,1.3143576048113705,0,1,0,0,0
2018,Azerbaijan Grand Prix,Q,MAG,13.0,3.0,no_advantage,331.0,0.0,83.16486693644121,104.0,0.427465152297367,828,1937,320.9184549356223,341.0,0.9853389940508815,0.5858743713632779,0,1,0,0,0
2018,Azerbaijan Grand Prix,R,ALO,18.0,2.0,no_advantage,313.0,58.0,197.0701783545366,100.0,0.2187120291616039,180,823,293.0596273291925,344.0,1.0,1.0,0,0,1,0,0
2018,Bahrain Grand Prix,FP2,HAM,3.0,1.0,no_advantage,297.0,61.0,157.89697156621688,100.0,0.2002164502164502,185,924,280.32,296.0,1.0,1.0,0,0,0,1,0
2018,Bahrain Grand Prix,FP3,GRO,13.0,1.0,no_advantage,295.44166613333334,35.0,143.37886310874427,100.0,0.2409756097560975,247,1025,287.34517766497464,297.0,1.0,1.0,0,0,0,1,0
2018,Belgian Grand Prix,FP3,ALO,9.0,5.0,no_advantage,280.0,63.0,200.05146086925308,100.0,0.1531914893617021,144,940,225.24175824175825,236.0,1.0,1.0,0,0,0,1,0
2018,Belgian Grand Prix,R,RIC,4.0,1.0,no_advantage,333.0,65.0,219.69430246908863,100.0,0.1625730994152046,139,855,215.85451761102604,226.0,1.0,1.0,0,0,1,0,0
2018,British Grand Prix,FP2,MAG,4.0,15.0,no_advantage,321.0,81.0,221.7979808959708,100.0,0.1608391608391608,115,715,238.79065040650408,260.0,1.0,1.0,0,0,0,1,0
2018,British Grand Prix,Q,SIR,3.0,15.0,no_advantage,292.0,68.0,153.4615259697259,100.0,0.213764337851929,205,959,250.14207650273224,263.0,1.0,1.0,0,1,0,0,0
2018,Canadian Grand Prix,FP2,MAG,16.0,1.0,no_advantage,298.0,52.0,150.26620068228294,100.0,0.2156611039794608,168,779,282.7277397260274,301.0,0.9770491803278688,0.8181580789364379,0,0,0,1,0
2018,Canadian Grand Prix,FP2,ERI,26.0,1.0,no_advantage,305.0,57.0,199.70477314063328,100.0,0.1711864406779661,101,590,282.7277397260274,301.0,1.0,1.087337490435679,0,0,0,1,0
2018,Canadian Grand Prix,FP2,HAR,27.0,1.0,no_advantage,302.0,55.0,201.02108217787907,100.0,0.167235494880546,98,586,282.7277397260274,301.0,0.9901639344262295,1.0945044306278833,0,0,0,1,0
2018,Canadian Grand Prix,FP3,VAN,3.0,3.0,no_advantage,298.0,50.0,166.01649854175926,100.0,0.2709219858156028,191,705,287.99386503067484,301.0,1.0,0.969513920677249,0,0,0,1,0
2018,Canadian Grand Prix,FP3,HAR,7.0,1.0,no_advantage,295.67916693333336,57.0,176.45717821739296,100.0,0.1893939393939394,125,660,287.99386503067484,301.0,0.9922119695749442,1.030486079322751,0,0,0,1,0
2018,Canadian Grand Prix,Q,LEC,3.0,1.0,no_advantage,299.0,39.0,157.24538097677518,100.0,0.2439678284182305,182,746,291.5,303.0,1.0,1.0,0,1,0,0,0
2018,Canadian Grand Prix,R,GRO,50.0,13.0,no_advantage,330.0,57.0,199.5701283230519,100.0,0.1969439728353141,116,589,281.25752508361205,300.0,1.0,1.0,0,0,1,0,0
2018,Chinese Grand Prix,FP1,ALO,18.0,10.0,no_advantage,294.0,61.0,170.70177750910773,100.0,0.2103448275862069,183,870,256.4638069705094,266.0,1.0,1.0,0,0,0,1,0
2018,Chinese Grand Prix,R,VET,56.0,3.0,no_advantage,312.0,56.0,197.1732949340696,100.0,0.2147651006711409,160,745,252.06918819188192,270.0,1.0,1.0,0,0,1,0,0
2018,French Grand Prix,FP1,HAM,6.0,8.0,no_advantage,315.0,0.0,145.99978706873847,100.0,0.2253258845437616,242,1074,289.2324929971989,304.0,0.9722222222222222,0.8018526763964989,0,0,0,1,0
2018,French Grand Prix,FP1,ERI,7.0,14.0,no_advantage,324.0,0.0,193.41465993131007,100.0,0.1664626682986536,136,817,289.2324929971989,304.0,1.0,1.062262252801926,0,0,0,1,0
2018,French Grand Prix,FP1,LEC,7.0,1.0,no_advantage,324.0,74.0,215.84126696464384,100.0,0.1539509536784741,113,734,289.2324929971989,304.0,1.0,1.1854325343017524,0,0,0,1,0
2018,French Grand Prix,FP1,LEC,13.0,8.0,no_advantage,302.0,70.0,173.05656267373948,100.0,0.199124726477024,182,914,289.2324929971989,304.0,0.9320987654320988,0.9504525364998224,0,0,0,1,0
2018,French Grand Prix,FP2,GRO,1.0,12.0,no_advantage,299.8249984,0.0,170.47769859347787,100.0,0.2180043383947939,201,922,291.23214285714283,306.0,1.0,1.0,0,0,0,1,0
2018,French Grand Prix,FP3,PER,3.0,4.0,no_advantage,324.0,56.0,182.9932046930088,100.0,0.1855309218203034,159,857,293.8974358974359,302.0,1.0,1.1369057425693223,0,0,0,1,0
2018,French Grand Prix,FP3,SIR,3.0,8.0,no_advantage,268.0166677333333,48.0,152.43449952716688,100.0,0.2251720747295968,229,1017,293.8974358974359,302.0,0.8272119374485596,0.9470496905546443,0,0,0,1,0
2018,French Grand Prix,FP3,STR,2.0,7.0,no_advantage,269.0,58.0,149.35325092809632,100.0,0.222007722007722,230,1036,293.8974358974359,302.0,0.8302469135802469,0.9279064156311638,0,0,0,1,0
2018,French Grand Prix,FP3,LEC,4.0,8.0,no_advantage,276.0,52.0,159.04798454714296,100.0,0.2388663967611336,236,988,293.8974358974359,302.0,0.8518518518518519,0.9881381512448694,0,0,0,1,0
2018,French Grand Prix,Q,SIR,9.0,15.0,no_advantage,333.0,53.0,193.46844279861168,100.0,0.2254259501965924,172,763,298.26104417670683,313.0,1.0,1.0,0,1,0,0,0
2018,German Grand Prix,FP1,HUL,18.0,12.0,no_advantage,295.0,0.0,117.0222289228944,100.0,0.3259827420901246,340,1043,265.5939675174014,278.0,1.0,1.0,0,0,0,1,0
2018,German Grand Prix,FP2,VER,5.0,2.0,no_advantage,287.0,50.0,116.90207576655808,100.0,0.3285984848484848,347,1056,263.1875945537065,279.0,0.9503311258278145,0.7270157932795543,0,0,0,1,0
2018,German Grand Prix,FP2,SIR,25.0,13.0,no_advantage,302.0,49.0,204.6922467975091,100.0,0.2036423841059602,123,604,263.1875945537065,279.0,1.0,1.2729842067204458,0,0,0,1,0
2018,German Grand Prix,FP3,SIR,7.0,2.0,no_advantage,284.0,44.0,173.25420356151176,100.0,0.2408963585434173,172,714,245.1020408163265,254.0,1.0,1.0020332637477893,0,0,0,1,0
2018,German Grand Prix,FP3,HAR,4.0,8.0,no_advantage,282.0,47.0,172.55109019392518,100.0,0.1994459833795014,144,722,245.1020408163265,254.0,0.9929577464788732,0.9979667362522107,0,0,0,1,0
2018,German Grand Prix,Q,ERI,12.0,13.0,no_advantage,321.0,0.0,146.72378973381427,100.0,0.1354534746760895,115,849,271.4193548387097,285.0,1.0,1.0,0,1,0,0,0
2018,German Grand Prix,R,GAS,45.0,12.0,no_advantage,293.0,45.0,174.26219053364056,100.0,0.2086230876216968,150,719,259.8667218543046,278.0,1.0,1.0,0,0,1,0,0
2018,Italian Grand Prix,FP1,VER,3.0,11.0,no_advantage,309.0,0.0,196.7156145705218,100.0,0.178030303030303,141,792,291.34010152284264,300.0,0.9935691318327974,0.9512563017978218,0,0,0,1,0
2018,Italian Grand Prix,FP1,RIC,4.0,7.0,no_advantage,311.0,55.0,211.3631902528394,100.0,0.185234899328859,138,745,291.34010152284264,300.0,1.0,1.0220874796089254,0,0,0,1,0
2018,Italian Grand Prix,FP1,RAI,10.0,4.0,no_advantage,309.0,49.0,212.30798535739297,100.0,0.1743243243243243,129,740,291.34010152284264,300.0,0.9935691318327974,1.026656218593253,0,0,0,1,0
2018,Italian Grand Prix,FP2,VET,17.0,11.0,no_advantage,322.0,57.0,183.51075891060788,100.0,0.1350407450523865,116,859,302.1529933481153,317.0,1.0,1.0,0,0,0,1,0
2018,Japanese Grand Prix,FP2,LEC,2.0,13.0,no_advantage,322.0,74.0,225.1191494393519,100.0,0.1594827586206896,111,696,258.7134502923977,275.0,1.0,1.2635920837607426,0,0,0,1,0
2018,Japanese Grand Prix,FP2,SIR,10.0,13.0,no_advantage,284.0,0.0,131.1970262197187,100.0,0.2873949579831932,342,1190,258.7134502923977,275.0,0.8819875776397516,0.7364079162392575,0,0,0,1,0
2018,Japanese Grand Prix,FP3,PER,3.0,13.0,no_advantage,282.0,56.0,174.48515198238107,100.0,0.2,179,895,258.41752577319585,273.0,0.9690721649484536,1.0372641388572459,0,0,0,1,0
2018,Japanese Grand Prix,FP3,RAI,8.0,7.0,no_advantage,291.0,0.0,161.9482509396777,100.0,0.1934156378600823,188,972,258.41752577319585,273.0,1.0,0.962735861142754,0,0,0,1,0
2018,Japanese Grand Prix,R,LEC,38.0,9.0,no_advantage,316.0,67.0,219.50224338390305,100.0,0.1809116809116809,127,702,254.3049421661409,271.0,1.0,1.0,0,0,1,0,0
2018,Mexican Grand Prix,FP2,HAM,7.0,1.0,no_advantage,292.0,57.0,140.66812280265952,100.0,0.189384800965018,157,829,245.1164383561644,259.0,1.0,1.0,0,0,0,1,0
2018,Mexican Grand Prix,FP3,GRO,8.0,1.0,no_advantage,296.0,33.0,148.05480834577216,100.0,0.3028350515463917,235,776,251.15436241610735,263.0,1.0,1.0,0,0,0,1,0
2018,Mexican Grand Prix,Q,VET,3.0,1.0,no_advantage,299.0,47.0,143.48043719576447,100.0,0.1660424469413233,133,801,251.525,265.0,0.8768328445747801,0.856153247242295,0,1,0,0,0
2018,Mexican Grand Prix,Q,HAM,5.0,11.0,no_advantage,293.0,62.0,161.06752343867208,100.0,0.1561181434599156,111,711,251.525,265.0,0.8592375366568915,0.9610960623791877,0,1,0,0,0
2018,Mexican Grand Prix,Q,ALO,2.0,11.0,no_advantage,341.0,66.0,198.2140308358553,100.0,0.2258620689655172,131,580,251.525,265.0,1.0,1.1827506903785172,0,1,0,0,0
2018,Monaco Grand Prix,FP1,VER,21.0,1.0,no_advantage,269.0,46.0,130.01195958738532,100.0,0.1967930029154519,135,686,251.62521008403365,272.0,1.0,1.0,0,0,0,1,0
2018,Monaco Grand Prix,FP3,BOT,5.0,1.0,no_advantage,275.0,40.0,126.96254632094691,100.0,0.2283687943262411,161,705,256.2519280205656,276.0,0.9939160291548702,1.0231806174604865,0,0,0,1,0
2018,Monaco Grand Prix,FP3,SAI,13.0,1.0,no_advantage,276.68333333333334,40.0,122.64473737820298,100.0,0.2366946778711484,169,714,256.2519280205656,276.0,1.0,0.9883837537543568,0,0,0,1,0
2018,Monaco Grand Prix,FP3,STR,20.0,1.0,no_advantage,271.8214272,39.0,122.65117435119528,100.0,0.2809917355371901,204,726,256.2519280205656,276.0,0.9824279038612133,0.9884356287851568,0,0,0,1,0
2018,Monaco Grand Prix,Q,LEC,10.0,1.0,no_advantage,284.0,38.0,112.17994763176073,100.0,0.2405541561712846,191,794,267.73597359735976,277.0,0.9793103448275862,0.8128067530068812,0,1,0,0,0
2018,Monaco Grand Prix,Q,BOT,9.0,,no_advantage,290.0,46.0,163.85109472059287,100.0,0.2357274401473296,128,543,267.73597359735976,277.0,1.0,1.1871932469931186,0,1,0,0,0
2018,Russian Grand Prix,FP1,NOR,7.0,4.0,no_advantage,285.0,76.0,180.02731482280964,100.0,0.1758620689655172,153,870,166.29829545454547,179.0,0.8878504672897196,1.1129828343766914,0,0,0,1,0
2018,Russian Grand Prix,FP1,BOT,10.0,5.0,no_advantage,321.0,53.0,183.59663640454505,100.0,0.2011834319526627,170,845,166.29829545454547,179.0,1.0,1.1350494505163131,0,0,0,1,0
2018,Russian Grand Prix,FP1,BOT,16.0,2.0,no_advantage,305.0,71.0,167.69183960450874,100.0,0.221627408993576,207,934,166.29829545454547,179.0,0.9501557632398754,1.0367212282678586,0,0,0,1,0
2018,Russian Grand Prix,FP1,VER,14.0,7.0,no_advantage,270.0,62.0,142.08450185312742,100.0,0.274745605920444,297,1081,166.29829545454547,179.0,0.8411214953271028,0.8784089889311498,0,0,0,1,0
2018,Russian Grand Prix,FP1,LEC,14.0,8.0,no_advantage,279.0,62.0,135.3602257269175,100.0,0.124456048738033,143,1149,166.29829545454547,179.0,0.8691588785046729,0.8368374979079864,0,0,0,1,0
2018,Russian Grand Prix,FP2,VET,3.0,2.0,no_advantage,266.0,70.0,156.854153468328,100.0,0.1818181818181818,182,1001,162.76801405975397,179.0,0.8235294117647058,0.845112988651706,0,0,0,1,0
2018,Russian Grand Prix,FP2,RAI,2.0,2.0,no_advantage,322.0,80.0,188.5424588519816,100.0,0.1866028708133971,156,836,162.76801405975397,179.0,0.9969040247678018,1.015846105218459,0,0,0,1,0
2018,Russian Grand Prix,FP2,HUL,5.0,2.0,no_advantage,280.0,65.0,161.46408482779822,100.0,0.2264344262295081,221,976,162.76801405975397,179.0,0.8668730650154799,0.8699507935968441,0,0,0,1,0
2018,Russian Grand Prix,FP2,SIR,7.0,7.0,no_advantage,320.0,80.0,211.55555332762376,100.0,0.1765498652291105,131,742,162.76801405975397,179.0,0.9907120743034056,1.1398381361617844,0,0,0,1,0
2018,Russian Grand Prix,FP2,LEC,13.0,2.0,no_advantage,323.0,94.0,219.6944039450129,100.0,0.1754143646408839,127,724,162.76801405975397,179.0,1.0,1.1836893713210777,0,0,0,1,0
2018,Russian Grand Prix,FP2,LEC,14.0,5.0,no_advantage,280.0,65.0,151.11192540897628,100.0,0.1859582542694497,196,1054,162.76801405975397,179.0,0.8668730650154799,0.8141744931802531,0,0,0,1,0
2018,Russian Grand Prix,FP2,HAM,19.0,2.0,no_advantage,312.0,95.0,209.98721699284704,100.0,0.1880794701986755,142,755,162.76801405975397,179.0,0.9659442724458205,1.1313881118698752,0,0,0,1,0
2018,Russian Grand Prix,FP3,RAI,1.0,7.0,no_advantage,297.0,60.79166613333334,164.74830864619014,100.0,0.1742006615214994,158,907,167.5732217573222,182.0,1.0,1.0,0,0,0,1,0
2018,Singapore Grand Prix,FP1,PER,8.0,20.0,no_advantage,271.0,45.0,129.9448405995341,100.0,0.2579403272377286,268,1039,249.71,262.0,0.9217687074829932,0.9564560331623974,0,0,0,1,0
2018,Singapore Grand Prix,FP1,RAI,13.0,18.0,no_advantage,292.0,57.0,138.82645912571203,100.0,0.2071428571428571,203,980,249.71,262.0,0.9931972789115646,1.0218289835959544,0,0,0,1,0
2018,Singapore Grand Prix,FP1,BOT,18.0,14.0,no_advantage,294.0,57.0,138.81097095129002,100.0,0.2613636363636363,253,968,249.71,262.0,1.0,1.0217149832416481,0,0,0,1,0
2018,Singapore Grand Prix,FP2,SIR,3.0,8.0,no_advantage,282.0,43.0,128.93265002432716,100.0,0.2670454545454545,282,1056,248.78236397748591,262.0,0.8924050632911392,0.8750770821842521,0,0,0,1,0
2018,Singapore Grand Prix,FP2,HAM,2.0,14.0,no_advantage,316.0,63.0,179.37308475856906,100.0,0.2260183968462549,172,761,248.78236397748591,262.0,1.0,1.2174206890442474,0,0,0,1,0
2018,Singapore Grand Prix,FP2,GRO,6.0,7.0,no_advantage,300.0,52.0,155.5526208176607,100.0,0.2671232876712329,234,876,248.78236397748591,262.0,0.9493670886075949,1.0557491335635194,0,0,0,1,0
2018,Singapore Grand Prix,FP2,MAG,10.0,5.0,no_advantage,291.0,53.0,125.49612596123862,100.0,0.1746323529411764,190,1088,248.78236397748591,262.0,0.9208860759493671,0.8517530952079813,0,0,0,1,0
2018,Spanish Grand Prix,FP1,HAR,7.0,4.0,no_advantage,312.0,72.0,201.41854205409925,100.0,0.1529790660225443,95,621,274.9899497487437,289.0,0.9780564263322884,1.182933529018411,0,0,0,1,0
2018,Spanish Grand Prix,FP1,GRO,7.0,4.0,no_advantage,316.0,70.0,201.49166744384323,100.0,0.1873990306946688,116,619,274.9899497487437,289.0,0.9905956112852664,1.1833629953151508,0,0,0,1,0
2018,Spanish Grand Prix,FP1,GRO,8.0,7.0,no_advantage,319.0,32.0,173.24227111044445,100.0,0.2025139664804469,145,716,274.9899497487437,289.0,1.0,1.0174539496209782,0,0,0,1,0
2018,Spanish Grand Prix,FP1,HAR,26.0,10.0,no_advantage,242.0,0.0,104.92904126287075,100.0,0.1989619377162629,230,1156,274.9899497487437,289.0,0.7586206896551724,0.6162495260454598,0,0,0,1,0
2018,Spanish Grand Prix,FP2,RAI,13.0,4.0,no_advantage,296.0,46.0,142.10327912684264,100.0,0.1905855338691159,166,871,271.39652173913043,291.0,0.9801324503311258,0.7815059258407615,0,0,0,1,0
2018,Spanish Grand Prix,FP2,LEC,21.0,4.0,no_advantage,302.0,75.0,197.6639792538517,100.0,0.1880877742946708,120,638,271.39652173913043,291.0,1.0,1.087065492515934,0,0,0,1,0
2018,Spanish Grand Prix,FP2,VER,33.0,2.0,no_advantage,296.0,80.0,205.73063649693475,100.0,0.1612377850162866,99,614,271.39652173913043,291.0,0.9801324503311258,1.1314285816433045,0,0,0,1,0
2018,Spanish Grand Prix,FP3,STR,9.0,4.0,no_advantage,285.3750016,0.0,127.87193648443208,100.0,0.1767109295199183,173,979,281.6910569105691,291.0,1.0,1.0,0,0,0,1,0
2018,Spanish Grand Prix,Q,ERI,3.0,1.0,no_advantage,311.0,72.0,154.4097565404015,100.0,0.1572327044025157,125,795,281.7379912663756,294.0,1.0,0.97271298991886,0,1,0,0,0
2018,Spanish Grand Prix,Q,GRO,17.0,7.0,no_advantage,306.0,52.0,163.0729092421985,100.0,0.2099087353324641,161,767,281.7379912663756,294.0,0.9839228295819936,1.02728701008114,0,1,0,0,0
2018,Spanish Grand Prix,R,SIR,40.0,9.0,no_advantage,264.0,60.0,135.27490159638336,100.0,0.3071120689655172,285,928,268.64587525150904,296.0,1.0,1.0,0,0,1,0,0
2018,United States Grand Prix,FP1,VET,12.0,11.0,no_advantage,298.0,57.0,159.65479378893392,100.0,0.2078651685393258,185,890,191.7684210526316,206.0,1.0,1.0,0,0,0,1,0
2019,Australian Grand Prix,FP2,RUS,27.0,3.0,no_advantage,291.0,81.0,206.82986288063904,100.0,0.160919540229885,112,696,287.4853195164076,307.0,1.0,1.0,0,0,0,1,0
2019,Australian Grand Prix,R,KVY,36.0,3.0,no_advantage,324.0,73.0,212.8752363289321,100.0,0.2020648967551622,137,678,285.6968503937008,310.0,1.0,1.0,0,0,1,0,0
2019,Austrian Grand Prix,FP1,GAS,11.0,9.0,no_advantage,316.0,68.0,232.68741611040323,100.0,0.1431411530815109,72,503,271.4098712446352,291.0,0.9968454258675079,1.0861338854062457,0,0,0,1,0
2019,Austrian Grand Prix,FP1,NOR,20.0,10.0,no_advantage,317.0,70.0,222.6394440335572,100.0,0.1544401544401544,80,518,271.4098712446352,291.0,1.0,1.039232152881526,0,0,0,1,0
2019,Austrian Grand Prix,FP1,VER,25.0,1.0,no_advantage,294.0,63.0,187.3768228095589,100.0,0.1910112359550561,119,623,271.4098712446352,291.0,0.9274447949526814,0.8746339617122285,0,0,0,1,0
2019,Austrian Grand Prix,FP2,BOT,2.0,10.0,no_advantage,317.0,72.0,227.1005138579933,100.0,0.15234375,78,512,267.2685337726524,291.0,0.9635258358662614,1.1108521962208995,0,0,0,1,0
2019,Austrian Grand Prix,FP2,HAM,2.0,10.0,no_advantage,318.0,70.0,232.9496636637942,100.0,0.146,73,500,267.2685337726524,291.0,0.9665653495440729,1.139463055780037,0,0,0,1,0
2019,Austrian Grand Prix,FP2,GAS,5.0,4.0,no_advantage,286.4166656,60.0,165.67992830964425,100.0,0.1560283687943262,110,705,267.2685337726524,291.0,0.8705673726443769,0.8104160977265512,0,0,0,1,0
2019,Austrian Grand Prix,FP2,VET,14.0,10.0,no_advantage,329.0,0.0,168.65538665032636,100.0,0.1520467836257309,104,684,267.2685337726524,291.0,1.0,0.8249704216087831,0,0,0,1,0
2019,Austrian Grand Prix,FP2,SAI,35.0,6.0,no_advantage,296.0,67.0,224.36496049878204,100.0,0.1640926640926641,85,518,267.2685337726524,291.0,0.8996960486322189,1.097471357026236,0,0,0,1,0
2019,Austrian Grand Prix,FP2,LEC,30.0,3.0,no_advantage,305.0,64.0,207.87815502285824,100.0,0.1890359168241966,100,529,267.2685337726524,291.0,0.9270516717325228,1.016826871637494,0,0,0,1,0
2019,Austrian Grand Prix,FP3,GRO,5.0,3.0,no_advantage,303.0,54.0,146.19853199921684,100.0,0.1587708066581306,124,781,266.4845679012346,293.0,0.9558359621451105,0.7378416228220191,0,0,0,1,0
2019,Austrian Grand Prix,FP3,KUB,17.0,10.0,no_advantage,317.0,66.0,220.8601686236921,100.0,0.1811320754716981,96,530,266.4845679012346,293.0,1.0,1.1146474797361352,0,0,0,1,0
2019,Austrian Grand Prix,FP3,GRO,15.0,9.0,no_advantage,316.0,68.0,227.37184169341663,100.0,0.1895551257253385,98,517,266.4845679012346,293.0,0.9968454258675079,1.147510897441846,0,0,0,1,0
2019,Austrian Grand Prix,Q,KVY,7.0,9.0,no_advantage,320.0,72.0,238.50272208500016,100.0,0.1512096774193548,75,496,284.15879828326183,297.0,1.0,1.1975626589907697,0,1,0,0,0
2019,Austrian Grand Prix,Q,KVY,8.0,1.0,no_advantage,305.0,36.0,159.8108363654532,100.0,0.1534246575342465,112,730,284.15879828326183,297.0,0.953125,0.8024373410092304,0,1,0,0,0
2019,Austrian Grand Prix,R,GIO,5.0,1.0,no_advantage,299.0,65.0,218.8116727099145,100.0,0.1843575418994413,99,537,273.02249637155296,290.0,0.9966666666666667,1.0020100781205716,0,0,1,0,0
2019,Austrian Grand Prix,R,NOR,5.0,5.0,no_advantage,300.0,65.0,217.93378023069943,99.0,0.1850467289719626,99,535,273.02249637155296,290.0,1.0,0.9979899218794284,0,0,1,0,0
2019,Azerbaijan Grand Prix,FP2,NOR,4.0,3.0,no_advantage,327.0,60.0,170.3336888280116,100.0,0.2264957264957265,212,936,318.5818639798489,344.0,0.9849397590361446,0.9346615720084158,0,0,0,1,0
2019,Azerbaijan Grand Prix,FP2,MAG,4.0,3.0,no_advantage,332.0,62.0,183.074842941286,100.0,0.19102416570771,166,869,318.5818639798489,344.0,1.0,1.004575323155665,0,0,0,1,0
2019,Azerbaijan Grand Prix,FP2,HAM,5.0,8.0,no_advantage,324.0,74.0,202.94640580014263,100.0,0.1858407079646017,147,791,318.5818639798489,344.0,0.9759036144578314,1.1136153275594713,0,0,0,1,0
2019,Azerbaijan Grand Prix,FP2,VET,6.0,3.0,no_advantage,324.0,56.0,178.5149472421835,100.0,0.2058139534883721,177,860,318.5818639798489,344.0,0.9759036144578314,0.979554088004579,0,0,0,1,0
2019,Azerbaijan Grand Prix,FP2,GAS,14.0,3.0,no_advantage,326.8,54.0,157.41300770727304,100.0,0.1859785783836416,191,1027,318.5818639798489,344.0,0.9843373493975904,0.8637627133573669,0,0,0,1,0
2019,Azerbaijan Grand Prix,FP2,BOT,23.0,3.0,no_advantage,315.0,44.3916672,170.03471144163183,100.0,0.2191323692992213,197,899,318.5818639798489,344.0,0.9487951807228916,0.9330210117888175,0,0,0,1,0
2019,Azerbaijan Grand Prix,FP2,GIO,25.0,15.0,no_advantage,322.0,68.0,199.19178647964804,100.0,0.211042944785276,172,815,318.5818639798489,344.0,0.9698795180722891,1.09301283594121,0,0,0,1,0
2019,Azerbaijan Grand Prix,FP2,GIO,27.0,2.0,no_advantage,316.0,63.0,182.8055044497181,100.0,0.2633371169125993,232,881,318.5818639798489,344.0,0.9518072289156626,1.003097398620223,0,0,0,1,0
2019,Azerbaijan Grand Prix,FP2,GRO,28.0,8.0,no_advantage,316.0,66.0,196.983631417504,100.0,0.2031630170316301,167,822,318.5818639798489,344.0,0.9518072289156626,1.0808961625114117,0,0,0,1,0
2019,Azerbaijan Grand Prix,FP2,GRO,29.0,3.0,no_advantage,315.0,0.0,163.3508092297779,100.0,0.2399193548387097,238,992,318.5818639798489,344.0,0.9487951807228916,0.8963448463663108,0,0,0,1,0
2019,Azerbaijan Grand Prix,FP2,VET,26.0,4.0,no_advantage,312.0,68.0,200.00200910081247,100.0,0.1831683168316831,148,808,318.5818639798489,344.0,0.9397590361445783,1.0974587206865287,0,0,0,1,0
2019,Azerbaijan Grand Prix,FP3,ALB,11.0,2.0,no_advantage,300.0,0.0,142.13471951193432,100.0,0.3134851138353765,358,1142,325.1149825783972,347.0,0.9201660138493671,0.8946484746466543,0,0,0,1,0
2019,Azerbaijan Grand Prix,FP3,HAM,15.0,2.0,no_advantage,326.0281248,65.0,175.6095645054751,100.0,0.2423580786026201,222,916,325.1149825783972,347.0,1.0,1.1053515253533457,0,0,0,1,0
2019,Azerbaijan Grand Prix,Q,HAM,1.0,3.0,no_advantage,330.0,44.0,157.42474583555807,100.0,0.2923553719008264,283,968,329.14592274678114,346.0,0.9886159376872379,0.9410135729253853,0,1,0,0,0
2019,Azerbaijan Grand Prix,Q,HUL,2.0,3.0,no_advantage,333.8,62.0,177.16074870978056,100.0,0.2302631578947368,210,912,329.14592274678114,346.0,1.0,1.0589864270746145,0,1,0,0,0
2019,Bahrain Grand Prix,R,GRO,8.0,2.0,no_advantage,297.0,63.0,197.2004360994187,100.0,0.182312925170068,134,735,278.7064485081809,298.0,1.0,1.0,0,0,1,0,0
2019,Belgian Grand Prix,FP1,HAM,9.0,1.0,no_advantage,322.0,44.0,189.7408282021197,100.0,0.125,124,992,219.5202492211838,231.0,1.0,1.0,0,0,0,1,0
2019,British Grand Prix,FP2,ALB,1.0,6.0,no_advantage,290.0,67.0,188.1572656815492,100.0,0.1692111959287532,133,786,237.23629489603024,258.0,1.0,1.0,0,0,0,1,0
2019,British Grand Prix,R,GRO,1.0,5.0,no_advantage,294.0,0.0,156.65436983727312,100.0,0.1764705882352941,174,986,245.19160997732428,257.0,0.9832775919732442,0.8194619681715954,0,0,1,0,0
2019,British Grand Prix,R,PER,26.0,6.0,no_advantage,299.0,92.0,225.6803227337668,100.0,0.1629213483146067,116,712,245.19160997732428,257.0,1.0,1.1805380318284044,0,0,1,0,0
2019,Canadian Grand Prix,FP1,LAT,4.0,8.0,no_advantage,299.0,53.0,174.1715688095419,100.0,0.210134128166915,141,671,281.030737704918,300.0,0.9314641744548287,0.9712108583336951,0,0,0,1,0
2019,Canadian Grand Prix,FP1,LAT,9.0,8.0,no_advantage,286.0,50.0,150.35854190534536,100.0,0.2107969151670951,164,778,281.030737704918,300.0,0.8909657320872274,0.8384252925997252,0,0,0,1,0
2019,Canadian Grand Prix,FP1,GRO,10.0,8.0,no_advantage,298.0,54.0,166.16484402287588,100.0,0.2161016949152542,153,708,281.030737704918,300.0,0.9283489096573209,0.9265639730489738,0,0,0,1,0
2019,Canadian Grand Prix,FP1,ALB,13.0,8.0,no_advantage,300.0,56.0,196.45906082745293,100.0,0.1949579831932773,116,595,281.030737704918,300.0,0.9345794392523364,1.0954897771076926,0,0,0,1,0
2019,Canadian Grand Prix,FP1,KVY,16.0,13.0,no_advantage,321.0,52.0,194.4125803056085,100.0,0.1813643926788685,109,601,281.030737704918,300.0,1.0,1.0840782469838688,0,0,0,1,0
2019,Canadian Grand Prix,FP1,GAS,12.0,1.0,no_advantage,296.0,52.0,161.27219736134708,100.0,0.1991758241758241,145,728,281.030737704918,300.0,0.9221183800623053,0.8992817271798847,0,0,0,1,0
2019,Canadian Grand Prix,FP1,MAG,27.0,8.0,no_advantage,294.0,45.0,179.05099965367666,100.0,0.2142857142857142,141,658,281.030737704918,300.0,0.9158878504672897,0.9984194105141839,0,0,0,1,0
2019,Canadian Grand Prix,FP1,VER,23.0,8.0,no_advantage,299.0,56.0,200.5144274003405,100.0,0.1569965870307167,92,586,281.030737704918,300.0,0.9314641744548287,1.11810320406958,0,0,0,1,0
2019,Canadian Grand Prix,FP1,SAI,31.0,8.0,no_advantage,300.0,60.0,191.6058639660712,99.0,0.2013093289689034,123,611,281.030737704918,300.0,0.9345794392523364,1.068427510162396,0,0,0,1,0
2019,Canadian Grand Prix,FP2,ALB,1.0,8.0,no_advantage,299.0,57.0,171.39761879341734,100.0,0.2176470588235294,148,680,283.18196202531647,302.0,0.980327868852459,1.0185660836609398,0,0,0,1,0
2019,Canadian Grand Prix,FP2,GAS,1.0,8.0,no_advantage,299.0,63.0,187.72087627712787,100.0,0.2045088566827697,127,621,283.18196202531647,302.0,0.980327868852459,1.115570444426369,0,0,0,1,0
2019,Canadian Grand Prix,FP2,GRO,1.0,8.0,no_advantage,298.0,0.0,145.80771623579702,100.0,0.2611940298507462,210,804,283.18196202531647,302.0,0.9770491803278688,0.8664927525792746,0,0,0,1,0
2019,Canadian Grand Prix,FP2,KVY,16.0,1.0,no_advantage,298.4250016,51.0,159.00996226371953,100.0,0.1878378378378378,139,740,283.18196202531647,302.0,0.9784426281967212,0.944949852081906,0,0,0,1,0
2019,Canadian Grand Prix,FP2,GAS,18.0,1.0,no_advantage,298.0,54.0,151.99036719675368,100.0,0.1881443298969072,146,776,283.18196202531647,302.0,0.9770491803278688,0.903234444910102,0,0,0,1,0
2019,Canadian Grand Prix,FP2,NOR,21.0,8.0,no_advantage,305.0,57.0,193.71409940085087,100.0,0.196694214876033,119,605,283.18196202531647,302.0,1.0,1.1511864223414086,0,0,0,1,0
2019,Canadian Grand Prix,FP3,GIO,6.0,13.0,no_advantage,329.0,64.0,204.1786379137656,100.0,0.1875,108,576,290.5055350553505,303.0,0.987987987987988,1.116652844713599,0,0,0,1,0
2019,Canadian Grand Prix,FP3,RUS,5.0,1.0,no_advantage,306.0,51.0,151.67530862050026,100.0,0.2468030690537084,193,782,290.5055350553505,303.0,0.918918918918919,0.8295121692183448,0,0,0,1,0
2019,Canadian Grand Prix,FP3,NOR,8.0,13.0,no_advantage,325.0,49.0,195.68433353494547,100.0,0.1801652892561983,109,605,290.5055350553505,303.0,0.975975975975976,1.070197499309254,0,0,0,1,0
2019,Canadian Grand Prix,FP3,RIC,6.0,1.0,no_advantage,302.0,55.0,164.0357710572467,100.0,0.1428571428571428,103,721,290.5055350553505,303.0,0.9069069069069069,0.8971115306549604,0,0,0,1,0
2019,Canadian Grand Prix,FP3,LEC,13.0,1.0,no_advantage,306.2510470290083,54.0,168.05720203990035,100.0,0.2595204513399153,184,709,290.5055350553505,303.0,0.9196728139009258,0.9191047342167168,0,0,0,1,0
2019,Canadian Grand Prix,FP3,GIO,17.0,1.0,no_advantage,333.0,61.0,213.4615749961865,100.0,0.1857142857142857,104,560,290.5055350553505,303.0,1.0,1.167421221887124,0,0,0,1,0
2019,Canadian Grand Prix,Q,LEC,8.0,8.0,no_advantage,306.3107136,60.0,187.74635832556777,100.0,0.1786283891547049,112,627,293.1861471861472,306.0,1.0,1.0,0,1,0,0,0
2019,Canadian Grand Prix,R,ALB,4.0,1.0,no_advantage,298.0,58.0,196.2354037923468,100.0,0.1926298157453936,115,597,279.52639751552795,299.0,0.9675324675324676,1.006161319666023,0,0,1,0,0
2019,Canadian Grand Prix,R,NOR,7.0,8.0,no_advantage,308.0,57.0,195.92635179874915,99.0,0.1912751677852349,114,596,279.52639751552795,299.0,1.0,1.0045767118138504,0,0,1,0,0
2019,Canadian Grand Prix,R,NOR,8.0,13.0,no_advantage,307.0,55.0,178.59951268573892,99.0,0.2473118279569892,161,651,279.52639751552795,299.0,0.9967532467532467,0.9157364976084912,0,0,1,0,0
2019,Canadian Grand Prix,R,RUS,25.0,13.0,no_advantage,302.0,58.0,191.38677433409384,100.0,0.2094926350245499,128,611,279.52639751552795,299.0,0.9805194805194806,0.9813008545307425,0,0,1,0,0
2019,Canadian Grand Prix,R,SAI,29.0,13.0,no_advantage,308.0,56.0,197.2772625806325,99.0,0.2077702702702702,123,592,279.52639751552795,299.0,1.0,1.0115032609929635,0,0,1,0,0
2019,Canadian Grand Prix,R,HUL,30.0,8.0,no_advantage,299.0,61.0,203.25351048378283,100.0,0.1597222222222222,92,576,279.52639751552795,299.0,0.9707792207792207,1.042145384486887,0,0,1,0,0
2019,Canadian Grand Prix,R,GRO,33.0,1.0,no_advantage,307.0,56.0,198.0213144442039,100.0,0.1807432432432432,107,592,279.52639751552795,299.0,0.9967532467532467,1.015318251511918,0,0,1,0,0
2019,Canadian Grand Prix,R,ALB,57.0,8.0,no_advantage,300.0,60.0,199.5697785466574,100.0,0.1857638888888889,107,576,279.52639751552795,299.0,0.974025974025974,1.0232577193891248,0,0,1,0,0
2019,Chinese Grand Prix,FP3,NOR,10.0,16.0,no_advantage,315.0,60.0,196.8492470032371,100.0,0.1565452091767881,116,741,260.63309352517985,273.0,1.0,1.0,0,0,0,1,0
2019,Chinese Grand Prix,R,VET,25.0,14.0,no_advantage,304.0,61.0,200.80520199058256,100.0,0.1559139784946236,116,744,255.0944333996024,269.0,1.0,1.0,0,0,1,0,0
2019,French Grand Prix,FP1,VET,12.0,1.0,no_advantage,292.0,36.0,143.96865417241958,100.0,0.1392285983066792,148,1063,291.1171171171171,306.0,0.9182389937106918,0.8994573682137201,0,0,0,1,0
2019,French Grand Prix,FP1,RAI,6.0,4.0,no_advantage,316.0,73.0,186.2753279981628,100.0,0.1873508353221957,157,838,291.1171171171171,306.0,0.9937106918238994,1.1637721922698387,0,0,0,1,0
2019,French Grand Prix,FP1,GAS,9.0,2.0,no_advantage,318.0,0.0,149.94104691534707,100.0,0.1923454367026496,196,1019,291.1171171171171,306.0,1.0,0.9367704395164412,0,0,0,1,0
2019,French Grand Prix,FP2,VET,2.0,12.0,no_advantage,326.0,66.0,201.60522029910064,100.0,0.1627906976744186,126,774,288.88718929254304,307.0,1.0,0.9769537534171341,0,0,0,1,0
2019,French Grand Prix,FP2,NOR,10.0,8.0,no_advantage,325.0,80.0,225.143351126358,100.0,0.1502890173410404,104,692,288.88718929254304,307.0,0.9969325153374233,1.0910165997362737,0,0,0,1,0
2019,French Grand Prix,FP2,HAM,9.0,4.0,no_advantage,307.65,57.0,180.02524395450035,104.0,0.2032146957520091,177,871,288.88718929254304,307.0,0.9437116564417177,0.8723798795004165,0,0,0,1,0
2019,French Grand Prix,FP2,PER,16.0,2.0,no_advantage,305.0,75.0,211.7028249638076,100.0,0.1875843454790823,139,741,288.88718929254304,307.0,0.9355828220858896,1.025885486251593,0,0,0,1,0
2019,French Grand Prix,FP2,PER,26.0,8.0,no_advantage,312.0,77.0,213.3287014850416,100.0,0.1947873799725651,142,729,288.88718929254304,307.0,0.9570552147239264,1.0337642810945826,0,0,0,1,0
2019,French Grand Prix,R,RIC,35.0,8.0,no_advantage,307.0,81.0,217.15792005010644,100.0,0.1454046639231824,106,729,288.33070088845017,308.0,1.0,1.0,0,0,1,0,0
2019,German Grand Prix,FP1,BOT,27.0,13.0,no_advantage,302.0,54.0,206.98533100164155,100.0,0.1627516778523489,97,596,259.7956204379562,274.0,1.0,1.0,0,0,0,1,0
2019,German Grand Prix,FP3,VET,2.0,1.0,clear_violation,323.0,57.0,224.5666158880593,100.0,0.1793478260869565,99,552,262.1578947368421,275.0,0.9670658682634731,1.0028755002459975,0,0,0,1,0
2019,German Grand Prix,FP3,VET,12.0,17.0,clear_violation,324.0,58.0,226.2569711424434,100.0,0.1669724770642202,91,545,262.1578947368421,275.0,0.9700598802395209,1.0104243332042273,0,0,0,1,0
2019,German Grand Prix,FP3,RAI,8.0,17.0,clear_violation,328.0,57.0,223.8215154332624,100.0,0.1615798922800718,90,557,262.1578947368421,275.0,0.9820359281437125,0.9995480110358006,0,0,0,1,0
2019,German Grand Prix,FP3,RAI,15.0,17.0,clear_violation,334.0,56.0,224.11071652618847,100.0,0.1546762589928057,86,556,262.1578947368421,275.0,1.0,1.000839532883752,0,0,0,1,0
2019,German Grand Prix,FP3,RAI,17.0,17.0,clear_violation,334.0,55.0,224.4597501242204,100.0,0.1660649819494584,92,554,262.1578947368421,275.0,1.0,1.0023982563068428,0,0,0,1,0
2019,German Grand Prix,FP3,ALB,11.0,17.0,clear_violation,321.0,54.0,221.96137394447945,100.0,0.163375224416517,91,557,262.1578947368421,275.0,0.9610778443113772,0.9912409422459257,0,0,0,1,0
2019,German Grand Prix,FP3,KVY,9.0,1.0,clear_violation,323.0,55.0,222.6302473787796,100.0,0.1556350626118068,87,559,262.1578947368421,275.0,0.9670658682634731,0.9942280148229083,0,0,0,1,0
2019,German Grand Prix,FP3,KVY,12.0,1.0,clear_violation,321.0,53.0,221.9442492223074,100.0,0.1379928315412186,77,558,262.1578947368421,275.0,0.9610778443113772,0.9911644662112001,0,0,0,1,0
2019,German Grand Prix,FP3,HAM,17.0,17.0,clear_violation,318.0,58.0,226.58156335056324,100.0,0.1313868613138686,72,548,262.1578947368421,275.0,0.9520958083832335,1.011873905625341,0,0,0,1,0
2019,German Grand Prix,FP3,SAI,17.0,17.0,clear_violation,325.0,56.0,222.8942573323295,100.0,0.1546762589928057,86,556,262.1578947368421,275.0,0.9730538922155688,0.9954070374180044,0,0,0,1,0
2019,German Grand Prix,Q,GAS,14.0,17.0,clear_violation,329.0,56.0,228.3517298879192,100.0,0.1346863468634686,73,542,267.35051546391753,274.0,0.9791666666666666,1.0663961986233481,0,1,0,0,0
2019,German Grand Prix,Q,LEC,7.0,1.0,clear_violation,296.0,53.0,192.4658013602444,100.0,0.1866251944012441,120,643,267.35051546391753,274.0,0.8809523809523809,0.8988099150214469,0,1,0,0,0
2019,German Grand Prix,Q,GIO,5.0,1.0,clear_violation,336.0,56.0,217.5315958779973,100.0,0.1566901408450704,89,568,267.35051546391753,274.0,1.0,1.01586647510236,0,1,0,0,0
2019,German Grand Prix,Q,KUB,4.0,17.0,clear_violation,325.0,51.0,218.1870465125195,100.0,0.1728395061728395,98,567,267.35051546391753,274.0,0.9672619047619048,1.018927411252845,0,1,0,0,0
2019,German Grand Prix,R,HAM,52.0,1.0,no_advantage,305.0,58.0,210.85515397392044,100.0,0.1587837837837837,94,592,240.42110655737704,272.0,0.993485342019544,1.005013999450988,0,0,1,0,0
2019,German Grand Prix,R,GRO,61.0,6.0,no_advantage,307.0,48.0,208.751247706265,100.0,0.1836393989983305,110,599,240.42110655737704,272.0,1.0,0.9949860005490122,0,0,1,0,0
2019,Hungarian Grand Prix,R,HAM,2.0,3.0,no_advantage,296.0,92.0,190.7396301593309,100.0,0.1919354838709677,119,620,249.42010502625652,266.0,0.9801324503311258,1.0017295246679976,0,0,1,0,0
2019,Hungarian Grand Prix,R,BOT,7.0,4.0,no_advantage,291.0,95.0,193.11535231016816,100.0,0.1791530944625407,110,614,249.42010502625652,266.0,0.9635761589403974,1.0142063813071422,0,0,1,0,0
2019,Hungarian Grand Prix,R,PER,69.0,1.0,no_advantage,302.0,70.0,187.3759500196304,100.0,0.2547169811320754,162,636,249.42010502625652,266.0,1.0,0.9840640940248601,0,0,1,0,0
2019,Monaco Grand Prix,FP1,VET,6.0,1.0,no_advantage,274.7749984,40.0,132.15421694470157,100.0,0.2725947521865889,187,686,256.3209677419355,273.0,0.9607517426573428,1.0218882695152784,0,0,0,1,0
2019,Monaco Grand Prix,FP1,BOT,12.0,1.0,no_advantage,286.0,42.0,140.95048037478026,100.0,0.2115085536547434,136,643,256.3209677419355,273.0,1.0,1.0899057616738896,0,0,0,1,0
2019,Monaco Grand Prix,FP1,KVY,20.0,1.0,no_advantage,280.0,39.0,126.38962456743734,100.0,0.2731092436974789,195,714,256.3209677419355,273.0,0.9790209790209791,0.9773133065284489,0,0,0,1,0
2019,Monaco Grand Prix,FP1,NOR,27.0,1.0,no_advantage,279.68333226666664,43.0,131.09321719578392,99.0,0.2714078374455733,187,689,256.3209677419355,273.0,0.9779137491841491,1.0136840424959372,0,0,0,1,0
2019,Monaco Grand Prix,FP1,VER,18.0,5.0,no_advantage,282.0,0.0,90.58767048816982,100.0,0.4221422142214221,469,1111,256.3209677419355,273.0,0.986013986013986,0.700473128854535,0,0,0,1,0
2019,Monaco Grand Prix,FP1,STR,18.0,1.0,no_advantage,285.0,46.0,154.76608002267997,100.0,0.25,146,584,256.3209677419355,273.0,0.9965034965034965,1.19673549093191,0,0,0,1,0
2019,Monaco Grand Prix,FP2,RUS,5.0,1.0,no_advantage,275.0,40.0,123.33762417116084,100.0,0.2122448979591836,156,735,255.9715762273902,277.0,0.9717314487632509,0.9307867936459775,0,0,0,1,0
2019,Monaco Grand Prix,FP2,HAM,18.0,1.0,no_advantage,276.0,45.0,117.60504282865868,100.0,0.2109375,162,768,255.9715762273902,277.0,0.9752650176678446,0.8875249662598944,0,0,0,1,0
2019,Monaco Grand Prix,FP2,VET,26.0,1.0,no_advantage,283.0,44.0,156.58432311153356,100.0,0.2607944732297064,151,579,255.9715762273902,277.0,1.0,1.1816882400941282,0,0,0,1,0
2019,Monaco Grand Prix,FP3,STR,17.0,1.0,no_advantage,279.0,33.0,109.55958935484692,100.0,0.1674757281553398,138,824,255.0373831775701,275.0,1.0,1.0,0,0,0,1,0
2019,Spanish Grand Prix,FP1,GRO,12.0,7.0,no_advantage,304.0,38.0,121.82012478841364,100.0,0.1273080660835762,131,1029,276.3974358974359,291.0,1.0,1.0,0,0,0,1,0
2019,Spanish Grand Prix,FP2,HAM,5.0,13.0,no_advantage,319.0,78.0,203.18231836110792,100.0,0.144026186579378,88,611,274.8678955453149,294.0,1.0,1.0091297724372947,0,0,0,1,0
2019,Spanish Grand Prix,FP2,KVY,24.0,1.0,no_advantage,304.0,70.0,199.50586686679003,100.0,0.164274322169059,103,627,274.8678955453149,294.0,0.9529780564263323,0.9908702275627053,0,0,0,1,0
2020,70th Anniversary Grand Prix,FP1,VET,8.0,9.0,clear_violation,315.0,90.0,237.81042427146664,100.0,0.1142857142857142,88,770,233.1800554016621,256.0,0.984375,1.0105549482462362,0,0,0,1,0
2020,70th Anniversary Grand Prix,FP1,RAI,9.0,9.0,clear_violation,319.0,88.0,235.7088590212115,100.0,0.1261261261261261,98,777,233.1800554016621,256.0,0.996875,1.0016245274322042,0,0,0,1,0
2020,70th Anniversary Grand Prix,FP1,MAG,10.0,9.0,clear_violation,318.0,57.0,232.2546879826832,100.0,0.1493670886075949,118,790,233.1800554016621,256.0,0.99375,0.9869463246336213,0,0,0,1,0
2020,70th Anniversary Grand Prix,FP1,ALB,20.0,15.0,clear_violation,320.0,90.0,235.35438260127992,100.0,0.1503856041131105,117,778,233.1800554016621,256.0,1.0,1.0001182103676942,0,0,0,1,0
2020,70th Anniversary Grand Prix,FP1,KUB,12.0,9.0,clear_violation,319.0,86.0,235.5044689311333,100.0,0.1617458279845956,126,779,233.1800554016621,256.0,0.996875,1.0007559893202447,0,0,0,1,0
2020,70th Anniversary Grand Prix,FP2,RIC,9.0,9.0,clear_violation,320.0,96.0,241.7799112444427,100.0,0.1005291005291005,76,756,244.1928251121076,257.0,0.9846153846153847,1.1293423529197526,0,0,0,1,0
2020,70th Anniversary Grand Prix,FP2,ALB,15.0,9.0,clear_violation,300.0,81.0,224.62590914572925,100.0,0.1595092024539877,130,815,244.1928251121076,257.0,0.9230769230769231,1.0492168330101794,0,0,0,1,0
2020,70th Anniversary Grand Prix,FP2,SAI,22.0,9.0,clear_violation,313.0,85.0,213.19966912125423,99.0,0.1451990632318501,124,854,244.1928251121076,257.0,0.963076923076923,0.9958454146493703,0,0,0,1,0
2020,70th Anniversary Grand Prix,FP2,STR,17.0,14.0,no_advantage,305.0,82.0,212.7599358204997,100.0,0.2176949941792782,187,859,244.1928251121076,257.0,0.9384615384615385,0.9937914415215977,0,0,0,1,0
2020,70th Anniversary Grand Prix,FP2,RAI,24.0,13.0,no_advantage,325.0,0.0,178.0801778961629,100.0,0.2200392927308448,224,1018,244.1928251121076,257.0,1.0,0.8318039578991007,0,0,0,1,0
2020,70th Anniversary Grand Prix,FP3,VER,8.0,15.0,clear_violation,311.0,64.0,170.842511422331,100.0,0.1445895522388059,155,1072,224.02100840336132,254.0,0.9569230769230769,0.8894618557840648,0,0,0,1,0
2020,70th Anniversary Grand Prix,FP3,RUS,5.0,15.0,clear_violation,325.0,52.0,213.30552215856392,100.0,0.1558139534883721,134,860,224.02100840336132,254.0,1.0,1.1105381442159354,0,0,0,1,0
2020,70th Anniversary Grand Prix,Q,KVY,5.0,15.0,clear_violation,333.0,91.0,239.0894320766965,100.0,0.1227154046997389,94,766,250.4782608695652,257.0,1.0,1.0,0,1,0,0,0
2020,70th Anniversary Grand Prix,R,ALB,10.0,15.0,clear_violation,324.0,86.0,222.947710220362,100.0,0.2037267080745341,164,805,247.24008138351985,255.0,0.9257142857142857,0.9870188783575402,0,0,1,0,0
2020,70th Anniversary Grand Prix,R,ALB,33.0,15.0,clear_violation,350.0,86.0,228.10748452954817,100.0,0.18625,149,800,247.24008138351985,255.0,1.0,1.0098618788359808,0,0,1,0,0
2020,70th Anniversary Grand Prix,R,KVY,30.0,15.0,clear_violation,337.0,82.0,225.45434018000563,100.0,0.1883519206939281,152,807,247.24008138351985,255.0,0.9628571428571429,0.9981160593457614,0,0,1,0,0
2020,70th Anniversary Grand Prix,R,VET,36.0,15.0,clear_violation,331.0,83.0,229.7213831749017,100.0,0.1927409261576971,154,799,247.24008138351985,255.0,0.9457142857142857,1.0170068207111187,0,0,1,0,0
2020,70th Anniversary Grand Prix,R,VET,37.0,15.0,clear_violation,332.0,82.0,228.78311629961848,100.0,0.200501253132832,160,798,247.24008138351985,255.0,0.9485714285714286,1.0128529896718732,0,0,1,0,0
2020,70th Anniversary Grand Prix,R,GRO,29.0,15.0,clear_violation,315.0,84.0,222.9886474304848,100.0,0.1451219512195121,119,820,247.24008138351985,255.0,0.9,0.987200112778735,0,0,1,0,0
2020,70th Anniversary Grand Prix,R,LAT,16.0,15.0,clear_violation,336.0,84.0,223.5283114366429,100.0,0.2267156862745098,185,816,247.24008138351985,255.0,0.96,0.9895892764150047,0,0,1,0,0
2020,70th Anniversary Grand Prix,R,LAT,51.0,15.0,clear_violation,342.0,89.0,227.8560941435176,100.0,0.2359550561797752,189,801,247.24008138351985,255.0,0.9771428571428571,1.0087489404855285,0,0,1,0,0
2020,70th Anniversary Grand Prix,R,MAG,17.0,15.0,clear_violation,315.0,86.0,223.5318728810437,100.0,0.1713586291309669,140,817,247.24008138351985,255.0,0.9,0.9896050433984572,0,0,1,0,0
2020,Austrian Grand Prix,FP1,STR,5.0,10.0,clear_violation,319.0,71.0,233.03648330021304,100.0,0.1870748299319728,110,588,271.44628099173553,288.0,1.0,1.0,0,0,0,1,0
2020,Austrian Grand Prix,FP1,STR,5.0,9.0,no_advantage,319.0,71.0,233.03648330021304,100.0,0.1870748299319728,110,588,271.44628099173553,288.0,1.0,1.0,0,0,0,1,0
2020,Austrian Grand Prix,FP2,RAI,12.0,10.0,clear_violation,319.0,68.0,234.2403624816135,100.0,0.1767764298093587,102,577,268.2585751978892,287.0,1.0,1.1557328166836764,0,0,0,1,0
2020,Austrian Grand Prix,FP2,RAI,13.0,10.0,clear_violation,290.0,54.0,165.09050143601542,100.0,0.2825552825552825,230,814,268.2585751978892,287.0,0.9090909090909091,0.8145500980743374,0,0,0,1,0
2020,Austrian Grand Prix,FP2,RAI,29.0,10.0,clear_violation,311.0,59.0,219.0152707760284,100.0,0.197389885807504,121,613,268.2585751978892,287.0,0.9749216300940439,1.0806128077546246,0,0,0,1,0
2020,Austrian Grand Prix,FP2,RAI,30.0,10.0,clear_violation,303.0,50.0,208.2805305873896,100.0,0.2043343653250774,132,646,268.2585751978892,287.0,0.9498432601880877,1.0276480181549807,0,0,0,1,0
2020,Austrian Grand Prix,FP2,STR,30.0,10.0,clear_violation,298.0,67.0,221.53800101097943,100.0,0.2013093289689034,123,611,268.2585751978892,287.0,0.9341692789968652,1.09305986038588,0,0,0,1,0
2020,Austrian Grand Prix,FP2,MAG,2.0,9.0,clear_violation,310.0,70.0,232.0523884817248,100.0,0.1568965517241379,91,580,268.2585751978892,287.0,0.9717868338557993,1.1449374382658322,0,0,0,1,0
2020,Austrian Grand Prix,FP2,HAM,23.0,10.0,clear_violation,300.0,66.0,203.3090042108762,100.0,0.1885369532428356,125,663,268.2585751978892,287.0,0.9404388714733543,1.0031187008269475,0,0,0,1,0
2020,Austrian Grand Prix,FP2,LAT,5.0,3.0,no_advantage,311.0,0.0,138.85569511737194,100.0,0.2520408163265306,247,980,268.2585751978892,287.0,0.9749216300940439,0.6851085864553631,0,0,0,1,0
2020,Austrian Grand Prix,FP2,RAI,10.0,6.0,no_advantage,318.0,44.0,180.1627262416917,100.0,0.2156084656084656,163,756,268.2585751978892,287.0,0.9968652037617555,0.8889158676787162,0,0,0,1,0
2020,Austrian Grand Prix,FP2,VER,13.0,6.0,no_advantage,290.0,75.0,224.2246751238825,100.0,0.1293532338308457,78,603,268.2585751978892,287.0,0.9090909090909091,1.106315805719641,0,0,0,1,0
2020,Austrian Grand Prix,FP3,RAI,16.0,9.0,clear_violation,318.0,67.0,221.37979499136088,100.0,0.167487684729064,102,609,265.49657534246575,289.0,1.0,1.0,0,0,0,1,0
2020,Austrian Grand Prix,R,KVY,39.0,10.0,clear_violation,297.0,60.0,220.32948561082884,100.0,0.165837479270315,100,603,260.64406779661016,291.0,0.9,1.126040228187821,0,0,1,0,0
2020,Austrian Grand Prix,R,KVY,40.0,10.0,clear_violation,297.0,60.0,220.4326683130128,100.0,0.1603305785123966,97,605,260.64406779661016,291.0,0.9,1.1265675651131997,0,0,1,0,0
2020,Austrian Grand Prix,R,KVY,60.0,9.0,clear_violation,283.0,56.0,174.8750529120644,100.0,0.2598039215686274,159,612,260.64406779661016,291.0,0.8575757575757575,0.8937357791197973,0,0,1,0,0
2020,Austrian Grand Prix,R,KVY,63.0,10.0,clear_violation,330.0,46.0,219.09797305542503,100.0,0.1954022988505747,119,609,260.64406779661016,291.0,1.0,1.1197463239695156,0,0,1,0,0
2020,Austrian Grand Prix,R,KVY,64.0,10.0,clear_violation,324.0,4.0,216.7535339540881,100.0,0.1682847896440129,104,618,260.64406779661016,291.0,0.9818181818181818,1.1077645743034503,0,0,1,0,0
2020,Austrian Grand Prix,R,OCO,65.0,10.0,clear_violation,320.0,63.0,223.63782171408263,100.0,0.1983333333333333,119,600,260.64406779661016,291.0,0.9696969696969697,1.142948176437698,0,0,1,0,0
2020,Austrian Grand Prix,R,VET,39.0,10.0,clear_violation,305.0,65.0,223.872616855362,100.0,0.1879084967320261,115,612,260.64406779661016,291.0,0.9242424242424242,1.1441481464450287,0,0,1,0,0
2020,Austrian Grand Prix,R,VET,40.0,10.0,clear_violation,304.0,64.0,222.4082565308839,100.0,0.1967479674796748,121,615,260.64406779661016,291.0,0.9212121212121213,1.13666422467508,0,0,1,0,0
2020,Austrian Grand Prix,R,VET,58.0,10.0,clear_violation,263.0,70.0,152.17914248056482,100.0,0.2340425531914893,143,611,260.64406779661016,291.0,0.796969696969697,0.7777435500708131,0,0,1,0,0
2020,Austrian Grand Prix,R,VET,59.0,10.0,clear_violation,216.5499968,71.0,139.81424093692928,100.0,0.2345276872964169,144,614,260.64406779661016,291.0,0.6562121115151516,0.7145501172122243,0,0,1,0,0
2020,Austrian Grand Prix,R,GRO,16.0,9.0,clear_violation,305.0,59.0,218.7420570646083,100.0,0.1719342604298356,136,791,260.64406779661016,291.0,0.9242424242424242,1.1179273403577494,0,0,1,0,0
2020,Austrian Grand Prix,R,GRO,27.0,10.0,clear_violation,231.0,87.0,143.39745183231724,100.0,0.2414910858995137,149,617,260.64406779661016,291.0,0.7,0.7328628709641871,0,0,1,0,0
2020,Austrian Grand Prix,R,GRO,28.0,10.0,clear_violation,288.0,57.0,168.13730566722833,100.0,0.2077294685990338,129,621,260.64406779661016,291.0,0.8727272727272727,0.8593011031434368,0,0,1,0,0
2020,Belgian Grand Prix,FP1,GAS,5.0,9.0,clear_violation,329.0,38.0,208.7650910924393,100.0,0.1444976076555024,151,1045,220.60649819494583,231.0,0.9939577039274925,0.9308118666402985,0,0,0,1,0
2020,Belgian Grand Prix,FP1,GAS,15.0,19.0,clear_violation,331.0,66.0,232.8327567563781,100.0,0.1203407880724174,113,939,220.60649819494583,231.0,1.0,1.0381213247738228,0,0,0,1,0
2020,Belgian Grand Prix,FP1,GAS,16.0,19.0,clear_violation,306.0,71.0,216.11688456408763,100.0,0.1193293885601577,121,1014,220.60649819494583,231.0,0.9244712990936556,0.9635909896665178,0,0,0,1,0
2020,Belgian Grand Prix,FP1,VER,9.0,9.0,clear_violation,323.0,74.0,237.4865833825516,100.0,0.1230936819172113,113,918,220.60649819494583,231.0,0.9758308157099698,1.0588711399189745,0,0,0,1,0
2020,Belgian Grand Prix,FP1,SAI,19.0,9.0,clear_violation,319.0,69.0,226.21268081570915,100.0,0.1204569055036344,116,963,220.60649819494583,231.0,0.9637462235649547,1.0086046790003869,0,0,0,1,0
2020,Belgian Grand Prix,FP2,VET,20.0,9.0,clear_violation,314.0,69.0,224.8663124975245,100.0,0.1536082474226804,149,970,219.09384164222877,232.0,0.9874213836477987,0.9923422986170604,0,0,0,1,0
2020,Belgian Grand Prix,FP2,GAS,19.0,9.0,clear_violation,312.0,68.0,225.8108270036301,100.0,0.1170984455958549,113,965,219.09384164222877,232.0,0.9811320754716981,0.9965104716335335,0,0,0,1,0
2020,Belgian Grand Prix,FP2,GAS,20.0,9.0,clear_violation,313.0,67.0,226.49835996486985,100.0,0.1121495327102803,108,963,219.09384164222877,232.0,0.9842767295597484,0.9995445767938569,0,0,0,1,0
2020,Belgian Grand Prix,FP2,GAS,23.0,9.0,clear_violation,318.0,69.0,227.98310207067428,100.0,0.1204188481675392,115,955,219.09384164222877,232.0,1.0,1.006096791653269,0,0,0,1,0
2020,Belgian Grand Prix,FP2,STR,15.0,9.0,clear_violation,316.0,65.0,227.84919633154087,100.0,0.1474895397489539,141,956,219.09384164222877,232.0,0.9937106918238994,1.0055058613022805,0,0,0,1,0
2020,Belgian Grand Prix,FP3,RAI,4.0,19.0,clear_violation,323.0,66.0,238.12444083684187,100.0,0.1300546448087431,119,915,224.72988505747125,232.0,1.0,1.0,0,0,0,1,0
2020,Belgian Grand Prix,Q,MAG,7.0,14.0,no_advantage,298.0,0.0,110.04168980915009,104.0,0.2830284552845528,557,1968,227.49068322981367,237.0,1.0,1.0,0,1,0,0,0
2020,Belgian Grand Prix,R,GAS,5.0,9.0,clear_violation,343.0,64.0,223.99299545706447,100.0,0.1469681397738951,143,973,214.46514745308312,226.0,1.0,0.991596326478769,0,0,1,0,0
2020,Belgian Grand Prix,R,STR,7.0,9.0,clear_violation,330.0,63.0,223.66426427116667,100.0,0.1762295081967213,172,976,214.46514745308312,226.0,0.9620991253644315,0.9901410638458009,0,0,1,0,0
2020,Belgian Grand Prix,R,NOR,34.0,9.0,clear_violation,325.0,66.0,229.31899374857667,100.0,0.1568421052631579,149,950,214.46514745308312,226.0,0.9475218658892128,1.0151740295668463,0,0,1,0,0
2020,Belgian Grand Prix,R,GRO,36.0,9.0,clear_violation,322.0,66.0,226.588995710752,100.0,0.1391484942886812,134,963,214.46514745308312,226.0,0.9387755102040817,1.0030885801085836,0,0,1,0,0
2020,British Grand Prix,FP1,RIC,9.0,15.0,clear_violation,323.0,99.0,237.70149170191368,100.0,0.1240310077519379,96,774,235.74425287356323,257.0,1.0,1.039085743478957,0,0,0,1,0
2020,British Grand Prix,FP1,NOR,10.0,5.0,clear_violation,313.0,87.0,226.1959597678984,100.0,0.1594561186650185,129,809,235.74425287356323,257.0,0.9690402476780186,0.9887905849665761,0,0,0,1,0
2020,British Grand Prix,FP1,ALB,14.0,15.0,clear_violation,320.0,92.0,236.6739712296516,100.0,0.1384217335058215,107,773,235.74425287356323,257.0,0.9907120743034056,1.0345940515412422,0,0,0,1,0
2020,British Grand Prix,FP1,OCO,11.0,15.0,clear_violation,319.0,98.0,238.75016747234875,100.0,0.1302083333333333,100,768,235.74425287356323,257.0,0.9876160990712074,1.043669913459503,0,0,0,1,0
2020,British Grand Prix,FP1,RAI,8.0,7.0,no_advantage,309.0,75.0,204.47955036769028,100.0,0.17152466367713,153,892,235.74425287356323,257.0,0.9566563467492261,0.893859706553721,0,0,0,1,0
2020,British Grand Prix,FP2,NOR,5.0,15.0,clear_violation,318.0,65.0,209.97706026104348,99.0,0.1536697247706422,134,872,238.0404255319149,259.0,0.9845201238390093,0.9628202067760216,0,0,0,1,0
2020,British Grand Prix,FP2,GAS,4.0,15.0,clear_violation,323.0,79.0,223.97410036354336,100.0,0.1040391676866585,85,817,238.0404255319149,259.0,1.0,1.0270016608309886,0,0,0,1,0
2020,British Grand Prix,FP2,MAG,25.0,9.0,clear_violation,298.0,93.0,220.305133904626,100.0,0.1632653061224489,136,833,238.0404255319149,259.0,0.9226006191950464,1.0101781323929895,0,0,0,1,0
2020,British Grand Prix,FP3,RAI,15.0,9.0,clear_violation,314.0,89.0,238.794688069582,100.0,0.1328125,102,768,236.31182795698925,257.0,1.0,1.0599275924579996,0,0,0,1,0
2020,British Grand Prix,FP3,MAG,12.0,9.0,clear_violation,308.0,69.0,198.88456967407,100.0,0.1491891891891892,138,925,236.31182795698925,257.0,0.9808917197452229,0.8827802863447979,0,0,0,1,0
2020,British Grand Prix,FP3,ALB,2.0,9.0,clear_violation,312.0,95.0,238.20093379606703,100.0,0.1415584415584415,109,770,236.31182795698925,257.0,0.9936305732484076,1.0572921211972026,0,0,0,1,0
2020,British Grand Prix,Q,VET,19.0,9.0,clear_violation,319.0,92.0,244.8012382860765,100.0,0.12,90,750,253.7107843137255,262.0,0.996875,1.0067158214054885,0,1,0,0,0
2020,British Grand Prix,Q,GRO,5.0,9.0,clear_violation,320.0,89.0,241.53509035988927,100.0,0.1274638633377135,97,761,253.7107843137255,262.0,1.0,0.9932841785945116,0,1,0,0,0
2020,British Grand Prix,R,GAS,37.0,15.0,clear_violation,333.0,85.0,231.1547194151809,100.0,0.1310432569974554,103,786,230.24311926605503,258.0,1.0,1.0462222317843575,0,0,1,0,0
2020,British Grand Prix,R,ALB,6.0,9.0,clear_violation,310.0,79.0,213.72652548535785,100.0,0.1849642004773269,155,838,230.24311926605503,258.0,0.9309309309309309,0.9673410218511953,0,0,1,0,0
2020,British Grand Prix,R,ALB,19.0,9.0,clear_violation,322.0,79.0,219.2021053606735,100.0,0.2047619047619047,172,840,230.24311926605503,258.0,0.9669669669669669,0.9921238747038637,0,0,1,0,0
2020,British Grand Prix,R,NOR,19.0,9.0,clear_violation,318.0,71.0,223.11622789301296,100.0,0.1757575757575757,145,825,230.24311926605503,258.0,0.954954954954955,1.0098394637328139,0,0,1,0,0
2020,British Grand Prix,R,VET,47.0,9.0,clear_violation,306.0,83.0,232.86057149007485,100.0,0.1329113924050632,105,790,230.24311926605503,258.0,0.918918918918919,1.0539430361417368,0,0,1,0,0
2020,British Grand Prix,R,SAI,19.0,9.0,clear_violation,307.0,76.0,222.73101374049585,100.0,0.174757281553398,144,824,230.24311926605503,258.0,0.9219219219219219,1.008095957862023,0,0,1,0,0
2020,British Grand Prix,R,SAI,43.0,9.0,clear_violation,306.0,87.0,231.97410834823424,100.0,0.1126582278481012,89,790,230.24311926605503,258.0,0.918918918918919,1.0499308427113043,0,0,1,0,0
2020,British Grand Prix,R,RAI,47.0,9.0,clear_violation,300.0,60.0,178.22909421834834,100.0,0.1928071928071928,193,1001,230.24311926605503,258.0,0.9009009009009009,0.8066771952300396,0,0,1,0,0
2020,British Grand Prix,R,GRO,9.0,9.0,clear_violation,325.0,80.0,223.98565102056543,100.0,0.1654411764705882,135,816,230.24311926605503,258.0,0.975975975975976,1.0137745328811927,0,0,1,0,0
2020,British Grand Prix,R,GAS,42.0,15.0,no_advantage,303.0,87.0,232.4427269984353,100.0,0.1189873417721519,94,790,230.24311926605503,258.0,0.9099099099099099,1.0520518431014738,0,0,1,0,0
2020,Eifel Grand Prix,FP3,NOR,9.0,4.0,clear_violation,313.0,81.0,206.13815857558848,100.0,0.1604621309370988,125,779,250.4525,266.0,0.9750778816199377,1.0554204196641337,0,0,0,1,0
2020,Eifel Grand Prix,FP3,VET,5.0,13.0,clear_violation,290.0,87.0,193.572872002946,100.0,0.2243667068757539,186,829,250.4525,266.0,0.9034267912772586,0.991086576190726,0,0,0,1,0
2020,Eifel Grand Prix,FP3,VET,7.0,4.0,clear_violation,293.0,82.0,196.53380746641537,100.0,0.2090464547677261,171,818,250.4525,266.0,0.9127725856697819,1.006246465902787,0,0,0,1,0
2020,Eifel Grand Prix,FP3,RAI,8.0,4.0,clear_violation,311.0,79.0,196.72210958830004,100.0,0.1906519065190652,155,813,250.4525,266.0,0.9688473520249221,1.0072105664161342,0,0,0,1,0
2020,Eifel Grand Prix,FP3,RAI,22.0,4.0,clear_violation,313.0,83.0,207.89340204814167,100.0,0.1694695989650711,131,773,250.4525,266.0,0.9750778816199377,1.064407207046032,0,0,0,1,0
2020,Eifel Grand Prix,FP3,GAS,5.0,4.0,clear_violation,295.0,83.0,199.01133303072857,100.0,0.167910447761194,135,804,250.4525,266.0,0.9190031152647975,1.0189313132347146,0,0,0,1,0
2020,Eifel Grand Prix,FP3,PER,16.0,4.0,clear_violation,298.0,86.0,198.66621461609105,100.0,0.1775585696670776,144,811,250.4525,266.0,0.9283489096573209,1.01716431859128,0,0,0,1,0
2020,Eifel Grand Prix,FP3,LEC,6.0,4.0,clear_violation,287.0,58.0,184.3768514885965,100.0,0.2278481012658227,198,869,250.4525,266.0,0.8940809968847352,0.9440032613034641,0,0,0,1,0
2020,Eifel Grand Prix,FP3,MAG,6.0,13.0,clear_violation,292.0,84.0,190.22781742001405,100.0,0.228944246737841,193,843,250.4525,266.0,0.9096573208722741,0.9739600095418689,0,0,0,1,0
2020,Eifel Grand Prix,FP3,ALB,14.0,4.0,clear_violation,311.0,88.0,209.3678510972718,100.0,0.1820546163849154,140,769,250.4525,266.0,0.9688473520249221,1.071956336450114,0,0,0,1,0
2020,Eifel Grand Prix,FP3,OCO,2.0,13.0,clear_violation,312.0,64.0,191.1736253442038,100.0,0.2012422360248447,162,805,250.4525,266.0,0.9719626168224299,0.978802514215277,0,0,0,1,0
2020,Eifel Grand Prix,FP3,VER,2.0,4.0,clear_violation,312.0,72.0,200.5549249386356,100.0,0.2007822685788787,154,767,250.4525,266.0,0.9719626168224299,1.0268344517438133,0,0,0,1,0
2020,Eifel Grand Prix,FP3,SAI,7.0,4.0,clear_violation,312.0,70.0,196.2961521677531,99.0,0.19559902200489,160,818,250.4525,266.0,0.9719626168224299,1.0050296787888302,0,0,0,1,0
2020,Eifel Grand Prix,FP3,SAI,8.0,4.0,clear_violation,317.0,74.0,202.881524294654,99.0,0.1820480404551201,144,791,250.4525,266.0,0.9875389408099688,1.0387465619794292,0,0,0,1,0
2020,Eifel Grand Prix,FP3,VER,1.0,4.0,no_advantage,291.0,56.0,172.47237250865402,100.0,0.1966824644549763,166,844,250.4525,266.0,0.9065420560747663,0.8830527304181959,0,0,0,1,0
2020,Eifel Grand Prix,FP3,GAS,4.0,4.0,no_advantage,291.0,80.0,196.925253184698,100.0,0.1668726823238566,135,809,250.4525,266.0,0.9065420560747663,1.0082506547784438,0,0,0,1,0
2020,Eifel Grand Prix,FP3,SAI,6.0,4.0,no_advantage,321.0,37.0,164.8601452588562,99.0,0.2057911065149948,199,967,250.4525,266.0,1.0,0.8440783836302169,0,0,0,1,0
2020,Eifel Grand Prix,FP3,LEC,5.0,4.0,no_advantage,290.0,82.0,197.70191093300167,100.0,0.1960542540073983,159,811,250.4525,266.0,0.9034267912772586,1.0122271162560963,0,0,0,1,0
2020,Eifel Grand Prix,FP3,RAI,7.0,4.0,no_advantage,311.0,79.0,197.174871642731,100.0,0.1911220715166461,155,811,250.4525,266.0,0.9688473520249221,1.0095286928649077,0,0,0,1,0
2020,Eifel Grand Prix,FP3,NOR,8.0,4.0,no_advantage,309.0,55.0,188.29669259912265,100.0,0.1561032863849765,133,852,250.4525,266.0,0.9626168224299065,0.9640727155882768,0,0,0,1,0
2020,Eifel Grand Prix,FP3,PER,15.0,4.0,no_advantage,296.0,83.0,197.70257129254463,100.0,0.1785714285714285,145,812,250.4525,266.0,0.9221183800623053,1.012230497274685,0,0,0,1,0
2020,Eifel Grand Prix,FP3,RUS,20.0,4.0,no_advantage,314.0,89.0,208.3528427844116,100.0,0.1753246753246753,135,770,250.4525,266.0,0.9781931464174455,1.0667595281205748,0,0,0,1,0
2020,Eifel Grand Prix,Q,GIO,2.0,4.0,clear_violation,313.0,88.0,207.90393009676845,100.0,0.1679586563307493,130,774,257.1388888888889,263.0,1.0,1.1002706054246891,0,1,0,0,0
2020,Eifel Grand Prix,Q,MAG,2.0,4.0,clear_violation,311.0,88.0,208.1362670216927,100.0,0.1834625322997416,142,774,257.1388888888889,263.0,0.9936102236421726,1.1015001804929907,0,1,0,0,0
2020,Eifel Grand Prix,Q,GRO,7.0,4.0,clear_violation,312.0,84.0,211.7307296621873,100.0,0.1517150395778364,115,758,257.1388888888889,263.0,0.9968051118210862,1.120522820343005,0,1,0,0,0
2020,Eifel Grand Prix,Q,MAG,1.0,4.0,no_advantage,268.0,61.0,182.1822839558712,100.0,0.1701093560145808,140,823,257.1388888888889,263.0,0.8562300319488818,0.9641463332245815,0,1,0,0,0
2020,Eifel Grand Prix,Q,GIO,1.0,4.0,no_advantage,283.0,55.0,168.4026247516639,100.0,0.1905829596412556,170,892,257.1388888888889,263.0,0.9041533546325878,0.8912215262327068,0,1,0,0,0
2020,Eifel Grand Prix,Q,ALB,3.0,4.0,no_advantage,291.0,66.0,155.38669514965233,100.0,0.1945788964181994,201,1033,257.1388888888889,263.0,0.9297124600638977,0.822338534282027,0,1,0,0,0
2020,Eifel Grand Prix,R,GAS,11.0,4.0,clear_violation,322.0,71.0,193.1663571945799,100.0,0.1821471652593486,151,829,246.85932721712535,262.0,0.9640718562874252,0.982238680241196,0,0,1,0,0
2020,Eifel Grand Prix,R,GAS,52.0,4.0,clear_violation,297.0,78.0,203.1459549879749,100.0,0.1725888324873096,136,788,246.85932721712535,262.0,0.8892215568862275,1.032984302347887,0,0,1,0,0
2020,Eifel Grand Prix,R,PER,36.0,4.0,clear_violation,295.0,84.0,201.6451667958144,100.0,0.1878940731399747,149,793,246.85932721712535,262.0,0.8832335329341318,1.0253528895356425,0,0,1,0,0
2020,Eifel Grand Prix,R,LEC,12.0,4.0,clear_violation,300.0,83.0,197.33582813560807,100.0,0.2267657992565055,183,807,246.85932721712535,262.0,0.8982035928143712,1.0034401756459788,0,0,1,0,0
2020,Eifel Grand Prix,R,MAG,23.0,4.0,clear_violation,296.0,78.0,198.7295277565,100.0,0.1925,154,800,246.85932721712535,262.0,0.8862275449101796,1.0105270498623755,0,0,1,0,0
2020,Eifel Grand Prix,R,MAG,54.0,14.0,clear_violation,317.0,81.0,200.33191444327247,100.0,0.2059925093632958,165,801,246.85932721712535,262.0,0.9491017964071856,1.0186750845787211,0,0,1,0,0
2020,Eifel Grand Prix,R,KVY,13.0,4.0,clear_violation,317.0,62.0,195.7023396449166,100.0,0.1860465116279069,152,817,246.85932721712535,262.0,0.9491017964071856,0.9951339902284543,0,0,1,0,0
2020,Eifel Grand Prix,R,KVY,27.0,4.0,clear_violation,292.0,79.0,200.1715272503505,100.0,0.1626120358514724,127,781,246.85932721712535,262.0,0.874251497005988,1.0178595258707182,0,0,1,0,0
2020,Eifel Grand Prix,R,HUL,35.0,4.0,clear_violation,299.0,82.0,199.82986933402125,100.0,0.1822721598002497,146,801,246.85932721712535,262.0,0.8952095808383234,1.0161222170261395,0,0,1,0,0
2020,Eifel Grand Prix,R,RIC,50.0,4.0,clear_violation,305.0,77.0,201.3497360021628,100.0,0.191969887076537,153,797,246.85932721712535,262.0,0.9131736526946108,1.0238506426792366,0,0,1,0,0
2020,Eifel Grand Prix,R,HAM,3.0,4.0,clear_violation,300.0,84.0,199.2995889863088,100.0,0.2142857142857142,171,798,246.85932721712535,262.0,0.8982035928143712,1.0134257750760007,0,0,1,0,0
2020,Eifel Grand Prix,R,VET,55.0,4.0,clear_violation,334.0,73.0,200.1021560682437,100.0,0.2443890274314214,196,802,246.85932721712535,262.0,1.0,1.0175067778076032,0,0,1,0,0
2020,Eifel Grand Prix,R,VET,60.0,4.0,clear_violation,318.0,78.0,200.2863416596247,100.0,0.2493734335839598,199,798,246.85932721712535,262.0,0.9520958083832335,1.0184433498630325,0,0,1,0,0
2020,Eifel Grand Prix,R,SAI,7.0,4.0,clear_violation,312.0,71.0,193.2444756819401,99.0,0.203883495145631,168,824,246.85932721712535,262.0,0.9341317365269461,0.9826359077969749,0,0,1,0,0
2020,Eifel Grand Prix,R,LAT,57.0,4.0,clear_violation,294.0,73.0,195.6929736779672,100.0,0.1975609756097561,162,820,246.85932721712535,262.0,0.8802395209580839,0.9950863648802871,0,0,1,0,0
2020,Eifel Grand Prix,R,RAI,17.0,4.0,clear_violation,302.0,79.0,191.2136738653254,100.0,0.2191616766467065,183,835,246.85932721712535,262.0,0.9041916167664671,0.9723094093054508,0,0,1,0,0
2020,Eifel Grand Prix,R,RAI,37.0,4.0,clear_violation,321.0,76.0,197.7744541609405,100.0,0.2258064516129032,182,806,246.85932721712535,262.0,0.9610778443113772,1.0056705611773888,0,0,1,0,0
2020,Eifel Grand Prix,R,GRO,5.0,4.0,clear_violation,319.0,74.0,194.5647207091137,100.0,0.2111650485436893,174,824,246.85932721712535,262.0,0.9550898203592815,0.9893492700610865,0,0,1,0,0
2020,Eifel Grand Prix,R,GRO,32.0,4.0,clear_violation,317.0,78.0,198.75211694192888,100.0,0.1898263027295285,153,806,246.85932721712535,262.0,0.9491017964071856,1.0106419144382035,0,0,1,0,0
2020,Eifel Grand Prix,R,GRO,33.0,4.0,clear_violation,320.0,80.0,200.8862261307517,100.0,0.178168130489335,142,797,246.85932721712535,262.0,0.9580838323353293,1.0214937243680682,0,0,1,0,0
2020,Eifel Grand Prix,R,GIO,53.0,4.0,clear_violation,301.0,79.0,199.84010835345364,100.0,0.21,168,800,246.85932721712535,262.0,0.9011976047904192,1.016174281790834,0,0,1,0,0
2020,Eifel Grand Prix,R,RIC,6.0,1.0,no_advantage,319.0,75.0,194.1210063841861,100.0,0.1892551892551892,155,819,246.85932721712535,262.0,0.9550898203592815,0.9870930108488161,0,0,1,0,0
2020,Eifel Grand Prix,R,RUS,12.0,2.0,no_advantage,314.0,0.0,160.65952978774257,100.0,0.2246740220661986,224,997,246.85932721712535,262.0,0.9401197604790419,0.8169435237002611,0,0,1,0,0
2020,Eifel Grand Prix,R,VET,56.0,1.0,no_advantage,300.0,84.0,201.97726166065067,100.0,0.2163522012578616,172,795,246.85932721712535,262.0,0.8982035928143712,1.0270415708696448,0,0,1,0,0
2020,Emilia Romagna Grand Prix,FP1,RIC,5.0,15.0,clear_violation,318.0,104.0,222.8605832174947,100.0,0.1339155749636099,92,687,268.7158931082982,287.0,0.9695121951219512,1.0192745426990681,0,0,0,1,0
2020,Emilia Romagna Grand Prix,FP1,RIC,13.0,15.0,clear_violation,322.0,110.0,229.7789922714201,100.0,0.1308270676691729,87,665,268.7158931082982,287.0,0.9817073170731707,1.0509165590791605,0,0,0,1,0
2020,Emilia Romagna Grand Prix,FP1,NOR,3.0,15.0,clear_violation,312.0,96.0,217.44156679169384,100.0,0.1685552407932011,119,706,268.7158931082982,287.0,0.9512195121951219,0.9944901442669037,0,0,0,1,0
2020,Emilia Romagna Grand Prix,FP1,NOR,4.0,15.0,clear_violation,315.0,102.0,220.7789635268153,100.0,0.1512968299711815,105,694,268.7158931082982,287.0,0.9603658536585366,1.0097540526794402,0,0,0,1,0
2020,Emilia Romagna Grand Prix,FP1,NOR,36.0,9.0,clear_violation,325.0,107.0,232.3619084959757,100.0,0.1221374045801526,80,655,268.7158931082982,287.0,0.9908536585365854,1.062729777529929,0,0,0,1,0
2020,Emilia Romagna Grand Prix,FP1,NOR,38.0,9.0,clear_violation,322.0,94.0,216.9839950133329,100.0,0.1709039548022599,121,708,268.7158931082982,287.0,0.9817073170731707,0.9923973952558071,0,0,0,1,0
2020,Emilia Romagna Grand Prix,FP1,VET,15.0,15.0,clear_violation,319.0,107.0,228.84235030925336,100.0,0.1862891207153502,125,671,268.7158931082982,287.0,0.9725609756097561,1.0466327360097012,0,0,0,1,0
2020,Emilia Romagna Grand Prix,FP1,VET,22.0,10.0,clear_violation,304.0,101.0,219.5143963983259,100.0,0.1871428571428571,131,700,268.7158931082982,287.0,0.926829268292683,1.0039704319826148,0,0,0,1,0
2020,Emilia Romagna Grand Prix,FP1,VET,23.0,9.0,clear_violation,302.0,103.0,219.3902375164457,100.0,0.1857142857142857,130,700,268.7158931082982,287.0,0.9207317073170732,1.0034025792662509,0,0,0,1,0
2020,Emilia Romagna Grand Prix,FP1,VET,28.0,9.0,clear_violation,303.0,98.0,219.84058994331107,100.0,0.21,147,700,268.7158931082982,287.0,0.9237804878048781,1.0054623098714546,0,0,0,1,0
2020,Emilia Romagna Grand Prix,FP1,LAT,3.0,15.0,clear_violation,324.0,95.0,215.745304205716,100.0,0.2115655853314527,150,709,268.7158931082982,287.0,0.9878048780487805,0.9867321224280541,0,0,0,1,0
2020,Emilia Romagna Grand Prix,FP1,RAI,22.0,9.0,clear_violation,298.0,98.0,217.919589870584,100.0,0.1657223796033994,117,706,268.7158931082982,287.0,0.9085365853658537,0.9966764292891406,0,0,0,1,0
2020,Emilia Romagna Grand Prix,FP1,GRO,17.0,15.0,clear_violation,318.0,105.0,229.62042079663905,100.0,0.1439280359820089,96,667,268.7158931082982,287.0,0.9695121951219512,1.0501913170237502,0,0,0,1,0
2020,Emilia Romagna Grand Prix,FP1,GRO,28.0,15.0,clear_violation,304.0,94.0,217.89169535689248,100.0,0.1440798858773181,101,701,268.7158931082982,287.0,0.926829268292683,0.996548851019012,0,0,0,1,0
2020,Emilia Romagna Grand Prix,FP1,GAS,3.0,9.0,clear_violation,325.0,98.0,224.01553223137844,100.0,0.1778425655976676,122,686,268.7158931082982,287.0,0.9908536585365854,1.0245568142922383,0,0,0,1,0
2020,Emilia Romagna Grand Prix,FP1,GAS,4.0,9.0,clear_violation,326.0,52.0,203.59367112656744,100.0,0.1904127829560586,143,751,268.7158931082982,287.0,0.9939024390243902,0.9311554472216163,0,0,0,1,0
2020,Emilia Romagna Grand Prix,FP1,GAS,5.0,9.0,clear_violation,328.0,100.0,225.48428341587376,100.0,0.172821270310192,117,677,268.7158931082982,287.0,1.0,1.0312742906189252,0,0,0,1,0
2020,Emilia Romagna Grand Prix,FP1,GAS,7.0,9.0,clear_violation,321.0,103.0,228.90738078969056,100.0,0.1535022354694485,103,671,268.7158931082982,287.0,0.9786585365853658,1.0469301592339078,0,0,0,1,0
2020,Emilia Romagna Grand Prix,FP1,GAS,9.0,15.0,clear_violation,325.0,103.0,229.63405376167736,100.0,0.1591591591591591,106,666,268.7158931082982,287.0,0.9908536585365854,1.0502536687146795,0,0,0,1,0
2020,Emilia Romagna Grand Prix,FP1,GAS,32.0,9.0,clear_violation,316.0,98.0,224.3535031273356,100.0,0.1566617862371888,107,683,268.7158931082982,287.0,0.9634146341463414,1.0261025570406817,0,0,0,1,0
2020,Emilia Romagna Grand Prix,FP1,PER,4.0,15.0,clear_violation,321.0,100.0,222.6766971301453,100.0,0.1586608442503639,109,687,268.7158931082982,287.0,0.9786585365853658,1.0184335218021208,0,0,0,1,0
2020,Emilia Romagna Grand Prix,FP1,PER,6.0,15.0,clear_violation,324.0,100.0,224.07544810892395,100.0,0.1859443631039531,127,683,268.7158931082982,287.0,0.9878048780487805,1.0248308453829045,0,0,0,1,0
2020,Emilia Romagna Grand Prix,FP1,LEC,5.0,15.0,clear_violation,314.0,105.0,225.24897275053016,100.0,0.1512481644640235,103,681,268.7158931082982,287.0,0.9573170731707317,1.0301980744152899,0,0,0,1,0
2020,Emilia Romagna Grand Prix,FP1,LEC,9.0,15.0,clear_violation,314.0,106.0,228.04463378183,100.0,0.1422222222222222,96,675,268.7158931082982,287.0,0.9573170731707317,1.0429843019216531,0,0,0,1,0
2020,Emilia Romagna Grand Prix,FP1,LEC,18.0,15.0,clear_violation,314.0,106.0,230.41869309966555,100.0,0.1514242878560719,101,667,268.7158931082982,287.0,0.9573170731707317,1.0538422930055487,0,0,0,1,0
2020,Emilia Romagna Grand Prix,FP1,LEC,29.0,15.0,clear_violation,301.0,94.0,217.6978698191643,100.0,0.1572237960339943,111,706,268.7158931082982,287.0,0.9176829268292683,0.9956623710794954,0,0,0,1,0
2020,Emilia Romagna Grand Prix,FP1,STR,18.0,15.0,clear_violation,323.0,104.0,227.6890578769545,100.0,0.1931649331352154,130,673,268.7158931082982,287.0,0.9847560975609756,1.041358040953454,0,0,0,1,0
2020,Emilia Romagna Grand Prix,FP1,STR,35.0,15.0,clear_violation,302.0,89.0,213.6211366018142,100.0,0.1894150417827298,136,718,268.7158931082982,287.0,0.9207317073170732,0.9770170353910153,0,0,0,1,0
2020,Emilia Romagna Grand Prix,FP1,MAG,13.0,15.0,clear_violation,313.0,101.0,225.79071229785544,100.0,0.1691176470588235,115,680,268.7158931082982,287.0,0.9542682926829268,1.0326757729001004,0,0,0,1,0
2020,Emilia Romagna Grand Prix,FP1,MAG,14.0,9.0,clear_violation,320.0,100.0,227.3018017355825,100.0,0.1701183431952662,115,676,268.7158931082982,287.0,0.975609756097561,1.0395868873438487,0,0,0,1,0
2020,Emilia Romagna Grand Prix,FP1,MAG,30.0,9.0,clear_violation,300.0,99.0,217.5445330933448,100.0,0.1841359773371104,130,706,268.7158931082982,287.0,0.9146341463414634,0.994961070657356,0,0,0,1,0
2020,Emilia Romagna Grand Prix,FP1,MAG,38.0,15.0,clear_violation,303.0,85.0,209.38299243322416,100.0,0.1967213114754098,144,732,268.7158931082982,287.0,0.9237804878048781,0.9576334710255011,0,0,0,1,0
2020,Emilia Romagna Grand Prix,FP1,ALB,8.0,15.0,clear_violation,318.0,101.0,227.4276708481633,100.0,0.1686390532544378,114,676,268.7158931082982,287.0,0.9695121951219512,1.0401625619665815,0,0,0,1,0
2020,Emilia Romagna Grand Prix,FP1,ALB,10.0,15.0,clear_violation,317.0,97.0,227.87280958823985,100.0,0.1684053651266766,113,671,268.7158931082982,287.0,0.9664634146341463,1.042198447268409,0,0,0,1,0
2020,Emilia Romagna Grand Prix,FP1,ALB,14.0,9.0,clear_violation,314.0,101.0,228.5014464038092,100.0,0.1661676646706587,111,668,268.7158931082982,287.0,0.9573170731707317,1.045073578857237,0,0,0,1,0
2020,Emilia Romagna Grand Prix,FP1,ALB,19.0,9.0,clear_violation,317.0,100.0,231.84544552368257,100.0,0.1555891238670695,103,662,268.7158931082982,287.0,0.9664634146341463,1.0603676839182858,0,0,0,1,0
2020,Emilia Romagna Grand Prix,FP1,ALB,26.0,15.0,clear_violation,317.0,106.0,232.4980958923715,100.0,0.161875945537065,107,661,268.7158931082982,287.0,0.9664634146341463,1.0633526438267797,0,0,0,1,0
2020,Emilia Romagna Grand Prix,FP1,KVY,2.0,15.0,clear_violation,318.0,101.0,221.5193272914643,100.0,0.1645021645021645,114,693,268.7158931082982,287.0,0.9695121951219512,1.0131401783314002,0,0,0,1,0
2020,Emilia Romagna Grand Prix,FP1,KVY,4.0,9.0,clear_violation,321.0,95.0,226.881335321932,100.0,0.1538461538461538,104,676,268.7158931082982,287.0,0.9786585365853658,1.037663843325447,0,0,0,1,0
2020,Emilia Romagna Grand Prix,FP1,KVY,11.0,9.0,clear_violation,321.0,101.0,228.98491307257763,100.0,0.1437125748502994,96,668,268.7158931082982,287.0,0.9786585365853658,1.0472847606669795,0,0,0,1,0
2020,Emilia Romagna Grand Prix,FP1,KVY,23.0,9.0,clear_violation,307.0,97.0,224.2514451847432,100.0,0.1420204978038067,97,683,268.7158931082982,287.0,0.9359756097560976,1.0256357851186897,0,0,0,1,0
2020,Emilia Romagna Grand Prix,FP1,KVY,30.0,15.0,clear_violation,321.0,101.0,229.6896296502105,100.0,0.1571856287425149,105,668,268.7158931082982,287.0,0.9786585365853658,1.0505078504436862,0,0,0,1,0
2020,Emilia Romagna Grand Prix,FP1,OCO,16.0,15.0,clear_violation,326.0,108.0,230.7752516702844,100.0,0.1794871794871795,119,663,268.7158931082982,287.0,0.9939024390243902,1.055473048291055,0,0,0,1,0
2020,Emilia Romagna Grand Prix,FP1,VER,2.0,15.0,clear_violation,316.0,88.0,212.1017888644593,100.0,0.2102351313969571,152,723,268.7158931082982,287.0,0.9634146341463414,0.9700681508110898,0,0,0,1,0
2020,Emilia Romagna Grand Prix,FP1,VER,4.0,15.0,clear_violation,320.0,101.0,226.45414677457947,100.0,0.1671597633136094,113,676,268.7158931082982,287.0,0.975609756097561,1.035710054975068,0,0,0,1,0
2020,Emilia Romagna Grand Prix,FP1,VER,36.0,9.0,clear_violation,305.0,100.0,223.30195583874044,100.0,0.1627906976744186,112,688,268.7158931082982,287.0,0.9298780487804879,1.0212932032903002,0,0,0,1,0
2020,Emilia Romagna Grand Prix,FP1,HAM,5.0,15.0,clear_violation,321.0,99.0,222.12948086697125,100.0,0.2115942028985507,146,690,268.7158931082982,287.0,0.9786585365853658,1.015930775024958,0,0,0,1,0
2020,Emilia Romagna Grand Prix,FP1,HAM,39.0,15.0,clear_violation,311.0,88.0,210.33361171794283,100.0,0.1920438957475994,140,729,268.7158931082982,287.0,0.948170731707317,0.9619812207384547,0,0,0,1,0
2020,Emilia Romagna Grand Prix,FP1,SAI,18.0,9.0,clear_violation,323.0,94.0,218.7332511768793,100.0,0.155937052932761,109,699,268.7158931082982,287.0,0.9847560975609756,1.0003977883734283,0,0,0,1,0
2020,Emilia Romagna Grand Prix,FP1,SAI,22.0,15.0,clear_violation,323.0,108.0,233.4482645599414,100.0,0.1441578148710167,95,659,268.7158931082982,287.0,0.9847560975609756,1.0676983325983969,0,0,0,1,0
2020,Emilia Romagna Grand Prix,FP1,SAI,39.0,9.0,clear_violation,301.0,72.0,212.7926603478946,100.0,0.1983356449375866,143,721,268.7158931082982,287.0,0.9176829268292683,0.9732279187035353,0,0,0,1,0
2020,Emilia Romagna Grand Prix,FP1,RUS,11.0,15.0,clear_violation,320.0,106.0,224.6154526320919,100.0,0.1472754050073637,100,679,268.7158931082982,287.0,0.975609756097561,1.0273006085660614,0,0,0,1,0
2020,Emilia Romagna Grand Prix,FP1,BOT,9.0,9.0,clear_violation,323.0,0.0,228.98678854397943,100.0,0.1589205397301349,106,667,268.7158931082982,287.0,0.9847560975609756,1.0472933383177594,0,0,0,1,0
2020,Emilia Romagna Grand Prix,FP1,BOT,32.0,15.0,clear_violation,312.0,99.0,221.29407344660183,100.0,0.181159420289855,125,690,268.7158931082982,287.0,0.9512195121951219,1.0121099579739075,0,0,0,1,0
2020,Emilia Romagna Grand Prix,FP1,BOT,34.0,15.0,clear_violation,311.0,96.0,218.85771695185423,100.0,0.1621233859397417,113,697,268.7158931082982,287.0,0.948170731707317,1.0009670446951953,0,0,0,1,0
2020,Emilia Romagna Grand Prix,FP1,BOT,41.0,15.0,clear_violation,311.0,93.0,220.37035015947183,100.0,0.1721664275466284,120,697,268.7158931082982,287.0,0.948170731707317,1.0078852197206154,0,0,0,1,0
2020,Emilia Romagna Grand Prix,FP1,GIO,6.0,15.0,clear_violation,316.0,100.0,215.3788906933633,100.0,0.1739130434782608,124,713,268.7158931082982,287.0,0.9634146341463414,0.9850562946084814,0,0,0,1,0
2020,Emilia Romagna Grand Prix,FP1,GIO,8.0,15.0,clear_violation,318.0,104.0,222.3513093029889,100.0,0.1625544267053701,112,689,268.7158931082982,287.0,0.9695121951219512,1.0169453289420984,0,0,0,1,0
2020,Emilia Romagna Grand Prix,FP1,GIO,9.0,15.0,clear_violation,321.0,103.0,223.5556500498197,100.0,0.1411935953420669,97,687,268.7158931082982,287.0,0.9786585365853658,1.0224534984275109,0,0,0,1,0
2020,Emilia Romagna Grand Prix,FP1,BOT,1.0,15.0,no_advantage,273.3374976,22.5500032,168.34799016430676,100.0,0.214975845410628,178,828,268.7158931082982,287.0,0.8333460292682927,0.7699558989378111,0,0,0,1,0
2020,Emilia Romagna Grand Prix,FP1,RAI,1.0,15.0,no_advantage,271.72142811428574,61.1833344,168.94189810865933,100.0,0.1975757575757575,163,825,268.7158931082982,287.0,0.8284189881533102,0.7726721946579678,0,0,0,1,0
2020,Emilia Romagna Grand Prix,FP1,SAI,1.0,15.0,no_advantage,279.0,31.0,164.88784877139338,100.0,0.212085308056872,179,844,268.7158931082982,287.0,0.850609756097561,0.7541306059002623,0,0,0,1,0
2020,Emilia Romagna Grand Prix,FP1,GIO,1.0,15.0,no_advantage,268.49999725714287,42.18214217142857,153.71319260423058,100.0,0.2249173098125689,204,907,268.7158931082982,287.0,0.8185975526132404,0.7030222295774363,0,0,0,1,0
2020,Emilia Romagna Grand Prix,FP1,KVY,5.0,2.0,no_advantage,307.0,63.0,180.13463887150996,100.0,0.1997635933806146,169,846,268.7158931082982,287.0,0.9359756097560976,0.8238632826372629,0,0,0,1,0
2020,Emilia Romagna Grand Prix,FP1,RUS,32.0,13.0,no_advantage,301.0,100.0,221.35581200415547,100.0,0.1649782923299566,114,691,268.7158931082982,287.0,0.9176829268292683,1.0123923252687825,0,0,0,1,0
2020,Emilia Romagna Grand Prix,FP1,BOT,42.0,13.0,no_advantage,312.0,96.0,213.86852140512744,100.0,0.233983286908078,168,718,268.7158931082982,287.0,0.9512195121951219,0.9781484738384402,0,0,0,1,0
2020,Emilia Romagna Grand Prix,Q,BOT,4.0,9.0,clear_violation,329.0,105.0,236.1975051784677,100.0,0.1468315301391035,95,647,279.2734693877551,287.0,1.0,1.0075662711556548,0,1,0,0,0
2020,Emilia Romagna Grand Prix,Q,HAM,9.0,9.0,clear_violation,326.0,108.0,237.33650598004493,100.0,0.1317829457364341,85,645,279.2734693877551,287.0,0.9908814589665653,1.0124249964399092,0,1,0,0,0
2020,Emilia Romagna Grand Prix,Q,ALB,4.0,9.0,clear_violation,317.0,107.0,233.438166151508,100.0,0.1574923547400611,103,654,279.2734693877551,287.0,0.9635258358662614,0.995795541688604,0,1,0,0,0
2020,Emilia Romagna Grand Prix,Q,ALB,17.0,9.0,clear_violation,320.0,105.0,236.2557626061026,100.0,0.1543209876543209,100,648,279.2734693877551,287.0,0.9726443768996961,1.0078147844457712,0,1,0,0,0
2020,Emilia Romagna Grand Prix,Q,VET,19.0,15.0,clear_violation,321.0,107.0,234.91783247672151,100.0,0.1572519083969465,103,655,279.2734693877551,287.0,0.9756838905775076,1.0021074706851592,0,1,0,0,0
2020,Emilia Romagna Grand Prix,Q,STR,15.0,15.0,clear_violation,322.0,105.0,232.15007113652263,100.0,0.1900452488687782,126,663,279.2734693877551,287.0,0.9787234042553191,0.9903008134942382,0,1,0,0,0
2020,Emilia Romagna Grand Prix,Q,RAI,4.0,9.0,clear_violation,326.0,104.0,232.0946032915208,100.0,0.1487101669195751,98,659,279.2734693877551,287.0,0.9908814589665653,0.9900641999461175,0,1,0,0,0
2020,Emilia Romagna Grand Prix,Q,RAI,9.0,15.0,clear_violation,327.0,107.0,232.9998828498717,100.0,0.1580547112462006,104,658,279.2734693877551,287.0,0.993920972644377,0.9939259221445458,0,1,0,0,0
2020,Emilia Romagna Grand Prix,R,LEC,58.0,9.0,clear_violation,313.0,91.0,215.02032352064768,100.0,0.2181818181818181,156,715,274.01733576642334,293.0,0.937125748502994,0.9807479492566246,0,0,1,0,0
2020,Emilia Romagna Grand Prix,R,MAG,12.0,9.0,clear_violation,306.0,93.0,219.97121767917392,100.0,0.1795977011494252,125,696,274.01733576642334,293.0,0.9161676646706587,1.0033299043642074,0,0,1,0,0
2020,Emilia Romagna Grand Prix,R,MAG,23.0,9.0,clear_violation,307.0,100.0,220.6857870777745,100.0,0.170028818443804,118,694,274.01733576642334,293.0,0.9191616766467066,1.006589189164845,0,0,1,0,0
2020,Emilia Romagna Grand Prix,R,ALB,33.0,9.0,clear_violation,312.0,96.0,222.2989510779269,100.0,0.1777777777777777,120,675,274.01733576642334,293.0,0.9341317365269461,1.0139471321679034,0,0,1,0,0
2020,Emilia Romagna Grand Prix,R,VER,47.0,9.0,clear_violation,308.0,106.0,226.79754824012787,100.0,0.144776119402985,97,670,274.01733576642334,293.0,0.9221556886227545,1.0344660760013062,0,0,1,0,0
2020,Emilia Romagna Grand Prix,R,NOR,4.0,9.0,clear_violation,328.0,93.0,216.8269369046843,100.0,0.1997167138810198,141,706,274.01733576642334,293.0,0.9820359281437125,0.9889882511149897,0,0,1,0,0
2020,Emilia Romagna Grand Prix,R,HAM,24.0,15.0,clear_violation,311.0,102.0,226.04980625999403,100.0,0.1651917404129793,112,678,274.01733576642334,293.0,0.9311377245508982,1.0310554848460989,0,0,1,0,0
2020,Emilia Romagna Grand Prix,R,VET,12.0,9.0,clear_violation,309.0,96.0,219.45003365434536,100.0,0.2011494252873563,140,696,274.01733576642334,293.0,0.9251497005988024,1.0009526864567717,0,0,1,0,0
2020,Emilia Romagna Grand Prix,R,SAI,15.0,9.0,clear_violation,299.0,93.0,219.900512134079,100.0,0.1669064748201439,116,695,274.01733576642334,293.0,0.8952095808383234,1.0030074031363352,0,0,1,0,0
2020,Emilia Romagna Grand Prix,R,SAI,30.0,9.0,clear_violation,302.0,92.0,192.9729286904211,100.0,0.2262210796915167,176,778,274.01733576642334,293.0,0.9041916167664671,0.8801856539714561,0,0,1,0,0
2020,Emilia Romagna Grand Prix,R,LAT,3.0,9.0,clear_violation,318.0,85.0,212.83511175543327,100.0,0.2406119610570236,173,719,274.01733576642334,293.0,0.9520958083832335,0.9707807893047902,0,0,1,0,0
2020,Emilia Romagna Grand Prix,R,RUS,37.0,9.0,clear_violation,312.0,99.0,222.9193760757769,100.0,0.1777108433734939,118,664,274.01733576642334,293.0,0.9341317365269461,1.0167770067320654,0,0,1,0,0
2020,Emilia Romagna Grand Prix,R,BOT,25.0,9.0,clear_violation,308.0,102.0,224.3121946160384,100.0,0.1634756995581738,111,679,274.01733576642334,293.0,0.9221556886227545,1.0231299128419702,0,0,1,0,0
2020,Emilia Romagna Grand Prix,R,GRO,8.0,9.0,clear_violation,334.0,88.0,216.99736333285747,100.0,0.2050919377652051,145,707,274.01733576642334,293.0,1.0,0.9897655979592006,0,0,1,0,0
2020,Emilia Romagna Grand Prix,R,GRO,46.0,9.0,clear_violation,313.0,94.0,222.3896156528368,100.0,0.1564327485380117,107,684,274.01733576642334,293.0,0.937125748502994,1.0143606702672663,0,0,1,0,0
2020,Emilia Romagna Grand Prix,R,GRO,60.0,9.0,clear_violation,325.0,93.0,222.09334409894024,100.0,0.191027496382055,132,691,274.01733576642334,293.0,0.9730538922155688,1.0130093202453265,0,0,1,0,0
2020,Emilia Romagna Grand Prix,R,GRO,63.0,9.0,clear_violation,331.0,91.0,223.0878343452903,100.0,0.1912408759124087,131,685,274.01733576642334,293.0,0.9910179640718563,1.0175453764361724,0,0,1,0,0
2020,Emilia Romagna Grand Prix,R,LAT,60.0,4.0,no_advantage,316.0,94.0,221.73209505625545,100.0,0.2057971014492753,142,690,274.01733576642334,293.0,0.9461077844311377,1.0113615957326711,0,0,1,0,0
2020,Hungarian Grand Prix,FP1,MAG,24.0,4.0,clear_violation,283.0,94.0,188.6206227935412,100.0,0.2137931034482758,155,725,249.84647302904563,260.0,0.9433333333333334,0.982723424825564,0,0,0,1,0
2020,Hungarian Grand Prix,FP1,ALB,13.0,11.0,clear_violation,300.0,94.0,202.20933799622733,100.0,0.2109144542772861,143,678,249.84647302904563,260.0,1.0,1.0535213500215792,0,0,0,1,0
2020,Hungarian Grand Prix,FP1,ALB,22.0,4.0,clear_violation,281.0,92.0,188.0043106782689,100.0,0.2107438016528925,153,726,249.84647302904563,260.0,0.9366666666666666,0.9795124060954179,0,0,0,1,0
2020,Hungarian Grand Prix,FP1,BOT,36.0,12.0,clear_violation,297.0,87.0,188.9122502026833,100.0,0.216551724137931,157,725,249.84647302904563,260.0,0.99,0.9842428190574388,0,0,0,1,0
2020,Hungarian Grand Prix,FP2,VET,9.0,11.0,clear_violation,278.0,70.0,152.10479426581628,100.0,0.2671081677704194,242,906,227.8125,235.0,0.9858156028368794,1.0211235227378046,0,0,0,1,0
2020,Hungarian Grand Prix,FP2,RAI,7.0,11.0,clear_violation,282.0,68.0,145.81174742347446,100.0,0.2879581151832461,275,955,227.8125,235.0,1.0,0.9788764772621955,0,0,0,1,0
2020,Hungarian Grand Prix,FP3,RIC,9.0,4.0,clear_violation,317.0,99.0,205.5433737563997,100.0,0.1621621621621621,108,666,254.37412587412587,264.0,1.0,1.0722433967768132,0,0,0,1,0
2020,Hungarian Grand Prix,FP3,LAT,15.0,11.0,clear_violation,314.0,79.0,178.57756406182529,100.0,0.1845549738219895,141,764,254.37412587412587,264.0,0.9905362776025236,0.9315727886451447,0,0,0,1,0
2020,Hungarian Grand Prix,FP3,ALB,9.0,12.0,clear_violation,317.0,85.0,189.76474300982784,100.0,0.1657381615598885,119,718,254.37412587412587,264.0,1.0,0.9899321438329829,0,0,0,1,0
2020,Hungarian Grand Prix,FP3,HAM,6.0,12.0,clear_violation,316.0,87.0,192.8931097870912,100.0,0.1638418079096045,116,708,254.37412587412587,264.0,0.9968454258675079,1.0062516707450595,0,0,0,1,0
2020,Hungarian Grand Prix,Q,PER,18.0,4.0,clear_violation,326.0,94.0,208.8905349974619,100.0,0.1957511380880121,129,659,259.4391304347826,266.0,1.0,1.0163237310141728,0,1,0,0,0
2020,Hungarian Grand Prix,Q,GIO,2.0,4.0,clear_violation,319.0,90.0,202.1803248534902,100.0,0.2064896755162241,140,678,259.4391304347826,266.0,0.9785276073619632,0.983676268985827,0,1,0,0,0
2020,Hungarian Grand Prix,R,VET,11.0,12.0,clear_violation,299.0,76.0,183.58805519293745,100.0,0.2533512064343163,189,746,248.6768149882904,263.0,0.9900662251655629,0.9731780063746016,0,0,1,0,0
2020,Hungarian Grand Prix,R,GRO,41.0,4.0,clear_violation,302.0,80.0,191.10699807621,100.0,0.217877094972067,156,716,248.6768149882904,263.0,1.0,1.0130350103474242,0,0,1,0,0
2020,Hungarian Grand Prix,R,GRO,46.0,12.0,clear_violation,299.0,83.0,191.2488562429309,100.0,0.217391304347826,155,713,248.6768149882904,263.0,0.9900662251655629,1.0137869832779742,0,0,1,0,0
2020,Italian Grand Prix,FP1,NOR,4.0,11.0,clear_violation,333.0,67.0,248.54523862057584,100.0,0.130315500685871,95,729,304.5970873786408,321.0,0.9823008849557522,1.1434343093678592,0,0,0,1,0
2020,Italian Grand Prix,FP1,NOR,9.0,11.0,clear_violation,336.0,70.0,252.02310554769835,100.0,0.1196105702364394,86,719,304.5970873786408,321.0,0.9911504424778761,1.1594342632996197,0,0,0,1,0
2020,Italian Grand Prix,FP1,NOR,10.0,11.0,clear_violation,324.0,69.0,192.6685877073965,100.0,0.1445270988310308,136,941,304.5970873786408,321.0,0.9557522123893806,0.8863733409047485,0,0,0,1,0
2020,Italian Grand Prix,FP1,NOR,22.0,11.0,clear_violation,319.0,0.0,147.4020514223126,100.0,0.2245728234336859,276,1229,304.5970873786408,321.0,0.9410029498525073,0.6781242875659124,0,0,0,1,0
2020,Italian Grand Prix,FP1,NOR,23.0,1.0,clear_violation,326.0,68.0,244.2931606365597,100.0,0.1309041835357624,97,741,304.5970873786408,321.0,0.9616519174041298,1.1238725914286394,0,0,0,1,0
2020,Italian Grand Prix,FP1,VET,5.0,5.0,clear_violation,324.0,53.0,209.62453756944427,100.0,0.1647331786542923,142,862,304.5970873786408,321.0,0.9557522123893806,0.9643793205315963,0,0,0,1,0
2020,Italian Grand Prix,FP1,VET,11.0,11.0,clear_violation,334.0,69.0,252.4789876322192,100.0,0.1529902642559109,110,719,304.5970873786408,321.0,0.9852507374631269,1.1615315523861471,0,0,0,1,0
2020,Italian Grand Prix,FP1,GRO,11.0,5.0,clear_violation,337.0,64.0,212.93400143385165,100.0,0.1524032825322391,130,853,304.5970873786408,321.0,0.9941002949852508,0.9796045348594931,0,0,0,1,0
2020,Italian Grand Prix,FP1,GAS,16.0,11.0,clear_violation,339.0,65.0,252.8138621673941,100.0,0.1183844011142061,85,718,304.5970873786408,321.0,1.0,1.1630721452978348,0,0,0,1,0
2020,Italian Grand Prix,FP1,LEC,14.0,5.0,clear_violation,319.0,55.0,186.05396547363765,100.0,0.2149437052200614,210,977,304.5970873786408,321.0,0.9410029498525073,0.85594271971255,0,0,0,1,0
2020,Italian Grand Prix,FP1,LEC,21.0,5.0,clear_violation,323.0,68.0,236.5754874195636,100.0,0.1607843137254902,123,765,304.5970873786408,321.0,0.9528023598820059,1.088367375582303,0,0,0,1,0
2020,Italian Grand Prix,FP1,MAG,4.0,5.0,clear_violation,328.0,66.0,198.39794160014708,100.0,0.1468988030467899,135,919,304.5970873786408,321.0,0.967551622418879,0.9127312781874746,0,0,0,1,0
2020,Italian Grand Prix,FP1,MAG,5.0,2.0,clear_violation,332.0,36.0,208.6340361014745,100.0,0.1828703703703703,158,864,304.5970873786408,321.0,0.9793510324483776,0.9598225108005322,0,0,0,1,0
2020,Italian Grand Prix,FP1,ALB,2.0,11.0,clear_violation,326.0,66.0,247.51752196588933,100.0,0.1377899045020464,101,733,304.5970873786408,321.0,0.9616519174041298,1.1387062908799603,0,0,0,1,0
2020,Italian Grand Prix,FP1,ALB,3.0,11.0,clear_violation,320.0,58.0,184.4303984201781,100.0,0.178498985801217,176,986,304.5970873786408,321.0,0.943952802359882,0.8484734868164053,0,0,0,1,0
2020,Italian Grand Prix,FP1,ALB,23.0,11.0,clear_violation,327.0,65.0,242.51207541862524,100.0,0.1483957219251337,111,748,304.5970873786408,321.0,0.9646017699115044,1.1156786949879067,0,0,0,1,0
2020,Italian Grand Prix,FP1,ALB,24.0,11.0,clear_violation,329.0,66.0,243.43504180204653,100.0,0.1399730820995962,104,743,304.5970873786408,321.0,0.9705014749262537,1.119924809035612,0,0,0,1,0
2020,Italian Grand Prix,FP1,BOT,7.0,11.0,clear_violation,336.0,70.0,254.37788417123343,100.0,0.1260504201680672,90,714,304.5970873786408,321.0,0.9911504424778761,1.1702674407286446,0,0,0,1,0
2020,Italian Grand Prix,FP1,BOT,8.0,11.0,clear_violation,331.0,52.0,186.9870213746622,100.0,0.1868583162217659,182,974,304.5970873786408,321.0,0.976401179941003,0.8602352506647051,0,0,0,1,0
2020,Italian Grand Prix,FP1,STR,15.0,6.0,no_advantage,337.0,66.0,202.19874239840743,100.0,0.1743016759776536,156,895,304.5970873786408,321.0,0.9941002949852508,0.9302168919128619,0,0,0,1,0
2020,Italian Grand Prix,FP1,VET,19.0,6.0,no_advantage,310.0,0.0,160.80983598459227,100.0,0.280639431616341,316,1126,304.5970873786408,321.0,0.9144542772861357,0.7398069050491914,0,0,0,1,0
2020,Italian Grand Prix,FP2,RIC,8.0,11.0,clear_violation,344.0,68.0,258.3580819880001,100.0,0.1213872832369942,84,692,305.03262955854126,321.0,0.9913544668587896,1.1454203738937399,0,0,0,1,0
2020,Italian Grand Prix,FP2,NOR,17.0,11.0,clear_violation,332.0,64.0,254.23165045158643,100.0,0.1222707423580786,84,687,305.03262955854126,321.0,0.9567723342939481,1.1271260023110254,0,0,0,1,0
2020,Italian Grand Prix,FP2,NOR,18.0,11.0,clear_violation,324.0,65.0,182.676120326686,100.0,0.1133263378803777,108,953,305.03262955854126,321.0,0.9337175792507204,0.8098873797018243,0,0,0,1,0
2020,Italian Grand Prix,FP2,VET,7.0,5.0,clear_violation,314.0,56.0,196.46219888483944,100.0,0.1893939393939394,175,924,305.03262955854126,321.0,0.9048991354466859,0.87100741564226,0,0,0,1,0
2020,Italian Grand Prix,FP2,VET,12.0,11.0,clear_violation,333.0,67.0,252.0590870831157,100.0,0.1086350974930362,78,718,305.03262955854126,321.0,0.9596541786743515,1.117494028243587,0,0,0,1,0
2020,Italian Grand Prix,FP2,VET,13.0,11.0,clear_violation,310.0,69.0,193.9212300113672,100.0,0.1873661670235546,175,934,305.03262955854126,321.0,0.8933717579250721,0.8597421302882677,0,0,0,1,0
2020,Italian Grand Prix,FP2,GRO,10.0,11.0,clear_violation,341.0,68.0,254.89625513990225,100.0,0.1260504201680672,90,714,305.03262955854126,321.0,0.9827089337175793,1.1300725010027817,0,0,0,1,0
2020,Italian Grand Prix,FP2,GRO,11.0,11.0,clear_violation,315.0,33.0,141.17389252138892,100.0,0.2222222222222222,282,1269,305.03262955854126,321.0,0.9077809798270894,0.6258888884435772,0,0,0,1,0
2020,Italian Grand Prix,FP2,GRO,19.0,11.0,clear_violation,322.0,65.0,243.56210177796245,100.0,0.1208053691275167,90,745,305.03262955854126,321.0,0.9279538904899135,1.0798229787826674,0,0,0,1,0
2020,Italian Grand Prix,FP2,GRO,20.0,11.0,clear_violation,323.0,66.0,242.4391769439873,100.0,0.1191432396251673,89,747,305.03262955854126,321.0,0.930835734870317,1.0748445357887837,0,0,0,1,0
2020,Italian Grand Prix,FP2,LEC,4.0,11.0,clear_violation,336.0,70.0,255.58225462693585,100.0,0.1551724137931034,108,696,305.03262955854126,321.0,0.968299711815562,1.1331138526914253,0,0,0,1,0
2020,Italian Grand Prix,FP2,LEC,5.0,11.0,clear_violation,318.0,61.0,186.6167921092673,100.0,0.188911704312115,184,974,305.03262955854126,321.0,0.9164265129682997,0.8273581927372239,0,0,0,1,0
2020,Italian Grand Prix,FP2,MAG,15.0,11.0,clear_violation,330.0,69.0,251.0033356555698,100.0,0.1229281767955801,89,724,305.03262955854126,321.0,0.9510086455331412,1.1128133958996194,0,0,0,1,0
2020,Italian Grand Prix,FP2,ALB,14.0,11.0,clear_violation,334.0,67.0,255.4885925856913,100.0,0.1283497884344146,91,709,305.03262955854126,321.0,0.962536023054755,1.1326986057230453,0,0,0,1,0
2020,Italian Grand Prix,FP2,ALB,15.0,11.0,clear_violation,318.0,43.0,154.97506766795036,100.0,0.1955593509820666,229,1171,305.03262955854126,321.0,0.9164265129682997,0.6870758545137217,0,0,0,1,0
2020,Italian Grand Prix,FP2,ALB,19.0,11.0,clear_violation,328.0,66.0,242.56479676679425,100.0,0.1388518024032042,104,749,305.03262955854126,321.0,0.9452449567723343,1.075401466322177,0,0,0,1,0
2020,Italian Grand Prix,FP2,ALB,20.0,11.0,clear_violation,328.0,64.0,239.92011090066632,100.0,0.1443708609271523,109,755,305.03262955854126,321.0,0.9452449567723343,1.0636763557690165,0,0,0,1,0
2020,Italian Grand Prix,FP2,VER,20.0,11.0,clear_violation,329.0,66.0,244.19073372117387,100.0,0.1345353675450762,97,721,305.03262955854126,321.0,0.9481268011527377,1.0826099937267877,0,0,0,1,0
2020,Italian Grand Prix,FP2,VER,24.0,11.0,clear_violation,318.0,68.0,246.12852177215711,100.0,0.1238095238095238,91,735,305.03262955854126,321.0,0.9164265129682997,1.0912011006772842,0,0,0,1,0
2020,Italian Grand Prix,FP2,VER,25.0,11.0,clear_violation,322.0,68.0,247.3379910862009,100.0,0.1406896551724138,102,725,305.03262955854126,321.0,0.9279538904899135,1.096563235212597,0,0,0,1,0
2020,Italian Grand Prix,FP2,VER,26.0,11.0,clear_violation,324.0,65.0,245.3721754603294,100.0,0.1244925575101488,92,739,305.03262955854126,321.0,0.9337175792507204,1.087847869113477,0,0,0,1,0
2020,Italian Grand Prix,FP2,SAI,19.0,11.0,clear_violation,333.0,67.0,244.0518200931101,100.0,0.1307277628032345,97,742,305.03262955854126,321.0,0.9596541786743515,1.0819941256317336,0,0,0,1,0
2020,Italian Grand Prix,FP2,SAI,20.0,11.0,clear_violation,334.0,65.0,240.63654470753065,100.0,0.136,102,750,305.03262955854126,321.0,0.962536023054755,1.0668526368151299,0,0,0,1,0
2020,Italian Grand Prix,FP2,SAI,29.0,11.0,clear_violation,347.0,62.0,245.7761666543839,100.0,0.1303116147308781,92,706,305.03262955854126,321.0,1.0,1.0896389481499174,0,0,0,1,0
2020,Italian Grand Prix,FP2,RUS,15.0,11.0,clear_violation,319.0,67.0,234.55345136288256,100.0,0.130659767141009,101,773,305.03262955854126,321.0,0.9193083573487032,1.0398834822230123,0,0,0,1,0
2020,Italian Grand Prix,FP2,RUS,16.0,11.0,clear_violation,319.0,67.0,239.88383032388265,100.0,0.1417218543046357,107,755,305.03262955854126,321.0,0.9193083573487032,1.0635155072617632,0,0,0,1,0
2020,Italian Grand Prix,FP2,RUS,17.0,11.0,clear_violation,323.0,64.0,237.13317038205523,100.0,0.1487935656836461,111,746,305.03262955854126,321.0,0.930835734870317,1.051320564820718,0,0,0,1,0
2020,Italian Grand Prix,FP2,RAI,3.0,5.0,no_advantage,317.0,54.0,165.34233528415947,100.0,0.1612021857923497,177,1098,305.03262955854126,321.0,0.9135446685878963,0.733038726887756,0,0,0,1,0
2020,Italian Grand Prix,FP2,SAI,11.0,6.0,no_advantage,317.96666666666664,0.0,130.1366592668933,100.0,0.1846153846153846,252,1365,305.03262955854126,321.0,0.9163304514889529,0.5769557498173816,0,0,0,1,0
2020,Italian Grand Prix,FP2,LEC,21.0,6.0,no_advantage,326.0,64.0,240.2489163811685,100.0,0.1356852103120759,100,737,305.03262955854126,321.0,0.9394812680115274,1.0651341019076979,0,0,0,1,0
2020,Italian Grand Prix,FP3,LEC,3.0,11.0,clear_violation,323.0,53.0,181.7341096213478,100.0,0.2571711177052423,260,1011,308.3526315789473,318.0,0.9444444444444444,0.8091904832339752,0,0,0,1,0
2020,Italian Grand Prix,FP3,LEC,4.0,11.0,clear_violation,335.0,69.0,253.9056679203542,100.0,0.1125,81,720,308.3526315789473,318.0,0.97953216374269,1.1305420350004678,0,0,0,1,0
2020,Italian Grand Prix,FP3,ALB,4.0,11.0,clear_violation,341.0,64.0,256.37920306445494,100.0,0.1290322580645161,92,713,308.3526315789473,318.0,0.9970760233918129,1.1415557137354144,0,0,0,1,0
2020,Italian Grand Prix,FP3,ALB,5.0,11.0,clear_violation,326.0,52.0,189.93446356479376,100.0,0.2201453790238837,212,963,308.3526315789473,318.0,0.9532163742690059,0.8457034327513353,0,0,0,1,0
2020,Italian Grand Prix,FP3,ALB,6.0,11.0,clear_violation,342.0,63.0,256.9816100302869,100.0,0.1428571428571428,102,714,308.3526315789473,318.0,1.0,1.1442379949252293,0,0,0,1,0
2020,Italian Grand Prix,FP3,ALB,7.0,11.0,clear_violation,330.0,55.0,193.37387658395124,100.0,0.1724867724867725,163,945,308.3526315789473,318.0,0.9649122807017544,0.8610177856199965,0,0,0,1,0
2020,Italian Grand Prix,FP3,ALB,14.0,11.0,clear_violation,341.0,63.0,257.72457759002265,100.0,0.1244695898161244,88,707,308.3526315789473,318.0,0.9970760233918129,1.1475461371333286,0,0,0,1,0
2020,Italian Grand Prix,FP3,VET,4.0,11.0,clear_violation,334.0,69.0,253.69915752331656,100.0,0.1192787794729542,86,721,308.3526315789473,318.0,0.9766081871345029,1.1296225254580936,0,0,0,1,0
2020,Italian Grand Prix,FP3,GIO,6.0,5.0,clear_violation,319.0,56.0,177.55530087949805,100.0,0.1734496124031007,179,1032,308.3526315789473,318.0,0.9327485380116959,0.7905838921421587,0,0,0,1,0
2020,Italian Grand Prix,Q,STR,2.0,11.0,clear_violation,343.0,70.0,259.3102744043453,100.0,0.1357142857142857,95,700,313.03125,334.0,1.0,1.0566108967912846,0,1,0,0,0
2020,Italian Grand Prix,Q,STR,3.0,11.0,clear_violation,325.0,62.0,207.75570704384123,100.0,0.2634593356242841,230,873,313.03125,334.0,0.9475218658892128,0.846541636027909,0,1,0,0,0
2020,Italian Grand Prix,Q,ALB,4.0,11.0,clear_violation,336.0,70.0,258.098910994219,100.0,0.1225071225071225,86,702,313.03125,334.0,0.9795918367346939,1.0516749574728224,0,1,0,0,0
2020,Italian Grand Prix,Q,ALB,15.0,11.0,clear_violation,342.0,68.0,260.01851576735754,100.0,0.1318051575931232,92,698,313.03125,334.0,0.9970845481049563,1.0594967660204775,0,1,0,0,0
2020,Italian Grand Prix,Q,GAS,2.0,11.0,clear_violation,340.0,69.0,260.22663857700434,100.0,0.1018651362984218,71,697,313.03125,334.0,0.9912536443148688,1.0603448034885214,0,1,0,0,0
2020,Italian Grand Prix,Q,GAS,3.0,11.0,clear_violation,330.0,50.0,205.0703979372161,100.0,0.1794582392776523,159,886,313.03125,334.0,0.9620991253644315,0.8355998140355853,0,1,0,0,0
2020,Italian Grand Prix,Q,LEC,2.0,11.0,clear_violation,340.0,67.0,257.1998798854982,100.0,0.1288951841359773,91,706,313.03125,334.0,0.9912536443148688,1.0480116777658735,0,1,0,0,0
2020,Italian Grand Prix,Q,MAG,2.0,11.0,clear_violation,333.0,68.0,255.6556598428353,100.0,0.1179775280898876,84,712,313.03125,334.0,0.9708454810495627,1.0417194483975265,0,1,0,0,0
2020,Italian Grand Prix,R,GAS,16.0,11.0,clear_violation,332.0,63.0,240.53503782926373,100.0,0.1241655540720961,93,749,299.03841807909606,328.0,0.9512893982808023,1.0460589093296362,0,0,1,0,0
2020,Italian Grand Prix,R,GAS,17.0,11.0,clear_violation,332.0,61.0,240.85778474810007,100.0,0.1301460823373174,98,753,299.03841807909606,328.0,0.9512893982808023,1.047462498149603,0,0,1,0,0
2020,Italian Grand Prix,R,STR,28.0,4.0,clear_violation,340.0,0.0,144.632292906861,100.0,0.3386454183266932,425,1255,299.03841807909606,328.0,0.9742120343839542,0.6289890235425358,0,0,1,0,0
2020,Italian Grand Prix,R,NOR,14.0,11.0,clear_violation,331.0,62.0,241.85586085793247,100.0,0.1352074966532797,101,747,299.03841807909606,328.0,0.9484240687679083,1.0518030150917557,0,0,1,0,0
2020,Italian Grand Prix,R,NOR,15.0,11.0,clear_violation,331.0,64.0,241.7727639804512,100.0,0.1273458445040214,95,746,299.03841807909606,328.0,0.9484240687679083,1.0514416364343626,0,0,1,0,0
2020,Italian Grand Prix,R,BOT,15.0,11.0,clear_violation,334.0,65.0,240.5422393198572,100.0,0.1682242990654205,126,749,299.03841807909606,328.0,0.9570200573065902,1.0460902277748148,0,0,1,0,0
2020,Italian Grand Prix,R,BOT,16.0,11.0,clear_violation,340.0,60.0,242.35103352900245,100.0,0.1550802139037433,116,748,299.03841807909606,328.0,0.9742120343839542,1.0539564634579641,0,0,1,0,0
2020,Italian Grand Prix,R,KVY,24.0,11.0,clear_violation,349.0,63.0,236.7727971875747,100.0,0.1926605504587156,147,763,299.03841807909606,328.0,1.0,1.0296973622644043,0,0,1,0,0
2020,Italian Grand Prix,R,KVY,25.0,11.0,clear_violation,323.0,59.0,168.15714358361822,100.0,0.1672862453531598,180,1076,299.03841807909606,328.0,0.9255014326647565,0.7312958635902577,0,0,1,0,0
2020,Italian Grand Prix,R,KVY,28.0,11.0,clear_violation,338.0,0.0,169.2474016600512,100.0,0.2249297094657919,240,1067,299.03841807909606,328.0,0.9684813753581661,0.7360372691859399,0,0,1,0,0
2020,Italian Grand Prix,R,KVY,29.0,11.0,clear_violation,339.0,63.0,240.1578727684324,100.0,0.163129973474801,123,754,299.03841807909606,328.0,0.9713467048710601,1.0444186623380503,0,0,1,0,0
2020,Italian Grand Prix,R,KVY,30.0,11.0,clear_violation,340.0,65.0,242.4328827150904,100.0,0.146505376344086,109,744,299.03841807909606,328.0,0.9742120343839542,1.0543124160505732,0,0,1,0,0
2020,Italian Grand Prix,R,RAI,33.0,11.0,clear_violation,327.0,67.0,245.11584702536567,100.0,0.1486486486486486,110,740,299.03841807909606,328.0,0.9369627507163324,1.065980315852219,0,0,1,0,0
2020,Italian Grand Prix,R,RAI,34.0,11.0,clear_violation,329.0,47.0,240.90147669294169,100.0,0.1706666666666666,128,750,299.03841807909606,328.0,0.9426934097421203,1.047652509337079,0,0,1,0,0
2020,Italian Grand Prix,R,RAI,42.0,11.0,clear_violation,329.0,66.0,244.0601778518543,100.0,0.1442048517520215,107,742,299.03841807909606,328.0,0.9426934097421203,1.0613893333732336,0,0,1,0,0
2020,Italian Grand Prix,R,RAI,43.0,11.0,clear_violation,328.0,53.0,238.40262723205072,100.0,0.1635883905013192,124,758,299.03841807909606,328.0,0.9398280802292264,1.0367853036059373,0,0,1,0,0
2020,Italian Grand Prix,R,RUS,43.0,11.0,clear_violation,334.0,62.0,243.2119292566609,100.0,0.148993288590604,111,745,299.03841807909606,328.0,0.9570200573065902,1.0577003988698195,0,0,1,0,0
2020,Italian Grand Prix,R,RUS,44.0,11.0,clear_violation,325.0,64.0,243.54433824931047,100.0,0.1401617250673854,104,742,299.03841807909606,328.0,0.9312320916905444,1.059146006925263,0,0,1,0,0
2020,Italian Grand Prix,R,ALB,39.0,11.0,clear_violation,348.0,62.0,244.9702137195808,100.0,0.1621621621621621,120,740,299.03841807909606,328.0,0.997134670487106,1.065346973540071,0,0,1,0,0
2020,Italian Grand Prix,R,ALB,40.0,11.0,clear_violation,345.0,55.0,239.80433498218576,100.0,0.197875166002656,149,753,299.03841807909606,328.0,0.9885386819484241,1.0428811676161776,0,0,1,0,0
2020,Italian Grand Prix,R,GAS,3.0,1.0,no_advantage,338.0,64.0,239.49930867376565,100.0,0.147410358565737,111,753,299.03841807909606,328.0,0.9684813753581661,1.0415546436703012,0,0,1,0,0
2020,Portuguese Grand Prix,FP1,RIC,25.0,4.0,clear_violation,319.0,75.0,185.3741818169267,100.0,0.130659767141009,101,773,290.8219424460432,319.0,0.9494047619047619,0.9468668214436303,0,0,0,1,0
2020,Portuguese Grand Prix,FP1,NOR,23.0,4.0,clear_violation,299.0,72.0,203.1776827026708,100.0,0.1926863572433192,137,711,290.8219424460432,319.0,0.8898809523809523,1.0378047510356903,0,0,0,1,0
2020,Portuguese Grand Prix,FP1,NOR,28.0,4.0,clear_violation,297.0,36.0,145.7473588419155,100.0,0.1295546558704453,128,988,290.8219424460432,319.0,0.8839285714285714,0.7444582468163725,0,0,0,1,0
2020,Portuguese Grand Prix,FP1,VET,6.0,4.0,clear_violation,329.0,67.0,186.475573173428,100.0,0.2993548387096774,232,775,290.8219424460432,319.0,0.9791666666666666,0.9524925829314184,0,0,0,1,0
2020,Portuguese Grand Prix,FP1,VET,14.0,4.0,clear_violation,317.0,75.0,207.96081669297465,100.0,0.2143884892086331,149,695,290.8219424460432,319.0,0.9434523809523809,1.0622363673133592,0,0,0,1,0
2020,Portuguese Grand Prix,FP1,VET,22.0,4.0,clear_violation,309.0,72.0,195.9297638839152,100.0,0.2256756756756756,167,740,290.8219424460432,319.0,0.9196428571428571,1.000783339603249,0,0,0,1,0
2020,Portuguese Grand Prix,FP1,VET,25.0,1.0,clear_violation,312.0,72.0,207.2878490923617,100.0,0.2163323782234957,151,698,290.8219424460432,319.0,0.9285714285714286,1.0587989377496445,0,0,0,1,0
2020,Portuguese Grand Prix,FP1,VET,33.0,4.0,clear_violation,336.0,70.0,204.95972382381777,100.0,0.2104519774011299,149,708,290.8219424460432,319.0,1.0,1.0469071815657878,0,0,0,1,0
2020,Portuguese Grand Prix,FP1,VET,36.0,1.0,clear_violation,292.0,47.0,154.60411536987667,100.0,0.1679144385026738,157,935,290.8219424460432,319.0,0.8690476190476191,0.7896973886414881,0,0,0,1,0
2020,Portuguese Grand Prix,FP1,LAT,31.0,1.0,clear_violation,300.3625024,68.0,197.9142059438344,100.0,0.1958904109589041,143,730,290.8219424460432,319.0,0.893936019047619,1.0109196073790412,0,0,0,1,0
2020,Portuguese Grand Prix,FP1,RAI,6.0,4.0,clear_violation,318.0,68.0,196.48681610336325,100.0,0.220708446866485,162,734,290.8219424460432,319.0,0.9464285714285714,1.0036286887194912,0,0,0,1,0
2020,Portuguese Grand Prix,FP1,RAI,7.0,4.0,clear_violation,322.0,71.0,199.0149524927571,100.0,0.2157676348547718,156,723,290.8219424460432,319.0,0.9583333333333334,1.0165420752749361,0,0,0,1,0
2020,Portuguese Grand Prix,FP1,RAI,33.0,4.0,clear_violation,319.0,75.0,202.5312710586638,100.0,0.1875,132,704,290.8219424460432,319.0,0.9494047619047619,1.034502965788651,0,0,0,1,0
2020,Portuguese Grand Prix,FP1,GRO,13.0,4.0,clear_violation,320.0,58.0,194.90163189417265,100.0,0.1737967914438502,130,748,290.8219424460432,319.0,0.9523809523809523,0.9955317772788178,0,0,0,1,0
2020,Portuguese Grand Prix,FP1,GRO,18.0,1.0,clear_violation,317.0,74.0,204.94086071057063,100.0,0.1652542372881356,117,708,290.8219424460432,319.0,0.9434523809523809,1.0468108312762934,0,0,0,1,0
2020,Portuguese Grand Prix,FP1,GRO,25.0,1.0,clear_violation,303.0,70.0,197.09702652638487,100.0,0.2127371273712737,157,738,290.8219424460432,319.0,0.9017857142857143,1.0067455629141342,0,0,0,1,0
2020,Portuguese Grand Prix,FP1,GAS,10.0,1.0,clear_violation,326.0,71.0,199.2478527239452,100.0,0.2211538461538461,161,728,290.8219424460432,319.0,0.9702380952380952,1.0177316988754672,0,0,0,1,0
2020,Portuguese Grand Prix,FP1,GAS,11.0,4.0,clear_violation,325.0,77.0,207.069771960804,100.0,0.1798561151079136,125,695,290.8219424460432,319.0,0.9672619047619048,1.0576850285829864,0,0,0,1,0
2020,Portuguese Grand Prix,FP1,GAS,22.0,1.0,clear_violation,324.0,74.0,200.98464621727987,100.0,0.1863699582753824,134,719,290.8219424460432,319.0,0.9642857142857143,1.0266030105026813,0,0,0,1,0
2020,Portuguese Grand Prix,FP1,PER,4.0,1.0,clear_violation,330.0,77.0,199.7293812966357,100.0,0.2209944751381215,160,724,290.8219424460432,319.0,0.9821428571428571,1.0201912831853688,0,0,0,1,0
2020,Portuguese Grand Prix,FP1,PER,11.0,4.0,clear_violation,325.0,73.0,204.2666895675625,100.0,0.2039381153305204,145,711,290.8219424460432,319.0,0.9672619047619048,1.0433672541770858,0,0,0,1,0
2020,Portuguese Grand Prix,FP1,PER,20.0,1.0,clear_violation,301.0,73.0,200.4318915195608,100.0,0.1961325966850828,142,724,290.8219424460432,319.0,0.8958333333333334,1.0237796125594651,0,0,0,1,0
2020,Portuguese Grand Prix,FP1,PER,21.0,1.0,clear_violation,302.0,74.0,201.9267231189016,100.0,0.1949860724233983,140,718,290.8219424460432,319.0,0.8988095238095238,1.0314150148101366,0,0,0,1,0
2020,Portuguese Grand Prix,FP1,PER,22.0,4.0,clear_violation,303.0,76.0,202.4352165514468,100.0,0.2083916083916084,149,715,290.8219424460432,319.0,0.9017857142857143,1.0340123320604673,0,0,0,1,0
2020,Portuguese Grand Prix,FP1,PER,25.0,4.0,clear_violation,331.0,68.0,200.081917239865,100.0,0.2437673130193905,176,722,290.8219424460432,319.0,0.9851190476190477,1.0219919901918053,0,0,0,1,0
2020,Portuguese Grand Prix,FP1,LEC,6.0,1.0,clear_violation,314.0,76.0,206.41252814591675,100.0,0.1819484240687679,127,698,290.8219424460432,319.0,0.9345238095238095,1.054327914038684,0,0,0,1,0
2020,Portuguese Grand Prix,FP1,LEC,9.0,4.0,clear_violation,318.0,74.0,193.1663183097069,100.0,0.2143808255659121,161,751,290.8219424460432,319.0,0.9464285714285714,0.9866680248305197,0,0,0,1,0
2020,Portuguese Grand Prix,FP1,LEC,31.0,4.0,clear_violation,315.0,61.0,197.5940793452356,100.0,0.1953551912568306,143,732,290.8219424460432,319.0,0.9375,1.009284443021719,0,0,0,1,0
2020,Portuguese Grand Prix,FP1,STR,3.0,4.0,clear_violation,320.0,55.0,191.1540970920816,100.0,0.2365308804204993,180,761,290.8219424460432,319.0,0.9523809523809523,0.9763898647884921,0,0,0,1,0
2020,Portuguese Grand Prix,FP1,STR,5.0,4.0,clear_violation,327.0,57.0,177.59239976503275,100.0,0.2380368098159509,194,815,290.8219424460432,319.0,0.9732142857142857,0.9071185071723326,0,0,0,1,0
2020,Portuguese Grand Prix,FP1,STR,6.0,4.0,clear_violation,324.0,68.0,199.66131495050664,100.0,0.2586445366528354,187,723,290.8219424460432,319.0,0.9642857142857143,1.0198436092850727,0,0,0,1,0
2020,Portuguese Grand Prix,FP1,STR,7.0,4.0,clear_violation,325.0,70.0,200.53592925642243,100.0,0.2454923717059639,177,721,290.8219424460432,319.0,0.9672619047619048,1.0243110235696007,0,0,0,1,0
2020,Portuguese Grand Prix,FP1,STR,9.0,4.0,clear_violation,326.0,73.0,202.5076130990409,100.0,0.2248603351955307,161,716,290.8219424460432,319.0,0.9702380952380952,1.0343821240575621,0,0,0,1,0
2020,Portuguese Grand Prix,FP1,STR,10.0,1.0,clear_violation,328.0,65.0,185.85216312274005,100.0,0.2480719794344473,193,778,290.8219424460432,319.0,0.9761904761904762,0.9493082867831345,0,0,0,1,0
2020,Portuguese Grand Prix,FP1,STR,16.0,1.0,clear_violation,319.0,68.0,202.83929997059383,100.0,0.2156862745098039,154,714,290.8219424460432,319.0,0.9494047619047619,1.0360763367613142,0,0,0,1,0
2020,Portuguese Grand Prix,FP1,STR,22.0,1.0,clear_violation,325.0,64.0,193.8862266721145,100.0,0.2225201072386059,166,746,290.8219424460432,319.0,0.9672619047619048,0.9903452216017334,0,0,0,1,0
2020,Portuguese Grand Prix,FP1,STR,23.0,1.0,clear_violation,322.0,70.0,205.4471412206718,100.0,0.2195467422096317,155,706,290.8219424460432,319.0,0.9583333333333334,1.0493968452112425,0,0,0,1,0
2020,Portuguese Grand Prix,FP1,STR,24.0,1.0,clear_violation,323.0,65.0,206.7068767071004,100.0,0.2160228898426323,151,699,290.8219424460432,319.0,0.9613095238095238,1.0558314075877464,0,0,0,1,0
2020,Portuguese Grand Prix,FP1,STR,28.0,1.0,clear_violation,323.0,67.0,196.584931918446,100.0,0.2181571815718157,161,738,290.8219424460432,319.0,0.9613095238095238,1.0041298513358283,0,0,0,1,0
2020,Portuguese Grand Prix,FP1,STR,30.0,4.0,clear_violation,298.0,67.0,191.84523342021515,100.0,0.2127659574468085,160,752,290.8219424460432,319.0,0.8869047619047619,0.979920097811181,0,0,0,1,0
2020,Portuguese Grand Prix,FP1,ALB,5.0,4.0,clear_violation,317.0,70.0,199.5989193029955,100.0,0.221763085399449,161,726,290.8219424460432,319.0,0.9434523809523809,1.0195249005638705,0,0,0,1,0
2020,Portuguese Grand Prix,FP1,ALB,19.0,4.0,clear_violation,321.0,67.0,190.2934634555407,100.0,0.2204724409448819,168,762,290.8219424460432,319.0,0.9553571428571429,0.9719938619154288,0,0,0,1,0
2020,Portuguese Grand Prix,FP1,ALB,27.0,1.0,clear_violation,317.0,75.0,194.0338679637904,100.0,0.2083333333333333,155,744,290.8219424460432,319.0,0.9434523809523809,0.9910993538071613,0,0,0,1,0
2020,Portuguese Grand Prix,FP1,ALB,32.0,4.0,clear_violation,302.5833344,68.0,198.34921914239908,100.0,0.2260273972602739,165,730,290.8219424460432,319.0,0.9005456380952381,1.0131415973054363,0,0,0,1,0
2020,Portuguese Grand Prix,FP1,ALB,33.0,4.0,clear_violation,317.0,48.0,152.96534050452345,100.0,0.3127659574468085,294,940,290.8219424460432,319.0,0.9434523809523809,0.7813267432117423,0,0,0,1,0
2020,Portuguese Grand Prix,FP1,KVY,20.0,1.0,clear_violation,322.0,63.0,194.91967266694803,100.0,0.1846361185983827,137,742,290.8219424460432,319.0,0.9583333333333334,0.995623927161864,0,0,0,1,0
2020,Portuguese Grand Prix,FP1,KVY,24.0,1.0,clear_violation,325.0,71.0,199.5514193768343,100.0,0.2209944751381215,160,724,290.8219424460432,319.0,0.9672619047619048,1.019282277218687,0,0,0,1,0
2020,Portuguese Grand Prix,FP1,KVY,29.0,4.0,clear_violation,305.0,65.0,198.7084205030548,100.0,0.2121212121212121,154,726,290.8219424460432,319.0,0.9077380952380952,1.0149763503831775,0,0,0,1,0
2020,Portuguese Grand Prix,FP1,OCO,8.0,1.0,clear_violation,328.0,71.0,202.7133523659804,100.0,0.2181818181818181,156,715,290.8219424460432,319.0,0.9761904761904762,1.0354330130423375,0,0,0,1,0
2020,Portuguese Grand Prix,FP1,OCO,11.0,1.0,clear_violation,329.0,72.0,205.6762799105676,100.0,0.2170212765957447,153,705,290.8219424460432,319.0,0.9791666666666666,1.0505672553559824,0,0,0,1,0
2020,Portuguese Grand Prix,FP1,VER,3.0,1.0,clear_violation,317.0,72.0,198.39318103060552,100.0,0.1972602739726027,144,730,290.8219424460432,319.0,0.9434523809523809,1.0133661488203383,0,0,0,1,0
2020,Portuguese Grand Prix,FP1,HAM,27.0,1.0,clear_violation,306.0,74.0,200.88068585636964,100.0,0.2130013831258644,154,723,290.8219424460432,319.0,0.9107142857142857,1.0260719947186796,0,0,0,1,0
2020,Portuguese Grand Prix,FP1,HAM,28.0,1.0,clear_violation,312.0,79.0,204.17997220204413,100.0,0.2039660056657223,144,706,290.8219424460432,319.0,0.9285714285714286,1.0429243133346904,0,0,0,1,0
2020,Portuguese Grand Prix,FP1,SAI,3.0,4.0,clear_violation,313.0,71.0,197.31995261313003,100.0,0.2343324250681198,172,734,290.8219424460432,319.0,0.9315476190476191,1.0078842399030459,0,0,0,1,0
2020,Portuguese Grand Prix,FP1,SAI,4.0,1.0,clear_violation,313.0,72.0,191.5725794828787,100.0,0.1976127320954907,149,754,290.8219424460432,319.0,0.9315476190476191,0.9785274175335421,0,0,0,1,0
2020,Portuguese Grand Prix,FP1,SAI,15.0,4.0,clear_violation,325.0,73.0,202.97117960857733,100.0,0.2064606741573033,147,712,290.8219424460432,319.0,0.9672619047619048,1.0367499605227608,0,0,0,1,0
2020,Portuguese Grand Prix,FP1,SAI,20.0,4.0,clear_violation,316.0,30.0,182.5472680352072,100.0,0.2237673830594184,177,791,290.8219424460432,319.0,0.9404761904761905,0.9324273194549693,0,0,0,1,0
2020,Portuguese Grand Prix,FP1,SAI,27.0,4.0,clear_violation,306.7416661333333,51.0,183.6780780200478,100.0,0.2012738853503184,158,785,290.8219424460432,319.0,0.9129216253968253,0.9382033474083127,0,0,0,1,0
2020,Portuguese Grand Prix,FP1,SAI,34.0,1.0,clear_violation,296.0,72.0,202.01126332563973,100.0,0.1880222841225626,135,718,290.8219424460432,319.0,0.8809523809523809,1.0318468350132184,0,0,0,1,0
2020,Portuguese Grand Prix,FP1,SAI,40.0,4.0,clear_violation,294.0,67.0,193.27316581255752,100.0,0.2026666666666666,152,750,290.8219424460432,319.0,0.875,0.9872137877539848,0,0,0,1,0
2020,Portuguese Grand Prix,FP1,RUS,28.0,1.0,clear_violation,299.0,77.0,199.9903314343892,100.0,0.1883656509695291,136,722,290.8219424460432,319.0,0.8898809523809523,1.0215241820015262,0,0,0,1,0
2020,Portuguese Grand Prix,FP1,BOT,27.0,1.0,clear_violation,312.0,77.0,204.10846526143675,100.0,0.2137834036568213,152,711,290.8219424460432,319.0,0.9285714285714286,1.042559065332512,0,0,0,1,0
2020,Portuguese Grand Prix,FP1,BOT,32.0,4.0,clear_violation,309.0,70.0,198.27401244108944,104.0,0.2079343365253078,152,731,290.8219424460432,319.0,0.9196428571428571,1.0127574514145559,0,0,0,1,0
2020,Portuguese Grand Prix,FP1,GIO,23.0,4.0,clear_violation,323.0,70.0,181.3157226301642,100.0,0.2102628285356695,168,799,290.8219424460432,319.0,0.9613095238095238,0.9261367482885476,0,0,0,1,0
2020,Portuguese Grand Prix,FP2,RIC,16.0,4.0,clear_violation,294.0,77.0,202.1870561275234,100.0,0.1506276150627615,108,717,284.86727272727273,322.0,0.8990825688073395,1.0157955905022218,0,0,0,1,0
2020,Portuguese Grand Prix,FP2,NOR,6.0,4.0,clear_violation,294.0,68.0,199.88097084758667,100.0,0.2047026279391424,148,723,284.86727272727273,322.0,0.8990825688073395,1.0042097288573282,0,0,0,1,0
2020,Portuguese Grand Prix,FP2,NOR,7.0,4.0,clear_violation,293.3624992,72.0,200.9145833500746,100.0,0.1944055944055944,139,715,284.86727272727273,322.0,0.8971330250764527,1.0094026380495615,0,0,0,1,0
2020,Portuguese Grand Prix,FP2,NOR,29.0,4.0,clear_violation,312.0,72.0,204.9924337632642,100.0,0.1761363636363636,124,704,284.86727272727273,322.0,0.9541284403669725,1.0298899162551112,0,0,0,1,0
2020,Portuguese Grand Prix,FP2,VET,7.0,4.0,clear_violation,304.2583328,69.0,198.81892003555723,100.0,0.2451790633608815,178,726,284.86727272727273,322.0,0.9304536171253823,0.9988739444979755,0,0,0,1,0
2020,Portuguese Grand Prix,FP2,VET,12.0,1.0,clear_violation,302.0,72.0,197.7608510801016,100.0,0.2779291553133515,204,734,284.86727272727273,322.0,0.9235474006116208,0.9935581651400662,0,0,0,1,0
2020,Portuguese Grand Prix,FP2,LAT,15.0,1.0,clear_violation,291.0,73.0,194.217326331852,100.0,0.1673414304993252,124,741,284.86727272727273,322.0,0.8899082568807339,0.9757553597426863,0,0,0,1,0
2020,Portuguese Grand Prix,FP2,LAT,17.0,4.0,clear_violation,288.0,72.0,197.0507527317028,100.0,0.2008196721311475,147,732,284.86727272727273,322.0,0.8807339449541285,0.9899906035713798,0,0,0,1,0
2020,Portuguese Grand Prix,FP2,RAI,5.0,4.0,clear_violation,300.0,66.0,196.9099016119738,100.0,0.1978319783197832,146,738,284.86727272727273,322.0,0.9174311926605505,0.9892829620977942,0,0,0,1,0
2020,Portuguese Grand Prix,FP2,RAI,9.0,4.0,clear_violation,296.0,69.0,200.8500161129353,100.0,0.2125,153,720,284.86727272727273,322.0,0.9051987767584098,1.0090782497527377,0,0,0,1,0
2020,Portuguese Grand Prix,FP2,RAI,13.0,4.0,clear_violation,292.0,72.0,199.88964898672216,100.0,0.1991701244813278,144,723,284.86727272727273,322.0,0.8929663608562691,1.004253328164012,0,0,0,1,0
2020,Portuguese Grand Prix,FP2,RAI,30.0,4.0,clear_violation,326.0,70.0,197.82164466880647,100.0,0.2403846153846154,175,728,284.86727272727273,322.0,0.9969418960244648,0.9938635944811922,0,0,0,1,0
2020,Portuguese Grand Prix,FP2,GRO,4.0,4.0,clear_violation,294.0,70.0,199.25243989261003,100.0,0.180327868852459,132,732,284.86727272727273,322.0,0.8990825688073395,1.0010519650281902,0,0,0,1,0
2020,Portuguese Grand Prix,FP2,GRO,12.0,1.0,clear_violation,289.0,72.0,196.9620435183097,100.0,0.1829268292682926,135,738,284.86727272727273,322.0,0.8837920489296636,0.9895449250520547,0,0,0,1,0
2020,Portuguese Grand Prix,FP2,GRO,13.0,4.0,clear_violation,290.0,73.0,199.26854960833512,100.0,0.1755829903978052,128,729,284.86727272727273,322.0,0.8868501529051988,1.0011329008631105,0,0,0,1,0
2020,Portuguese Grand Prix,FP2,GRO,14.0,2.0,clear_violation,293.0,74.0,199.92480519007128,100.0,0.1698895027624309,123,724,284.86727272727273,322.0,0.8960244648318043,1.0044299542894664,0,0,0,1,0
2020,Portuguese Grand Prix,FP2,GRO,15.0,1.0,clear_violation,294.0,72.0,190.67671746988125,100.0,0.1949934123847167,148,759,284.86727272727273,322.0,0.8990825688073395,0.9579672038707567,0,0,0,1,0
2020,Portuguese Grand Prix,FP2,GRO,19.0,4.0,clear_violation,313.0,74.0,202.1245589844173,100.0,0.192200557103064,138,718,284.86727272727273,322.0,0.9571865443425076,1.0154816024378912,0,0,0,1,0
2020,Portuguese Grand Prix,FP2,GRO,26.0,4.0,clear_violation,303.0,74.0,198.4190515901434,100.0,0.1863013698630137,136,730,284.86727272727273,322.0,0.926605504587156,0.9968649899614588,0,0,0,1,0
2020,Portuguese Grand Prix,FP2,GRO,27.0,4.0,clear_violation,295.0,74.0,198.62887651786392,100.0,0.1838134430727023,134,729,284.86727272727273,322.0,0.9021406727828746,0.9979191585142742,0,0,0,1,0
2020,Portuguese Grand Prix,FP2,GAS,4.0,4.0,clear_violation,309.0,70.0,192.79310189241988,100.0,0.1933774834437086,146,755,284.86727272727273,322.0,0.944954128440367,0.968600001070526,0,0,0,1,0
2020,Portuguese Grand Prix,FP2,GAS,6.0,4.0,clear_violation,304.0,73.0,200.468672828608,100.0,0.1733703190013869,125,721,284.86727272727273,322.0,0.9296636085626911,1.007162366342066,0,0,0,1,0
2020,Portuguese Grand Prix,FP2,GAS,9.0,4.0,clear_violation,306.0,71.0,200.41836214910668,100.0,0.1969486823855755,142,721,284.86727272727273,322.0,0.9357798165137615,1.0069096035422536,0,0,0,1,0
2020,Portuguese Grand Prix,FP2,GAS,19.0,4.0,clear_violation,317.0,75.0,208.25535265473133,100.0,0.1661849710982658,115,692,284.86727272727273,322.0,0.9694189602446484,1.0462829469742894,0,0,0,1,0
2020,Portuguese Grand Prix,FP2,PER,20.0,4.0,clear_violation,320.0,74.0,201.1684401039204,100.0,0.1977715877437326,142,718,284.86727272727273,322.0,0.9785932721712538,1.0106780241999644,0,0,0,1,0
2020,Portuguese Grand Prix,FP2,PER,21.0,4.0,clear_violation,321.0,73.0,207.01793711835512,100.0,0.1854493580599144,130,701,284.86727272727273,322.0,0.981651376146789,1.0400661234567785,0,0,0,1,0
2020,Portuguese Grand Prix,FP2,LEC,5.0,4.0,clear_violation,321.0,73.0,190.79413629698504,100.0,0.220026350461133,167,759,284.86727272727273,322.0,0.981651376146789,0.9585571205998412,0,0,0,1,0
2020,Portuguese Grand Prix,FP2,STR,10.0,4.0,clear_violation,289.0,69.0,200.91096968975847,100.0,0.203601108033241,147,722,284.86727272727273,322.0,0.8837920489296636,1.0093844828803584,0,0,0,1,0
2020,Portuguese Grand Prix,FP2,STR,20.0,4.0,clear_violation,318.0,60.0,193.77228883266687,100.0,0.2318059299191374,172,742,284.86727272727273,322.0,0.9724770642201835,0.9735194741329011,0,0,0,1,0
2020,Portuguese Grand Prix,FP2,STR,22.0,4.0,clear_violation,316.0,72.0,206.87393565382945,100.0,0.2039942938659058,143,701,284.86727272727273,322.0,0.9663608562691132,1.0393426545290803,0,0,0,1,0
2020,Portuguese Grand Prix,FP2,MAG,5.0,4.0,clear_violation,292.0,72.0,198.713590958034,100.0,0.1742112482853223,127,729,284.86727272727273,322.0,0.8929663608562691,0.9983447671384106,0,0,0,1,0
2020,Portuguese Grand Prix,FP2,MAG,26.0,4.0,clear_violation,293.0,73.0,194.95207813925347,100.0,0.230040595399188,170,739,284.86727272727273,322.0,0.8960244648318043,0.9794467812429886,0,0,0,1,0
2020,Portuguese Grand Prix,FP2,ALB,2.0,4.0,clear_violation,297.81785691428576,71.0,197.37698887153263,100.0,0.2098092643051771,154,734,284.86727272727273,322.0,0.9107579722149411,0.9916296265565733,0,0,0,1,0
2020,Portuguese Grand Prix,FP2,ALB,3.0,4.0,clear_violation,309.0,74.0,198.1681658642146,100.0,0.2247956403269754,165,734,284.86727272727273,322.0,0.944954128440367,0.9956045303702291,0,0,0,1,0
2020,Portuguese Grand Prix,FP2,ALB,4.0,1.0,clear_violation,294.0,70.0,199.1110088149944,100.0,0.2156593406593406,157,728,284.86727272727273,322.0,0.8990825688073395,1.0003414098237495,0,0,0,1,0
2020,Portuguese Grand Prix,FP2,ALB,12.0,1.0,clear_violation,295.0,71.0,200.6059068588829,100.0,0.2083333333333333,150,720,284.86727272727273,322.0,0.9021406727828746,1.0078518354183266,0,0,0,1,0
2020,Portuguese Grand Prix,FP2,ALB,15.0,1.0,clear_violation,293.0,72.0,199.7930811152189,100.0,0.2077562326869806,150,722,284.86727272727273,322.0,0.8960244648318043,1.0037681674423715,0,0,0,1,0
2020,Portuguese Grand Prix,FP2,ALB,19.0,1.0,clear_violation,311.0,71.0,175.10345697521944,100.0,0.2138517618469015,176,823,284.86727272727273,322.0,0.9510703363914373,0.8797265407778513,0,0,0,1,0
2020,Portuguese Grand Prix,FP2,ALB,20.0,1.0,clear_violation,317.0,73.0,208.4956333656293,100.0,0.19568345323741,136,695,284.86727272727273,322.0,0.9694189602446484,1.0474901265598062,0,0,0,1,0
2020,Portuguese Grand Prix,FP2,ALB,28.0,4.0,clear_violation,316.0,63.0,179.93351881362713,100.0,0.1980074719800747,159,803,284.86727272727273,322.0,0.9663608562691132,0.9039929582789452,0,0,0,1,0
2020,Portuguese Grand Prix,FP2,ALB,31.0,4.0,clear_violation,309.0,75.0,185.44075621416053,100.0,0.2043701799485861,159,778,284.86727272727273,322.0,0.944954128440367,0.9316615319970488,0,0,0,1,0
2020,Portuguese Grand Prix,FP2,ALB,32.0,4.0,clear_violation,313.0,73.0,207.4254504133175,100.0,0.1936872309899569,135,697,284.86727272727273,322.0,0.9571865443425076,1.042113486013127,0,0,0,1,0
2020,Portuguese Grand Prix,FP2,KVY,8.0,4.0,clear_violation,318.0,70.0,199.73114494198512,100.0,0.1927877947295423,139,721,284.86727272727273,322.0,0.9724770642201835,1.0034569977123777,0,0,0,1,0
2020,Portuguese Grand Prix,FP2,KVY,12.0,1.0,clear_violation,291.0,73.0,199.3174263746466,100.0,0.1825726141078838,132,723,284.86727272727273,322.0,0.8899082568807339,1.0013784596275939,0,0,0,1,0
2020,Portuguese Grand Prix,FP2,KVY,15.0,4.0,clear_violation,320.0,72.0,200.42586752373427,100.0,0.1782729805013927,128,718,284.86727272727273,322.0,0.9785932721712538,1.0069473108346876,0,0,0,1,0
2020,Portuguese Grand Prix,FP2,KVY,29.0,4.0,clear_violation,320.0,75.0,207.73892392715905,100.0,0.1820809248554913,126,692,284.86727272727273,322.0,0.9785932721712538,1.043688389071702,0,0,0,1,0
2020,Portuguese Grand Prix,FP2,OCO,14.0,1.0,clear_violation,295.0,74.0,200.9492636100751,100.0,0.1983356449375866,143,721,284.86727272727273,322.0,0.9021406727828746,1.0095768730172232,0,0,0,1,0
2020,Portuguese Grand Prix,FP2,VER,13.0,1.0,clear_violation,307.26666666666665,73.0,202.63224777488395,100.0,0.2125874125874126,152,715,284.86727272727273,322.0,0.9396534148827727,1.0180322505584027,0,0,0,1,0
2020,Portuguese Grand Prix,FP2,HAM,24.0,4.0,clear_violation,315.8125002666667,74.0,202.2717382773384,100.0,0.2078651685393258,148,712,284.86727272727273,322.0,0.9657874625891948,1.0162210368983653,0,0,0,1,0
2020,Portuguese Grand Prix,FP2,SAI,2.0,1.0,clear_violation,310.0,73.0,199.04175000898667,100.0,0.2038567493112947,148,726,284.86727272727273,322.0,0.9480122324159022,0.9999934509034627,0,0,0,1,0
2020,Portuguese Grand Prix,FP2,SAI,17.0,4.0,clear_violation,295.0,75.0,199.5143999735328,100.0,0.1793103448275862,130,725,284.86727272727273,322.0,0.9021406727828746,1.002368062607261,0,0,0,1,0
2020,Portuguese Grand Prix,FP2,SAI,21.0,4.0,clear_violation,317.0,77.0,200.29067572687228,100.0,0.1777777777777777,128,720,284.86727272727273,322.0,0.9694189602446484,1.0062681020180864,0,0,0,1,0
2020,Portuguese Grand Prix,FP2,SAI,27.0,4.0,clear_violation,316.0,77.0,210.44623927313444,100.0,0.1827485380116959,125,684,284.86727272727273,322.0,0.9663608562691132,1.057290046087798,0,0,0,1,0
2020,Portuguese Grand Prix,FP2,RUS,7.0,4.0,clear_violation,295.0,74.0,198.95268074022005,100.0,0.1933701657458563,140,724,284.86727272727273,322.0,0.9021406727828746,0.9995459634520141,0,0,0,1,0
2020,Portuguese Grand Prix,FP2,RUS,8.0,4.0,clear_violation,294.0,73.0,198.55024779138745,100.0,0.18732782369146,136,726,284.86727272727273,322.0,0.8990825688073395,0.9975241247511275,0,0,0,1,0
2020,Portuguese Grand Prix,FP2,GIO,22.0,4.0,clear_violation,316.0,77.0,206.60871219567844,100.0,0.1757142857142857,123,700,284.86727272727273,322.0,0.9663608562691132,1.0380101616165882,0,0,0,1,0
2020,Portuguese Grand Prix,FP2,GIO,25.0,4.0,clear_violation,315.0,74.0,194.0782022537988,100.0,0.1760752688172043,131,744,284.86727272727273,322.0,0.963302752293578,0.9750563949932812,0,0,0,1,0
2020,Portuguese Grand Prix,FP2,GIO,28.0,4.0,clear_violation,302.9678573714286,75.0,199.6113582896781,100.0,0.1867219917012448,135,723,284.86727272727273,322.0,0.9265072090869375,1.0028551849378855,0,0,0,1,0
2020,Portuguese Grand Prix,FP2,GIO,30.0,4.0,clear_violation,327.0,71.0,197.37879945337804,100.0,0.2188782489740082,160,731,284.86727272727273,322.0,1.0,0.9916387229897972,0,0,0,1,0
2020,Portuguese Grand Prix,FP2,GIO,31.0,4.0,clear_violation,299.0,74.0,199.76082664543367,100.0,0.1894882434301521,137,723,284.86727272727273,322.0,0.9143730886850153,1.00360611973858,0,0,0,1,0
2020,Portuguese Grand Prix,FP2,GIO,32.0,4.0,clear_violation,298.9928576,75.0,200.1817804046092,100.0,0.1808066759388039,130,719,284.86727272727273,322.0,0.9143512464831803,1.0057210077070073,0,0,0,1,0
2020,Portuguese Grand Prix,FP3,NOR,13.0,1.0,clear_violation,319.0,63.0,187.5866388614008,100.0,0.1533420707732634,117,763,300.1608187134503,321.0,0.9637462235649547,0.92685042848245,0,0,0,1,0
2020,Portuguese Grand Prix,FP3,LAT,3.0,1.0,clear_violation,326.0,79.0,208.0186726971134,100.0,0.2005813953488372,138,688,300.1608187134503,321.0,0.9848942598187311,1.0278034570688312,0,0,0,1,0
2020,Portuguese Grand Prix,FP3,RAI,4.0,1.0,clear_violation,323.0,79.0,211.6075652204636,100.0,0.1819548872180451,121,665,300.1608187134503,321.0,0.9758308157099698,1.0455358850990724,0,0,0,1,0
2020,Portuguese Grand Prix,FP3,GRO,5.0,1.0,clear_violation,320.0,79.0,212.0086150442756,100.0,0.1701807228915662,113,664,300.1608187134503,321.0,0.9667673716012085,1.0475174398798346,0,0,0,1,0
2020,Portuguese Grand Prix,FP3,GRO,9.0,1.0,clear_violation,319.0,78.0,212.60676988889216,100.0,0.1812778603268945,122,673,300.1608187134503,321.0,0.9637462235649547,1.050472874645321,0,0,0,1,0
2020,Portuguese Grand Prix,FP3,GRO,11.0,4.0,clear_violation,313.0,80.0,213.37254535430029,100.0,0.1602373887240356,108,674,300.1608187134503,321.0,0.945619335347432,1.0542565093569556,0,0,0,1,0
2020,Portuguese Grand Prix,FP3,GRO,16.0,1.0,clear_violation,317.0,77.0,213.0081487831732,100.0,0.1686217008797653,115,682,300.1608187134503,321.0,0.9577039274924471,1.052456055336687,0,0,0,1,0
2020,Portuguese Grand Prix,FP3,GRO,18.0,1.0,clear_violation,313.0,75.0,212.687540280942,100.0,0.1591240875912409,109,685,300.1608187134503,321.0,0.945619335347432,1.0508719546274266,0,0,0,1,0
2020,Portuguese Grand Prix,FP3,GAS,11.0,1.0,clear_violation,301.0,77.0,207.62099415647427,100.0,0.1669064748201439,116,695,300.1608187134503,321.0,0.9093655589123867,1.0258385595258779,0,0,0,1,0
2020,Portuguese Grand Prix,FP3,GAS,12.0,4.0,clear_violation,300.0,76.0,206.6317268533856,100.0,0.1743515850144092,121,694,300.1608187134503,321.0,0.9063444108761329,1.0209506696989863,0,0,0,1,0
2020,Portuguese Grand Prix,FP3,GAS,20.0,1.0,clear_violation,321.0,46.0,164.40028324260365,100.0,0.1866515837104072,165,884,300.1608187134503,321.0,0.9697885196374623,0.8122885184729276,0,0,0,1,0
2020,Portuguese Grand Prix,FP3,STR,14.0,1.0,clear_violation,324.0,72.0,213.1256461096401,100.0,0.2109144542772861,143,678,300.1608187134503,321.0,0.9788519637462235,1.0530366001347728,0,0,0,1,0
2020,Portuguese Grand Prix,FP3,MAG,10.0,1.0,clear_violation,315.0,57.0,159.74693934080187,100.0,0.2173435784851811,198,911,300.1608187134503,321.0,0.9516616314199395,0.7892967221731505,0,0,0,1,0
2020,Portuguese Grand Prix,FP3,ALB,7.0,1.0,clear_violation,324.0,77.0,215.94886350883127,100.0,0.1846153846153846,120,650,300.1608187134503,321.0,0.9788519637462235,1.0669858892313848,0,0,0,1,0
2020,Portuguese Grand Prix,FP3,ALB,12.0,1.0,clear_violation,321.0,77.0,216.97980067347976,100.0,0.1792168674698795,119,664,300.1608187134503,321.0,0.9697885196374623,1.072079666477956,0,0,0,1,0
2020,Portuguese Grand Prix,FP3,KVY,16.0,1.0,clear_violation,314.0,70.0,209.0383055430285,100.0,0.1620437956204379,111,685,300.1608187134503,321.0,0.9486404833836858,1.0328413805897567,0,0,0,1,0
2020,Portuguese Grand Prix,FP3,KVY,19.0,4.0,clear_violation,298.0,73.0,204.7077722295432,100.0,0.1783166904422254,125,701,300.1608187134503,321.0,0.9003021148036254,1.0114445653286923,0,0,0,1,0
2020,Portuguese Grand Prix,FP3,OCO,16.0,1.0,clear_violation,323.0,76.0,213.3101377856128,100.0,0.1904761904761904,128,672,300.1608187134503,321.0,0.9758308157099698,1.053948158601648,0,0,0,1,0
2020,Portuguese Grand Prix,FP3,VER,7.0,1.0,clear_violation,328.0,77.0,216.3584247332196,100.0,0.1761978361669242,114,647,300.1608187134503,321.0,0.9909365558912386,1.069009498154804,0,0,0,1,0
2020,Portuguese Grand Prix,FP3,SAI,3.0,1.0,clear_violation,327.0,41.0,194.0159640306989,100.0,0.1815718157181571,134,738,300.1608187134503,321.0,0.9879154078549849,0.9586172047527995,0,0,0,1,0
2020,Portuguese Grand Prix,FP3,SAI,20.0,1.0,clear_violation,321.0,79.0,212.47847471609128,100.0,0.1605301914580265,109,679,300.1608187134503,321.0,0.9697885196374623,1.0498389785607998,0,0,0,1,0
2020,Portuguese Grand Prix,FP3,RUS,3.0,1.0,clear_violation,331.0,79.0,209.6187787560576,100.0,0.1923076923076923,130,676,300.1608187134503,321.0,1.0,1.0357094518419747,0,0,0,1,0
2020,Portuguese Grand Prix,FP3,BOT,17.0,1.0,clear_violation,303.0,79.0,205.10739227862567,100.0,0.166429587482219,117,703,300.1608187134503,321.0,0.9154078549848943,1.01341905570802,0,0,0,1,0
2020,Portuguese Grand Prix,FP3,GIO,8.0,1.0,clear_violation,326.0,79.0,212.54712305027093,100.0,0.1706586826347305,114,668,300.1608187134503,321.0,0.9848942598187311,1.0501781644342458,0,0,0,1,0
2020,Portuguese Grand Prix,FP3,RUS,8.0,5.0,no_advantage,316.0,61.0,157.55353322957598,100.0,0.1516853932584269,135,890,300.1608187134503,321.0,0.9546827794561934,0.7784592797712543,0,0,0,1,0
2020,Portuguese Grand Prix,FP3,HAM,11.0,8.0,no_advantage,310.69166613333334,55.0,172.09207335603327,100.0,0.2557022809123649,213,833,300.1608187134503,321.0,0.938645517019134,0.8502930320443697,0,0,0,1,0
2020,Portuguese Grand Prix,Q,VER,4.0,1.0,clear_violation,320.0,51.0,184.83838031279552,100.0,0.2419974391805377,189,781,302.0498338870432,316.0,0.975609756097561,0.8886206913748236,0,1,0,0,0
2020,Portuguese Grand Prix,Q,STR,11.0,1.0,clear_violation,326.0,77.0,215.2160247127848,100.0,0.2047477744807121,138,674,302.0498338870432,316.0,0.9939024390243902,1.034662889555611,0,1,0,0,0
2020,Portuguese Grand Prix,Q,KVY,9.0,4.0,clear_violation,320.0,76.0,214.1247908843825,100.0,0.1733333333333333,117,675,302.0498338870432,316.0,0.975609756097561,1.029416722837392,0,1,0,0,0
2020,Portuguese Grand Prix,Q,VET,5.0,1.0,clear_violation,328.0,76.0,213.5937375533459,100.0,0.2144970414201183,145,676,302.0498338870432,316.0,1.0,1.026863654706282,0,1,0,0,0
2020,Portuguese Grand Prix,Q,LAT,5.0,1.0,clear_violation,325.0,79.0,212.2567558455461,100.0,0.1923641703377386,131,681,302.0498338870432,316.0,0.9908536585365854,1.0204360415258913,0,1,0,0,0
2020,Portuguese Grand Prix,R,BOT,20.0,4.0,clear_violation,304.0,73.0,200.94348152079803,100.0,0.2039660056657223,144,706,296.1204437400951,322.0,0.8941176470588236,1.0086778430010541,0,0,1,0,0
2020,Portuguese Grand Prix,R,BOT,35.0,4.0,clear_violation,312.71666773333334,75.0,204.25608910503703,100.0,0.1983122362869198,141,711,296.1204437400951,322.0,0.9197549050980393,1.0253061697698092,0,0,1,0,0
2020,Portuguese Grand Prix,R,VER,7.0,4.0,clear_violation,324.0,68.0,196.82685456335167,100.0,0.2199453551912568,161,732,296.1204437400951,322.0,0.9529411764705882,0.9880135727871074,0,0,1,0,0
2020,Portuguese Grand Prix,R,GAS,11.0,1.0,clear_violation,325.0,73.0,200.876666153956,100.0,0.2008426966292134,143,712,296.1204437400951,322.0,0.9558823529411765,1.0083424492893722,0,0,1,0,0
2020,Portuguese Grand Prix,R,GAS,15.0,1.0,clear_violation,308.7142857142857,69.0,200.48169396750475,100.0,0.2084507042253521,148,710,296.1204437400951,322.0,0.9079831932773109,1.006359803771041,0,0,1,0,0
2020,Portuguese Grand Prix,R,SAI,32.0,1.0,clear_violation,339.0,59.0,198.15943407600287,100.0,0.2348901098901099,171,728,296.1204437400951,322.0,0.9970588235294118,0.9947027344273633,0,0,1,0,0
2020,Portuguese Grand Prix,R,OCO,2.0,1.0,clear_violation,324.0,60.0,185.5225650370627,100.0,0.2911877394636015,228,783,296.1204437400951,322.0,0.9529411764705882,0.9312693266451573,0,0,1,0,0
2020,Portuguese Grand Prix,R,VET,54.0,1.0,clear_violation,332.0,75.0,203.8839640811061,100.0,0.2347949080622348,166,707,296.1204437400951,322.0,0.9764705882352941,1.02343821036339,0,0,1,0,0
2020,Portuguese Grand Prix,R,RAI,30.0,4.0,clear_violation,329.0,66.0,198.37855805940708,100.0,0.2548209366391185,185,726,296.1204437400951,322.0,0.9676470588235294,0.995802673102941,0,0,1,0,0
2020,Portuguese Grand Prix,R,RAI,56.0,4.0,clear_violation,331.0,70.0,204.23518636675053,100.0,0.2189265536723164,155,708,296.1204437400951,322.0,0.9735294117647059,1.0252012441021137,0,0,1,0,0
2020,Portuguese Grand Prix,R,ALB,2.0,1.0,clear_violation,318.0,59.0,183.19330356490647,100.0,0.2697616060225847,215,797,296.1204437400951,322.0,0.9352941176470588,0.9195771114026497,0,0,1,0,0
2020,Portuguese Grand Prix,R,ALB,49.0,1.0,clear_violation,302.0,74.0,205.4903137807187,100.0,0.1742209631728045,123,706,296.1204437400951,322.0,0.888235294117647,1.0315016187300006,0,0,1,0,0
2020,Portuguese Grand Prix,R,NOR,32.0,4.0,clear_violation,302.0,76.0,199.1712053374338,100.0,0.2104539202200825,153,727,296.1204437400951,322.0,0.888235294117647,0.9997815319373238,0,0,1,0,0
2020,Portuguese Grand Prix,R,NOR,48.0,4.0,clear_violation,304.0,75.0,205.3868940659952,100.0,0.1702127659574468,120,705,296.1204437400951,322.0,0.8941176470588236,1.0309824818364741,0,0,1,0,0
2020,Portuguese Grand Prix,R,NOR,53.0,1.0,clear_violation,340.0,67.0,203.08161757567865,100.0,0.2169014084507042,154,710,296.1204437400951,322.0,1.0,1.0194106642279848,0,0,1,0,0
2020,Portuguese Grand Prix,R,RUS,16.0,1.0,clear_violation,309.0,71.0,198.9482645433125,100.0,0.2127955493741307,153,719,296.1204437400951,322.0,0.9088235294117647,0.9986624339818723,0,0,1,0,0
2020,Portuguese Grand Prix,R,GIO,47.0,4.0,clear_violation,302.0,73.0,200.0422605411057,100.0,0.2166666666666666,156,720,296.1204437400951,322.0,0.888235294117647,1.0041539757574716,0,0,1,0,0
2020,Portuguese Grand Prix,R,MAG,9.0,4.0,clear_violation,309.1166677333333,73.0,197.5934628506816,100.0,0.228454172366621,167,731,296.1204437400951,322.0,0.9091666698039215,0.9918617234603136,0,0,1,0,0
2020,Portuguese Grand Prix,R,MAG,25.0,4.0,clear_violation,298.0,75.0,199.1846889978964,100.0,0.2002820874471086,142,709,296.1204437400951,322.0,0.8764705882352941,0.9998492159918063,0,0,1,0,0
2020,Portuguese Grand Prix,R,MAG,38.0,1.0,clear_violation,323.0,76.0,199.29684795018983,100.0,0.2121212121212121,154,726,296.1204437400951,322.0,0.95,1.0004122213165692,0,0,1,0,0
2020,Portuguese Grand Prix,R,GRO,12.0,1.0,clear_violation,311.0,72.0,198.1152119009913,100.0,0.1978171896316507,145,733,296.1204437400951,322.0,0.9147058823529411,0.994480751968585,0,0,1,0,0
2020,Portuguese Grand Prix,R,GRO,24.0,4.0,clear_violation,324.0,68.0,199.437623904208,100.0,0.2162921348314606,154,712,296.1204437400951,322.0,0.9529411764705882,1.0011188756681848,0,0,1,0,0
2020,Portuguese Grand Prix,R,GRO,28.0,4.0,clear_violation,303.0,74.0,200.06217742828585,100.0,0.1853388658367911,134,723,296.1204437400951,322.0,0.8911764705882353,1.0042539527392982,0,0,1,0,0
2020,Portuguese Grand Prix,R,GRO,30.0,1.0,clear_violation,327.0,67.0,198.2789713234773,100.0,0.2216142270861833,162,731,296.1204437400951,322.0,0.961764705882353,0.9953027766483313,0,0,1,0,0
2020,Portuguese Grand Prix,R,GRO,39.0,1.0,clear_violation,326.0,71.0,201.9046954930046,100.0,0.2103064066852367,151,718,296.1204437400951,322.0,0.9588235294117647,1.013502857621135,0,0,1,0,0
2020,Portuguese Grand Prix,R,LAT,17.0,4.0,clear_violation,307.0,71.0,198.6112908542873,100.0,0.1988795518207282,142,714,296.1204437400951,322.0,0.9029411764705882,0.9969709240546948,0,0,1,0,0
2020,Portuguese Grand Prix,R,LAT,38.0,1.0,clear_violation,303.0,71.0,193.7810035544576,100.0,0.2566844919786096,192,748,296.1204437400951,322.0,0.8911764705882353,0.9727242864539458,0,0,1,0,0
2020,Portuguese Grand Prix,R,LAT,49.0,1.0,clear_violation,309.0,74.0,202.3184309018432,100.0,0.2318435754189944,166,716,296.1204437400951,322.0,0.9088235294117647,1.0155796890595177,0,0,1,0,0
2020,Portuguese Grand Prix,R,LAT,50.0,1.0,clear_violation,306.0,75.0,202.05572418006,100.0,0.2114047287899861,152,719,296.1204437400951,322.0,0.9,1.0142609777111093,0,0,1,0,0
2020,Portuguese Grand Prix,R,KVY,32.0,1.0,clear_violation,306.0,68.0,201.6198768454511,100.0,0.1866295264623955,134,718,296.1204437400951,322.0,0.9,1.0120731508354934,0,0,1,0,0
2020,Portuguese Grand Prix,R,KVY,33.0,1.0,clear_violation,304.0,70.0,201.77035752314632,100.0,0.1796657381615599,129,718,296.1204437400951,322.0,0.8941176470588236,1.0128285200778404,0,0,1,0,0
2020,Portuguese Grand Prix,R,KVY,35.0,1.0,clear_violation,305.0,72.0,201.69760472294328,100.0,0.1743375174337517,125,717,296.1204437400951,322.0,0.8970588235294118,1.012463322177288,0,0,1,0,0
2020,Portuguese Grand Prix,R,KVY,37.0,1.0,clear_violation,307.0,73.0,200.01312959099585,100.0,0.1768802228412256,127,718,296.1204437400951,322.0,0.9029411764705882,1.0040077468591815,0,0,1,0,0
2020,Portuguese Grand Prix,R,KVY,52.0,1.0,clear_violation,310.0,74.0,202.03567021063503,100.0,0.1813110181311018,130,717,296.1204437400951,322.0,0.9117647058823529,1.0141603126162773,0,0,1,0,0
2020,Portuguese Grand Prix,R,STR,2.0,1.0,clear_violation,315.0,51.0,186.0700854493109,100.0,0.2824133504492939,220,779,296.1204437400951,322.0,0.9264705882352942,0.9340177198960645,0,0,1,0,0
2020,Portuguese Grand Prix,R,STR,6.0,4.0,clear_violation,338.0,64.0,198.3944923802229,100.0,0.2438356164383561,178,730,296.1204437400951,322.0,0.9941176470588236,0.9958826587597465,0,0,1,0,0
2020,Portuguese Grand Prix,R,STR,27.0,1.0,clear_violation,307.0,71.0,198.54033048970865,100.0,0.2430167597765363,174,716,296.1204437400951,322.0,0.9029411764705882,0.9966147236597377,0,0,1,0,0
2020,Portuguese Grand Prix,R,PER,5.0,4.0,no_advantage,303.0,73.0,200.4996120414639,100.0,0.217753120665742,157,721,296.1204437400951,322.0,0.8911764705882353,1.006449747291752,0,0,1,0,0
2020,Pre-Season Test 1,FP1,STR,5.0,10.0,clear_violation,319.0,71.0,233.03648330021304,100.0,0.1870748299319728,110,588,271.44628099173553,288.0,1.0,1.0,0,0,0,1,0
2020,Pre-Season Test 1,FP1,STR,5.0,9.0,no_advantage,319.0,71.0,233.03648330021304,100.0,0.1870748299319728,110,588,271.44628099173553,288.0,1.0,1.0,0,0,0,1,0
2020,Pre-Season Test 1,FP2,RAI,12.0,10.0,clear_violation,319.0,68.0,234.2403624816135,100.0,0.1767764298093587,102,577,268.2585751978892,287.0,1.0,1.1557328166836764,0,0,0,1,0
2020,Pre-Season Test 1,FP2,RAI,13.0,10.0,clear_violation,290.0,54.0,165.09050143601542,100.0,0.2825552825552825,230,814,268.2585751978892,287.0,0.9090909090909091,0.8145500980743374,0,0,0,1,0
2020,Pre-Season Test 1,FP2,RAI,29.0,10.0,clear_violation,311.0,59.0,219.0152707760284,100.0,0.197389885807504,121,613,268.2585751978892,287.0,0.9749216300940439,1.0806128077546246,0,0,0,1,0
2020,Pre-Season Test 1,FP2,RAI,30.0,10.0,clear_violation,303.0,50.0,208.2805305873896,100.0,0.2043343653250774,132,646,268.2585751978892,287.0,0.9498432601880877,1.0276480181549807,0,0,0,1,0
2020,Pre-Season Test 1,FP2,STR,30.0,10.0,clear_violation,298.0,67.0,221.53800101097943,100.0,0.2013093289689034,123,611,268.2585751978892,287.0,0.9341692789968652,1.09305986038588,0,0,0,1,0
2020,Pre-Season Test 1,FP2,MAG,2.0,9.0,clear_violation,310.0,70.0,232.0523884817248,100.0,0.1568965517241379,91,580,268.2585751978892,287.0,0.9717868338557993,1.1449374382658322,0,0,0,1,0
2020,Pre-Season Test 1,FP2,HAM,23.0,10.0,clear_violation,300.0,66.0,203.3090042108762,100.0,0.1885369532428356,125,663,268.2585751978892,287.0,0.9404388714733543,1.0031187008269475,0,0,0,1,0
2020,Pre-Season Test 1,FP2,LAT,5.0,3.0,no_advantage,311.0,0.0,138.85569511737194,100.0,0.2520408163265306,247,980,268.2585751978892,287.0,0.9749216300940439,0.6851085864553631,0,0,0,1,0
2020,Pre-Season Test 1,FP2,RAI,10.0,6.0,no_advantage,318.0,44.0,180.1627262416917,100.0,0.2156084656084656,163,756,268.2585751978892,287.0,0.9968652037617555,0.8889158676787162,0,0,0,1,0
2020,Pre-Season Test 1,FP2,VER,13.0,6.0,no_advantage,290.0,75.0,224.2246751238825,100.0,0.1293532338308457,78,603,268.2585751978892,287.0,0.9090909090909091,1.106315805719641,0,0,0,1,0
2020,Pre-Season Test 1,FP3,RAI,16.0,9.0,clear_violation,318.0,67.0,221.37979499136088,100.0,0.167487684729064,102,609,265.49657534246575,289.0,1.0,1.0,0,0,0,1,0
2020,Pre-Season Test 1,R,KVY,39.0,10.0,clear_violation,297.0,60.0,220.32948561082884,100.0,0.165837479270315,100,603,260.64406779661016,291.0,0.9,1.126040228187821,0,0,1,0,0
2020,Pre-Season Test 1,R,KVY,40.0,10.0,clear_violation,297.0,60.0,220.4326683130128,100.0,0.1603305785123966,97,605,260.64406779661016,291.0,0.9,1.1265675651131997,0,0,1,0,0
2020,Pre-Season Test 1,R,KVY,60.0,9.0,clear_violation,283.0,56.0,174.8750529120644,100.0,0.2598039215686274,159,612,260.64406779661016,291.0,0.8575757575757575,0.8937357791197973,0,0,1,0,0
2020,Pre-Season Test 1,R,KVY,63.0,10.0,clear_violation,330.0,46.0,219.09797305542503,100.0,0.1954022988505747,119,609,260.64406779661016,291.0,1.0,1.1197463239695156,0,0,1,0,0
2020,Pre-Season Test 1,R,KVY,64.0,10.0,clear_violation,324.0,4.0,216.7535339540881,100.0,0.1682847896440129,104,618,260.64406779661016,291.0,0.9818181818181818,1.1077645743034503,0,0,1,0,0
2020,Pre-Season Test 1,R,OCO,65.0,10.0,clear_violation,320.0,63.0,223.63782171408263,100.0,0.1983333333333333,119,600,260.64406779661016,291.0,0.9696969696969697,1.142948176437698,0,0,1,0,0
2020,Pre-Season Test 1,R,VET,39.0,10.0,clear_violation,305.0,65.0,223.872616855362,100.0,0.1879084967320261,115,612,260.64406779661016,291.0,0.9242424242424242,1.1441481464450287,0,0,1,0,0
2020,Pre-Season Test 1,R,VET,40.0,10.0,clear_violation,304.0,64.0,222.4082565308839,100.0,0.1967479674796748,121,615,260.64406779661016,291.0,0.9212121212121213,1.13666422467508,0,0,1,0,0
2020,Pre-Season Test 1,R,VET,58.0,10.0,clear_violation,263.0,70.0,152.17914248056482,100.0,0.2340425531914893,143,611,260.64406779661016,291.0,0.796969696969697,0.7777435500708131,0,0,1,0,0
2020,Pre-Season Test 1,R,VET,59.0,10.0,clear_violation,216.5499968,71.0,139.81424093692928,100.0,0.2345276872964169,144,614,260.64406779661016,291.0,0.6562121115151516,0.7145501172122243,0,0,1,0,0
2020,Pre-Season Test 1,R,GRO,16.0,9.0,clear_violation,305.0,59.0,218.7420570646083,100.0,0.1719342604298356,136,791,260.64406779661016,291.0,0.9242424242424242,1.1179273403577494,0,0,1,0,0
2020,Pre-Season Test 1,R,GRO,27.0,10.0,clear_violation,231.0,87.0,143.39745183231724,100.0,0.2414910858995137,149,617,260.64406779661016,291.0,0.7,0.7328628709641871,0,0,1,0,0
2020,Pre-Season Test 1,R,GRO,28.0,10.0,clear_violation,288.0,57.0,168.13730566722833,100.0,0.2077294685990338,129,621,260.64406779661016,291.0,0.8727272727272727,0.8593011031434368,0,0,1,0,0
2020,Pre-Season Test 2,FP1,STR,5.0,10.0,clear_violation,319.0,71.0,233.03648330021304,100.0,0.1870748299319728,110,588,271.44628099173553,288.0,1.0,1.0,0,0,0,1,0
2020,Pre-Season Test 2,FP1,STR,5.0,9.0,no_advantage,319.0,71.0,233.03648330021304,100.0,0.1870748299319728,110,588,271.44628099173553,288.0,1.0,1.0,0,0,0,1,0
2020,Pre-Season Test 2,FP2,RAI,12.0,10.0,clear_violation,319.0,68.0,234.2403624816135,100.0,0.1767764298093587,102,577,268.2585751978892,287.0,1.0,1.1557328166836764,0,0,0,1,0
2020,Pre-Season Test 2,FP2,RAI,13.0,10.0,clear_violation,290.0,54.0,165.09050143601542,100.0,0.2825552825552825,230,814,268.2585751978892,287.0,0.9090909090909091,0.8145500980743374,0,0,0,1,0
2020,Pre-Season Test 2,FP2,RAI,29.0,10.0,clear_violation,311.0,59.0,219.0152707760284,100.0,0.197389885807504,121,613,268.2585751978892,287.0,0.9749216300940439,1.0806128077546246,0,0,0,1,0
2020,Pre-Season Test 2,FP2,RAI,30.0,10.0,clear_violation,303.0,50.0,208.2805305873896,100.0,0.2043343653250774,132,646,268.2585751978892,287.0,0.9498432601880877,1.0276480181549807,0,0,0,1,0
2020,Pre-Season Test 2,FP2,STR,30.0,10.0,clear_violation,298.0,67.0,221.53800101097943,100.0,0.2013093289689034,123,611,268.2585751978892,287.0,0.9341692789968652,1.09305986038588,0,0,0,1,0
2020,Pre-Season Test 2,FP2,MAG,2.0,9.0,clear_violation,310.0,70.0,232.0523884817248,100.0,0.1568965517241379,91,580,268.2585751978892,287.0,0.9717868338557993,1.1449374382658322,0,0,0,1,0
2020,Pre-Season Test 2,FP2,HAM,23.0,10.0,clear_violation,300.0,66.0,203.3090042108762,100.0,0.1885369532428356,125,663,268.2585751978892,287.0,0.9404388714733543,1.0031187008269475,0,0,0,1,0
2020,Pre-Season Test 2,FP2,LAT,5.0,3.0,no_advantage,311.0,0.0,138.85569511737194,100.0,0.2520408163265306,247,980,268.2585751978892,287.0,0.9749216300940439,0.6851085864553631,0,0,0,1,0
2020,Pre-Season Test 2,FP2,RAI,10.0,6.0,no_advantage,318.0,44.0,180.1627262416917,100.0,0.2156084656084656,163,756,268.2585751978892,287.0,0.9968652037617555,0.8889158676787162,0,0,0,1,0
2020,Pre-Season Test 2,FP2,VER,13.0,6.0,no_advantage,290.0,75.0,224.2246751238825,100.0,0.1293532338308457,78,603,268.2585751978892,287.0,0.9090909090909091,1.106315805719641,0,0,0,1,0
2020,Pre-Season Test 2,FP3,RAI,16.0,9.0,clear_violation,318.0,67.0,221.37979499136088,100.0,0.167487684729064,102,609,265.49657534246575,289.0,1.0,1.0,0,0,0,1,0
2020,Pre-Season Test 2,R,KVY,39.0,10.0,clear_violation,297.0,60.0,220.32948561082884,100.0,0.165837479270315,100,603,260.64406779661016,291.0,0.9,1.126040228187821,0,0,1,0,0
2020,Pre-Season Test 2,R,KVY,40.0,10.0,clear_violation,297.0,60.0,220.4326683130128,100.0,0.1603305785123966,97,605,260.64406779661016,291.0,0.9,1.1265675651131997,0,0,1,0,0
2020,Pre-Season Test 2,R,KVY,60.0,9.0,clear_violation,283.0,56.0,174.8750529120644,100.0,0.2598039215686274,159,612,260.64406779661016,291.0,0.8575757575757575,0.8937357791197973,0,0,1,0,0
2020,Pre-Season Test 2,R,KVY,63.0,10.0,clear_violation,330.0,46.0,219.09797305542503,100.0,0.1954022988505747,119,609,260.64406779661016,291.0,1.0,1.1197463239695156,0,0,1,0,0
2020,Pre-Season Test 2,R,KVY,64.0,10.0,clear_violation,324.0,4.0,216.7535339540881,100.0,0.1682847896440129,104,618,260.64406779661016,291.0,0.9818181818181818,1.1077645743034503,0,0,1,0,0
2020,Pre-Season Test 2,R,OCO,65.0,10.0,clear_violation,320.0,63.0,223.63782171408263,100.0,0.1983333333333333,119,600,260.64406779661016,291.0,0.9696969696969697,1.142948176437698,0,0,1,0,0
2020,Pre-Season Test 2,R,VET,39.0,10.0,clear_violation,305.0,65.0,223.872616855362,100.0,0.1879084967320261,115,612,260.64406779661016,291.0,0.9242424242424242,1.1441481464450287,0,0,1,0,0
2020,Pre-Season Test 2,R,VET,40.0,10.0,clear_violation,304.0,64.0,222.4082565308839,100.0,0.1967479674796748,121,615,260.64406779661016,291.0,0.9212121212121213,1.13666422467508,0,0,1,0,0
2020,Pre-Season Test 2,R,VET,58.0,10.0,clear_violation,263.0,70.0,152.17914248056482,100.0,0.2340425531914893,143,611,260.64406779661016,291.0,0.796969696969697,0.7777435500708131,0,0,1,0,0
2020,Pre-Season Test 2,R,VET,59.0,10.0,clear_violation,216.5499968,71.0,139.81424093692928,100.0,0.2345276872964169,144,614,260.64406779661016,291.0,0.6562121115151516,0.7145501172122243,0,0,1,0,0
2020,Pre-Season Test 2,R,GRO,16.0,9.0,clear_violation,305.0,59.0,218.7420570646083,100.0,0.1719342604298356,136,791,260.64406779661016,291.0,0.9242424242424242,1.1179273403577494,0,0,1,0,0
2020,Pre-Season Test 2,R,GRO,27.0,10.0,clear_violation,231.0,87.0,143.39745183231724,100.0,0.2414910858995137,149,617,260.64406779661016,291.0,0.7,0.7328628709641871,0,0,1,0,0
2020,Pre-Season Test 2,R,GRO,28.0,10.0,clear_violation,288.0,57.0,168.13730566722833,100.0,0.2077294685990338,129,621,260.64406779661016,291.0,0.8727272727272727,0.8593011031434368,0,0,1,0,0
2020,Russian Grand Prix,FP1,GRO,23.0,2.0,clear_violation,313.0,88.0,198.49835626414648,100.0,0.1545157780195865,142,919,159.93243243243242,174.0,0.9842767295597484,1.0802851232445512,0,0,0,1,0
2020,Russian Grand Prix,FP1,STR,5.0,2.0,clear_violation,318.0,28.0,147.35128171978607,100.0,0.2686084142394822,332,1236,159.93243243243242,174.0,1.0,0.8019280387444377,0,0,0,1,0
2020,Russian Grand Prix,FP1,RUS,13.0,13.0,no_advantage,303.0,89.0,205.38915627430643,100.0,0.1653543307086614,147,889,159.93243243243242,174.0,0.9528301886792453,1.1177868380110112,0,0,0,1,0
2020,Russian Grand Prix,FP2,NOR,5.0,2.0,clear_violation,313.0,69.0,154.4762785711419,100.0,0.1519524617996604,179,1178,159.10382513661202,175.0,0.9484848484848485,0.8416462062389947,0,0,0,1,0
2020,Russian Grand Prix,FP2,BOT,8.0,2.0,clear_violation,320.0,70.0,170.2085828223407,100.0,0.2016806722689075,216,1071,159.10382513661202,175.0,0.9696969696969697,0.9273618533978631,0,0,0,1,0
2020,Russian Grand Prix,FP2,BOT,8.0,13.0,no_advantage,320.0,70.0,170.2085828223407,100.0,0.2016806722689075,216,1071,159.10382513661202,175.0,0.9696969696969697,0.9273618533978631,0,0,0,1,0
2020,Russian Grand Prix,FP2,HAM,8.0,13.0,no_advantage,330.0,7.0,179.45276611346443,100.0,0.1609756097560975,165,1025,159.10382513661202,175.0,1.0,0.977727721016619,0,0,0,1,0
2020,Russian Grand Prix,FP2,BOT,18.0,14.0,no_advantage,309.0,69.0,200.9153149354043,100.0,0.1848184818481848,168,909,159.10382513661202,175.0,0.9363636363636364,1.0946639455249394,0,0,0,1,0
2020,Russian Grand Prix,FP2,HAM,17.0,13.0,no_advantage,311.0,62.0,204.2639057923258,100.0,0.1703786191536748,153,898,159.10382513661202,175.0,0.9424242424242424,1.1129083570102707,0,0,0,1,0
2020,Russian Grand Prix,FP2,LEC,26.0,17.0,no_advantage,303.0,91.0,205.25900922469435,100.0,0.1689189189189189,150,888,159.10382513661202,175.0,0.9181818181818182,1.1183300634134494,0,0,0,1,0
2020,Russian Grand Prix,FP3,ALB,10.0,2.0,clear_violation,321.0,99.0,221.9485105947621,100.0,0.1587878787878787,131,825,166.04522613065328,177.0,1.0,1.177874819121045,0,0,0,1,0
2020,Russian Grand Prix,FP3,BOT,1.0,7.0,no_advantage,301.0,60.35833386666666,151.4501599257611,100.0,0.2451669595782074,279,1138,166.04522613065328,177.0,0.9376947040498442,0.8037419546108868,0,0,0,1,0
2020,Russian Grand Prix,FP3,LEC,5.0,2.0,no_advantage,316.0,56.0,191.8952987326392,100.0,0.1856677524429967,171,921,166.04522613065328,177.0,0.9844236760124611,1.0183832262680679,0,0,0,1,0
2020,Russian Grand Prix,Q,HAM,2.0,2.0,clear_violation,333.0,102.0,222.3956500974953,100.0,0.1619975639464068,133,821,168.20338983050848,180.0,0.9970059880239521,1.273405560886543,0,1,0,0,0
2020,Russian Grand Prix,Q,HAM,7.0,18.0,clear_violation,334.0,107.0,227.60149981516275,100.0,0.1519302615193026,122,803,168.20338983050848,180.0,1.0,1.3032135089139045,0,1,0,0,0
2020,Russian Grand Prix,Q,GAS,2.0,2.0,clear_violation,330.0,66.0,147.48132656693724,100.0,0.1284329563812601,159,1238,168.20338983050848,180.0,0.9880239520958084,0.84445690055058,0,1,0,0,0
2020,Russian Grand Prix,Q,GRO,2.0,2.0,clear_violation,326.0,96.0,221.4715809966831,100.0,0.1535671100362756,127,827,168.20338983050848,180.0,0.9760479041916168,1.2681144738931518,0,1,0,0,0
2020,Russian Grand Prix,Q,MAG,2.0,2.0,clear_violation,326.0,67.0,181.56109339881235,100.0,0.1759443339960238,177,1006,168.20338983050848,180.0,0.9760479041916168,1.0395927522563202,0,1,0,0,0
2020,Russian Grand Prix,Q,HAM,1.0,2.0,no_advantage,300.0,60.0,142.14405793136874,104.0,0.2465078060805259,300,1217,168.20338983050848,180.0,0.8982035928143712,0.813896466668448,0,1,0,0,0
2020,Russian Grand Prix,Q,GRO,1.0,2.0,no_advantage,284.0,34.0,143.57522025977786,100.0,0.2456575682382134,297,1209,168.20338983050848,180.0,0.8502994011976048,0.822091096674604,0,1,0,0,0
2020,Russian Grand Prix,Q,MAG,1.0,2.0,no_advantage,294.0,28.0,140.17776338618245,100.0,0.2223120452708165,275,1237,168.20338983050848,180.0,0.8802395209580839,0.8026377464233199,0,1,0,0,0
2020,Russian Grand Prix,Q,GAS,1.0,2.0,no_advantage,295.0,30.0,131.62192796500128,100.0,0.1418816388467375,187,1318,168.20338983050848,180.0,0.8832335329341318,0.7536482612486507,0,1,0,0,0
2020,Russian Grand Prix,Q,LAT,1.0,2.0,no_advantage,292.0,59.1833344,135.47837505383643,100.0,0.1767005473025801,226,1279,168.20338983050848,180.0,0.874251497005988,0.7757297235705736,0,1,0,0,0
2020,Russian Grand Prix,Q,HAM,7.0,18.0,no_advantage,334.0,107.0,227.60149981516275,100.0,0.1519302615193026,122,803,168.20338983050848,180.0,1.0,1.3032135089139045,0,1,0,0,0
2020,Russian Grand Prix,R,RIC,25.0,2.0,clear_violation,318.0,97.0,206.51037454980744,100.0,0.1569965870307167,138,879,155.72125813449023,172.0,0.9408284023668639,1.0038029480890265,0,0,1,0,0
2020,Russian Grand Prix,R,ALB,50.0,2.0,clear_violation,307.0,92.0,209.0927049811679,100.0,0.1733639494833524,151,871,155.72125813449023,172.0,0.908284023668639,1.016355106330909,0,0,1,0,0
2020,Russian Grand Prix,R,GRO,39.0,2.0,clear_violation,305.0,89.0,202.09152160732097,100.0,0.1986681465038845,179,901,155.72125813449023,172.0,0.9023668639053254,0.9823238450632849,0,0,1,0,0
2020,Russian Grand Prix,R,GRO,41.0,2.0,clear_violation,310.0,81.0,198.3458237517844,100.0,0.1882480957562568,173,919,155.72125813449023,172.0,0.9171597633136095,0.9641168055465776,0,0,1,0,0
2020,Russian Grand Prix,R,GRO,47.0,2.0,clear_violation,333.0,89.0,205.7431151330109,100.0,0.1790193842645382,157,877,155.72125813449023,172.0,0.985207100591716,1.000073463474956,0,0,1,0,0
2020,Russian Grand Prix,R,LEC,7.0,4.0,no_advantage,309.0,89.0,204.0213066997513,100.0,0.1814109742441209,162,893,155.72125813449023,172.0,0.9142011834319527,0.9917041193917914,0,0,1,0,0
2020,Russian Grand Prix,R,PER,9.0,2.0,no_advantage,338.0,93.0,205.76045864639363,100.0,0.2222222222222222,196,882,155.72125813449023,172.0,1.0,1.0001577665996864,0,0,1,0,0
2020,Russian Grand Prix,R,RIC,24.0,2.0,no_advantage,314.0,95.0,206.3781376101888,100.0,0.1727272727272727,152,880,155.72125813449023,172.0,0.9289940828402367,1.003160172489375,0,0,1,0,0
2020,Russian Grand Prix,R,GRO,38.0,2.0,no_advantage,303.0,88.0,206.7545519090414,100.0,0.1768707482993197,156,882,155.72125813449023,172.0,0.8964497041420119,1.0049898422273473,0,0,1,0,0
2020,Russian Grand Prix,R,ALB,49.0,2.0,no_advantage,306.0,98.0,212.5820215026808,100.0,0.1633605600933489,140,857,155.72125813449023,172.0,0.9053254437869822,1.033315930787046,0,0,1,0,0
2020,Spanish Grand Prix,R,GRO,59.0,2.0,clear_violation,316.0,68.0,192.0511753107249,100.0,0.2050599201065246,154,751,276.4951534733441,294.0,1.0,1.0,0,0,1,0,0
2020,Styrian Grand Prix,FP1,GRO,3.0,9.0,clear_violation,313.0,65.0,227.3507196908712,100.0,0.1359060402684563,81,596,263.6272727272727,287.0,0.9811912225705329,1.0386579392410724,0,0,0,1,0
2020,Styrian Grand Prix,FP1,GAS,11.0,10.0,clear_violation,312.0,69.0,233.45714116247515,100.0,0.1124567474048442,65,578,263.6272727272727,287.0,0.9780564263322884,1.0665552916244627,0,0,0,1,0
2020,Styrian Grand Prix,FP1,STR,14.0,10.0,clear_violation,319.0,69.0,238.85964495540048,100.0,0.1546572934973638,88,569,263.6272727272727,287.0,1.0,1.091236776969799,0,0,0,1,0
2020,Styrian Grand Prix,FP1,STR,15.0,10.0,clear_violation,300.0,27.0,153.02470942812695,100.0,0.144960362400906,128,883,263.6272727272727,287.0,0.9404388714733543,0.6990975421748981,0,0,0,1,0
2020,Styrian Grand Prix,FP1,ALB,24.0,9.0,clear_violation,318.0,65.0,226.7318371195504,100.0,0.2084033613445378,124,595,263.6272727272727,287.0,0.9968652037617555,1.0358305574010926,0,0,0,1,0
2020,Styrian Grand Prix,FP1,OCO,9.0,10.0,clear_violation,314.0,69.0,233.9094972257918,100.0,0.1514629948364888,88,581,263.6272727272727,287.0,0.9843260188087775,1.0686218925886757,0,0,0,1,0
2020,Styrian Grand Prix,FP2,VET,15.0,9.0,clear_violation,317.0,70.0,240.3232842387187,100.0,0.1625441696113074,92,566,267.0125673249551,292.0,0.9783950617283951,1.0521018030370846,0,0,0,1,0
2020,Styrian Grand Prix,FP2,VET,34.0,9.0,clear_violation,297.0,68.0,222.6449819061048,100.0,0.1522094926350245,93,611,267.0125673249551,292.0,0.9166666666666666,0.9747086623029448,0,0,0,1,0
2020,Styrian Grand Prix,FP2,GRO,23.0,9.0,clear_violation,300.0,63.0,220.6249060976621,100.0,0.1539708265802269,95,617,267.0125673249551,292.0,0.9259259259259259,0.9658650523004159,0,0,0,1,0
2020,Styrian Grand Prix,FP2,GRO,30.0,9.0,clear_violation,301.0,64.0,212.4982647180864,100.0,0.1573208722741433,101,642,267.0125673249551,292.0,0.9290123456790124,0.9302877503541159,0,0,0,1,0
2020,Styrian Grand Prix,FP2,GAS,34.0,10.0,clear_violation,290.0,65.0,221.6274619758264,100.0,0.1386623164763458,85,613,267.0125673249551,292.0,0.8950617283950617,0.9702541020356648,0,0,0,1,0
2020,Styrian Grand Prix,FP2,GAS,35.0,10.0,clear_violation,291.0,68.0,221.67196257278167,100.0,0.1479674796747967,91,615,267.0125673249551,292.0,0.8981481481481481,0.9704489194394014,0,0,0,1,0
2020,Styrian Grand Prix,FP2,PER,20.0,9.0,clear_violation,298.0,64.0,220.75843758388103,100.0,0.1818181818181818,112,616,267.0125673249551,292.0,0.9197530864197531,0.9664496345137382,0,0,0,1,0
2020,Styrian Grand Prix,FP2,STR,6.0,9.0,clear_violation,323.0,71.0,241.0791302461745,100.0,0.1539823008849557,87,565,267.0125673249551,292.0,0.9969135802469136,1.055410791384933,0,0,0,1,0
2020,Styrian Grand Prix,FP2,MAG,21.0,10.0,clear_violation,295.0,67.0,221.32245092359435,100.0,0.1791530944625407,110,614,267.0125673249551,292.0,0.9104938271604939,0.9689188062110586,0,0,0,1,0
2020,Styrian Grand Prix,FP2,MAG,22.0,10.0,clear_violation,295.0,67.0,220.35369424571067,100.0,0.1612903225806451,100,620,267.0125673249551,292.0,0.9104938271604939,0.9646777246582067,0,0,0,1,0
2020,Styrian Grand Prix,FP2,MAG,28.0,9.0,clear_violation,300.0,68.0,219.71998252868715,100.0,0.1832797427652733,114,622,267.0125673249551,292.0,0.9259259259259259,0.9619034231909219,0,0,0,1,0
2020,Styrian Grand Prix,FP2,ALB,8.0,9.0,clear_violation,323.0,71.0,239.17518202289148,100.0,0.1719298245614035,98,570,267.0125673249551,292.0,0.9969135802469136,1.0470755717454763,0,0,0,1,0
2020,Styrian Grand Prix,FP2,KVY,14.0,10.0,clear_violation,323.0,68.0,239.5344745308172,100.0,0.1652021089630931,94,569,267.0125673249551,292.0,0.9969135802469136,1.0486485042085283,0,0,0,1,0
2020,Styrian Grand Prix,FP2,VER,3.0,9.0,clear_violation,322.0,70.0,240.3400673348074,100.0,0.1382978723404255,78,564,267.0125673249551,292.0,0.9938271604938271,1.0521752770898023,0,0,0,1,0
2020,Styrian Grand Prix,FP2,VER,9.0,10.0,clear_violation,324.0,75.0,243.01811312321752,100.0,0.1494661921708185,84,562,267.0125673249551,292.0,1.0,1.063899387849721,0,0,0,1,0
2020,Styrian Grand Prix,FP2,HAM,2.0,9.0,clear_violation,319.0,71.0,236.6755400739989,100.0,0.1443478260869565,83,575,267.0125673249551,292.0,0.9845679012345679,1.0361324881000118,0,0,0,1,0
2020,Styrian Grand Prix,FP2,ALB,19.0,8.0,no_advantage,294.0,66.0,221.80745847183096,100.0,0.1801948051948051,111,616,267.0125673249551,292.0,0.9074074074074074,0.9710421015779755,0,0,0,1,0
2020,Styrian Grand Prix,Q,NOR,29.0,9.0,clear_violation,287.0,46.0,176.9567323751361,100.0,0.2092105263157894,159,760,260.32027649769583,269.0,0.9663299663299664,0.9345236480579249,0,1,0,0,0
2020,Styrian Grand Prix,Q,ALB,17.0,9.0,clear_violation,297.0,51.0,193.98236885251188,100.0,0.2308823529411764,157,680,260.32027649769583,269.0,1.0,1.0244374913900642,0,1,0,0,0
2020,Styrian Grand Prix,Q,KVY,19.0,9.0,clear_violation,291.0,47.0,194.7626153255111,100.0,0.1875,129,688,260.32027649769583,269.0,0.9797979797979798,1.028558039789352,0,1,0,0,0
2020,Styrian Grand Prix,Q,MAG,17.0,9.0,clear_violation,291.0,50.0,191.7183133963355,100.0,0.2011577424023155,139,691,260.32027649769583,269.0,0.9797979797979798,1.012480820762659,0,1,0,0,0
2020,Styrian Grand Prix,R,VER,66.0,10.0,clear_violation,306.0,60.0,225.2432219041738,100.0,0.1780366056572379,107,601,271.8302828618968,290.0,0.9473684210526315,1.024017323019609,0,0,1,0,0
2020,Styrian Grand Prix,R,VER,67.0,10.0,clear_violation,309.0,61.0,219.1591692718069,100.0,0.1915584415584415,118,616,271.8302828618968,290.0,0.9566563467492261,0.9963575548941234,0,0,1,0,0
2020,Styrian Grand Prix,R,ALB,68.0,10.0,clear_violation,300.0,67.0,231.3890784715963,100.0,0.1487179487179487,87,585,271.8302828618968,290.0,0.9287925696594427,1.051958068746075,0,0,1,0,0
2020,Styrian Grand Prix,R,ALB,69.0,10.0,clear_violation,301.0,67.0,228.31794109482908,100.0,0.1546218487394958,92,595,271.8302828618968,290.0,0.9318885448916409,1.037995837835879,0,0,1,0,0
2020,Styrian Grand Prix,R,STR,7.0,9.0,clear_violation,322.0,60.0,220.65143292000613,100.0,0.2169657422512235,133,613,271.8302828618968,290.0,0.9969040247678018,1.0031417937864198,0,0,1,0,0
2020,Styrian Grand Prix,R,STR,57.0,9.0,clear_violation,314.0,61.0,226.5938878712913,100.0,0.1828859060402684,109,596,271.8302828618968,290.0,0.9721362229102167,1.0301578201064858,0,0,1,0,0
2020,Styrian Grand Prix,R,RIC,44.0,10.0,clear_violation,299.0,69.0,226.27114639373963,100.0,0.1383333333333333,83,600,271.8302828618968,290.0,0.9256965944272446,1.0286905490335723,0,0,1,0,0
2020,Styrian Grand Prix,R,RIC,45.0,10.0,clear_violation,298.0,69.0,225.3931066810385,100.0,0.1352253756260434,81,599,271.8302828618968,290.0,0.9226006191950464,1.0246987402301642,0,0,1,0,0
2020,Styrian Grand Prix,R,KVY,31.0,9.0,clear_violation,293.0,68.0,222.0391156163257,100.0,0.1578947368421052,96,608,271.8302828618968,290.0,0.9071207430340558,1.0094505790536201,0,0,1,0,0
2020,Styrian Grand Prix,R,RAI,22.0,9.0,clear_violation,301.0,51.0,219.1653127137476,100.0,0.192868719611021,119,617,271.8302828618968,290.0,0.9318885448916409,0.996385484662296,0,0,1,0,0
2020,Styrian Grand Prix,R,MAG,47.0,9.0,clear_violation,316.0,54.0,218.42308388320555,100.0,0.2222222222222222,134,603,271.8302828618968,290.0,0.978328173374613,0.9930111092928876,0,0,1,0,0
2020,Styrian Grand Prix,R,GRO,47.0,10.0,clear_violation,308.0,60.0,223.965228677402,100.0,0.1731748726655348,102,589,271.8302828618968,290.0,0.9535603715170279,1.0182072160967344,0,0,1,0,0
2020,Styrian Grand Prix,R,GRO,48.0,10.0,clear_violation,323.0,59.0,224.00980389315555,100.0,0.173469387755102,102,588,271.8302828618968,290.0,1.0,1.0184098672252482,0,0,1,0,0
2020,Styrian Grand Prix,R,GIO,35.0,10.0,clear_violation,301.0,66.0,222.3518939826711,100.0,0.1756978653530377,107,609,271.8302828618968,290.0,0.9318885448916409,1.010872555096654,0,0,1,0,0
2020,Styrian Grand Prix,R,GIO,36.0,10.0,clear_violation,303.0,62.0,221.824584381183,100.0,0.1732026143790849,106,612,271.8302828618968,290.0,0.9380804953560371,1.0084752613536792,0,0,1,0,0
2020,Styrian Grand Prix,R,GIO,42.0,9.0,clear_violation,318.0,65.0,226.17450484544307,100.0,0.1825795644891122,109,597,271.8302828618968,290.0,0.9845201238390093,1.0282511901097278,0,0,1,0,0
2020,Styrian Grand Prix,R,GIO,52.0,10.0,clear_violation,303.0,67.0,225.08610845822705,100.0,0.1658291457286432,99,597,271.8302828618968,290.0,0.9380804953560371,1.0233030423013318,0,0,1,0,0
2020,Styrian Grand Prix,R,GIO,53.0,10.0,clear_violation,302.0,66.0,225.7265539494607,100.0,0.1713810316139767,103,601,271.8302828618968,290.0,0.934984520123839,1.0262146827579406,0,0,1,0,0
2020,Styrian Grand Prix,R,GAS,47.0,10.0,clear_violation,296.0,61.0,214.02937673479585,100.0,0.1683006535947712,103,612,271.8302828618968,290.0,0.9164086687306502,0.9730361142887727,0,0,1,0,0
2020,Styrian Grand Prix,R,GAS,48.0,10.0,clear_violation,319.0,61.0,218.1290487638196,100.0,0.1763727121464226,106,601,271.8302828618968,290.0,0.9876160990712074,0.9916743451794909,0,0,1,0,0
2020,Styrian Grand Prix,R,LAT,60.0,9.0,clear_violation,302.0,66.0,224.72571757871444,100.0,0.2120200333889816,127,599,271.8302828618968,290.0,0.934984520123839,1.0216646067446065,0,0,1,0,0
2020,Styrian Grand Prix,R,VET,1.0,,no_advantage,308.0,0.0,150.45866392791854,100.0,0.2865232163080408,253,883,271.8302828618968,290.0,0.9535603715170279,0.6840262581846827,0,0,1,0,0
2020,Tuscan Grand Prix,FP2,LEC,3.0,12.0,no_advantage,311.0,71.0,156.48894346581193,100.0,0.174618320610687,183,1048,293.5489361702128,313.0,1.0,0.8255949156942906,0,0,0,1,0
2020,Tuscan Grand Prix,FP2,VET,21.0,13.0,no_advantage,291.0,119.0,222.6048239278773,100.0,0.1614654002713704,119,737,293.5489361702128,313.0,0.9356913183279743,1.1744050843057094,0,0,0,1,0
2020,Tuscan Grand Prix,FP3,GAS,11.0,11.0,no_advantage,314.0,74.0,152.1631660743565,100.0,0.133953488372093,144,1075,300.3826530612245,316.0,1.0,1.0,0,0,0,1,0
2020,Tuscan Grand Prix,Q,KVY,10.0,7.0,no_advantage,307.1541664,80.0,171.20166956230196,100.0,0.1125265392781316,106,942,303.96178343949043,315.0,1.0,1.0,0,1,0,0,0
2020,Tuscan Grand Prix,R,SAI,4.0,2.0,no_advantage,268.0,60.0,140.59035796859126,99.0,0.1259640102827763,147,1167,280.2134831460674,320.0,1.0,1.0,0,0,1,0,0
2021,Abu Dhabi Grand Prix,FP1,NOR,2.0,16.0,clear_violation,316.0,66.0,213.7317364916205,100.0,0.1549479166666666,119,768,204.17021276595744,226.0,0.9937106918238994,1.1124787290978582,0,0,0,1,0
2021,Abu Dhabi Grand Prix,FP1,NOR,3.0,16.0,clear_violation,276.0,49.0,133.76383419454592,100.0,0.1446280991735537,175,1210,204.17021276595744,226.0,0.8679245283018868,0.696243911674948,0,0,0,1,0
2021,Abu Dhabi Grand Prix,FP1,NOR,6.0,7.0,clear_violation,316.0,55.0,159.63926278557108,100.0,0.1194029850746268,120,1005,204.17021276595744,226.0,0.9937106918238994,0.8309261277385162,0,0,0,1,0
2021,Abu Dhabi Grand Prix,FP1,VET,7.0,16.0,clear_violation,317.0,72.0,216.9305773256013,100.0,0.1556728232189973,118,758,204.17021276595744,226.0,0.9968553459119497,1.1291287710803357,0,0,0,1,0
2021,Abu Dhabi Grand Prix,FP1,VET,8.0,16.0,clear_violation,259.0,52.0,132.38699905527514,99.0,0.0898785425101214,111,1235,204.17021276595744,226.0,0.8144654088050315,0.6890774523037012,0,0,0,1,0
2021,Abu Dhabi Grand Prix,FP1,LAT,4.0,16.0,clear_violation,315.0,73.0,212.5569920696572,100.0,0.1621983914209115,121,746,204.17021276595744,226.0,0.9905660377358491,1.1063641566763136,0,0,0,1,0
2021,Abu Dhabi Grand Prix,FP1,LAT,5.0,16.0,clear_violation,273.0,40.0,136.47417125214753,100.0,0.223267750213858,261,1169,204.17021276595744,226.0,0.8584905660377359,0.7103512799804765,0,0,0,1,0
2021,Abu Dhabi Grand Prix,FP1,LAT,6.0,16.0,clear_violation,314.0,72.0,213.05359228869304,100.0,0.155467720685112,118,759,204.17021276595744,226.0,0.9874213836477987,1.108948972528237,0,0,0,1,0
2021,Abu Dhabi Grand Prix,FP1,MAZ,17.0,7.0,clear_violation,300.0,82.0,200.924076930867,100.0,0.1823745410036719,149,817,204.17021276595744,226.0,0.9433962264150944,1.045814559027712,0,0,0,1,0
2021,Abu Dhabi Grand Prix,FP1,PER,4.0,16.0,clear_violation,317.0,72.0,217.17254025099007,100.0,0.1696306429548563,124,731,204.17021276595744,226.0,0.9968553459119497,1.130388193813449,0,0,0,1,0
2021,Abu Dhabi Grand Prix,FP1,ALO,3.0,15.0,clear_violation,313.0,69.0,215.1590946893872,100.0,0.1574697173620457,117,743,204.17021276595744,226.0,0.9842767295597484,1.1199081621801144,0,0,0,1,0
2021,Abu Dhabi Grand Prix,FP1,ALO,9.0,16.0,clear_violation,315.0,72.0,217.54378500406133,100.0,0.1441798941798941,109,756,204.17021276595744,226.0,0.9905660377358491,1.132320531508638,0,0,0,1,0
2021,Abu Dhabi Grand Prix,FP1,TSU,4.0,15.0,clear_violation,314.0,73.0,216.41997275241968,100.0,0.1456692913385826,111,762,204.17021276595744,226.0,0.9874213836477987,1.126471062234804,0,0,0,1,0
2021,Abu Dhabi Grand Prix,FP1,HAM,16.0,16.0,clear_violation,318.0,70.0,221.43049356822857,100.0,0.1428571428571428,106,742,204.17021276595744,226.0,1.0,1.1525509412494397,0,0,0,1,0
2021,Abu Dhabi Grand Prix,FP1,SAI,2.0,16.0,clear_violation,314.0,67.0,215.2266787960475,100.0,0.1430499325236167,106,741,204.17021276595744,226.0,0.9874213836477987,1.120259939049188,0,0,0,1,0
2021,Abu Dhabi Grand Prix,FP1,SAI,19.0,7.0,clear_violation,317.0,50.0,143.58873210170677,100.0,0.1279579316389132,146,1141,204.17021276595744,226.0,0.9968553459119497,0.7473827369925584,0,0,0,1,0
2021,Abu Dhabi Grand Prix,FP1,BOT,2.0,16.0,clear_violation,316.0,72.0,217.3662664311417,100.0,0.1660026560424966,125,753,204.17021276595744,226.0,0.9937106918238994,1.1313965431499853,0,0,0,1,0
2021,Abu Dhabi Grand Prix,FP1,BOT,3.0,16.0,clear_violation,267.0,62.0,142.9555414647075,100.0,0.1490299823633157,169,1134,204.17021276595744,226.0,0.839622641509434,0.7440869647937804,0,0,0,1,0
2021,Abu Dhabi Grand Prix,FP1,BOT,24.0,16.0,clear_violation,299.0,68.0,209.86364222179367,100.0,0.1556122448979592,122,784,204.17021276595744,226.0,0.940251572327044,1.0923452071980988,0,0,0,1,0
2021,Abu Dhabi Grand Prix,FP1,BOT,25.0,16.0,clear_violation,303.0,66.0,206.25377395263789,100.0,0.1670854271356784,133,796,204.17021276595744,226.0,0.9528301886792453,1.073555757721846,0,0,0,1,0
2021,Abu Dhabi Grand Prix,FP2,RIC,13.0,16.0,clear_violation,317.0,67.0,221.98037512300152,99.0,0.1214574898785425,90,741,213.5594713656388,226.0,0.9814241486068112,1.1031725950119078,0,0,0,1,0
2021,Abu Dhabi Grand Prix,FP2,NOR,4.0,16.0,clear_violation,317.0,64.0,221.0175645206329,100.0,0.1459459459459459,108,740,213.5594713656388,226.0,0.9814241486068112,1.0983877293672244,0,0,0,1,0
2021,Abu Dhabi Grand Prix,FP2,VET,21.0,16.0,clear_violation,294.0,62.0,208.3036743586534,100.0,0.1434010152284264,113,788,213.5594713656388,226.0,0.9102167182662538,1.0352036970178984,0,0,0,1,0
2021,Abu Dhabi Grand Prix,FP2,VET,22.0,16.0,clear_violation,295.0,64.0,205.94218631747125,100.0,0.1614518147684605,129,799,213.5594713656388,226.0,0.913312693498452,1.0234678447425025,0,0,0,1,0
2021,Abu Dhabi Grand Prix,FP2,RAI,8.0,16.0,clear_violation,322.0,71.0,218.73710591622577,100.0,0.1398135818908122,105,751,213.5594713656388,226.0,0.9969040247678018,1.0870545678882106,0,0,0,1,0
2021,Abu Dhabi Grand Prix,FP2,MAZ,16.0,16.0,clear_violation,299.0,67.0,200.68017758428016,100.0,0.1705237515225335,140,821,213.5594713656388,226.0,0.9256965944272446,0.9973173175801207,0,0,0,1,0
2021,Abu Dhabi Grand Prix,FP2,MAZ,17.0,16.0,clear_violation,287.0,67.0,177.37767010983683,100.0,0.1756465517241379,163,928,213.5594713656388,226.0,0.8885448916408669,0.8815111900041055,0,0,0,1,0
2021,Abu Dhabi Grand Prix,FP2,MAZ,19.0,16.0,clear_violation,298.0,69.0,204.2004344631756,100.0,0.1524163568773234,123,807,213.5594713656388,226.0,0.9226006191950464,1.0148118862511024,0,0,0,1,0
2021,Abu Dhabi Grand Prix,FP2,MAZ,20.0,16.0,clear_violation,297.0,67.0,204.0728680114809,100.0,0.1509900990099009,122,808,213.5594713656388,226.0,0.9195046439628483,1.01417792113831,0,0,0,1,0
2021,Abu Dhabi Grand Prix,FP2,ALO,7.0,16.0,clear_violation,323.0,70.0,223.54392513902883,100.0,0.1346938775510204,99,735,213.5594713656388,226.0,1.0,1.110942946456967,0,0,0,1,0
2021,Abu Dhabi Grand Prix,FP2,ALO,8.0,16.0,clear_violation,271.0,53.0,129.10501976198913,100.0,0.2558869701726844,326,1274,213.5594713656388,226.0,0.8390092879256966,0.6416113118151909,0,0,0,1,0
2021,Abu Dhabi Grand Prix,FP2,LEC,6.0,16.0,clear_violation,317.0,67.0,221.28216936164543,100.0,0.1384408602150537,103,744,213.5594713656388,226.0,0.9814241486068112,1.0997027321414596,0,0,0,1,0
2021,Abu Dhabi Grand Prix,FP2,LEC,22.0,16.0,clear_violation,298.0,64.0,209.62305082359327,100.0,0.149234693877551,117,784,213.5594713656388,226.0,0.9226006191950464,1.0417605827688068,0,0,0,1,0
2021,Abu Dhabi Grand Prix,FP2,LEC,23.0,16.0,clear_violation,304.0,64.0,210.0937570951226,100.0,0.1445012787723785,113,782,213.5594713656388,226.0,0.9411764705882353,1.0440998447813323,0,0,0,1,0
2021,Abu Dhabi Grand Prix,FP2,VER,4.0,16.0,clear_violation,317.0,69.0,221.29828486782105,100.0,0.1495956873315364,111,742,213.5594713656388,226.0,0.9814241486068112,1.0997828211347223,0,0,0,1,0
2021,Abu Dhabi Grand Prix,FP2,VER,5.0,16.0,clear_violation,261.0,37.0,132.8508577171106,100.0,0.280517380759903,347,1237,213.5594713656388,226.0,0.8080495356037152,0.6602269474323292,0,0,0,1,0
2021,Abu Dhabi Grand Prix,FP2,BOT,23.0,1.0,no_advantage,301.0,69.0,210.6306562254969,100.0,0.1323907455012853,103,778,213.5594713656388,226.0,0.9318885448916409,1.0467680644678088,0,0,0,1,0
2021,Abu Dhabi Grand Prix,FP3,VET,4.0,16.0,clear_violation,316.0,65.0,216.68312498594835,100.0,0.1484888304862023,113,761,203.7388535031847,229.0,0.9663608562691132,1.16160138336846,0,0,0,1,0
2021,Abu Dhabi Grand Prix,FP3,VET,5.0,16.0,clear_violation,272.0,64.0,160.819302313361,100.0,0.1606268364348677,164,1021,203.7388535031847,229.0,0.8318042813455657,0.8621249303639357,0,0,0,1,0
2021,Abu Dhabi Grand Prix,FP3,VET,13.0,16.0,clear_violation,316.0,66.0,218.3804495057469,100.0,0.1629139072847682,123,755,203.7388535031847,229.0,0.9663608562691132,1.170700451467792,0,0,0,1,0
2021,Abu Dhabi Grand Prix,FP3,RAI,20.0,16.0,clear_violation,327.0,68.0,217.9254618899621,100.0,0.1660026560424966,125,753,203.7388535031847,229.0,1.0,1.168261340235916,0,0,0,1,0
2021,Abu Dhabi Grand Prix,FP3,RAI,21.0,16.0,clear_violation,282.0,56.0,177.69440807496335,100.0,0.1673913043478261,154,920,203.7388535031847,229.0,0.8623853211009175,0.9525895025286464,0,0,0,1,0
2021,Abu Dhabi Grand Prix,FP3,MAZ,4.0,7.0,clear_violation,322.0,35.0,170.03501276862096,100.0,0.1375387797311272,133,967,203.7388535031847,229.0,0.9847094801223242,0.911528786867516,0,0,0,1,0
2021,Abu Dhabi Grand Prix,FP3,LAT,4.0,1.0,no_advantage,324.0,69.0,199.18570853087164,100.0,0.157829839704069,128,811,203.7388535031847,229.0,0.9908256880733946,1.0678007094077662,0,0,0,1,0
2021,Abu Dhabi Grand Prix,FP3,HAM,16.0,12.0,no_advantage,283.0,59.0,162.00361949404797,100.0,0.1877470355731225,190,1012,203.7388535031847,229.0,0.8654434250764526,0.8684738533616183,0,0,0,1,0
2021,Abu Dhabi Grand Prix,FP3,MAZ,15.0,1.0,no_advantage,227.9625024,58.0,144.20044844622532,100.0,0.131004366812227,150,1145,203.7388535031847,229.0,0.6971330348623853,0.7730340810266144,0,0,0,1,0
2021,Abu Dhabi Grand Prix,FP3,RIC,11.0,1.0,no_advantage,289.0,57.0,171.69787914442958,99.0,0.0870020964360587,83,954,203.7388535031847,229.0,0.8837920489296636,0.9204431307169572,0,0,0,1,0
2021,Abu Dhabi Grand Prix,FP3,HAM,20.0,1.0,no_advantage,306.0,68.0,213.29567324330577,100.0,0.1525423728813559,117,767,203.7388535031847,229.0,0.9357798165137615,1.1434418306547787,0,0,0,1,0
2021,Abu Dhabi Grand Prix,Q,LEC,16.0,16.0,clear_violation,322.0,72.0,226.28047499123903,100.0,0.1497252747252747,109,728,219.021186440678,231.0,0.9969040247678018,1.258707870196,0,1,0,0,0
2021,Abu Dhabi Grand Prix,Q,TSU,18.0,16.0,clear_violation,321.0,68.0,226.711082576279,100.0,0.1298342541436464,94,724,219.021186440678,231.0,0.9938080495356038,1.26110316813886,0,1,0,0,0
2021,Abu Dhabi Grand Prix,Q,GAS,5.0,16.0,clear_violation,323.0,67.0,224.5964076722049,100.0,0.1406685236768802,101,718,219.021186440678,231.0,1.0,1.2493400765828293,0,1,0,0,0
2021,Abu Dhabi Grand Prix,Q,MSC,1.0,1.0,no_advantage,304.0,43.0,155.0249700747129,100.0,0.1387225548902195,139,1002,219.021186440678,231.0,0.9411764705882353,0.8623419670543624,0,1,0,0,0
2021,Abu Dhabi Grand Prix,Q,MAZ,1.0,1.0,no_advantage,291.0,18.0,137.16647866034538,100.0,0.1361626878868258,154,1131,219.021186440678,231.0,0.9009287925696594,0.7630023148198405,0,1,0,0,0
2021,Abu Dhabi Grand Prix,Q,VET,10.0,16.0,no_advantage,291.0,47.0,163.59351673889574,100.0,0.2214357937310414,219,989,219.021186440678,231.0,0.9009287925696594,0.9100053685156073,0,1,0,0,0
2021,Abu Dhabi Grand Prix,Q,TSU,12.0,1.0,no_advantage,282.0,34.0,136.93833722797183,100.0,0.1060100166944908,127,1198,219.021186440678,231.0,0.8730650154798761,0.7617332551872872,0,1,0,0,0
2021,Abu Dhabi Grand Prix,Q,VET,13.0,1.0,no_advantage,318.0,69.0,223.5314007010392,100.0,0.1385869565217391,102,736,219.021186440678,231.0,0.9845201238390093,1.2434158683343193,0,1,0,0,0
2021,Abu Dhabi Grand Prix,Q,VER,9.0,1.0,no_advantage,266.0,29.0,123.66497061982427,100.0,0.2957639939485628,391,1322,219.021186440678,231.0,0.8235294117647058,0.6878988202263434,0,1,0,0,0
2021,Abu Dhabi Grand Prix,Q,GAS,13.0,1.0,no_advantage,288.0,65.0,180.21270831904152,100.0,0.1845303867403314,167,905,219.021186440678,231.0,0.891640866873065,1.0024512909445509,0,1,0,0,0
2021,Abu Dhabi Grand Prix,R,LEC,41.0,16.0,clear_violation,310.0,57.0,212.54355335965548,100.0,0.1580976863753213,123,778,209.39337474120083,223.0,0.9226190476190477,1.020343431218346,0,0,1,0,0
2021,Abu Dhabi Grand Prix,R,LEC,42.0,16.0,clear_violation,312.0,56.0,211.5545284262377,100.0,0.1572890025575447,123,782,209.39337474120083,223.0,0.9285714285714286,1.0155954862528436,0,0,1,0,0
2021,Abu Dhabi Grand Prix,R,STR,4.0,15.0,clear_violation,321.0,58.0,204.04045770877264,100.0,0.1982543640897755,159,802,209.39337474120083,223.0,0.9553571428571429,0.9795231962347031,0,0,1,0,0
2021,Abu Dhabi Grand Prix,R,STR,45.0,16.0,clear_violation,303.0,59.0,211.8371239551841,100.0,0.1762452107279693,138,783,209.39337474120083,223.0,0.9017857142857143,1.016952123455404,0,0,1,0,0
2021,Abu Dhabi Grand Prix,R,STR,46.0,16.0,clear_violation,302.0,62.0,211.5528705372059,100.0,0.1617834394904458,127,785,209.39337474120083,223.0,0.8988095238095238,1.015587527337334,0,0,1,0,0
2021,Abu Dhabi Grand Prix,R,VER,16.0,15.0,clear_violation,322.0,63.0,210.8494819465126,100.0,0.1764705882352941,138,782,209.39337474120083,223.0,0.9583333333333334,1.0122108174030018,0,0,1,0,0
2021,Abu Dhabi Grand Prix,R,MSC,3.0,7.0,clear_violation,336.0,76.0,199.89180686652293,100.0,0.2408312958435207,197,818,209.39337474120083,223.0,1.0,0.9596070493161231,0,0,1,0,0
2021,Abu Dhabi Grand Prix,R,VET,17.0,16.0,clear_violation,315.0,59.0,207.5966703113561,100.0,0.1806775407779172,144,797,209.39337474120083,223.0,0.9375,0.9965952650493326,0,0,1,0,0
2021,Abu Dhabi Grand Prix,R,VET,18.0,16.0,clear_violation,305.0,63.0,208.47269511771063,100.0,0.1608040201005025,128,796,209.39337474120083,223.0,0.9077380952380952,1.0008007379635624,0,0,1,0,0
2021,Abu Dhabi Grand Prix,R,VET,30.0,16.0,clear_violation,302.0,61.0,209.71906897872648,100.0,0.1782051282051282,139,780,209.39337474120083,223.0,0.8988095238095238,1.0067841204836514,0,0,1,0,0
2021,Abu Dhabi Grand Prix,R,VET,31.0,16.0,clear_violation,320.0,55.0,209.4918328858642,100.0,0.1887034659820282,147,779,209.39337474120083,223.0,0.9523809523809523,1.0056932435738473,0,0,1,0,0
2021,Abu Dhabi Grand Prix,R,LAT,50.0,16.0,clear_violation,318.0,65.0,209.19459249747567,100.0,0.1848101265822785,146,790,209.39337474120083,223.0,0.9464285714285714,1.0042663017871358,0,0,1,0,0
2021,Abu Dhabi Grand Prix,R,VER,1.0,7.0,no_advantage,319.0,0.0,197.65963761855048,100.0,0.1970443349753694,160,812,209.39337474120083,223.0,0.9494047619047619,0.9488912256953412,0,0,1,0,0
2021,Abu Dhabi Grand Prix,R,LEC,13.0,4.0,no_advantage,308.0,62.0,207.59640821951007,100.0,0.166243654822335,131,788,209.39337474120083,223.0,0.9166666666666666,0.996594006842771,0,0,1,0,0
2021,Abu Dhabi Grand Prix,R,TSU,38.0,,no_advantage,330.0,63.0,212.58772174381247,100.0,0.1602564102564102,125,780,209.39337474120083,223.0,0.9821428571428571,1.020555467386603,0,0,1,0,0
2021,Austrian Grand Prix,FP1,VET,21.0,10.0,clear_violation,317.0,59.0,234.9060169217506,100.0,0.1459074733096085,82,562,264.56356736242884,289.0,0.9968553459119497,1.1497221403197777,0,0,0,1,0
2021,Austrian Grand Prix,FP1,VET,22.0,10.0,clear_violation,303.0,64.0,147.70890037662363,100.0,0.0920314253647587,82,891,264.56356736242884,289.0,0.9528301886792453,0.7229452668377693,0,0,0,1,0
2021,Austrian Grand Prix,FP1,RAI,6.0,10.0,clear_violation,316.0,71.0,233.14134046363503,100.0,0.1480206540447504,86,581,264.56356736242884,289.0,0.9937106918238994,1.141085121902866,0,0,0,1,0
2021,Austrian Grand Prix,FP1,RAI,7.0,10.0,clear_violation,307.0,44.0,144.1393607455864,100.0,0.1155885471898197,109,943,264.56356736242884,289.0,0.9654088050314465,0.7054745404667225,0,0,0,1,0
2021,Austrian Grand Prix,FP1,RAI,13.0,10.0,clear_violation,315.0,73.0,236.16229059145988,100.0,0.1495652173913043,86,575,264.56356736242884,289.0,0.9905660377358491,1.1558708361739443,0,0,0,1,0
2021,Austrian Grand Prix,FP1,RAI,14.0,10.0,clear_violation,303.0,50.0,127.95256516443985,100.0,0.1365348399246704,145,1062,264.56356736242884,289.0,0.9528301886792453,0.6262500169557994,0,0,0,1,0
2021,Austrian Grand Prix,FP1,RAI,19.0,10.0,clear_violation,312.0,69.0,234.9279030433248,100.0,0.1678200692041522,97,578,264.56356736242884,289.0,0.9811320754716981,1.1498292595790853,0,0,0,1,0
2021,Austrian Grand Prix,FP1,MAZ,12.0,9.0,clear_violation,309.0,70.0,229.91833825148083,100.0,0.1725888324873096,102,591,264.56356736242884,289.0,0.9716981132075472,1.1253104855177636,0,0,0,1,0
2021,Austrian Grand Prix,FP1,MAZ,23.0,10.0,clear_violation,310.0,71.0,231.4108592142005,100.0,0.1993006993006993,114,572,264.56356736242884,289.0,0.9748427672955975,1.132615468243267,0,0,0,1,0
2021,Austrian Grand Prix,FP1,MAZ,24.0,10.0,clear_violation,303.0,54.0,135.06822736205422,100.0,0.0763747454175152,75,982,264.56356736242884,289.0,0.9528301886792453,0.6610768574039046,0,0,0,1,0
2021,Austrian Grand Prix,FP1,GAS,2.0,10.0,clear_violation,315.0,69.0,233.81515836064173,100.0,0.1260794473229706,73,579,264.56356736242884,289.0,0.9905660377358491,1.1443830508571096,0,0,0,1,0
2021,Austrian Grand Prix,FP1,GAS,3.0,10.0,clear_violation,307.0,46.0,147.86093611142934,100.0,0.1266375545851528,116,916,264.56356736242884,289.0,0.9654088050314465,0.7236893893286127,0,0,0,1,0
2021,Austrian Grand Prix,FP1,GAS,12.0,9.0,clear_violation,315.0,72.0,234.1399526302853,100.0,0.121317157712305,70,577,264.56356736242884,289.0,0.9905660377358491,1.1459727213464042,0,0,0,1,0
2021,Austrian Grand Prix,FP1,GAS,26.0,10.0,clear_violation,294.0,66.0,220.6660092562172,100.0,0.1495798319327731,89,595,264.56356736242884,289.0,0.9245283018867925,1.0800259600944717,0,0,0,1,0
2021,Austrian Grand Prix,FP1,GAS,29.0,10.0,clear_violation,298.0,67.0,221.0025590047968,100.0,0.1663807890222984,97,583,264.56356736242884,289.0,0.9371069182389937,1.0816731665063446,0,0,0,1,0
2021,Austrian Grand Prix,FP1,GAS,30.0,10.0,clear_violation,297.0,68.0,221.176599413516,100.0,0.1598023064250411,97,607,264.56356736242884,289.0,0.9339622641509434,1.0825249884981218,0,0,0,1,0
2021,Austrian Grand Prix,FP1,GAS,33.0,10.0,clear_violation,292.0,66.0,221.03977112577843,100.0,0.1470588235294117,90,612,264.56356736242884,289.0,0.9182389937106918,1.0818552972152191,0,0,0,1,0
2021,Austrian Grand Prix,FP1,GAS,34.0,10.0,clear_violation,291.0,67.0,220.26781047598985,100.0,0.1351791530944625,83,614,264.56356736242884,289.0,0.9150943396226415,1.0780770191525793,0,0,0,1,0
2021,Austrian Grand Prix,FP1,TSU,11.0,10.0,clear_violation,314.0,70.0,234.0317459361126,100.0,0.1364421416234887,79,579,264.56356736242884,289.0,0.9874213836477987,1.1454431153633329,0,0,0,1,0
2021,Austrian Grand Prix,FP1,TSU,12.0,10.0,clear_violation,304.0,58.0,160.3517442595103,100.0,0.1613285883748517,136,843,264.56356736242884,289.0,0.9559748427672956,0.7848243013522546,0,0,0,1,0
2021,Austrian Grand Prix,FP1,TSU,25.0,10.0,clear_violation,289.0,66.0,220.1158322399313,100.0,0.1517706576728499,90,593,264.56356736242884,289.0,0.9088050314465409,1.0773331780831465,0,0,0,1,0
2021,Austrian Grand Prix,FP1,TSU,26.0,10.0,clear_violation,293.0,65.0,219.0393870926709,100.0,0.1480865224625624,89,601,264.56356736242884,289.0,0.9213836477987422,1.0720646335185458,0,0,0,1,0
2021,Austrian Grand Prix,FP1,HAM,5.0,10.0,clear_violation,299.0,67.0,221.2105599162805,100.0,0.160655737704918,98,610,264.56356736242884,289.0,0.940251572327044,1.0826912045126642,0,0,0,1,0
2021,Austrian Grand Prix,FP1,HAM,6.0,10.0,clear_violation,295.0,67.0,221.6011454567026,100.0,0.1573770491803278,96,610,264.56356736242884,289.0,0.9276729559748428,1.0846028832742245,0,0,0,1,0
2021,Austrian Grand Prix,FP1,HAM,7.0,10.0,clear_violation,306.0,65.0,221.781958180626,100.0,0.1489361702127659,91,611,264.56356736242884,289.0,0.9622641509433962,1.085487851631657,0,0,0,1,0
2021,Austrian Grand Prix,FP1,MSC,23.0,9.0,clear_violation,311.0,73.0,223.63238709735256,100.0,0.1722972972972972,102,592,264.56356736242884,289.0,0.9779874213836478,1.0945445761997519,0,0,0,1,0
2021,Austrian Grand Prix,FP1,ILO,8.0,10.0,clear_violation,318.0,64.0,229.2139967421068,100.0,0.1703204047217538,101,593,264.56356736242884,289.0,1.0,1.1218631620379937,0,0,0,1,0
2021,Austrian Grand Prix,FP1,ILO,9.0,10.0,clear_violation,308.0,58.0,149.3018452205407,100.0,0.2233223322332233,203,909,264.56356736242884,289.0,0.9685534591194969,0.7307417634084373,0,0,0,1,0
2021,Austrian Grand Prix,FP1,ILO,10.0,10.0,clear_violation,318.0,68.0,230.080239103554,100.0,0.1816638370118845,107,589,264.56356736242884,289.0,1.0,1.1261028917600744,0,0,0,1,0
2021,Austrian Grand Prix,FP1,TSU,3.0,5.0,no_advantage,306.0,54.0,153.23360537731884,100.0,0.192090395480226,170,885,264.56356736242884,289.0,0.9622641509433962,0.7499853390388596,0,0,0,1,0
2021,Austrian Grand Prix,FP1,STR,6.0,7.0,no_advantage,297.0,57.0,174.88045618678228,100.0,0.2652005174644243,205,773,264.56356736242884,289.0,0.9339622641509434,0.8559335134192954,0,0,0,1,0
2021,Austrian Grand Prix,FP2,LAT,9.0,9.0,clear_violation,314.0,67.0,232.27756204014088,100.0,0.1763698630136986,103,584,262.6473509933775,286.0,0.98125,1.06507164930251,0,0,0,1,0
2021,Austrian Grand Prix,FP2,LAT,14.0,10.0,clear_violation,314.0,69.0,234.1544547852461,100.0,0.1844827586206896,107,580,262.6473509933775,286.0,0.98125,1.0736778411104284,0,0,0,1,0
2021,Austrian Grand Prix,FP2,RAI,4.0,10.0,clear_violation,320.0,71.0,234.420228717993,100.0,0.1502590673575129,87,579,262.6473509933775,286.0,1.0,1.0748965050158275,0,0,0,1,0
2021,Austrian Grand Prix,FP2,RAI,14.0,10.0,clear_violation,320.0,72.0,237.64656682974527,100.0,0.1431064572425829,82,573,262.6473509933775,286.0,1.0,1.0896903629490258,0,0,0,1,0
2021,Austrian Grand Prix,FP2,RAI,15.0,10.0,clear_violation,302.0,51.0,138.0071427854286,100.0,0.1293279022403258,127,982,262.6473509933775,286.0,0.94375,0.6328097035761118,0,0,0,1,0
2021,Austrian Grand Prix,FP2,MAZ,4.0,9.0,clear_violation,314.0,67.0,221.2930275412644,100.0,0.2009803921568627,123,612,262.6473509933775,286.0,0.98125,1.0147038213781026,0,0,0,1,0
2021,Austrian Grand Prix,FP2,MAZ,11.0,9.0,clear_violation,320.0,72.0,233.5664580409954,100.0,0.1801029159519725,105,583,262.6473509933775,286.0,1.0,1.070981675985037,0,0,0,1,0
2021,Austrian Grand Prix,FP2,MAZ,17.0,9.0,clear_violation,293.0,63.0,214.6931747105128,100.0,0.2006319115323854,127,633,262.6473509933775,286.0,0.915625,0.9844412506938638,0,0,0,1,0
2021,Austrian Grand Prix,FP2,MAZ,30.0,9.0,clear_violation,294.0,62.0,218.53001717437377,100.0,0.1870967741935484,116,620,262.6473509933775,286.0,0.91875,1.0020344787922029,0,0,0,1,0
2021,Austrian Grand Prix,FP2,GAS,5.0,9.0,clear_violation,318.0,69.0,234.076832851889,100.0,0.1122625215889464,65,579,262.6473509933775,286.0,0.99375,1.073321918136825,0,0,0,1,0
2021,Austrian Grand Prix,FP2,GAS,11.0,10.0,clear_violation,318.0,71.0,237.19907072706408,100.0,0.1239092495636998,71,573,262.6473509933775,286.0,0.99375,1.0876384410674937,0,0,0,1,0
2021,Austrian Grand Prix,FP2,GAS,12.0,10.0,clear_violation,312.0,53.0,122.68594802196448,100.0,0.041704442429737,46,1103,262.6473509933775,286.0,0.975,0.5625568128849837,0,0,0,1,0
2021,Austrian Grand Prix,FP2,GAS,22.0,10.0,clear_violation,292.0,65.0,220.1409701652792,100.0,0.1644951140065146,101,614,262.6473509933775,286.0,0.9125,1.0094212463469439,0,0,0,1,0
2021,Austrian Grand Prix,FP2,GAS,23.0,10.0,clear_violation,293.0,66.0,218.7297891311316,100.0,0.1682847896440129,104,618,262.6473509933775,286.0,0.915625,1.0029505011819664,0,0,0,1,0
2021,Austrian Grand Prix,FP2,LEC,7.0,9.0,clear_violation,313.0,74.0,215.5938390821321,100.0,0.1421800947867298,90,633,262.6473509933775,286.0,0.978125,0.9885711032690462,0,0,0,1,0
2021,Austrian Grand Prix,FP2,TSU,14.0,10.0,clear_violation,316.0,75.0,235.8806297446105,100.0,0.1273996509598604,73,573,262.6473509933775,286.0,0.9875,1.0815929405923028,0,0,0,1,0
2021,Austrian Grand Prix,FP2,OCO,12.0,10.0,clear_violation,314.0,73.0,236.13964783547547,100.0,0.1426086956521739,82,575,262.6473509933775,286.0,0.98125,1.0827806266641458,0,0,0,1,0
2021,Austrian Grand Prix,FP2,MSC,10.0,9.0,clear_violation,319.0,75.0,236.8664006745175,100.0,0.1724738675958188,99,574,262.6473509933775,286.0,0.996875,1.0861130356928752,0,0,0,1,0
2021,Austrian Grand Prix,FP2,SAI,10.0,9.0,clear_violation,314.0,73.0,236.2708662529158,100.0,0.169284467713787,97,573,262.6473509933775,286.0,0.98125,1.0833823077522997,0,0,0,1,0
2021,Austrian Grand Prix,FP2,SAI,17.0,10.0,clear_violation,279.2500010666667,56.0,168.8418942368762,100.0,0.2064676616915423,166,804,262.6473509933775,286.0,0.8726562533333334,0.7741975298292166,0,0,0,1,0
2021,Austrian Grand Prix,FP2,SAI,21.0,10.0,clear_violation,314.0,67.0,234.59185391113448,100.0,0.1733102253032929,100,577,262.6473509933775,286.0,0.98125,1.0756834649180906,0,0,0,1,0
2021,Austrian Grand Prix,FP2,GIO,11.0,9.0,clear_violation,318.0,72.0,235.7503943480335,100.0,0.1493055555555555,86,576,262.6473509933775,286.0,0.99375,1.0809957669892585,0,0,0,1,0
2021,Austrian Grand Prix,FP2,LEC,7.0,9.0,no_advantage,313.0,74.0,215.5938390821321,100.0,0.1421800947867298,90,633,262.6473509933775,286.0,0.978125,0.9885711032690462,0,0,0,1,0
2021,Austrian Grand Prix,FP2,HAM,21.0,4.0,no_advantage,288.0,67.0,221.1211954118004,100.0,0.1386623164763458,85,613,262.6473509933775,286.0,0.9,1.0139159126023949,0,0,0,1,0
2021,Austrian Grand Prix,FP3,NOR,17.0,10.0,clear_violation,313.0,72.0,224.11738512798345,100.0,0.1586776859504132,96,605,259.3150684931507,289.0,0.9842767295597484,1.025368329742557,0,0,0,1,0
2021,Austrian Grand Prix,FP3,NOR,19.0,10.0,clear_violation,314.0,68.0,235.52911454231457,100.0,0.1391304347826087,80,575,259.3150684931507,289.0,0.9874213836477987,1.0775785851958084,0,0,0,1,0
2021,Austrian Grand Prix,FP3,LAT,13.0,10.0,clear_violation,315.0,71.0,234.36065703607773,100.0,0.1868512110726643,108,578,259.3150684931507,289.0,0.9905660377358491,1.0722327289568512,0,0,0,1,0
2021,Austrian Grand Prix,FP3,LAT,14.0,10.0,clear_violation,308.0,61.0,157.69140158720114,100.0,0.2077012835472578,178,857,259.3150684931507,289.0,0.9685534591194969,0.7214601801993018,0,0,0,1,0
2021,Austrian Grand Prix,FP3,RAI,4.0,9.0,clear_violation,316.0,69.0,232.0358588486311,100.0,0.1421232876712329,83,584,259.3150684931507,289.0,0.9937106918238994,1.0615964526452681,0,0,0,1,0
2021,Austrian Grand Prix,FP3,MAZ,4.0,9.0,clear_violation,298.0,63.0,218.0025920077969,100.0,0.1816720257234726,113,622,259.3150684931507,289.0,0.9371069182389937,0.9973922974290153,0,0,0,1,0
2021,Austrian Grand Prix,FP3,MAZ,8.0,10.0,clear_violation,297.0,64.0,218.26830597497903,100.0,0.1851851851851851,115,621,259.3150684931507,289.0,0.9339622641509434,0.9986079759296511,0,0,0,1,0
2021,Austrian Grand Prix,FP3,MAZ,9.0,10.0,clear_violation,298.0,60.0,217.6072629776078,100.0,0.1867954911433172,116,621,259.3150684931507,289.0,0.9371069182389937,0.9955836119173926,0,0,0,1,0
2021,Austrian Grand Prix,FP3,GAS,13.0,10.0,clear_violation,316.0,66.0,236.0207886839732,100.0,0.1343804537521815,77,573,259.3150684931507,289.0,0.9937106918238994,1.079828063044759,0,0,0,1,0
2021,Austrian Grand Prix,FP3,GAS,14.0,10.0,clear_violation,308.0,52.0,120.486799629478,100.0,0.0778871978513876,87,1117,259.3150684931507,289.0,0.9685534591194969,0.5512439314850738,0,0,0,1,0
2021,Austrian Grand Prix,FP3,GAS,16.0,9.0,clear_violation,318.0,70.0,235.53946155400783,100.0,0.1256544502617801,72,573,259.3150684931507,289.0,1.0,1.0776259242190247,0,0,0,1,0
2021,Austrian Grand Prix,FP3,ALO,12.0,9.0,clear_violation,312.0,70.0,232.9845045440468,100.0,0.144082332761578,84,583,259.3150684931507,289.0,0.9811320754716981,1.0659366391581102,0,0,0,1,0
2021,Austrian Grand Prix,FP3,LEC,11.0,10.0,clear_violation,317.0,68.0,232.9199780966201,100.0,0.1623488773747841,94,579,259.3150684931507,289.0,0.9968553459119497,1.0656414216515149,0,0,0,1,0
2021,Austrian Grand Prix,FP3,STR,6.0,10.0,clear_violation,310.0,67.0,233.8147170438436,100.0,0.1892361111111111,109,576,259.3150684931507,289.0,0.9748427672955975,1.0697349772645532,0,0,0,1,0
2021,Austrian Grand Prix,FP3,HAM,14.0,10.0,clear_violation,316.0,72.0,238.5589524222524,100.0,0.1305114638447971,74,567,259.3150684931507,289.0,0.9937106918238994,1.091440516542939,0,0,0,1,0
2021,Austrian Grand Prix,FP3,SAI,16.0,10.0,clear_violation,313.0,68.0,229.22324785161325,100.0,0.1796610169491525,106,590,259.3150684931507,289.0,0.9842767295597484,1.04872836461818,0,0,0,1,0
2021,Austrian Grand Prix,Q,GAS,2.0,9.0,clear_violation,317.0,65.0,237.1911757674161,100.0,0.1381118881118881,79,572,276.22535211267603,291.0,0.990625,0.9944142758382453,0,1,0,0,0
2021,Austrian Grand Prix,Q,LEC,5.0,9.0,clear_violation,320.0,71.0,239.03430473049588,100.0,0.1486725663716814,84,565,276.22535211267603,291.0,1.0,1.0021415184186975,0,1,0,0,0
2021,Austrian Grand Prix,Q,RIC,8.0,9.0,clear_violation,320.0,69.0,237.87748502073555,100.0,0.131578947368421,75,570,276.22535211267603,291.0,1.0,0.9972915992333196,0,1,0,0,0
2021,Austrian Grand Prix,Q,GIO,14.0,10.0,clear_violation,320.0,73.0,239.99104350983265,100.0,0.146384479717813,83,567,276.22535211267603,291.0,1.0,1.0061526065097377,0,1,0,0,0
2021,Austrian Grand Prix,R,SAI,34.0,10.0,clear_violation,307.0,63.0,221.2029847158162,100.0,0.2091503267973856,128,612,272.3017570664629,289.0,0.9359756097560976,1.0286594266405105,0,0,1,0,0
2021,Austrian Grand Prix,R,SAI,35.0,10.0,clear_violation,310.0,62.0,221.45472705609225,100.0,0.1996726677577741,122,611,272.3017570664629,289.0,0.9451219512195121,1.0298301031200443,0,0,1,0,0
2021,Austrian Grand Prix,R,RIC,68.0,10.0,clear_violation,301.0,60.0,222.54442288037149,99.0,0.1644736842105263,100,608,272.3017570664629,289.0,0.9176829268292683,1.0348975116057648,0,0,1,0,0
2021,Austrian Grand Prix,R,RIC,69.0,10.0,clear_violation,301.0,61.0,222.6165600834061,99.0,0.1414473684210526,86,608,272.3017570664629,289.0,0.9176829268292683,1.035232970975847,0,0,1,0,0
2021,Austrian Grand Prix,R,LEC,60.0,10.0,clear_violation,318.0,60.0,224.6311646630957,100.0,0.1986754966887417,120,604,272.3017570664629,289.0,0.9695121951219512,1.0446014792467149,0,0,1,0,0
2021,Austrian Grand Prix,R,LEC,61.0,10.0,clear_violation,323.0,57.0,223.19718948859008,100.0,0.2079207920792079,126,606,272.3017570664629,289.0,0.9847560975609756,1.037933069764272,0,0,1,0,0
2021,Austrian Grand Prix,R,LEC,64.0,10.0,clear_violation,319.0,60.0,224.1294950487263,100.0,0.1970198675496688,119,604,272.3017570664629,289.0,0.9725609756097561,1.042268566883244,0,0,1,0,0
2021,Austrian Grand Prix,R,LEC,65.0,10.0,clear_violation,318.0,55.0,219.5895133636748,100.0,0.224025974025974,138,616,272.3017570664629,289.0,0.9695121951219512,1.021156306743069,0,0,1,0,0
2021,Austrian Grand Prix,R,GAS,28.0,10.0,clear_violation,298.0,67.0,221.1540319168124,100.0,0.1620294599018003,99,611,272.3017570664629,289.0,0.9085365853658537,1.0284317816192625,0,0,1,0,0
2021,Austrian Grand Prix,R,GAS,29.0,10.0,clear_violation,298.0,67.0,221.44999741913588,100.0,0.1489361702127659,91,611,272.3017570664629,289.0,0.9085365853658537,1.029808108906693,0,0,1,0,0
2021,Austrian Grand Prix,R,GAS,67.0,10.0,clear_violation,306.0,66.0,226.61687412078123,100.0,0.1610738255033557,96,596,272.3017570664629,289.0,0.9329268292682927,1.0538356166379514,0,0,1,0,0
2021,Austrian Grand Prix,R,GAS,68.0,10.0,clear_violation,304.0,67.0,225.84901917873088,100.0,0.1583333333333333,95,600,272.3017570664629,289.0,0.926829268292683,1.0502648636237129,0,0,1,0,0
2021,Austrian Grand Prix,R,GAS,71.0,9.0,clear_violation,326.0,59.0,220.66676658252524,100.0,0.2022838499184339,124,613,272.3017570664629,289.0,0.9939024390243902,1.0261658534265055,0,0,1,0,0
2021,Austrian Grand Prix,R,ALO,59.0,10.0,clear_violation,316.0,66.0,224.1462652533864,100.0,0.1900826446280991,115,605,272.3017570664629,289.0,0.9634146341463414,1.0423465533043246,0,0,1,0,0
2021,Austrian Grand Prix,R,ALO,60.0,10.0,clear_violation,321.0,66.0,222.21172047389544,100.0,0.1770491803278688,108,610,272.3017570664629,289.0,0.9786585365853658,1.0333503468280054,0,0,1,0,0
2021,Austrian Grand Prix,R,ALO,61.0,10.0,clear_violation,314.0,65.0,223.0678538995766,100.0,0.1828665568369028,111,607,272.3017570664629,289.0,0.9573170731707317,1.0373316209501442,0,0,1,0,0
2021,Austrian Grand Prix,R,TSU,21.0,10.0,clear_violation,300.0,68.0,219.99462105332765,100.0,0.1853658536585365,114,615,272.3017570664629,289.0,0.9146341463414634,1.0230401775430102,0,0,1,0,0
2021,Austrian Grand Prix,R,TSU,22.0,10.0,clear_violation,301.0,67.0,219.02637042930337,100.0,0.1961102106969205,121,617,272.3017570664629,289.0,0.9176829268292683,1.01853752522558,0,0,1,0,0
2021,Austrian Grand Prix,R,TSU,31.0,10.0,clear_violation,300.0,69.0,219.70811564889084,100.0,0.1512195121951219,93,615,272.3017570664629,289.0,0.9146341463414634,1.021707842514005,0,0,1,0,0
2021,Austrian Grand Prix,R,TSU,32.0,10.0,clear_violation,319.0,64.0,219.0273533872717,100.0,0.2224025974025974,137,616,272.3017570664629,289.0,0.9725609756097561,1.0185420962714067,0,0,1,0,0
2021,Austrian Grand Prix,R,GIO,27.0,9.0,clear_violation,319.0,58.0,218.49836623809776,100.0,0.2032258064516129,126,620,272.3017570664629,289.0,0.9725609756097561,1.0160821492762586,0,0,1,0,0
2021,Austrian Grand Prix,R,RAI,35.0,10.0,clear_violation,298.0,61.0,221.138193601591,100.0,0.1821138211382114,112,615,272.3017570664629,289.0,0.9085365853658537,1.0283581287602133,0,0,1,0,0
2021,Austrian Grand Prix,R,RAI,36.0,10.0,clear_violation,298.0,64.0,220.48333108867263,100.0,0.1691056910569105,104,615,272.3017570664629,289.0,0.9085365853658537,1.0253128240237857,0,0,1,0,0
2021,Austrian Grand Prix,R,RAI,57.0,10.0,clear_violation,303.0,64.0,224.65552343788627,100.0,0.1608623548922056,97,603,272.3017570664629,289.0,0.9237804878048781,1.0447147547675761,0,0,1,0,0
2021,Austrian Grand Prix,R,RAI,58.0,10.0,clear_violation,303.0,64.0,225.13088841223205,100.0,0.1710963455149501,103,602,272.3017570664629,289.0,0.9237804878048781,1.046925342760246,0,0,1,0,0
2021,Austrian Grand Prix,R,RAI,59.0,10.0,clear_violation,300.0,65.0,222.94215245949627,100.0,0.1666666666666666,101,606,272.3017570664629,289.0,0.9146341463414634,1.0367470720054406,0,0,1,0,0
2021,Austrian Grand Prix,R,VET,29.0,10.0,clear_violation,318.0,62.0,217.1592359452487,100.0,0.2190016103059581,136,621,272.3017570664629,289.0,0.9695121951219512,1.0098547965983153,0,0,1,0,0
2021,Austrian Grand Prix,R,VET,30.0,10.0,clear_violation,313.0,60.0,218.67037849613712,100.0,0.2148626817447496,133,619,272.3017570664629,289.0,0.9542682926829268,1.0168820572474697,0,0,1,0,0
2021,Austrian Grand Prix,R,MSC,63.0,9.0,clear_violation,307.0,66.0,214.76972637714272,100.0,0.1711568938193343,108,631,272.3017570664629,289.0,0.9359756097560976,0.9987428690380352,0,0,1,0,0
2021,Austrian Grand Prix,R,MAZ,12.0,9.0,clear_violation,304.0,60.0,214.8403404271621,100.0,0.2003179650238473,126,629,272.3017570664629,289.0,0.926829268292683,0.9990712452952499,0,0,1,0,0
2021,Austrian Grand Prix,R,MAZ,20.0,9.0,clear_violation,302.0,61.0,215.1195062141361,100.0,0.1984126984126984,125,630,272.3017570664629,289.0,0.9207317073170732,1.0003694489281496,0,0,1,0,0
2021,Austrian Grand Prix,R,MAZ,31.0,9.0,clear_violation,299.0,63.0,213.7504126110572,100.0,0.2183544303797468,138,632,272.3017570664629,289.0,0.9115853658536586,0.9940027579787953,0,0,1,0,0
2021,Austrian Grand Prix,R,MAZ,46.0,9.0,clear_violation,301.0,0.0,168.81066318119488,100.0,0.2615769712140175,209,799,272.3017570664629,289.0,0.9176829268292683,0.7850196064120115,0,0,1,0,0
2021,Austrian Grand Prix,R,OCO,1.0,3.0,no_advantage,328.0,0.0,73.10827125949618,104.0,0.1118598382749326,83,742,272.3017570664629,289.0,1.0,0.33997512507838745,0,0,1,0,0
2021,Azerbaijan Grand Prix,FP1,HAM,12.0,15.0,no_advantage,324.0,44.0,167.07384023340427,100.0,0.2635796972395369,296,1123,316.9605633802817,340.0,1.0,0.9518485269202498,0,0,0,1,0
2021,Azerbaijan Grand Prix,FP1,SAI,17.0,15.0,no_advantage,310.0,0.0,137.9007197569435,100.0,0.2538745387453874,344,1355,316.9605633802817,340.0,0.9567901234567902,0.7856442204148545,0,0,0,1,0
2021,Azerbaijan Grand Prix,FP1,MSC,19.0,4.0,no_advantage,313.0,68.0,183.9748864305353,100.0,0.2242899118511263,229,1021,316.9605633802817,340.0,0.9660493827160493,1.0481367064681442,0,0,0,1,0
2021,Azerbaijan Grand Prix,FP1,BOT,19.0,2.0,no_advantage,313.0,70.0,194.38204809650057,100.0,0.2191069574247144,211,963,316.9605633802817,340.0,0.9660493827160493,1.1074281041359724,0,0,0,1,0
2021,Azerbaijan Grand Prix,FP1,NOR,18.0,2.0,no_advantage,314.0,70.0,194.29680194055933,100.0,0.2035306334371755,196,963,316.9605633802817,340.0,0.9691358024691358,1.106942442060779,0,0,0,1,0
2021,Azerbaijan Grand Prix,FP2,BOT,1.0,1.0,no_advantage,331.0,44.0,168.8234192181027,104.0,0.2375,247,1040,320.041095890411,358.0,0.9678362573099415,1.0722118241001917,0,0,0,1,0
2021,Azerbaijan Grand Prix,FP2,NOR,1.0,15.0,no_advantage,325.1083328,0.0,139.07388434621183,100.0,0.2402190923317683,307,1278,320.041095890411,358.0,0.9506091602339182,0.8832700102283042,0,0,0,1,0
2021,Azerbaijan Grand Prix,FP2,LAT,3.0,2.0,no_advantage,330.0,59.0,158.81797025332546,100.0,0.2868020304568528,339,1182,320.041095890411,358.0,0.9649122807017544,1.0086663708973647,0,0,0,1,0
2021,Azerbaijan Grand Prix,FP2,MAZ,3.0,1.0,no_advantage,342.0,49.0,163.4062852446643,100.0,0.2463011314186249,283,1149,320.041095890411,358.0,1.0,1.0378071477468964,0,0,0,1,0
2021,Azerbaijan Grand Prix,FP2,LAT,4.0,15.0,no_advantage,332.0,0.0,150.8687377383405,100.0,0.2924302788844621,367,1255,320.041095890411,358.0,0.9707602339181286,0.9581801223984086,0,0,0,1,0
2021,Azerbaijan Grand Prix,FP2,GAS,12.0,15.0,no_advantage,330.0,37.0,138.61335448455418,100.0,0.1729490022172949,234,1353,320.041095890411,358.0,0.9649122807017544,0.8803451460992189,0,0,0,1,0
2021,Azerbaijan Grand Prix,FP2,VET,10.0,2.0,no_advantage,331.0,33.0,182.5702922995628,100.0,0.2119140625,217,1024,320.041095890411,358.0,0.9678362573099415,1.1595193785296167,0,0,0,1,0
2021,Azerbaijan Grand Prix,FP3,BOT,1.0,3.0,no_advantage,322.0,0.0,164.8904391638001,100.0,0.2729805013927576,294,1077,318.5877192982456,344.0,0.972809667673716,1.002473033048308,0,0,0,1,0
2021,Azerbaijan Grand Prix,FP3,RAI,5.0,1.0,no_advantage,331.0,49.0,161.0416040631956,100.0,0.2109777015437393,246,1166,318.5877192982456,344.0,1.0,0.9790735356816175,0,0,0,1,0
2021,Azerbaijan Grand Prix,FP3,LAT,10.0,3.0,no_advantage,330.0,57.0,152.24735406152763,100.0,0.254320987654321,309,1215,318.5877192982456,344.0,0.9969788519637462,0.925607740349485,0,0,0,1,0
2021,Azerbaijan Grand Prix,FP3,SAI,8.0,15.0,no_advantage,327.0,57.0,169.22220947116264,100.0,0.1692160611854684,177,1046,318.5877192982456,344.0,0.9879154078549849,1.0288085982909754,0,0,0,1,0
2021,Azerbaijan Grand Prix,FP3,MSC,12.0,15.0,no_advantage,327.0,60.0,175.0167213543543,100.0,0.2200557103064067,237,1077,318.5877192982456,344.0,0.9879154078549849,1.0640370926296143,0,0,0,1,0
2021,Azerbaijan Grand Prix,Q,MAZ,8.0,3.0,no_advantage,329.0,56.0,162.5572945309904,100.0,0.2296360485268631,265,1154,325.32474226804123,344.0,1.0,1.0,0,1,0,0,0
2021,Azerbaijan Grand Prix,R,SAI,10.0,8.0,no_advantage,317.0,70.0,192.17466835604648,100.0,0.2494866529774127,243,974,299.5346197502837,345.0,0.9323529411764706,0.9783330159610358,0,0,1,0,0
2021,Azerbaijan Grand Prix,R,BOT,22.0,16.0,no_advantage,340.0,70.0,199.35700883934624,100.0,0.2127659574468085,200,940,299.5346197502837,345.0,1.0,1.0148972566426804,0,0,1,0,0
2021,Azerbaijan Grand Prix,R,MAZ,23.0,4.0,no_advantage,313.0,66.0,197.76051233764525,100.0,0.2221052631578947,211,950,299.5346197502837,345.0,0.9205882352941176,1.0067697273962835,0,0,1,0,0
2021,Bahrain Grand Prix,FP2,TSU,5.0,4.0,clear_violation,317.0,67.0,211.2728649818656,100.0,0.1693648816936488,136,803,278.1275510204082,294.0,0.9968553459119497,1.077034460846466,0,0,0,1,0
2021,Bahrain Grand Prix,FP2,OCO,9.0,4.0,clear_violation,317.0,70.0,210.74238393585483,100.0,0.180469715698393,146,809,278.1275510204082,294.0,0.9968553459119497,1.0743301553625195,0,0,0,1,0
2021,Bahrain Grand Prix,FP2,HAM,2.0,4.0,clear_violation,313.0,75.0,212.35650831039115,100.0,0.175,140,800,278.1275510204082,294.0,0.9842767295597484,1.0825586970430476,0,0,0,1,0
2021,Bahrain Grand Prix,FP2,MSC,12.0,4.0,clear_violation,315.0,70.0,204.88796590771625,100.0,0.1872749099639856,156,833,278.1275510204082,294.0,0.9905660377358491,1.0444852911626268,0,0,0,1,0
2021,Bahrain Grand Prix,FP2,BOT,2.0,4.0,clear_violation,313.0,48.0,162.1815611872339,100.0,0.2133971291866028,223,1045,278.1275510204082,294.0,0.9842767295597484,0.8267750348703021,0,0,0,1,0
2021,Bahrain Grand Prix,FP2,BOT,15.0,4.0,clear_violation,299.0,70.0,199.2898298344836,100.0,0.189695550351288,162,854,278.1275510204082,294.0,0.940251572327044,1.015946910391879,0,0,0,1,0
2021,Bahrain Grand Prix,FP2,BOT,17.0,4.0,clear_violation,298.0,70.0,196.7953189620576,100.0,0.1972157772621809,170,862,278.1275510204082,294.0,0.9371069182389937,1.0032303025454827,0,0,0,1,0
2021,Bahrain Grand Prix,FP2,BOT,18.0,4.0,clear_violation,296.0,72.0,198.32233418061824,100.0,0.1869158878504672,160,856,278.1275510204082,294.0,0.9308176100628931,1.0110147760166406,0,0,0,1,0
2021,Bahrain Grand Prix,FP2,BOT,19.0,4.0,clear_violation,298.0,68.0,196.85369691653065,100.0,0.1883720930232558,162,860,278.1275510204082,294.0,0.9371069182389937,1.0035279037955374,0,0,0,1,0
2021,Bahrain Grand Prix,FP2,RAI,5.0,3.0,no_advantage,318.0,61.0,168.91411038961192,100.0,0.1807348560079444,182,1007,278.1275510204082,294.0,1.0,0.8610964679654983,0,0,0,1,0
2021,Bahrain Grand Prix,FP3,TSU,14.0,4.0,clear_violation,327.0,68.0,210.25977003758416,100.0,0.1791613722998729,141,787,278.9184782608696,296.0,1.0,1.0244761031080165,0,0,0,1,0
2021,Bahrain Grand Prix,FP3,BOT,3.0,4.0,clear_violation,321.0,70.0,208.80064226842643,100.0,0.1742331288343558,142,815,278.9184782608696,296.0,0.981651376146789,1.0173666045547924,0,0,0,1,0
2021,Bahrain Grand Prix,FP3,BOT,7.0,4.0,clear_violation,303.0,63.0,201.2586320447193,100.0,0.193127962085308,163,844,278.9184782608696,296.0,0.926605504587156,0.980618684388214,0,0,0,1,0
2021,Bahrain Grand Prix,FP3,BOT,9.0,4.0,clear_violation,299.0,65.0,200.62648829646847,100.0,0.185579196217494,157,846,278.9184782608696,296.0,0.9143730886850153,0.9775386079489772,0,0,0,1,0
2021,Bahrain Grand Prix,Q,RIC,8.0,4.0,clear_violation,319.0,74.0,214.46333216050385,100.0,0.1876574307304785,149,794,287.4909090909091,295.0,1.0,0.9988425116207635,0,1,0,0,0
2021,Bahrain Grand Prix,Q,PER,7.0,4.0,clear_violation,314.0,71.0,214.9603851230281,100.0,0.189155107187894,150,793,287.4909090909091,295.0,0.9843260188087775,1.0011574883792367,0,1,0,0,0
2021,Bahrain Grand Prix,R,GAS,6.0,4.0,no_advantage,292.0,68.0,200.9134574872022,100.0,0.1923990498812351,162,842,273.4791454730417,297.0,0.8929663608562691,1.002288851133999,0,0,1,0,0
2021,Bahrain Grand Prix,R,NOR,9.0,4.0,no_advantage,327.0,62.0,199.9958357966388,100.0,0.2079905992949471,177,851,273.4791454730417,297.0,1.0,0.9977111488660011,0,0,1,0,0
2021,Belgian Grand Prix,FP2,TSU,5.0,9.0,clear_violation,328.0,66.0,232.4596154312906,100.0,0.130712008501594,123,941,221.19196428571428,232.0,0.9969604863221885,0.998670692684492,0,0,0,1,0
2021,Belgian Grand Prix,FP2,SAI,2.0,9.0,clear_violation,329.0,71.0,233.0784585987462,100.0,0.151547491995731,142,937,221.19196428571428,232.0,1.0,1.001329307315508,0,0,0,1,0
2021,Belgian Grand Prix,FP3,LEC,13.0,9.0,clear_violation,312.0,28.0,195.05313031164133,100.0,0.1840435176790571,203,1103,210.35096153846155,222.0,1.0,1.0834008395204338,0,0,0,1,0
2021,Belgian Grand Prix,FP3,RUS,1.0,18.0,no_advantage,307.0,39.0,170.85016585317314,100.0,0.2291325695581014,280,1222,210.35096153846155,222.0,0.9839743589743589,0.9489681750905274,0,0,0,1,0
2021,Belgian Grand Prix,FP3,SAI,1.0,5.0,no_advantage,296.0,51.0,180.1271139987645,100.0,0.1350174216027874,155,1148,210.35096153846155,222.0,0.9487179487179487,1.000495948026358,0,0,0,1,0
2021,Belgian Grand Prix,FP3,HAM,1.0,5.0,no_advantage,295.0,0.0,154.97940269812403,100.0,0.3263157894736842,434,1330,210.35096153846155,222.0,0.9455128205128205,0.8608157927189232,0,0,0,1,0
2021,Belgian Grand Prix,FP3,MAZ,14.0,5.0,no_advantage,307.0,55.0,199.1793101132312,100.0,0.2250922509225092,244,1084,210.35096153846155,222.0,0.9839743589743589,1.1063192446437577,0,0,0,1,0
2021,British Grand Prix,FP1,MAZ,13.0,9.0,clear_violation,326.0,85.0,232.10842273477425,100.0,0.1533586818757921,121,789,237.17551963048496,255.0,0.9969418960244648,0.9956842431575584,0,0,0,1,0
2021,British Grand Prix,FP1,MAZ,17.0,15.0,clear_violation,327.0,82.0,232.9275860451178,100.0,0.154140127388535,121,785,237.17551963048496,255.0,1.0,0.9991982388629786,0,0,0,1,0
2021,British Grand Prix,FP1,RUS,21.0,9.0,clear_violation,327.0,82.0,234.30745576676475,100.0,0.1562099871959026,122,781,237.17551963048496,255.0,1.0,1.005117517979463,0,0,0,1,0
2021,British Grand Prix,FP2,NOR,15.0,15.0,clear_violation,323.0,80.0,226.7190235266652,99.0,0.1601513240857503,127,793,235.6211180124224,251.0,1.0,1.0013628568503365,0,0,0,1,0
2021,British Grand Prix,FP2,NOR,19.0,9.0,clear_violation,307.0,84.0,230.1890728245659,100.0,0.137452711223203,109,793,235.6211180124224,251.0,0.9504643962848297,1.0166892217239425,0,0,0,1,0
2021,British Grand Prix,FP2,GAS,4.0,9.0,clear_violation,299.0,86.0,221.6881121812856,100.0,0.1343825665859564,111,826,235.6211180124224,251.0,0.9256965944272446,0.9791425434465185,0,0,0,1,0
2021,British Grand Prix,FP2,TSU,30.0,9.0,clear_violation,299.0,86.0,226.46464863039927,100.0,0.1223733003708281,99,809,235.6211180124224,251.0,0.9256965944272446,1.0002393447212103,0,0,0,1,0
2021,British Grand Prix,FP2,GIO,22.0,9.0,clear_violation,307.0,86.0,226.9914352487576,100.0,0.130272952853598,105,806,235.6211180124224,251.0,0.9504643962848297,1.002566033257992,0,0,0,1,0
2021,British Grand Prix,Q,PER,16.0,15.0,clear_violation,322.0,96.0,241.8876746274788,100.0,0.1236842105263157,94,760,248.53488372093025,258.0,0.9877300613496932,1.0029070511562652,0,1,0,0,0
2021,British Grand Prix,Q,VET,11.0,15.0,clear_violation,326.0,93.0,240.48539144799284,100.0,0.1376146788990825,105,763,248.53488372093025,258.0,1.0,0.9970929488437347,0,1,0,0,0
2021,British Grand Prix,R,LEC,50.0,9.0,clear_violation,320.0,78.0,225.17065309250128,100.0,0.1611316113161131,131,813,240.81553398058253,255.0,0.9580838323353293,1.0260159501129624,0,0,1,0,0
2021,British Grand Prix,R,NOR,31.0,9.0,clear_violation,323.0,78.0,223.18913059520256,99.0,0.173170731707317,142,820,240.81553398058253,255.0,0.9670658682634731,1.0169869152018234,0,0,1,0,0
2021,British Grand Prix,R,RIC,9.0,9.0,clear_violation,301.0,78.0,223.02270941344543,100.0,0.1416361416361416,116,819,240.81553398058253,255.0,0.9011976047904192,1.0162285979674308,0,0,1,0,0
2021,British Grand Prix,R,SAI,6.0,9.0,clear_violation,322.0,83.0,222.3242967850512,100.0,0.173170731707317,142,820,240.81553398058253,255.0,0.9640718562874252,1.0130462005872605,0,0,1,0,0
2021,British Grand Prix,R,SAI,26.0,9.0,clear_violation,307.0,87.0,228.4124143340188,100.0,0.1371571072319202,110,802,240.81553398058253,255.0,0.9191616766467066,1.040787407647833,0,0,1,0,0
2021,British Grand Prix,R,GAS,8.0,9.0,clear_violation,318.0,83.0,219.6963010207393,100.0,0.1684717208182912,140,831,240.81553398058253,255.0,0.9520958083832335,1.0010714359632684,0,0,1,0,0
2021,British Grand Prix,R,GAS,12.0,9.0,clear_violation,332.0,79.0,220.3515401107748,100.0,0.1676718938480096,139,829,240.81553398058253,255.0,0.9940119760479041,1.0040571081558065,0,0,1,0,0
2021,British Grand Prix,R,GAS,16.0,9.0,clear_violation,330.0,80.0,221.5578085105433,100.0,0.1628189550425273,134,823,240.81553398058253,255.0,0.9880239520958084,1.0095536087045316,0,0,1,0,0
2021,British Grand Prix,R,GAS,29.0,15.0,clear_violation,334.0,0.0,185.1512867805372,100.0,0.1912955465587044,189,988,240.81553398058253,255.0,1.0,0.8436631097869157,0,0,1,0,0
2021,British Grand Prix,R,GIO,7.0,9.0,clear_violation,329.0,83.0,219.5064866831368,100.0,0.1860744297719087,155,833,240.81553398058253,255.0,0.9850299401197605,1.000206525126685,0,0,1,0,0
2021,British Grand Prix,R,RAI,7.0,9.0,clear_violation,304.0,82.0,219.7305966241134,100.0,0.1656662665066026,138,833,240.81553398058253,255.0,0.9101796407185628,1.001227707820179,0,0,1,0,0
2021,British Grand Prix,R,PER,17.0,9.0,clear_violation,329.0,79.0,222.18660881912703,100.0,0.1909975669099756,157,822,240.81553398058253,255.0,0.9850299401197605,1.0124188095518987,0,0,1,0,0
2021,British Grand Prix,R,VET,30.0,15.0,clear_violation,320.0,70.0,222.6952789347116,100.0,0.2063492063492063,169,819,240.81553398058253,255.0,0.9580838323353293,1.0147366233734059,0,0,1,0,0
2021,British Grand Prix,S,GAS,7.0,9.0,clear_violation,324.0,82.0,222.6692247341877,100.0,0.1328320802005012,106,798,248.7278106508876,253.0,0.9557522123893806,1.0143827326390265,1,0,0,0,0
2021,British Grand Prix,S,RAI,6.0,9.0,clear_violation,339.0,86.0,224.63634399661808,100.0,0.188423645320197,153,812,248.7278106508876,253.0,1.0,1.023344059985601,1,0,0,0,0
2021,British Grand Prix,S,GIO,13.0,9.0,clear_violation,318.0,87.0,226.22652913847648,100.0,0.1565217391304348,126,805,248.7278106508876,253.0,0.9380530973451328,1.030588241805185,1,0,0,0,0
2021,British Grand Prix,S,LAT,9.0,9.0,clear_violation,313.0,90.0,223.55709514458152,100.0,0.1619631901840491,132,815,248.7278106508876,253.0,0.9233038348082596,1.018427478446175,1,0,0,0,0
2021,British Grand Prix,S,SAI,1.0,7.0,no_advantage,322.0,0.0,196.63593868924968,100.0,0.2019758507135016,184,911,248.7278106508876,253.0,0.9498525073746312,0.8957865688927253,1,0,0,0,0
2021,British Grand Prix,S,MAZ,2.0,3.0,no_advantage,311.0,84.0,223.3471186587767,100.0,0.1914634146341463,157,820,248.7278106508876,253.0,0.9174041297935103,1.0174709182312873,1,0,0,0,0
2021,British Grand Prix,SQ,GAS,7.0,9.0,clear_violation,324.0,82.0,222.6692247341877,100.0,0.1328320802005012,106,798,248.7278106508876,253.0,0.9557522123893806,1.0143827326390265,0,1,0,0,0
2021,British Grand Prix,SQ,RAI,6.0,9.0,clear_violation,339.0,86.0,224.63634399661808,100.0,0.188423645320197,153,812,248.7278106508876,253.0,1.0,1.023344059985601,0,1,0,0,0
2021,British Grand Prix,SQ,GIO,13.0,9.0,clear_violation,318.0,87.0,226.22652913847648,100.0,0.1565217391304348,126,805,248.7278106508876,253.0,0.9380530973451328,1.030588241805185,0,1,0,0,0
2021,British Grand Prix,SQ,LAT,9.0,9.0,clear_violation,313.0,90.0,223.55709514458152,100.0,0.1619631901840491,132,815,248.7278106508876,253.0,0.9233038348082596,1.018427478446175,0,1,0,0,0
2021,British Grand Prix,SQ,SAI,1.0,7.0,no_advantage,322.0,0.0,196.63593868924968,100.0,0.2019758507135016,184,911,248.7278106508876,253.0,0.9498525073746312,0.8957865688927253,0,1,0,0,0
2021,British Grand Prix,SQ,MAZ,2.0,3.0,no_advantage,311.0,84.0,223.3471186587767,100.0,0.1914634146341463,157,820,248.7278106508876,253.0,0.9174041297935103,1.0174709182312873,0,1,0,0,0
2021,Dutch Grand Prix,FP1,OCO,1.0,11.0,no_advantage,297.0,35.0,142.65816103769592,100.0,0.2034090909090909,179,880,279.0320284697509,316.0,0.9642857142857143,0.8674108047557355,0,0,0,1,0
2021,Dutch Grand Prix,FP1,NOR,16.0,13.0,no_advantage,308.0,38.0,186.27055475774247,100.0,0.1675977653631284,120,716,279.0320284697509,316.0,1.0,1.1325891952442644,0,0,0,1,0
2021,Dutch Grand Prix,FP3,VET,1.0,10.0,no_advantage,298.0,59.0,168.98157483575204,100.0,0.1734972677595628,127,732,276.6437908496732,316.0,0.9874088800530154,1.0720166432808536,0,0,0,1,0
2021,Dutch Grand Prix,FP3,NOR,14.0,9.0,no_advantage,301.79999999999995,49.0,146.27766277942595,100.0,0.1293859649122807,118,912,276.6437908496732,316.0,1.0,0.9279833567191466,0,0,0,1,0
2021,Emilia Romagna Grand Prix,FP2,RIC,12.0,9.0,clear_violation,323.0,106.0,230.9736307736456,100.0,0.1147540983606557,77,671,276.31529411764706,289.0,0.9817629179331308,1.0338009905892462,0,0,0,1,0
2021,Emilia Romagna Grand Prix,FP2,NOR,5.0,9.0,clear_violation,323.0,58.0,186.73965238228496,99.0,0.1314837153196622,109,829,276.31529411764706,289.0,0.9817629179331308,0.8358167855285977,0,0,0,1,0
2021,Emilia Romagna Grand Prix,FP2,NOR,17.0,9.0,clear_violation,328.0,95.0,217.37353144762648,99.0,0.2008426966292134,143,712,276.31529411764706,289.0,0.9969604863221885,0.9729291234923076,0,0,0,1,0
2021,Emilia Romagna Grand Prix,FP2,VET,12.0,9.0,clear_violation,327.0,94.0,227.0820404035017,100.0,0.1794117647058823,122,680,276.31529411764706,289.0,0.993920972644377,1.0163828551676968,0,0,0,1,0
2021,Emilia Romagna Grand Prix,FP2,VET,20.0,15.0,clear_violation,306.0,99.0,218.67726787052047,100.0,0.1687943262411347,119,705,276.31529411764706,289.0,0.9300911854103343,0.9787644389823946,0,0,0,1,0
2021,Emilia Romagna Grand Prix,FP2,RAI,25.0,15.0,clear_violation,309.0,93.0,217.9201122370004,100.0,0.1960507757404795,139,709,276.31529411764706,289.0,0.939209726443769,0.9753755315935232,0,0,0,1,0
2021,Emilia Romagna Grand Prix,FP2,GAS,7.0,9.0,clear_violation,323.0,104.0,232.59565119973124,100.0,0.1353383458646616,90,665,276.31529411764706,289.0,0.9817629179331308,1.041060894317766,0,0,0,1,0
2021,Emilia Romagna Grand Prix,FP2,GAS,29.0,9.0,clear_violation,313.0,96.0,219.8065184426345,100.0,0.1894586894586894,133,702,276.31529411764706,289.0,0.9513677811550152,0.983818783740992,0,0,0,1,0
2021,Emilia Romagna Grand Prix,FP2,PER,10.0,9.0,clear_violation,319.0,110.0,231.77747773740143,100.0,0.1434977578475336,96,669,276.31529411764706,289.0,0.9696048632218845,1.0373988808965917,0,0,0,1,0
2021,Emilia Romagna Grand Prix,FP2,LEC,4.0,9.0,clear_violation,321.0,106.0,230.90105744778947,100.0,0.1579731743666169,106,671,276.31529411764706,289.0,0.9756838905775076,1.033476164002293,0,0,0,1,0
2021,Emilia Romagna Grand Prix,FP2,LEC,8.0,9.0,clear_violation,322.0,109.0,234.78333508189272,100.0,0.1487101669195751,98,659,276.31529411764706,289.0,0.9787234042553191,1.050852617108369,0,0,0,1,0
2021,Emilia Romagna Grand Prix,FP2,TSU,9.0,9.0,clear_violation,322.0,106.0,230.77229546576905,100.0,0.1335311572700296,90,674,276.31529411764706,289.0,0.9787234042553191,1.0328998459866081,0,0,0,1,0
2021,Emilia Romagna Grand Prix,FP2,HAM,17.0,9.0,clear_violation,304.0,104.0,221.0869836468731,100.0,0.1530758226037196,107,699,276.31529411764706,289.0,0.9240121580547113,0.9895499409822884,0,0,0,1,0
2021,Emilia Romagna Grand Prix,FP2,MSC,4.0,9.0,clear_violation,329.0,101.0,222.583898119816,100.0,0.1882183908045977,131,696,276.31529411764706,289.0,1.0,0.9962498904950201,0,0,0,1,0
2021,Emilia Romagna Grand Prix,FP2,MSC,6.0,9.0,clear_violation,323.0,105.0,225.36884168754776,100.0,0.1865889212827988,128,686,276.31529411764706,289.0,0.9817629179331308,1.008714852012111,0,0,0,1,0
2021,Emilia Romagna Grand Prix,FP2,RUS,24.0,15.0,clear_violation,304.0,103.0,221.22230364651423,100.0,0.16189111747851,113,698,276.31529411764706,289.0,0.9240121580547113,0.9901556116348516,0,0,0,1,0
2021,Emilia Romagna Grand Prix,FP2,GIO,12.0,9.0,clear_violation,323.0,105.0,230.38148256872904,100.0,0.1369047619047619,92,672,276.31529411764706,289.0,0.9817629179331308,1.031150630031775,0,0,0,1,0
2021,Emilia Romagna Grand Prix,FP2,GIO,24.0,9.0,clear_violation,304.0,99.0,221.5454947877661,100.0,0.1545064377682403,108,699,276.31529411764706,289.0,0.9240121580547113,0.9916021634375691,0,0,0,1,0
2021,Emilia Romagna Grand Prix,FP3,RIC,10.0,9.0,clear_violation,320.0,103.0,231.4647246255722,100.0,0.1244377811094452,83,667,263.3127035830619,289.0,0.9785932721712538,1.0077004392248627,0,0,0,1,0
2021,Emilia Romagna Grand Prix,FP3,NOR,2.0,9.0,clear_violation,320.0,110.0,230.28575607043496,99.0,0.1218424962852897,82,673,263.3127035830619,289.0,0.9785932721712538,1.002567704062881,0,0,0,1,0
2021,Emilia Romagna Grand Prix,FP3,NOR,4.0,9.0,clear_violation,319.0,111.0,229.10937754331863,99.0,0.1198224852071005,81,676,263.3127035830619,289.0,0.9755351681957186,0.9974462447978141,0,0,0,1,0
2021,Emilia Romagna Grand Prix,FP3,VET,9.0,9.0,clear_violation,319.0,107.0,230.15185496749385,100.0,0.1609538002980625,108,671,263.3127035830619,289.0,0.9755351681957186,1.0019847547583391,0,0,0,1,0
2021,Emilia Romagna Grand Prix,FP3,RAI,7.0,9.0,clear_violation,316.0,101.0,228.8489533202918,100.0,0.1610044313146233,109,677,263.3127035830619,289.0,0.9663608562691132,0.996312466835088,0,0,0,1,0
2021,Emilia Romagna Grand Prix,FP3,RAI,12.0,9.0,clear_violation,320.0,105.0,231.10661723219096,100.0,0.1490312965722801,100,671,263.3127035830619,289.0,0.9785932721712538,1.0061413896626294,0,0,0,1,0
2021,Emilia Romagna Grand Prix,FP3,MAZ,2.0,9.0,clear_violation,319.0,95.0,224.0348507265138,100.0,0.1837916063675832,127,691,263.3127035830619,289.0,0.9755351681957186,0.9753538810027496,0,0,0,1,0
2021,Emilia Romagna Grand Prix,FP3,MAZ,12.0,15.0,clear_violation,327.0,98.0,228.34209665581827,100.0,0.1846381093057607,125,677,263.3127035830619,289.0,1.0,0.9941058252648001,0,0,0,1,0
2021,Emilia Romagna Grand Prix,FP3,MAZ,21.0,15.0,clear_violation,323.0,105.0,230.78323352879585,100.0,0.1922503725782414,129,671,263.3127035830619,289.0,0.9877675840978594,1.0047335124991585,0,0,0,1,0
2021,Emilia Romagna Grand Prix,FP3,GAS,18.0,9.0,clear_violation,320.0,102.0,231.64815728167048,100.0,0.1379310344827586,92,667,263.3127035830619,289.0,0.9785932721712538,1.008499028160682,0,0,0,1,0
2021,Emilia Romagna Grand Prix,FP3,PER,2.0,9.0,clear_violation,316.0,111.0,227.00351659167148,100.0,0.1581259150805271,108,683,263.3127035830619,289.0,0.9663608562691132,0.9882782084615901,0,0,0,1,0
2021,Emilia Romagna Grand Prix,FP3,ALO,6.0,15.0,clear_violation,318.0,107.0,229.068090534364,100.0,0.155096011816839,105,677,263.3127035830619,289.0,0.9724770642201835,0.9972664984579552,0,0,0,1,0
2021,Emilia Romagna Grand Prix,FP3,LEC,7.0,9.0,clear_violation,324.0,105.0,232.13652462637427,100.0,0.1511976047904191,101,668,263.3127035830619,289.0,0.9908256880733946,1.010625174978765,0,0,0,1,0
2021,Emilia Romagna Grand Prix,FP3,STR,13.0,9.0,clear_violation,318.0,109.0,231.3889125418929,100.0,0.1709145427286356,114,667,263.3127035830619,289.0,0.9724770642201835,1.0073703851738804,0,0,0,1,0
2021,Emilia Romagna Grand Prix,FP3,TSU,5.0,9.0,clear_violation,317.0,105.0,228.87277711066133,100.0,0.1299852289512555,88,677,263.3127035830619,289.0,0.9694189602446484,0.9964161856374161,0,0,0,1,0
2021,Emilia Romagna Grand Prix,FP3,VER,4.0,9.0,clear_violation,315.0,108.0,232.0772892388984,100.0,0.1533834586466165,102,665,263.3127035830619,289.0,0.963302752293578,1.0103672889182707,0,0,0,1,0
2021,Emilia Romagna Grand Prix,FP3,HAM,6.0,9.0,clear_violation,319.0,110.0,232.3064696098218,100.0,0.1325301204819277,88,664,263.3127035830619,289.0,0.9755351681957186,1.0113650442385027,0,0,0,1,0
2021,Emilia Romagna Grand Prix,FP3,MSC,2.0,9.0,clear_violation,314.0,105.0,225.32745629933189,100.0,0.1804949053857351,124,687,263.3127035830619,289.0,0.9602446483180428,0.9809813441316577,0,0,0,1,0
2021,Emilia Romagna Grand Prix,FP3,MSC,6.0,9.0,clear_violation,317.0,107.0,228.29375833172804,100.0,0.1666666666666666,113,678,263.3127035830619,289.0,0.9694189602446484,0.9938953804529788,0,0,0,1,0
2021,Emilia Romagna Grand Prix,FP3,BOT,3.0,9.0,clear_violation,317.0,109.0,231.66887933053755,100.0,0.1469265367316342,98,667,263.3127035830619,289.0,0.9694189602446484,1.0085892432799783,0,0,0,1,0
2021,Emilia Romagna Grand Prix,Q,PER,3.0,9.0,clear_violation,317.0,109.0,233.82061236432483,100.0,0.1553544494720965,103,663,282.8715596330275,291.0,0.9635258358662614,1.0337229144253874,0,1,0,0,0
2021,Emilia Romagna Grand Prix,Q,GAS,4.0,15.0,clear_violation,322.0,107.0,234.51593606693632,100.0,0.135258358662614,89,658,282.8715596330275,291.0,0.9787234042553191,1.036796946423955,0,1,0,0,0
2021,Emilia Romagna Grand Prix,Q,GAS,9.0,9.0,clear_violation,321.0,106.0,235.561381731627,100.0,0.1156773211567732,76,657,282.8715596330275,291.0,0.9756838905775076,1.0414188705924434,0,1,0,0,0
2021,Emilia Romagna Grand Prix,Q,NOR,14.0,9.0,clear_violation,324.0,110.0,237.88320305579063,99.0,0.1180981595092024,77,652,282.8715596330275,291.0,0.9848024316109423,1.051683662398949,0,1,0,0,0
2021,Emilia Romagna Grand Prix,Q,STR,16.0,15.0,clear_violation,320.0,109.0,230.4075365398327,100.0,0.1654247391952309,111,671,282.8715596330275,291.0,0.9726443768996961,1.0186336771987248,0,1,0,0,0
2021,Emilia Romagna Grand Prix,Q,STR,19.0,9.0,clear_violation,325.0,107.0,235.23207661768777,100.0,0.1765601217656012,116,657,282.8715596330275,291.0,0.9878419452887538,1.0399630098850647,0,1,0,0,0
2021,Emilia Romagna Grand Prix,Q,VET,10.0,15.0,clear_violation,325.0,105.0,233.84387400587008,100.0,0.1666666666666666,110,660,282.8715596330275,291.0,0.9878419452887538,1.0338257543403517,0,1,0,0,0
2021,Emilia Romagna Grand Prix,Q,LAT,2.0,15.0,clear_violation,325.0,110.0,231.49223954056404,100.0,0.1766467065868263,118,668,282.8715596330275,291.0,0.9878419452887538,1.0234291583834838,0,1,0,0,0
2021,Emilia Romagna Grand Prix,Q,GIO,2.0,9.0,clear_violation,322.0,105.0,230.1521696020361,100.0,0.1553254437869822,105,676,282.8715596330275,291.0,0.9787234042553191,1.0175046977964484,0,1,0,0,0
2021,Emilia Romagna Grand Prix,Q,MSC,9.0,9.0,clear_violation,321.0,107.0,231.74083569958768,100.0,0.1524663677130044,102,669,282.8715596330275,291.0,0.9756838905775076,1.0245282041152624,0,1,0,0,0
2021,Emilia Romagna Grand Prix,Q,NOR,6.0,3.0,no_advantage,329.0,71.0,203.56601221058725,99.0,0.1684210526315789,128,760,282.8715596330275,291.0,1.0,0.8999670700220471,0,1,0,0,0
2021,Emilia Romagna Grand Prix,Q,NOR,9.0,15.0,no_advantage,297.0,66.0,176.09693232963298,99.0,0.1771428571428571,155,875,282.8715596330275,291.0,0.9027355623100304,0.7785260344178813,0,1,0,0,0
2021,Emilia Romagna Grand Prix,R,ALO,47.0,9.0,clear_violation,303.0,100.0,221.1512955244524,100.0,0.1671428571428571,117,700,264.5538894095596,292.0,0.9837662337662337,1.069478473877152,0,0,1,0,0
2021,Emilia Romagna Grand Prix,R,TSU,40.0,9.0,clear_violation,303.0,99.0,220.98842257135104,100.0,0.1747851002865329,122,698,264.5538894095596,292.0,0.9837662337662337,1.068690827045124,0,0,1,0,0
2021,Emilia Romagna Grand Prix,R,TSU,43.0,9.0,clear_violation,306.0,99.0,222.09964057964288,100.0,0.1683453237410072,117,695,264.5538894095596,292.0,0.9935064935064936,1.074064631149841,0,0,1,0,0
2021,Emilia Romagna Grand Prix,R,TSU,44.0,15.0,clear_violation,306.0,97.0,221.2664897743581,100.0,0.16,112,700,264.5538894095596,292.0,0.9935064935064936,1.0700355484821025,0,0,1,0,0
2021,Emilia Romagna Grand Prix,R,TSU,53.0,9.0,clear_violation,303.0,99.0,221.9134413411076,100.0,0.1621233859397417,113,697,264.5538894095596,292.0,0.9837662337662337,1.0731641793709195,0,0,1,0,0
2021,Emilia Romagna Grand Prix,R,RIC,58.0,15.0,clear_violation,297.0,98.0,221.49029563924395,100.0,0.1358381502890173,94,692,264.5538894095596,292.0,0.9642857142857143,1.0711178643430848,0,0,1,0,0
2021,Emilia Romagna Grand Prix,R,MSC,37.0,9.0,clear_violation,308.0,96.0,211.4741125258263,100.0,0.2281420765027322,167,732,264.5538894095596,292.0,1.0,1.022680019089641,0,0,1,0,0
2021,Emilia Romagna Grand Prix,R,GIO,54.0,9.0,clear_violation,299.0,102.0,222.51488194305333,100.0,0.1580459770114942,110,696,264.5538894095596,292.0,0.9707792207792207,1.0760727211254286,0,0,1,0,0
2021,Emilia Romagna Grand Prix,R,VER,9.0,2.0,no_advantage,295.0,83.0,193.87114156989696,100.0,0.2267002518891687,180,794,264.5538894095596,292.0,0.9577922077922078,0.9375527831446471,0,0,1,0,0
2021,Emilia Romagna Grand Prix,R,LAT,1.0,14.0,no_advantage,259.0,0.0,121.01807897167102,100.0,0.3381123058542413,283,837,264.5538894095596,292.0,0.8409090909090909,0.5852384002690905,0,0,1,0,0
2021,Emilia Romagna Grand Prix,R,SAI,12.0,7.0,no_advantage,301.0,79.0,196.8388612348792,100.0,0.2599231754161332,203,781,264.5538894095596,292.0,0.9772727272727273,0.9519045521029686,0,0,1,0,0
2021,French Grand Prix,FP1,RAI,3.0,2.0,no_advantage,326.0,53.0,160.7009299096495,100.0,0.1450044208664898,164,1131,291.20402298850576,308.0,1.0,0.8916711959197338,0,0,0,1,0
2021,French Grand Prix,FP1,SAI,5.0,4.0,no_advantage,317.0,77.0,218.2705585525727,100.0,0.1598557692307692,133,832,291.20402298850576,308.0,0.9723926380368099,1.2111041926643777,0,0,0,1,0
2021,French Grand Prix,FP1,GAS,5.0,2.0,no_advantage,314.0,62.0,157.0399049734121,100.0,0.1348314606741573,156,1157,291.20402298850576,308.0,0.9631901840490797,0.8713574958993162,0,0,0,1,0
2021,French Grand Prix,FP1,RAI,14.0,6.0,no_advantage,301.4750016,0.0,127.32408884951596,100.0,0.2004204625087596,286,1427,291.20402298850576,308.0,0.9247699435582821,0.7064752060717304,0,0,0,1,0
2021,French Grand Prix,FP1,NIS,12.0,7.0,no_advantage,324.0,72.0,211.9560751115009,100.0,0.1783216783216783,153,858,291.20402298850576,308.0,0.9938650306748467,1.1760674134454805,0,0,0,1,0
2021,French Grand Prix,FP1,SAI,20.0,11.0,no_advantage,304.0,51.0,206.05500159289423,100.0,0.1717514124293785,152,885,291.20402298850576,308.0,0.9325153374233128,1.1433244959993611,0,0,0,1,0
2021,French Grand Prix,FP2,TSU,1.0,6.0,no_advantage,299.8833322666666,37.0,146.12957054013566,100.0,0.1286173633440514,160,1244,289.61421319796955,307.0,0.934215988369678,0.9423867112977189,0,0,0,1,0
2021,French Grand Prix,FP2,NOR,1.0,6.0,no_advantage,298.8374976,0.0,124.14551727583066,100.0,0.165983606557377,243,1464,289.61421319796955,307.0,0.9309579364485981,0.8006119864411092,0,0,0,1,0
2021,French Grand Prix,FP2,SAI,1.0,6.0,no_advantage,302.0,27.0,132.69121764149975,100.0,0.1518895348837209,209,1376,289.61421319796955,307.0,0.940809968847352,0.8557230391429762,0,0,0,1,0
2021,French Grand Prix,FP2,MSC,4.0,2.0,no_advantage,321.0,41.0,173.19900893230002,100.0,0.1864890580399619,196,1051,289.61421319796955,307.0,1.0,1.1169569843011662,0,0,0,1,0
2021,French Grand Prix,FP2,LEC,8.0,6.0,no_advantage,298.0,43.0,138.7048208987342,100.0,0.1570121951219512,206,1312,289.61421319796955,307.0,0.9283489096573209,0.89450464765443,0,0,0,1,0
2021,French Grand Prix,FP2,MAZ,13.0,7.0,no_advantage,303.0,72.0,165.2122185367165,100.0,0.1609090909090909,177,1100,289.61421319796955,307.0,0.9439252336448598,1.0654503309462184,0,0,0,1,0
2021,French Grand Prix,FP2,VER,17.0,6.0,no_advantage,308.0,69.0,205.3605768930548,100.0,0.1866515837104072,165,884,289.61421319796955,307.0,0.9595015576323987,1.3243663002163817,0,0,0,1,0
2021,French Grand Prix,FP3,NOR,2.0,6.0,clear_violation,319.0,74.0,221.64703438147936,100.0,0.1638141809290953,134,818,292.7546296296296,305.0,0.9845679012345679,1.104226264185628,0,0,0,1,0
2021,French Grand Prix,FP3,RAI,7.0,6.0,clear_violation,321.0,78.0,222.9665271108464,100.0,0.1774785801713586,145,817,292.7546296296296,305.0,0.9907407407407407,1.1107998622995616,0,0,0,1,0
2021,French Grand Prix,FP3,MAZ,9.0,6.0,clear_violation,324.0,67.0,219.77665468688167,100.0,0.1944444444444444,161,828,292.7546296296296,305.0,1.0,1.0949081950829318,0,0,0,1,0
2021,French Grand Prix,FP3,GAS,2.0,6.0,clear_violation,322.0,78.0,220.9991909012529,100.0,0.1545012165450121,127,822,292.7546296296296,305.0,0.9938271604938271,1.1009987642646668,0,0,0,1,0
2021,French Grand Prix,FP3,TSU,7.0,6.0,clear_violation,321.0,78.0,222.5533452071257,100.0,0.1717791411042944,140,815,292.7546296296296,305.0,0.9907407407407407,1.108741425960687,0,0,0,1,0
2021,French Grand Prix,FP3,TSU,15.0,6.0,clear_violation,323.0,74.0,224.14033111697333,100.0,0.1750924784217016,142,811,292.7546296296296,305.0,0.9969135802469136,1.1166476518546469,0,0,0,1,0
2021,French Grand Prix,FP3,VER,5.0,6.0,clear_violation,323.0,81.0,225.80227891712588,100.0,0.1706102117061021,137,803,292.7546296296296,305.0,0.9969135802469136,1.124927331371926,0,0,0,1,0
2021,French Grand Prix,FP3,SAI,2.0,6.0,clear_violation,315.0,72.0,219.8747392664212,100.0,0.1594202898550724,132,828,292.7546296296296,305.0,0.9722222222222222,1.0953968439346586,0,0,0,1,0
2021,French Grand Prix,FP3,SAI,16.0,6.0,clear_violation,321.0,77.0,224.53147198410005,100.0,0.1569839307787391,127,809,292.7546296296296,305.0,0.9907407407407407,1.1185962816645738,0,0,0,1,0
2021,French Grand Prix,FP3,GIO,8.0,6.0,clear_violation,320.0,79.0,222.48108004356524,100.0,0.150735294117647,123,816,292.7546296296296,305.0,0.9876543209876543,1.1083814071956635,0,0,0,1,0
2021,French Grand Prix,FP3,GIO,7.0,2.0,no_advantage,301.0999978666667,0.0,133.5371869094223,100.0,0.1950146627565982,266,1364,292.7546296296296,305.0,0.9293209810699589,0.6652706608158911,0,0,0,1,0
2021,French Grand Prix,FP3,MAZ,6.0,2.0,no_advantage,301.18333226666664,60.0,151.54282608644522,100.0,0.1388196176226101,167,1203,292.7546296296296,305.0,0.9295781860082304,0.7549731905077558,0,0,0,1,0
2021,French Grand Prix,FP3,BOT,7.0,2.0,no_advantage,299.81592193143786,60.0,157.56087347232022,100.0,0.1668107173725151,193,1157,292.7546296296296,305.0,0.9253577837390057,0.7849545796165294,0,0,0,1,0
2021,French Grand Prix,FP3,SAI,9.0,2.0,no_advantage,298.95833066666665,60.0,142.75189609974805,100.0,0.1012558869701726,129,1274,292.7546296296296,305.0,0.9227108971193415,0.7111775412448792,0,0,0,1,0
2021,French Grand Prix,Q,GAS,15.0,6.0,clear_violation,328.0,83.0,227.9125184598435,100.0,0.1591478696741854,127,798,298.67836257309943,308.0,1.0,1.1581111850904113,0,1,0,0,0
2021,French Grand Prix,Q,GAS,18.0,6.0,clear_violation,325.0,81.0,227.75695757036684,100.0,0.1614518147684605,129,799,298.67836257309943,308.0,0.9908536585365854,1.157320720366126,0,1,0,0,0
2021,French Grand Prix,Q,STR,3.0,6.0,clear_violation,323.0,71.0,225.747077580728,100.0,0.1926952141057934,153,794,298.67836257309943,308.0,0.9847560975609756,1.1471077469304423,0,1,0,0,0
2021,French Grand Prix,Q,NOR,8.0,6.0,clear_violation,323.0,79.0,227.4232473416412,100.0,0.16875,135,800,298.67836257309943,308.0,0.9847560975609756,1.1556250103144015,0,1,0,0,0
2021,French Grand Prix,Q,MAZ,4.0,2.0,no_advantage,325.0,75.0,222.87071347720865,100.0,0.1826086956521739,147,805,298.67836257309943,308.0,0.9908536585365854,1.1324918343724613,0,1,0,0,0
2021,French Grand Prix,Q,VET,5.0,2.0,no_advantage,304.2916672,60.0,145.40108120030573,100.0,0.0756578947368421,92,1216,298.67836257309943,308.0,0.9277184975609756,0.7388388299170253,0,1,0,0,0
2021,French Grand Prix,Q,SAI,8.0,2.0,no_advantage,300.0,25.0,130.33446489419435,100.0,0.1261648745519713,176,1395,298.67836257309943,308.0,0.9146341463414634,0.6622795562821832,0,1,0,0,0
2021,French Grand Prix,Q,VER,11.0,2.0,no_advantage,306.4249984,60.0,166.92794704252978,100.0,0.1629834254143646,177,1086,298.67836257309943,308.0,0.934222556097561,0.8482251167269487,0,1,0,0,0
2021,French Grand Prix,R,GIO,13.0,6.0,clear_violation,331.0,71.0,204.5947792691585,100.0,0.2067415730337078,184,890,294.3624878522838,321.0,1.0,0.9887325872290136,0,0,1,0,0
2021,French Grand Prix,R,NOR,30.0,11.0,no_advantage,322.0,69.0,209.25782741501777,100.0,0.188235294117647,160,850,294.3624878522838,321.0,0.972809667673716,1.0112674127709862,0,0,1,0,0
2021,Hungarian Grand Prix,FP1,MAZ,10.0,11.0,clear_violation,311.0,83.0,189.649554260702,100.0,0.2489626556016597,180,723,246.17287234042556,262.0,0.9841772151898734,1.0296415045611547,0,0,0,1,0
2021,Hungarian Grand Prix,FP1,MSC,21.0,4.0,clear_violation,292.0,84.0,176.3605769721452,100.0,0.230566534914361,175,759,246.17287234042556,262.0,0.9240506329113924,0.9574932592209129,0,0,0,1,0
2021,Hungarian Grand Prix,FP1,GIO,2.0,4.0,clear_violation,316.0,89.0,186.5595352595681,100.0,0.2269021739130435,167,736,246.17287234042556,262.0,1.0,1.0128652362179322,0,0,0,1,0
2021,Hungarian Grand Prix,FP2,MAZ,2.0,11.0,clear_violation,311.0,91.0,188.7596372186971,100.0,0.2407152682255846,175,727,245.49656750572083,260.0,0.9904458598726115,1.0169762981252242,0,0,0,1,0
2021,Hungarian Grand Prix,FP2,HAM,20.0,11.0,clear_violation,298.0,79.0,170.01459963406603,100.0,0.1830635118306351,147,803,245.49656750572083,260.0,0.9490445859872612,0.9159840562883236,0,0,0,1,0
2021,Hungarian Grand Prix,FP2,GIO,12.0,11.0,clear_violation,314.0,96.0,198.0518294970774,100.0,0.1976911976911977,137,693,245.49656750572083,260.0,1.0,1.0670396455864524,0,0,0,1,0
2021,Hungarian Grand Prix,FP3,RAI,20.0,11.0,clear_violation,318.0,45.0,176.18329106537044,100.0,0.22007722007722,171,777,247.54621848739492,260.0,1.0,0.9434579639735747,0,0,0,1,0
2021,Hungarian Grand Prix,FP3,GIO,10.0,11.0,clear_violation,314.0,92.0,197.3008445146333,100.0,0.2324246771879483,162,697,247.54621848739492,260.0,0.9874213836477987,1.0565420360264253,0,0,0,1,0
2021,Hungarian Grand Prix,R,RUS,5.0,,no_advantage,306.0,83.0,179.73626152680745,100.0,0.2832674571805006,215,759,247.98274002157495,264.0,0.9415384615384615,0.9807530491597732,0,0,1,0,0
2021,Hungarian Grand Prix,R,TSU,10.0,,no_advantage,324.0,76.0,185.34936694288547,100.0,0.2288021534320323,170,743,247.98274002157495,264.0,0.9969230769230769,1.0113816502295283,0,0,1,0,0
2021,Hungarian Grand Prix,R,VER,14.0,1.0,no_advantage,325.0,85.0,184.70494831451504,100.0,0.2570659488559892,191,743,247.98274002157495,264.0,1.0,1.0078653006106986,0,0,1,0,0
2021,Italian Grand Prix,FP1,RIC,24.0,11.0,clear_violation,333.0,70.0,255.1002588031933,99.0,0.1053370786516853,75,712,305.3793103448276,320.0,0.9680232558139535,1.197027593617056,0,0,0,1,0
2021,Italian Grand Prix,FP1,RIC,25.0,11.0,clear_violation,313.0,47.0,150.2139285428621,99.0,0.096106048053024,116,1207,305.3793103448276,320.0,0.9098837209302325,0.7048609760531369,0,0,0,1,0
2021,Italian Grand Prix,FP1,NOR,24.0,11.0,clear_violation,338.0,68.0,255.49288275899087,100.0,0.1227080394922426,87,709,305.3793103448276,320.0,0.9825581395348837,1.1988699347860134,0,0,0,1,0
2021,Italian Grand Prix,FP1,NOR,25.0,11.0,clear_violation,313.6458325333333,45.0,156.80847290867436,99.0,0.157167530224525,182,1158,305.3793103448276,320.0,0.9117611410852713,0.7358050903799638,0,0,0,1,0
2021,Italian Grand Prix,FP1,GAS,23.0,11.0,clear_violation,314.25833386666665,41.0,155.38744392345438,100.0,0.1602399314481576,187,1167,305.3793103448276,320.0,0.9135416682170542,0.7291370810466207,0,0,0,1,0
2021,Italian Grand Prix,FP1,GAS,24.0,11.0,clear_violation,344.0,57.0,196.48754653643,100.0,0.1538461538461538,142,923,305.3793103448276,320.0,1.0,0.9219944194085542,0,0,0,1,0
2021,Italian Grand Prix,FP1,GAS,27.0,11.0,clear_violation,337.0,64.0,251.75700979185308,100.0,0.1263888888888888,91,720,305.3793103448276,320.0,0.9796511627906976,1.181339795659961,0,0,0,1,0
2021,Italian Grand Prix,FP1,ALO,12.0,11.0,clear_violation,332.0,66.0,247.870680310632,100.0,0.1133879781420765,83,732,305.3793103448276,320.0,0.9651162790697675,1.1631036572540878,0,0,0,1,0
2021,Italian Grand Prix,FP1,ALO,13.0,11.0,clear_violation,323.0,64.0,210.47907279008191,100.0,0.1955762514551804,168,859,305.3793103448276,320.0,0.938953488372093,0.9876479906005767,0,0,0,1,0
2021,Italian Grand Prix,FP1,LEC,4.0,5.0,clear_violation,332.0,51.0,237.3848620788928,100.0,0.1402359108781127,107,763,305.3793103448276,320.0,0.9651162790697675,1.1139002035848065,0,0,0,1,0
2021,Italian Grand Prix,FP1,LEC,11.0,11.0,clear_violation,340.0,64.0,252.7008447356663,100.0,0.1236111111111111,89,720,305.3793103448276,320.0,0.9883720930232558,1.1857686287660694,0,0,0,1,0
2021,Italian Grand Prix,FP1,LEC,12.0,11.0,clear_violation,327.0,50.0,177.5310215286434,100.0,0.1311154598825831,134,1022,305.3793103448276,320.0,0.9505813953488372,0.8330431826678713,0,0,0,1,0
2021,Italian Grand Prix,FP1,LEC,22.0,11.0,clear_violation,338.0,67.0,253.68101182988227,100.0,0.1314685314685314,94,715,305.3793103448276,320.0,0.9825581395348837,1.1903679461624392,0,0,0,1,0
2021,Italian Grand Prix,FP1,LEC,23.0,11.0,clear_violation,319.0,50.0,148.24871261275717,100.0,0.1276422764227642,157,1230,305.3793103448276,320.0,0.9273255813953488,0.6956394342687897,0,0,0,1,0
2021,Italian Grand Prix,FP1,TSU,25.0,11.0,clear_violation,333.0,67.0,250.2593892730986,100.0,0.1172413793103448,85,725,305.3793103448276,320.0,0.9680232558139535,1.1743123896740688,0,0,0,1,0
2021,Italian Grand Prix,FP1,TSU,26.0,11.0,clear_violation,310.0,56.0,162.64738617652424,100.0,0.1399103139013452,156,1115,305.3793103448276,320.0,0.9011627906976745,0.763203495740835,0,0,0,1,0
2021,Italian Grand Prix,FP1,MSC,12.0,11.0,clear_violation,333.0,69.0,245.112151576632,100.0,0.1241565452091768,92,741,305.3793103448276,320.0,0.9680232558139535,1.15015958958487,0,0,0,1,0
2021,Italian Grand Prix,FP1,MSC,13.0,11.0,clear_violation,316.0,60.0,190.50023376583363,100.0,0.1631799163179916,156,956,305.3793103448276,320.0,0.9186046511627907,0.893899667048664,0,0,0,1,0
2021,Italian Grand Prix,FP1,SAI,25.0,11.0,clear_violation,333.0,67.0,251.4542057397467,100.0,0.1217150760719225,88,723,305.3793103448276,320.0,0.9680232558139535,1.1799189236956167,0,0,0,1,0
2021,Italian Grand Prix,FP2,NOR,16.0,11.0,clear_violation,351.0,62.0,240.36246764828903,100.0,0.1489071038251366,109,732,304.8954081632653,317.0,1.0,1.0151125593090873,0,0,0,1,0
2021,Italian Grand Prix,FP2,NOR,17.0,11.0,clear_violation,328.0,66.0,240.79539421550783,100.0,0.1288180610889774,97,753,304.8954081632653,317.0,0.9344729344729344,1.0169409196181745,0,0,0,1,0
2021,Italian Grand Prix,FP2,VET,21.0,11.0,clear_violation,326.0,66.0,243.0665286539953,100.0,0.1243243243243243,92,740,304.8954081632653,317.0,0.9287749287749287,1.0265325048392144,0,0,0,1,0
2021,Italian Grand Prix,FP2,VET,22.0,11.0,clear_violation,323.0,65.0,239.3949884396584,100.0,0.1327077747989276,99,746,304.8954081632653,317.0,0.9202279202279202,1.0110266456256396,0,0,0,1,0
2021,Italian Grand Prix,FP2,MAZ,11.0,11.0,clear_violation,320.0,64.0,236.33051183742893,100.0,0.1488250652741514,114,766,304.8954081632653,317.0,0.9116809116809117,0.998084572276718,0,0,0,1,0
2021,Italian Grand Prix,FP2,MAZ,12.0,11.0,clear_violation,324.0,54.0,236.21775651463167,100.0,0.1618798955613577,124,766,304.8954081632653,317.0,0.9230769230769231,0.9976083775304238,0,0,0,1,0
2021,Italian Grand Prix,FP2,HAM,23.0,5.0,clear_violation,320.0,65.0,240.0295936684581,100.0,0.1577540106951871,118,748,304.8954081632653,317.0,0.9116809116809117,1.0137067468255507,0,0,0,1,0
2021,Italian Grand Prix,FP2,MSC,3.0,5.0,clear_violation,333.0,68.0,232.56082509877496,100.0,0.1485275288092189,116,781,304.8954081632653,317.0,0.9487179487179487,0.982164215032475,0,0,0,1,0
2021,Italian Grand Prix,FP2,SAI,12.0,11.0,clear_violation,323.0,65.0,239.40751099904244,100.0,0.129287598944591,98,758,304.8954081632653,317.0,0.9202279202279202,1.011079531616659,0,0,0,1,0
2021,Italian Grand Prix,FP2,SAI,13.0,11.0,clear_violation,326.0,65.0,222.4603584619711,100.0,0.1496932515337423,122,815,304.8954081632653,317.0,0.9287749287749287,0.9395073450218672,0,0,0,1,0
2021,Italian Grand Prix,FP2,BOT,5.0,5.0,clear_violation,324.0,42.0,233.9986648422708,100.0,0.1413748378728923,109,771,304.8954081632653,317.0,0.9230769230769231,0.9882365823041911,0,0,0,1,0
2021,Italian Grand Prix,Q,NOR,5.0,11.0,clear_violation,335.0,66.0,255.6005819647346,100.0,0.1167369901547116,83,711,309.26,318.0,1.0,1.1440225137491895,0,1,0,0,0
2021,Italian Grand Prix,Q,STR,3.0,5.0,clear_violation,305.0,59.0,160.34399565617275,100.0,0.2385159010600706,270,1132,309.26,318.0,0.9104477611940298,0.7176710614863655,0,1,0,0,0
2021,Italian Grand Prix,Q,TSU,8.0,11.0,clear_violation,332.0,71.0,254.1574219380556,100.0,0.1104895104895104,79,715,309.26,318.0,0.991044776119403,1.1375631874488625,0,1,0,0,0
2021,Italian Grand Prix,Q,LEC,6.0,,no_advantage,304.0,72.0,223.5887412887172,100.0,0.1271929824561403,58,456,309.26,318.0,0.9074626865671642,1.0007432373155827,0,1,0,0,0
2021,Italian Grand Prix,R,PER,32.0,5.0,clear_violation,349.0,63.0,239.53194121819573,100.0,0.1688654353562005,128,758,300.6096997690531,327.0,0.9886685552407932,1.0219694652942357,0,0,1,0,0
2021,Italian Grand Prix,R,ALO,44.0,11.0,clear_violation,329.0,65.0,196.33449218888927,100.0,0.1540130151843818,142,922,300.6096997690531,327.0,0.9320113314447592,0.8376663879591709,0,0,1,0,0
2021,Italian Grand Prix,R,ALO,45.0,11.0,clear_violation,332.0,61.0,239.06206400561456,100.0,0.1306068601583113,99,758,300.6096997690531,327.0,0.9405099150141643,1.0199647215375018,0,0,1,0,0
2021,Italian Grand Prix,R,ALO,46.0,11.0,clear_violation,330.0,60.0,239.32601001442785,100.0,0.1311258278145695,99,755,300.6096997690531,327.0,0.9348441926345609,1.0210908542783865,0,0,1,0,0
2021,Italian Grand Prix,R,RIC,5.0,11.0,clear_violation,320.0,64.0,239.75179638700584,99.0,0.1178807947019867,89,755,300.6096997690531,327.0,0.9065155807365439,1.0229074832811829,0,0,1,0,0
2021,Italian Grand Prix,R,RIC,6.0,11.0,clear_violation,322.0,64.0,239.58269194639783,99.0,0.1273209549071618,96,754,300.6096997690531,327.0,0.9121813031161473,1.022185994640177,0,0,1,0,0
2021,Italian Grand Prix,R,NOR,11.0,11.0,clear_violation,329.0,63.0,238.8645703864338,100.0,0.1477572559366754,112,758,300.6096997690531,327.0,0.9320113314447592,1.0191221097030772,0,0,1,0,0
2021,Italian Grand Prix,R,NOR,12.0,11.0,clear_violation,336.0,58.0,236.97870239910367,100.0,0.1585845347313237,121,763,300.6096997690531,327.0,0.9518413597733711,1.0110760032471884,0,0,1,0,0
2021,Italian Grand Prix,R,NOR,31.0,11.0,clear_violation,348.0,54.0,238.9507657175837,100.0,0.1644736842105263,125,760,300.6096997690531,327.0,0.9858356940509915,1.0194898644001673,0,0,1,0,0
2021,Italian Grand Prix,R,MSC,32.0,5.0,clear_violation,337.0,0.0,211.00756327866657,100.0,0.1600928074245939,138,862,300.6096997690531,327.0,0.9546742209631728,0.9002694401432815,0,0,1,0,0
2021,Italian Grand Prix,R,VET,45.0,11.0,clear_violation,353.0,52.0,239.55192173661845,100.0,0.154353562005277,117,758,300.6096997690531,327.0,1.0,1.0220547127131183,0,0,1,0,0
2021,Italian Grand Prix,R,VET,46.0,11.0,clear_violation,319.0,60.0,239.3815287209328,100.0,0.1549668874172185,117,755,300.6096997690531,327.0,0.9036827195467422,1.0213277263319096,0,0,1,0,0
2021,Italian Grand Prix,R,RUS,45.0,11.0,clear_violation,345.0,53.0,237.7793376262653,100.0,0.1743119266055046,133,763,300.6096997690531,327.0,0.9773371104815864,1.014491934963171,0,0,1,0,0
2021,Italian Grand Prix,R,RUS,46.0,11.0,clear_violation,337.0,60.0,239.16032116859685,100.0,0.1706349206349206,129,756,300.6096997690531,327.0,0.9546742209631728,1.0203839383643003,0,0,1,0,0
2021,Italian Grand Prix,R,MAZ,2.0,5.0,clear_violation,343.0,51.0,230.33301594727976,100.0,0.2010178117048346,158,786,300.6096997690531,327.0,0.9716713881019831,0.9827220033791837,0,0,1,0,0
2021,Italian Grand Prix,R,HAM,4.0,4.0,no_advantage,329.0,64.0,240.2902966469193,100.0,0.1551724137931034,117,754,300.6096997690531,327.0,0.9320113314447592,1.0252050091137952,0,0,1,0,0
2021,Italian Grand Prix,R,ALO,7.0,5.0,no_advantage,326.0,63.0,235.89770991401105,100.0,0.1344647519582245,103,766,300.6096997690531,327.0,0.9235127478753541,1.0064639197548626,0,0,1,0,0
2021,Italian Grand Prix,R,VER,22.0,2.0,no_advantage,333.0,62.0,237.103494217684,100.0,0.1594771241830065,122,765,300.6096997690531,327.0,0.943342776203966,1.0116084308952884,0,0,1,0,0
2021,Italian Grand Prix,S,NOR,6.0,11.0,clear_violation,337.0,65.0,244.189135782907,100.0,0.1376518218623481,102,741,303.78299120234607,328.0,0.9970414201183432,1.1289965997806493,1,0,0,0,0
2021,Italian Grand Prix,S,NOR,7.0,11.0,clear_violation,338.0,61.0,243.9682793132121,100.0,0.1415094339622641,105,742,303.78299120234607,328.0,1.0,1.1279754806283755,1,0,0,0,0
2021,Italian Grand Prix,S,TSU,3.0,5.0,no_advantage,319.34166826666666,44.0,160.7084960067578,100.0,0.2059086839749328,230,1117,303.78299120234607,328.0,0.9447978351084813,0.7430279195909754,1,0,0,0,0
2021,Italian Grand Prix,SQ,NOR,6.0,11.0,clear_violation,337.0,65.0,244.189135782907,100.0,0.1376518218623481,102,741,303.78299120234607,328.0,0.9970414201183432,1.1289965997806493,0,1,0,0,0
2021,Italian Grand Prix,SQ,NOR,7.0,11.0,clear_violation,338.0,61.0,243.9682793132121,100.0,0.1415094339622641,105,742,303.78299120234607,328.0,1.0,1.1279754806283755,0,1,0,0,0
2021,Italian Grand Prix,SQ,TSU,3.0,5.0,no_advantage,319.34166826666666,44.0,160.7084960067578,100.0,0.2059086839749328,230,1117,303.78299120234607,328.0,0.9447978351084813,0.7430279195909754,0,1,0,0,0
2021,Mexico City Grand Prix,FP1,STR,5.0,11.0,clear_violation,344.0,57.0,186.7776714045446,100.0,0.2472067039106145,177,716,242.83135391923992,254.0,0.9913544668587896,1.0653197782040502,0,0,0,1,0
2021,Mexico City Grand Prix,FP1,MSC,2.0,11.0,clear_violation,339.0,61.0,173.250593739499,100.0,0.2487046632124352,192,772,242.83135391923992,254.0,0.9769452449567724,0.9881656769160913,0,0,0,1,0
2021,Mexico City Grand Prix,FP1,BOT,9.0,12.0,no_advantage,343.0,49.0,177.28081796302513,100.0,0.1494708994708994,113,756,242.83135391923992,254.0,0.9884726224783862,1.0111527799441622,0,0,0,1,0
2021,Mexico City Grand Prix,FP1,ALO,14.0,12.0,no_advantage,339.0,63.0,185.04041963494632,100.0,0.1837016574585635,133,724,242.83135391923992,254.0,0.9769452449567724,1.0554110527340526,0,0,0,1,0
2021,Mexico City Grand Prix,FP1,OCO,10.0,4.0,no_advantage,293.0,38.0,143.9618523394116,100.0,0.19656283566058,183,931,242.83135391923992,254.0,0.8443804034582133,0.8211121139415519,0,0,0,1,0
2021,Mexico City Grand Prix,FP1,STR,13.0,12.0,no_advantage,347.0,44.0,170.9766533254907,100.0,0.2135549872122762,167,782,242.83135391923992,254.0,1.0,0.9751958519938516,0,0,0,1,0
2021,Mexico City Grand Prix,FP1,BOT,17.0,13.0,no_advantage,345.0,39.0,168.6536815265762,100.0,0.2233375156838143,178,797,242.83135391923992,254.0,0.9942363112391931,0.9619463678184447,0,0,0,1,0
2021,Mexico City Grand Prix,FP1,PER,13.0,12.0,no_advantage,338.0,57.0,182.72442267257,100.0,0.2021857923497267,148,732,242.83135391923992,254.0,0.9740634005763689,1.0422013507834587,0,0,0,1,0
2021,Mexico City Grand Prix,FP1,NOR,21.0,4.0,no_advantage,323.0,61.0,182.1814392474033,98.0,0.2182810368349249,160,733,242.83135391923992,254.0,0.930835734870317,1.0391043479259052,0,0,0,1,0
2021,Mexico City Grand Prix,FP1,LEC,17.0,12.0,no_advantage,339.0,46.0,182.4069659535744,100.0,0.1989100817438692,146,734,242.83135391923992,254.0,0.9769452449567724,1.0403906797384317,0,0,0,1,0
2021,Mexico City Grand Prix,FP2,LAT,2.0,11.0,clear_violation,341.0,61.0,189.13485200289944,100.0,0.2292545710267229,163,711,244.9486607142857,255.0,0.9742857142857143,1.1013524307420015,0,0,0,1,0
2021,Mexico City Grand Prix,FP2,MAZ,23.0,11.0,clear_violation,321.0,59.0,180.23687596022447,100.0,0.261455525606469,194,742,244.9486607142857,255.0,0.9171428571428571,1.0495385665096497,0,0,0,1,0
2021,Mexico City Grand Prix,FP2,MAZ,26.0,11.0,clear_violation,321.0,64.0,182.51142813976324,100.0,0.2673942701227831,196,733,244.9486607142857,255.0,0.9171428571428571,1.062783526628085,0,0,0,1,0
2021,Mexico City Grand Prix,FP2,STR,2.0,12.0,no_advantage,350.0,57.0,189.49259298913609,100.0,0.2372881355932203,168,708,244.9486607142857,255.0,1.0,1.103435594688759,0,0,0,1,0
2021,Mexico City Grand Prix,FP2,BOT,5.0,1.0,no_advantage,302.0,57.0,149.15707804885923,100.0,0.2436040044493882,219,899,244.9486607142857,255.0,0.8628571428571429,0.8685575859332748,0,0,0,1,0
2021,Mexico City Grand Prix,FP2,HAM,6.0,1.0,no_advantage,300.0,45.0,136.81559074948134,100.0,0.1736465781409601,170,979,244.9486607142857,255.0,0.8571428571428571,0.79669178810595,0,0,0,1,0
2021,Mexico City Grand Prix,FP2,MAZ,12.0,12.0,no_advantage,345.0,63.0,187.80108209283827,100.0,0.2542613636363636,179,704,244.9486607142857,255.0,0.9857142857142858,1.0935857461942278,0,0,0,1,0
2021,Mexico City Grand Prix,FP2,MSC,17.0,12.0,no_advantage,319.0,62.0,176.96048683342343,100.0,0.2189973614775725,166,758,244.9486607142857,255.0,0.9114285714285715,1.0304598029150709,0,0,0,1,0
2021,Mexico City Grand Prix,FP2,LAT,10.0,16.0,no_advantage,319.0,0.0,139.32081882049246,100.0,0.2814122533748702,271,963,244.9486607142857,255.0,0.9114285714285715,0.811279998561889,0,0,0,1,0
2021,Mexico City Grand Prix,FP2,VET,24.0,12.0,no_advantage,324.0,62.0,185.86555403474296,100.0,0.2222222222222222,160,720,244.9486607142857,255.0,0.9257142857142857,1.0823149597210928,0,0,0,1,0
2021,Mexico City Grand Prix,FP3,NOR,6.0,1.0,clear_violation,339.0,62.0,177.67182278859232,100.0,0.2201591511936339,166,754,244.5,256.0,0.9390581717451524,1.0209797173338917,0,0,0,1,0
2021,Mexico City Grand Prix,FP3,NOR,11.0,1.0,clear_violation,339.0,37.0,142.3677875685282,100.0,0.1627659574468085,153,940,244.5,256.0,0.9390581717451524,0.8181073466112948,0,0,0,1,0
2021,Mexico City Grand Prix,FP3,MAZ,5.0,11.0,clear_violation,302.0,45.0,134.82119424873673,100.0,0.19,190,1000,244.5,256.0,0.8365650969529086,0.7747413328363225,0,0,0,1,0
2021,Mexico City Grand Prix,FP3,ALO,10.0,12.0,clear_violation,361.0,61.0,194.59822567631795,100.0,0.2089985486211901,144,689,244.5,256.0,1.0,1.1182462043015666,0,0,0,1,0
2021,Mexico City Grand Prix,FP3,LEC,2.0,8.0,no_advantage,340.0,58.0,171.77119660310424,100.0,0.2206451612903225,171,775,244.5,256.0,0.9418282548476454,0.9870721479714671,0,0,0,1,0
2021,Mexico City Grand Prix,FP3,MAZ,2.0,8.0,no_advantage,341.0,59.0,179.49593895535497,100.0,0.2606951871657754,195,748,244.5,256.0,0.9445983379501385,1.0314618837184935,0,0,0,1,0
2021,Mexico City Grand Prix,FP3,GAS,4.0,12.0,no_advantage,306.0,53.0,165.6317110740887,100.0,0.207663782447466,168,809,244.5,256.0,0.8476454293628809,0.9517919887340157,0,0,0,1,0
2021,Mexico City Grand Prix,FP3,STR,10.0,12.0,no_advantage,343.0,61.0,192.10071015552467,100.0,0.2177650429799427,152,698,244.5,256.0,0.9501385041551247,1.1038943917832102,0,0,0,1,0
2021,Mexico City Grand Prix,FP3,VET,7.0,12.0,no_advantage,344.0,57.0,185.4196457367814,100.0,0.1939058171745152,140,722,244.5,256.0,0.9529085872576177,1.0655020842429512,0,0,0,1,0
2021,Mexico City Grand Prix,FP3,ALO,10.0,12.0,no_advantage,361.0,61.0,194.59822567631795,100.0,0.2089985486211901,144,689,244.5,256.0,1.0,1.1182462043015666,0,0,0,1,0
2021,Mexico City Grand Prix,FP3,VET,16.0,12.0,no_advantage,342.0,60.0,175.7535869264289,100.0,0.1944444444444444,147,756,244.5,256.0,0.9473684210526315,1.0099566981652208,0,0,0,1,0
2021,Mexico City Grand Prix,Q,TSU,15.0,11.0,clear_violation,340.0,60.0,138.89593307507047,100.0,0.1671858774662513,161,963,249.62616822429908,259.0,0.9798270893371758,0.8323852162767419,0,1,0,0,0
2021,Mexico City Grand Prix,Q,MSC,2.0,12.0,clear_violation,340.0,58.0,188.4515997131845,100.0,0.2159887798036465,154,713,249.62616822429908,259.0,0.9798270893371758,1.1293658648750717,0,1,0,0,0
2021,Mexico City Grand Prix,Q,SAI,5.0,12.0,no_advantage,344.0,64.0,195.1046371752801,100.0,0.2111436950146627,144,682,249.62616822429908,259.0,0.9913544668587896,1.169236650895787,0,1,0,0,0
2021,Mexico City Grand Prix,Q,GIO,12.0,7.0,no_advantage,286.0,61.0,143.53606038236447,100.0,0.2242489270386266,209,932,249.62616822429908,259.0,0.8242074927953891,0.860192894203107,0,1,0,0,0
2021,Mexico City Grand Prix,Q,NOR,17.0,1.0,no_advantage,347.0,60.0,168.3366132424564,99.0,0.2065491183879093,164,794,249.62616822429908,259.0,1.0,1.008819373749293,0,1,0,0,0
2021,Mexico City Grand Prix,R,MAZ,33.0,11.0,clear_violation,326.0,60.0,182.43776311401808,100.0,0.2398884239888424,172,717,244.5162074554295,256.0,1.0,1.0,0,0,1,0,0
2021,Monaco Grand Prix,FP1,LAT,32.0,10.0,clear_violation,281.0,46.0,151.70144875852156,100.0,0.3049853372434017,208,682,257.3622704507512,273.0,0.9756944444444444,1.1206841198480606,0,0,0,1,0
2021,Monaco Grand Prix,FP1,MAZ,17.0,10.0,clear_violation,268.63333546666667,41.0,120.94427895867388,99.0,0.0,0,855,257.3622704507512,273.0,0.932754637037037,0.8934676229177805,0,0,0,1,0
2021,Monaco Grand Prix,FP1,MAZ,28.0,10.0,clear_violation,272.0,29.0,125.6207799948846,99.0,0.0,0,820,257.3622704507512,273.0,0.9444444444444444,0.9280149557918178,0,0,0,1,0
2021,Monaco Grand Prix,FP1,PER,27.0,10.0,clear_violation,273.0,39.0,124.18642797657198,100.0,0.2524038461538461,210,832,257.3622704507512,273.0,0.9479166666666666,0.9174187779546917,0,0,0,1,0
2021,Monaco Grand Prix,FP1,PER,29.0,10.0,clear_violation,271.0,39.0,117.7922496774134,100.0,0.2522831050228311,221,876,257.3622704507512,273.0,0.9409722222222222,0.8701822212969453,0,0,0,1,0
2021,Monaco Grand Prix,FP1,ALO,30.0,10.0,clear_violation,284.0,46.0,148.1408475836693,100.0,0.2818311874105865,197,699,257.3622704507512,273.0,0.9861111111111112,1.0943804211924133,0,0,0,1,0
2021,Monaco Grand Prix,FP1,HAM,9.0,10.0,clear_violation,270.43749866666667,46.0,143.12109527491197,100.0,0.3208333333333333,231,720,257.3622704507512,273.0,0.9390190925925926,1.0572973429223451,0,0,0,1,0
2021,Monaco Grand Prix,FP1,SAI,12.0,10.0,clear_violation,281.0,45.0,147.36840699914325,100.0,0.2204836415362731,155,703,257.3622704507512,273.0,0.9756944444444444,1.0886740689875476,0,0,0,1,0
2021,Monaco Grand Prix,FP1,SAI,27.0,10.0,clear_violation,278.0,39.0,126.52817680139673,100.0,0.2053789731051344,168,818,257.3622704507512,273.0,0.9652777777777778,0.9347182878943193,0,0,0,1,0
2021,Monaco Grand Prix,FP1,RUS,14.0,10.0,clear_violation,276.0,41.0,139.9748585315138,100.0,0.2100271002710027,155,738,257.3622704507512,273.0,0.9583333333333334,1.0340547332804202,0,0,0,1,0
2021,Monaco Grand Prix,FP1,GIO,23.0,10.0,clear_violation,276.0,47.0,137.75702060163766,100.0,0.2931726907630522,219,747,257.3622704507512,273.0,0.9583333333333334,1.0176706066372705,0,0,0,1,0
2021,Monaco Grand Prix,FP1,RAI,14.0,1.0,no_advantage,288.0,47.0,138.72486393622813,100.0,0.2768817204301075,206,744,257.3622704507512,273.0,1.0,1.0248204833487506,0,0,0,1,0
2021,Monaco Grand Prix,FP1,ALO,19.0,1.0,no_advantage,270.0,23.0,137.88504226124064,100.0,0.2663989290495314,199,747,257.3622704507512,273.0,0.9375,1.0186163579276357,0,0,0,1,0
2021,Monaco Grand Prix,FP2,NOR,20.0,10.0,clear_violation,279.0,42.0,139.2443233127379,100.0,0.2547169811320754,189,742,262.3052631578948,275.0,0.9789473684210527,1.088160577047804,0,0,0,1,0
2021,Monaco Grand Prix,FP2,VET,7.0,10.0,clear_violation,279.0,27.0,112.91620096494242,100.0,0.2306010928961748,211,915,262.3052631578948,275.0,0.9789473684210527,0.8824126935795699,0,0,0,1,0
2021,Monaco Grand Prix,FP2,VET,14.0,10.0,clear_violation,285.0,46.0,133.59658828661554,100.0,0.2805194805194805,216,770,262.3052631578948,275.0,1.0,1.0440248991341308,0,0,0,1,0
2021,Monaco Grand Prix,FP2,VET,18.0,10.0,clear_violation,269.45,30.0,108.07131103921904,100.0,0.2450261780104712,234,955,262.3052631578948,275.0,0.9454385964912281,0.8445510551882692,0,0,0,1,0
2021,Monaco Grand Prix,FP2,MAZ,15.0,10.0,clear_violation,281.0,32.0,105.2242858534921,98.0,0.0,0,987,262.3052631578948,275.0,0.9859649122807017,0.8223022446424187,0,0,0,1,0
2021,Monaco Grand Prix,FP2,MAZ,22.0,10.0,clear_violation,278.0,45.0,149.3776232275049,99.0,0.0,0,693,262.3052631578948,275.0,0.9754385964912281,1.1673498554350157,0,0,0,1,0
2021,Monaco Grand Prix,FP2,PER,7.0,10.0,clear_violation,279.0,37.0,124.71318945967325,100.0,0.2898550724637681,240,828,262.3052631578948,275.0,0.9789473684210527,0.9746032942622355,0,0,0,1,0
2021,Monaco Grand Prix,FP2,PER,14.0,10.0,clear_violation,268.0916672,30.0,127.9260150767643,100.0,0.2855377008652657,231,809,262.3052631578948,275.0,0.9406725164912282,0.9997107463599108,0,0,0,1,0
2021,Monaco Grand Prix,FP2,PER,16.0,10.0,clear_violation,279.0,37.0,112.13865510730638,100.0,0.2383025027203482,219,919,262.3052631578948,275.0,0.9789473684210527,0.87633636149653,0,0,0,1,0
2021,Monaco Grand Prix,FP2,PER,18.0,10.0,clear_violation,267.28333226666666,34.0,114.19498768717402,100.0,0.2713178294573643,245,903,262.3052631578948,275.0,0.9378362535672514,0.8924061013141121,0,0,0,1,0
2021,Monaco Grand Prix,FP2,LEC,6.0,10.0,clear_violation,284.0,31.0,135.15680032346427,100.0,0.3045751633986928,233,765,262.3052631578948,275.0,0.9964912280701754,1.0562175773700766,0,0,0,1,0
2021,Monaco Grand Prix,FP2,LEC,26.0,10.0,clear_violation,277.0,44.0,134.6935687140912,100.0,0.3050847457627119,234,767,262.3052631578948,275.0,0.9719298245614035,1.0525975348191854,0,0,0,1,0
2021,Monaco Grand Prix,FP2,STR,8.0,10.0,clear_violation,279.0,37.0,116.17786993235556,100.0,0.2283464566929134,203,889,262.3052631578948,275.0,0.9789473684210527,0.9079018446004541,0,0,0,1,0
2021,Monaco Grand Prix,FP2,STR,17.0,10.0,clear_violation,279.0,33.0,107.79997484201186,100.0,0.1561844863731656,149,954,262.3052631578948,275.0,0.9789473684210527,0.8424306286897054,0,0,0,1,0
2021,Monaco Grand Prix,FP2,TSU,8.0,10.0,clear_violation,284.0,39.0,124.79053998001608,100.0,0.2405832320777642,198,823,262.3052631578948,275.0,0.9964912280701754,0.9752077697973864,0,0,0,1,0
2021,Monaco Grand Prix,FP2,OCO,16.0,10.0,clear_violation,274.0,32.0,105.81053820959232,100.0,0.3138461538461538,306,975,262.3052631578948,275.0,0.9614035087719298,0.8268836644585563,0,0,0,1,0
2021,Monaco Grand Prix,FP2,HAM,4.0,10.0,clear_violation,282.0,42.0,140.32272201116152,100.0,0.2934782608695652,216,736,262.3052631578948,275.0,0.9894736842105263,1.09658800103211,0,0,0,1,0
2021,Monaco Grand Prix,FP2,HAM,16.0,10.0,clear_violation,283.0,44.0,130.71965739605477,100.0,0.2351453855878634,186,791,262.3052631578948,275.0,0.9929824561403509,1.0215423827663495,0,0,0,1,0
2021,Monaco Grand Prix,FP2,HAM,19.0,10.0,clear_violation,278.0,47.0,125.30443797823186,100.0,0.3211678832116788,264,822,262.3052631578948,275.0,0.9754385964912281,0.979223757874877,0,0,0,1,0
2021,Monaco Grand Prix,FP2,HAM,20.0,10.0,clear_violation,282.0,46.0,149.52050755269337,100.0,0.291907514450867,202,692,262.3052631578948,275.0,0.9894736842105263,1.1684664617429008,0,0,0,1,0
2021,Monaco Grand Prix,FP2,HAM,24.0,10.0,clear_violation,277.0,48.0,153.40472593573594,100.0,0.2925373134328358,196,670,262.3052631578948,275.0,0.9719298245614035,1.1988206852869254,0,0,0,1,0
2021,Monaco Grand Prix,FP2,SAI,6.0,10.0,clear_violation,285.0,28.0,139.12083448420358,100.0,0.2255033557046979,168,745,262.3052631578948,275.0,1.0,1.0871955418368888,0,0,0,1,0
2021,Monaco Grand Prix,FP2,SAI,10.0,10.0,clear_violation,276.0,37.0,128.51206993059128,100.0,0.241635687732342,195,807,262.3052631578948,275.0,0.968421052631579,1.004290622743738,0,0,0,1,0
2021,Monaco Grand Prix,FP2,SAI,20.0,10.0,clear_violation,272.9375008,29.0,114.41097336932336,100.0,0.2397790055248618,217,905,262.3052631578948,275.0,0.9576754414035088,0.894093976977049,0,0,0,1,0
2021,Monaco Grand Prix,FP2,RUS,4.0,10.0,clear_violation,271.0,43.0,143.0354063250892,100.0,0.2468965517241379,179,725,262.3052631578948,275.0,0.9508771929824561,1.1177869702838934,0,0,0,1,0
2021,Monaco Grand Prix,FP2,RUS,16.0,10.0,clear_violation,270.04166933333335,35.0,122.13716596561974,100.0,0.2056737588652482,174,846,262.3052631578948,275.0,0.9475146292397661,0.9544722961354233,0,0,0,1,0
2021,Monaco Grand Prix,FP2,BOT,17.0,10.0,clear_violation,282.0,48.0,156.68080594803612,100.0,0.2712121212121212,179,660,262.3052631578948,275.0,0.9894736842105263,1.2244224551244842,0,0,0,1,0
2021,Monaco Grand Prix,FP3,RIC,9.0,10.0,clear_violation,281.0,43.0,137.14063044351428,100.0,0.1117021276595744,84,752,264.93384223918576,273.0,0.9689655172413794,1.0473712160220012,0,0,0,1,0
2021,Monaco Grand Prix,FP3,RIC,11.0,10.0,clear_violation,284.0,43.0,129.3090161426669,100.0,0.1360799001248439,109,801,264.93384223918576,273.0,0.9793103448275862,0.9875595659868039,0,0,0,1,0
2021,Monaco Grand Prix,FP3,RIC,15.0,10.0,clear_violation,279.0,45.0,153.9772807567984,100.0,0.180327868852459,121,671,264.93384223918576,273.0,0.9620689655172414,1.175956179175024,0,0,0,1,0
2021,Monaco Grand Prix,FP3,RIC,17.0,10.0,clear_violation,277.0,38.0,125.08340934624674,100.0,0.1426844014510278,118,827,264.93384223918576,273.0,0.9551724137931035,0.9552877373209708,0,0,0,1,0
2021,Monaco Grand Prix,FP3,RIC,23.0,10.0,clear_violation,288.0,44.0,150.045534218718,100.0,0.2122093023255813,146,688,264.93384223918576,273.0,0.993103448275862,1.1459286217738227,0,0,0,1,0
2021,Monaco Grand Prix,FP3,VET,7.0,10.0,clear_violation,270.1714304,35.0,110.06360278636284,100.0,0.2513312034078807,236,939,264.93384223918576,273.0,0.9316256220689656,0.8405783837897409,0,0,0,1,0
2021,Monaco Grand Prix,FP3,VET,11.0,10.0,clear_violation,280.0,43.0,129.04525195515873,100.0,0.25625,205,800,264.93384223918576,273.0,0.9655172413793104,0.9855451446083979,0,0,0,1,0
2021,Monaco Grand Prix,FP3,LAT,3.0,10.0,clear_violation,286.0,47.0,147.8500186116406,100.0,0.2928571428571428,205,700,264.93384223918576,273.0,0.9862068965517241,1.129161017280951,0,0,0,1,0
2021,Monaco Grand Prix,FP3,RAI,8.0,10.0,clear_violation,274.4500010666667,21.0,134.50550292916697,100.0,0.2555410691003911,196,767,264.93384223918576,273.0,0.9463793140229886,1.027246204928285,0,0,0,1,0
2021,Monaco Grand Prix,FP3,RAI,10.0,10.0,clear_violation,288.0,30.0,120.51041659667057,100.0,0.2983682983682983,256,858,264.93384223918576,273.0,0.993103448275862,0.9203628506444717,0,0,0,1,0
2021,Monaco Grand Prix,FP3,MAZ,15.0,10.0,clear_violation,284.0,47.0,155.1579950201244,100.0,0.0,0,667,264.93384223918576,273.0,0.9793103448275862,1.184973536975954,0,0,0,1,0
2021,Monaco Grand Prix,FP3,PER,9.0,10.0,clear_violation,277.0,22.0,110.74115461917364,100.0,0.2607296137339056,243,932,264.93384223918576,273.0,0.9551724137931035,0.8457529865661316,0,0,0,1,0
2021,Monaco Grand Prix,FP3,LEC,4.0,10.0,clear_violation,281.0,41.0,128.3249296763609,100.0,0.2779156327543424,224,806,264.93384223918576,273.0,0.9689655172413794,0.9800438951345379,0,0,0,1,0
2021,Monaco Grand Prix,FP3,LEC,10.0,10.0,clear_violation,286.0,34.0,127.580962786587,100.0,0.2428748451053283,196,807,264.93384223918576,273.0,0.9862068965517241,0.9743620669009747,0,0,0,1,0
2021,Monaco Grand Prix,FP3,LEC,14.0,10.0,clear_violation,284.0,32.0,121.712805466107,100.0,0.2702702702702703,230,851,264.93384223918576,273.0,0.9793103448275862,0.9295457418725506,0,0,0,1,0
2021,Monaco Grand Prix,FP3,LEC,19.0,10.0,clear_violation,282.0,30.0,126.94091256818298,100.0,0.2723926380368098,222,815,264.93384223918576,273.0,0.9724137931034482,0.9694738716710347,0,0,0,1,0
2021,Monaco Grand Prix,FP3,LEC,25.0,10.0,clear_violation,273.2250016,39.0,114.62349440112494,100.0,0.2364039955604883,213,901,264.93384223918576,273.0,0.9421551779310344,0.8754032144036633,0,0,0,1,0
2021,Monaco Grand Prix,FP3,STR,21.0,10.0,clear_violation,279.0,32.0,118.0160496297607,99.0,0.2365714285714285,207,875,264.93384223918576,273.0,0.9620689655172414,0.9013128568177804,0,0,0,1,0
2021,Monaco Grand Prix,FP3,OCO,16.0,10.0,clear_violation,277.0,26.0,124.31312595885164,100.0,0.2777777777777778,230,828,264.93384223918576,273.0,0.9551724137931035,0.9494049245795649,0,0,0,1,0
2021,Monaco Grand Prix,FP3,VER,9.0,10.0,clear_violation,278.0,39.0,121.72097257767344,100.0,0.2237926972909305,190,849,264.93384223918576,273.0,0.9586206896551724,0.929608115784243,0,0,0,1,0
2021,Monaco Grand Prix,FP3,VER,15.0,10.0,clear_violation,290.0,29.0,149.97111365391285,100.0,0.244927536231884,169,690,264.93384223918576,273.0,1.0,1.1453602566058565,0,0,0,1,0
2021,Monaco Grand Prix,FP3,VER,17.0,10.0,clear_violation,279.0,28.0,119.26709022264006,100.0,0.2664359861591695,231,867,264.93384223918576,273.0,0.9620689655172414,0.9108673112695311,0,0,0,1,0
2021,Monaco Grand Prix,FP3,HAM,6.0,10.0,clear_violation,274.0,47.0,139.49147366790595,100.0,0.3122476446837147,232,743,264.93384223918576,273.0,0.9448275862068966,1.0653250894922148,0,0,0,1,0
2021,Monaco Grand Prix,FP3,HAM,16.0,10.0,clear_violation,286.0,17.0,143.66945372220468,100.0,0.3005540166204986,217,722,264.93384223918576,273.0,0.9862068965517241,1.097233182927653,0,0,0,1,0
2021,Monaco Grand Prix,FP3,HAM,18.0,10.0,clear_violation,284.0,47.0,153.5331162821996,100.0,0.2878338278931751,194,674,264.93384223918576,273.0,0.9793103448275862,1.172564003680644,0,0,0,1,0
2021,Monaco Grand Prix,FP3,SAI,6.0,10.0,clear_violation,277.0,32.0,111.53041652007644,100.0,0.2105263157894736,196,931,264.93384223918576,273.0,0.9551724137931035,0.8517807421206672,0,0,0,1,0
2021,Monaco Grand Prix,FP3,SAI,7.0,10.0,clear_violation,286.0,47.0,150.5936134992903,100.0,0.2441860465116279,168,688,264.93384223918576,273.0,0.9862068965517241,1.1501144160254098,0,0,0,1,0
2021,Monaco Grand Prix,FP3,SAI,18.0,10.0,clear_violation,281.0,28.0,133.6150075428073,100.0,0.2364341085271318,183,774,264.93384223918576,273.0,0.9689655172413794,1.0204453084131004,0,0,0,1,0
2021,Monaco Grand Prix,FP3,SAI,26.0,10.0,clear_violation,277.0,38.0,119.16025256897828,100.0,0.2039170506912442,177,868,264.93384223918576,273.0,0.9551724137931035,0.910051370123054,0,0,0,1,0
2021,Monaco Grand Prix,FP3,RUS,6.0,10.0,clear_violation,281.0,32.0,113.09238316240992,100.0,0.1956284153005464,179,915,264.93384223918576,273.0,0.9689655172413794,0.863709802795654,0,0,0,1,0
2021,Monaco Grand Prix,FP3,RUS,21.0,10.0,clear_violation,280.0,41.0,129.1360764625694,100.0,0.1822721598002497,146,801,264.93384223918576,273.0,0.9655172413793104,0.9862387900617087,0,0,0,1,0
2021,Monaco Grand Prix,FP3,BOT,4.0,10.0,clear_violation,275.0,37.0,138.3762978480258,100.0,0.2939597315436241,219,745,264.93384223918576,273.0,0.9482758620689655,1.0568082622706334,0,0,0,1,0
2021,Monaco Grand Prix,FP3,LEC,19.0,1.0,no_advantage,282.0,30.0,126.94091256818298,100.0,0.2723926380368098,222,815,264.93384223918576,273.0,0.9724137931034482,0.9694738716710347,0,0,0,1,0
2021,Monaco Grand Prix,FP3,BOT,13.0,1.0,no_advantage,271.57499946666667,45.0,136.84971832474247,100.0,0.309933774834437,234,755,264.93384223918576,273.0,0.9364655154022988,1.0451494603059295,0,0,0,1,0
2021,Monaco Grand Prix,Q,SAI,10.0,10.0,clear_violation,284.0,44.0,144.82632378160434,100.0,0.2343096234309623,168,717,267.9625360230548,277.0,0.9861111111111112,1.0552304876753456,0,1,0,0,0
2021,Monaco Grand Prix,Q,SAI,12.0,10.0,clear_violation,281.0,25.0,119.09013692186,100.0,0.1869266055045871,163,872,267.9625360230548,277.0,0.9756944444444444,0.8677120290015959,0,1,0,0,0
2021,Monaco Grand Prix,Q,SAI,16.0,10.0,clear_violation,286.0,34.0,136.65156356397188,100.0,0.2257217847769028,172,762,267.9625360230548,277.0,0.9930555555555556,0.9956677232148627,0,1,0,0,0
2021,Monaco Grand Prix,Q,HAM,10.0,10.0,clear_violation,286.0,37.0,139.04511194605251,100.0,0.3073825503355705,229,745,267.9625360230548,277.0,0.9930555555555556,1.0131075446544118,0,1,0,0,0
2021,Monaco Grand Prix,Q,HAM,21.0,10.0,clear_violation,284.0,48.0,155.1166657335817,100.0,0.2878560719640179,192,667,267.9625360230548,277.0,0.9861111111111112,1.1302077588840371,0,1,0,0,0
2021,Monaco Grand Prix,Q,VET,21.0,10.0,clear_violation,268.0,48.0,143.27980372900103,100.0,0.2559109874826147,184,719,267.9625360230548,277.0,0.9305555555555556,1.043962266079324,0,1,0,0,0
2021,Monaco Grand Prix,Q,RAI,14.0,10.0,clear_violation,287.0,28.0,127.33445216876513,100.0,0.3083538083538084,251,814,267.9625360230548,277.0,0.9965277777777778,0.9277815838406729,0,1,0,0,0
2021,Monaco Grand Prix,Q,RUS,13.0,10.0,clear_violation,288.0,48.0,153.56280808672102,100.0,0.2270029673590504,153,674,267.9625360230548,277.0,1.0,1.1188860742644133,0,1,0,0,0
2021,Monaco Grand Prix,Q,RAI,5.0,1.0,no_advantage,285.0,35.0,116.30850100300476,100.0,0.2895622895622896,258,891,267.9625360230548,277.0,0.9895833333333334,0.8474445323853372,0,1,0,0,0
2021,Monaco Grand Prix,R,NOR,10.0,10.0,clear_violation,282.0,42.0,153.10842345885715,99.0,0.2789317507418398,188,674,257.68334524660474,275.0,0.9591836734693877,1.0327654789698066,0,0,1,0,0
2021,Monaco Grand Prix,R,NOR,18.0,10.0,clear_violation,287.0,42.0,154.26077010244208,99.0,0.2645739910313901,177,669,257.68334524660474,275.0,0.9761904761904762,1.0405384270964722,0,0,1,0,0
2021,Monaco Grand Prix,R,GAS,19.0,10.0,clear_violation,284.0,47.0,152.97079458019016,100.0,0.2806499261447562,190,677,257.68334524660474,275.0,0.9659863945578231,1.031837127990902,0,0,1,0,0
2021,Monaco Grand Prix,R,HAM,64.0,10.0,clear_violation,284.0,45.0,154.7892846729491,100.0,0.2705530642750374,181,669,257.68334524660474,275.0,0.9659863945578231,1.0441034275792762,0,0,1,0,0
2021,Monaco Grand Prix,R,STR,45.0,10.0,clear_violation,289.0,42.0,151.8997650046214,100.0,0.2781065088757396,188,676,257.68334524660474,275.0,0.9829931972789115,1.0246126895987169,0,0,1,0,0
2021,Monaco Grand Prix,R,GIO,37.0,10.0,clear_violation,283.0,44.0,156.50893667779724,100.0,0.2897897897897898,193,666,257.68334524660474,275.0,0.9625850340136054,1.0557030325280243,0,0,1,0,0
2021,Monaco Grand Prix,R,RIC,46.0,10.0,clear_violation,288.0,39.0,143.6068799026934,99.0,0.2813370473537604,202,718,257.68334524660474,275.0,0.9795918367346939,0.9686745167611153,0,0,1,0,0
2021,Monaco Grand Prix,R,RUS,56.0,10.0,clear_violation,287.0,46.0,141.7579369764952,100.0,0.2802197802197802,204,728,257.68334524660474,275.0,0.9761904761904762,0.9562028030328626,0,0,1,0,0
2021,Monaco Grand Prix,R,LAT,45.0,10.0,clear_violation,289.0,46.0,155.54159359417295,100.0,0.3063063063063063,204,666,257.68334524660474,275.0,0.9829931972789115,1.0491779928174834,0,0,1,0,0
2021,Monaco Grand Prix,R,LAT,56.0,10.0,clear_violation,286.0,47.0,153.22153478314888,100.0,0.3120356612184249,210,673,257.68334524660474,275.0,0.9727891156462585,1.0335284511719236,0,0,1,0,0
2021,Monaco Grand Prix,R,TSU,34.0,10.0,clear_violation,284.0,48.0,153.65010187740862,100.0,0.263001485884101,177,673,257.68334524660474,275.0,0.9659863945578231,1.03641927383455,0,0,1,0,0
2021,Monaco Grand Prix,R,TSU,74.0,10.0,clear_violation,294.0,45.0,152.8675969095807,100.0,0.2644873699851411,178,673,257.68334524660474,275.0,1.0,1.0311410265661218,0,0,1,0,0
2021,Monaco Grand Prix,R,MAZ,7.0,10.0,clear_violation,288.0,47.0,148.54912091171082,100.0,0.0,0,695,257.68334524660474,275.0,0.9795918367346939,1.0020115193084222,0,0,1,0,0
2021,Monaco Grand Prix,R,MAZ,12.0,10.0,clear_violation,287.0,47.0,150.14097358463906,100.0,0.0,0,690,257.68334524660474,275.0,0.9761904761904762,1.0127490767273182,0,0,1,0,0
2021,Monaco Grand Prix,R,MAZ,39.0,10.0,clear_violation,282.0,38.0,145.83923603982657,100.0,0.0,0,710,257.68334524660474,275.0,0.9591836734693877,0.9837324757101672,0,0,1,0,0
2021,Monaco Grand Prix,R,MAZ,42.0,10.0,clear_violation,284.0,40.0,146.76492550379913,100.0,0.0,0,703,257.68334524660474,275.0,0.9659863945578231,0.989976548381282,0,0,1,0,0
2021,Monaco Grand Prix,R,MAZ,43.0,10.0,clear_violation,284.0,36.0,143.06159978159366,100.0,0.0,0,723,257.68334524660474,275.0,0.9659863945578231,0.964996427256186,0,0,1,0,0
2021,Monaco Grand Prix,R,MAZ,46.0,10.0,clear_violation,287.0,46.0,143.25515553401644,100.0,0.0,0,717,257.68334524660474,275.0,0.9761904761904762,0.9663020229565557,0,0,1,0,0
2021,Monaco Grand Prix,R,MAZ,68.0,10.0,clear_violation,285.0,45.0,146.80681347992203,100.0,0.0,0,705,257.68334524660474,275.0,0.9693877551020408,0.9902590962303575,0,0,1,0,0
2021,Monaco Grand Prix,R,MSC,25.0,10.0,clear_violation,284.0,42.0,143.4833313297309,100.0,0.3101529902642559,223,719,257.68334524660474,275.0,0.9659863945578231,0.967841141965339,0,0,1,0,0
2021,Monaco Grand Prix,R,MSC,26.0,10.0,clear_violation,267.0,44.0,141.59858424621405,100.0,0.3305898491083676,241,729,257.68334524660474,275.0,0.9081632653061225,0.9551279176993449,0,0,1,0,0
2021,Monaco Grand Prix,R,MSC,38.0,10.0,clear_violation,286.0,42.0,136.32286019504997,100.0,0.3311258278145695,250,755,257.68334524660474,275.0,0.9727891156462585,0.9195414649521705,0,0,1,0,0
2021,Monaco Grand Prix,R,MSC,39.0,10.0,clear_violation,284.0,28.0,139.76474169745353,100.0,0.3342318059299191,248,742,257.68334524660474,275.0,0.9659863945578231,0.9427580608656039,0,0,1,0,0
2021,Portuguese Grand Prix,FP1,RIC,7.0,1.0,clear_violation,310.0,69.0,199.0445458657631,99.0,0.1752717391304347,129,736,279.8343685300207,306.0,0.950920245398773,1.0101028883981296,0,0,0,1,0
2021,Portuguese Grand Prix,FP1,NOR,20.0,4.0,clear_violation,316.0,73.0,206.0860703488748,100.0,0.1745810055865921,125,716,279.8343685300207,306.0,0.9693251533742331,1.0458369206378981,0,0,0,1,0
2021,Portuguese Grand Prix,FP1,VET,25.0,1.0,clear_violation,298.0,72.0,197.4372854590161,100.0,0.215528781793842,161,747,279.8343685300207,306.0,0.9141104294478528,1.0019464308966113,0,0,0,1,0
2021,Portuguese Grand Prix,FP1,VET,29.0,1.0,clear_violation,296.0,75.0,199.81078386711303,100.0,0.1872455902306648,138,737,279.8343685300207,306.0,0.9079754601226994,1.013991360774991,0,0,0,1,0
2021,Portuguese Grand Prix,FP1,LAT,4.0,4.0,clear_violation,317.0,68.0,195.1780888390381,100.0,0.2290279627163781,172,751,279.8343685300207,306.0,0.9723926380368099,0.9904815549243852,0,0,0,1,0
2021,Portuguese Grand Prix,FP1,LAT,14.0,1.0,clear_violation,321.0,71.0,201.1876842699001,100.0,0.2176308539944903,158,726,279.8343685300207,306.0,0.9846625766871165,1.0209787970186837,0,0,0,1,0
2021,Portuguese Grand Prix,FP1,RAI,16.0,1.0,clear_violation,313.0,70.0,205.277515982716,100.0,0.2033426183844011,146,718,279.8343685300207,306.0,0.9601226993865031,1.041733702952975,0,0,0,1,0
2021,Portuguese Grand Prix,FP1,MAZ,15.0,4.0,clear_violation,314.0,62.0,189.0836921101004,100.0,0.229086229086229,178,777,279.8343685300207,306.0,0.9631901840490797,0.9595539667698435,0,0,0,1,0
2021,Portuguese Grand Prix,FP1,MAZ,18.0,1.0,clear_violation,312.0,74.0,200.5578139004563,100.0,0.2160326086956521,159,736,279.8343685300207,306.0,0.9570552147239264,1.0177823573638103,0,0,0,1,0
2021,Portuguese Grand Prix,FP1,MAZ,22.0,1.0,clear_violation,293.0,73.0,191.8693447765751,100.0,0.2299741602067183,178,774,279.8343685300207,306.0,0.8987730061349694,0.9736904797410539,0,0,0,1,0
2021,Portuguese Grand Prix,FP1,MAZ,26.0,4.0,clear_violation,297.0,67.0,195.05290064540588,100.0,0.2318840579710145,176,759,279.8343685300207,306.0,0.911042944785276,0.9898462551454776,0,0,0,1,0
2021,Portuguese Grand Prix,FP1,MAZ,27.0,4.0,clear_violation,297.0,72.0,195.4942594826096,100.0,0.2350597609561753,177,753,279.8343685300207,306.0,0.911042944785276,0.9920860444064212,0,0,0,1,0
2021,Portuguese Grand Prix,FP1,MAZ,28.0,1.0,clear_violation,299.0,49.0,168.25576234221646,100.0,0.2883295194508009,252,874,279.8343685300207,306.0,0.9171779141104295,0.8538572649266222,0,0,0,1,0
2021,Portuguese Grand Prix,FP1,GAS,2.0,4.0,clear_violation,303.0,68.0,187.92084948358192,100.0,0.2209302325581395,171,774,279.8343685300207,306.0,0.9294478527607362,0.9536528219246543,0,0,0,1,0
2021,Portuguese Grand Prix,FP1,GAS,3.0,4.0,clear_violation,314.0,68.0,198.43173118901737,100.0,0.2068027210884353,152,735,279.8343685300207,306.0,0.9631901840490797,1.0069930022550997,0,0,0,1,0
2021,Portuguese Grand Prix,FP1,GAS,11.0,4.0,clear_violation,317.0,73.0,204.09343703632828,100.0,0.203626220362622,146,717,279.8343685300207,306.0,0.9723926380368099,1.0357247889250352,0,0,0,1,0
2021,Portuguese Grand Prix,FP1,GAS,13.0,4.0,clear_violation,315.0,73.0,204.91734029441685,100.0,0.1741573033707865,124,712,279.8343685300207,306.0,0.9662576687116564,1.0399058985210607,0,0,0,1,0
2021,Portuguese Grand Prix,FP1,GAS,15.0,4.0,clear_violation,319.0,64.0,176.69013163505636,100.0,0.1753325272067714,145,827,279.8343685300207,306.0,0.9785276073619632,0.8966596474157145,0,0,0,1,0
2021,Portuguese Grand Prix,FP1,ALO,18.0,1.0,clear_violation,318.0,71.0,197.3536738920301,100.0,0.2077747989276139,155,746,279.8343685300207,306.0,0.9754601226993865,1.0015221224336555,0,0,0,1,0
2021,Portuguese Grand Prix,FP1,ALO,20.0,1.0,clear_violation,317.0,73.0,204.2759564022488,100.0,0.1842105263157894,133,722,279.8343685300207,306.0,0.9723926380368099,1.0366510305253915,0,0,0,1,0
2021,Portuguese Grand Prix,FP1,ALO,23.0,1.0,clear_violation,310.0,71.0,199.43837981583,100.0,0.2891891891891892,214,740,279.8343685300207,306.0,0.950920245398773,1.0121015003610019,0,0,0,1,0
2021,Portuguese Grand Prix,FP1,LEC,3.0,4.0,clear_violation,300.0,70.0,198.35063758174795,100.0,0.2040816326530612,150,735,279.8343685300207,306.0,0.9202453987730062,1.0065814718281936,0,0,0,1,0
2021,Portuguese Grand Prix,FP1,LEC,7.0,1.0,clear_violation,326.0,63.0,185.4426053487649,100.0,0.2401524777636594,189,787,279.8343685300207,306.0,1.0,0.9410763328385247,0,0,0,1,0
2021,Portuguese Grand Prix,FP1,LEC,11.0,4.0,clear_violation,292.0,74.0,201.3065053916029,100.0,0.1804407713498622,131,726,279.8343685300207,306.0,0.8957055214723927,1.0215817854487996,0,0,0,1,0
2021,Portuguese Grand Prix,FP1,LEC,12.0,1.0,clear_violation,295.7083328,74.0,205.02954888210184,100.0,0.185133239831697,132,713,279.8343685300207,306.0,0.9070807754601227,1.0404753299417042,0,0,0,1,0
2021,Portuguese Grand Prix,FP1,LEC,19.0,1.0,clear_violation,309.0,75.0,205.30922521834623,100.0,0.1938633193863319,139,717,279.8343685300207,306.0,0.9478527607361963,1.0418946196480778,0,0,0,1,0
2021,Portuguese Grand Prix,FP1,STR,4.0,4.0,clear_violation,320.0,66.0,198.1571048977717,100.0,0.2228260869565217,164,736,279.8343685300207,306.0,0.9815950920245399,1.0055993403046515,0,0,0,1,0
2021,Portuguese Grand Prix,FP1,TSU,11.0,4.0,clear_violation,314.0,69.0,203.05249477301768,100.0,0.1791666666666666,129,720,279.8343685300207,306.0,0.9631901840490797,1.0304422589152211,0,0,0,1,0
2021,Portuguese Grand Prix,FP1,MSC,22.0,4.0,clear_violation,295.0,70.0,193.9456530812305,100.0,0.2117647058823529,162,765,279.8343685300207,306.0,0.9049079754601227,0.9842272417840182,0,0,0,1,0
2021,Portuguese Grand Prix,FP1,SAI,2.0,4.0,clear_violation,298.0,72.0,191.24235977929,100.0,0.2281616688396349,175,767,279.8343685300207,306.0,0.9141104294478528,0.9705086826514362,0,0,0,1,0
2021,Portuguese Grand Prix,FP1,SAI,4.0,4.0,clear_violation,297.0,72.0,200.98116532519663,100.0,0.202200825309491,147,727,279.8343685300207,306.0,0.911042944785276,1.0199307633654804,0,0,0,1,0
2021,Portuguese Grand Prix,FP1,SAI,25.0,1.0,clear_violation,312.0,71.0,193.4846313672305,100.0,0.2092105263157894,159,760,279.8343685300207,306.0,0.9570552147239264,0.9818876681830428,0,0,0,1,0
2021,Portuguese Grand Prix,FP1,RUS,24.0,1.0,clear_violation,307.0,72.0,199.6336322118173,100.0,0.2010869565217391,148,736,279.8343685300207,306.0,0.941717791411043,1.0130923590067165,0,0,0,1,0
2021,Portuguese Grand Prix,FP1,BOT,27.0,1.0,clear_violation,314.0,74.0,201.4955104477193,100.0,0.1958904109589041,143,730,279.8343685300207,306.0,0.9631901840490797,1.0225409403569365,0,0,0,1,0
2021,Portuguese Grand Prix,FP1,ILO,17.0,1.0,clear_violation,316.0,74.0,201.9923674573388,100.0,0.2216142270861833,162,731,279.8343685300207,306.0,0.9693251533742331,1.0250623694086822,0,0,0,1,0
2021,Portuguese Grand Prix,FP2,RIC,18.0,1.0,clear_violation,314.0,67.0,190.7679141335197,99.0,0.1533420707732634,117,763,280.1771428571429,305.0,0.98125,0.9880351571487879,0,0,0,1,0
2021,Portuguese Grand Prix,FP2,NOR,20.0,1.0,clear_violation,288.0,70.0,196.7563119930856,100.0,0.1911170928667564,142,743,280.1771428571429,305.0,0.9,1.0190505805082135,0,0,0,1,0
2021,Portuguese Grand Prix,FP2,VET,16.0,4.0,clear_violation,287.0,73.0,196.123506013343,100.0,0.2083333333333333,155,744,280.1771428571429,305.0,0.896875,1.0157731186851415,0,0,0,1,0
2021,Portuguese Grand Prix,FP2,RAI,7.0,1.0,clear_violation,314.0,55.0,179.60274314036005,100.0,0.2127921279212792,173,813,280.1771428571429,305.0,0.98125,0.9302079196548636,0,0,0,1,0
2021,Portuguese Grand Prix,FP2,RAI,13.0,4.0,clear_violation,315.0,71.0,191.2291322432334,100.0,0.2159685863874345,165,764,280.1771428571429,305.0,0.984375,0.9904239221021641,0,0,0,1,0
2021,Portuguese Grand Prix,FP2,MAZ,11.0,4.0,clear_violation,316.0,48.0,190.1679478682053,99.0,0.1763942931258106,136,771,280.1771428571429,305.0,0.9875,0.9849277804920457,0,0,0,1,0
2021,Portuguese Grand Prix,FP2,MAZ,13.0,1.0,clear_violation,313.0,74.0,202.17209535548008,100.0,0.2269601100412654,165,727,280.1771428571429,305.0,0.978125,1.0471002889188323,0,0,0,1,0
2021,Portuguese Grand Prix,FP2,MAZ,17.0,1.0,clear_violation,294.0,72.0,186.8830967804532,100.0,0.2337992376111817,184,787,280.1771428571429,305.0,0.91875,0.9679147079560325,0,0,0,1,0
2021,Portuguese Grand Prix,FP2,MAZ,20.0,1.0,clear_violation,292.0,70.0,191.19241588248207,100.0,0.2203389830508474,169,767,280.1771428571429,305.0,0.9125,0.9902337588064671,0,0,0,1,0
2021,Portuguese Grand Prix,FP2,MAZ,21.0,1.0,clear_violation,291.0,73.0,193.63626478022007,100.0,0.23841059602649,180,755,280.1771428571429,305.0,0.909375,1.0028910688194836,0,0,0,1,0
2021,Portuguese Grand Prix,FP2,MAZ,22.0,1.0,clear_violation,292.0,73.0,191.1788641673945,100.0,0.2415143603133159,185,766,280.1771428571429,305.0,0.9125,0.9901635710549943,0,0,0,1,0
2021,Portuguese Grand Prix,FP2,MAZ,26.0,1.0,clear_violation,294.0,73.0,193.7491221021575,100.0,0.2370860927152318,179,755,280.1771428571429,305.0,0.91875,1.0034755853631712,0,0,0,1,0
2021,Portuguese Grand Prix,FP2,ALO,28.0,1.0,clear_violation,294.0,71.0,193.8455681772216,100.0,0.1848404255319149,139,752,280.1771428571429,305.0,0.91875,1.0039751039188212,0,0,0,1,0
2021,Portuguese Grand Prix,FP2,LEC,21.0,4.0,clear_violation,314.0,69.0,197.7977712599364,100.0,0.2160326086956521,159,736,280.1771428571429,305.0,0.98125,1.0244445608065291,0,0,0,1,0
2021,Portuguese Grand Prix,FP2,STR,18.0,4.0,clear_violation,313.0,69.0,197.7018483555256,100.0,0.2178619756427605,161,739,280.1771428571429,305.0,0.978125,1.0239477518836861,0,0,0,1,0
2021,Portuguese Grand Prix,FP2,STR,20.0,1.0,clear_violation,294.0499989333333,71.0,195.3726698231888,100.0,0.2048192771084337,153,747,280.1771428571429,305.0,0.9189062466666666,1.0118843486238787,0,0,0,1,0
2021,Portuguese Grand Prix,FP2,TSU,9.0,4.0,clear_violation,310.0,72.0,204.76763073177915,100.0,0.1820728291316526,130,714,280.1771428571429,305.0,0.96875,1.0605432214741046,0,0,0,1,0
2021,Portuguese Grand Prix,FP2,TSU,31.0,1.0,clear_violation,292.0,48.0,193.9567027897195,100.0,0.1809775429326288,137,757,280.1771428571429,305.0,0.9125,1.00455069811569,0,0,0,1,0
2021,Portuguese Grand Prix,FP2,VER,19.0,4.0,clear_violation,296.0,70.0,195.6428200151969,100.0,0.2032301480484522,151,743,280.1771428571429,305.0,0.925,1.0132835246259166,0,0,0,1,0
2021,Portuguese Grand Prix,FP2,VER,21.0,4.0,clear_violation,295.0,69.0,201.16215520740488,100.0,0.1793103448275862,130,725,280.1771428571429,305.0,0.921875,1.0418695540887815,0,0,0,1,0
2021,Portuguese Grand Prix,FP2,VER,22.0,1.0,clear_violation,298.0,71.0,201.01920332112743,100.0,0.1758241758241758,128,728,280.1771428571429,305.0,0.93125,1.0411291702036591,0,0,0,1,0
2021,Portuguese Grand Prix,FP2,HAM,22.0,1.0,clear_violation,300.0,75.0,196.9430273944253,100.0,0.1972972972972973,146,740,280.1771428571429,305.0,0.9375,1.020017626679173,0,0,0,1,0
2021,Portuguese Grand Prix,FP2,HAM,27.0,1.0,clear_violation,320.0,74.0,200.2019203879969,100.0,0.2043895747599451,149,729,280.1771428571429,305.0,1.0,1.0368962556963197,0,0,0,1,0
2021,Portuguese Grand Prix,FP2,MSC,10.0,1.0,clear_violation,316.0,65.0,182.043627304707,100.0,0.2024844720496894,163,805,280.1771428571429,305.0,0.9875,0.9428498745656595,0,0,0,1,0
2021,Portuguese Grand Prix,FP2,MSC,13.0,1.0,clear_violation,317.0,72.0,206.21509701675387,100.0,0.1985915492957746,141,710,280.1771428571429,305.0,0.990625,1.0680400145529534,0,0,0,1,0
2021,Portuguese Grand Prix,FP2,MSC,23.0,4.0,clear_violation,293.0,71.0,196.90899638310896,100.0,0.2096774193548387,156,744,280.1771428571429,305.0,0.915625,1.0198413714857009,0,0,0,1,0
2021,Portuguese Grand Prix,FP2,SAI,12.0,1.0,clear_violation,307.0,66.0,159.87817487563285,100.0,0.2054644808743169,188,915,280.1771428571429,305.0,0.959375,0.8280494041956468,0,0,0,1,0
2021,Portuguese Grand Prix,FP2,RUS,21.0,4.0,clear_violation,298.0,71.0,197.3449937845347,100.0,0.2027027027027027,150,740,280.1771428571429,305.0,0.93125,1.0220995120277871,0,0,0,1,0
2021,Portuguese Grand Prix,FP2,GIO,19.0,4.0,clear_violation,306.0,71.0,194.29698767218423,100.0,0.2157123834886817,162,751,280.1771428571429,305.0,0.95625,1.0063131193742572,0,0,0,1,0
2021,Portuguese Grand Prix,FP2,GIO,29.0,4.0,clear_violation,296.0,65.0,173.7832754324673,100.0,0.1947431302270011,163,837,280.1771428571429,305.0,0.925,0.9000674281712394,0,0,0,1,0
2021,Portuguese Grand Prix,FP3,NOR,16.0,1.0,clear_violation,291.0,67.0,197.8690958699019,100.0,0.1886024423337856,139,737,275.64431486880466,302.0,0.9009287925696594,1.0110112823074746,0,0,0,1,0
2021,Portuguese Grand Prix,FP3,VET,10.0,1.0,clear_violation,315.0,71.0,208.75372215389623,100.0,0.1940085592011412,136,701,275.64431486880466,302.0,0.9752321981424149,1.0666262328303908,0,0,0,1,0
2021,Portuguese Grand Prix,FP3,VET,14.0,1.0,clear_violation,309.0,73.0,187.44365086696072,100.0,0.2092426187419769,163,779,275.64431486880466,302.0,0.9566563467492261,0.9577425165373021,0,0,0,1,0
2021,Portuguese Grand Prix,FP3,VET,15.0,1.0,clear_violation,312.0,75.0,208.6114772975181,100.0,0.2045779685264663,143,699,275.64431486880466,302.0,0.9659442724458205,1.0658994333571519,0,0,0,1,0
2021,Portuguese Grand Prix,FP3,RAI,2.0,1.0,clear_violation,314.0,69.0,171.71189080417724,100.0,0.1917647058823529,163,850,275.64431486880466,302.0,0.9721362229102167,0.877361157113263,0,0,0,1,0
2021,Portuguese Grand Prix,FP3,RAI,23.0,1.0,clear_violation,300.0,68.0,201.03256634475744,100.0,0.2173314993122421,158,727,275.64431486880466,302.0,0.9287925696594427,1.0271750209007333,0,0,0,1,0
2021,Portuguese Grand Prix,FP3,MAZ,6.0,4.0,clear_violation,311.0,67.0,172.68812871885578,100.0,0.1772300469483568,151,852,275.64431486880466,302.0,0.9628482972136223,0.882349240480285,0,0,0,1,0
2021,Portuguese Grand Prix,FP3,MAZ,7.0,1.0,clear_violation,315.0,77.0,202.85932549458468,99.0,0.2163661581137309,156,721,275.64431486880466,302.0,0.9752321981424149,1.0365088388090542,0,0,0,1,0
2021,Portuguese Grand Prix,FP3,MAZ,12.0,1.0,clear_violation,318.0,76.0,206.168457581644,100.0,0.2028169014084507,144,710,275.64431486880466,302.0,0.9845201238390093,1.05341683477454,0,0,0,1,0
2021,Portuguese Grand Prix,FP3,MAZ,14.0,4.0,clear_violation,320.0,73.0,207.55994735695128,100.0,0.1929078014184397,136,705,275.64431486880466,302.0,0.9907120743034056,1.0605266457122529,0,0,0,1,0
2021,Portuguese Grand Prix,FP3,MAZ,19.0,1.0,clear_violation,321.0,0.0,155.05494217475166,100.0,0.1671991480298189,157,939,275.64431486880466,302.0,0.9938080495356038,0.7922525507433337,0,0,0,1,0
2021,Portuguese Grand Prix,FP3,GAS,2.0,4.0,clear_violation,315.0,75.0,207.51901012263733,100.0,0.1564722617354196,110,703,275.64431486880466,302.0,0.9752321981424149,1.0603174770920805,0,0,0,1,0
2021,Portuguese Grand Prix,FP3,GAS,14.0,1.0,clear_violation,316.0,77.0,210.28274694763653,100.0,0.1774891774891775,123,693,275.64431486880466,302.0,0.978328173374613,1.0744387783449045,0,0,0,1,0
2021,Portuguese Grand Prix,FP3,GAS,16.0,1.0,clear_violation,314.0,72.0,208.5430327376952,100.0,0.1657142857142857,116,700,275.64431486880466,302.0,0.9721362229102167,1.0655497161772696,0,0,0,1,0
2021,Portuguese Grand Prix,FP3,PER,15.0,1.0,clear_violation,316.0,66.0,189.2983073310423,100.0,0.2137305699481865,165,772,275.64431486880466,302.0,0.978328173374613,0.9672188756511267,0,0,0,1,0
2021,Portuguese Grand Prix,FP3,ALO,11.0,1.0,clear_violation,320.0,77.0,212.3675214300208,100.0,0.1991279069767441,137,688,275.64431486880466,302.0,0.9907120743034056,1.0850909244695477,0,0,0,1,0
2021,Portuguese Grand Prix,FP3,ALO,14.0,1.0,clear_violation,315.0,57.0,186.20432385602948,100.0,0.2087067861715749,163,781,275.64431486880466,302.0,0.9752321981424149,0.951410180580485,0,0,0,1,0
2021,Portuguese Grand Prix,FP3,STR,14.0,1.0,clear_violation,311.0,72.0,209.169914318418,100.0,0.2065997130559541,144,697,275.64431486880466,302.0,0.9628482972136223,1.0687527648797217,0,0,0,1,0
2021,Portuguese Grand Prix,FP3,HAM,6.0,1.0,clear_violation,318.0,62.0,192.7476090334272,100.0,0.2341269841269841,177,756,275.64431486880466,302.0,0.9845201238390093,0.984843067654745,0,0,0,1,0
2021,Portuguese Grand Prix,FP3,HAM,20.0,1.0,clear_violation,308.0,36.0,168.43366932537504,100.0,0.2716763005780346,235,865,275.64431486880466,302.0,0.9535603715170279,0.8606110987658449,0,0,0,1,0
2021,Portuguese Grand Prix,FP3,MSC,20.0,4.0,clear_violation,323.0,74.0,189.8500295222323,100.0,0.1932555123216602,149,771,275.64431486880466,302.0,1.0,0.9700378977805816,0,0,0,1,0
2021,Portuguese Grand Prix,FP3,SAI,16.0,1.0,clear_violation,310.0,77.0,210.07321421449,100.0,0.1988472622478386,138,694,275.64431486880466,302.0,0.9597523219814241,1.0733681717588053,0,0,0,1,0
2021,Portuguese Grand Prix,FP3,SAI,22.0,4.0,clear_violation,312.0,75.0,197.18018461964795,100.0,0.217391304347826,160,736,275.64431486880466,302.0,0.9659442724458205,1.007491293279106,0,0,0,1,0
2021,Portuguese Grand Prix,Q,HAM,3.0,1.0,clear_violation,315.0,79.0,212.2925296622344,100.0,0.1773255813953488,122,688,287.65107913669067,302.0,0.9782608695652174,1.050153316276445,0,1,0,0,0
2021,Portuguese Grand Prix,Q,VER,16.0,4.0,clear_violation,315.0,77.0,213.50884587638137,100.0,0.1774193548387097,121,682,287.65107913669067,302.0,0.9782608695652174,1.0561701012662867,0,1,0,0,0
2021,Portuguese Grand Prix,Q,LEC,3.0,4.0,clear_violation,313.0,58.0,173.44633712190202,100.0,0.195729537366548,165,843,287.65107913669067,302.0,0.9720496894409938,0.8579917833866683,0,1,0,0,0
2021,Portuguese Grand Prix,Q,GAS,25.0,14.0,clear_violation,315.0,74.0,210.6858910449856,100.0,0.1512968299711815,105,694,287.65107913669067,302.0,0.9782608695652174,1.0422057126813207,0,1,0,0,0
2021,Portuguese Grand Prix,Q,RAI,4.0,4.0,clear_violation,322.0,70.0,207.3805952988308,100.0,0.201418439716312,142,705,287.65107913669067,302.0,1.0,1.0258553149795198,0,1,0,0,0
2021,Portuguese Grand Prix,Q,RAI,12.0,1.0,clear_violation,314.0,62.0,192.74146825283168,100.0,0.2134387351778656,162,759,287.65107913669067,302.0,0.9751552795031055,0.9534395411451425,0,1,0,0,0
2021,Portuguese Grand Prix,Q,MAZ,5.0,1.0,clear_violation,317.0,72.0,205.0212406602014,100.0,0.1924157303370786,137,712,287.65107913669067,302.0,0.984472049689441,1.0141842302646173,0,1,0,0,0
2021,Portuguese Grand Prix,R,GAS,30.0,4.0,clear_violation,299.0,73.0,200.6300186760975,100.0,0.1878453038674033,136,724,288.8589527027027,307.0,0.8898809523809523,1.0140931081182574,0,0,1,0,0
2021,Portuguese Grand Prix,R,GAS,34.0,1.0,clear_violation,299.0,71.0,197.7968914865248,100.0,0.1964529331514324,144,733,288.8589527027027,307.0,0.8898809523809523,0.9997729441850304,0,0,1,0,0
2021,Portuguese Grand Prix,R,GAS,39.0,1.0,clear_violation,298.0,73.0,200.6066894009741,100.0,0.1833333333333333,132,720,288.8589527027027,307.0,0.8869047619047619,1.0139751892879838,0,0,1,0,0
2021,Portuguese Grand Prix,R,ALO,29.0,1.0,clear_violation,296.0,73.0,200.10695337177177,100.0,0.2049518569463548,149,727,288.8589527027027,307.0,0.8809523809523809,1.011449251911132,0,0,1,0,0
2021,Portuguese Grand Prix,R,ALO,40.0,1.0,clear_violation,297.0,70.0,189.6682147721744,100.0,0.2346805736636245,180,767,288.8589527027027,307.0,0.8839285714285714,0.9586861961074548,0,0,1,0,0
2021,Portuguese Grand Prix,R,STR,19.0,1.0,clear_violation,296.0,72.0,197.96837581493747,100.0,0.2053072625698324,147,716,288.8589527027027,307.0,0.8809523809523809,1.0006397191409473,0,0,1,0,0
2021,Portuguese Grand Prix,R,TSU,10.0,4.0,clear_violation,323.0,69.0,194.26127808316744,100.0,0.2527624309392265,183,724,288.8589527027027,307.0,0.9613095238095238,0.9819020332965472,0,0,1,0,0
2021,Portuguese Grand Prix,R,TSU,11.0,1.0,clear_violation,336.0,69.0,196.7908512141806,100.0,0.2476319350473613,183,739,288.8589527027027,307.0,1.0,0.9946878701098456,0,0,1,0,0
2021,Portuguese Grand Prix,R,VER,24.0,4.0,clear_violation,323.0,68.0,201.4809441248061,100.0,0.218232044198895,158,724,288.8589527027027,307.0,0.9613095238095238,1.0183941476075222,0,0,1,0,0
2021,Portuguese Grand Prix,R,VER,66.0,14.0,clear_violation,298.0,73.0,209.5640386665388,100.0,0.2060085836909871,144,699,288.8589527027027,307.0,0.8869047619047619,1.0592504986218383,0,0,1,0,0
2021,Portuguese Grand Prix,R,NOR,18.0,4.0,clear_violation,292.0,74.0,199.48643318024432,100.0,0.1956224350205198,143,731,288.8589527027027,307.0,0.8690476190476191,1.0083128057610067,0,0,1,0,0
2021,Portuguese Grand Prix,R,MSC,11.0,1.0,clear_violation,328.0,67.0,195.9693752310285,100.0,0.2627345844504021,196,746,288.8589527027027,307.0,0.9761904761904762,0.9905356842181414,0,0,1,0,0
2021,Portuguese Grand Prix,R,MSC,25.0,1.0,clear_violation,305.0,69.0,194.485538396248,100.0,0.2281167108753315,172,754,288.8589527027027,307.0,0.9077380952380952,0.9830355667499164,0,0,1,0,0
2021,Portuguese Grand Prix,R,VET,26.0,1.0,clear_violation,300.1666688,71.0,200.2610205710845,100.0,0.2071330589849108,151,729,288.8589527027027,307.0,0.893353180952381,1.0122279912345946,0,0,1,0,0
2021,Portuguese Grand Prix,R,VET,56.0,1.0,clear_violation,297.33750080000004,68.0,199.73297579128183,100.0,0.223593964334705,163,729,288.8589527027027,307.0,0.8849330380952383,1.009558966053272,0,0,1,0,0
2021,Portuguese Grand Prix,R,LAT,30.0,1.0,clear_violation,335.0,69.0,197.876279446051,100.0,0.2527173913043478,186,736,288.8589527027027,307.0,0.9970238095238095,1.0001742140605672,0,0,1,0,0
2021,Portuguese Grand Prix,R,MAZ,8.0,1.0,clear_violation,312.0,60.0,188.9305960677898,99.0,0.276485788113695,214,774,288.8589527027027,307.0,0.9285714285714286,0.9549578704587234,0,0,1,0,0
2021,Portuguese Grand Prix,R,MAZ,12.0,1.0,clear_violation,306.0,70.0,195.53615287453863,100.0,0.2416107382550335,180,745,288.8589527027027,307.0,0.9107142857142857,0.9883459430772189,0,0,1,0,0
2021,Pre-Season Test,FP1,RIC,3.0,9.0,clear_violation,323.0,74.0,200.461694178238,100.0,0.167643610785463,143,853,202.1625441696113,214.0,1.0,1.0328429431950314,0,0,0,1,0
2021,Pre-Season Test,FP1,RIC,4.0,9.0,clear_violation,269.0,62.0,146.96823112867224,99.0,0.0952789699570815,111,1165,202.1625441696113,214.0,0.8328173374613003,0.7572274644159137,0,0,0,1,0
2021,Pre-Season Test,FP1,RIC,11.0,19.0,clear_violation,321.0,74.0,203.7474350694222,99.0,0.178359096313912,150,841,202.1625441696113,214.0,0.9938080495356038,1.0497721341137192,0,0,0,1,0
2021,Pre-Season Test,FP1,NOR,10.0,19.0,clear_violation,318.0,64.0,199.9073923822843,100.0,0.169965075669383,146,859,202.1625441696113,214.0,0.9845201238390093,1.0299870025591011,0,0,0,1,0
2021,Pre-Season Test,FP1,VET,8.0,9.0,clear_violation,320.0,72.0,203.5688252448921,100.0,0.187871581450654,158,841,202.1625441696113,214.0,0.9907120743034056,1.0488518790115788,0,0,0,1,0
2021,Pre-Season Test,FP1,RAI,2.0,9.0,clear_violation,321.0,72.0,196.5837136815221,100.0,0.1791044776119403,156,871,202.1625441696113,214.0,0.9938080495356038,1.0128623438775397,0,0,0,1,0
2021,Pre-Season Test,FP1,MAZ,6.0,19.0,clear_violation,318.0,45.0,191.7638088879185,100.0,0.2165178571428571,194,896,202.1625441696113,214.0,0.9845201238390093,0.9880286484757683,0,0,0,1,0
2021,Pre-Season Test,FP1,MAZ,8.0,19.0,clear_violation,318.0,72.0,193.9331757422065,100.0,0.2395005675368899,211,881,202.1625441696113,214.0,0.9845201238390093,0.9992059222977702,0,0,0,1,0
2021,Pre-Season Test,FP1,MAZ,14.0,19.0,clear_violation,299.0,69.0,186.18784661461493,100.0,0.2210184182015168,204,923,202.1625441696113,214.0,0.9256965944272446,0.9592995024455911,0,0,0,1,0
2021,Pre-Season Test,FP1,GAS,3.0,9.0,clear_violation,317.0,74.0,199.6184449725308,100.0,0.1590643274853801,136,855,202.1625441696113,214.0,0.9814241486068112,1.0284982528289255,0,0,0,1,0
2021,Pre-Season Test,FP1,PER,5.0,9.0,clear_violation,314.0,55.0,168.63180787160152,100.0,0.1668311944718657,169,1013,202.1625441696113,214.0,0.9721362229102167,0.8688451600311369,0,0,0,1,0
2021,Pre-Season Test,FP1,PER,6.0,9.0,clear_violation,317.0,69.0,193.83004128505752,100.0,0.1900452488687782,168,884,202.1625441696113,214.0,0.9814241486068112,0.9986745404958592,0,0,0,1,0
2021,Pre-Season Test,FP1,PER,11.0,19.0,clear_violation,315.0,73.0,204.5574291675287,100.0,0.1599045346062052,134,838,202.1625441696113,214.0,0.9752321981424149,1.0539454834994382,0,0,0,1,0
2021,Pre-Season Test,FP1,PER,14.0,9.0,clear_violation,295.0,73.0,192.59563196874348,100.0,0.1732283464566929,154,889,202.1625441696113,214.0,0.913312693498452,0.9923144677817398,0,0,0,1,0
2021,Pre-Season Test,FP1,PER,16.0,19.0,clear_violation,296.0,71.0,192.09720361076072,100.0,0.1840628507295174,164,891,202.1625441696113,214.0,0.9164086687306502,0.989746405018721,0,0,0,1,0
2021,Pre-Season Test,FP1,STR,4.0,9.0,clear_violation,316.0,70.0,199.2026092474233,100.0,0.2202797202797203,189,858,202.1625441696113,214.0,0.978328173374613,1.0263557338007077,0,0,0,1,0
2021,Pre-Season Test,FP1,STR,13.0,9.0,clear_violation,320.0,74.0,200.95307340441136,100.0,0.2329411764705882,198,850,202.1625441696113,214.0,0.9907120743034056,1.0353746865700753,0,0,0,1,0
2021,Pre-Season Test,FP1,TSU,11.0,19.0,clear_violation,316.0,70.0,201.43414083606527,100.0,0.1699882766705744,145,853,202.1625441696113,214.0,0.978328173374613,1.0378533002724164,0,0,0,1,0
2021,Pre-Season Test,FP1,TSU,14.0,19.0,clear_violation,316.0,73.0,201.3538954802173,100.0,0.1647058823529411,140,850,202.1625441696113,214.0,0.978328173374613,1.0374398504617106,0,0,0,1,0
2021,Pre-Season Test,FP1,TSU,21.0,19.0,clear_violation,323.0,67.0,188.50287719023373,100.0,0.1980088495575221,179,904,202.1625441696113,214.0,1.0,0.9712272824791304,0,0,0,1,0
2021,Pre-Season Test,FP1,OCO,4.0,9.0,clear_violation,313.0,74.0,198.60907999968023,100.0,0.2006960556844547,173,862,202.1625441696113,214.0,0.9690402476780186,1.0232976807515988,0,0,0,1,0
2021,Pre-Season Test,FP1,OCO,16.0,9.0,clear_violation,311.0,73.0,201.9900877284801,100.0,0.1863207547169811,158,848,202.1625441696113,214.0,0.9628482972136223,1.0407177169729522,0,0,0,1,0
2021,Pre-Season Test,FP1,VER,13.0,19.0,clear_violation,295.0,66.0,190.2476938857424,100.0,0.1809100998890122,163,901,202.1625441696113,214.0,0.913312693498452,0.9802171377156258,0,0,0,1,0
2021,Pre-Season Test,FP1,SAI,7.0,19.0,clear_violation,318.0,73.0,201.3489676942593,100.0,0.1711606096131301,146,853,202.1625441696113,214.0,0.9845201238390093,1.0374144609279488,0,0,0,1,0
2021,Pre-Season Test,FP2,VET,7.0,19.0,clear_violation,293.0,76.0,192.9208953636181,100.0,0.1724915445321307,153,887,202.00511508951408,216.0,0.8932926829268293,1.0429771563894565,0,0,0,1,0
2021,Pre-Season Test,FP2,VET,25.0,9.0,clear_violation,297.0,70.0,191.65361079871144,100.0,0.1912632821723731,162,847,202.00511508951408,216.0,0.9054878048780488,1.0361259086313983,0,0,0,1,0
2021,Pre-Season Test,FP2,LAT,2.0,19.0,clear_violation,317.0,75.0,199.21232418286544,100.0,0.1916376306620209,165,861,202.00511508951408,216.0,0.9664634146341463,1.0769901466731557,0,0,0,1,0
2021,Pre-Season Test,FP2,RAI,20.0,9.0,clear_violation,328.0,66.0,191.5541332373581,100.0,0.2273262661955241,193,849,202.00511508951408,216.0,1.0,1.035588108804846,0,0,0,1,0
2021,Pre-Season Test,FP2,RAI,22.0,19.0,clear_violation,301.0,69.0,190.75461282338432,100.0,0.2041049030786773,179,877,202.00511508951408,216.0,0.9176829268292683,1.0312657075104192,0,0,0,1,0
2021,Pre-Season Test,FP2,RAI,24.0,9.0,clear_violation,301.0,68.0,191.1513296579208,100.0,0.203125,182,896,202.00511508951408,216.0,0.9176829268292683,1.0334104549479468,0,0,0,1,0
2021,Pre-Season Test,FP2,MAZ,4.0,19.0,clear_violation,326.0,75.0,198.46627929467672,100.0,0.2209302325581395,190,860,202.00511508951408,216.0,0.9939024390243902,1.0729568470424684,0,0,0,1,0
2021,Pre-Season Test,FP2,MAZ,6.0,19.0,clear_violation,321.0,73.0,196.9769836546072,100.0,0.2096774193548387,182,868,202.00511508951408,216.0,0.9786585365853658,1.0649053535597368,0,0,0,1,0
2021,Pre-Season Test,FP2,MAZ,16.0,19.0,clear_violation,298.0,69.0,189.50171406047085,100.0,0.225,198,880,202.00511508951408,216.0,0.9085365853658537,1.0244922328874426,0,0,0,1,0
2021,Pre-Season Test,FP2,MAZ,19.0,19.0,clear_violation,298.0,64.0,184.2076346496788,100.0,0.1842723004694835,157,852,202.00511508951408,216.0,0.9085365853658537,0.9958711554289293,0,0,0,1,0
2021,Pre-Season Test,FP2,GAS,22.0,19.0,clear_violation,297.0,65.0,188.9104684630935,100.0,0.1706214689265536,151,885,202.00511508951408,216.0,0.9054878048780488,1.0212958157719294,0,0,0,1,0
2021,Pre-Season Test,FP2,PER,22.0,9.0,clear_violation,295.0,73.0,189.8944575774528,100.0,0.1932203389830508,171,885,202.00511508951408,216.0,0.899390243902439,1.026615499606479,0,0,0,1,0
2021,Pre-Season Test,FP2,ALO,2.0,9.0,clear_violation,324.0,76.0,203.79134211036504,100.0,0.1821428571428571,153,840,202.00511508951408,216.0,0.9878048780487805,1.101745428303372,0,0,0,1,0
2021,Pre-Season Test,FP2,LEC,5.0,9.0,clear_violation,320.0,77.0,203.16409187807795,100.0,0.1876484560570071,158,842,202.00511508951408,216.0,0.975609756097561,1.0983543613980358,0,0,0,1,0
2021,Pre-Season Test,FP2,LEC,11.0,19.0,clear_violation,319.0,75.0,204.21995912226404,100.0,0.1923536439665472,161,837,202.00511508951408,216.0,0.9725609756097561,1.1040626358376207,0,0,0,1,0
2021,Pre-Season Test,FP2,LEC,16.0,9.0,clear_violation,299.0,70.0,193.4684348683644,100.0,0.2271662763466042,194,854,202.00511508951408,216.0,0.9115853658536586,1.0459372877665936,0,0,0,1,0
2021,Pre-Season Test,FP2,STR,15.0,19.0,clear_violation,296.0,69.0,190.5166191811018,100.0,0.1763392857142857,158,896,202.00511508951408,216.0,0.9024390243902439,1.029979056151069,0,0,0,1,0
2021,Pre-Season Test,FP2,TSU,10.0,19.0,clear_violation,316.0,72.0,202.57946746812144,100.0,0.1621301775147929,137,845,202.00511508951408,216.0,0.9634146341463414,1.0951937400277947,0,0,0,1,0
2021,Pre-Season Test,FP2,TSU,18.0,19.0,clear_violation,297.0,68.0,189.364231395164,100.0,0.16878612716763,146,865,202.00511508951408,216.0,0.9054878048780488,1.023748968250171,0,0,0,1,0
2021,Pre-Season Test,FP2,TSU,19.0,9.0,clear_violation,298.0,67.0,189.54148942599963,100.0,0.1724137931034483,150,870,202.00511508951408,216.0,0.9085365853658537,1.0247072681616434,0,0,0,1,0
2021,Pre-Season Test,FP2,OCO,19.0,9.0,clear_violation,298.0,68.0,188.37060633374148,100.0,0.1969339622641509,167,848,202.00511508951408,216.0,0.9085365853658537,1.0183771901484444,0,0,0,1,0
2021,Pre-Season Test,FP2,HAM,7.0,19.0,clear_violation,319.0,75.0,206.86862012788453,100.0,0.1717049576783555,142,827,202.00511508951408,216.0,0.9725609756097561,1.1183819397091632,0,0,0,1,0
2021,Pre-Season Test,FP2,MSC,2.0,19.0,clear_violation,326.0,75.0,200.10402721533563,100.0,0.2002341920374707,171,854,202.00511508951408,216.0,0.9939024390243902,1.081810909563545,0,0,0,1,0
2021,Pre-Season Test,FP2,BOT,20.0,9.0,clear_violation,322.0,67.0,188.2295849153566,100.0,0.2324766355140187,199,856,202.00511508951408,216.0,0.9817073170731707,1.0176147941536517,0,0,0,1,0
2021,Pre-Season Test,FP2,VER,3.0,20.0,no_advantage,265.0,51.0,138.66575533729923,100.0,0.2163501238645747,262,1211,202.00511508951408,216.0,0.8079268292682927,0.7496607089538034,0,0,0,1,0
2021,Pre-Season Test,FP2,MSC,3.0,1.0,no_advantage,284.0,50.0,123.4820360852121,100.0,0.1349782293178519,186,1378,202.00511508951408,216.0,0.8658536585365854,0.6675738396226747,0,0,0,1,0
2021,Pre-Season Test,FP2,OCO,5.0,1.0,no_advantage,269.0,56.0,121.75870389265611,100.0,0.0826743350107836,115,1391,202.00511508951408,216.0,0.8201219512195121,0.6582570877678862,0,0,0,1,0
2021,Pre-Season Test,FP2,NOR,4.0,11.0,no_advantage,270.0,48.0,129.86846009153794,100.0,0.1069802731411229,141,1318,202.00511508951408,216.0,0.823170731707317,0.7021003969303246,0,0,0,1,0
2021,Pre-Season Test,FP3,RAI,10.0,9.0,clear_violation,321.0,70.0,202.13151853793943,100.0,0.1877990430622009,157,836,201.76315789473685,217.0,0.9968944099378882,0.9978498172834571,0,0,0,1,0
2021,Pre-Season Test,FP3,RAI,19.0,9.0,clear_violation,321.0,68.0,202.3307424129368,100.0,0.1900826446280991,161,847,201.76315789473685,217.0,0.9968944099378882,0.998833313121724,0,0,0,1,0
2021,Pre-Season Test,FP3,MAZ,2.0,19.0,clear_violation,317.0,69.0,198.7663136161309,100.0,0.2046511627906976,176,860,201.76315789473685,217.0,0.984472049689441,0.9812370240850636,0,0,0,1,0
2021,Pre-Season Test,FP3,MAZ,9.0,9.0,clear_violation,318.0,70.0,201.4157381646501,100.0,0.2058823529411764,175,850,201.76315789473685,217.0,0.9875776397515528,0.9943162698195677,0,0,0,1,0
2021,Pre-Season Test,FP3,MAZ,12.0,19.0,clear_violation,319.0,68.0,201.63304480134528,100.0,0.2084805653710247,177,849,201.76315789473685,217.0,0.9906832298136646,0.9953890336779171,0,0,0,1,0
2021,Pre-Season Test,FP3,GAS,4.0,9.0,clear_violation,322.0,70.0,203.0217708046428,100.0,0.1584038694074969,131,827,201.76315789473685,217.0,1.0,1.0022446690517102,0,0,0,1,0
2021,Pre-Season Test,FP3,LEC,10.0,19.0,clear_violation,320.0,74.0,205.61655043744108,100.0,0.1872749099639856,156,833,201.76315789473685,217.0,0.9937888198757764,1.0150541527047636,0,0,0,1,0
2021,Pre-Season Test,FP3,STR,2.0,9.0,clear_violation,312.0,75.0,201.93400480876693,100.0,0.1975609756097561,162,820,201.76315789473685,217.0,0.968944099378882,0.9968747638133633,0,0,0,1,0
2021,Pre-Season Test,FP3,TSU,2.0,9.0,clear_violation,312.0,64.0,200.1085656158345,100.0,0.1609058402860548,135,839,201.76315789473685,217.0,0.968944099378882,0.9878632341998468,0,0,0,1,0
2021,Pre-Season Test,FP3,VER,9.0,19.0,clear_violation,315.0,73.0,208.014925365337,100.0,0.1699029126213592,140,824,201.76315789473685,217.0,0.9782608695652174,1.0268940577373327,0,0,0,1,0
2021,Pre-Season Test,FP3,HAM,12.0,9.0,clear_violation,318.0,73.0,207.6370933536272,100.0,0.1709090909090909,141,825,201.76315789473685,217.0,0.9875776397515528,1.0250288384653679,0,0,0,1,0
2021,Pre-Season Test,FP3,MSC,12.0,19.0,clear_violation,318.0,73.0,195.19181899870992,100.0,0.2015945330296127,177,878,201.76315789473685,217.0,0.9875776397515528,0.9635910437516959,0,0,0,1,0
2021,Pre-Season Test,FP3,BOT,2.0,19.0,clear_violation,312.0,74.0,205.5698849760442,100.0,0.1739659367396593,143,822,201.76315789473685,217.0,0.968944099378882,1.0148237822881896,0,0,0,1,0
2021,Pre-Season Test,Q,PER,8.0,19.0,clear_violation,318.0,72.0,208.3117162631021,100.0,0.1652593486127865,137,829,209.23391812865495,219.0,0.9754601226993865,1.0762995315202935,0,1,0,0,0
2021,Pre-Season Test,Q,RIC,5.0,9.0,clear_violation,324.0,73.0,207.7439783762884,99.0,0.1672683513838748,139,831,209.23391812865495,219.0,0.9938650306748467,1.0733661582441012,0,1,0,0,0
2021,Pre-Season Test,Q,RUS,10.0,9.0,clear_violation,322.0,73.0,205.0492996058228,100.0,0.2054631828978622,173,842,209.23391812865495,219.0,0.9877300613496932,1.0594433623962352,0,1,0,0,0
2021,Pre-Season Test,Q,STR,4.0,19.0,clear_violation,318.0,75.0,203.9299807448231,100.0,0.2045184304399524,172,841,209.23391812865495,219.0,0.9754601226993865,1.053660094957767,0,1,0,0,0
2021,Pre-Season Test,Q,RAI,3.0,19.0,clear_violation,326.0,72.0,203.6564650221624,100.0,0.1869047619047619,157,840,209.23391812865495,219.0,1.0,1.0522469010700486,0,1,0,0,0
2021,Pre-Season Test,Q,MAZ,2.0,19.0,clear_violation,320.0,71.0,200.26716128484992,100.0,0.2096018735362997,179,854,209.23391812865495,219.0,0.9815950920245399,1.0347351350969718,0,1,0,0,0
2021,Pre-Season Test,Q,MAZ,8.0,3.0,no_advantage,292.0,66.0,159.69818493992645,100.0,0.190253045923149,203,1067,209.23391812865495,219.0,0.8957055214723927,0.8251244083572912,0,1,0,0,0
2021,Pre-Season Test,Q,MAZ,8.0,15.0,no_advantage,292.0,66.0,159.69818493992645,100.0,0.190253045923149,203,1067,209.23391812865495,219.0,0.8957055214723927,0.8251244083572912,0,1,0,0,0
2021,Pre-Season Test,R,VER,4.0,19.0,clear_violation,319.0,69.0,193.44980844121807,100.0,0.2045714285714285,179,875,202.684,212.0,0.9382352941176471,1.041183996154864,0,0,1,0,0
2021,Pre-Season Test,R,PER,13.0,19.0,clear_violation,296.0,0.0,161.28638645519678,100.0,0.2124645892351274,225,1059,202.684,212.0,0.8705882352941177,0.8680742861827468,0,0,1,0,0
2021,Pre-Season Test,R,TSU,11.0,9.0,clear_violation,316.0,66.0,191.43069598329225,100.0,0.1858902575587906,166,893,202.684,212.0,0.9294117647058824,1.0303167453957707,0,0,1,0,0
2021,Pre-Season Test,R,VET,51.0,19.0,clear_violation,292.0,67.0,192.99175836857293,100.0,0.201803833145434,179,887,202.684,212.0,0.8588235294117647,1.0387186827543566,0,0,1,0,0
2021,Pre-Season Test,R,VET,55.0,19.0,clear_violation,295.0,69.0,192.98433201788453,100.0,0.1869369369369369,166,888,202.684,212.0,0.8676470588235294,1.0386787127096773,0,0,1,0,0
2021,Pre-Season Test,R,GIO,28.0,9.0,clear_violation,302.0,72.0,194.5346513196617,100.0,0.204778156996587,180,879,202.684,212.0,0.888235294117647,1.0470228287310217,0,0,1,0,0
2021,Pre-Season Test,R,STR,21.0,9.0,clear_violation,295.0,65.0,189.8663218901099,100.0,0.2073170731707317,187,902,202.684,212.0,0.8676470588235294,1.0218969837896708,0,0,1,0,0
2021,Pre-Season Test,R,STR,29.0,9.0,clear_violation,327.0,62.0,188.8868453958988,100.0,0.2375690607734806,215,905,202.684,212.0,0.961764705882353,1.0166252533154978,0,0,1,0,0
2021,Pre-Season Test,R,STR,47.0,9.0,clear_violation,296.0,63.0,193.10662941087023,100.0,0.2101694915254237,186,885,202.684,212.0,0.8705882352941177,1.0393369407501918,0,0,1,0,0
2021,Pre-Season Test,R,RAI,13.0,9.0,clear_violation,306.0,0.0,159.69749013747568,100.0,0.2469597754911132,264,1069,202.684,212.0,0.9,0.8595225412578441,0,0,1,0,0
2021,Pre-Season Test,R,RAI,16.0,1.0,clear_violation,313.0,64.0,188.62101750603208,100.0,0.2373068432671081,215,906,202.684,212.0,0.9205882352941176,1.0151945165942209,0,0,1,0,0
2021,Pre-Season Test,R,RAI,33.0,19.0,clear_violation,340.0,55.0,189.95051653051377,100.0,0.2449664429530201,219,894,202.684,212.0,1.0,1.0223501355030629,0,0,1,0,0
2021,Pre-Season Test,R,RAI,40.0,19.0,clear_violation,311.0,67.0,192.0935609371689,100.0,0.2294713160854893,204,889,202.684,212.0,0.9147058823529411,1.0338844117953887,0,0,1,0,0
2021,Pre-Season Test,R,RUS,14.0,19.0,clear_violation,297.0,69.0,188.48061156321552,100.0,0.2293274531422271,208,907,202.684,212.0,0.8735294117647059,1.0144388248631016,0,0,1,0,0
2021,Pre-Season Test,R,RUS,40.0,9.0,clear_violation,299.0,69.0,191.2579911681369,100.0,0.2069351230425055,185,894,202.684,212.0,0.8794117647058823,1.0293872149348848,0,0,1,0,0
2021,Pre-Season Test,R,LAT,55.0,9.0,clear_violation,302.0,66.0,188.4225015125216,100.0,0.2,181,905,202.684,212.0,0.888235294117647,1.0141260654177149,0,0,1,0,0
2021,Pre-Season Test,R,MSC,46.0,19.0,clear_violation,300.0,67.0,192.21241013630947,100.0,0.206047032474804,184,893,202.684,212.0,0.8823529411764706,1.0345240809948473,0,0,1,0,0
2021,Pre-Season Test,R,MAZ,5.0,19.0,clear_violation,298.0,67.0,186.8723624324236,100.0,0.2241758241758241,204,910,202.684,212.0,0.8764705882352941,1.0057829193840362,0,0,1,0,0
2021,Pre-Season Test,R,MAZ,30.0,19.0,clear_violation,323.0,70.0,180.99150599524512,100.0,0.240506329113924,228,948,202.684,212.0,0.95,0.9741310213779696,0,0,1,0,0
2021,Pre-Season Test,R,MAZ,39.0,9.0,clear_violation,298.0,63.0,184.2659268953887,100.0,0.2623655913978495,244,930,202.684,212.0,0.8764705882352941,0.9917545830934129,0,0,1,0,0
2021,Pre-Season Test,R,OCO,6.0,1.0,clear_violation,297.0,67.0,186.6804947933969,100.0,0.2050163576881134,188,917,202.684,212.0,0.8735294117647059,1.004750250927322,0,0,1,0,0
2021,Pre-Season Test,R,GAS,11.0,9.0,clear_violation,308.0,0.0,159.47015948792702,100.0,0.2070895522388059,222,1072,202.684,212.0,0.9058823529411765,0.8582990040723965,0,0,1,0,0
2021,Qatar Grand Prix,FP1,MSC,20.0,7.0,no_advantage,298.0,85.0,212.90444217254293,100.0,0.1529562982005141,119,778,298.1890410958904,320.0,1.0,1.0,0,0,0,1,0
2021,Qatar Grand Prix,FP2,RIC,18.0,2.0,clear_violation,295.5428571428571,84.0,211.2508365507812,99.0,0.1446384039900249,116,802,295.49242424242425,327.0,0.9178349600709848,0.9657978558798876,0,0,0,1,0
2021,Qatar Grand Prix,FP2,NOR,21.0,2.0,clear_violation,298.0,86.0,215.85757627077007,100.0,0.1617834394904458,127,785,295.49242424242425,327.0,0.9254658385093167,0.9868589764738052,0,0,0,1,0
2021,Qatar Grand Prix,FP2,ALO,18.0,7.0,clear_violation,296.0,89.0,218.6347343935174,100.0,0.1511627906976744,117,774,295.49242424242425,327.0,0.9192546583850931,0.9995556048241693,0,0,0,1,0
2021,Qatar Grand Prix,FP2,ALO,21.0,7.0,clear_violation,322.0,38.0,187.77569780951384,100.0,0.1915367483296214,172,898,295.49242424242425,327.0,1.0,0.8584740741946546,0,0,0,1,0
2021,Qatar Grand Prix,FP2,LEC,13.0,8.0,clear_violation,310.0,94.0,224.6440512933932,100.0,0.142668428005284,108,757,295.49242424242425,327.0,0.9627329192546584,1.0270290362763932,0,0,0,1,0
2021,Qatar Grand Prix,FP2,LEC,21.0,7.0,clear_violation,302.0,90.0,215.7420458606164,100.0,0.1692111959287532,133,786,295.49242424242425,327.0,0.937888198757764,0.9863307938439176,0,0,0,1,0
2021,Qatar Grand Prix,FP2,STR,6.0,16.0,clear_violation,313.0,96.0,228.9479762468796,100.0,0.1935047361299052,143,739,295.49242424242425,327.0,0.9720496894409938,1.0467057464840988,0,0,0,1,0
2021,Qatar Grand Prix,FP2,RUS,6.0,2.0,clear_violation,320.0,98.0,227.404584158956,100.0,0.1367292225201072,102,746,295.49242424242425,327.0,0.9937888198757764,1.0396496571751208,0,0,0,1,0
2021,Qatar Grand Prix,FP2,BOT,10.0,7.0,clear_violation,312.0,103.0,233.37259776206585,100.0,0.1253443526170798,91,726,295.49242424242425,327.0,0.968944099378882,1.066934257964666,0,0,0,1,0
2021,Qatar Grand Prix,FP2,BOT,18.0,7.0,clear_violation,293.0,84.0,219.2289105036081,100.0,0.1373056994818652,106,772,295.49242424242425,327.0,0.9099378881987578,1.0022720627682433,0,0,0,1,0
2021,Qatar Grand Prix,FP2,GAS,9.0,16.0,no_advantage,310.0,64.0,223.1923050761886,100.0,0.1415465268676277,108,763,295.49242424242425,327.0,0.9627329192546584,1.0203919341150443,0,0,0,1,0
2021,Qatar Grand Prix,FP3,GAS,8.0,16.0,clear_violation,320.0,96.0,234.6511675321588,100.0,0.1246537396121883,90,722,305.0396475770925,329.0,0.9785932721712538,1.059864056415178,0,0,0,1,0
2021,Qatar Grand Prix,FP3,LEC,16.0,16.0,clear_violation,326.0,101.0,226.99089134031777,100.0,0.1415220293724966,106,749,305.0396475770925,329.0,0.9969418960244648,1.0252643930794625,0,0,0,1,0
2021,Qatar Grand Prix,FP3,STR,12.0,16.0,clear_violation,321.0,101.0,227.4734241278504,100.0,0.1780455153949129,133,747,305.0396475770925,329.0,0.981651376146789,1.0274438800299273,0,0,0,1,0
2021,Qatar Grand Prix,FP3,TSU,19.0,2.0,clear_violation,320.0,96.0,229.4785829180596,100.0,0.1228070175438596,91,741,305.0396475770925,329.0,0.9785932721712538,1.0365007100107815,0,0,0,1,0
2021,Qatar Grand Prix,FP3,OCO,14.0,2.0,clear_violation,327.0,100.0,232.89206106118755,100.0,0.1418826739427012,104,733,305.0396475770925,329.0,1.0,1.051918586807684,0,0,0,1,0
2021,Qatar Grand Prix,FP3,PER,2.0,15.0,no_advantage,320.0,103.0,229.69548347741733,100.0,0.1233062330623306,91,738,305.0396475770925,329.0,0.9785932721712538,1.0374803987508687,0,0,0,1,0
2021,Qatar Grand Prix,FP3,NOR,8.0,15.0,no_advantage,317.5750005333333,57.0,163.00685738072852,100.0,0.1310211946050096,136,1038,305.0396475770925,329.0,0.9711773716615697,0.7362635818266362,0,0,0,1,0
2021,Qatar Grand Prix,FP3,LEC,16.0,16.0,no_advantage,326.0,101.0,226.99089134031777,100.0,0.1415220293724966,106,749,305.0396475770925,329.0,0.9969418960244648,1.0252643930794625,0,0,0,1,0
2021,Qatar Grand Prix,Q,NOR,4.0,16.0,clear_violation,329.0,100.0,234.09566612209355,100.0,0.1092436974789916,78,714,309.54545454545456,325.0,1.0,1.0041505866796459,0,1,0,0,0
2021,Qatar Grand Prix,Q,LEC,5.0,16.0,clear_violation,327.0,99.0,233.8066886999769,100.0,0.1342657342657342,96,715,309.54545454545456,325.0,0.993920972644377,1.0029110214507695,0,1,0,0,0
2021,Qatar Grand Prix,Q,MSC,2.0,2.0,clear_violation,320.0,96.0,230.1670171569432,100.0,0.1567567567567567,116,740,309.54545454545456,325.0,0.9726443768996961,0.9872986934833122,0,1,0,0,0
2021,Qatar Grand Prix,Q,TSU,2.0,1.0,no_advantage,321.0,99.0,234.44281982744127,100.0,0.1109550561797752,79,712,309.54545454545456,325.0,0.9756838905775076,1.0056396983862723,0,1,0,0,0
2021,Qatar Grand Prix,R,GAS,3.0,16.0,clear_violation,306.0,88.0,212.8155023876149,100.0,0.1551071878940731,123,793,298.7310536044362,334.0,0.9080118694362018,0.9899754152266587,0,0,1,0,0
2021,Qatar Grand Prix,R,GAS,4.0,16.0,clear_violation,310.0,90.0,212.0429304829372,100.0,0.1758793969849246,140,796,298.7310536044362,334.0,0.9198813056379822,0.986381564292187,0,0,1,0,0
2021,Qatar Grand Prix,R,ALO,29.0,2.0,clear_violation,300.0,92.0,215.1915195006972,100.0,0.148849797023004,110,739,298.7310536044362,334.0,0.8902077151335311,1.0010281745497323,0,0,1,0,0
2021,Qatar Grand Prix,R,OCO,47.0,2.0,clear_violation,301.0,88.0,217.58111368953988,100.0,0.1956241956241956,152,777,298.7310536044362,334.0,0.8931750741839762,1.012144091730493,0,0,1,0,0
2021,Qatar Grand Prix,R,VET,10.0,16.0,clear_violation,329.0,86.0,213.31258791577463,100.0,0.1941624365482233,153,788,298.7310536044362,334.0,0.9762611275964391,0.9922877582966986,0,0,1,0,0
2021,Qatar Grand Prix,R,VET,11.0,16.0,clear_violation,326.0,87.0,210.8588923543305,100.0,0.2124681933842239,167,786,298.7310536044362,334.0,0.9673590504451038,0.9808736542721892,0,0,1,0,0
2021,Qatar Grand Prix,R,GIO,49.0,16.0,clear_violation,335.0,91.0,217.9832324139839,100.0,0.204865556978233,160,781,298.7310536044362,334.0,0.9940652818991098,1.0140146681064415,0,0,1,0,0
2021,Qatar Grand Prix,R,GIO,50.0,16.0,clear_violation,328.0,95.0,220.14974056783385,100.0,0.1896551724137931,143,754,298.7310536044362,334.0,0.973293768545994,1.0240928333957966,0,0,1,0,0
2021,Qatar Grand Prix,R,STR,7.0,15.0,no_advantage,337.0,88.0,209.60881331506465,100.0,0.2544757033248082,199,782,298.7310536044362,334.0,1.0,0.9750585350629254,0,0,1,0,0
2021,Qatar Grand Prix,R,BOT,32.0,7.0,no_advantage,303.0,94.0,220.16059048781403,100.0,0.1470198675496688,111,755,298.7310536044362,334.0,0.8991097922848664,1.0241433050668782,0,0,1,0,0
2021,Russian Grand Prix,FP1,RAI,8.0,2.0,clear_violation,310.0,67.0,179.84234812758362,100.0,0.1840551181102362,187,1016,157.79301075268816,173.0,0.950920245398773,0.9894524501034181,0,0,0,1,0
2021,Russian Grand Prix,FP1,GAS,9.0,2.0,clear_violation,311.0,71.0,169.40320069349144,100.0,0.1872103799814643,202,1079,157.79301075268816,173.0,0.9539877300613497,0.9320185914311231,0,0,0,1,0
2021,Russian Grand Prix,FP1,GIO,5.0,2.0,clear_violation,313.0,66.0,155.036858483247,100.0,0.2225998300764655,262,1177,157.79301075268816,173.0,0.9601226993865031,0.8529781838355424,0,0,0,1,0
2021,Russian Grand Prix,FP1,RAI,2.0,13.0,no_advantage,326.0,70.0,204.79946980110816,100.0,0.1892497200447928,169,893,157.79301075268816,173.0,1.0,1.126760961944465,0,0,0,1,0
2021,Russian Grand Prix,FP1,MAZ,2.0,4.0,no_advantage,321.0,87.0,203.0871988402916,100.0,0.2171492204899777,195,898,157.79301075268816,173.0,0.9846625766871165,1.1173404293776916,0,0,0,1,0
2021,Russian Grand Prix,FP1,NOR,16.0,10.0,no_advantage,266.0,79.0,158.0323338222313,100.0,0.1348713398402839,152,1127,157.79301075268816,173.0,0.8159509202453987,0.8694586204192538,0,0,0,1,0
2021,Russian Grand Prix,FP1,GIO,21.0,13.0,no_advantage,300.0,92.0,202.11484632045725,100.0,0.1836283185840708,166,904,157.79301075268816,173.0,0.9202453987730062,1.1119907628885073,0,0,0,1,0
2021,Russian Grand Prix,FP2,PER,19.0,2.0,clear_violation,307.0,83.0,198.93250218630345,100.0,0.1936542669584245,177,914,159.33123028391168,177.0,0.9654088050314465,1.061973165483687,0,0,0,1,0
2021,Russian Grand Prix,FP2,PER,6.0,14.0,no_advantage,318.0,44.0,190.9716201573317,100.0,0.1596194503171247,151,946,159.33123028391168,177.0,1.0,1.0194751171736538,0,0,0,1,0
2021,Russian Grand Prix,FP2,HAM,14.0,7.0,no_advantage,299.0,0.0,151.5469421695593,104.0,0.2398001665278934,288,1201,159.33123028391168,177.0,0.940251572327044,0.8090120223012044,0,0,0,1,0
2021,Russian Grand Prix,FP2,VET,17.0,7.0,no_advantage,296.0,98.0,207.8428297282764,100.0,0.1803652968036529,158,876,159.33123028391168,177.0,0.9308176100628931,1.1095396950414547,0,0,0,1,0
2021,Russian Grand Prix,Q,NOR,7.0,2.0,clear_violation,294.0,56.0,174.68129526719358,100.0,0.2260536398467433,236,1044,137.90344827586208,156.0,0.9576547231270358,1.078348601574259,0,1,0,0,0
2021,Russian Grand Prix,Q,HAM,5.0,2.0,clear_violation,307.0,76.0,161.65025015356662,100.0,0.303886925795053,344,1132,137.90344827586208,156.0,1.0,0.9979049040745543,0,1,0,0,0
2021,Russian Grand Prix,Q,BOT,11.0,2.0,clear_violation,300.0,38.0,170.74699046667627,100.0,0.2044817927170868,219,1071,137.90344827586208,156.0,0.9771986970684039,1.0540612153757807,0,1,0,0,0
2021,Russian Grand Prix,Q,BOT,4.0,10.0,no_advantage,296.0,37.0,157.24101677923807,100.0,0.2328178694158075,271,1164,137.90344827586208,156.0,0.9641693811074918,0.9706856724106894,0,1,0,0,0
2021,Russian Grand Prix,Q,STR,5.0,10.0,no_advantage,302.0,43.0,158.22909856180968,100.0,0.2309711286089238,264,1143,137.90344827586208,156.0,0.9837133550488599,0.9767853329773648,0,1,0,0,0
2021,Russian Grand Prix,Q,LAT,10.0,13.0,no_advantage,287.0,47.0,140.6118542912964,100.0,0.225521669341894,281,1246,137.90344827586208,156.0,0.9348534201954397,0.868029952536423,0,1,0,0,0
2021,Russian Grand Prix,Q,TSU,14.0,4.0,no_advantage,307.0,81.0,192.85175570138315,100.0,0.1853813559322034,175,944,137.90344827586208,156.0,1.0,1.1905191151326655,0,1,0,0,0
2021,Russian Grand Prix,Q,VET,18.0,7.0,no_advantage,281.0,44.0,147.22435502741635,100.0,0.275750202757502,340,1233,137.90344827586208,156.0,0.9153094462540716,0.9088504703302528,0,1,0,0,0
2021,Russian Grand Prix,Q,PER,21.0,5.0,no_advantage,277.0,40.0,164.03445089008952,100.0,0.2632058287795992,289,1098,137.90344827586208,156.0,0.9022801302931596,1.012623134358851,0,1,0,0,0
2021,Russian Grand Prix,Q,PER,24.0,15.0,no_advantage,273.0,54.0,152.62527261806528,100.0,0.2805816937553465,328,1169,137.90344827586208,156.0,0.8892508143322475,0.9421916012291597,0,1,0,0,0
2021,Russian Grand Prix,R,BOT,40.0,2.0,clear_violation,336.0,60.0,205.67320010205705,100.0,0.223391812865497,191,855,158.6849593495935,172.0,1.0,1.0123399617964026,0,0,1,0,0
2021,Russian Grand Prix,R,RUS,19.0,2.0,clear_violation,309.0,90.0,204.38874275134947,100.0,0.1849775784753363,165,892,158.6849593495935,172.0,0.9196428571428571,1.0060177598532267,0,0,1,0,0
2021,Russian Grand Prix,R,MSC,4.0,2.0,clear_violation,330.0,84.0,199.436470319246,100.0,0.1934426229508196,177,915,158.6849593495935,172.0,0.9821428571428571,0.9816422783503703,0,0,1,0,0
2021,Saudi Arabian Grand Prix,FP2,PER,1.0,4.0,no_advantage,298.4416672,27.0,149.77784996156294,100.0,0.2378600823045267,289,1215,294.4033149171271,312.0,0.9326302099999999,0.7845691975257799,0,0,0,1,0
2021,Saudi Arabian Grand Prix,FP2,VER,1.0,8.0,no_advantage,300.85000106666666,29.0,169.16139611470962,100.0,0.2207792207792207,238,1078,294.4033149171271,312.0,0.9401562533333333,0.8861044596121359,0,0,0,1,0
2021,Saudi Arabian Grand Prix,FP2,PER,4.0,2.0,no_advantage,308.0,55.0,157.30005354311817,100.0,0.1687141687141687,206,1221,294.4033149171271,312.0,0.9625,0.8239721481564697,0,0,0,1,0
2021,Saudi Arabian Grand Prix,FP2,GAS,5.0,2.0,no_advantage,312.0,66.0,163.73823171996972,100.0,0.0964163822525597,113,1172,294.4033149171271,312.0,0.975,0.8576967361849177,0,0,0,1,0
2021,Saudi Arabian Grand Prix,FP2,GAS,10.0,8.0,no_advantage,320.0,93.0,243.8549901320756,100.0,0.0936708860759493,74,790,294.4033149171271,312.0,1.0,1.2773658719875984,0,0,0,1,0
2021,Saudi Arabian Grand Prix,FP2,LEC,14.0,8.0,no_advantage,312.0,67.0,152.6883887436464,100.0,0.162291169451074,204,1257,294.4033149171271,312.0,0.975,0.7998152374256242,0,0,0,1,0
2021,Saudi Arabian Grand Prix,FP2,ALO,14.0,5.0,no_advantage,298.0,90.0,231.4500259649349,100.0,0.1157125456760048,95,821,294.4033149171271,312.0,0.93125,1.2123859514957014,0,0,0,1,0
2021,Saudi Arabian Grand Prix,FP2,MSC,13.0,23.0,no_advantage,310.0,85.0,231.26152167102583,100.0,0.1207729468599033,100,828,294.4033149171271,312.0,0.96875,1.211398524699013,0,0,0,1,0
2021,Saudi Arabian Grand Prix,FP2,VET,19.0,11.0,no_advantage,298.0,91.0,218.908725750258,100.0,0.1484018264840182,130,876,294.4033149171271,312.0,0.93125,1.1466918729127598,0,0,0,1,0
2021,Saudi Arabian Grand Prix,FP3,HAM,4.0,1.0,no_advantage,308.0,66.0,144.4806933340852,100.0,0.146816479400749,196,1335,282.5098039215686,315.0,1.0,1.0,0,0,0,1,0
2021,Saudi Arabian Grand Prix,Q,SAI,11.0,4.0,clear_violation,323.0,89.0,243.7794185868512,100.0,0.1379746835443038,109,790,302.4432624113475,314.0,1.0,1.0,0,1,0,0,0
2021,Saudi Arabian Grand Prix,R,STR,3.0,7.0,no_advantage,316.0,84.0,221.04796459037115,100.0,0.2039170506912442,177,868,271.99495586380834,320.0,1.0,0.9694753970207287,0,0,1,0,0
2021,Saudi Arabian Grand Prix,R,OCO,6.0,,no_advantage,307.0,83.0,229.76618258808,100.0,0.13189448441247,110,834,271.99495586380834,320.0,0.9715189873417721,1.007711885062158,0,0,1,0,0
2021,Saudi Arabian Grand Prix,R,VET,42.0,4.0,no_advantage,303.0,89.0,233.20929045493787,100.0,0.1299638989169675,108,831,271.99495586380834,320.0,0.9588607594936709,1.0228127179171131,0,0,1,0,0
2021,Spanish Grand Prix,FP1,LEC,16.0,2.0,clear_violation,314.0,67.0,178.28321933522002,100.0,0.1975757575757575,163,825,276.5561497326203,287.0,0.9874213836477987,1.0566636464023942,0,0,0,1,0
2021,Spanish Grand Prix,FP1,SAI,15.0,2.0,clear_violation,291.0,53.0,152.16698037486145,100.0,0.165631469979296,160,966,276.5561497326203,287.0,0.9150943396226415,0.9018757735276018,0,0,0,1,0
2021,Spanish Grand Prix,FP1,MAZ,1.0,7.0,no_advantage,278.0,74.0,152.2863494366721,100.0,0.206858407079646,187,904,276.5561497326203,287.0,0.8742138364779874,0.9025832599000759,0,0,0,1,0
2021,Spanish Grand Prix,FP1,HAM,8.0,2.0,no_advantage,305.0,57.0,146.85093369264737,100.0,0.1815446339017051,181,997,276.5561497326203,287.0,0.9591194968553459,0.870368190858749,0,0,0,1,0
2021,Spanish Grand Prix,FP1,SAI,14.0,2.0,no_advantage,311.0,83.0,209.0555813367948,100.0,0.1735419630156472,122,703,276.5561497326203,287.0,0.9779874213836478,1.2390478122383255,0,0,0,1,0
2021,Spanish Grand Prix,FP1,LEC,15.0,2.0,no_advantage,318.0,42.0,152.73373541304528,100.0,0.1744548286604361,168,963,276.5561497326203,287.0,1.0,0.9052348638979536,0,0,0,1,0
2021,Spanish Grand Prix,FP1,SAI,16.0,13.0,no_advantage,314.0,57.0,189.6826033679121,100.0,0.1761658031088082,136,772,276.5561497326203,287.0,0.9874213836477987,1.1242264531748993,0,0,0,1,0
2021,Spanish Grand Prix,FP2,LEC,5.0,2.0,no_advantage,305.0,58.0,142.15416197522856,100.0,0.1645445641527913,168,1021,272.43983402489624,289.0,1.0,1.0,0,0,0,1,0
2021,Spanish Grand Prix,FP3,RIC,5.0,13.0,no_advantage,297.0,77.0,166.5721402170382,99.0,0.0757749712973593,66,871,274.25321888412014,287.0,0.9966442953020134,1.1691791797135789,0,0,0,1,0
2021,Spanish Grand Prix,FP3,RAI,12.0,13.0,no_advantage,298.0,45.0,127.35568240857748,100.0,0.228695652173913,263,1150,274.25321888412014,287.0,1.0,0.8939166663543473,0,0,0,1,0
2021,Spanish Grand Prix,FP3,NOR,11.0,10.0,no_advantage,294.0,62.0,133.4800797059442,99.0,0.0846223839854413,93,1099,274.25321888412014,287.0,0.9865771812080537,0.936904153932074,0,0,0,1,0
2021,Spanish Grand Prix,Q,STR,3.0,13.0,no_advantage,298.0,69.0,172.61257337120625,100.0,0.2234042553191489,189,846,281.86046511627904,299.0,1.0,1.0,0,1,0,0,0
2021,Spanish Grand Prix,R,ALO,11.0,2.0,clear_violation,316.0,81.0,190.6054402113163,100.0,0.2158647594278283,166,769,276.1976840363937,296.0,0.9294117647058824,0.9953055655724939,0,0,1,0,0
2021,Spanish Grand Prix,R,STR,60.0,2.0,clear_violation,336.0,78.0,191.3694050343445,100.0,0.2747395833333333,211,768,276.1976840363937,296.0,0.9882352941176471,0.9992948454137124,0,0,1,0,0
2021,Spanish Grand Prix,R,MAZ,5.0,2.0,clear_violation,340.0,78.0,192.5384905710072,100.0,0.2308707124010554,175,758,276.1976840363937,296.0,1.0,1.0053995890137934,0,0,1,0,0
2021,Styrian Grand Prix,FP1,NOR,16.0,10.0,clear_violation,315.0,65.0,232.1018624356552,100.0,0.1504273504273504,88,585,265.8543859649123,287.0,0.9968354430379747,1.0431434930774235,0,0,0,1,0
2021,Styrian Grand Prix,FP1,NOR,20.0,10.0,clear_violation,284.0,68.0,218.0657428785883,100.0,0.1561996779388083,97,621,265.8543859649123,287.0,0.8987341772151899,0.9800604715524662,0,0,0,1,0
2021,Styrian Grand Prix,FP1,NOR,21.0,10.0,clear_violation,289.0,65.0,218.8970442179865,99.0,0.1766612641815235,109,617,265.8543859649123,287.0,0.9145569620253164,0.9837966181472406,0,0,0,1,0
2021,Styrian Grand Prix,FP1,NOR,27.0,10.0,clear_violation,292.0,64.0,217.94497312485595,99.0,0.1486268174474959,92,619,265.8543859649123,287.0,0.9240506329113924,0.9795176918373685,0,0,0,1,0
2021,Styrian Grand Prix,FP1,NOR,28.0,10.0,clear_violation,297.0,63.0,218.10291489715232,99.0,0.1857835218093699,115,619,265.8543859649123,287.0,0.939873417721519,0.9802275350515811,0,0,0,1,0
2021,Styrian Grand Prix,FP1,NOR,29.0,10.0,clear_violation,293.0,61.0,218.5530802155739,99.0,0.1744749596122778,108,619,265.8543859649123,287.0,0.9272151898734177,0.9822507287381497,0,0,0,1,0
2021,Styrian Grand Prix,FP1,MAZ,11.0,9.0,clear_violation,314.0,62.0,226.0605124173869,100.0,0.1883333333333333,113,600,265.8543859649123,287.0,0.9936708860759493,1.0159916430456002,0,0,0,1,0
2021,Styrian Grand Prix,FP1,MAZ,18.0,9.0,clear_violation,291.0,63.0,214.0987208198325,100.0,0.1795275590551181,114,635,265.8543859649123,287.0,0.9208860759493671,0.9622313459950057,0,0,0,1,0
2021,Styrian Grand Prix,FP1,GAS,7.0,10.0,clear_violation,316.0,67.0,231.31726974272,100.0,0.1618398637137989,95,587,265.8543859649123,287.0,1.0,1.0396172707810454,0,0,0,1,0
2021,Styrian Grand Prix,FP1,GAS,17.0,10.0,clear_violation,313.0,67.0,233.3422793445652,100.0,0.1502590673575129,87,579,265.8543859649123,287.0,0.990506329113924,1.048718342040953,0,0,0,1,0
2021,Styrian Grand Prix,FP1,ALO,9.0,9.0,clear_violation,315.0,68.0,230.5043876466784,100.0,0.1358234295415959,80,589,265.8543859649123,287.0,0.9968354430379747,1.0359639064339152,0,0,0,1,0
2021,Styrian Grand Prix,FP1,ALO,11.0,10.0,clear_violation,312.0,66.0,231.0706590281121,100.0,0.1292517006802721,76,588,265.8543859649123,287.0,0.9873417721518988,1.038508919647768,0,0,0,1,0
2021,Styrian Grand Prix,FP1,ALO,14.0,9.0,clear_violation,316.0,68.0,233.34114442675545,100.0,0.1362068965517241,79,580,265.8543859649123,287.0,1.0,1.048713241340269,0,0,0,1,0
2021,Styrian Grand Prix,FP1,OCO,6.0,9.0,clear_violation,314.0,64.0,228.70782797623195,100.0,0.1652613827993254,98,593,265.8543859649123,287.0,0.9936708860759493,1.0278895656660938,0,0,0,1,0
2021,Styrian Grand Prix,FP1,VER,6.0,10.0,clear_violation,312.0,71.0,232.74323212579952,100.0,0.1678082191780822,98,584,265.8543859649123,287.0,0.9873417721518988,1.046026023238579,0,0,0,1,0
2021,Styrian Grand Prix,FP1,HAM,8.0,10.0,clear_violation,312.0,70.0,231.45275612831296,100.0,0.1484641638225255,87,586,265.8543859649123,287.0,0.9873417721518988,1.0402261919678415,0,0,0,1,0
2021,Styrian Grand Prix,FP1,HAM,23.0,10.0,clear_violation,289.0,67.0,221.511220420838,100.0,0.1530944625407166,94,614,265.8543859649123,287.0,0.9145569620253164,0.9955456014046169,0,0,0,1,0
2021,Styrian Grand Prix,FP1,HAM,24.0,10.0,clear_violation,289.0,69.0,221.4182200947585,100.0,0.1571194762684124,96,611,265.8543859649123,287.0,0.9145569620253164,0.9951276267964606,0,0,0,1,0
2021,Styrian Grand Prix,FP1,SAI,8.0,10.0,clear_violation,306.0,67.0,229.5135191980928,100.0,0.1561969439728353,92,589,265.8543859649123,287.0,0.9683544303797469,1.031510611816668,0,0,0,1,0
2021,Styrian Grand Prix,FP1,SAI,9.0,10.0,clear_violation,288.0,60.0,149.3982027453169,100.0,0.1639163916391639,149,909,265.8543859649123,287.0,0.9113924050632911,0.6714455516893709,0,0,0,1,0
2021,Styrian Grand Prix,FP1,BOT,19.0,10.0,clear_violation,315.0,71.0,234.40345476464336,100.0,0.1450777202072538,84,579,265.8543859649123,287.0,0.9968354430379747,1.0534876197315837,0,0,0,1,0
2021,Styrian Grand Prix,FP2,NOR,11.0,10.0,clear_violation,318.0,70.0,233.5711823392056,100.0,0.1519861830742659,88,579,266.075,286.0,0.9875776397515528,1.0721834088977602,0,0,0,1,0
2021,Styrian Grand Prix,FP2,NOR,27.0,10.0,clear_violation,289.0,64.0,219.59652164809813,100.0,0.1655844155844155,102,616,266.075,286.0,0.8975155279503105,1.0080342309558454,0,0,0,1,0
2021,Styrian Grand Prix,FP2,NOR,28.0,10.0,clear_violation,289.0,60.0,219.1719369242825,100.0,0.1634304207119741,101,618,266.075,286.0,0.8975155279503105,1.0060852204144446,0,0,0,1,0
2021,Styrian Grand Prix,FP2,NOR,31.0,9.0,clear_violation,296.0,59.0,217.51172315660816,99.0,0.1771336553945249,110,621,266.075,286.0,0.9192546583850931,0.9984641875494443,0,0,0,1,0
2021,Styrian Grand Prix,FP2,NOR,33.0,10.0,clear_violation,295.0,0.0,174.5781027986896,100.0,0.2282749675745784,176,771,266.075,286.0,0.9161490683229814,0.8013820176915891,0,0,0,1,0
2021,Styrian Grand Prix,FP2,NOR,34.0,10.0,clear_violation,322.0,51.0,220.6217098463408,100.0,0.1693811074918566,104,614,266.075,286.0,1.0,1.0127402471952858,0,0,0,1,0
2021,Styrian Grand Prix,FP2,VET,32.0,10.0,clear_violation,286.0,66.0,217.7392710550245,100.0,0.1591639871382636,99,622,266.075,286.0,0.8881987577639752,0.9995087217208612,0,0,0,1,0
2021,Styrian Grand Prix,FP2,VET,33.0,10.0,clear_violation,298.0,67.0,220.7350464454833,100.0,0.1517128874388254,93,613,266.075,286.0,0.9254658385093167,1.013260506672523,0,0,0,1,0
2021,Styrian Grand Prix,FP2,MAZ,9.0,9.0,clear_violation,319.0,66.0,230.6009341235219,100.0,0.1839863713798978,108,587,266.075,286.0,0.9906832298136646,1.0585488036983086,0,0,0,1,0
2021,Styrian Grand Prix,FP2,MAZ,15.0,9.0,clear_violation,291.0,63.0,213.56763902993325,100.0,0.1876971608832807,119,634,266.075,286.0,0.9037267080745341,0.9803592932659682,0,0,0,1,0
2021,Styrian Grand Prix,FP2,MAZ,24.0,9.0,clear_violation,298.0,63.0,216.3712834487218,99.0,0.1961722488038277,123,627,266.075,286.0,0.9254658385093167,0.9932291216419208,0,0,0,1,0
2021,Styrian Grand Prix,FP2,ALO,8.0,9.0,clear_violation,314.0,68.0,232.42049997628544,100.0,0.1455479452054794,85,584,266.075,286.0,0.9751552795031055,1.0669013251831583,0,0,0,1,0
2021,Styrian Grand Prix,FP2,ALO,21.0,10.0,clear_violation,306.0,67.0,222.17836498392336,100.0,0.174055829228243,106,609,266.075,286.0,0.9503105590062112,1.0198859052990652,0,0,0,1,0
2021,Styrian Grand Prix,FP2,ALO,22.0,10.0,clear_violation,309.0,67.0,221.37907451269223,100.0,0.1620294599018003,99,611,266.075,286.0,0.9596273291925466,1.0162168482965641,0,0,0,1,0
2021,Styrian Grand Prix,FP2,TSU,30.0,10.0,clear_violation,296.0,57.0,217.60030981733783,100.0,0.1564516129032258,97,620,266.075,286.0,0.9192546583850931,0.9988708350944573,0,0,0,1,0
2021,Styrian Grand Prix,FP2,TSU,31.0,10.0,clear_violation,297.0,61.0,219.621857498312,100.0,0.1542207792207792,95,616,266.075,286.0,0.922360248447205,1.0081505324532203,0,0,0,1,0
2021,Styrian Grand Prix,FP2,TSU,37.0,10.0,clear_violation,297.0,69.0,217.87020612837588,100.0,0.1723027375201288,107,621,266.075,286.0,0.922360248447205,1.0001097651025157,0,0,0,1,0
2021,Styrian Grand Prix,FP2,VER,26.0,10.0,clear_violation,299.0,67.0,223.05178894813224,100.0,0.1663920922570016,101,607,266.075,286.0,0.9285714285714286,1.0238952641334031,0,0,0,1,0
2021,Styrian Grand Prix,FP2,VER,27.0,10.0,clear_violation,304.0,65.0,223.0938704351385,100.0,0.1647446457990115,100,607,266.075,286.0,0.9440993788819876,1.0240884346766954,0,0,0,1,0
2021,Styrian Grand Prix,FP2,HAM,14.0,10.0,clear_violation,311.0,73.0,236.9778984209352,100.0,0.1190893169877408,68,571,266.075,286.0,0.9658385093167702,1.0878215729258514,0,0,0,1,0
2021,Styrian Grand Prix,FP2,HAM,15.0,10.0,clear_violation,299.0,49.0,148.40852192468168,100.0,0.187018701870187,170,909,266.075,286.0,0.9285714285714286,0.6812533693287481,0,0,0,1,0
2021,Styrian Grand Prix,FP2,HAM,21.0,9.0,clear_violation,291.0,71.0,222.9302923029828,100.0,0.131578947368421,80,608,266.075,286.0,0.9037267080745341,1.0233375468419919,0,0,0,1,0
2021,Styrian Grand Prix,FP2,HAM,27.0,10.0,clear_violation,298.0,70.0,222.7628433005351,100.0,0.1386138613861386,84,606,266.075,286.0,0.9254658385093167,1.0225688901932442,0,0,0,1,0
2021,Styrian Grand Prix,FP2,HAM,28.0,10.0,clear_violation,299.0,70.0,220.9584737737939,100.0,0.1454248366013072,89,612,266.075,286.0,0.9285714285714286,1.014286125809738,0,0,0,1,0
2021,Styrian Grand Prix,FP2,GIO,8.0,10.0,clear_violation,318.0,66.0,232.8380023499526,100.0,0.1623931623931624,95,585,266.075,286.0,0.9875776397515528,1.0688178249573952,0,0,0,1,0
2021,Styrian Grand Prix,FP3,NOR,8.0,9.0,clear_violation,300.0,67.0,212.5466016730195,99.0,0.1442006269592476,92,638,256.22636103151865,289.0,0.9463722397476341,1.0706064564449032,0,0,0,1,0
2021,Styrian Grand Prix,FP3,NOR,12.0,10.0,clear_violation,316.0,70.0,237.61577410622124,100.0,0.1473684210526315,84,570,256.22636103151865,289.0,0.9968454258675079,1.1968809659099175,0,0,0,1,0
2021,Styrian Grand Prix,FP3,NOR,13.0,10.0,clear_violation,306.0,40.0,124.65770740592936,99.0,0.1168353265869365,127,1087,256.22636103151865,289.0,0.9652996845425867,0.6279062819349175,0,0,0,1,0
2021,Styrian Grand Prix,FP3,RAI,2.0,9.0,clear_violation,312.0,67.0,233.1394900727231,100.0,0.1675302245250431,97,579,256.22636103151865,289.0,0.9842271293375394,1.1743337289772997,0,0,0,1,0
2021,Styrian Grand Prix,FP3,MAZ,3.0,9.0,clear_violation,292.0,66.0,217.8741102628131,100.0,0.1955128205128205,122,624,256.22636103151865,289.0,0.9211356466876972,1.0974413484079053,0,0,0,1,0
2021,Styrian Grand Prix,FP3,MAZ,6.0,10.0,clear_violation,293.0,63.0,217.7060727051216,100.0,0.2003205128205128,125,624,256.22636103151865,289.0,0.9242902208201893,1.0965949359375402,0,0,0,1,0
2021,Styrian Grand Prix,FP3,MAZ,11.0,10.0,clear_violation,316.0,71.0,231.45250406550304,100.0,0.1883561643835616,110,584,256.22636103151865,289.0,0.9968454258675079,1.165836307249332,0,0,0,1,0
2021,Styrian Grand Prix,FP3,MAZ,12.0,10.0,clear_violation,315.0,40.0,132.1093312206042,100.0,0.1333982473222979,137,1027,256.22636103151865,289.0,0.9936908517350158,0.6654404344652055,0,0,0,1,0
2021,Styrian Grand Prix,FP3,ALO,4.0,10.0,clear_violation,309.0,70.0,231.2429691232512,100.0,0.1507798960138648,87,577,256.22636103151865,289.0,0.9747634069400631,1.1647808706520877,0,0,0,1,0
2021,Styrian Grand Prix,FP3,ALO,5.0,10.0,clear_violation,288.0,51.0,138.82805106366672,100.0,0.2008412197686645,191,951,256.22636103151865,289.0,0.9085173501577287,0.6992829178848795,0,0,0,1,0
2021,Styrian Grand Prix,FP3,LEC,17.0,9.0,clear_violation,312.0,74.0,236.44213441172613,100.0,0.1436077057793345,82,571,256.22636103151865,289.0,0.9842271293375394,1.1909692918366737,0,0,0,1,0
2021,Styrian Grand Prix,FP3,TSU,4.0,10.0,clear_violation,314.0,72.0,233.4779740767269,100.0,0.1465968586387434,84,573,256.22636103151865,289.0,0.9905362776025236,1.1760386875945505,0,0,0,1,0
2021,Styrian Grand Prix,FP3,TSU,5.0,10.0,clear_violation,306.0,56.0,142.1755990061316,100.0,0.1059322033898305,100,944,256.22636103151865,289.0,0.9652996845425867,0.7161446621435584,0,0,0,1,0
2021,Styrian Grand Prix,FP3,VER,13.0,10.0,clear_violation,317.0,73.0,239.91475333026656,100.0,0.1469026548672566,83,565,256.22636103151865,289.0,1.0,1.208461024029511,0,0,0,1,0
2021,Styrian Grand Prix,FP3,VER,14.0,10.0,clear_violation,303.0,48.0,152.6798786967544,100.0,0.1097285067873303,97,884,256.22636103151865,289.0,0.9558359621451105,0.7690551747961416,0,0,0,1,0
2021,Styrian Grand Prix,FP3,MSC,17.0,10.0,clear_violation,316.0,70.0,235.09569793714843,100.0,0.158894645941278,92,579,256.22636103151865,289.0,0.9968454258675079,1.1841872328833465,0,0,0,1,0
2021,Styrian Grand Prix,FP3,MSC,18.0,10.0,clear_violation,308.0,53.0,124.6458511199367,100.0,0.0871559633027523,95,1090,256.22636103151865,289.0,0.9716088328075709,0.627846561307849,0,0,0,1,0
2021,Styrian Grand Prix,FP3,SAI,2.0,9.0,clear_violation,311.0,71.0,231.9203996362659,100.0,0.1690140845070422,96,568,256.22636103151865,289.0,0.9810725552050473,1.1681931175443812,0,0,0,1,0
2021,Styrian Grand Prix,Q,HAM,23.0,9.0,clear_violation,317.0,74.0,233.77566899989563,100.0,0.1450777202072538,84,579,276.0745614035088,292.0,0.990625,0.9836581181373337,0,1,0,0,0
2021,Styrian Grand Prix,Q,GAS,5.0,10.0,clear_violation,320.0,70.0,239.07625320935813,100.0,0.1362831858407079,77,565,276.0745614035088,292.0,1.0,1.0059613916593986,0,1,0,0,0
2021,Styrian Grand Prix,Q,TSU,14.0,10.0,clear_violation,318.0,73.0,240.17796478391105,100.0,0.146643109540636,83,566,276.0745614035088,292.0,0.99375,1.0105970645623614,0,1,0,0,0
2021,Styrian Grand Prix,Q,STR,14.0,10.0,clear_violation,318.0,68.0,239.2790141774649,100.0,0.18342151675485,104,567,276.0745614035088,292.0,0.99375,1.0068145491893197,0,1,0,0,0
2021,Styrian Grand Prix,Q,SAI,14.0,9.0,clear_violation,315.0,74.0,239.87872558820297,100.0,0.1552028218694885,88,567,276.0745614035088,292.0,0.984375,1.0093379554968955,0,1,0,0,0
2021,Styrian Grand Prix,Q,VET,14.0,10.0,clear_violation,318.0,74.0,240.05041957187777,100.0,0.1501766784452297,85,566,276.0745614035088,292.0,0.99375,1.0100603924451013,0,1,0,0,0
2021,Styrian Grand Prix,Q,MAZ,2.0,9.0,clear_violation,317.0,68.0,231.37825777506097,100.0,0.1788756388415673,105,587,276.0745614035088,292.0,0.990625,0.9735705285095901,0,1,0,0,0
2021,Styrian Grand Prix,R,HAM,5.0,9.0,clear_violation,293.0,68.0,221.54494980024225,100.0,0.1521035598705501,94,618,274.14251968503936,289.0,0.915625,1.0053689986369907,0,0,1,0,0
2021,Styrian Grand Prix,R,HAM,56.0,10.0,clear_violation,296.0,70.0,224.3314795598472,100.0,0.1428571428571428,87,609,274.14251968503936,289.0,0.925,1.0180142457374648,0,0,1,0,0
2021,Styrian Grand Prix,R,HAM,57.0,10.0,clear_violation,297.0,68.0,224.30472114738825,100.0,0.1611842105263158,98,608,274.14251968503936,289.0,0.928125,1.017892816301302,0,0,1,0,0
2021,Styrian Grand Prix,R,NOR,7.0,10.0,clear_violation,296.0,62.0,217.7071068886493,99.0,0.1815286624203821,114,628,274.14251968503936,289.0,0.925,0.987952901865508,0,0,1,0,0
2021,Styrian Grand Prix,R,NOR,8.0,10.0,clear_violation,291.0,60.0,217.29971304479835,99.0,0.1806656101426307,114,631,274.14251968503936,289.0,0.909375,0.9861041522496282,0,0,1,0,0
2021,Styrian Grand Prix,R,LEC,48.0,10.0,clear_violation,313.0,61.0,222.3101415198871,100.0,0.2019543973941368,124,614,274.14251968503936,289.0,0.978125,1.0088414318097545,0,0,1,0,0
2021,Styrian Grand Prix,R,LEC,49.0,10.0,clear_violation,320.0,59.0,222.68991105645364,100.0,0.2,122,610,274.14251968503936,289.0,1.0,1.010564822566506,0,0,1,0,0
2021,Styrian Grand Prix,R,LEC,51.0,10.0,clear_violation,310.0,58.0,220.92998351705617,100.0,0.2025931928687196,125,617,274.14251968503936,289.0,0.96875,1.0025782871498645,0,0,1,0,0
2021,Styrian Grand Prix,R,LEC,52.0,10.0,clear_violation,315.0,57.0,219.7396394594859,100.0,0.2016129032258064,125,620,274.14251968503936,289.0,0.984375,0.9971765164741079,0,0,1,0,0
2021,Styrian Grand Prix,R,TSU,28.0,9.0,clear_violation,304.0,66.0,218.4246873901479,100.0,0.1932907348242811,121,626,274.14251968503936,289.0,0.95,0.9912092757566013,0,0,1,0,0
2021,Styrian Grand Prix,R,TSU,69.0,9.0,clear_violation,320.0,62.0,220.3283393381177,100.0,0.2094155844155844,129,616,274.14251968503936,289.0,1.0,0.9998480312525375,0,0,1,0,0
2021,Styrian Grand Prix,R,RAI,64.0,10.0,clear_violation,316.0,60.0,221.4578586910804,100.0,0.1818181818181818,112,616,274.14251968503936,289.0,0.9875,1.0049737799633662,0,0,1,0,0
2021,Styrian Grand Prix,R,RAI,65.0,10.0,clear_violation,319.0,61.0,220.5115725945984,100.0,0.2249190938511326,139,618,274.14251968503936,289.0,0.996875,1.0006795421299062,0,0,1,0,0
2021,Styrian Grand Prix,R,VET,66.0,10.0,clear_violation,295.0,61.0,220.30508554602864,100.0,0.1618122977346278,100,618,274.14251968503936,289.0,0.921875,0.9997425057522353,0,0,1,0,0
2021,Styrian Grand Prix,R,VET,67.0,10.0,clear_violation,295.0,56.0,217.15739116075352,100.0,0.182108626198083,114,626,274.14251968503936,289.0,0.921875,0.9854582968140821,0,0,1,0,0
2021,Styrian Grand Prix,R,MAZ,28.0,9.0,clear_violation,295.0,63.0,216.746658469844,100.0,0.1962025316455696,124,632,274.14251968503936,289.0,0.921875,0.9835943955401442,0,0,1,0,0
2021,São Paulo Grand Prix,FP1,LEC,18.0,4.0,no_advantage,314.0,53.0,147.09678655819854,100.0,0.1463146314631463,133,909,306.8030303030303,331.0,0.9843260188087775,0.9176347222701043,0,0,0,1,0
2021,São Paulo Grand Prix,FP1,RUS,18.0,4.0,no_advantage,312.0,63.0,154.1079658746364,100.0,0.1397228637413395,121,866,306.8030303030303,331.0,0.9780564263322884,0.9613726021746383,0,0,0,1,0
2021,São Paulo Grand Prix,FP1,BOT,28.0,5.0,no_advantage,319.0,57.0,179.69505330130616,100.0,0.2010869565217391,148,736,306.8030303030303,331.0,1.0,1.1209926755552577,0,0,0,1,0
2021,São Paulo Grand Prix,FP2,NOR,20.0,4.0,clear_violation,326.0,76.0,205.89075590601664,100.0,0.1929012345679012,125,648,301.49514563106794,329.0,1.0,1.0064344945559356,0,0,0,1,0
2021,São Paulo Grand Prix,FP2,RAI,29.0,4.0,clear_violation,314.0,77.0,204.02483764194344,100.0,0.1779141104294478,116,652,301.49514563106794,329.0,0.9631901840490797,0.9973135192274346,0,0,0,1,0
2021,São Paulo Grand Prix,FP2,RAI,33.0,4.0,clear_violation,313.0,74.0,204.5023554991569,100.0,0.1929555895865237,126,653,301.49514563106794,329.0,0.9601226993865031,0.9996477203971338,0,0,0,1,0
2021,São Paulo Grand Prix,FP2,MAZ,2.0,4.0,clear_violation,302.0,83.0,200.21843981493367,100.0,0.2020958083832335,135,668,301.49514563106794,329.0,0.9263803680981595,0.9787070982822705,0,0,0,1,0
2021,São Paulo Grand Prix,FP2,GAS,22.0,4.0,clear_violation,306.0,82.0,205.53725335072247,100.0,0.1523076923076923,99,650,301.49514563106794,329.0,0.9386503067484663,1.0047065045643688,0,0,0,1,0
2021,São Paulo Grand Prix,FP2,LEC,8.0,4.0,clear_violation,323.0,78.0,203.63743987438048,100.0,0.1829268292682926,120,656,301.49514563106794,329.0,0.99079754601227,0.9954198427742417,0,0,0,1,0
2021,São Paulo Grand Prix,FP2,LEC,22.0,4.0,clear_violation,319.63333546666667,81.0,208.2098781821244,100.0,0.1934477379095164,124,641,301.49514563106794,329.0,0.980470354192229,1.0177708201986146,0,0,0,1,0
2021,São Paulo Grand Prix,Q,HAM,11.0,4.0,clear_violation,324.0,94.0,223.1022963926233,100.0,0.1428571428571428,86,602,314.6431718061674,327.0,0.9818181818181818,1.0127214787254817,0,1,0,0,0
2021,São Paulo Grand Prix,Q,LEC,6.0,4.0,clear_violation,326.0,87.0,220.95123148375023,100.0,0.1672185430463576,101,604,314.6431718061674,327.0,0.9878787878787879,1.002957215109321,0,1,0,0,0
2021,São Paulo Grand Prix,Q,GIO,5.0,4.0,clear_violation,330.0,86.0,218.51775406165007,100.0,0.1729200652528548,106,613,314.6431718061674,327.0,1.0,0.9919110049483221,0,1,0,0,0
2021,São Paulo Grand Prix,Q,MSC,10.0,4.0,clear_violation,325.0,81.0,218.6277489086386,100.0,0.1636661211129296,100,611,314.6431718061674,327.0,0.9848484848484849,0.992410301216875,0,1,0,0,0
2021,São Paulo Grand Prix,R,HAM,48.0,4.0,clear_violation,335.0,82.0,205.7529634873848,100.0,0.184331797235023,120,651,302.65129007036745,344.0,1.0,1.0052998645356026,0,0,1,0,0
2021,São Paulo Grand Prix,R,VER,48.0,4.0,clear_violation,308.0,83.0,206.7652906375588,100.0,0.1808346213292117,117,647,302.65129007036745,344.0,0.9194029850746268,1.0102460501442392,0,0,1,0,0
2021,São Paulo Grand Prix,R,GAS,5.0,4.0,clear_violation,333.0,76.0,200.6452024866069,100.0,0.2114803625377643,140,662,302.65129007036745,344.0,0.9940298507462687,0.9803435705647646,0,0,1,0,0
2021,São Paulo Grand Prix,R,NOR,60.0,4.0,clear_violation,310.0,74.0,205.74061867075483,100.0,0.195084485407066,127,651,302.65129007036745,344.0,0.9253731343283582,1.0052395483084364,0,0,1,0,0
2021,São Paulo Grand Prix,R,RAI,64.0,4.0,clear_violation,312.0,79.0,205.9548843918272,100.0,0.1950464396284829,126,646,302.65129007036745,344.0,0.9313432835820895,1.0062864411294083,0,0,1,0,0
2021,São Paulo Grand Prix,R,MSC,43.0,4.0,clear_violation,311.0,80.0,202.1100335964084,100.0,0.1696969696969697,112,660,302.65129007036745,344.0,0.9283582089552239,0.9875006704737596,0,0,1,0,0
2021,São Paulo Grand Prix,R,MSC,65.0,4.0,clear_violation,310.0,81.0,205.70875316188847,100.0,0.1697530864197531,110,648,302.65129007036745,344.0,0.9253731343283582,1.0050838548437895,0,0,1,0,0
2021,São Paulo Grand Prix,S,VET,16.0,4.0,clear_violation,310.0,76.0,205.49509348931488,100.0,0.2076923076923077,135,650,314.44375,347.0,0.9091797829699872,1.0121911422498897,1,0,0,0,0
2021,São Paulo Grand Prix,S,STR,17.0,4.0,clear_violation,336.0,77.0,205.6675042255992,100.0,0.2098765432098765,136,648,314.44375,347.0,0.9854335712190829,1.0130403723562273,1,0,0,0,0
2021,São Paulo Grand Prix,S,MSC,21.0,4.0,clear_violation,310.0,81.0,200.51445936881308,100.0,0.190251572327044,121,636,314.44375,347.0,0.9091797829699872,0.9876584215218319,1,0,0,0,0
2021,São Paulo Grand Prix,S,MAZ,7.0,4.0,clear_violation,336.0,77.0,199.00029585777105,100.0,0.2119402985074626,142,670,314.44375,347.0,0.9854335712190829,0.9802002245022792,1,0,0,0,0
2021,São Paulo Grand Prix,S,MAZ,22.0,4.0,clear_violation,311.0,80.0,201.44398225301367,100.0,0.1859375,119,640,314.44375,347.0,0.9121126209795678,0.992236899839395,1,0,0,0,0
2021,São Paulo Grand Prix,S,RAI,3.0,1.0,no_advantage,340.9666666666667,74.0,205.9989480903753,100.0,0.2241112828438949,145,647,314.44375,347.0,1.0,1.0146729395303768,1,0,0,0,0
2021,São Paulo Grand Prix,SQ,VET,16.0,4.0,clear_violation,310.0,76.0,205.49509348931488,100.0,0.2076923076923077,135,650,314.44375,347.0,0.9091797829699872,1.0121911422498897,0,1,0,0,0
2021,São Paulo Grand Prix,SQ,STR,17.0,4.0,clear_violation,336.0,77.0,205.6675042255992,100.0,0.2098765432098765,136,648,314.44375,347.0,0.9854335712190829,1.0130403723562273,0,1,0,0,0
2021,São Paulo Grand Prix,SQ,MSC,21.0,4.0,clear_violation,310.0,81.0,200.51445936881308,100.0,0.190251572327044,121,636,314.44375,347.0,0.9091797829699872,0.9876584215218319,0,1,0,0,0
2021,São Paulo Grand Prix,SQ,MAZ,7.0,4.0,clear_violation,336.0,77.0,199.00029585777105,100.0,0.2119402985074626,142,670,314.44375,347.0,0.9854335712190829,0.9802002245022792,0,1,0,0,0
2021,São Paulo Grand Prix,SQ,MAZ,22.0,4.0,clear_violation,311.0,80.0,201.44398225301367,100.0,0.1859375,119,640,314.44375,347.0,0.9121126209795678,0.992236899839395,0,1,0,0,0
2021,São Paulo Grand Prix,SQ,RAI,3.0,1.0,no_advantage,340.9666666666667,74.0,205.9989480903753,100.0,0.2241112828438949,145,647,314.44375,347.0,1.0,1.0146729395303768,0,1,0,0,0
2021,Turkish Grand Prix,FP1,NOR,9.0,14.0,clear_violation,321.0,86.0,220.9272456227011,100.0,0.1651131824234354,124,751,232.6993166287016,253.0,0.9756838905775076,1.0566868422279876,0,0,0,1,0
2021,Turkish Grand Prix,FP1,VET,21.0,1.0,clear_violation,297.0,34.0,202.6824586336806,100.0,0.1799265605875153,147,817,232.6993166287016,253.0,0.9027355623100304,0.9694227010569388,0,0,0,1,0
2021,Turkish Grand Prix,FP1,RAI,4.0,6.0,clear_violation,327.0,80.0,213.8223233294785,100.0,0.161038961038961,124,770,232.6993166287016,253.0,0.993920972644377,1.0227042617583872,0,0,0,1,0
2021,Turkish Grand Prix,FP1,MAZ,21.0,1.0,clear_violation,302.0,83.0,207.00171776543115,100.0,0.1793275217932752,144,803,232.6993166287016,253.0,0.9179331306990881,0.9900815576856431,0,0,0,1,0
2021,Turkish Grand Prix,FP1,MAZ,25.0,1.0,clear_violation,307.0,75.0,201.627994838898,100.0,0.197320341047503,162,821,232.6993166287016,253.0,0.9331306990881459,0.9643792397382047,0,0,0,1,0
2021,Turkish Grand Prix,FP1,GAS,5.0,14.0,clear_violation,329.0,84.0,217.7008647016748,100.0,0.1220472440944882,93,762,232.6993166287016,253.0,1.0,1.0412551816482587,0,0,0,1,0
2021,Turkish Grand Prix,FP1,GAS,6.0,14.0,clear_violation,301.0,53.0,160.68930413303045,100.0,0.1117589893100097,115,1029,232.6993166287016,253.0,0.9148936170212766,0.7685709966896779,0,0,0,1,0
2021,Turkish Grand Prix,FP1,GAS,9.0,1.0,clear_violation,323.0,83.0,219.17901909071776,100.0,0.115079365079365,87,756,232.6993166287016,253.0,0.9817629179331308,1.0483251394041742,0,0,0,1,0
2021,Turkish Grand Prix,FP1,GAS,23.0,1.0,clear_violation,304.0,80.0,211.49440024722347,100.0,0.1455938697318007,114,783,232.6993166287016,253.0,0.9240121580547113,1.0115698917815004,0,0,0,1,0
2021,Turkish Grand Prix,FP1,GAS,24.0,1.0,clear_violation,307.0,78.0,212.06292839721792,100.0,0.1355498721227621,106,782,232.6993166287016,253.0,0.9331306990881459,1.014289140889242,0,0,0,1,0
2021,Turkish Grand Prix,FP1,GAS,25.0,14.0,clear_violation,307.0,74.0,210.0840017470596,100.0,0.1204055766793409,95,789,232.6993166287016,253.0,0.9331306990881459,1.0048240079353474,0,0,0,1,0
2021,Turkish Grand Prix,FP1,GAS,26.0,1.0,clear_violation,305.0,76.0,212.14971637036524,100.0,0.1397435897435897,109,780,232.6993166287016,253.0,0.9270516717325228,1.0147042445539345,0,0,0,1,0
2021,Turkish Grand Prix,FP1,PER,21.0,1.0,clear_violation,301.0,78.0,212.98561225845592,100.0,0.1583011583011583,123,777,232.6993166287016,253.0,0.9148936170212766,1.0187023036612588,0,0,0,1,0
2021,Turkish Grand Prix,FP1,ALO,4.0,6.0,clear_violation,312.0,85.0,215.4254759188075,100.0,0.1402597402597402,108,770,232.6993166287016,253.0,0.9483282674772037,1.0303720812817463,0,0,0,1,0
2021,Turkish Grand Prix,FP1,ALO,23.0,1.0,clear_violation,295.0,82.0,210.95631057132448,100.0,0.1424936386768447,112,786,232.6993166287016,253.0,0.8966565349544073,1.0089962287692333,0,0,0,1,0
2021,Turkish Grand Prix,FP1,LEC,8.0,6.0,clear_violation,294.0,74.0,201.445748708434,100.0,0.1632155907429963,134,821,232.6993166287016,253.0,0.8936170212765957,0.9635075632387061,0,0,0,1,0
2021,Turkish Grand Prix,FP1,LEC,13.0,6.0,clear_violation,327.0,85.0,223.45890912011987,100.0,0.1617250673854447,120,742,232.6993166287016,253.0,0.993920972644377,1.0687956950728739,0,0,0,1,0
2021,Turkish Grand Prix,FP1,LEC,24.0,1.0,clear_violation,308.0,73.0,210.8261040651149,100.0,0.1566878980891719,123,785,232.6993166287016,253.0,0.9361702127659575,1.0083734558672477,0,0,0,1,0
2021,Turkish Grand Prix,FP1,STR,10.0,1.0,clear_violation,318.0,87.0,220.4140421336877,100.0,0.1591511936339522,120,754,232.6993166287016,253.0,0.9665653495440729,1.0542322089268867,0,0,0,1,0
2021,Turkish Grand Prix,FP1,SAI,7.0,14.0,clear_violation,323.0,86.0,220.91882853771784,100.0,0.1546666666666666,116,750,232.6993166287016,253.0,0.9817629179331308,1.0566465836219172,0,0,0,1,0
2021,Turkish Grand Prix,FP1,GIO,15.0,14.0,clear_violation,329.0,81.0,218.88581698938623,100.0,0.1541501976284585,117,759,232.6993166287016,253.0,1.0,1.0469227646010242,0,0,0,1,0
2021,Turkish Grand Prix,FP1,GIO,18.0,1.0,clear_violation,329.0,83.0,221.5191509692342,100.0,0.1466666666666666,110,750,232.6993166287016,253.0,1.0,1.0595179036018938,0,0,0,1,0
2021,Turkish Grand Prix,FP1,GIO,20.0,1.0,clear_violation,300.0,72.0,162.47669184487123,100.0,0.1898238747553816,194,1022,232.6993166287016,253.0,0.9118541033434651,0.7771200059879139,0,0,0,1,0
2021,Turkish Grand Prix,FP2,RIC,14.0,1.0,clear_violation,294.0,70.0,196.89010814055047,100.0,0.1186239620403321,100,843,232.830866807611,249.0,0.8855421686746988,0.985578916032053,0,0,0,1,0
2021,Turkish Grand Prix,FP2,RIC,15.0,1.0,clear_violation,321.0,83.0,223.2564112014238,100.0,0.1590296495956873,118,742,232.830866807611,249.0,0.9668674698795181,1.117561536367443,0,0,0,1,0
2021,Turkish Grand Prix,FP2,VET,22.0,1.0,clear_violation,300.0,85.0,212.42879511410044,100.0,0.1503856041131105,117,778,232.830866807611,249.0,0.9036144578313253,1.063361402966442,0,0,0,1,0
2021,Turkish Grand Prix,FP2,MAZ,4.0,6.0,clear_violation,329.0,83.0,220.3328372378451,100.0,0.1906666666666666,143,750,232.830866807611,249.0,0.9909638554216867,1.1029269115750866,0,0,0,1,0
2021,Turkish Grand Prix,FP2,MAZ,6.0,1.0,clear_violation,327.0,84.0,221.0499042764054,100.0,0.173734610123119,127,731,232.830866807611,249.0,0.9849397590361446,1.1065163562722378,0,0,0,1,0
2021,Turkish Grand Prix,FP2,MAZ,9.0,14.0,clear_violation,332.0,86.0,221.45173381230487,100.0,0.1668891855807743,125,749,232.830866807611,249.0,1.0,1.1085278068329674,0,0,0,1,0
2021,Turkish Grand Prix,FP2,MAZ,10.0,14.0,clear_violation,298.0,70.0,150.43602679032222,100.0,0.1051677243880326,116,1103,232.830866807611,249.0,0.8975903614457831,0.753042281384366,0,0,0,1,0
2021,Turkish Grand Prix,FP2,MAZ,13.0,1.0,clear_violation,328.0,82.0,220.70263273163576,100.0,0.1779548472775564,134,753,232.830866807611,249.0,0.9879518072289156,1.104778008338483,0,0,0,1,0
2021,Turkish Grand Prix,FP2,GAS,11.0,1.0,clear_violation,325.0,82.0,222.97881386463752,100.0,0.1239892183288409,92,742,232.830866807611,249.0,0.9789156626506024,1.1161719587758259,0,0,0,1,0
2021,Turkish Grand Prix,FP2,GAS,28.0,1.0,clear_violation,306.0,81.0,212.17084169271487,100.0,0.1384217335058215,107,773,232.830866807611,249.0,0.9216867469879518,1.0620701575309197,0,0,0,1,0
2021,Turkish Grand Prix,FP2,PER,19.0,1.0,clear_violation,310.0,81.0,213.7844230707405,100.0,0.1587096774193548,123,775,232.830866807611,249.0,0.9337349397590361,1.0701473118405145,0,0,0,1,0
2021,Turkish Grand Prix,FP2,PER,22.0,1.0,clear_violation,306.0,82.0,215.1812968307538,100.0,0.1716514954486346,132,769,232.830866807611,249.0,0.9216867469879518,1.0771396861107583,0,0,0,1,0
2021,Turkish Grand Prix,FP2,LEC,24.0,1.0,clear_violation,315.0,77.0,212.84927628227385,100.0,0.175032175032175,136,777,232.830866807611,249.0,0.9487951807228916,1.0654662185808679,0,0,0,1,0
2021,Turkish Grand Prix,FP2,TSU,19.0,1.0,clear_violation,308.0,81.0,212.73597039117465,100.0,0.1476251604621309,115,779,232.830866807611,249.0,0.927710843373494,1.0648990397703921,0,0,0,1,0
2021,Turkish Grand Prix,FP2,TSU,28.0,1.0,clear_violation,312.0,80.0,211.0116405046428,100.0,0.1495956873315364,111,742,232.830866807611,249.0,0.9397590361445783,1.0562675082196218,0,0,0,1,0
2021,Turkish Grand Prix,FP2,OCO,8.0,1.0,clear_violation,324.0,85.0,222.85779220964088,100.0,0.1664429530201342,124,745,232.830866807611,249.0,0.9759036144578314,1.1155661569268935,0,0,0,1,0
2021,Turkish Grand Prix,FP2,HAM,2.0,1.0,clear_violation,305.0,68.0,184.9740520681087,100.0,0.1910614525139664,171,895,232.830866807611,249.0,0.9186746987951807,0.9259303448663007,0,0,0,1,0
2021,Turkish Grand Prix,FP2,MSC,5.0,1.0,clear_violation,304.0,45.0,174.5866697253865,100.0,0.1862433862433862,176,945,232.830866807611,249.0,0.9156626506024096,0.8739339031636911,0,0,0,1,0
2021,Turkish Grand Prix,FP2,SAI,7.0,1.0,clear_violation,291.0,80.0,184.1353125842909,100.0,0.1360619469026548,123,904,232.830866807611,249.0,0.8765060240963856,0.9217318406392404,0,0,0,1,0
2021,Turkish Grand Prix,FP2,SAI,25.0,1.0,clear_violation,321.0,80.0,211.7170525187588,100.0,0.1673052362707535,131,783,232.830866807611,249.0,0.9668674698795181,1.0597986109997175,0,0,0,1,0
2021,Turkish Grand Prix,FP2,SAI,26.0,1.0,clear_violation,310.0,81.0,213.06552239711377,100.0,0.152061855670103,118,776,232.830866807611,249.0,0.9337349397590361,1.0665486884594864,0,0,0,1,0
2021,Turkish Grand Prix,FP2,RUS,2.0,1.0,clear_violation,316.0,88.0,218.57633465825103,100.0,0.1708278580814717,130,761,232.830866807611,249.0,0.9518072289156626,1.0941343321776087,0,0,0,1,0
2021,Turkish Grand Prix,FP2,BOT,17.0,1.0,clear_violation,316.0,58.0,196.60635522925392,100.0,0.1834319526627219,155,845,232.830866807611,249.0,0.9518072289156626,0.9841585252903458,0,0,0,1,0
2021,Turkish Grand Prix,FP2,GIO,15.0,1.0,clear_violation,331.0,82.0,223.3455107225001,100.0,0.1451612903225806,108,744,232.830866807611,249.0,0.9969879518072289,1.118007544601329,0,0,0,1,0
2021,Turkish Grand Prix,FP2,GIO,23.0,1.0,clear_violation,324.0,71.0,207.69951865389848,100.0,0.1752190237797246,140,799,232.830866807611,249.0,0.9759036144578314,1.0396879172272069,0,0,0,1,0
2021,Turkish Grand Prix,FP2,MSC,4.0,1.0,no_advantage,313.0,52.0,166.60907714573992,100.0,0.1286141575274177,129,1003,232.830866807611,249.0,0.9427710843373494,0.8340002207585764,0,0,0,1,0
2021,Turkish Grand Prix,FP2,MAZ,5.0,1.0,no_advantage,293.0,73.0,156.67878310616385,100.0,0.1450381679389313,152,1048,232.830866807611,249.0,0.8825301204819277,0.7842918401403972,0,0,0,1,0
2021,Turkish Grand Prix,FP2,SAI,6.0,1.0,no_advantage,288.0,48.0,120.4638940430975,100.0,0.1021897810218978,140,1370,232.830866807611,249.0,0.8674698795180723,0.6030098476417252,0,0,0,1,0
2021,Turkish Grand Prix,FP2,TSU,15.0,9.0,no_advantage,305.0,68.0,192.2835104396692,100.0,0.111368909512761,96,862,232.830866807611,249.0,0.9186746987951807,0.9625195271602195,0,0,0,1,0
2021,Turkish Grand Prix,FP2,BOT,16.0,1.0,no_advantage,295.0,0.0,137.478260705618,100.0,0.2191666666666666,263,1200,232.830866807611,249.0,0.8885542168674698,0.6881791901271702,0,0,0,1,0
2021,Turkish Grand Prix,FP2,VER,15.0,7.0,no_advantage,304.0,85.0,214.5633497427961,100.0,0.1539456662354463,119,773,232.830866807611,249.0,0.9156626506024096,1.0740464092221107,0,0,0,1,0
2021,Turkish Grand Prix,FP3,STR,7.0,14.0,clear_violation,302.0,73.0,199.60641426651824,100.0,0.181159420289855,150,828,222.39910313901345,244.0,1.0,1.2670452368831175,0,0,0,1,0
2021,Turkish Grand Prix,FP3,GIO,19.0,1.0,clear_violation,285.0,76.0,170.13260769869703,100.0,0.1917948717948717,187,975,222.39910313901345,244.0,0.9437086092715232,1.079953823203851,0,0,0,1,0
2021,Turkish Grand Prix,FP3,GAS,3.0,11.0,no_advantage,267.0,65.0,151.2440553998096,100.0,0.12073732718894,131,1085,222.39910313901345,244.0,0.8841059602649006,0.9600546190131097,0,0,0,1,0
2021,Turkish Grand Prix,FP3,ALO,11.0,1.0,no_advantage,274.0,47.0,157.72263669366248,100.0,0.1724787935909519,183,1061,222.39910313901345,244.0,0.9072847682119205,1.0011788263703743,0,0,0,1,0
2021,Turkish Grand Prix,FP3,SAI,14.0,8.0,no_advantage,270.0,34.0,133.39377571776757,100.0,0.1168935148118494,146,1249,222.39910313901345,244.0,0.8940397350993378,0.846746076643504,0,0,0,1,0
2021,Turkish Grand Prix,FP3,GIO,18.0,1.0,no_advantage,274.0,65.0,133.12207827525404,100.0,0.1698717948717948,212,1248,222.39910313901345,244.0,0.9072847682119205,0.8450214178860432,0,0,0,1,0
2021,Turkish Grand Prix,Q,HAM,2.0,1.0,clear_violation,311.0,85.0,207.1698578499416,100.0,0.195,156,800,249.55882352941177,256.0,0.9569230769230769,1.1465923919316812,0,1,0,0,0
2021,Turkish Grand Prix,Q,HAM,6.0,1.0,clear_violation,302.0,78.0,192.7830790244912,100.0,0.176196032672112,151,857,249.55882352941177,256.0,0.9292307692307692,1.0669680135744128,0,1,0,0,0
2021,Turkish Grand Prix,Q,VER,7.0,1.0,clear_violation,319.0,88.0,222.988204553466,100.0,0.1659807956104252,121,729,249.55882352941177,256.0,0.9815384615384616,1.2341398574338098,0,1,0,0,0
2021,Turkish Grand Prix,Q,LEC,2.0,1.0,clear_violation,298.0,66.0,187.23587255159745,100.0,0.1864406779661017,165,885,249.55882352941177,256.0,0.916923076923077,1.036266709802215,0,1,0,0,0
2021,Turkish Grand Prix,Q,LEC,3.0,1.0,clear_violation,324.0,84.0,215.25341808951947,100.0,0.165149544863459,127,769,249.55882352941177,256.0,0.9969230769230769,1.1913312780158474,0,1,0,0,0
2021,Turkish Grand Prix,Q,LEC,17.0,14.0,clear_violation,325.0,0.0,193.4290483688496,100.0,0.159487776484284,137,859,249.55882352941177,256.0,1.0,1.0705431646284767,0,1,0,0,0
2021,Turkish Grand Prix,Q,PER,12.0,1.0,clear_violation,301.0,0.0,146.42143217502587,100.0,0.279319606087735,312,1117,249.55882352941177,256.0,0.9261538461538461,0.8103770591435614,0,1,0,0,0
2021,Turkish Grand Prix,Q,TSU,2.0,1.0,clear_violation,299.0,73.0,178.07937859315865,100.0,0.1905274488697524,177,929,249.55882352941177,256.0,0.92,0.9855896160470081,0,1,0,0,0
2021,Turkish Grand Prix,Q,VET,7.0,1.0,clear_violation,303.0,83.0,188.14343607692064,100.0,0.2157772621809744,186,862,249.55882352941177,256.0,0.9323076923076923,1.0412896675052798,0,1,0,0,0
2021,Turkish Grand Prix,Q,RUS,19.0,14.0,clear_violation,316.0,88.0,219.4776998453245,100.0,0.1591511936339522,120,754,249.55882352941177,256.0,0.9723076923076923,1.2147107858885136,0,1,0,0,0
2021,Turkish Grand Prix,Q,MSC,2.0,1.0,clear_violation,301.0,72.0,192.73649711836265,100.0,0.1832946635730858,158,862,249.55882352941177,256.0,0.9261538461538461,1.066710203583505,0,1,0,0,0
2021,Turkish Grand Prix,Q,SAI,2.0,1.0,clear_violation,309.0,0.0,165.24090189924695,100.0,0.1880597014925373,189,1005,249.55882352941177,256.0,0.9507692307692308,0.9145343966535876,0,1,0,0,0
2021,Turkish Grand Prix,Q,SAI,3.0,1.0,clear_violation,320.0,76.0,212.39739070086344,100.0,0.1641025641025641,128,780,249.55882352941177,256.0,0.9846153846153847,1.1755244453570468,0,1,0,0,0
2021,Turkish Grand Prix,Q,LAT,8.0,1.0,clear_violation,305.0,73.0,196.18479229687563,100.0,0.1862980769230769,155,832,249.55882352941177,256.0,0.9384615384615385,1.0857949732399168,0,1,0,0,0
2021,Turkish Grand Prix,Q,GIO,2.0,1.0,clear_violation,300.0,50.0,177.1462590457488,100.0,0.1965811965811965,184,936,249.55882352941177,256.0,0.9230769230769231,0.9804252172057547,0,1,0,0,0
2021,Turkish Grand Prix,Q,RAI,2.0,1.0,clear_violation,298.0,29.0,177.57823167463624,100.0,0.1837606837606837,172,936,249.55882352941177,256.0,0.916923076923077,0.9828159922680412,0,1,0,0,0
2021,Turkish Grand Prix,Q,RAI,3.0,1.0,clear_violation,304.0,72.0,178.7393868547267,100.0,0.2257019438444924,209,926,249.55882352941177,256.0,0.9353846153846154,0.9892424662211591,0,1,0,0,0
2021,Turkish Grand Prix,Q,RAI,5.0,1.0,clear_violation,301.0,28.0,161.90074613355566,100.0,0.2138671875,219,1024,249.55882352941177,256.0,0.9261538461538461,0.8960481302219989,0,1,0,0,0
2021,Turkish Grand Prix,Q,MAZ,2.0,1.0,clear_violation,303.0,65.0,193.41813586546868,100.0,0.2137850467289719,183,856,249.55882352941177,256.0,0.9323076923076923,1.070482768808914,0,1,0,0,0
2021,Turkish Grand Prix,Q,MAZ,8.0,1.0,clear_violation,304.0,58.0,179.89298813187978,100.0,0.1955555555555555,176,900,249.55882352941177,256.0,0.9353846153846154,0.9956271327041784,0,1,0,0,0
2021,Turkish Grand Prix,Q,SAI,1.0,1.0,no_advantage,269.0,9.0,126.181348650174,100.0,0.1622950819672131,198,1220,249.55882352941177,256.0,0.8276923076923077,0.6983572604020551,0,1,0,0,0
2021,Turkish Grand Prix,Q,TSU,4.0,1.0,no_advantage,286.0,72.0,152.82573754124658,100.0,0.1597414589104339,173,1083,249.55882352941177,256.0,0.88,0.8458220214789351,0,1,0,0,0
2021,Turkish Grand Prix,Q,MAZ,7.0,1.0,no_advantage,301.0,0.0,103.86619558120704,104.0,0.2809131261889664,443,1577,249.55882352941177,256.0,0.9261538461538461,0.5748528809560776,0,1,0,0,0
2021,Turkish Grand Prix,Q,LEC,17.0,14.0,no_advantage,325.0,0.0,193.4290483688496,100.0,0.159487776484284,137,859,249.55882352941177,256.0,1.0,1.0705431646284767,0,1,0,0,0
2021,Turkish Grand Prix,Q,STR,16.0,1.0,no_advantage,293.0,48.0,154.55819582859962,100.0,0.2072829131652661,222,1071,249.55882352941177,256.0,0.9015384615384615,0.8554104022995505,0,1,0,0,0
2021,Turkish Grand Prix,R,SAI,14.0,12.0,no_advantage,308.0,65.0,201.5593995332333,100.0,0.1990291262135922,164,824,236.5244010647737,245.0,1.0,1.0207539030206794,0,0,1,0,0
2021,Turkish Grand Prix,R,VET,36.0,7.0,no_advantage,306.0,69.0,193.36321391309497,100.0,0.2079905992949471,177,851,236.5244010647737,245.0,0.9935064935064936,0.9792460969793207,0,0,1,0,0
2021,United States Grand Prix,FP1,RIC,3.0,9.0,clear_violation,323.0,74.0,200.461694178238,100.0,0.167643610785463,143,853,202.1625441696113,214.0,1.0,1.0328429431950314,0,0,0,1,0
2021,United States Grand Prix,FP1,RIC,4.0,9.0,clear_violation,269.0,62.0,146.96823112867224,99.0,0.0952789699570815,111,1165,202.1625441696113,214.0,0.8328173374613003,0.7572274644159137,0,0,0,1,0
2021,United States Grand Prix,FP1,RIC,11.0,19.0,clear_violation,321.0,74.0,203.7474350694222,99.0,0.178359096313912,150,841,202.1625441696113,214.0,0.9938080495356038,1.0497721341137192,0,0,0,1,0
2021,United States Grand Prix,FP1,NOR,10.0,19.0,clear_violation,318.0,64.0,199.9073923822843,100.0,0.169965075669383,146,859,202.1625441696113,214.0,0.9845201238390093,1.0299870025591011,0,0,0,1,0
2021,United States Grand Prix,FP1,VET,8.0,9.0,clear_violation,320.0,72.0,203.5688252448921,100.0,0.187871581450654,158,841,202.1625441696113,214.0,0.9907120743034056,1.0488518790115788,0,0,0,1,0
2021,United States Grand Prix,FP1,RAI,2.0,9.0,clear_violation,321.0,72.0,196.5837136815221,100.0,0.1791044776119403,156,871,202.1625441696113,214.0,0.9938080495356038,1.0128623438775397,0,0,0,1,0
2021,United States Grand Prix,FP1,MAZ,6.0,19.0,clear_violation,318.0,45.0,191.7638088879185,100.0,0.2165178571428571,194,896,202.1625441696113,214.0,0.9845201238390093,0.9880286484757683,0,0,0,1,0
2021,United States Grand Prix,FP1,MAZ,8.0,19.0,clear_violation,318.0,72.0,193.9331757422065,100.0,0.2395005675368899,211,881,202.1625441696113,214.0,0.9845201238390093,0.9992059222977702,0,0,0,1,0
2021,United States Grand Prix,FP1,MAZ,14.0,19.0,clear_violation,299.0,69.0,186.18784661461493,100.0,0.2210184182015168,204,923,202.1625441696113,214.0,0.9256965944272446,0.9592995024455911,0,0,0,1,0
2021,United States Grand Prix,FP1,GAS,3.0,9.0,clear_violation,317.0,74.0,199.6184449725308,100.0,0.1590643274853801,136,855,202.1625441696113,214.0,0.9814241486068112,1.0284982528289255,0,0,0,1,0
2021,United States Grand Prix,FP1,PER,5.0,9.0,clear_violation,314.0,55.0,168.63180787160152,100.0,0.1668311944718657,169,1013,202.1625441696113,214.0,0.9721362229102167,0.8688451600311369,0,0,0,1,0
2021,United States Grand Prix,FP1,PER,6.0,9.0,clear_violation,317.0,69.0,193.83004128505752,100.0,0.1900452488687782,168,884,202.1625441696113,214.0,0.9814241486068112,0.9986745404958592,0,0,0,1,0
2021,United States Grand Prix,FP1,PER,11.0,19.0,clear_violation,315.0,73.0,204.5574291675287,100.0,0.1599045346062052,134,838,202.1625441696113,214.0,0.9752321981424149,1.0539454834994382,0,0,0,1,0
2021,United States Grand Prix,FP1,PER,14.0,9.0,clear_violation,295.0,73.0,192.59563196874348,100.0,0.1732283464566929,154,889,202.1625441696113,214.0,0.913312693498452,0.9923144677817398,0,0,0,1,0
2021,United States Grand Prix,FP1,PER,16.0,19.0,clear_violation,296.0,71.0,192.09720361076072,100.0,0.1840628507295174,164,891,202.1625441696113,214.0,0.9164086687306502,0.989746405018721,0,0,0,1,0
2021,United States Grand Prix,FP1,STR,4.0,9.0,clear_violation,316.0,70.0,199.2026092474233,100.0,0.2202797202797203,189,858,202.1625441696113,214.0,0.978328173374613,1.0263557338007077,0,0,0,1,0
2021,United States Grand Prix,FP1,STR,13.0,9.0,clear_violation,320.0,74.0,200.95307340441136,100.0,0.2329411764705882,198,850,202.1625441696113,214.0,0.9907120743034056,1.0353746865700753,0,0,0,1,0
2021,United States Grand Prix,FP1,TSU,11.0,19.0,clear_violation,316.0,70.0,201.43414083606527,100.0,0.1699882766705744,145,853,202.1625441696113,214.0,0.978328173374613,1.0378533002724164,0,0,0,1,0
2021,United States Grand Prix,FP1,TSU,14.0,19.0,clear_violation,316.0,73.0,201.3538954802173,100.0,0.1647058823529411,140,850,202.1625441696113,214.0,0.978328173374613,1.0374398504617106,0,0,0,1,0
2021,United States Grand Prix,FP1,TSU,21.0,19.0,clear_violation,323.0,67.0,188.50287719023373,100.0,0.1980088495575221,179,904,202.1625441696113,214.0,1.0,0.9712272824791304,0,0,0,1,0
2021,United States Grand Prix,FP1,OCO,4.0,9.0,clear_violation,313.0,74.0,198.60907999968023,100.0,0.2006960556844547,173,862,202.1625441696113,214.0,0.9690402476780186,1.0232976807515988,0,0,0,1,0
2021,United States Grand Prix,FP1,OCO,16.0,9.0,clear_violation,311.0,73.0,201.9900877284801,100.0,0.1863207547169811,158,848,202.1625441696113,214.0,0.9628482972136223,1.0407177169729522,0,0,0,1,0
2021,United States Grand Prix,FP1,VER,13.0,19.0,clear_violation,295.0,66.0,190.2476938857424,100.0,0.1809100998890122,163,901,202.1625441696113,214.0,0.913312693498452,0.9802171377156258,0,0,0,1,0
2021,United States Grand Prix,FP1,SAI,7.0,19.0,clear_violation,318.0,73.0,201.3489676942593,100.0,0.1711606096131301,146,853,202.1625441696113,214.0,0.9845201238390093,1.0374144609279488,0,0,0,1,0
2021,United States Grand Prix,FP2,VET,7.0,19.0,clear_violation,293.0,76.0,192.9208953636181,100.0,0.1724915445321307,153,887,202.00511508951408,216.0,0.8932926829268293,1.0429771563894565,0,0,0,1,0
2021,United States Grand Prix,FP2,VET,25.0,9.0,clear_violation,297.0,70.0,191.65361079871144,100.0,0.1912632821723731,162,847,202.00511508951408,216.0,0.9054878048780488,1.0361259086313983,0,0,0,1,0
2021,United States Grand Prix,FP2,LAT,2.0,19.0,clear_violation,317.0,75.0,199.21232418286544,100.0,0.1916376306620209,165,861,202.00511508951408,216.0,0.9664634146341463,1.0769901466731557,0,0,0,1,0
2021,United States Grand Prix,FP2,RAI,20.0,9.0,clear_violation,328.0,66.0,191.5541332373581,100.0,0.2273262661955241,193,849,202.00511508951408,216.0,1.0,1.035588108804846,0,0,0,1,0
2021,United States Grand Prix,FP2,RAI,22.0,19.0,clear_violation,301.0,69.0,190.75461282338432,100.0,0.2041049030786773,179,877,202.00511508951408,216.0,0.9176829268292683,1.0312657075104192,0,0,0,1,0
2021,United States Grand Prix,FP2,RAI,24.0,9.0,clear_violation,301.0,68.0,191.1513296579208,100.0,0.203125,182,896,202.00511508951408,216.0,0.9176829268292683,1.0334104549479468,0,0,0,1,0
2021,United States Grand Prix,FP2,MAZ,4.0,19.0,clear_violation,326.0,75.0,198.46627929467672,100.0,0.2209302325581395,190,860,202.00511508951408,216.0,0.9939024390243902,1.0729568470424684,0,0,0,1,0
2021,United States Grand Prix,FP2,MAZ,6.0,19.0,clear_violation,321.0,73.0,196.9769836546072,100.0,0.2096774193548387,182,868,202.00511508951408,216.0,0.9786585365853658,1.0649053535597368,0,0,0,1,0
2021,United States Grand Prix,FP2,MAZ,16.0,19.0,clear_violation,298.0,69.0,189.50171406047085,100.0,0.225,198,880,202.00511508951408,216.0,0.9085365853658537,1.0244922328874426,0,0,0,1,0
2021,United States Grand Prix,FP2,MAZ,19.0,19.0,clear_violation,298.0,64.0,184.2076346496788,100.0,0.1842723004694835,157,852,202.00511508951408,216.0,0.9085365853658537,0.9958711554289293,0,0,0,1,0
2021,United States Grand Prix,FP2,GAS,22.0,19.0,clear_violation,297.0,65.0,188.9104684630935,100.0,0.1706214689265536,151,885,202.00511508951408,216.0,0.9054878048780488,1.0212958157719294,0,0,0,1,0
2021,United States Grand Prix,FP2,PER,22.0,9.0,clear_violation,295.0,73.0,189.8944575774528,100.0,0.1932203389830508,171,885,202.00511508951408,216.0,0.899390243902439,1.026615499606479,0,0,0,1,0
2021,United States Grand Prix,FP2,ALO,2.0,9.0,clear_violation,324.0,76.0,203.79134211036504,100.0,0.1821428571428571,153,840,202.00511508951408,216.0,0.9878048780487805,1.101745428303372,0,0,0,1,0
2021,United States Grand Prix,FP2,LEC,5.0,9.0,clear_violation,320.0,77.0,203.16409187807795,100.0,0.1876484560570071,158,842,202.00511508951408,216.0,0.975609756097561,1.0983543613980358,0,0,0,1,0
2021,United States Grand Prix,FP2,LEC,11.0,19.0,clear_violation,319.0,75.0,204.21995912226404,100.0,0.1923536439665472,161,837,202.00511508951408,216.0,0.9725609756097561,1.1040626358376207,0,0,0,1,0
2021,United States Grand Prix,FP2,LEC,16.0,9.0,clear_violation,299.0,70.0,193.4684348683644,100.0,0.2271662763466042,194,854,202.00511508951408,216.0,0.9115853658536586,1.0459372877665936,0,0,0,1,0
2021,United States Grand Prix,FP2,STR,15.0,19.0,clear_violation,296.0,69.0,190.5166191811018,100.0,0.1763392857142857,158,896,202.00511508951408,216.0,0.9024390243902439,1.029979056151069,0,0,0,1,0
2021,United States Grand Prix,FP2,TSU,10.0,19.0,clear_violation,316.0,72.0,202.57946746812144,100.0,0.1621301775147929,137,845,202.00511508951408,216.0,0.9634146341463414,1.0951937400277947,0,0,0,1,0
2021,United States Grand Prix,FP2,TSU,18.0,19.0,clear_violation,297.0,68.0,189.364231395164,100.0,0.16878612716763,146,865,202.00511508951408,216.0,0.9054878048780488,1.023748968250171,0,0,0,1,0
2021,United States Grand Prix,FP2,TSU,19.0,9.0,clear_violation,298.0,67.0,189.54148942599963,100.0,0.1724137931034483,150,870,202.00511508951408,216.0,0.9085365853658537,1.0247072681616434,0,0,0,1,0
2021,United States Grand Prix,FP2,OCO,19.0,9.0,clear_violation,298.0,68.0,188.37060633374148,100.0,0.1969339622641509,167,848,202.00511508951408,216.0,0.9085365853658537,1.0183771901484444,0,0,0,1,0
2021,United States Grand Prix,FP2,HAM,7.0,19.0,clear_violation,319.0,75.0,206.86862012788453,100.0,0.1717049576783555,142,827,202.00511508951408,216.0,0.9725609756097561,1.1183819397091632,0,0,0,1,0
2021,United States Grand Prix,FP2,MSC,2.0,19.0,clear_violation,326.0,75.0,200.10402721533563,100.0,0.2002341920374707,171,854,202.00511508951408,216.0,0.9939024390243902,1.081810909563545,0,0,0,1,0
2021,United States Grand Prix,FP2,BOT,20.0,9.0,clear_violation,322.0,67.0,188.2295849153566,100.0,0.2324766355140187,199,856,202.00511508951408,216.0,0.9817073170731707,1.0176147941536517,0,0,0,1,0
2021,United States Grand Prix,FP2,VER,3.0,20.0,no_advantage,265.0,51.0,138.66575533729923,100.0,0.2163501238645747,262,1211,202.00511508951408,216.0,0.8079268292682927,0.7496607089538034,0,0,0,1,0
2021,United States Grand Prix,FP2,MSC,3.0,1.0,no_advantage,284.0,50.0,123.4820360852121,100.0,0.1349782293178519,186,1378,202.00511508951408,216.0,0.8658536585365854,0.6675738396226747,0,0,0,1,0
2021,United States Grand Prix,FP2,OCO,5.0,1.0,no_advantage,269.0,56.0,121.75870389265611,100.0,0.0826743350107836,115,1391,202.00511508951408,216.0,0.8201219512195121,0.6582570877678862,0,0,0,1,0
2021,United States Grand Prix,FP2,NOR,4.0,11.0,no_advantage,270.0,48.0,129.86846009153794,100.0,0.1069802731411229,141,1318,202.00511508951408,216.0,0.823170731707317,0.7021003969303246,0,0,0,1,0
2021,United States Grand Prix,FP3,RAI,10.0,9.0,clear_violation,321.0,70.0,202.13151853793943,100.0,0.1877990430622009,157,836,201.76315789473685,217.0,0.9968944099378882,0.9978498172834571,0,0,0,1,0
2021,United States Grand Prix,FP3,RAI,19.0,9.0,clear_violation,321.0,68.0,202.3307424129368,100.0,0.1900826446280991,161,847,201.76315789473685,217.0,0.9968944099378882,0.998833313121724,0,0,0,1,0
2021,United States Grand Prix,FP3,MAZ,2.0,19.0,clear_violation,317.0,69.0,198.7663136161309,100.0,0.2046511627906976,176,860,201.76315789473685,217.0,0.984472049689441,0.9812370240850636,0,0,0,1,0
2021,United States Grand Prix,FP3,MAZ,9.0,9.0,clear_violation,318.0,70.0,201.4157381646501,100.0,0.2058823529411764,175,850,201.76315789473685,217.0,0.9875776397515528,0.9943162698195677,0,0,0,1,0
2021,United States Grand Prix,FP3,MAZ,12.0,19.0,clear_violation,319.0,68.0,201.63304480134528,100.0,0.2084805653710247,177,849,201.76315789473685,217.0,0.9906832298136646,0.9953890336779171,0,0,0,1,0
2021,United States Grand Prix,FP3,GAS,4.0,9.0,clear_violation,322.0,70.0,203.0217708046428,100.0,0.1584038694074969,131,827,201.76315789473685,217.0,1.0,1.0022446690517102,0,0,0,1,0
2021,United States Grand Prix,FP3,LEC,10.0,19.0,clear_violation,320.0,74.0,205.61655043744108,100.0,0.1872749099639856,156,833,201.76315789473685,217.0,0.9937888198757764,1.0150541527047636,0,0,0,1,0
2021,United States Grand Prix,FP3,STR,2.0,9.0,clear_violation,312.0,75.0,201.93400480876693,100.0,0.1975609756097561,162,820,201.76315789473685,217.0,0.968944099378882,0.9968747638133633,0,0,0,1,0
2021,United States Grand Prix,FP3,TSU,2.0,9.0,clear_violation,312.0,64.0,200.1085656158345,100.0,0.1609058402860548,135,839,201.76315789473685,217.0,0.968944099378882,0.9878632341998468,0,0,0,1,0
2021,United States Grand Prix,FP3,VER,9.0,19.0,clear_violation,315.0,73.0,208.014925365337,100.0,0.1699029126213592,140,824,201.76315789473685,217.0,0.9782608695652174,1.0268940577373327,0,0,0,1,0
2021,United States Grand Prix,FP3,HAM,12.0,9.0,clear_violation,318.0,73.0,207.6370933536272,100.0,0.1709090909090909,141,825,201.76315789473685,217.0,0.9875776397515528,1.0250288384653679,0,0,0,1,0
2021,United States Grand Prix,FP3,MSC,12.0,19.0,clear_violation,318.0,73.0,195.19181899870992,100.0,0.2015945330296127,177,878,201.76315789473685,217.0,0.9875776397515528,0.9635910437516959,0,0,0,1,0
2021,United States Grand Prix,FP3,BOT,2.0,19.0,clear_violation,312.0,74.0,205.5698849760442,100.0,0.1739659367396593,143,822,201.76315789473685,217.0,0.968944099378882,1.0148237822881896,0,0,0,1,0
2021,United States Grand Prix,Q,PER,8.0,19.0,clear_violation,318.0,72.0,208.3117162631021,100.0,0.1652593486127865,137,829,209.23391812865495,219.0,0.9754601226993865,1.0762995315202935,0,1,0,0,0
2021,United States Grand Prix,Q,RIC,5.0,9.0,clear_violation,324.0,73.0,207.7439783762884,99.0,0.1672683513838748,139,831,209.23391812865495,219.0,0.9938650306748467,1.0733661582441012,0,1,0,0,0
2021,United States Grand Prix,Q,RUS,10.0,9.0,clear_violation,322.0,73.0,205.0492996058228,100.0,0.2054631828978622,173,842,209.23391812865495,219.0,0.9877300613496932,1.0594433623962352,0,1,0,0,0
2021,United States Grand Prix,Q,STR,4.0,19.0,clear_violation,318.0,75.0,203.9299807448231,100.0,0.2045184304399524,172,841,209.23391812865495,219.0,0.9754601226993865,1.053660094957767,0,1,0,0,0
2021,United States Grand Prix,Q,RAI,3.0,19.0,clear_violation,326.0,72.0,203.6564650221624,100.0,0.1869047619047619,157,840,209.23391812865495,219.0,1.0,1.0522469010700486,0,1,0,0,0
2021,United States Grand Prix,Q,MAZ,2.0,19.0,clear_violation,320.0,71.0,200.26716128484992,100.0,0.2096018735362997,179,854,209.23391812865495,219.0,0.9815950920245399,1.0347351350969718,0,1,0,0,0
2021,United States Grand Prix,Q,MAZ,8.0,3.0,no_advantage,292.0,66.0,159.69818493992645,100.0,0.190253045923149,203,1067,209.23391812865495,219.0,0.8957055214723927,0.8251244083572912,0,1,0,0,0
2021,United States Grand Prix,Q,MAZ,8.0,15.0,no_advantage,292.0,66.0,159.69818493992645,100.0,0.190253045923149,203,1067,209.23391812865495,219.0,0.8957055214723927,0.8251244083572912,0,1,0,0,0
2021,United States Grand Prix,R,VER,4.0,19.0,clear_violation,319.0,69.0,193.44980844121807,100.0,0.2045714285714285,179,875,202.684,212.0,0.9382352941176471,1.041183996154864,0,0,1,0,0
2021,United States Grand Prix,R,PER,13.0,19.0,clear_violation,296.0,0.0,161.28638645519678,100.0,0.2124645892351274,225,1059,202.684,212.0,0.8705882352941177,0.8680742861827468,0,0,1,0,0
2021,United States Grand Prix,R,TSU,11.0,9.0,clear_violation,316.0,66.0,191.43069598329225,100.0,0.1858902575587906,166,893,202.684,212.0,0.9294117647058824,1.0303167453957707,0,0,1,0,0
2021,United States Grand Prix,R,VET,51.0,19.0,clear_violation,292.0,67.0,192.99175836857293,100.0,0.201803833145434,179,887,202.684,212.0,0.8588235294117647,1.0387186827543566,0,0,1,0,0
2021,United States Grand Prix,R,VET,55.0,19.0,clear_violation,295.0,69.0,192.98433201788453,100.0,0.1869369369369369,166,888,202.684,212.0,0.8676470588235294,1.0386787127096773,0,0,1,0,0
2021,United States Grand Prix,R,GIO,28.0,9.0,clear_violation,302.0,72.0,194.5346513196617,100.0,0.204778156996587,180,879,202.684,212.0,0.888235294117647,1.0470228287310217,0,0,1,0,0
2021,United States Grand Prix,R,STR,21.0,9.0,clear_violation,295.0,65.0,189.8663218901099,100.0,0.2073170731707317,187,902,202.684,212.0,0.8676470588235294,1.0218969837896708,0,0,1,0,0
2021,United States Grand Prix,R,STR,29.0,9.0,clear_violation,327.0,62.0,188.8868453958988,100.0,0.2375690607734806,215,905,202.684,212.0,0.961764705882353,1.0166252533154978,0,0,1,0,0
2021,United States Grand Prix,R,STR,47.0,9.0,clear_violation,296.0,63.0,193.10662941087023,100.0,0.2101694915254237,186,885,202.684,212.0,0.8705882352941177,1.0393369407501918,0,0,1,0,0
2021,United States Grand Prix,R,RAI,13.0,9.0,clear_violation,306.0,0.0,159.69749013747568,100.0,0.2469597754911132,264,1069,202.684,212.0,0.9,0.8595225412578441,0,0,1,0,0
2021,United States Grand Prix,R,RAI,16.0,1.0,clear_violation,313.0,64.0,188.62101750603208,100.0,0.2373068432671081,215,906,202.684,212.0,0.9205882352941176,1.0151945165942209,0,0,1,0,0
2021,United States Grand Prix,R,RAI,33.0,19.0,clear_violation,340.0,55.0,189.95051653051377,100.0,0.2449664429530201,219,894,202.684,212.0,1.0,1.0223501355030629,0,0,1,0,0
2021,United States Grand Prix,R,RAI,40.0,19.0,clear_violation,311.0,67.0,192.0935609371689,100.0,0.2294713160854893,204,889,202.684,212.0,0.9147058823529411,1.0338844117953887,0,0,1,0,0
2021,United States Grand Prix,R,RUS,14.0,19.0,clear_violation,297.0,69.0,188.48061156321552,100.0,0.2293274531422271,208,907,202.684,212.0,0.8735294117647059,1.0144388248631016,0,0,1,0,0
2021,United States Grand Prix,R,RUS,40.0,9.0,clear_violation,299.0,69.0,191.2579911681369,100.0,0.2069351230425055,185,894,202.684,212.0,0.8794117647058823,1.0293872149348848,0,0,1,0,0
2021,United States Grand Prix,R,LAT,55.0,9.0,clear_violation,302.0,66.0,188.4225015125216,100.0,0.2,181,905,202.684,212.0,0.888235294117647,1.0141260654177149,0,0,1,0,0
2021,United States Grand Prix,R,MSC,46.0,19.0,clear_violation,300.0,67.0,192.21241013630947,100.0,0.206047032474804,184,893,202.684,212.0,0.8823529411764706,1.0345240809948473,0,0,1,0,0
2021,United States Grand Prix,R,MAZ,5.0,19.0,clear_violation,298.0,67.0,186.8723624324236,100.0,0.2241758241758241,204,910,202.684,212.0,0.8764705882352941,1.0057829193840362,0,0,1,0,0
2021,United States Grand Prix,R,MAZ,30.0,19.0,clear_violation,323.0,70.0,180.99150599524512,100.0,0.240506329113924,228,948,202.684,212.0,0.95,0.9741310213779696,0,0,1,0,0
2021,United States Grand Prix,R,MAZ,39.0,9.0,clear_violation,298.0,63.0,184.2659268953887,100.0,0.2623655913978495,244,930,202.684,212.0,0.8764705882352941,0.9917545830934129,0,0,1,0,0
2021,United States Grand Prix,R,OCO,6.0,1.0,clear_violation,297.0,67.0,186.6804947933969,100.0,0.2050163576881134,188,917,202.684,212.0,0.8735294117647059,1.004750250927322,0,0,1,0,0
2021,United States Grand Prix,R,GAS,11.0,9.0,clear_violation,308.0,0.0,159.47015948792702,100.0,0.2070895522388059,222,1072,202.684,212.0,0.9058823529411765,0.8582990040723965,0,0,1,0,0
2022,Abu Dhabi Grand Prix,Q,PER,11.0,1.0,clear_violation,331.0,66.0,220.3868054385313,100.0,0.1236306729264475,79,639,217.8080808080808,227.0,1.0,1.0088988868427191,0,1,0,0,1
2022,Abu Dhabi Grand Prix,Q,ALB,5.0,1.0,clear_violation,330.0,65.0,216.49900802136244,100.0,0.1721556886227545,115,668,217.8080808080808,227.0,0.9969788519637462,0.991101113157281,0,1,0,0,1
2022,Abu Dhabi Grand Prix,R,LEC,6.0,1.0,clear_violation,303.0,62.0,206.13500286746407,100.0,0.1673640167364016,120,717,209.2049861495845,217.0,0.9380804953560371,1.0115536987769091,0,0,1,0,1
2022,Abu Dhabi Grand Prix,R,PER,14.0,1.0,clear_violation,305.0,64.0,204.4484954785857,100.0,0.1539568345323741,107,695,209.2049861495845,217.0,0.9442724458204335,1.0032776041617149,0,0,1,0,1
2022,Abu Dhabi Grand Prix,R,PER,38.0,1.0,clear_violation,307.0,67.0,208.4887345841209,100.0,0.1547445255474452,106,685,209.2049861495845,217.0,0.9504643962848297,1.0231040225491583,0,0,1,0,1
2022,Abu Dhabi Grand Prix,R,SAI,5.0,1.0,clear_violation,312.0,56.0,202.92216630964245,100.0,0.2140845070422535,152,710,209.2049861495845,217.0,0.9659442724458205,0.9957875423336984,0,0,1,0,1
2022,Abu Dhabi Grand Prix,R,SAI,25.0,1.0,clear_violation,309.0,63.0,206.8619000736179,100.0,0.1657142857142857,116,700,209.2049861495845,217.0,0.9566563467492261,1.0151207570022813,0,0,1,0,1
2022,Abu Dhabi Grand Prix,R,RUS,28.0,1.0,clear_violation,299.0,65.0,208.51651469121,100.0,0.157819225251076,110,697,209.2049861495845,217.0,0.9256965944272446,1.0232403461705109,0,0,1,0,1
2022,Abu Dhabi Grand Prix,R,NOR,5.0,1.0,clear_violation,320.0,60.0,201.9437842068968,100.0,0.2112676056338028,150,710,209.2049861495845,217.0,0.9907120743034056,0.9909863876482624,0,0,1,0,1
2022,Abu Dhabi Grand Prix,R,NOR,42.0,1.0,clear_violation,300.0,56.0,198.78133512471624,100.0,0.2027972027972027,145,715,209.2049861495845,217.0,0.9287925696594427,0.9754674945841368,0,0,1,0,1
2022,Abu Dhabi Grand Prix,R,STR,15.0,1.0,clear_violation,299.0,61.0,203.70638060587376,100.0,0.1707317073170731,119,697,209.2049861495845,217.0,0.9256965944272446,0.9996358692114803,0,0,1,0,1
2022,Abu Dhabi Grand Prix,R,STR,43.0,9.0,clear_violation,322.0,57.0,201.51749633080289,100.0,0.2152974504249291,152,706,209.2049861495845,217.0,0.9969040247678018,0.9888944912123921,0,0,1,0,1
2022,Abu Dhabi Grand Prix,R,VET,8.0,9.0,clear_violation,323.0,60.0,201.133675198212,100.0,0.201418439716312,142,705,209.2049861495845,217.0,1.0,0.9870109892309713,0,0,1,0,1
2022,Abu Dhabi Grand Prix,R,VET,15.0,1.0,clear_violation,300.0,58.0,204.14290364162176,100.0,0.1822033898305084,129,708,209.2049861495845,217.0,0.9287925696594427,1.0017779920206575,0,0,1,0,1
2022,Abu Dhabi Grand Prix,R,ZHO,38.0,1.0,clear_violation,302.0,68.0,204.23094614896192,100.0,0.1789772727272727,126,704,209.2049861495845,217.0,0.934984520123839,1.0022100376349912,0,0,1,0,1
2022,Abu Dhabi Grand Prix,R,ALB,33.0,3.0,clear_violation,313.0,63.0,202.82074212126463,100.0,0.1757142857142857,123,700,209.2049861495845,217.0,0.9690402476780186,0.9952898296140155,0,0,1,0,1
2022,Abu Dhabi Grand Prix,R,GAS,17.0,16.0,clear_violation,306.0,64.0,207.70574038326924,100.0,0.1514285714285714,106,700,209.2049861495845,217.0,0.9473684210526315,1.01926168297085,0,0,1,0,1
2022,Abu Dhabi Grand Prix,R,GAS,18.0,16.0,clear_violation,303.0,63.0,206.8732341142664,100.0,0.1459227467811159,102,699,209.2049861495845,217.0,0.9380804953560371,1.015176375847119,0,0,1,0,1
2022,Abu Dhabi Grand Prix,R,GAS,22.0,3.0,clear_violation,310.0,60.0,204.4137497454824,100.0,0.1576704545454545,111,704,209.2049861495845,217.0,0.9597523219814241,1.0031070985496233,0,0,1,0,1
2022,Abu Dhabi Grand Prix,R,GAS,57.0,6.0,clear_violation,323.0,75.0,201.2238956259625,100.0,0.1870604781997187,133,711,209.2049861495845,217.0,1.0,0.9874537224210009,0,0,1,0,1
2022,Abu Dhabi Grand Prix,R,MSC,2.0,1.0,clear_violation,300.0,62.0,199.43740004657283,100.0,0.1960227272727272,138,704,209.2049861495845,217.0,0.9287925696594427,0.978686961870673,0,0,1,0,1
2022,Abu Dhabi Grand Prix,R,MAG,19.0,3.0,clear_violation,301.0,65.0,197.74653101274163,100.0,0.1763888888888889,127,720,209.2049861495845,217.0,0.9318885448916409,0.9703894636218238,0,0,1,0,1
2022,Abu Dhabi Grand Prix,R,MAG,53.0,1.0,clear_violation,302.0,65.0,203.16261301882696,100.0,0.1741654571843251,120,689,209.2049861495845,217.0,0.934984520123839,0.99696747177145,0,0,1,0,1
2022,Abu Dhabi Grand Prix,R,HAM,7.0,1.0,clear_violation,304.0,62.0,204.3055490778605,100.0,0.1790393013100436,123,687,209.2049861495845,217.0,0.9411764705882353,1.0025761320275843,0,0,1,0,1
2022,Abu Dhabi Grand Prix,R,HAM,12.0,1.0,clear_violation,300.0,66.0,203.3071983490436,100.0,0.1712230215827338,119,695,209.2049861495845,217.0,0.9287925696594427,0.997676986524088,0,0,1,0,1
2022,Abu Dhabi Grand Prix,R,HAM,51.0,1.0,clear_violation,303.0,63.0,206.80091713834435,100.0,0.1693667157584683,115,679,209.2049861495845,217.0,0.9380804953560371,1.0148214991718298,0,0,1,0,1
2022,Abu Dhabi Grand Prix,R,ALO,15.0,1.0,clear_violation,320.0,58.0,203.887678864356,100.0,0.193502824858757,137,708,209.2049861495845,217.0,0.9907120743034056,1.000525543072777,0,0,1,0,1
2022,Australian Grand Prix,FP2,RUS,5.0,1.0,no_advantage,314.0,51.0,196.3845707964468,100.0,0.1631799163179916,117,717,288.5585106382979,303.0,0.9781931464174455,0.9980076005975678,0,0,0,1,1
2022,Australian Grand Prix,FP2,HAM,6.0,12.0,no_advantage,313.0,74.0,214.0910016204752,100.0,0.1487730061349693,97,652,288.5585106382979,303.0,0.9750778816199377,1.0879899880640025,0,0,0,1,1
2022,Australian Grand Prix,FP2,MSC,1.0,11.0,no_advantage,297.872181594437,0.0,162.9097868296054,100.0,0.1748013620885357,154,881,288.5585106382979,303.0,0.9279507214779968,0.8278919510239721,0,0,0,1,1
2022,Australian Grand Prix,FP2,SAI,10.0,6.0,no_advantage,312.0,98.0,237.62587878767795,100.0,0.147457627118644,87,590,288.5585106382979,303.0,0.9719626168224299,1.2075919822366703,0,0,0,1,1
2022,Australian Grand Prix,FP2,BOT,10.0,1.0,no_advantage,312.0,65.0,184.41398557197903,100.0,0.2112299465240641,158,748,288.5585106382979,303.0,0.9719626168224299,0.9371742317174706,0,0,0,1,1
2022,Australian Grand Prix,FP2,LAT,10.0,6.0,no_advantage,312.0,48.0,152.2549868424633,100.0,0.1918859649122807,175,912,288.5585106382979,303.0,0.9719626168224299,0.7737452768382673,0,0,0,1,1
2022,Australian Grand Prix,FP2,HAM,11.0,8.0,no_advantage,301.0,56.0,169.41039636314295,100.0,0.1914893617021276,162,846,288.5585106382979,303.0,0.9376947040498442,0.8609274267575111,0,0,0,1,1
2022,Australian Grand Prix,FP2,OCO,13.0,10.0,no_advantage,321.0,95.0,236.52339033567463,100.0,0.1597337770382695,96,601,288.5585106382979,303.0,1.0,1.201989241399098,0,0,0,1,1
2022,Australian Grand Prix,FP2,SAI,23.0,13.0,no_advantage,303.0,63.0,217.37565875268515,100.0,0.1485451761102603,97,653,288.5585106382979,303.0,0.9439252336448598,1.1046823013654397,0,0,0,1,1
2022,Australian Grand Prix,FP3,VER,13.0,6.0,no_advantage,324.0,0.0,174.50225494250714,100.0,0.2296110414052697,183,797,291.6439024390244,305.0,1.0,0.9658352521235829,0,0,0,1,1
2022,Australian Grand Prix,FP3,HAM,13.0,9.0,no_advantage,299.0,74.0,202.22461823546297,100.0,0.1966463414634146,129,656,291.6439024390244,305.0,0.9228395061728395,1.1192730157177275,0,0,0,1,1
2022,Australian Grand Prix,FP3,SAI,16.0,10.0,no_advantage,298.0,85.0,156.11332293306398,100.0,0.1479421579532814,133,899,291.6439024390244,305.0,0.9197530864197531,0.8640561731685544,0,0,0,1,1
2022,Australian Grand Prix,FP3,NOR,12.0,10.0,no_advantage,310.0,67.0,189.8596828127424,100.0,0.1388101983002833,98,706,291.6439024390244,305.0,0.9567901234567902,1.050835558990135,0,0,0,1,1
2022,Australian Grand Prix,Q,TSU,14.0,11.0,clear_violation,317.0,32.0,192.8286373131948,100.0,0.1120815138282387,77,687,295.48605577689244,305.0,1.0,1.02740475536215,0,1,0,0,1
2022,Australian Grand Prix,Q,TSU,3.0,11.0,no_advantage,306.0,75.0,166.3477967634708,100.0,0.1152460984393757,96,833,295.48605577689244,305.0,0.9652996845425867,0.8863129451110404,0,1,0,0,1
2022,Australian Grand Prix,Q,TSU,3.0,10.0,no_advantage,306.0,75.0,166.3477967634708,100.0,0.1152460984393757,96,833,295.48605577689244,305.0,0.9652996845425867,0.8863129451110404,0,1,0,0,1
2022,Australian Grand Prix,Q,RUS,9.0,11.0,no_advantage,301.05817086903863,11.0,177.67288053215265,100.0,0.1492537313432835,120,804,295.48605577689244,305.0,0.9497103181988601,0.9466538004992366,0,1,0,0,1
2022,Australian Grand Prix,Q,SAI,21.0,6.0,no_advantage,315.0,95.0,235.22874419631125,100.0,0.1430948419301164,86,601,295.48605577689244,305.0,0.9936908517350158,1.2533155539165326,0,1,0,0,1
2022,Australian Grand Prix,R,LAT,8.0,4.0,no_advantage,313.0,87.0,215.05049908459893,100.0,0.1782477341389728,118,662,276.8078431372549,310.0,0.9750778816199377,0.9850740159362145,0,0,1,0,1
2022,Australian Grand Prix,R,VET,10.0,11.0,no_advantage,314.0,0.0,201.8213735542536,100.0,0.172027972027972,123,715,276.8078431372549,310.0,0.9781931464174455,0.9244758407681809,0,0,1,0,1
2022,Australian Grand Prix,R,MSC,11.0,11.0,no_advantage,310.0,81.0,215.60230951633383,100.0,0.1687116564417178,110,652,276.8078431372549,310.0,0.9657320872274143,0.9876016739529986,0,0,1,0,1
2022,Australian Grand Prix,R,MAG,15.0,9.0,no_advantage,307.0,88.0,222.09828054984192,100.0,0.1534883720930232,99,645,276.8078431372549,310.0,0.956386292834891,1.0173575326960458,0,0,1,0,1
2022,Australian Grand Prix,R,BOT,16.0,10.0,no_advantage,321.0,78.0,222.69800420207304,100.0,0.1774691358024691,115,648,276.8078431372549,310.0,1.0,1.0201046650629548,0,0,1,0,1
2022,Australian Grand Prix,R,MAG,50.0,2.0,no_advantage,307.0,88.0,223.2259472166692,100.0,0.1474358974358974,92,624,276.8078431372549,310.0,0.956386292834891,1.0225229944683152,0,0,1,0,1
2022,Australian Grand Prix,R,PER,51.0,13.0,no_advantage,308.0,92.0,226.5594951883692,100.0,0.1384364820846905,85,614,276.8078431372549,310.0,0.9595015576323987,1.0377928566717352,0,0,1,0,1
2022,Australian Grand Prix,R,GAS,53.0,13.0,no_advantage,305.0,56.0,219.41589366372008,100.0,0.1327300150829562,88,663,276.8078431372549,310.0,0.9501557632398754,1.0050704204435548,0,0,1,0,1
2022,Austrian Grand Prix,FP1,BOT,18.0,9.0,no_advantage,298.0,65.0,180.10687410794165,100.0,0.221311475409836,135,610,261.9409368635438,283.0,1.0,1.1236047241700717,0,0,0,1,1
2022,Austrian Grand Prix,FP1,HAM,25.0,1.0,no_advantage,279.01000192,33.0,140.4807315395409,100.0,0.2088305489260143,175,838,261.9409368635438,283.0,0.9362751742281878,0.8763952758299285,0,0,0,1,1
2022,Austrian Grand Prix,FP2,LEC,18.0,3.0,no_advantage,293.0,65.0,221.2335586319508,100.0,0.1722846441947565,92,534,262.0344827586207,283.0,1.0,1.00009643362158,0,0,0,1,1
2022,Austrian Grand Prix,FP2,HAM,6.0,1.0,no_advantage,292.0,67.0,221.1908940397041,100.0,0.1623134328358209,87,536,262.0344827586207,283.0,0.9965870307167235,0.9999035663784199,0,0,0,1,1
2022,Austrian Grand Prix,Q,VER,2.0,10.0,clear_violation,323.0,70.0,234.23634765695283,100.0,0.1828793774319066,94,514,276.6592592592593,287.0,1.0,1.1490216978124537,0,1,0,0,1
2022,Austrian Grand Prix,Q,VER,3.0,10.0,clear_violation,297.0,49.0,135.10822383353923,100.0,0.182648401826484,160,876,276.6592592592593,287.0,0.9195046439628483,0.6627591417408707,0,1,0,0,1
2022,Austrian Grand Prix,Q,SAI,2.0,10.0,clear_violation,318.0,71.0,232.56687524126045,100.0,0.1774193548387097,88,496,276.6592592592593,287.0,0.9845201238390093,1.140832276961599,0,1,0,0,1
2022,Austrian Grand Prix,Q,SAI,3.0,10.0,clear_violation,297.0,47.0,122.88135175266638,100.0,0.1995708154506437,186,932,276.6592592592593,287.0,0.9195046439628483,0.602781510353468,0,1,0,0,1
2022,Austrian Grand Prix,Q,SAI,12.0,1.0,clear_violation,320.0,68.0,233.62760151887008,100.0,0.1734892787524366,89,513,276.6592592592593,287.0,0.9907120743034056,1.1460355578383923,0,1,0,0,1
2022,Austrian Grand Prix,Q,RUS,7.0,1.0,clear_violation,320.0,70.0,233.18465388392767,100.0,0.1339805825242718,69,515,276.6592592592593,287.0,0.9907120743034056,1.143862724934214,0,1,0,0,1
2022,Austrian Grand Prix,Q,MAG,5.0,10.0,clear_violation,322.0,71.0,231.0921836801476,100.0,0.1783567134268537,89,499,276.6592592592593,287.0,0.9969040247678018,1.133598333048756,0,1,0,0,1
2022,Austrian Grand Prix,Q,MSC,17.0,10.0,clear_violation,320.0,65.0,231.6125785398964,100.0,0.1646586345381526,82,498,276.6592592592593,287.0,0.9907120743034056,1.1361510751456279,0,1,0,0,1
2022,Austrian Grand Prix,Q,ALO,13.0,10.0,clear_violation,317.0,69.0,233.84099528938108,100.0,0.1798418972332015,91,506,276.6592592592593,287.0,0.9814241486068112,1.147082338472345,0,1,0,0,1
2022,Austrian Grand Prix,Q,HAM,15.0,10.0,clear_violation,318.0,71.0,236.5162197193631,100.0,0.1297405189620758,65,501,276.6592592592593,287.0,0.9845201238390093,1.1602053697495793,0,1,0,0,1
2022,Austrian Grand Prix,Q,ALB,5.0,9.0,clear_violation,323.0,73.0,231.24805811426808,100.0,0.1624758220502901,84,517,276.6592592592593,287.0,1.0,1.1343629586447843,0,1,0,0,1
2022,Austrian Grand Prix,Q,PER,14.0,9.0,clear_violation,320.0,69.0,233.5203190889767,100.0,0.1807465618860511,92,509,276.6592592592593,287.0,0.9907120743034056,1.1455092951939538,0,1,0,0,1
2022,Austrian Grand Prix,Q,TSU,13.0,10.0,clear_violation,319.0,70.0,230.19607640733463,100.0,0.1572815533980582,81,515,276.6592592592593,287.0,0.9876160990712074,1.1292025733371267,0,1,0,0,1
2022,Austrian Grand Prix,Q,NOR,17.0,7.0,clear_violation,317.0,68.0,231.74509319528696,99.0,0.1341222879684418,68,507,276.6592592592593,287.0,0.9814241486068112,1.1368011118109234,0,1,0,0,1
2022,Austrian Grand Prix,Q,STR,2.0,10.0,clear_violation,311.0,66.0,229.9534699920164,100.0,0.1791338582677165,91,508,276.6592592592593,287.0,0.9628482972136223,1.1280124931552182,0,1,0,0,1
2022,Austrian Grand Prix,Q,STR,3.0,10.0,clear_violation,292.0,49.0,142.93425422453907,100.0,0.1646039603960396,133,808,276.6592592592593,287.0,0.9040247678018576,0.7011489083887353,0,1,0,0,1
2022,Austrian Grand Prix,Q,STR,8.0,1.0,clear_violation,310.0,57.0,158.87428247954762,100.0,0.2401091405184174,176,733,276.6592592592593,287.0,0.9597523219814241,0.7793410357505058,0,1,0,0,1
2022,Austrian Grand Prix,Q,LAT,2.0,10.0,clear_violation,319.0,62.0,226.4144932753795,100.0,0.1809145129224652,91,503,276.6592592592593,287.0,0.9876160990712074,1.1106524161383746,0,1,0,0,1
2022,Austrian Grand Prix,Q,VET,11.0,1.0,clear_violation,320.0,72.0,232.40317900236784,100.0,0.1554702495201535,81,521,276.6592592592593,287.0,0.9907120743034056,1.1400292823272506,0,1,0,0,1
2022,Austrian Grand Prix,Q,NOR,14.0,1.0,no_advantage,284.94000128,55.0,166.097520248613,98.0,0.152327221438646,108,709,276.6592592592593,287.0,0.882167186625387,0.8147738667698388,0,1,0,0,1
2022,Austrian Grand Prix,Q,TSU,18.0,1.0,no_advantage,287.4249984,0.0,72.94745212827002,100.0,0.0938628158844765,156,1662,276.6592592592593,287.0,0.8898606761609907,0.35783603242598433,0,1,0,0,1
2022,Austrian Grand Prix,R,VER,12.0,9.0,clear_violation,297.0,65.0,214.6761207227288,100.0,0.2093457943925233,112,535,269.7482408131353,285.0,0.9195046439628483,0.9944516597268777,0,0,1,0,1
2022,Austrian Grand Prix,R,VER,24.0,10.0,clear_violation,293.0,63.0,218.72215702727723,100.0,0.1883239171374764,100,531,269.7482408131353,285.0,0.9071207430340558,1.0131942544077746,0,0,1,0,1
2022,Austrian Grand Prix,R,VER,25.0,10.0,clear_violation,294.0,67.0,217.00864801179395,100.0,0.1843687374749499,92,499,269.7482408131353,285.0,0.9102167182662538,1.0052567070053544,0,0,1,0,1
2022,Austrian Grand Prix,R,GAS,6.0,9.0,clear_violation,315.0,61.0,213.35775826278825,100.0,0.2014787430683918,109,541,269.7482408131353,285.0,0.9752321981424149,0.9883445634555471,0,0,1,0,1
2022,Austrian Grand Prix,R,GAS,18.0,10.0,clear_violation,298.0,65.0,217.4215480926204,100.0,0.1648148148148148,89,540,269.7482408131353,285.0,0.9226006191950464,1.0071693984090229,0,0,1,0,1
2022,Austrian Grand Prix,R,GAS,19.0,10.0,clear_violation,295.0,66.0,216.4346273322632,100.0,0.1794871794871795,98,546,269.7482408131353,285.0,0.913312693498452,1.0025976510490835,0,0,1,0,1
2022,Austrian Grand Prix,R,GAS,22.0,10.0,clear_violation,302.0,65.0,213.2556109305633,100.0,0.1736745886654479,95,547,269.7482408131353,285.0,0.934984520123839,0.9878713828161458,0,0,1,0,1
2022,Austrian Grand Prix,R,GAS,23.0,10.0,clear_violation,297.0,63.0,212.3368387338614,100.0,0.191449814126394,103,538,269.7482408131353,285.0,0.9195046439628483,0.9836153224176016,0,0,1,0,1
2022,Austrian Grand Prix,R,GAS,31.0,1.0,clear_violation,298.0,66.0,215.5623634733734,100.0,0.1777777777777777,96,540,269.7482408131353,285.0,0.9226006191950464,0.9985570328411877,0,0,1,0,1
2022,Austrian Grand Prix,R,PER,14.0,10.0,clear_violation,295.0,66.0,214.68702698293703,100.0,0.2084130019120459,109,523,269.7482408131353,285.0,0.913312693498452,0.9945021811753227,0,0,1,0,1
2022,Austrian Grand Prix,R,PER,15.0,9.0,clear_violation,297.0,65.0,214.058599967683,100.0,0.1912878787878787,101,528,269.7482408131353,285.0,0.9195046439628483,0.9915910968580142,0,0,1,0,1
2022,Austrian Grand Prix,R,LEC,9.0,9.0,clear_violation,304.0,61.0,218.23528048734315,100.0,0.1838235294117647,100,544,269.7482408131353,285.0,0.9411764705882353,1.0109388792799332,0,0,1,0,1
2022,Austrian Grand Prix,R,LEC,10.0,10.0,clear_violation,317.0,51.0,215.3902512834517,100.0,0.2216014897579143,119,537,269.7482408131353,285.0,0.9814241486068112,0.9977597515583386,0,0,1,0,1
2022,Austrian Grand Prix,R,LEC,11.0,10.0,clear_violation,304.0,59.0,216.20789720844508,100.0,0.2152641878669275,110,511,269.7482408131353,285.0,0.9411764705882353,1.0015473612116208,0,0,1,0,1
2022,Austrian Grand Prix,R,STR,17.0,10.0,clear_violation,289.0,63.0,214.8157185356685,100.0,0.1767955801104972,96,543,269.7482408131353,285.0,0.8947368421052632,0.9950983235304939,0,0,1,0,1
2022,Austrian Grand Prix,R,STR,18.0,10.0,clear_violation,290.0,63.0,212.9669456535115,100.0,0.1755027422303473,96,547,269.7482408131353,285.0,0.8978328173374613,0.9865341886144653,0,0,1,0,1
2022,Austrian Grand Prix,R,STR,54.0,10.0,clear_violation,294.0,65.0,220.92813206828777,100.0,0.1647940074906367,88,534,269.7482408131353,285.0,0.9102167182662538,1.0234130693065326,0,0,1,0,1
2022,Austrian Grand Prix,R,STR,55.0,10.0,clear_violation,293.0,65.0,220.9140349521493,100.0,0.1763602251407129,94,533,269.7482408131353,285.0,0.9071207430340558,1.023347766745195,0,0,1,0,1
2022,Austrian Grand Prix,R,STR,60.0,9.0,clear_violation,294.0,61.0,222.20076577266823,100.0,0.1823308270676691,97,532,269.7482408131353,285.0,0.9102167182662538,1.0293083346731922,0,0,1,0,1
2022,Austrian Grand Prix,R,MAG,23.0,9.0,clear_violation,303.0,62.0,213.1041733745992,100.0,0.1886446886446886,103,546,269.7482408131353,285.0,0.9380804953560371,0.987169873359172,0,0,1,0,1
2022,Austrian Grand Prix,R,MAG,38.0,10.0,clear_violation,291.0,62.0,216.78435822212887,100.0,0.1538461538461538,86,559,269.7482408131353,285.0,0.9009287925696594,1.0042177216126553,0,0,1,0,1
2022,Austrian Grand Prix,R,MAG,39.0,10.0,clear_violation,292.0,61.0,216.7130940090113,100.0,0.1790235081374321,99,553,269.7482408131353,285.0,0.9040247678018576,1.0038876019199046,0,0,1,0,1
2022,Austrian Grand Prix,R,TSU,13.0,10.0,clear_violation,298.0,56.0,211.12979740202115,100.0,0.1992687385740402,109,547,269.7482408131353,285.0,0.9226006191950464,0.978023902879339,0,0,1,0,1
2022,Austrian Grand Prix,R,TSU,14.0,10.0,clear_violation,299.0,64.0,214.26517734864493,100.0,0.1798165137614679,98,545,269.7482408131353,285.0,0.9256965944272446,0.9925480324439006,0,0,1,0,1
2022,Austrian Grand Prix,R,TSU,20.0,1.0,clear_violation,296.0,63.0,211.51241315599955,100.0,0.1703703703703703,92,540,269.7482408131353,285.0,0.9164086687306502,0.9797963071425635,0,0,1,0,1
2022,Austrian Grand Prix,R,ALB,22.0,10.0,clear_violation,301.0,64.0,215.3957110396421,100.0,0.2021857923497267,111,549,269.7482408131353,285.0,0.9318885448916409,0.997785042976811,0,0,1,0,1
2022,Austrian Grand Prix,R,ALB,23.0,10.0,clear_violation,299.0,60.0,213.9017918047028,100.0,0.2166666666666666,117,540,269.7482408131353,285.0,0.9256965944272446,0.9908647089513882,0,0,1,0,1
2022,Austrian Grand Prix,R,ALB,65.0,9.0,clear_violation,323.0,59.0,216.36829938214,104.0,0.2504570383912248,137,547,269.7482408131353,285.0,1.0,1.002290397779068,0,0,1,0,1
2022,Austrian Grand Prix,R,ZHO,10.0,10.0,clear_violation,306.0,62.0,212.0738016691644,100.0,0.2146892655367231,114,531,269.7482408131353,285.0,0.9473684210526315,0.982396846675274,0,0,1,0,1
2022,Austrian Grand Prix,R,ZHO,11.0,10.0,clear_violation,304.0,64.0,214.6109168012672,100.0,0.210820895522388,113,536,269.7482408131353,285.0,0.9411764705882353,0.9941496133339212,0,0,1,0,1
2022,Austrian Grand Prix,R,ZHO,13.0,10.0,clear_violation,315.0,58.0,211.0273423330512,100.0,0.2340036563071298,128,547,269.7482408131353,285.0,0.9752321981424149,0.9775492967003118,0,0,1,0,1
2022,Austrian Grand Prix,R,ZHO,14.0,10.0,clear_violation,299.0,64.0,213.9564592009432,100.0,0.2193784277879341,120,547,269.7482408131353,285.0,0.9256965944272446,0.991117946632138,0,0,1,0,1
2022,Austrian Grand Prix,R,ZHO,35.0,1.0,clear_violation,302.0,64.0,216.1766870958026,100.0,0.2078651685393258,111,534,269.7482408131353,285.0,0.934984520123839,1.0014027855214458,0,0,1,0,1
2022,Austrian Grand Prix,R,ZHO,37.0,9.0,clear_violation,312.0,49.0,216.45470562113024,100.0,0.1963963963963964,109,555,269.7482408131353,285.0,0.9659442724458205,1.0026906604048567,0,0,1,0,1
2022,Austrian Grand Prix,R,RIC,20.0,10.0,clear_violation,310.0,63.0,219.04368647293785,100.0,0.1587901701323251,84,529,269.7482408131353,285.0,0.9597523219814241,1.0146836864406052,0,0,1,0,1
2022,Austrian Grand Prix,R,RIC,21.0,10.0,clear_violation,293.0,64.0,215.91297920077395,100.0,0.1579892280071813,88,557,269.7482408131353,285.0,0.9071207430340558,1.0001812022684438,0,0,1,0,1
2022,Austrian Grand Prix,R,RIC,47.0,9.0,clear_violation,294.0,66.0,219.724877704206,100.0,0.1405405405405405,78,555,269.7482408131353,285.0,0.9102167182662538,1.0178391922707155,0,0,1,0,1
2022,Austrian Grand Prix,R,NOR,7.0,10.0,clear_violation,291.0,65.0,214.96093489917328,99.0,0.1978221415607985,109,551,269.7482408131353,285.0,0.9009287925696594,0.9957710143412867,0,0,1,0,1
2022,Austrian Grand Prix,R,NOR,8.0,10.0,clear_violation,294.0,64.0,215.0991772617621,99.0,0.1956124314442413,107,547,269.7482408131353,285.0,0.9102167182662538,0.9964113992451046,0,0,1,0,1
2022,Austrian Grand Prix,R,NOR,9.0,10.0,clear_violation,296.0,65.0,215.9536032745765,99.0,0.1829944547134935,99,541,269.7482408131353,285.0,0.9164086687306502,1.0003693865782861,0,0,1,0,1
2022,Austrian Grand Prix,R,NOR,10.0,10.0,clear_violation,296.0,68.0,214.8352919088505,99.0,0.2022684310018903,107,529,269.7482408131353,285.0,0.9164086687306502,0.99518899394778,0,0,1,0,1
2022,Austrian Grand Prix,R,NOR,31.0,1.0,clear_violation,297.0,65.0,214.32994617710608,98.0,0.2,108,540,269.7482408131353,285.0,0.9195046439628483,0.9928480633404201,0,0,1,0,1
2022,Austrian Grand Prix,R,NOR,38.0,10.0,clear_violation,295.0,65.0,217.3938254268577,98.0,0.2122302158273381,118,556,269.7482408131353,285.0,0.913312693498452,1.0070409777403104,0,0,1,0,1
2022,Austrian Grand Prix,R,NOR,39.0,10.0,clear_violation,307.0,61.0,216.38213522291275,98.0,0.1978221415607985,109,551,269.7482408131353,285.0,0.9504643962848297,1.002354490025443,0,0,1,0,1
2022,Austrian Grand Prix,R,HAM,4.0,1.0,clear_violation,315.0,62.0,214.1347642920347,100.0,0.1930147058823529,105,544,269.7482408131353,285.0,0.9752321981424149,0.9919439155064439,0,0,1,0,1
2022,Austrian Grand Prix,R,HAM,22.0,10.0,clear_violation,295.0,67.0,219.9040453957428,100.0,0.1629629629629629,88,540,269.7482408131353,285.0,0.913312693498452,1.0186691569990622,0,0,1,0,1
2022,Austrian Grand Prix,R,HAM,23.0,10.0,clear_violation,295.0,66.0,216.7881909093969,100.0,0.1811460258780036,98,541,269.7482408131353,285.0,0.913312693498452,1.0042354759031749,0,0,1,0,1
2022,Austrian Grand Prix,R,HAM,41.0,10.0,clear_violation,295.0,68.0,219.60293331718,100.0,0.1705989110707804,94,551,269.7482408131353,285.0,0.913312693498452,1.0172743050458852,0,0,1,0,1
2022,Austrian Grand Prix,R,HAM,42.0,10.0,clear_violation,293.0,67.0,217.13022616173984,100.0,0.1691449814126394,91,538,269.7482408131353,285.0,0.9071207430340558,1.005819897697422,0,0,1,0,1
2022,Austrian Grand Prix,R,MSC,12.0,9.0,clear_violation,312.0,63.0,214.6759157947086,100.0,0.2249527410207939,119,529,269.7482408131353,285.0,0.9659442724458205,0.994450710431683,0,0,1,0,1
2022,Austrian Grand Prix,R,MSC,13.0,10.0,clear_violation,311.0,61.0,214.553639850169,100.0,0.2195571955719557,119,542,269.7482408131353,285.0,0.9628482972136223,0.9938842873214521,0,0,1,0,1
2022,Austrian Grand Prix,R,MSC,14.0,10.0,clear_violation,308.0,62.0,213.85010645045995,100.0,0.2256317689530685,125,554,269.7482408131353,285.0,0.9535603715170279,0.9906252850874887,0,0,1,0,1
2022,Austrian Grand Prix,R,MSC,52.0,1.0,clear_violation,295.0,64.0,219.1616801954432,100.0,0.1821631878557874,96,527,269.7482408131353,285.0,0.913312693498452,1.015230272864786,0,0,1,0,1
2022,Austrian Grand Prix,R,VET,13.0,10.0,clear_violation,314.0,60.0,212.88207945582224,100.0,0.2252747252747252,123,546,269.7482408131353,285.0,0.9721362229102167,0.9861410599755526,0,0,1,0,1
2022,Austrian Grand Prix,R,VET,14.0,10.0,clear_violation,303.0,62.0,215.01059511159863,100.0,0.2110091743119266,115,545,269.7482408131353,285.0,0.9380804953560371,0.9960010570703174,0,0,1,0,1
2022,Austrian Grand Prix,R,VET,37.0,10.0,clear_violation,316.0,60.0,216.1208736845865,100.0,0.2151898734177215,119,553,269.7482408131353,285.0,0.978328173374613,1.0011442391156695,0,0,1,0,1
2022,Austrian Grand Prix,R,VET,38.0,10.0,clear_violation,303.0,61.0,214.7694766819648,100.0,0.2114695340501792,118,558,269.7482408131353,285.0,0.9380804953560371,0.9948841157834483,0,0,1,0,1
2022,Austrian Grand Prix,R,VET,65.0,9.0,clear_violation,320.0,66.0,215.05789899961232,100.0,0.2105263157894736,116,551,269.7482408131353,285.0,0.9907120743034056,0.996220184515831,0,0,1,0,1
2022,Austrian Grand Prix,R,VET,70.0,10.0,clear_violation,297.0,65.0,220.0768399055073,100.0,0.1877394636015325,98,522,269.7482408131353,285.0,0.9195046439628483,1.019469599015848,0,0,1,0,1
2022,Austrian Grand Prix,R,SAI,11.0,9.0,clear_violation,296.0,64.0,217.6241947199364,100.0,0.2120622568093385,109,514,269.7482408131353,285.0,0.9164086687306502,1.008108125428097,0,0,1,0,1
2022,Austrian Grand Prix,R,SAI,13.0,10.0,clear_violation,293.0,65.0,216.12097688592465,100.0,0.1818181818181818,96,528,269.7482408131353,285.0,0.9071207430340558,1.0011447171788173,0,0,1,0,1
2022,Austrian Grand Prix,R,SAI,14.0,10.0,clear_violation,305.0,62.0,217.947228498634,100.0,0.1933085501858736,104,538,269.7482408131353,285.0,0.9442724458204335,1.0096045260351705,0,0,1,0,1
2022,Austrian Grand Prix,R,SAI,32.0,1.0,clear_violation,292.0,68.0,223.1424230147756,100.0,0.1669865642994241,87,521,269.7482408131353,285.0,0.9040247678018576,1.0336704062634319,0,0,1,0,1
2022,Austrian Grand Prix,R,LAT,10.0,9.0,clear_violation,311.0,58.0,211.18089063705355,100.0,0.2079395085066162,110,529,269.7482408131353,285.0,0.9628482972136223,0.978260583848828,0,0,1,0,1
2022,Austrian Grand Prix,R,LAT,37.0,1.0,clear_violation,296.0,67.0,215.7745623978832,100.0,0.2,110,550,269.7482408131353,285.0,0.9164086687306502,0.9995400092987489,0,0,1,0,1
2022,Austrian Grand Prix,S,VER,15.0,10.0,clear_violation,298.0,67.0,225.02480102082404,100.0,0.1761252446183953,90,511,274.6336405529954,285.0,0.9283489096573209,1.0316263797564258,1,0,0,0,1
2022,Austrian Grand Prix,S,VER,16.0,10.0,clear_violation,298.0,69.0,221.64350745091687,100.0,0.167608286252354,89,531,274.6336405529954,285.0,0.9283489096573209,1.0161248366883167,1,0,0,0,1
2022,Austrian Grand Prix,S,LEC,14.0,9.0,clear_violation,297.0,63.0,222.9013998747841,100.0,0.1666666666666666,90,540,274.6336405529954,285.0,0.9252336448598131,1.0218916455088123,1,0,0,0,1
2022,Austrian Grand Prix,S,SAI,9.0,9.0,clear_violation,296.0,64.0,221.33431156231816,100.0,0.1840607210626186,97,527,274.6336405529954,285.0,0.9221183800623053,1.0147073278904257,1,0,0,0,1
2022,Austrian Grand Prix,S,SAI,16.0,9.0,clear_violation,296.0,67.0,224.0960849090476,100.0,0.1845574387947269,98,531,274.6336405529954,285.0,0.9221183800623053,1.0273686800012565,1,0,0,0,1
2022,Austrian Grand Prix,S,PER,16.0,1.0,clear_violation,299.0,66.0,223.1078728218301,100.0,0.1873840445269016,101,539,274.6336405529954,285.0,0.9314641744548287,1.0228382208992246,1,0,0,0,1
2022,Austrian Grand Prix,S,PER,17.0,9.0,clear_violation,300.0,66.0,221.7774297793773,100.0,0.185823754789272,97,522,274.6336405529954,285.0,0.9345794392523364,1.0167388037099578,1,0,0,0,1
2022,Austrian Grand Prix,S,MAG,5.0,10.0,clear_violation,321.0,47.0,220.24243405636733,100.0,0.1976967370441458,103,521,274.6336405529954,285.0,1.0,1.0097016145935287,1,0,0,0,1
2022,Austrian Grand Prix,S,MAG,6.0,10.0,clear_violation,307.0,63.0,220.6021248901208,100.0,0.1897533206831119,100,527,274.6336405529954,285.0,0.956386292834891,1.0113506175077556,1,0,0,0,1
2022,Austrian Grand Prix,S,MAG,11.0,9.0,clear_violation,307.0,65.0,217.9286268206476,100.0,0.1785714285714285,95,532,274.6336405529954,285.0,0.956386292834891,0.9990939634759132,1,0,0,0,1
2022,Austrian Grand Prix,S,HAM,15.0,9.0,clear_violation,318.0,64.0,216.1655789736465,100.0,0.2022900763358778,106,524,274.6336405529954,285.0,0.9906542056074766,0.9910112692151557,1,0,0,0,1
2022,Austrian Grand Prix,S,HAM,17.0,9.0,clear_violation,312.0,59.0,219.7584079429417,100.0,0.1933085501858736,104,538,274.6336405529954,285.0,0.9719626168224299,1.0074825964904768,1,0,0,0,1
2022,Austrian Grand Prix,S,MSC,18.0,10.0,clear_violation,314.0,57.0,216.57500732338443,100.0,0.2176258992805755,121,556,274.6336405529954,285.0,0.9781931464174455,0.9928882938110832,1,0,0,0,1
2022,Austrian Grand Prix,S,MSC,19.0,10.0,clear_violation,313.0,55.0,214.650234614422,100.0,0.1944954128440367,106,545,274.6336405529954,285.0,0.9750778816199377,0.9840641717916747,1,0,0,0,1
2022,Austrian Grand Prix,S,NOR,23.0,10.0,clear_violation,303.0,62.0,217.29801207876065,98.0,0.2051282051282051,112,546,274.6336405529954,285.0,0.9439252336448598,0.9962029096887635,1,0,0,0,1
2022,Austrian Grand Prix,S,RIC,21.0,9.0,clear_violation,316.0,64.0,217.3609343012689,99.0,0.1840148698884758,99,538,274.6336405529954,285.0,0.9844236760124611,0.9964913766680384,1,0,0,0,1
2022,Austrian Grand Prix,S,RIC,22.0,10.0,clear_violation,315.0,62.0,217.559099952966,99.0,0.1936090225563909,103,532,274.6336405529954,285.0,0.9813084112149533,0.9973998672562977,1,0,0,0,1
2022,Austrian Grand Prix,S,RIC,23.0,10.0,clear_violation,314.0,62.0,216.7909866791812,99.0,0.186471663619744,102,547,274.6336405529954,285.0,0.9781931464174455,0.9938784513399955,1,0,0,0,1
2022,Austrian Grand Prix,S,STR,17.0,10.0,clear_violation,313.0,58.0,216.75392549287312,100.0,0.2007366482504604,109,543,274.6336405529954,285.0,0.9750778816199377,0.9937085443018067,1,0,0,0,1
2022,Austrian Grand Prix,S,STR,18.0,10.0,clear_violation,314.0,58.0,217.87712580970745,100.0,0.2039355992844365,114,559,274.6336405529954,285.0,0.9781931464174455,0.9988578570501816,1,0,0,0,1
2022,Austrian Grand Prix,S,ZHO,19.0,1.0,clear_violation,307.0,63.0,217.45829469127312,100.0,0.1977611940298507,106,536,274.6336405529954,285.0,0.956386292834891,0.996937725453666,1,0,0,0,1
2022,Austrian Grand Prix,S,ZHO,21.0,1.0,clear_violation,317.0,52.0,218.7146555702417,100.0,0.22181146025878,120,541,274.6336405529954,285.0,0.9875389408099688,1.0026975129053521,1,0,0,0,1
2022,Austrian Grand Prix,S,GAS,14.0,9.0,clear_violation,311.0,63.0,220.19318595162625,100.0,0.1719038817005545,93,541,274.6336405529954,285.0,0.9688473520249221,1.0094758366180638,1,0,0,0,1
2022,Austrian Grand Prix,S,GAS,16.0,10.0,clear_violation,313.0,63.0,218.92992608994783,100.0,0.1952117863720073,106,543,274.6336405529954,285.0,0.9750778816199377,1.0036844207746416,1,0,0,0,1
2022,Austrian Grand Prix,S,GAS,17.0,10.0,clear_violation,299.0,61.0,217.5817493459423,100.0,0.1804788213627992,98,543,274.6336405529954,285.0,0.9314641744548287,0.9975037034164624,1,0,0,0,1
2022,Austrian Grand Prix,S,GAS,21.0,9.0,clear_violation,304.0,48.0,214.31278380405485,100.0,0.1745454545454545,96,550,274.6336405529954,285.0,0.9470404984423676,0.9825171282824007,1,0,0,0,1
2022,Austrian Grand Prix,S,ALB,9.0,9.0,clear_violation,310.0,63.0,215.8544808182084,100.0,0.1951219512195122,104,533,274.6336405529954,285.0,0.9657320872274143,0.9895850394734225,1,0,0,0,1
2022,Austrian Grand Prix,S,ALB,12.0,9.0,clear_violation,304.0,61.0,215.80320868741967,100.0,0.1890359168241966,100,529,274.6336405529954,285.0,0.9470404984423676,0.9893499823489277,1,0,0,0,1
2022,Austrian Grand Prix,S,TSU,13.0,9.0,clear_violation,302.0,65.0,218.9869370463136,100.0,0.1934306569343065,106,548,274.6336405529954,285.0,0.940809968847352,1.0039457875495716,1,0,0,0,1
2022,Austrian Grand Prix,S,TSU,17.0,9.0,clear_violation,302.0,65.0,217.69191487886488,100.0,0.1746323529411764,95,544,274.6336405529954,285.0,0.940809968847352,0.9980087573900124,1,0,0,0,1
2022,Austrian Grand Prix,S,TSU,19.0,1.0,clear_violation,300.0,67.0,217.12383885318755,100.0,0.1937269372693727,105,542,274.6336405529954,285.0,0.9345794392523364,0.9954044123972056,1,0,0,0,1
2022,Austrian Grand Prix,S,VET,19.0,10.0,clear_violation,310.0,61.0,204.66270124973173,100.0,0.196113074204947,111,566,274.6336405529954,285.0,0.9657320872274143,0.9382763171153431,1,0,0,0,1
2022,Austrian Grand Prix,S,VET,20.0,10.0,clear_violation,308.0,63.0,211.4049034826936,100.0,0.2284172661870503,127,556,274.6336405529954,285.0,0.9595015576323987,0.9691859486298378,1,0,0,0,1
2022,Austrian Grand Prix,SQ,VER,15.0,10.0,clear_violation,298.0,67.0,225.02480102082404,100.0,0.1761252446183953,90,511,274.6336405529954,285.0,0.9283489096573209,1.0316263797564258,0,1,0,0,1
2022,Austrian Grand Prix,SQ,VER,16.0,10.0,clear_violation,298.0,69.0,221.64350745091687,100.0,0.167608286252354,89,531,274.6336405529954,285.0,0.9283489096573209,1.0161248366883167,0,1,0,0,1
2022,Austrian Grand Prix,SQ,LEC,14.0,9.0,clear_violation,297.0,63.0,222.9013998747841,100.0,0.1666666666666666,90,540,274.6336405529954,285.0,0.9252336448598131,1.0218916455088123,0,1,0,0,1
2022,Austrian Grand Prix,SQ,SAI,9.0,9.0,clear_violation,296.0,64.0,221.33431156231816,100.0,0.1840607210626186,97,527,274.6336405529954,285.0,0.9221183800623053,1.0147073278904257,0,1,0,0,1
2022,Austrian Grand Prix,SQ,SAI,16.0,9.0,clear_violation,296.0,67.0,224.0960849090476,100.0,0.1845574387947269,98,531,274.6336405529954,285.0,0.9221183800623053,1.0273686800012565,0,1,0,0,1
2022,Austrian Grand Prix,SQ,PER,16.0,1.0,clear_violation,299.0,66.0,223.1078728218301,100.0,0.1873840445269016,101,539,274.6336405529954,285.0,0.9314641744548287,1.0228382208992246,0,1,0,0,1
2022,Austrian Grand Prix,SQ,PER,17.0,9.0,clear_violation,300.0,66.0,221.7774297793773,100.0,0.185823754789272,97,522,274.6336405529954,285.0,0.9345794392523364,1.0167388037099578,0,1,0,0,1
2022,Austrian Grand Prix,SQ,MAG,5.0,10.0,clear_violation,321.0,47.0,220.24243405636733,100.0,0.1976967370441458,103,521,274.6336405529954,285.0,1.0,1.0097016145935287,0,1,0,0,1
2022,Austrian Grand Prix,SQ,MAG,6.0,10.0,clear_violation,307.0,63.0,220.6021248901208,100.0,0.1897533206831119,100,527,274.6336405529954,285.0,0.956386292834891,1.0113506175077556,0,1,0,0,1
2022,Austrian Grand Prix,SQ,MAG,11.0,9.0,clear_violation,307.0,65.0,217.9286268206476,100.0,0.1785714285714285,95,532,274.6336405529954,285.0,0.956386292834891,0.9990939634759132,0,1,0,0,1
2022,Austrian Grand Prix,SQ,HAM,15.0,9.0,clear_violation,318.0,64.0,216.1655789736465,100.0,0.2022900763358778,106,524,274.6336405529954,285.0,0.9906542056074766,0.9910112692151557,0,1,0,0,1
2022,Austrian Grand Prix,SQ,HAM,17.0,9.0,clear_violation,312.0,59.0,219.7584079429417,100.0,0.1933085501858736,104,538,274.6336405529954,285.0,0.9719626168224299,1.0074825964904768,0,1,0,0,1
2022,Austrian Grand Prix,SQ,MSC,18.0,10.0,clear_violation,314.0,57.0,216.57500732338443,100.0,0.2176258992805755,121,556,274.6336405529954,285.0,0.9781931464174455,0.9928882938110832,0,1,0,0,1
2022,Austrian Grand Prix,SQ,MSC,19.0,10.0,clear_violation,313.0,55.0,214.650234614422,100.0,0.1944954128440367,106,545,274.6336405529954,285.0,0.9750778816199377,0.9840641717916747,0,1,0,0,1
2022,Austrian Grand Prix,SQ,NOR,23.0,10.0,clear_violation,303.0,62.0,217.29801207876065,98.0,0.2051282051282051,112,546,274.6336405529954,285.0,0.9439252336448598,0.9962029096887635,0,1,0,0,1
2022,Austrian Grand Prix,SQ,RIC,21.0,9.0,clear_violation,316.0,64.0,217.3609343012689,99.0,0.1840148698884758,99,538,274.6336405529954,285.0,0.9844236760124611,0.9964913766680384,0,1,0,0,1
2022,Austrian Grand Prix,SQ,RIC,22.0,10.0,clear_violation,315.0,62.0,217.559099952966,99.0,0.1936090225563909,103,532,274.6336405529954,285.0,0.9813084112149533,0.9973998672562977,0,1,0,0,1
2022,Austrian Grand Prix,SQ,RIC,23.0,10.0,clear_violation,314.0,62.0,216.7909866791812,99.0,0.186471663619744,102,547,274.6336405529954,285.0,0.9781931464174455,0.9938784513399955,0,1,0,0,1
2022,Austrian Grand Prix,SQ,STR,17.0,10.0,clear_violation,313.0,58.0,216.75392549287312,100.0,0.2007366482504604,109,543,274.6336405529954,285.0,0.9750778816199377,0.9937085443018067,0,1,0,0,1
2022,Austrian Grand Prix,SQ,STR,18.0,10.0,clear_violation,314.0,58.0,217.87712580970745,100.0,0.2039355992844365,114,559,274.6336405529954,285.0,0.9781931464174455,0.9988578570501816,0,1,0,0,1
2022,Austrian Grand Prix,SQ,ZHO,19.0,1.0,clear_violation,307.0,63.0,217.45829469127312,100.0,0.1977611940298507,106,536,274.6336405529954,285.0,0.956386292834891,0.996937725453666,0,1,0,0,1
2022,Austrian Grand Prix,SQ,ZHO,21.0,1.0,clear_violation,317.0,52.0,218.7146555702417,100.0,0.22181146025878,120,541,274.6336405529954,285.0,0.9875389408099688,1.0026975129053521,0,1,0,0,1
2022,Austrian Grand Prix,SQ,GAS,14.0,9.0,clear_violation,311.0,63.0,220.19318595162625,100.0,0.1719038817005545,93,541,274.6336405529954,285.0,0.9688473520249221,1.0094758366180638,0,1,0,0,1
2022,Austrian Grand Prix,SQ,GAS,16.0,10.0,clear_violation,313.0,63.0,218.92992608994783,100.0,0.1952117863720073,106,543,274.6336405529954,285.0,0.9750778816199377,1.0036844207746416,0,1,0,0,1
2022,Austrian Grand Prix,SQ,GAS,17.0,10.0,clear_violation,299.0,61.0,217.5817493459423,100.0,0.1804788213627992,98,543,274.6336405529954,285.0,0.9314641744548287,0.9975037034164624,0,1,0,0,1
2022,Austrian Grand Prix,SQ,GAS,21.0,9.0,clear_violation,304.0,48.0,214.31278380405485,100.0,0.1745454545454545,96,550,274.6336405529954,285.0,0.9470404984423676,0.9825171282824007,0,1,0,0,1
2022,Austrian Grand Prix,SQ,ALB,9.0,9.0,clear_violation,310.0,63.0,215.8544808182084,100.0,0.1951219512195122,104,533,274.6336405529954,285.0,0.9657320872274143,0.9895850394734225,0,1,0,0,1
2022,Austrian Grand Prix,SQ,ALB,12.0,9.0,clear_violation,304.0,61.0,215.80320868741967,100.0,0.1890359168241966,100,529,274.6336405529954,285.0,0.9470404984423676,0.9893499823489277,0,1,0,0,1
2022,Austrian Grand Prix,SQ,TSU,13.0,9.0,clear_violation,302.0,65.0,218.9869370463136,100.0,0.1934306569343065,106,548,274.6336405529954,285.0,0.940809968847352,1.0039457875495716,0,1,0,0,1
2022,Austrian Grand Prix,SQ,TSU,17.0,9.0,clear_violation,302.0,65.0,217.69191487886488,100.0,0.1746323529411764,95,544,274.6336405529954,285.0,0.940809968847352,0.9980087573900124,0,1,0,0,1
2022,Austrian Grand Prix,SQ,TSU,19.0,1.0,clear_violation,300.0,67.0,217.12383885318755,100.0,0.1937269372693727,105,542,274.6336405529954,285.0,0.9345794392523364,0.9954044123972056,0,1,0,0,1
2022,Austrian Grand Prix,SQ,VET,19.0,10.0,clear_violation,310.0,61.0,204.66270124973173,100.0,0.196113074204947,111,566,274.6336405529954,285.0,0.9657320872274143,0.9382763171153431,0,1,0,0,1
2022,Austrian Grand Prix,SQ,VET,20.0,10.0,clear_violation,308.0,63.0,211.4049034826936,100.0,0.2284172661870503,127,556,274.6336405529954,285.0,0.9595015576323987,0.9691859486298378,0,1,0,0,1
2022,Azerbaijan Grand Prix,FP1,GAS,14.0,16.0,no_advantage,326.0,71.0,179.91790347670127,100.0,0.2159827213822894,200,926,293.79597701149424,334.0,0.9878787878787879,1.0720264648936466,0,0,0,1,1
2022,Azerbaijan Grand Prix,FP1,STR,10.0,4.0,no_advantage,312.0,59.0,158.61606625571818,100.0,0.2913776015857284,294,1009,293.79597701149424,334.0,0.9454545454545454,0.9451011683530075,0,0,0,1,1
2022,Azerbaijan Grand Prix,FP1,GAS,21.0,15.0,no_advantage,323.3142857142857,31.0,147.16952638005108,100.0,0.1668145519077196,188,1127,293.79597701149424,334.0,0.9797402597402597,0.8768978742891423,0,0,0,1,1
2022,Azerbaijan Grand Prix,FP1,OCO,17.0,17.0,no_advantage,330.0,42.0,158.2038176559071,100.0,0.2569245463228271,269,1047,293.79597701149424,334.0,1.0,0.9426448179811278,0,0,0,1,1
2022,Azerbaijan Grand Prix,FP1,VER,22.0,15.0,no_advantage,319.0,71.0,195.24129575102685,100.0,0.2193939393939394,181,825,293.79597701149424,334.0,0.9666666666666667,1.1633296744830754,0,0,0,1,1
2022,Azerbaijan Grand Prix,FP2,NOR,1.0,3.0,no_advantage,313.0,0.0,151.58097765788384,100.0,0.2304725168756027,239,1037,303.8370927318296,342.0,0.93993993993994,0.9592017213468202,0,0,0,1,1
2022,Azerbaijan Grand Prix,FP2,PER,11.0,1.0,no_advantage,333.0,49.0,139.23253750373283,100.0,0.2081911262798634,244,1172,303.8370927318296,342.0,1.0,0.8810610124344985,0,0,0,1,1
2022,Azerbaijan Grand Prix,FP2,GAS,14.0,1.0,no_advantage,329.0,56.0,156.21678339142366,100.0,0.1443798449612403,149,1032,303.8370927318296,342.0,0.987987987987988,0.9885370172932347,0,0,0,1,1
2022,Azerbaijan Grand Prix,FP2,LEC,13.0,7.0,no_advantage,318.70499712,0.0,128.08359527125944,100.0,0.3111111111111111,392,1260,303.8370927318296,342.0,0.9570720634234233,0.8105107049630614,0,0,0,1,1
2022,Azerbaijan Grand Prix,FP2,PER,12.0,15.0,no_advantage,331.0,0.0,139.4893753688697,100.0,0.2065491183879093,246,1191,303.8370927318296,342.0,0.993993993993994,0.8826862778612882,0,0,0,1,1
2022,Azerbaijan Grand Prix,FP2,STR,18.0,15.0,no_advantage,317.0,69.0,193.90631591101285,100.0,0.224220623501199,187,834,303.8370927318296,342.0,0.9519519519519519,1.227035706430477,0,0,0,1,1
2022,Azerbaijan Grand Prix,FP2,SAI,22.0,15.0,no_advantage,313.0,69.0,197.6882250033071,100.0,0.2181372549019608,178,816,303.8370927318296,342.0,0.93993993993994,1.2509675596706198,0,0,0,1,1
2022,Azerbaijan Grand Prix,FP3,BOT,1.0,1.0,no_advantage,323.4,47.0,158.52319540484487,100.0,0.2402862985685071,235,978,307.3632958801498,347.0,0.9770392749244712,1.0615490437498225,0,0,0,1,1
2022,Azerbaijan Grand Prix,FP3,BOT,12.0,3.0,no_advantage,331.0,56.0,152.6684421531232,100.0,0.22483537158984,239,1063,307.3632958801498,347.0,1.0,1.02234274526534,0,0,0,1,1
2022,Azerbaijan Grand Prix,FP3,LEC,13.0,15.0,no_advantage,326.0250005333333,0.0,121.44506979177852,100.0,0.3209233060312733,431,1343,307.3632958801498,347.0,0.9849697901309163,0.8132557344453631,0,0,0,1,1
2022,Azerbaijan Grand Prix,FP3,BOT,16.0,2.0,no_advantage,321.0,44.0,164.69111782496805,100.0,0.2289395441030723,231,1009,307.3632958801498,347.0,0.9697885196374623,1.1028524765394743,0,0,0,1,1
2022,Azerbaijan Grand Prix,Q,RUS,6.0,7.0,clear_violation,329.0,60.0,192.67294888400627,100.0,0.1827706635622817,157,859,327.93693693693695,345.0,0.9860262982416653,1.1988473251888738,0,1,0,0,1
2022,Azerbaijan Grand Prix,Q,BOT,1.0,3.0,no_advantage,326.0716836538073,52.0,168.2328477292431,100.0,0.2424916573971079,218,899,327.93693693693695,345.0,0.9772500157890304,1.0467764191979525,0,1,0,0,1
2022,Azerbaijan Grand Prix,Q,VET,3.0,3.0,no_advantage,333.66250026666665,39.0,152.5661720027167,100.0,0.2182835820895522,234,1072,327.93693693693695,345.0,1.0,0.9492954162956986,0,1,0,0,1
2022,Azerbaijan Grand Prix,Q,STR,5.0,7.0,no_advantage,326.0,0.0,93.53460097542028,104.0,0.4125714285714286,722,1750,327.93693693693695,345.0,0.9770351769811031,0.5819898789191128,0,1,0,0,1
2022,Azerbaijan Grand Prix,Q,VET,10.0,15.0,no_advantage,330.3749994666666,48.0,149.52533323819725,100.0,0.2437902483900643,265,1087,327.93693693693695,345.0,0.9901472272210013,0.9303747455928825,0,1,0,0,1
2022,Azerbaijan Grand Prix,Q,NOR,14.0,15.0,no_advantage,324.0,73.0,207.75910321817008,100.0,0.1708229426433915,137,802,327.93693693693695,345.0,0.9710410961407282,1.2927162148054803,0,1,0,0,1
2022,Azerbaijan Grand Prix,R,VET,12.0,3.0,no_advantage,337.0,66.0,191.68297992400056,100.0,0.2496969696969697,206,825,311.76484284051224,349.0,1.0,1.0,0,0,1,0,1
2022,Bahrain Grand Prix,FP1,ALB,10.0,4.0,no_advantage,287.2300681578033,0.0,123.87555100331704,100.0,0.3035413153456998,360,1186,259.21612903225804,284.0,1.0,1.0,0,0,0,1,1
2022,Bahrain Grand Prix,Q,ZHO,11.0,5.0,clear_violation,317.0,69.0,208.9497452939137,100.0,0.1825962910128388,128,701,285.9360465116279,291.0,1.0,1.0,0,1,0,0,1
2022,Bahrain Grand Prix,R,ALO,41.0,4.0,clear_violation,301.0,55.0,192.12106402341496,100.0,0.2286874154262516,169,739,273.296992481203,292.0,0.9376947040498442,0.99924386668979,0,0,1,0,1
2022,Bahrain Grand Prix,R,TSU,25.0,4.0,clear_violation,301.0,62.0,194.2497280377246,100.0,0.1913499344692005,146,763,273.296992481203,292.0,0.9376947040498442,1.0103152943406537,0,0,1,0,1
2022,Bahrain Grand Prix,R,NOR,2.0,4.0,clear_violation,303.0,56.0,190.31030089912267,99.0,0.2270967741935484,176,775,273.296992481203,292.0,0.9439252336448598,0.9898258783230558,0,0,1,0,1
2022,Bahrain Grand Prix,R,HAM,34.0,4.0,clear_violation,296.0,65.0,196.73407391922828,100.0,0.194331983805668,144,741,273.296992481203,292.0,0.9221183800623053,1.0232366645061137,0,0,1,0,1
2022,Bahrain Grand Prix,R,HUL,8.0,1.0,no_advantage,314.0,55.0,189.1962984071237,100.0,0.2286821705426356,177,774,273.296992481203,292.0,0.9781931464174455,0.9840318225631344,0,0,1,0,1
2022,Bahrain Grand Prix,R,ALB,28.0,10.0,no_advantage,321.0,56.0,190.98719322619067,100.0,0.2329842931937172,178,764,273.296992481203,292.0,1.0,0.9933464735772527,0,0,1,0,1
2022,Belgian Grand Prix,FP2,SAI,3.0,13.0,no_advantage,262.0,56.0,166.267306014613,100.0,0.1334488734835355,154,1154,206.13840830449823,226.0,0.8343949044585988,0.9138391102318548,0,0,0,1,1
2022,Belgian Grand Prix,FP2,GAS,12.0,8.0,no_advantage,279.0,50.0,137.31969420581436,100.0,0.0642599277978339,89,1385,206.13840830449823,226.0,0.8885350318471338,0.754737116864832,0,0,0,1,1
2022,Belgian Grand Prix,FP2,SAI,15.0,9.0,no_advantage,314.0,65.0,222.18890465284667,100.0,0.1465416178194607,125,853,206.13840830449823,226.0,1.0,1.2211956505357853,0,0,0,1,1
2022,Belgian Grand Prix,FP2,MSC,19.0,7.0,no_advantage,310.0,63.0,201.99905749369444,100.0,0.1955602536997885,185,946,206.13840830449823,226.0,0.9872611464968153,1.110228122367528,0,0,0,1,1
2022,Belgian Grand Prix,Q,RIC,5.0,9.0,clear_violation,330.0,69.0,235.93638837178912,100.0,0.1246851385390428,99,794,222.7405063291139,230.0,0.9880239520958084,1.0115864494626485,0,1,0,0,1
2022,Belgian Grand Prix,Q,TSU,5.0,18.0,clear_violation,334.0,47.0,230.5316796754208,100.0,0.1259259259259259,102,810,222.7405063291139,230.0,1.0,0.9884135505373514,0,1,0,0,1
2022,Belgian Grand Prix,R,GAS,8.0,4.0,clear_violation,347.0,59.0,211.71284337135268,100.0,0.1736725663716814,157,904,208.74335106382975,220.0,1.0,0.9775361284939169,0,0,1,0,1
2022,Belgian Grand Prix,R,ALB,9.0,4.0,clear_violation,322.0,60.0,212.8407428282298,100.0,0.1734806629834254,157,905,208.74335106382975,220.0,0.9279538904899135,0.9827439489116518,0,0,1,0,1
2022,Belgian Grand Prix,R,MSC,32.0,4.0,clear_violation,316.0,68.0,221.4440090398228,100.0,0.1428571428571428,121,847,208.74335106382975,220.0,0.9106628242074928,1.0224675831086179,0,0,1,0,1
2022,Belgian Grand Prix,R,VET,39.0,4.0,clear_violation,315.0,64.0,220.94559331179585,100.0,0.1535796766743649,133,866,208.74335106382975,220.0,0.9077809798270894,1.020166261311615,0,0,1,0,1
2022,Belgian Grand Prix,R,LAT,7.0,4.0,clear_violation,341.0,62.0,215.9469328478777,100.0,0.1953757225433526,169,865,208.74335106382975,220.0,0.9827089337175793,0.9970860781741977,0,0,1,0,1
2022,British Grand Prix,FP2,BOT,20.0,3.0,no_advantage,299.0,79.0,221.22307565268585,100.0,0.1830790568654646,132,721,237.4837905236908,254.0,0.9933554817275747,1.0099245236404983,0,0,0,1,1
2022,British Grand Prix,FP2,MSC,21.0,9.0,no_advantage,293.0,83.0,220.5694795127576,100.0,0.1343705799151343,95,707,237.4837905236908,254.0,0.973421926910299,1.0069407355870919,0,0,0,1,1
2022,British Grand Prix,FP2,PER,15.0,3.0,no_advantage,301.0,65.0,215.3547973572122,100.0,0.1686909581646423,125,741,237.4837905236908,254.0,1.0,0.98313474077241,0,0,0,1,1
2022,British Grand Prix,FP3,VET,12.0,3.0,no_advantage,312.0,87.0,231.3596005004704,100.0,0.1430635838150289,99,692,233.0,254.0,1.0,1.115497099438217,0,0,0,1,1
2022,British Grand Prix,FP3,PER,10.0,3.0,no_advantage,297.0,68.0,206.89976352505,100.0,0.1310615989515072,100,763,233.0,254.0,0.9519230769230769,0.9975643352918783,0,0,0,1,1
2022,British Grand Prix,FP3,SAI,16.0,3.0,no_advantage,296.0,73.0,183.9554331720348,100.0,0.1584507042253521,135,852,233.0,254.0,0.9487179487179487,0.8869385652699048,0,0,0,1,1
2022,British Grand Prix,Q,LAT,18.0,3.0,clear_violation,291.0,45.0,166.83612644277426,100.0,0.2232510288065843,217,972,214.91097922848664,235.0,0.9797979797979798,0.9420653860912627,0,1,0,0,1
2022,British Grand Prix,Q,VER,15.0,13.0,no_advantage,297.0,72.0,188.53487439519728,100.0,0.21007371007371,171,814,214.91097922848664,235.0,1.0,1.06459064367993,0,1,0,0,1
2022,British Grand Prix,Q,LAT,17.0,3.0,no_advantage,296.0,70.0,186.2410801893358,100.0,0.2047058823529411,174,850,214.91097922848664,235.0,0.9966329966329966,1.0516383882528058,0,1,0,0,1
2022,British Grand Prix,Q,LAT,19.0,1.0,no_advantage,285.0,67.0,166.77240652932173,100.0,0.2478354978354978,229,924,214.91097922848664,235.0,0.9595959595959596,0.9417055819760014,0,1,0,0,1
2022,British Grand Prix,R,VER,45.0,9.0,clear_violation,306.0,83.0,226.21063320935656,100.0,0.1420454545454545,100,704,237.4448818897638,252.0,0.9444444444444444,1.021328784918277,0,0,1,0,1
2022,British Grand Prix,R,GAS,10.0,15.0,clear_violation,297.0,83.0,215.80113167327065,100.0,0.137062937062937,98,715,237.4448818897638,252.0,0.9166666666666666,0.9743304479938754,0,0,1,0,1
2022,British Grand Prix,R,LEC,45.0,15.0,clear_violation,303.0,77.0,225.9928176986641,100.0,0.1452513966480447,104,716,237.4448818897638,252.0,0.9351851851851852,1.0203453596578649,0,0,1,0,1
2022,British Grand Prix,R,STR,50.0,15.0,clear_violation,298.0,78.0,225.15268724332225,100.0,0.163059163059163,113,693,237.4448818897638,252.0,0.9197530864197531,1.0165522160511582,0,0,1,0,1
2022,British Grand Prix,R,MAG,8.0,9.0,clear_violation,318.0,80.0,217.13514383501607,100.0,0.1633802816901408,116,710,237.4448818897638,252.0,0.9814814814814815,0.9803534408165014,0,0,1,0,1
2022,British Grand Prix,R,MAG,49.0,9.0,clear_violation,296.0,78.0,224.65505103695872,100.0,0.132183908045977,92,696,237.4448818897638,252.0,0.9135802469135802,1.0143054154708062,0,0,1,0,1
2022,British Grand Prix,R,LAT,26.0,15.0,clear_violation,307.0,79.0,220.5836377549208,100.0,0.1974612129760225,140,709,237.4448818897638,252.0,0.9475308641975309,0.9959232045143677,0,0,1,0,1
2022,British Grand Prix,R,LAT,31.0,9.0,clear_violation,306.0,83.0,221.0385145711765,100.0,0.1843575418994413,132,716,237.4448818897638,252.0,0.9444444444444444,0.9979769487590247,0,0,1,0,1
2022,British Grand Prix,R,TSU,10.0,3.0,no_advantage,324.0,76.0,216.8097226647922,100.0,0.156558533145275,111,709,237.4448818897638,252.0,1.0,0.9788841818181243,0,0,1,0,1
2022,Canadian Grand Prix,FP1,VET,19.0,1.0,no_advantage,292.0,51.0,143.73860844366484,100.0,0.1670731707317073,137,820,270.488188976378,291.0,0.9765886287625418,0.8505628929833233,0,0,0,1,1
2022,Canadian Grand Prix,FP1,RUS,22.0,10.0,no_advantage,299.0,53.0,194.24605942611737,100.0,0.1993410214168039,121,607,270.488188976378,291.0,1.0,1.1494371070166765,0,0,0,1,1
2022,Canadian Grand Prix,FP2,VER,7.0,1.0,no_advantage,292.90999808,32.0,130.78384107720473,100.0,0.2636262513904338,237,899,271.6467181467182,295.0,0.8876060547878787,0.8345414707769625,0,0,0,1,1
2022,Canadian Grand Prix,FP2,PER,7.0,1.0,no_advantage,330.0,60.0,206.28306384654127,100.0,0.1857638888888889,107,576,271.6467181467182,295.0,1.0,1.3163076575893304,0,0,0,1,1
2022,Canadian Grand Prix,FP2,VET,8.0,1.0,no_advantage,296.0,59.0,178.96869130181145,100.0,0.2229007633587786,146,655,271.6467181467182,295.0,0.896969696969697,1.1420126036355907,0,0,0,1,1
2022,Canadian Grand Prix,FP2,GAS,33.0,1.0,no_advantage,282.0,0.0,110.81805051026883,100.0,0.199813258636788,214,1071,271.6467181467182,295.0,0.8545454545454545,0.7071382679981164,0,0,0,1,1
2022,Canadian Grand Prix,FP3,MAG,2.0,3.0,no_advantage,282.0,51.0,150.44873453331235,100.0,0.2427821522309711,185,762,251.38333333333333,268.0,0.9463087248322147,0.980632247391544,0,0,0,1,1
2022,Canadian Grand Prix,FP3,MSC,3.0,10.0,no_advantage,282.0,40.0,147.2304680519868,100.0,0.2487373737373737,197,792,251.38333333333333,268.0,0.9463087248322147,0.9596554282639072,0,0,0,1,1
2022,Canadian Grand Prix,FP3,VET,2.0,10.0,no_advantage,281.0,41.0,148.1265741152593,99.0,0.3106546854942233,242,779,251.38333333333333,268.0,0.9429530201342282,0.9654962916347687,0,0,0,1,1
2022,Canadian Grand Prix,FP3,VET,3.0,1.0,no_advantage,282.0,41.0,153.58209435338082,99.0,0.2849740932642487,220,772,251.38333333333333,268.0,0.9463087248322147,1.0010556407272968,0,0,0,1,1
2022,Canadian Grand Prix,FP3,TSU,6.0,10.0,no_advantage,294.0,40.0,155.78074202331908,100.0,0.2315653298835705,179,773,251.38333333333333,268.0,0.9865771812080537,1.015386534320266,0,0,0,1,1
2022,Canadian Grand Prix,FP3,TSU,7.0,1.0,no_advantage,294.0,45.0,158.02591217297004,100.0,0.2291390728476821,173,755,251.38333333333333,268.0,0.9865771812080537,1.030020663722937,0,0,0,1,1
2022,Canadian Grand Prix,FP3,OCO,2.0,1.0,no_advantage,291.0,48.0,154.47393268008906,100.0,0.2819148936170212,212,752,251.38333333333333,268.0,0.9765100671140939,1.0068686867814407,0,0,0,1,1
2022,Canadian Grand Prix,FP3,ALB,1.0,1.0,no_advantage,283.0,50.0,137.41271207515638,100.0,0.2374701670644391,199,838,251.38333333333333,268.0,0.9496644295302014,0.8956628121892984,0,0,0,1,1
2022,Canadian Grand Prix,FP3,GAS,4.0,3.0,no_advantage,294.0,45.0,160.3933113554958,100.0,0.239010989010989,174,728,251.38333333333333,268.0,0.9865771812080537,1.045451487970376,0,0,0,1,1
2022,Canadian Grand Prix,FP3,MAG,6.0,10.0,no_advantage,285.0,50.0,152.17029801603016,100.0,0.2227912932138284,174,781,251.38333333333333,268.0,0.9563758389261745,0.9918534827998815,0,0,0,1,1
2022,Canadian Grand Prix,FP3,GAS,8.0,1.0,no_advantage,298.0,51.0,151.45447312583622,100.0,0.2223684210526315,169,760,251.38333333333333,268.0,1.0,0.9871877009773414,0,0,0,1,1
2022,Canadian Grand Prix,FP3,BOT,8.0,1.0,no_advantage,292.0,50.0,159.8309485630855,100.0,0.2674897119341564,195,729,251.38333333333333,268.0,0.9798657718120806,1.041785979645023,0,0,0,1,1
2022,Canadian Grand Prix,FP3,SAI,14.0,3.0,no_advantage,292.0,46.0,148.39665626727233,100.0,0.3194968553459119,254,795,251.38333333333333,268.0,0.9798657718120806,0.9672567003781884,0,0,0,1,1
2022,Canadian Grand Prix,FP3,MAG,11.0,1.0,no_advantage,292.0,50.0,152.13251102992302,100.0,0.281921618204804,223,791,251.38333333333333,268.0,0.9798657718120806,0.9916071853669165,0,0,0,1,1
2022,Canadian Grand Prix,FP3,VER,6.0,10.0,no_advantage,297.0,44.0,159.64014545983252,100.0,0.2296395193591455,172,749,251.38333333333333,268.0,0.9966442953020134,1.0405423156385913,0,0,0,1,1
2022,Canadian Grand Prix,FP3,VER,6.0,4.0,no_advantage,297.0,44.0,159.64014545983252,100.0,0.2296395193591455,172,749,251.38333333333333,268.0,0.9966442953020134,1.0405423156385913,0,0,0,1,1
2022,Canadian Grand Prix,FP3,ALB,12.0,10.0,no_advantage,282.0,53.0,150.20240499667298,100.0,0.2609254498714653,203,778,251.38333333333333,268.0,0.9463087248322147,0.979026659362752,0,0,0,1,1
2022,Canadian Grand Prix,FP3,ZHO,10.0,1.0,no_advantage,295.0,52.0,162.62041625597206,100.0,0.2321678321678321,166,715,251.38333333333333,268.0,0.9899328859060402,1.0599678671908817,0,0,0,1,1
2022,Canadian Grand Prix,Q,VER,5.0,2.0,clear_violation,295.0,45.0,152.33711768024733,100.0,0.2612137203166227,198,758,266.7927170868347,279.0,0.9703947368421053,0.9830858662032278,0,1,0,0,1
2022,Canadian Grand Prix,Q,VER,9.0,2.0,clear_violation,291.0,50.0,160.06172196469353,100.0,0.2743484224965706,200,729,266.7927170868347,279.0,0.9572368421052632,1.0329354984510397,0,1,0,0,1
2022,Canadian Grand Prix,Q,ALO,8.0,2.0,clear_violation,280.0,39.0,158.1671995194872,100.0,0.2831491712707182,205,724,266.7927170868347,279.0,0.9210526315789473,1.0207094680032507,0,1,0,0,1
2022,Canadian Grand Prix,Q,ALO,27.0,10.0,clear_violation,286.0,42.0,155.01985523209603,100.0,0.3171052631578947,241,760,266.7927170868347,279.0,0.9407894736842105,1.0003985304449845,0,1,0,0,1
2022,Canadian Grand Prix,Q,SAI,18.0,2.0,clear_violation,304.0,45.0,163.29269977047784,100.0,0.2665726375176304,189,709,266.7927170868347,279.0,1.0,1.0537861529944053,0,1,0,0,1
2022,Canadian Grand Prix,Q,HAM,2.0,14.0,clear_violation,294.0,47.0,155.8792687128649,100.0,0.2543507362784471,190,747,266.7927170868347,279.0,0.9671052631578947,1.0059446327937356,0,1,0,0,1
2022,Canadian Grand Prix,Q,HAM,5.0,2.0,clear_violation,295.0,44.0,154.4549583242525,100.0,0.2898936170212766,218,752,266.7927170868347,279.0,0.9703947368421053,0.9967530488025621,0,1,0,0,1
2022,Canadian Grand Prix,Q,MAG,3.0,10.0,clear_violation,290.0,45.0,160.9680423866119,100.0,0.2462173314993122,179,727,266.7927170868347,279.0,0.9539473684210527,1.0387843080557315,0,1,0,0,1
2022,Canadian Grand Prix,Q,MAG,8.0,2.0,clear_violation,277.0,47.0,151.03224283231978,100.0,0.2666666666666666,200,750,266.7927170868347,279.0,0.9111842105263158,0.9746650424427689,0,1,0,0,1
2022,Canadian Grand Prix,Q,RUS,29.0,2.0,clear_violation,281.0,0.0,125.28509804911997,100.0,0.2774261603375527,263,948,266.7927170868347,279.0,0.9243421052631579,0.8085095150382096,0,1,0,0,1
2022,Canadian Grand Prix,Q,RIC,23.0,6.0,clear_violation,282.0,50.0,174.1439006531507,100.0,0.207492795389049,144,694,266.7927170868347,279.0,0.9276315789473685,1.1238128305470085,0,1,0,0,1
2022,Canadian Grand Prix,Q,BOT,2.0,14.0,clear_violation,288.0,48.0,157.4525921725058,100.0,0.2624495289367429,195,743,266.7927170868347,279.0,0.9473684210526315,1.016097851390043,0,1,0,0,1
2022,Canadian Grand Prix,Q,ALB,2.0,10.0,clear_violation,296.0,45.0,150.69361337048002,100.0,0.2873563218390804,225,783,266.7927170868347,279.0,0.9736842105263158,0.9724797454981764,0,1,0,0,1
2022,Canadian Grand Prix,Q,PER,3.0,2.0,clear_violation,294.0,39.0,155.01055263341743,100.0,0.2630872483221476,196,745,266.7927170868347,279.0,0.9671052631578947,1.0003384974509306,0,1,0,0,1
2022,Canadian Grand Prix,Q,NOR,4.0,2.0,clear_violation,287.0,40.0,155.9612001964948,99.0,0.2413333333333333,181,750,266.7927170868347,279.0,0.944078947368421,1.006473365940195,0,1,0,0,1
2022,Canadian Grand Prix,Q,NOR,7.0,7.0,clear_violation,287.0,42.0,155.75640164451167,99.0,0.2323097463284379,174,749,266.7927170868347,279.0,0.944078947368421,1.0051517276885373,0,1,0,0,1
2022,Canadian Grand Prix,Q,LEC,8.0,2.0,clear_violation,295.0,27.0,152.41693497771848,100.0,0.2998678996036988,227,757,266.7927170868347,279.0,0.9703947368421053,0.9836009557507873,0,1,0,0,1
2022,Canadian Grand Prix,Q,GAS,9.0,8.0,clear_violation,297.0,46.0,157.6057128669693,100.0,0.2493261455525606,185,742,266.7927170868347,279.0,0.9769736842105263,1.0170859939572816,0,1,0,0,1
2022,Canadian Grand Prix,Q,VET,5.0,10.0,clear_violation,290.0,40.0,151.2040982425592,99.0,0.2860858257477243,220,769,266.7927170868347,279.0,0.9539473684210527,0.9757740868267618,0,1,0,0,1
2022,Canadian Grand Prix,Q,ALB,1.0,10.0,no_advantage,262.0,14.0,125.62870814000505,100.0,0.252985884907709,233,921,266.7927170868347,279.0,0.8618421052631579,0.8107269537621256,0,1,0,0,1
2022,Canadian Grand Prix,Q,PER,2.0,1.0,no_advantage,294.0,45.0,157.60450877206014,100.0,0.2584573748308525,191,739,266.7927170868347,279.0,0.9671052631578947,1.0170782235024851,0,1,0,0,1
2022,Canadian Grand Prix,Q,MAG,2.0,10.0,no_advantage,286.0,43.0,157.40403814105494,100.0,0.2608108108108108,193,740,266.7927170868347,279.0,0.9407894736842105,1.0157845148717117,0,1,0,0,1
2022,Canadian Grand Prix,Q,VET,3.0,1.0,no_advantage,293.0,47.0,157.24569208953577,99.0,0.2860927152317881,216,755,266.7927170868347,279.0,0.9638157894736842,1.0147626512078323,0,1,0,0,1
2022,Canadian Grand Prix,Q,HAM,4.0,2.0,no_advantage,287.0,41.0,143.77522331447375,104.0,0.296969696969697,245,825,266.7927170868347,279.0,0.944078947368421,0.9278329018102403,0,1,0,0,1
2022,Canadian Grand Prix,Q,VER,4.0,1.0,no_advantage,292.0,32.0,150.76351201642612,100.0,0.2735368956743002,215,786,266.7927170868347,279.0,0.9605263157894737,0.9729308264424843,0,1,0,0,1
2022,Canadian Grand Prix,Q,TSU,4.0,10.0,no_advantage,297.0,42.0,156.80320917696176,100.0,0.3117647058823529,212,680,266.7927170868347,279.0,0.9769736842105263,1.0119071508280693,0,1,0,0,1
2022,Canadian Grand Prix,Q,VET,4.0,10.0,no_advantage,293.0,48.0,160.29618713395976,99.0,0.2594594594594595,192,740,266.7927170868347,279.0,0.9638157894736842,1.0344485859869768,0,1,0,0,1
2022,Canadian Grand Prix,Q,LAT,5.0,1.0,no_advantage,299.0,48.0,158.19130370346255,100.0,0.2608108108108108,193,740,266.7927170868347,279.0,0.9835526315789473,1.0208650209173622,0,1,0,0,1
2022,Canadian Grand Prix,Q,OCO,6.0,3.0,no_advantage,288.0,48.0,151.5954824771232,100.0,0.2890322580645161,224,775,266.7927170868347,279.0,0.9473684210526315,0.9782998291744819,0,1,0,0,1
2022,Canadian Grand Prix,Q,NOR,6.0,7.0,no_advantage,287.0,46.0,151.13712711889872,99.0,0.2432432432432432,189,777,266.7927170868347,279.0,0.944078947368421,0.9753418982300694,0,1,0,0,1
2022,Canadian Grand Prix,Q,NOR,7.0,1.0,no_advantage,287.0,42.0,155.75640164451167,99.0,0.2323097463284379,174,749,266.7927170868347,279.0,0.944078947368421,1.0051517276885373,0,1,0,0,1
2022,Canadian Grand Prix,Q,MAG,7.0,1.0,no_advantage,297.0,48.0,164.1607119728919,100.0,0.273876404494382,195,712,266.7927170868347,279.0,0.9769736842105263,1.0593877459671457,0,1,0,0,1
2022,Canadian Grand Prix,Q,ALO,7.0,1.0,no_advantage,277.0,42.0,144.16025740136882,100.0,0.2518518518518518,204,810,266.7927170868347,279.0,0.9111842105263158,0.9303176643854882,0,1,0,0,1
2022,Canadian Grand Prix,Q,LEC,7.0,1.0,no_advantage,300.0,45.0,164.99429073461707,100.0,0.2446351931330472,171,699,266.7927170868347,279.0,0.9868421052631579,1.0647671276404898,0,1,0,0,1
2022,Canadian Grand Prix,Q,MSC,8.0,1.0,no_advantage,295.0,48.0,166.21612616981494,100.0,0.2629310344827586,183,696,266.7927170868347,279.0,0.9703947368421053,1.0726520683920309,0,1,0,0,1
2022,Canadian Grand Prix,Q,OCO,9.0,10.0,no_advantage,297.0,49.0,165.2376833278267,100.0,0.2403433476394849,168,699,266.7927170868347,279.0,0.9769736842105263,1.066337827033826,0,1,0,0,1
2022,Canadian Grand Prix,Q,RUS,10.0,1.0,no_advantage,296.0,42.0,163.66324539539772,100.0,0.2401129943502825,170,708,266.7927170868347,279.0,0.9736842105263158,1.056177416346301,0,1,0,0,1
2022,Canadian Grand Prix,Q,ZHO,13.0,1.0,no_advantage,292.0,47.0,165.9610707131664,100.0,0.2371134020618556,161,679,266.7927170868347,279.0,0.9605263157894737,1.0710061043725758,0,1,0,0,1
2022,Canadian Grand Prix,Q,SAI,17.0,1.0,no_advantage,290.0,54.0,175.20918672692304,100.0,0.2292899408284023,155,676,266.7927170868347,279.0,0.9539473684210527,1.1306875023179876,0,1,0,0,1
2022,Canadian Grand Prix,Q,RIC,22.0,6.0,no_advantage,275.1750016,22.0,131.11547539359145,100.0,0.1772428884026258,162,914,266.7927170868347,279.0,0.9051809263157894,0.8461350238391065,0,1,0,0,1
2022,Canadian Grand Prix,Q,RUS,28.0,2.0,no_advantage,280.0,57.0,152.81334971706295,100.0,0.2506426735218509,195,778,266.7927170868347,279.0,0.9210526315789473,0.9861591617437756,0,1,0,0,1
2022,Canadian Grand Prix,Q,ALO,26.0,10.0,no_advantage,279.375,32.0,141.7641853787742,100.0,0.2956419316843345,251,849,266.7927170868347,279.0,0.9189967105263158,0.9148549552592593,0,1,0,0,1
2022,Canadian Grand Prix,R,GAS,32.0,14.0,clear_violation,313.0,58.0,197.09686850241567,100.0,0.3288364249578415,195,593,275.21463414634144,300.0,0.9205882352941176,1.0408823074818718,0,0,1,0,1
2022,Canadian Grand Prix,R,GAS,67.0,14.0,clear_violation,340.0,51.0,198.1505372012893,100.0,0.236087689713322,140,593,275.21463414634144,300.0,1.0,1.0464468053601907,0,0,1,0,1
2022,Canadian Grand Prix,R,LEC,59.0,14.0,clear_violation,330.0,54.0,196.98915582764167,99.0,0.215,129,600,275.21463414634144,300.0,0.9705882352941176,1.0403134693348446,0,0,1,0,1
2022,Canadian Grand Prix,R,MAG,47.0,14.0,clear_violation,310.0,61.0,194.463755076124,100.0,0.1996699669966996,121,606,275.21463414634144,300.0,0.9117647058823529,1.0269766518525112,0,0,1,0,1
2022,Canadian Grand Prix,R,TSU,10.0,14.0,clear_violation,310.0,64.0,160.69649704759618,100.0,0.1468531468531468,105,715,275.21463414634144,300.0,0.9117647058823529,0.8486494073806438,0,0,1,0,1
2022,Canadian Grand Prix,R,NOR,47.0,14.0,clear_violation,308.0,60.0,197.6018293258213,99.0,0.1917808219178082,112,584,275.21463414634144,300.0,0.9058823529411765,1.0435490408046693,0,0,1,0,1
2022,Canadian Grand Prix,R,LAT,7.0,14.0,clear_violation,314.0,58.0,190.50344366675293,100.0,0.2411575562700964,150,622,275.21463414634144,300.0,0.9235294117647059,1.0060619711198622,0,0,1,0,1
2022,Canadian Grand Prix,R,RUS,8.0,14.0,clear_violation,303.0,61.0,195.0086218909317,100.0,0.2107925801011804,125,593,275.21463414634144,300.0,0.8911764705882353,1.029854131498822,0,0,1,0,1
2022,Canadian Grand Prix,R,BOT,1.0,14.0,no_advantage,311.0,0.0,173.6894721841984,100.0,0.3065902578796561,214,698,275.21463414634144,300.0,0.9147058823529411,0.9172662151665845,0,0,1,0,1
2022,Dutch Grand Prix,FP1,ALO,6.0,11.0,no_advantage,315.0,53.0,191.599868211144,100.0,0.2263843648208469,139,614,284.28991596638656,316.0,0.984375,1.0054279515971325,0,0,0,1,1
2022,Dutch Grand Prix,FP1,MAG,5.0,11.0,no_advantage,311.0,95.0,199.8346106212428,100.0,0.2016949152542373,119,590,284.28991596638656,316.0,0.971875,1.0486400908883333,0,0,0,1,1
2022,Dutch Grand Prix,FP1,PER,15.0,9.0,no_advantage,320.0,78.0,180.26198506674888,100.0,0.1608832807570978,102,634,284.28991596638656,316.0,1.0,0.9459319575145342,0,0,0,1,1
2022,Dutch Grand Prix,Q,TSU,2.0,3.0,clear_violation,319.0,96.0,208.9709039929714,100.0,0.1678321678321678,96,572,306.37113402061857,321.0,0.9937694704049844,1.0651773037379826,0,1,0,0,1
2022,Dutch Grand Prix,Q,MAG,8.0,3.0,clear_violation,321.0,93.0,211.3366336877638,100.0,0.1835205992509363,98,534,306.37113402061857,321.0,1.0,1.0772360235383076,0,1,0,0,1
2022,Dutch Grand Prix,Q,VET,8.0,13.0,no_advantage,319.0,50.0,168.24491248780978,100.0,0.2002945508100147,136,679,306.37113402061857,321.0,0.9937694704049844,0.8575866727237095,0,1,0,0,1
2022,Dutch Grand Prix,R,VER,41.0,3.0,clear_violation,306.0,88.0,200.8490524276637,100.0,0.2058319039451115,120,583,291.83320697498107,324.0,1.0,1.0536329334225747,0,0,1,0,1
2022,Dutch Grand Prix,R,GAS,12.0,3.0,clear_violation,289.0249993142857,0.0,159.81967628661045,100.0,0.1900138696255201,137,721,291.83320697498107,324.0,0.9445261415499533,0.838397156019216,0,0,1,0,1
2022,Dutch Grand Prix,R,LEC,27.0,3.0,clear_violation,300.0,90.0,198.68994113049112,100.0,0.1993185689948892,117,587,291.83320697498107,324.0,0.9803921568627451,1.0423064634087564,0,0,1,0,1
2022,Dutch Grand Prix,R,LEC,36.0,3.0,clear_violation,302.0,90.0,199.7377525892881,100.0,0.2216494845360824,129,582,291.83320697498107,324.0,0.9869281045751634,1.0478031717459972,0,0,1,0,1
2022,Dutch Grand Prix,R,OCO,20.0,3.0,clear_violation,297.0,90.0,197.16379785327905,100.0,0.2442882249560632,139,569,291.83320697498107,324.0,0.9705882352941176,1.0343004768304964,0,0,1,0,1
2022,Dutch Grand Prix,R,MSC,30.0,3.0,clear_violation,300.0,88.0,194.7920872241651,100.0,0.1926298157453936,115,597,291.83320697498107,324.0,0.9803921568627451,1.0218587331569344,0,0,1,0,1
2022,Dutch Grand Prix,R,VET,11.0,3.0,clear_violation,294.0,89.0,197.1574536165708,100.0,0.2003514938488576,114,569,291.83320697498107,324.0,0.9607843137254902,1.0342671956342326,0,0,1,0,1
2022,Dutch Grand Prix,R,LAT,17.0,3.0,clear_violation,303.0,95.0,194.88362371980497,100.0,0.2342954159592529,138,589,291.83320697498107,324.0,0.9901960784313726,1.022338923953209,0,0,1,0,1
2022,Dutch Grand Prix,R,MAG,1.0,2.0,no_advantage,297.0,0.0,172.5339598452263,100.0,0.2815674891146589,194,689,291.83320697498107,324.0,0.9705882352941176,0.905094945828583,0,0,1,0,1
2022,Emilia Romagna Grand Prix,FP1,MAG,2.0,12.0,no_advantage,276.0,66.0,169.36623127489875,100.0,0.2971285892634207,238,801,251.07142857142856,270.0,0.9452054794520548,1.011787920882295,0,0,0,1,1
2022,Emilia Romagna Grand Prix,FP1,STR,2.0,12.0,no_advantage,280.0,66.0,160.60220902492554,100.0,0.2865853658536585,235,820,251.07142857142856,270.0,0.958904109589041,0.9594319595780965,0,0,0,1,1
2022,Emilia Romagna Grand Prix,FP1,NOR,5.0,17.0,no_advantage,281.0,68.0,177.83103273748293,100.0,0.2476697736351531,186,751,251.07142857142856,270.0,0.9623287671232876,1.06235634770528,0,0,0,1,1
2022,Emilia Romagna Grand Prix,FP1,OCO,9.0,17.0,no_advantage,287.0,25.0,160.4089815237943,100.0,0.249079754601227,203,815,251.07142857142856,270.0,0.9828767123287672,0.9582776252686228,0,0,0,1,1
2022,Emilia Romagna Grand Prix,FP1,STR,12.0,18.0,no_advantage,279.0,50.0,166.62196520533232,100.0,0.2677459526774595,215,803,251.07142857142856,270.0,0.9554794520547946,0.9953937717064318,0,0,0,1,1
2022,Emilia Romagna Grand Prix,FP1,SAI,14.0,13.0,no_advantage,291.0,46.0,173.45946518817644,100.0,0.2626903553299492,207,788,251.07142857142856,270.0,0.9965753424657534,1.0362407566077243,0,0,0,1,1
2022,Emilia Romagna Grand Prix,FP1,MAG,15.0,18.0,no_advantage,288.0,61.0,183.79192757093537,100.0,0.2804532577903683,198,706,251.07142857142856,270.0,0.9863013698630136,1.0979665242129433,0,0,0,1,1
2022,Emilia Romagna Grand Prix,FP1,VET,14.0,2.0,no_advantage,289.0,76.0,185.18827020084453,100.0,0.2428977272727272,171,704,251.07142857142856,270.0,0.9897260273972602,1.1063082260724006,0,0,0,1,1
2022,Emilia Romagna Grand Prix,FP1,VER,11.0,13.0,no_advantage,292.0,75.0,186.0654566661763,100.0,0.242467718794835,169,697,251.07142857142856,270.0,1.0,1.1115485072270517,0,0,0,1,1
2022,Emilia Romagna Grand Prix,FP1,VET,17.0,13.0,no_advantage,292.0,75.0,186.15206672001588,100.0,0.260431654676259,181,695,251.07142857142856,270.0,1.0,1.1120659126486767,0,0,0,1,1
2022,Emilia Romagna Grand Prix,FP1,RUS,15.0,13.0,no_advantage,282.0,65.0,184.089418595912,100.0,0.2362869198312236,168,711,251.07142857142856,270.0,0.9657534246575342,1.0997437251542201,0,0,0,1,1
2022,Emilia Romagna Grand Prix,FP1,GAS,17.0,13.0,no_advantage,292.0,0.0,75.13916309349524,100.0,0.1471950591868245,286,1943,251.07142857142856,270.0,1.0,0.4488787229362566,0,0,0,1,1
2022,Emilia Romagna Grand Prix,FP2,MAG,24.0,13.0,no_advantage,298.0,92.0,216.6178111242259,100.0,0.1642969984202211,104,633,261.6128364389234,286.0,1.0,1.0,0,0,0,1,1
2022,Emilia Romagna Grand Prix,Q,ALO,22.0,13.0,clear_violation,289.0,54.0,173.0464850512899,100.0,0.2506527415143603,192,766,268.7119341563786,277.0,0.9633333333333334,0.9635570159200495,0,1,0,0,1
2022,Emilia Romagna Grand Prix,Q,PER,21.0,2.0,clear_violation,300.0,82.0,189.7431733173817,100.0,0.234620886981402,164,699,268.7119341563786,277.0,1.0,1.0565274747921514,0,1,0,0,1
2022,Emilia Romagna Grand Prix,Q,VET,23.0,2.0,clear_violation,296.0,75.0,174.97659397030287,100.0,0.2750677506775068,203,738,268.7119341563786,277.0,0.9866666666666667,0.9743042436944455,0,1,0,0,1
2022,Emilia Romagna Grand Prix,Q,MSC,6.0,14.0,clear_violation,293.0,70.0,191.79838293804465,100.0,0.1963534361851332,140,713,268.7119341563786,277.0,0.9766666666666667,1.0679712879882948,0,1,0,0,1
2022,Emilia Romagna Grand Prix,Q,PER,20.0,2.0,no_advantage,274.0,46.0,160.23709468038024,100.0,0.2452316076294278,180,734,268.7119341563786,277.0,0.9133333333333333,0.8922317997049356,0,1,0,0,1
2022,Emilia Romagna Grand Prix,Q,ALO,21.0,11.0,no_advantage,265.65,32.55,160.3999782130456,100.0,0.2455902306648575,181,737,268.7119341563786,277.0,0.8855,0.8931387673941728,0,1,0,0,1
2022,Emilia Romagna Grand Prix,Q,VET,22.0,2.0,no_advantage,296.0,74.0,193.8966637686364,100.0,0.2619392185238784,181,691,268.7119341563786,277.0,0.9866666666666667,1.0796549301904923,0,1,0,0,1
2022,Emilia Romagna Grand Prix,Q,BOT,22.0,12.0,no_advantage,292.0,76.0,192.63226001885823,100.0,0.2558479532163742,175,684,268.7119341563786,277.0,0.9733333333333334,1.0726144803154587,0,1,0,0,1
2022,Emilia Romagna Grand Prix,R,PER,28.0,14.0,clear_violation,308.0,94.0,210.4805825766496,100.0,0.1946624803767661,124,637,268.86696832579185,288.0,1.0,1.0776532437450141,0,0,1,0,1
2022,Emilia Romagna Grand Prix,R,LEC,14.0,9.0,clear_violation,302.0,73.0,189.81326749936304,100.0,0.2539454806312769,177,697,268.86696832579185,288.0,0.9805194805194806,0.971837311178278,0,0,1,0,1
2022,Emilia Romagna Grand Prix,R,VET,13.0,14.0,clear_violation,300.0,61.0,186.770691951051,100.0,0.2877094972067039,206,716,268.86696832579185,288.0,0.974025974025974,0.956259430459596,0,0,1,0,1
2022,Emilia Romagna Grand Prix,R,LAT,13.0,14.0,clear_violation,304.0,77.0,182.7686487607881,100.0,0.2538354253835425,182,717,268.86696832579185,288.0,0.987012987012987,0.9357691088688912,0,0,1,0,1
2022,Emilia Romagna Grand Prix,R,MSC,16.0,14.0,clear_violation,301.0,63.0,183.0162244777532,100.0,0.2650602409638554,198,747,268.86696832579185,288.0,0.9772727272727273,0.9370366879072702,0,0,1,0,1
2022,Emilia Romagna Grand Prix,R,MSC,24.0,14.0,clear_violation,303.0,0.0,186.56972918401257,100.0,0.2124645892351274,150,706,268.86696832579185,288.0,0.9837662337662337,0.9552305080995391,0,0,1,0,1
2022,Emilia Romagna Grand Prix,R,MSC,27.0,9.0,clear_violation,302.0,97.0,211.5948860142153,100.0,0.1912225705329153,122,638,268.86696832579185,288.0,0.9805194805194806,1.083358438491763,0,0,1,0,1
2022,Emilia Romagna Grand Prix,R,RIC,54.0,15.0,clear_violation,303.0,93.0,211.4966104929672,100.0,0.1677018633540372,108,644,268.86696832579185,288.0,0.9837662337662337,1.0828552712496484,0,0,1,0,1
2022,French Grand Prix,FP1,VER,11.0,10.0,no_advantage,334.0,74.0,219.73940779792204,100.0,0.1771978021978022,129,728,278.5977011494253,300.0,1.0,1.1622377762203795,0,0,0,1,1
2022,French Grand Prix,FP1,GAS,16.0,11.0,no_advantage,299.0,57.0,143.31207024489584,100.0,0.1068222621184919,119,1114,278.5977011494253,300.0,0.8952095808383234,0.7580010499534151,0,0,0,1,1
2022,French Grand Prix,FP1,VET,18.0,11.0,no_advantage,302.0,75.0,204.1459034926172,100.0,0.1922110552763819,153,796,278.5977011494253,300.0,0.9041916167664671,1.0797611738262058,0,0,0,1,1
2022,French Grand Prix,FP2,MSC,5.0,11.0,no_advantage,305.0,60.0,137.74743364993822,100.0,0.1096718480138169,127,1158,280.7921052631579,301.0,0.9561128526645768,0.952303692084879,0,0,0,1,1
2022,French Grand Prix,FP2,RUS,7.0,11.0,no_advantage,294.0,52.0,145.331684221301,100.0,0.1532033426183844,165,1077,280.7921052631579,301.0,0.9216300940438872,1.0047366821553902,0,0,0,1,1
2022,French Grand Prix,FP2,MAG,12.0,2.0,no_advantage,319.0,60.0,150.860500744649,100.0,0.1098376313276026,115,1047,280.7921052631579,301.0,1.0,1.0429596257597304,0,0,0,1,1
2022,French Grand Prix,FP3,MAG,4.0,11.0,no_advantage,326.0,58.0,203.53721327260064,100.0,0.1782945736434108,138,774,279.65625,304.0,1.0,1.1600179144811922,0,0,0,1,1
2022,French Grand Prix,FP3,LEC,3.0,12.0,no_advantage,310.0,51.0,142.99406955333353,100.0,0.1662024141132776,179,1077,279.65625,304.0,0.950920245398773,0.8149648886283835,0,0,0,1,1
2022,French Grand Prix,FP3,PER,8.0,11.0,no_advantage,314.0,75.0,209.64276555371504,100.0,0.1772151898734177,126,711,279.65625,304.0,0.9631901840490797,1.1948152368480287,0,0,0,1,1
2022,French Grand Prix,FP3,NOR,4.0,3.0,no_advantage,293.5000007111111,60.0,156.38487242960875,100.0,0.0884146341463414,87,984,279.65625,304.0,0.9003067506475801,0.8912829779645147,0,0,0,1,1
2022,French Grand Prix,FP3,SAI,4.0,11.0,no_advantage,296.85427172525937,0.0,121.37099074911096,100.0,0.2441497659906396,313,1282,279.65625,304.0,0.9105959255376054,0.6917286588705236,0,0,0,1,1
2022,French Grand Prix,FP3,ALB,8.0,3.0,no_advantage,324.0,81.0,219.80345507216384,100.0,0.1763085399449036,128,726,279.65625,304.0,0.9938650306748467,1.2527239685014189,0,0,0,1,1
2022,French Grand Prix,FP3,PER,15.0,3.0,no_advantage,315.0,72.0,208.2397917511863,100.0,0.1923583662714097,146,759,279.65625,304.0,0.9662576687116564,1.186819280146482,0,0,0,1,1
2022,French Grand Prix,FP3,BOT,16.0,9.0,no_advantage,292.0,0.0,141.71008293188325,100.0,0.2620508326029798,299,1141,279.65625,304.0,0.8957055214723927,0.8076470745594561,0,0,0,1,1
2022,French Grand Prix,Q,TSU,7.0,3.0,clear_violation,336.0,76.0,223.06319202291624,100.0,0.1473829201101928,107,726,295.93888888888887,305.0,1.0,1.080765725297847,0,1,0,0,1
2022,French Grand Prix,Q,RIC,5.0,6.0,clear_violation,331.0,80.0,222.57341517224447,100.0,0.1542699724517906,112,726,295.93888888888887,305.0,0.9851190476190477,1.0783927025303974,0,1,0,0,1
2022,French Grand Prix,Q,MSC,8.0,3.0,clear_violation,336.0,79.0,223.0552079018598,100.0,0.2112676056338028,150,710,295.93888888888887,305.0,1.0,1.0807270413522523,0,1,0,0,1
2022,French Grand Prix,Q,ALB,4.0,8.0,no_advantage,303.78911401928184,31.0,156.88281889294055,100.0,0.1691691691691691,169,999,295.93888888888887,305.0,0.9041342679145293,0.7601145308195031,0,1,0,0,1
2022,French Grand Prix,R,VER,9.0,6.0,clear_violation,335.0,71.0,207.6007206854825,100.0,0.2230971128608924,170,762,287.7758620689655,307.0,0.9882005899705014,0.9986526054872614,0,0,1,0,1
2022,French Grand Prix,R,GAS,44.0,3.0,clear_violation,331.0,67.0,207.60636327345856,100.0,0.1653645833333333,127,768,287.7758620689655,307.0,0.976401179941003,0.9986797488669442,0,0,1,0,1
2022,French Grand Prix,R,PER,5.0,3.0,clear_violation,339.0,75.0,206.6228796463789,100.0,0.2250673854447439,167,742,287.7758620689655,307.0,1.0,0.9939487513858462,0,0,1,0,1
2022,French Grand Prix,R,PER,6.0,3.0,clear_violation,337.0,72.0,207.8101880864523,100.0,0.2190082644628099,159,726,287.7758620689655,307.0,0.9941002949852508,0.9996602376623928,0,0,1,0,1
2022,French Grand Prix,R,STR,3.0,3.0,clear_violation,322.0,67.0,206.60195749704647,100.0,0.2,154,770,287.7758620689655,307.0,0.9498525073746312,0.993848106460943,0,0,1,0,1
2022,French Grand Prix,R,ALB,44.0,3.0,clear_violation,309.0,73.0,207.0159023749028,100.0,0.2213541666666666,170,768,287.7758620689655,307.0,0.911504424778761,0.9958393670376614,0,0,1,0,1
2022,French Grand Prix,R,NOR,28.0,6.0,clear_violation,319.0,73.0,207.8600381297773,100.0,0.2066666666666666,155,750,287.7758620689655,307.0,0.9410029498525073,0.9999000387357503,0,0,1,0,1
2022,French Grand Prix,R,NOR,29.0,6.0,clear_violation,318.0,76.0,207.72195989675708,100.0,0.1989389920424403,150,754,287.7758620689655,307.0,0.9380530973451328,0.9992358204868376,0,0,1,0,1
2022,French Grand Prix,R,SAI,30.0,3.0,clear_violation,339.0,73.0,211.2190243390557,100.0,0.2423841059602649,183,755,287.7758620689655,307.0,1.0,1.0160582693941769,0,0,1,0,1
2022,French Grand Prix,R,LAT,36.0,3.0,clear_violation,332.0,67.0,205.2610984060915,100.0,0.2172185430463576,164,755,287.7758620689655,307.0,0.9793510324483776,0.9873979726639504,0,0,1,0,1
2022,French Grand Prix,R,HAM,31.0,2.0,no_advantage,308.0,74.0,211.3688674155084,100.0,0.1917443408788282,144,751,287.7758620689655,307.0,0.9085545722713865,1.016779081818236,0,0,1,0,1
2022,Hungarian Grand Prix,FP1,MSC,4.0,12.0,no_advantage,289.0,56.0,124.159020777976,100.0,0.2006764374295377,178,887,235.95693779904303,256.0,0.9174603174603174,0.8931812058674586,0,0,0,1,1
2022,Hungarian Grand Prix,FP1,MSC,12.0,3.0,no_advantage,315.0,56.0,140.37749237624746,100.0,0.2067307692307692,172,832,235.95693779904303,256.0,1.0,1.009854436122516,0,0,0,1,1
2022,Hungarian Grand Prix,FP1,HAM,12.0,12.0,no_advantage,310.0,77.0,176.95936476833,100.0,0.1659259259259259,112,675,235.95693779904303,256.0,0.9841269841269841,1.2730188899923527,0,0,0,1,1
2022,Hungarian Grand Prix,FP1,TSU,14.0,1.0,no_advantage,257.1375008,59.0,114.53472353817746,100.0,0.0522243713733075,54,1034,235.95693779904303,256.0,0.8163095263492064,0.8239454680176723,0,0,0,1,1
2022,Hungarian Grand Prix,FP2,MSC,15.0,12.0,no_advantage,318.0,71.0,178.84413801319832,100.0,0.23206106870229,152,655,237.06521739130437,258.0,1.0,0.9727384245240829,0,0,0,1,1
2022,Hungarian Grand Prix,FP2,LEC,21.0,4.0,no_advantage,297.0,80.0,187.2340333570231,100.0,0.2069510268562401,131,633,237.06521739130437,258.0,0.9339622641509434,1.0183713072639788,0,0,0,1,1
2022,Hungarian Grand Prix,FP2,OCO,22.0,4.0,no_advantage,293.0,85.0,185.49088410540267,100.0,0.2488479262672811,162,651,237.06521739130437,258.0,0.9213836477987422,1.0088902682119387,0,0,0,1,1
2022,Hungarian Grand Prix,FP3,GAS,3.0,4.0,no_advantage,285.0,64.0,140.1360039758217,100.0,0.2175925925925926,188,864,213.1359649122807,237.0,0.9930313588850174,0.9984431928119053,0,0,0,1,1
2022,Hungarian Grand Prix,FP3,LAT,3.0,4.0,no_advantage,277.0,66.0,145.68426866861893,100.0,0.2743467933491686,231,842,213.1359649122807,237.0,0.9651567944250871,1.0379735558683387,0,0,0,1,1
2022,Hungarian Grand Prix,FP3,ZHO,7.0,4.0,no_advantage,278.0,65.0,142.40365490764208,100.0,0.2692307692307692,224,832,213.1359649122807,237.0,0.9686411149825784,1.014599787636318,0,0,0,1,1
2022,Hungarian Grand Prix,FP3,ALB,6.0,4.0,no_advantage,277.0,64.0,141.6605291229612,100.0,0.2810615199034982,233,829,213.1359649122807,237.0,0.9651567944250871,1.00930515342336,0,0,0,1,1
2022,Hungarian Grand Prix,FP3,MAG,6.0,4.0,no_advantage,271.0,69.0,144.70916229443998,100.0,0.2414634146341463,198,820,213.1359649122807,237.0,0.9442508710801394,1.031026102723218,0,0,0,1,1
2022,Hungarian Grand Prix,FP3,VET,8.0,11.0,no_advantage,256.0,61.0,129.5993468001636,99.0,0.2615384615384615,238,910,213.1359649122807,237.0,0.89198606271777,0.923371452976626,0,0,0,1,1
2022,Hungarian Grand Prix,FP3,MSC,11.0,12.0,no_advantage,276.0,64.0,140.16777742548547,100.0,0.2654761904761905,223,840,213.1359649122807,237.0,0.9616724738675958,0.998669572782997,0,0,0,1,1
2022,Hungarian Grand Prix,FP3,PER,6.0,2.0,no_advantage,287.0,62.0,138.47532787793924,100.0,0.2189349112426035,185,845,213.1359649122807,237.0,1.0,0.9866111817772374,0,0,0,1,1
2022,Hungarian Grand Prix,Q,VER,9.0,11.0,clear_violation,313.0,91.0,198.53696845064343,100.0,0.205685618729097,123,598,253.54918032786884,259.0,1.0,1.0130393603853112,0,1,0,0,1
2022,Hungarian Grand Prix,Q,MSC,2.0,5.0,clear_violation,313.0,93.0,191.0258259305145,100.0,0.2260162601626016,139,615,253.54918032786884,259.0,1.0,0.9747135862298245,0,1,0,0,1
2022,Hungarian Grand Prix,Q,TSU,5.0,5.0,clear_violation,311.0,93.0,194.7437762002492,100.0,0.1993410214168039,121,607,253.54918032786884,259.0,0.9936102236421726,0.9936845113557049,0,1,0,0,1
2022,Hungarian Grand Prix,Q,GAS,8.0,5.0,clear_violation,313.0,91.0,199.6194098469529,100.0,0.1844331641285956,109,591,253.54918032786884,259.0,1.0,1.0185625420291597,0,1,0,0,1
2022,Hungarian Grand Prix,R,MAG,4.0,4.0,clear_violation,293.0,91.0,183.3041493043692,100.0,0.2747252747252747,175,637,239.83880597014925,255.0,0.9575163398692811,1.0101080359912036,0,0,1,0,1
2022,Hungarian Grand Prix,R,MAG,52.0,4.0,clear_violation,288.0,89.0,179.28008527254983,100.0,0.2288261515601783,154,673,239.83880597014925,255.0,0.9411764705882353,0.9879332001715596,0,0,1,0,1
2022,Hungarian Grand Prix,R,MAG,55.0,12.0,clear_violation,290.0,88.0,185.00177396630048,100.0,0.2367149758454106,147,621,239.83880597014925,255.0,0.9477124183006536,1.0194628941306465,0,0,1,0,1
2022,Hungarian Grand Prix,R,TSU,52.0,7.0,clear_violation,258.0,0.0,140.40232366628143,100.0,0.2771804062126642,232,837,239.83880597014925,255.0,0.8431372549019608,0.7736950633433828,0,0,1,0,1
2022,Hungarian Grand Prix,R,ALB,57.0,7.0,clear_violation,290.0,85.0,180.7271091707792,100.0,0.2559618441971383,161,629,239.83880597014925,255.0,0.9477124183006536,0.995907108418698,0,0,1,0,1
2022,Hungarian Grand Prix,R,ZHO,65.0,4.0,clear_violation,285.0,86.0,189.4268986084639,100.0,0.2170418006430868,135,622,239.83880597014925,255.0,0.9313725490196079,1.0438477974635763,0,0,1,0,1
2022,Hungarian Grand Prix,R,ZHO,69.0,13.0,clear_violation,292.0,69.0,177.3243595846117,100.0,0.2582582582582582,172,666,239.83880597014925,255.0,0.954248366013072,0.9771560615138825,0,0,1,0,1
2022,Hungarian Grand Prix,R,RIC,64.0,4.0,clear_violation,288.0,86.0,188.6834707976688,100.0,0.2112676056338028,135,639,239.83880597014925,255.0,0.9411764705882353,1.0397510958410912,0,0,1,0,1
2022,Hungarian Grand Prix,R,HAM,15.0,12.0,clear_violation,282.0,87.0,184.2776631349573,100.0,0.2264150943396226,144,636,239.83880597014925,255.0,0.9215686274509803,1.0154726398321827,0,0,1,0,1
2022,Hungarian Grand Prix,R,HAM,24.0,12.0,clear_violation,296.0,91.0,185.4725702255469,100.0,0.2296650717703349,144,627,239.83880597014925,255.0,0.9673202614379085,1.0220572439398794,0,0,1,0,1
2022,Hungarian Grand Prix,R,VET,35.0,7.0,clear_violation,306.0,79.0,181.87924282651704,100.0,0.2852713178294573,184,645,239.83880597014925,255.0,1.0,1.0022560070585445,0,0,1,0,1
2022,Hungarian Grand Prix,R,LAT,52.0,11.0,clear_violation,292.0,84.0,180.99486845107,100.0,0.2874432677760968,190,661,239.83880597014925,255.0,0.954248366013072,0.9973826113015262,0,0,1,0,1
2022,Hungarian Grand Prix,R,LAT,58.0,13.0,clear_violation,289.0,89.0,185.8756593248665,100.0,0.2679425837320574,168,627,239.83880597014925,255.0,0.9444444444444444,1.0242784895580956,0,0,1,0,1
2022,Hungarian Grand Prix,R,LAT,62.0,4.0,clear_violation,288.0,88.0,186.01858005531628,100.0,0.2839116719242902,180,634,239.83880597014925,255.0,0.9411764705882353,1.0250660624465706,0,0,1,0,1
2022,Hungarian Grand Prix,R,HAM,15.0,12.0,no_advantage,282.0,87.0,184.2776631349573,100.0,0.2264150943396226,144,636,239.83880597014925,255.0,0.9215686274509803,1.0154726398321827,0,0,1,0,1
2022,Hungarian Grand Prix,R,MAG,51.0,4.0,no_advantage,290.0,87.0,186.1652979086932,100.0,0.2243589743589743,140,624,239.83880597014925,255.0,0.9477124183006536,1.0258745595988816,0,0,1,0,1
2022,Hungarian Grand Prix,R,LAT,58.0,13.0,no_advantage,289.0,89.0,185.8756593248665,100.0,0.2679425837320574,168,627,239.83880597014925,255.0,0.9444444444444444,1.0242784895580956,0,0,1,0,1
2022,Italian Grand Prix,Q,LEC,5.0,2.0,clear_violation,345.0,36.0,172.57164806765664,100.0,0.206746463547334,190,919,302.2912087912088,314.0,0.9971098265895953,0.7164800003114185,0,1,0,0,1
2022,Italian Grand Prix,Q,NOR,4.0,7.0,clear_violation,336.0,69.0,249.58614428618023,100.0,0.124401913875598,78,627,302.2912087912088,314.0,0.9710982658959537,1.0362274611052011,0,1,0,0,1
2022,Italian Grand Prix,Q,GAS,17.0,6.0,clear_violation,342.0,68.0,253.45473805857733,100.0,0.121259842519685,77,635,302.2912087912088,314.0,0.9884393063583815,1.052289022191789,0,1,0,0,1
2022,Italian Grand Prix,Q,ALO,16.0,7.0,clear_violation,339.0,72.0,254.542142801476,100.0,0.1374407582938388,87,633,302.2912087912088,314.0,0.9797687861271677,1.0568036905006022,0,1,0,0,1
2022,Italian Grand Prix,Q,DEV,7.0,10.0,clear_violation,346.0,58.0,252.8073286900345,100.0,0.1475667189952904,94,637,302.2912087912088,314.0,1.0,1.0496011191105523,0,1,0,0,1
2022,Italian Grand Prix,Q,MAG,7.0,7.0,clear_violation,336.0,70.0,251.8652912654177,100.0,0.128526645768025,82,638,302.2912087912088,314.0,0.9710982658959537,1.0456899843335454,0,1,0,0,1
2022,Italian Grand Prix,Q,MAG,9.0,7.0,clear_violation,340.0,69.0,251.19539545914404,100.0,0.139937106918239,89,636,302.2912087912088,314.0,0.9826589595375722,1.0429087224468918,0,1,0,0,1
2022,Italian Grand Prix,R,VER,15.0,7.0,clear_violation,319.0,67.0,240.9698202886574,100.0,0.131578947368421,85,646,298.0425985090522,315.0,0.9011299435028248,1.0192215077317386,0,0,1,0,1
2022,Italian Grand Prix,R,GAS,14.0,2.0,clear_violation,354.0,64.0,234.0109829251409,100.0,0.1766467065868263,118,668,298.0425985090522,315.0,1.0,0.9897879599903365,0,0,1,0,1
2022,Italian Grand Prix,R,PER,24.0,7.0,clear_violation,332.0,64.0,237.18589234701204,100.0,0.1407624633431085,96,682,298.0425985090522,315.0,0.9378531073446328,1.0032167618377832,0,0,1,0,1
2022,Italian Grand Prix,R,ALO,21.0,5.0,clear_violation,322.0,69.0,235.5006830461649,100.0,0.155688622754491,104,668,298.0425985090522,315.0,0.9096045197740112,0.9960888917900094,0,0,1,0,1
2022,Italian Grand Prix,R,STR,22.0,7.0,clear_violation,329.0,68.0,235.7798878239224,99.0,0.0,0,680,298.0425985090522,315.0,0.9293785310734464,0.9972698343421141,0,0,1,0,1
2022,Italian Grand Prix,R,MAG,17.0,7.0,clear_violation,320.0,72.0,235.423521976432,100.0,0.1507462686567164,101,670,298.0425985090522,315.0,0.903954802259887,0.995762526348324,0,0,1,0,1
2022,Italian Grand Prix,R,MAG,18.0,10.0,clear_violation,321.0,66.0,232.92569509223543,100.0,0.1505847953216374,103,684,298.0425985090522,315.0,0.9067796610169492,0.9851975565113791,0,0,1,0,1
2022,Italian Grand Prix,R,RIC,41.0,7.0,clear_violation,325.0,70.0,238.21639760903088,99.0,0.1169415292353823,78,667,298.0425985090522,315.0,0.9180790960451978,1.0075754534184225,0,0,1,0,1
2022,Italian Grand Prix,R,RIC,43.0,7.0,clear_violation,323.0,67.0,237.9438015424249,99.0,0.1357254290171607,87,641,298.0425985090522,315.0,0.9124293785310734,1.0064224634976304,0,0,1,0,1
2022,Italian Grand Prix,R,NOR,13.0,2.0,clear_violation,331.0,52.0,231.4406573725852,100.0,0.1892697466467958,127,671,298.0425985090522,315.0,0.9350282485875706,0.9789163451055388,0,0,1,0,1
2022,Italian Grand Prix,R,DEV,11.0,7.0,clear_violation,342.0,67.0,234.34935140113933,100.0,0.1958146487294469,131,669,298.0425985090522,315.0,0.9661016949152542,0.9912191451398416,0,0,1,0,1
2022,Italian Grand Prix,R,DEV,16.0,10.0,clear_violation,339.0,64.0,235.14637599937723,100.0,0.1942336874051593,128,659,298.0425985090522,315.0,0.9576271186440678,0.9945902918325776,0,0,1,0,1
2022,Italian Grand Prix,R,DEV,18.0,7.0,clear_violation,336.0,63.0,235.4496608046112,100.0,0.1866666666666666,126,675,298.0425985090522,315.0,0.9491525423728814,0.9958730848233862,0,0,1,0,1
2022,Italian Grand Prix,R,MSC,16.0,7.0,clear_violation,330.0,62.0,237.7633451865655,100.0,0.1396054628224582,92,659,298.0425985090522,315.0,0.9322033898305084,1.0056591936455035,0,0,1,0,1
2022,Italian Grand Prix,R,SAI,39.0,7.0,clear_violation,324.0,69.0,244.2744502590677,100.0,0.1455399061032863,93,639,298.0425985090522,315.0,0.9152542372881356,1.0331989839854137,0,0,1,0,1
2022,Japanese Grand Prix,FP1,LAT,4.0,11.0,no_advantage,293.0,61.0,186.90363420259453,100.0,0.2200725513905683,182,827,227.8881118881119,251.0,1.0,1.0,0,0,0,1,1
2022,Japanese Grand Prix,FP2,LAT,4.0,16.0,no_advantage,279.0,0.0,127.93050547127687,100.0,0.251792828685259,316,1255,237.18490566037732,255.0,0.9587628865979382,0.7862481741159775,0,0,0,1,1
2022,Japanese Grand Prix,FP2,TSU,5.0,9.0,no_advantage,291.0,64.0,197.4896600257464,100.0,0.17375,139,800,237.18490566037732,255.0,1.0,1.2137518258840225,0,0,0,1,1
2022,Japanese Grand Prix,Q,ALB,2.0,14.0,clear_violation,332.0,73.0,226.2578576094268,100.0,0.1762177650429799,123,698,261.36046511627904,269.0,1.0,1.0,0,1,0,0,1
2022,Mexico City Grand Prix,FP1,LAW,16.0,4.0,no_advantage,291.0,58.0,153.76615974363617,100.0,0.147410358565737,111,753,239.65384615384616,249.0,1.0,1.0,0,0,0,1,1
2022,Mexico City Grand Prix,FP3,MSC,4.0,4.0,no_advantage,342.0,67.0,189.3261916317847,100.0,0.2100977198697068,129,614,233.65449438202248,253.0,1.0,1.1995431010172306,0,0,0,1,1
2022,Mexico City Grand Prix,FP3,TSU,21.0,1.0,no_advantage,311.0,51.0,126.3376498279065,100.0,0.0928270042194092,88,948,233.65449438202248,253.0,0.9093567251461988,0.8004568989827695,0,0,0,1,1
2022,Mexico City Grand Prix,Q,RUS,17.0,12.0,clear_violation,344.0,64.0,194.0660808363189,100.0,0.2043189368770764,123,602,248.41037735849056,254.0,0.98005698005698,1.012633389032405,0,1,0,0,1
2022,Mexico City Grand Prix,Q,HAM,15.0,3.0,clear_violation,347.0,62.0,195.1675470012531,100.0,0.2069536423841059,125,604,248.41037735849056,254.0,0.9886039886039886,1.0183808200656654,0,1,0,0,1
2022,Mexico City Grand Prix,Q,MSC,8.0,2.0,clear_violation,348.0,64.0,191.2685604500076,100.0,0.2287581699346405,140,612,248.41037735849056,254.0,0.9914529914529915,0.9980359769680736,0,1,0,0,1
2022,Mexico City Grand Prix,Q,ALB,9.0,8.0,clear_violation,351.0,62.0,186.0776339391142,100.0,0.2294022617124394,142,619,248.41037735849056,254.0,1.0,0.9709498139338562,0,1,0,0,1
2022,Mexico City Grand Prix,R,ALO,58.0,14.0,clear_violation,302.0,63.0,181.07233156324023,100.0,0.2138461538461538,139,650,242.3936484490399,249.0,0.934984520123839,1.0059736288789685,0,0,1,0,1
2022,Mexico City Grand Prix,R,LEC,11.0,2.0,clear_violation,323.0,61.0,178.9218598650632,100.0,0.2492260061919504,161,646,242.3936484490399,249.0,1.0,0.9940263711210314,0,0,1,0,1
2022,Miami Grand Prix,FP1,PER,1.0,1.0,no_advantage,287.0,42.0,151.96129411855102,100.0,0.1868743047830923,168,899,263.83502538071065,283.0,1.0,1.0,0,0,0,1,1
2022,Miami Grand Prix,FP2,STR,2.0,17.0,no_advantage,326.0,16.0,185.2034225336476,100.0,0.2050314465408805,163,795,262.3170731707317,286.0,1.0,1.0,0,0,0,1,1
2022,Miami Grand Prix,Q,VER,16.0,5.0,clear_violation,322.0,38.0,154.78666335910896,100.0,0.2295973884657236,211,919,279.9016393442623,289.0,0.9554896142433235,0.8333058050123058,0,1,0,0,1
2022,Miami Grand Prix,Q,HAM,5.0,15.0,clear_violation,337.0,42.0,194.16739895715068,100.0,0.2070773263433813,158,763,279.9016393442623,289.0,1.0,1.0453149979708007,0,1,0,0,1
2022,Miami Grand Prix,Q,GAS,2.0,15.0,clear_violation,336.0,63.0,208.2963339778949,100.0,0.1807747489239598,126,697,279.9016393442623,289.0,0.9970326409495549,1.1213791970168934,0,1,0,0,1
2022,Miami Grand Prix,R,GAS,24.0,5.0,clear_violation,320.0,59.0,197.79955150776647,100.0,0.1829268292682926,135,738,267.06913339824735,287.0,0.9523809523809523,0.9942977510575517,0,0,1,0,1
2022,Miami Grand Prix,R,ALO,3.0,6.0,clear_violation,320.0,62.0,198.82742950548965,100.0,0.1972789115646258,145,735,267.06913339824735,287.0,0.9523809523809523,0.9994646828008603,0,0,1,0,1
2022,Miami Grand Prix,R,ALO,56.0,15.0,clear_violation,317.0,62.0,206.5777360480077,100.0,0.2093023255813953,144,688,267.06913339824735,287.0,0.9434523809523809,1.038423883195861,0,0,1,0,1
2022,Miami Grand Prix,R,MAG,20.0,12.0,clear_violation,336.0,64.0,201.2921994037064,100.0,0.2166212534059945,159,734,267.06913339824735,287.0,1.0,1.0118545752348431,0,0,1,0,1
2022,Miami Grand Prix,R,VET,5.0,15.0,clear_violation,317.0,55.0,197.8735854800216,100.0,0.2077747989276139,155,746,267.06913339824735,287.0,0.9434523809523809,0.9946699046420974,0,0,1,0,1
2022,Miami Grand Prix,R,LAT,34.0,15.0,clear_violation,317.0,63.0,188.8747544402593,100.0,0.2188328912466843,165,754,267.06913339824735,287.0,0.9434523809523809,0.9494346278339432,0,0,1,0,1
2022,Miami Grand Prix,R,MAG,20.0,11.0,no_advantage,336.0,64.0,201.2921994037064,100.0,0.2166212534059945,159,734,267.06913339824735,287.0,1.0,1.0118545752348431,0,0,1,0,1
2022,Monaco Grand Prix,FP1,LEC,10.0,1.0,no_advantage,281.0,45.0,155.15185458525008,100.0,0.3101045296167247,178,574,251.2769857433809,268.0,1.0,1.0,0,0,0,1,1
2022,Monaco Grand Prix,Q,SAI,1.0,10.0,clear_violation,271.9166677333333,29.0,100.52184743009202,100.0,0.2984234234234234,265,888,264.61386138613864,275.0,0.9816486199759326,0.8279071693297724,0,1,0,0,1
2022,Monaco Grand Prix,Q,SAI,4.0,10.0,clear_violation,277.0,43.0,122.18468145385616,100.0,0.268595041322314,195,726,264.61386138613864,275.0,1.0,1.0063242602885119,0,1,0,0,1
2022,Monaco Grand Prix,Q,PER,7.0,10.0,clear_violation,275.8285714285714,37.0,126.87062199610342,100.0,0.2517385257301808,181,719,264.61386138613864,275.0,0.9957710159876224,1.0449180970430298,0,1,0,0,1
2022,Monaco Grand Prix,Q,RUS,13.0,10.0,clear_violation,274.91666346666665,39.0,125.9383095395129,100.0,0.2104519774011299,149,708,264.61386138613864,275.0,0.9924789294825511,1.0372394860087117,0,1,0,0,1
2022,Monaco Grand Prix,Q,RUS,22.0,10.0,clear_violation,275.3,42.0,131.5685893022716,100.0,0.2205663189269746,148,671,264.61386138613864,275.0,0.9938628158844766,1.0836109873299742,0,1,0,0,1
2022,Monaco Grand Prix,R,GAS,4.0,10.0,clear_violation,249.0,36.0,115.92940511619771,100.0,0.3128205128205128,244,780,245.53339269813,272.0,0.8498293515358362,0.92216163347457,0,0,1,0,1
2022,Monaco Grand Prix,R,GAS,63.0,10.0,clear_violation,288.0,42.0,148.02903117045958,100.0,0.2907563025210084,173,595,245.53339269813,272.0,0.9829351535836177,1.1774984357850058,0,0,1,0,1
2022,Monaco Grand Prix,R,STR,11.0,10.0,clear_violation,268.0,38.0,122.7526434282106,100.0,0.3410958904109589,249,730,245.53339269813,272.0,0.9146757679180887,0.9764371521066667,0,0,1,0,1
2022,Monaco Grand Prix,R,MAG,19.0,11.0,clear_violation,257.0,36.0,120.09101508966076,100.0,0.2736982643524699,205,749,245.53339269813,272.0,0.8771331058020477,0.9552652023850305,0,0,1,0,1
2022,Monaco Grand Prix,R,TSU,44.0,10.0,clear_violation,286.0,44.0,146.72783326154735,100.0,0.3021001615508885,187,619,245.53339269813,272.0,0.9761092150170648,1.167148043768817,0,0,1,0,1
2022,Monaco Grand Prix,R,ALB,15.0,10.0,clear_violation,266.0,37.0,122.6412751029802,100.0,0.3825136612021858,280,732,245.53339269813,272.0,0.9078498293515358,0.975551271629588,0,0,1,0,1
2022,Monaco Grand Prix,R,ALB,17.0,10.0,clear_violation,267.0,40.0,120.82442232179024,100.0,0.3857729138166895,282,731,245.53339269813,272.0,0.9112627986348123,0.9610990976810919,0,0,1,0,1
2022,Monaco Grand Prix,R,ALB,22.0,10.0,clear_violation,247.0,0.0,90.79380533614602,100.0,0.3615537848605578,363,1004,245.53339269813,272.0,0.8430034129692833,0.722220249075135,0,0,1,0,1
2022,Monaco Grand Prix,R,ZHO,11.0,10.0,clear_violation,271.0,38.0,119.2378562418541,100.0,0.2945113788487282,220,747,245.53339269813,272.0,0.9249146757679181,0.9484787416426667,0,0,1,0,1
2022,Monaco Grand Prix,R,ZHO,49.0,11.0,clear_violation,293.0,45.0,141.3557366438132,100.0,0.3476874003189792,218,627,245.53339269813,272.0,1.0,1.124415646520444,0,0,1,0,1
2022,Monaco Grand Prix,R,HAM,13.0,10.0,clear_violation,263.0,38.0,120.38760797101352,100.0,0.322237017310253,242,751,245.53339269813,272.0,0.8976109215017065,0.9576244534798761,0,0,1,0,1
2022,Monaco Grand Prix,R,SAI,48.0,10.0,clear_violation,284.0,46.0,151.49565772198835,100.0,0.3377703826955074,203,601,245.53339269813,272.0,0.9692832764505119,1.205073751988862,0,0,1,0,1
2022,Monaco Grand Prix,R,RUS,8.0,10.0,clear_violation,263.0,36.0,117.89305006690502,100.0,0.3184796854521625,243,763,245.53339269813,272.0,0.8976109215017065,0.9377814672302367,0,0,1,0,1
2022,Monaco Grand Prix,R,RUS,12.0,10.0,clear_violation,258.0,38.0,121.8484647032564,100.0,0.319060773480663,231,724,245.53339269813,272.0,0.8805460750853242,0.969244853232011,0,0,1,0,1
2022,Pre-Season Test,Q,HAM,5.0,19.0,clear_violation,317.0,72.0,204.1257087697916,100.0,0.186013986013986,133,715,205.6011235955056,215.0,0.9783950617283951,1.0066648866774646,0,1,0,0,1
2022,Pre-Season Test,Q,VET,8.0,9.0,clear_violation,315.0,70.0,201.28446816471367,100.0,0.197875166002656,149,753,205.6011235955056,215.0,0.9722222222222222,0.9926530448130974,0,1,0,0,1
2022,Pre-Season Test,Q,ZHO,5.0,12.0,clear_violation,324.0,70.0,201.67026569441,100.0,0.1903448275862068,138,725,205.6011235955056,215.0,1.0,0.994555641153621,0,1,0,0,1
2022,Pre-Season Test,Q,ZHO,14.0,12.0,clear_violation,322.0,71.0,203.0801916218329,100.0,0.1814461118690313,133,733,205.6011235955056,215.0,0.9938271604938271,1.0015088217819048,0,1,0,0,1
2022,Pre-Season Test,Q,TSU,11.0,9.0,clear_violation,321.0,74.0,203.7105728970257,100.0,0.1546811397557666,114,737,205.6011235955056,215.0,0.9907407407407407,1.0046176055739122,0,1,0,0,1
2022,Pre-Season Test,R,VER,48.0,9.0,clear_violation,308.0,65.0,195.165286517544,100.0,0.2041612483745123,157,769,193.09443861490035,206.0,0.9447852760736196,1.040118662204009,0,0,1,0,1
2022,Pre-Season Test,R,VER,51.0,9.0,clear_violation,309.0,67.0,194.9443911041802,100.0,0.2058432934926959,155,753,193.09443861490035,206.0,0.9478527607361963,1.0389414167730482,0,0,1,0,1
2022,Pre-Season Test,R,GAS,9.0,11.0,clear_violation,300.0,63.0,186.56374351924413,100.0,0.1859605911330049,151,812,193.09443861490035,206.0,0.9202453987730062,0.9942773880926027,0,0,1,0,1
2022,Pre-Season Test,R,GAS,31.0,19.0,clear_violation,299.0,69.0,190.9329196104413,100.0,0.1564885496183206,123,786,193.09443861490035,206.0,0.9171779141104295,1.017562582258017,0,0,1,0,1
2022,Pre-Season Test,R,GAS,34.0,19.0,clear_violation,297.0,72.0,189.5695662366688,100.0,0.1647058823529411,126,765,193.09443861490035,206.0,0.911042944785276,1.0102966933668995,0,0,1,0,1
2022,Pre-Season Test,R,PER,8.0,19.0,clear_violation,325.0,66.0,189.7045626155568,100.0,0.2279792746113989,176,772,193.09443861490035,206.0,0.9969325153374233,1.0110161463778158,0,0,1,0,1
2022,Pre-Season Test,R,PER,47.0,6.0,clear_violation,307.0,69.0,196.014592919404,100.0,0.2013245033112582,152,755,193.09443861490035,206.0,0.941717791411043,1.0446449765617858,0,0,1,0,1
2022,Pre-Season Test,R,PER,54.0,6.0,clear_violation,308.0,63.0,193.85109992005687,100.0,0.202275600505689,160,791,193.09443861490035,206.0,0.9447852760736196,1.03311480393569,0,0,1,0,1
2022,Pre-Season Test,R,ALO,3.0,19.0,clear_violation,305.0,69.0,187.6124498655112,100.0,0.2029887920298879,163,803,193.09443861490035,206.0,0.9355828220858896,0.999866389402147,0,0,1,0,1
2022,Pre-Season Test,R,MAG,26.0,19.0,clear_violation,296.0,69.0,187.9324905043284,100.0,0.2197368421052631,167,760,193.09443861490035,206.0,0.9079754601226994,1.0015720218280628,0,0,1,0,1
2022,Pre-Season Test,R,TSU,15.0,19.0,clear_violation,326.0,65.0,187.2783736732948,100.0,0.1881313131313131,149,792,193.09443861490035,206.0,1.0,0.9980859555538812,0,0,1,0,1
2022,Pre-Season Test,R,ALB,6.0,19.0,clear_violation,325.0,64.0,187.63217136243497,100.0,0.2369077306733167,190,802,193.09443861490035,206.0,0.9969325153374233,0.9999714936313009,0,0,1,0,1
2022,Pre-Season Test,R,ALB,8.0,12.0,clear_violation,302.0,65.0,185.1240417845852,100.0,0.2205513784461152,176,798,193.09443861490035,206.0,0.9263803680981595,0.9866046063753907,0,0,1,0,1
2022,Pre-Season Test,R,ALB,12.0,19.0,clear_violation,305.0,70.0,188.9306107457622,100.0,0.22544080604534,179,794,193.09443861490035,206.0,0.9355828220858896,1.0068914283104526,0,0,1,0,1
2022,Pre-Season Test,R,ZHO,32.0,12.0,clear_violation,325.0,67.0,186.9820613234353,100.0,0.2515723270440251,200,795,193.09443861490035,206.0,0.9969325153374233,0.9965067812528065,0,0,1,0,1
2022,Pre-Season Test,R,ZHO,33.0,12.0,clear_violation,321.0,67.0,188.23125795226008,100.0,0.2344740177439797,185,789,193.09443861490035,206.0,0.9846625766871165,1.003164280388987,0,0,1,0,1
2022,Pre-Season Test,R,ZHO,36.0,19.0,clear_violation,297.0,68.0,190.77503905521064,100.0,0.2151088348271446,168,781,193.09443861490035,206.0,0.911042944785276,1.0167211697567227,0,0,1,0,1
2022,Pre-Season Test,R,RIC,7.0,19.0,clear_violation,316.0,67.0,186.3853825912361,99.0,0.1779448621553884,142,798,193.09443861490035,206.0,0.9693251533742331,0.9933268269905774,0,0,1,0,1
2022,Pre-Season Test,R,RIC,33.0,19.0,clear_violation,297.0,65.0,185.44256297612384,99.0,0.1756587202007528,140,797,193.09443861490035,206.0,0.911042944785276,0.9883021410217327,0,0,1,0,1
2022,Pre-Season Test,R,NOR,15.0,19.0,clear_violation,296.0,0.0,158.6925545192105,100.0,0.2143622722400857,200,933,193.09443861490035,206.0,0.9079754601226994,0.8457399902078403,0,0,1,0,1
2022,Pre-Season Test,R,NOR,51.0,19.0,clear_violation,302.0,62.0,191.66004547054104,100.0,0.2225130890052356,170,764,193.09443861490035,206.0,0.9263803680981595,1.0214377446414304,0,0,1,0,1
2022,Pre-Season Test,R,HAM,13.0,19.0,clear_violation,293.0,0.0,160.06161423465122,100.0,0.2415254237288135,228,944,193.09443861490035,206.0,0.8987730061349694,0.8530362906161283,0,0,1,0,1
2022,Pre-Season Test,R,HAM,43.0,9.0,clear_violation,299.0,74.0,195.1352119820769,100.0,0.1877496671105193,141,751,193.09443861490035,206.0,0.9171779141104295,1.0399583822374505,0,0,1,0,1
2022,Pre-Season Test,R,HAM,52.0,9.0,clear_violation,324.0,71.0,195.4884367030681,100.0,0.2204724409448819,168,762,193.09443861490035,206.0,0.9938650306748467,1.0418408667243713,0,0,1,0,1
2022,Pre-Season Test,R,MSC,3.0,19.0,clear_violation,318.0,68.0,186.01523085192187,100.0,0.2381546134663341,191,802,193.09443861490035,206.0,0.9754601226993865,0.9913541312372607,0,0,1,0,1
2022,Pre-Season Test,R,MSC,10.0,19.0,clear_violation,323.0,66.0,183.8619618843149,100.0,0.2432432432432432,198,814,193.09443861490035,206.0,0.99079754601227,0.9798784468165508,0,0,1,0,1
2022,Pre-Season Test,R,MSC,39.0,19.0,clear_violation,298.0,67.0,189.5983837462875,100.0,0.2195121951219512,171,779,193.09443861490035,206.0,0.9141104294478528,1.0104502741090875,0,0,1,0,1
2022,Pre-Season Test,R,MSC,53.0,19.0,clear_violation,303.0,68.0,189.97736599608635,100.0,0.2066831683168316,167,808,193.09443861490035,206.0,0.9294478527607362,1.0124700314014499,0,0,1,0,1
2022,Pre-Season Test,R,RUS,35.0,19.0,clear_violation,322.0,63.0,191.9246769108448,100.0,0.2088197146562905,161,771,193.09443861490035,206.0,0.9877300613496932,1.0228480779265001,0,0,1,0,1
2022,Pre-Season Track Session,FP2,BOT,20.0,3.0,no_advantage,299.0,79.0,221.22307565268585,100.0,0.1830790568654646,132,721,237.4837905236908,254.0,0.9933554817275747,1.0099245236404983,0,0,0,1,1
2022,Pre-Season Track Session,FP2,MSC,21.0,9.0,no_advantage,293.0,83.0,220.5694795127576,100.0,0.1343705799151343,95,707,237.4837905236908,254.0,0.973421926910299,1.0069407355870919,0,0,0,1,1
2022,Pre-Season Track Session,FP2,PER,15.0,3.0,no_advantage,301.0,65.0,215.3547973572122,100.0,0.1686909581646423,125,741,237.4837905236908,254.0,1.0,0.98313474077241,0,0,0,1,1
2022,Pre-Season Track Session,FP3,VET,12.0,3.0,no_advantage,312.0,87.0,231.3596005004704,100.0,0.1430635838150289,99,692,233.0,254.0,1.0,1.115497099438217,0,0,0,1,1
2022,Pre-Season Track Session,FP3,PER,10.0,3.0,no_advantage,297.0,68.0,206.89976352505,100.0,0.1310615989515072,100,763,233.0,254.0,0.9519230769230769,0.9975643352918783,0,0,0,1,1
2022,Pre-Season Track Session,FP3,SAI,16.0,3.0,no_advantage,296.0,73.0,183.9554331720348,100.0,0.1584507042253521,135,852,233.0,254.0,0.9487179487179487,0.8869385652699048,0,0,0,1,1
2022,Pre-Season Track Session,Q,LAT,18.0,3.0,clear_violation,291.0,45.0,166.83612644277426,100.0,0.2232510288065843,217,972,214.91097922848664,235.0,0.9797979797979798,0.9420653860912627,0,1,0,0,1
2022,Pre-Season Track Session,Q,VER,15.0,13.0,no_advantage,297.0,72.0,188.53487439519728,100.0,0.21007371007371,171,814,214.91097922848664,235.0,1.0,1.06459064367993,0,1,0,0,1
2022,Pre-Season Track Session,Q,LAT,17.0,3.0,no_advantage,296.0,70.0,186.2410801893358,100.0,0.2047058823529411,174,850,214.91097922848664,235.0,0.9966329966329966,1.0516383882528058,0,1,0,0,1
2022,Pre-Season Track Session,Q,LAT,19.0,1.0,no_advantage,285.0,67.0,166.77240652932173,100.0,0.2478354978354978,229,924,214.91097922848664,235.0,0.9595959595959596,0.9417055819760014,0,1,0,0,1
2022,Pre-Season Track Session,R,VER,45.0,9.0,clear_violation,306.0,83.0,226.21063320935656,100.0,0.1420454545454545,100,704,237.4448818897638,252.0,0.9444444444444444,1.021328784918277,0,0,1,0,1
2022,Pre-Season Track Session,R,GAS,10.0,15.0,clear_violation,297.0,83.0,215.80113167327065,100.0,0.137062937062937,98,715,237.4448818897638,252.0,0.9166666666666666,0.9743304479938754,0,0,1,0,1
2022,Pre-Season Track Session,R,LEC,45.0,15.0,clear_violation,303.0,77.0,225.9928176986641,100.0,0.1452513966480447,104,716,237.4448818897638,252.0,0.9351851851851852,1.0203453596578649,0,0,1,0,1
2022,Pre-Season Track Session,R,STR,50.0,15.0,clear_violation,298.0,78.0,225.15268724332225,100.0,0.163059163059163,113,693,237.4448818897638,252.0,0.9197530864197531,1.0165522160511582,0,0,1,0,1
2022,Pre-Season Track Session,R,MAG,8.0,9.0,clear_violation,318.0,80.0,217.13514383501607,100.0,0.1633802816901408,116,710,237.4448818897638,252.0,0.9814814814814815,0.9803534408165014,0,0,1,0,1
2022,Pre-Season Track Session,R,MAG,49.0,9.0,clear_violation,296.0,78.0,224.65505103695872,100.0,0.132183908045977,92,696,237.4448818897638,252.0,0.9135802469135802,1.0143054154708062,0,0,1,0,1
2022,Pre-Season Track Session,R,LAT,26.0,15.0,clear_violation,307.0,79.0,220.5836377549208,100.0,0.1974612129760225,140,709,237.4448818897638,252.0,0.9475308641975309,0.9959232045143677,0,0,1,0,1
2022,Pre-Season Track Session,R,LAT,31.0,9.0,clear_violation,306.0,83.0,221.0385145711765,100.0,0.1843575418994413,132,716,237.4448818897638,252.0,0.9444444444444444,0.9979769487590247,0,0,1,0,1
2022,Pre-Season Track Session,R,TSU,10.0,3.0,no_advantage,324.0,76.0,216.8097226647922,100.0,0.156558533145275,111,709,237.4448818897638,252.0,1.0,0.9788841818181243,0,0,1,0,1
2022,Saudi Arabian Grand Prix,FP1,VER,12.0,8.0,no_advantage,299.2937504,60.0,153.63211157940023,100.0,0.2583025830258302,280,1084,275.12938005390833,304.0,1.0,0.9454397592396397,0,0,0,1,1
2022,Saudi Arabian Grand Prix,FP1,TSU,20.0,8.0,no_advantage,293.0,67.0,171.3639763849081,100.0,0.1568627450980392,152,969,275.12938005390833,304.0,0.9789713270270811,1.0545602407603603,0,0,0,1,1
2022,Saudi Arabian Grand Prix,R,PER,35.0,2.0,clear_violation,315.0,76.0,233.55891501285743,100.0,0.1508379888268156,108,716,285.04396984924625,311.0,0.9545454545454546,1.0311245545497143,0,0,1,0,1
2022,Saudi Arabian Grand Prix,R,LEC,47.0,2.0,clear_violation,315.0,72.0,238.33029695058684,100.0,0.1631205673758865,115,705,285.04396984924625,311.0,0.9545454545454546,1.052189428373336,0,0,1,0,1
2022,Saudi Arabian Grand Prix,R,MAG,11.0,2.0,clear_violation,330.0,64.0,225.5718188197144,100.0,0.1563342318059299,116,742,285.04396984924625,311.0,1.0,0.9958628262451152,0,0,1,0,1
2022,Saudi Arabian Grand Prix,R,ALB,4.0,2.0,clear_violation,315.0,75.0,223.83313807046264,100.0,0.1576819407008086,117,742,285.04396984924625,311.0,0.9545454545454546,0.988186834031426,0,0,1,0,1
2022,Saudi Arabian Grand Prix,R,ALB,8.0,2.0,clear_violation,312.0,76.0,221.79306237490928,100.0,0.1608300907911803,124,771,285.04396984924625,311.0,0.9454545454545454,0.9791802322380013,0,0,1,0,1
2022,Saudi Arabian Grand Prix,R,ZHO,5.0,2.0,clear_violation,327.0,60.0,223.6932315730208,100.0,0.1648936170212765,124,752,285.04396984924625,311.0,0.990909090909091,0.9875691696410713,0,0,1,0,1
2022,Saudi Arabian Grand Prix,R,ZHO,48.0,2.0,clear_violation,305.0,67.0,227.11813329153784,100.0,0.1459170013386881,109,747,285.04396984924625,311.0,0.9242424242424242,1.0026895526874133,0,0,1,0,1
2022,Saudi Arabian Grand Prix,R,OCO,8.0,2.0,clear_violation,325.0,79.0,222.54764555045145,100.0,0.188556566970091,145,769,285.04396984924625,311.0,0.9848484848484849,0.9825115940090079,0,0,1,0,1
2022,Saudi Arabian Grand Prix,R,OCO,12.0,2.0,clear_violation,326.0,69.0,228.06168628517656,100.0,0.1734972677595628,127,732,285.04396984924625,311.0,0.9878787878787879,1.0068551854152679,0,0,1,0,1
2022,Saudi Arabian Grand Prix,R,NOR,4.0,2.0,clear_violation,304.0,70.0,223.02607277973723,99.0,0.1517615176151761,112,738,285.04396984924625,311.0,0.9212121212121213,0.9846237722731286,0,0,1,0,1
2022,Saudi Arabian Grand Prix,R,LAT,5.0,2.0,clear_violation,313.0,82.0,224.06418091312733,100.0,0.1655629139072847,125,755,285.04396984924625,311.0,0.9484848484848485,0.9892068505365182,0,0,1,0,1
2022,Singapore Grand Prix,FP1,RUS,3.0,11.0,no_advantage,294.0,65.0,149.09316323026988,104.0,0.6476997578692494,535,826,234.6455331412104,255.0,1.0,1.0,0,0,0,1,1
2022,Singapore Grand Prix,FP2,VET,2.0,13.0,no_advantage,303.0,9.0,149.9661387380337,100.0,0.2294182217343578,209,911,232.38165680473367,256.0,0.9869706840390879,1.0210832885359071,0,0,0,1,1
2022,Singapore Grand Prix,FP2,RUS,4.0,11.0,no_advantage,265.0,55.0,121.02773762171184,100.0,0.2344582593250444,264,1126,232.38165680473367,256.0,0.8631921824104235,0.8240486910896029,0,0,0,1,1
2022,Singapore Grand Prix,FP2,GAS,7.0,18.0,no_advantage,307.0,62.0,172.3170204155132,100.0,0.2020330368487929,159,787,232.38165680473367,256.0,1.0,1.173265054079556,0,0,0,1,1
2022,Singapore Grand Prix,FP2,BOT,13.0,16.0,no_advantage,300.0,38.0,144.16767787878143,100.0,0.2934898612593383,275,937,232.38165680473367,256.0,0.9771986970684039,0.9816029662949342,0,0,0,1,1
2022,Singapore Grand Prix,FP3,LAT,5.0,7.0,no_advantage,279.0,53.0,136.1660301395941,100.0,0.2934560327198364,287,978,212.7422680412371,243.0,0.9587628865979382,0.9717949023116121,0,0,0,1,1
2022,Singapore Grand Prix,FP3,GAS,12.0,18.0,no_advantage,291.0,53.0,144.0701180758276,100.0,0.2593383137673425,243,937,212.7422680412371,243.0,1.0,1.0282050976883876,0,0,0,1,1
2022,Singapore Grand Prix,Q,MSC,1.0,16.0,no_advantage,268.0,37.0,108.2175454322335,100.0,0.3012448132780083,363,1205,241.2255639097744,253.0,0.9054054054054054,0.7620821240057485,0,1,0,0,1
2022,Singapore Grand Prix,Q,LEC,2.0,8.0,no_advantage,291.0,57.0,157.01027644160894,100.0,0.2399540757749713,209,871,241.2255639097744,253.0,0.9831081081081081,1.1056869242731031,0,1,0,0,1
2022,Singapore Grand Prix,Q,ALB,3.0,18.0,no_advantage,296.0,53.0,151.15309571860192,100.0,0.3227917121046892,296,917,241.2255639097744,253.0,1.0,1.0644398907329655,0,1,0,0,1
2022,Singapore Grand Prix,Q,GAS,19.0,18.0,no_advantage,291.0,53.0,151.628970178744,100.0,0.2662337662337662,246,924,241.2255639097744,253.0,0.9831081081081081,1.067791060988183,0,1,0,0,1
2022,Spanish Grand Prix,FP1,DEV,24.0,2.0,clear_violation,275.0,0.0,115.70677381310428,100.0,0.2067703568161024,226,1093,262.86386138613864,284.0,1.0,1.0,0,0,0,1,1
2022,Spanish Grand Prix,FP2,NOR,3.0,7.0,no_advantage,310.0,33.0,157.17176130605435,99.0,0.1796778190830235,145,807,262.49645390070924,284.0,1.0,0.9336576829896496,0,0,0,1,1
2022,Spanish Grand Prix,FP2,PER,26.0,8.0,no_advantage,298.0,60.0,179.50786800471678,100.0,0.2137834036568213,152,711,262.49645390070924,284.0,0.9612903225806452,1.0663423170103503,0,0,0,1,1
2022,Spanish Grand Prix,Q,PER,10.0,12.0,clear_violation,320.0,83.0,207.6283140827084,100.0,0.1831210191082802,115,628,278.09302325581393,289.0,0.9968847352024922,1.046319718837818,0,1,0,0,1
2022,Spanish Grand Prix,Q,NOR,11.0,12.0,clear_violation,317.0,82.0,207.74324744747585,100.0,0.1781701444622793,111,623,278.09302325581393,289.0,0.9875389408099688,1.0468989127037405,0,1,0,0,1
2022,Spanish Grand Prix,Q,TSU,2.0,12.0,clear_violation,320.0,84.0,204.18443435107253,100.0,0.1701444622792937,106,623,278.09302325581393,289.0,0.9968847352024922,1.028964671245026,0,1,0,0,1
2022,Spanish Grand Prix,Q,PER,5.0,8.0,no_advantage,321.0,70.0,174.19111733697866,100.0,0.2186629526462395,157,718,278.09302325581393,289.0,1.0,0.8778166972134158,0,1,0,0,1
2022,Spanish Grand Prix,R,VER,24.0,12.0,clear_violation,330.0,74.0,186.53204331644707,100.0,0.2454819277108433,163,664,270.67148936170213,284.0,1.0,1.0195050912280297,0,0,1,0,1
2022,Spanish Grand Prix,R,PER,50.0,9.0,clear_violation,305.0,79.0,189.9801155138079,100.0,0.2426035502958579,164,676,270.67148936170213,284.0,0.9242424242424242,1.0383507924685802,0,0,1,0,1
2022,Spanish Grand Prix,R,HAM,12.0,12.0,clear_violation,300.0,76.0,189.97917127465487,100.0,0.1973490427098674,134,679,270.67148936170213,284.0,0.9090909090909091,1.0383456316575648,0,0,1,0,1
2022,Spanish Grand Prix,R,HAM,35.0,12.0,clear_violation,296.0,75.0,190.03513674847144,100.0,0.1812865497076023,124,684,270.67148936170213,284.0,0.896969696969697,1.0386515152177003,0,0,1,0,1
2022,Spanish Grand Prix,R,HAM,41.0,12.0,clear_violation,296.0,77.0,191.785635911478,100.0,0.1711309523809523,115,672,270.67148936170213,284.0,0.896969696969697,1.0482190017317894,0,0,1,0,1
2022,Spanish Grand Prix,R,ALO,25.0,12.0,clear_violation,297.0,76.0,184.7362709614232,100.0,0.2881597717546362,202,701,270.67148936170213,284.0,0.9,1.0096901606344293,0,0,1,0,1
2022,Spanish Grand Prix,R,ALO,26.0,12.0,clear_violation,295.0,73.0,184.73260747106235,100.0,0.2310984308131241,162,701,270.67148936170213,284.0,0.8939393939393939,1.0096701375488073,0,0,1,0,1
2022,Spanish Grand Prix,R,TSU,8.0,9.0,clear_violation,305.0,78.0,186.51875662732195,100.0,0.2014598540145985,138,685,270.67148936170213,284.0,0.9242424242424242,1.0194324718165453,0,0,1,0,1
2022,Spanish Grand Prix,R,VET,14.0,9.0,clear_violation,296.0,73.0,182.5492629797752,100.0,0.2352071005917159,159,676,270.67148936170213,284.0,0.896969696969697,0.9977369019223917,0,0,1,0,1
2022,Spanish Grand Prix,R,VET,38.0,9.0,clear_violation,297.0,77.0,188.1222360371825,100.0,0.2167630057803468,150,692,270.67148936170213,284.0,0.9,1.028196410671055,0,0,1,0,1
2022,Spanish Grand Prix,R,MSC,31.0,12.0,clear_violation,283.0,0.0,156.69678653151934,100.0,0.234375,195,832,270.67148936170213,284.0,0.8575757575757575,0.8564382226647157,0,0,1,0,1
2022,Spanish Grand Prix,R,MAG,30.0,9.0,clear_violation,279.0,0.0,150.62574337884834,100.0,0.2779740871613663,236,849,270.67148936170213,284.0,0.8454545454545455,0.8232564738714916,0,0,1,0,1
2022,Spanish Grand Prix,R,ALB,16.0,12.0,clear_violation,305.0,80.0,181.88059936994665,100.0,0.2325581395348837,160,688,270.67148936170213,284.0,0.9242424242424242,0.9940822700295613,0,0,1,0,1
2022,Spanish Grand Prix,R,ALB,36.0,12.0,clear_violation,303.0,76.0,184.14328849818364,100.0,0.2206095791001451,152,689,270.67148936170213,284.0,0.9181818181818182,1.0064491698130502,0,0,1,0,1
2022,Spanish Grand Prix,R,ALB,39.0,12.0,clear_violation,303.0,73.0,183.41119818574813,100.0,0.2255747126436781,157,696,270.67148936170213,284.0,0.9181818181818182,1.0024478744457952,0,0,1,0,1
2022,Spanish Grand Prix,R,ALB,62.0,9.0,clear_violation,299.0,78.0,184.52176752666043,100.0,0.2416787264833574,167,691,270.67148936170213,284.0,0.906060606060606,1.00851777577262,0,0,1,0,1
2022,Spanish Grand Prix,R,SAI,6.0,4.0,no_advantage,304.0,75.0,187.818880660519,100.0,0.2154294032023289,148,687,270.67148936170213,284.0,0.9212121212121213,1.026538398752775,0,0,1,0,1
2022,Spanish Grand Prix,R,VER,8.0,4.0,no_advantage,299.0,77.0,189.2703838051005,100.0,0.18796992481203,125,665,270.67148936170213,284.0,0.906060606060606,1.034471699753096,0,0,1,0,1
2022,São Paulo Grand Prix,Q,MAG,6.0,8.0,clear_violation,300.0,70.0,193.86660758626803,100.0,0.207070707070707,123,594,305.8936170212766,332.0,1.0,1.0,0,1,0,0,1
2022,São Paulo Grand Prix,R,STR,23.0,4.0,clear_violation,304.0,75.0,193.5348619928027,100.0,0.2125850340136054,125,588,290.676834295136,338.0,0.9589905362776026,0.9916848328882931,0,0,1,0,1
2022,São Paulo Grand Prix,R,STR,24.0,4.0,clear_violation,305.0,75.0,192.71570182336023,100.0,0.2171717171717171,129,594,290.676834295136,338.0,0.9621451104100947,0.9874874045419082,0,0,1,0,1
2022,São Paulo Grand Prix,R,STR,42.0,4.0,clear_violation,317.0,73.0,196.5226773990014,99.0,0.1932624113475177,109,564,290.676834295136,338.0,1.0,1.0069945873753552,0,0,1,0,1
2022,São Paulo Grand Prix,R,STR,60.0,4.0,clear_violation,310.0,77.0,199.2118965341629,99.0,0.2347826086956521,135,575,290.676834295136,338.0,0.9779179810725552,1.0207743157467315,0,0,1,0,1
2022,São Paulo Grand Prix,R,HAM,7.0,4.0,clear_violation,306.0,78.0,188.3509009905736,100.0,0.2306477093206951,146,633,290.676834295136,338.0,0.9652996845425867,0.9651218899266981,0,0,1,0,1
2022,São Paulo Grand Prix,R,VET,70.0,4.0,clear_violation,309.0,74.0,200.6097430714248,100.0,0.2017094017094017,118,585,290.676834295136,338.0,0.9747634069400631,1.0279369695210143,0,0,1,0,1
2022,São Paulo Grand Prix,S,VER,7.0,4.0,clear_violation,307.0,77.0,203.91453099102168,100.0,0.1957671957671957,111,567,310.9400428265525,336.0,1.0,1.0,1,0,0,0,1
2022,São Paulo Grand Prix,SQ,VER,7.0,4.0,clear_violation,307.0,77.0,203.91453099102168,100.0,0.1957671957671957,111,567,310.9400428265525,336.0,1.0,1.0,0,1,0,0,1
2022,United States Grand Prix,Q,HAM,5.0,19.0,clear_violation,317.0,72.0,204.1257087697916,100.0,0.186013986013986,133,715,205.6011235955056,215.0,0.9783950617283951,1.0066648866774646,0,1,0,0,1
2022,United States Grand Prix,Q,VET,8.0,9.0,clear_violation,315.0,70.0,201.28446816471367,100.0,0.197875166002656,149,753,205.6011235955056,215.0,0.9722222222222222,0.9926530448130974,0,1,0,0,1
2022,United States Grand Prix,Q,ZHO,5.0,12.0,clear_violation,324.0,70.0,201.67026569441,100.0,0.1903448275862068,138,725,205.6011235955056,215.0,1.0,0.994555641153621,0,1,0,0,1
2022,United States Grand Prix,Q,ZHO,14.0,12.0,clear_violation,322.0,71.0,203.0801916218329,100.0,0.1814461118690313,133,733,205.6011235955056,215.0,0.9938271604938271,1.0015088217819048,0,1,0,0,1
2022,United States Grand Prix,Q,TSU,11.0,9.0,clear_violation,321.0,74.0,203.7105728970257,100.0,0.1546811397557666,114,737,205.6011235955056,215.0,0.9907407407407407,1.0046176055739122,0,1,0,0,1
2022,United States Grand Prix,R,VER,48.0,9.0,clear_violation,308.0,65.0,195.165286517544,100.0,0.2041612483745123,157,769,193.09443861490035,206.0,0.9447852760736196,1.040118662204009,0,0,1,0,1
2022,United States Grand Prix,R,VER,51.0,9.0,clear_violation,309.0,67.0,194.9443911041802,100.0,0.2058432934926959,155,753,193.09443861490035,206.0,0.9478527607361963,1.0389414167730482,0,0,1,0,1
2022,United States Grand Prix,R,GAS,9.0,11.0,clear_violation,300.0,63.0,186.56374351924413,100.0,0.1859605911330049,151,812,193.09443861490035,206.0,0.9202453987730062,0.9942773880926027,0,0,1,0,1
2022,United States Grand Prix,R,GAS,31.0,19.0,clear_violation,299.0,69.0,190.9329196104413,100.0,0.1564885496183206,123,786,193.09443861490035,206.0,0.9171779141104295,1.017562582258017,0,0,1,0,1
2022,United States Grand Prix,R,GAS,34.0,19.0,clear_violation,297.0,72.0,189.5695662366688,100.0,0.1647058823529411,126,765,193.09443861490035,206.0,0.911042944785276,1.0102966933668995,0,0,1,0,1
2022,United States Grand Prix,R,PER,8.0,19.0,clear_violation,325.0,66.0,189.7045626155568,100.0,0.2279792746113989,176,772,193.09443861490035,206.0,0.9969325153374233,1.0110161463778158,0,0,1,0,1
2022,United States Grand Prix,R,PER,47.0,6.0,clear_violation,307.0,69.0,196.014592919404,100.0,0.2013245033112582,152,755,193.09443861490035,206.0,0.941717791411043,1.0446449765617858,0,0,1,0,1
2022,United States Grand Prix,R,PER,54.0,6.0,clear_violation,308.0,63.0,193.85109992005687,100.0,0.202275600505689,160,791,193.09443861490035,206.0,0.9447852760736196,1.03311480393569,0,0,1,0,1
2022,United States Grand Prix,R,ALO,3.0,19.0,clear_violation,305.0,69.0,187.6124498655112,100.0,0.2029887920298879,163,803,193.09443861490035,206.0,0.9355828220858896,0.999866389402147,0,0,1,0,1
2022,United States Grand Prix,R,MAG,26.0,19.0,clear_violation,296.0,69.0,187.9324905043284,100.0,0.2197368421052631,167,760,193.09443861490035,206.0,0.9079754601226994,1.0015720218280628,0,0,1,0,1
2022,United States Grand Prix,R,TSU,15.0,19.0,clear_violation,326.0,65.0,187.2783736732948,100.0,0.1881313131313131,149,792,193.09443861490035,206.0,1.0,0.9980859555538812,0,0,1,0,1
2022,United States Grand Prix,R,ALB,6.0,19.0,clear_violation,325.0,64.0,187.63217136243497,100.0,0.2369077306733167,190,802,193.09443861490035,206.0,0.9969325153374233,0.9999714936313009,0,0,1,0,1
2022,United States Grand Prix,R,ALB,8.0,12.0,clear_violation,302.0,65.0,185.1240417845852,100.0,0.2205513784461152,176,798,193.09443861490035,206.0,0.9263803680981595,0.9866046063753907,0,0,1,0,1
2022,United States Grand Prix,R,ALB,12.0,19.0,clear_violation,305.0,70.0,188.9306107457622,100.0,0.22544080604534,179,794,193.09443861490035,206.0,0.9355828220858896,1.0068914283104526,0,0,1,0,1
2022,United States Grand Prix,R,ZHO,32.0,12.0,clear_violation,325.0,67.0,186.9820613234353,100.0,0.2515723270440251,200,795,193.09443861490035,206.0,0.9969325153374233,0.9965067812528065,0,0,1,0,1
2022,United States Grand Prix,R,ZHO,33.0,12.0,clear_violation,321.0,67.0,188.23125795226008,100.0,0.2344740177439797,185,789,193.09443861490035,206.0,0.9846625766871165,1.003164280388987,0,0,1,0,1
2022,United States Grand Prix,R,ZHO,36.0,19.0,clear_violation,297.0,68.0,190.77503905521064,100.0,0.2151088348271446,168,781,193.09443861490035,206.0,0.911042944785276,1.0167211697567227,0,0,1,0,1
2022,United States Grand Prix,R,RIC,7.0,19.0,clear_violation,316.0,67.0,186.3853825912361,99.0,0.1779448621553884,142,798,193.09443861490035,206.0,0.9693251533742331,0.9933268269905774,0,0,1,0,1
2022,United States Grand Prix,R,RIC,33.0,19.0,clear_violation,297.0,65.0,185.44256297612384,99.0,0.1756587202007528,140,797,193.09443861490035,206.0,0.911042944785276,0.9883021410217327,0,0,1,0,1
2022,United States Grand Prix,R,NOR,15.0,19.0,clear_violation,296.0,0.0,158.6925545192105,100.0,0.2143622722400857,200,933,193.09443861490035,206.0,0.9079754601226994,0.8457399902078403,0,0,1,0,1
2022,United States Grand Prix,R,NOR,51.0,19.0,clear_violation,302.0,62.0,191.66004547054104,100.0,0.2225130890052356,170,764,193.09443861490035,206.0,0.9263803680981595,1.0214377446414304,0,0,1,0,1
2022,United States Grand Prix,R,HAM,13.0,19.0,clear_violation,293.0,0.0,160.06161423465122,100.0,0.2415254237288135,228,944,193.09443861490035,206.0,0.8987730061349694,0.8530362906161283,0,0,1,0,1
2022,United States Grand Prix,R,HAM,43.0,9.0,clear_violation,299.0,74.0,195.1352119820769,100.0,0.1877496671105193,141,751,193.09443861490035,206.0,0.9171779141104295,1.0399583822374505,0,0,1,0,1
2022,United States Grand Prix,R,HAM,52.0,9.0,clear_violation,324.0,71.0,195.4884367030681,100.0,0.2204724409448819,168,762,193.09443861490035,206.0,0.9938650306748467,1.0418408667243713,0,0,1,0,1
2022,United States Grand Prix,R,MSC,3.0,19.0,clear_violation,318.0,68.0,186.01523085192187,100.0,0.2381546134663341,191,802,193.09443861490035,206.0,0.9754601226993865,0.9913541312372607,0,0,1,0,1
2022,United States Grand Prix,R,MSC,10.0,19.0,clear_violation,323.0,66.0,183.8619618843149,100.0,0.2432432432432432,198,814,193.09443861490035,206.0,0.99079754601227,0.9798784468165508,0,0,1,0,1
2022,United States Grand Prix,R,MSC,39.0,19.0,clear_violation,298.0,67.0,189.5983837462875,100.0,0.2195121951219512,171,779,193.09443861490035,206.0,0.9141104294478528,1.0104502741090875,0,0,1,0,1
2022,United States Grand Prix,R,MSC,53.0,19.0,clear_violation,303.0,68.0,189.97736599608635,100.0,0.2066831683168316,167,808,193.09443861490035,206.0,0.9294478527607362,1.0124700314014499,0,0,1,0,1
2022,United States Grand Prix,R,RUS,35.0,19.0,clear_violation,322.0,63.0,191.9246769108448,100.0,0.2088197146562905,161,771,193.09443861490035,206.0,0.9877300613496932,1.0228480779265001,0,0,1,0,1
2023,Abu Dhabi Grand Prix,Q,VER,5.0,16.0,clear_violation,333.0,68.0,222.24945312947244,100.0,0.1546707503828484,101,653,221.61494252873564,227.0,1.0,0.9961765838072114,0,1,0,0,1
2023,Abu Dhabi Grand Prix,Q,HUL,2.0,16.0,clear_violation,331.0,68.0,221.8595494293506,100.0,0.1600609756097561,105,656,221.61494252873564,227.0,0.993993993993994,0.9944289397499056,0,1,0,0,1
2023,Abu Dhabi Grand Prix,Q,HUL,8.0,16.0,clear_violation,326.0,70.0,223.35363726420937,100.0,0.1279251170046801,82,641,221.61494252873564,227.0,0.978978978978979,1.0011258080403778,0,1,0,0,1
2023,Abu Dhabi Grand Prix,Q,PER,16.0,1.0,clear_violation,331.0,72.0,225.47189378196728,100.0,0.1332312404287902,87,653,221.61494252873564,227.0,0.993993993993994,1.0106203535241776,0,1,0,0,1
2023,Abu Dhabi Grand Prix,Q,GAS,17.0,1.0,clear_violation,327.0,68.0,224.02781614661737,100.0,0.1238670694864048,82,662,221.61494252873564,227.0,0.9819819819819819,1.0041476432192518,0,1,0,0,1
2023,Abu Dhabi Grand Prix,Q,ZHO,2.0,16.0,clear_violation,327.0,70.0,222.96250728575765,100.0,0.1401869158878504,90,642,221.61494252873564,227.0,0.9819819819819819,0.9993726675026972,0,1,0,0,1
2023,Abu Dhabi Grand Prix,Q,SAR,2.0,1.0,clear_violation,332.0,68.0,222.4846473457796,100.0,0.1470137825421133,96,653,221.61494252873564,227.0,0.996996996996997,0.9972307819959267,0,1,0,0,1
2023,Abu Dhabi Grand Prix,Q,SAR,5.0,1.0,clear_violation,330.0,70.0,222.41022932368872,100.0,0.1674347158218126,109,651,221.61494252873564,227.0,0.990990990990991,0.9968972221604522,0,1,0,0,1
2023,Abu Dhabi Grand Prix,R,VER,23.0,1.0,clear_violation,306.0,66.0,208.65349495030267,100.0,0.1582002902757619,109,689,210.42269883824844,219.0,0.9216867469879518,1.013444375085064,0,0,1,0,1
2023,Abu Dhabi Grand Prix,R,LEC,10.0,1.0,clear_violation,309.0,61.0,208.7193748457938,100.0,0.1840942562592047,125,679,210.42269883824844,219.0,0.9307228915662651,1.0137643582683438,0,0,1,0,1
2023,Abu Dhabi Grand Prix,R,LEC,28.0,16.0,clear_violation,308.0,60.0,210.90986601509323,100.0,0.1790393013100436,123,687,210.42269883824844,219.0,0.927710843373494,1.0244037245283182,0,0,1,0,1
2023,Abu Dhabi Grand Prix,R,LEC,29.0,16.0,clear_violation,310.0,60.0,209.6641762341195,100.0,0.1759530791788856,120,682,210.42269883824844,219.0,0.9337349397590361,1.0183533235900093,0,0,1,0,1
2023,Abu Dhabi Grand Prix,R,RUS,54.0,1.0,clear_violation,309.0,59.0,209.54086298299447,100.0,0.1411589895988113,95,673,210.42269883824844,219.0,0.9307228915662651,1.0177543826484454,0,0,1,0,1
2023,Abu Dhabi Grand Prix,R,PER,41.0,1.0,clear_violation,308.0,62.0,211.115415044313,100.0,0.1578947368421052,108,684,210.42269883824844,219.0,0.927710843373494,1.025402090299841,0,0,1,0,1
2023,Abu Dhabi Grand Prix,R,NOR,9.0,1.0,clear_violation,322.0,60.0,205.557440433014,99.0,0.1875901875901875,130,693,210.42269883824844,219.0,0.9698795180722891,0.9984066253639281,0,0,1,0,1
2023,Abu Dhabi Grand Prix,R,NOR,31.0,12.0,clear_violation,309.0,60.0,208.58995654831767,100.0,0.1787790697674418,123,688,210.42269883824844,219.0,0.9307228915662651,1.0131357646967791,0,0,1,0,1
2023,Abu Dhabi Grand Prix,R,NOR,47.0,6.0,clear_violation,310.0,61.0,211.3459083592474,100.0,0.1516516516516516,101,666,210.42269883824844,219.0,0.9337349397590361,1.026521612182619,0,0,1,0,1
2023,Abu Dhabi Grand Prix,R,PIA,15.0,4.0,clear_violation,327.0,64.0,208.5681938007889,99.0,0.1698389458272328,116,683,210.42269883824844,219.0,0.9849397590361446,1.013030061535302,0,0,1,0,1
2023,Abu Dhabi Grand Prix,R,PIA,31.0,1.0,clear_violation,311.0,60.0,209.1068672307688,99.0,0.1661807580174927,114,686,210.42269883824844,219.0,0.9367469879518072,1.0156464354318955,0,0,1,0,1
2023,Abu Dhabi Grand Prix,R,ALO,33.0,1.0,clear_violation,306.0,60.0,207.8121740545093,100.0,0.1548295454545454,109,704,210.42269883824844,219.0,0.9216867469879518,1.0093580216324827,0,0,1,0,1
2023,Abu Dhabi Grand Prix,R,TSU,15.0,16.0,clear_violation,304.0,61.0,207.09454184328385,100.0,0.1629955947136563,111,681,210.42269883824844,219.0,0.9156626506024096,1.0058724326275175,0,0,1,0,1
2023,Abu Dhabi Grand Prix,R,TSU,16.0,16.0,clear_violation,302.0,61.0,204.28332003470229,100.0,0.150074294205052,101,673,210.42269883824844,219.0,0.9096385542168675,0.9922181349618973,0,0,1,0,1
2023,Abu Dhabi Grand Prix,R,TSU,17.0,1.0,clear_violation,302.0,60.0,207.88651382046407,100.0,0.1683029453015427,120,713,210.42269883824844,219.0,0.9096385542168675,1.0097190949884307,0,0,1,0,1
2023,Abu Dhabi Grand Prix,R,HAM,14.0,1.0,clear_violation,325.0,65.0,205.4202851214458,100.0,0.1831187410586552,128,699,210.42269883824844,219.0,0.9789156626506024,0.9977404525828063,0,0,1,0,1
2023,Abu Dhabi Grand Prix,R,STR,14.0,1.0,clear_violation,332.0,59.0,205.60167271818835,100.0,0.1816881258941344,127,699,210.42269883824844,219.0,1.0,0.9986214646150884,0,0,1,0,1
2023,Abu Dhabi Grand Prix,R,STR,32.0,1.0,clear_violation,305.0,60.0,208.7546841133975,100.0,0.150354609929078,106,705,210.42269883824844,219.0,0.9186746987951807,1.0139358578094841,0,0,1,0,1
2023,Abu Dhabi Grand Prix,R,RIC,5.0,1.0,clear_violation,332.0,61.0,206.001693098714,100.0,0.1753889674681754,124,707,210.42269883824844,219.0,1.0,1.0005643911146405,0,0,1,0,1
2023,Abu Dhabi Grand Prix,R,RIC,31.0,1.0,clear_violation,305.0,60.0,201.83605529664544,100.0,0.1711456859971711,121,707,210.42269883824844,219.0,0.9186746987951807,0.980331601818906,0,0,1,0,1
2023,Abu Dhabi Grand Prix,R,GAS,41.0,4.0,clear_violation,305.0,63.0,211.7850364772933,100.0,0.1346704871060172,94,698,210.42269883824844,219.0,0.9186746987951807,1.0286544876529353,0,0,1,0,1
2023,Abu Dhabi Grand Prix,R,GAS,43.0,4.0,clear_violation,306.0,63.0,210.05172010496685,100.0,0.1440922190201729,100,694,210.42269883824844,219.0,0.9216867469879518,1.0202356508239838,0,0,1,0,1
2023,Abu Dhabi Grand Prix,R,ALB,2.0,7.0,clear_violation,320.0,56.0,201.14084120995523,100.0,0.1811894882434301,131,723,210.42269883824844,219.0,0.963855421686747,0.9769548991866116,0,0,1,0,1
2023,Abu Dhabi Grand Prix,R,ALB,14.0,4.0,clear_violation,311.0,62.0,205.63061780305168,100.0,0.167621776504298,117,698,210.42269883824844,219.0,0.9367469879518072,0.9987620528829633,0,0,1,0,1
2023,Abu Dhabi Grand Prix,R,ALB,31.0,4.0,clear_violation,313.0,63.0,206.1087842390302,100.0,0.1814285714285714,127,700,210.42269883824844,219.0,0.9427710843373494,1.0010845401483328,0,0,1,0,1
2023,Abu Dhabi Grand Prix,R,ALB,32.0,4.0,clear_violation,314.0,63.0,207.92788977040587,100.0,0.1726105563480741,121,701,210.42269883824844,219.0,0.9457831325301205,1.0099200608229224,0,0,1,0,1
2023,Abu Dhabi Grand Prix,R,HUL,11.0,1.0,clear_violation,311.0,64.0,202.7881235199181,100.0,0.1562952243125904,108,691,210.42269883824844,219.0,0.9367469879518072,0.9849558626576842,0,0,1,0,1
2023,Abu Dhabi Grand Prix,R,SAR,2.0,7.0,clear_violation,322.0,57.0,200.74711653302435,100.0,0.1900138696255201,137,721,210.42269883824844,219.0,0.9698795180722891,0.9750425513524054,0,0,1,0,1
2023,Abu Dhabi Grand Prix,R,SAR,10.0,4.0,clear_violation,313.0,62.0,204.33238352853508,100.0,0.1605839416058394,110,685,210.42269883824844,219.0,0.9427710843373494,0.9924564397257771,0,0,1,0,1
2023,Abu Dhabi Grand Prix,R,ZHO,12.0,1.0,clear_violation,311.0,67.0,204.17137719493192,100.0,0.171875,121,704,210.42269883824844,219.0,0.9367469879518072,0.9916744208902812,0,0,1,0,1
2023,Abu Dhabi Grand Prix,R,SAI,6.0,1.0,clear_violation,310.0,63.0,204.15672539180747,100.0,0.191027496382055,132,691,210.42269883824844,219.0,0.9337349397590361,0.9916032560748304,0,0,1,0,1
2023,Abu Dhabi Grand Prix,R,SAI,30.0,1.0,clear_violation,305.0,63.0,209.83668698316777,100.0,0.1654357459379616,112,677,210.42269883824844,219.0,0.9186746987951807,1.0191912201625364,0,0,1,0,1
2023,Abu Dhabi Grand Prix,R,MAG,23.0,4.0,clear_violation,300.0,0.0,169.08147483734462,100.0,0.1905325443786982,161,845,210.42269883824844,219.0,0.9036144578313253,0.8212403518369396,0,0,1,0,1
2023,Australian Grand Prix,FP1,MAG,5.0,3.0,no_advantage,318.0,67.0,183.2692652291265,100.0,0.1744627054361567,138,791,292.1481481481481,306.0,1.0,1.002353017715294,0,0,0,1,1
2023,Australian Grand Prix,FP1,TSU,13.0,1.0,no_advantage,297.7406256,39.0,144.1787300918557,100.0,0.0727816550348953,73,1003,292.1481481481481,306.0,0.9362912754716981,0.7885554897448378,0,0,0,1,1
2023,Australian Grand Prix,FP1,DEV,22.0,13.0,no_advantage,294.0,85.0,221.06912985371903,100.0,0.1335403726708074,86,644,292.1481481481481,306.0,0.9245283018867925,1.209091492539868,0,0,0,1,1
2023,Australian Grand Prix,FP2,NOR,8.0,1.0,no_advantage,303.06666666666666,79.0,192.1003462628524,99.0,0.1782437745740498,136,763,274.06276150627616,309.0,1.0,0.9888038443806542,0,0,0,1,1
2023,Australian Grand Prix,FP2,STR,10.0,3.0,no_advantage,292.0,76.0,196.4506233850784,100.0,0.2208333333333333,159,720,274.06276150627616,309.0,0.9634843818741751,1.0111961556193458,0,0,0,1,1
2023,Australian Grand Prix,FP3,MAG,14.0,13.0,no_advantage,296.0,0.0,185.57296784683336,100.0,0.1292346298619824,103,797,287.65866666666665,310.0,0.9396825396825397,0.9859661002319042,0,0,0,1,1
2023,Australian Grand Prix,FP3,PER,6.0,3.0,no_advantage,311.0999982545454,21.55000192,205.92039450246148,100.0,0.1347826086956521,93,690,287.65866666666665,310.0,0.987619042077922,1.094073833498114,0,0,0,1,1
2023,Australian Grand Prix,FP3,PER,16.0,1.0,no_advantage,315.0,82.0,173.1496851242004,100.0,0.1541353383458646,123,798,287.65866666666665,310.0,1.0,0.9199600662699818,0,0,0,1,1
2023,Australian Grand Prix,Q,VER,11.0,1.0,clear_violation,326.0,83.0,196.36648921912,100.0,0.1922043010752688,143,744,301.2166172106825,311.0,1.0,1.0545716719493365,0,1,0,0,1
2023,Australian Grand Prix,Q,HAM,7.0,9.0,clear_violation,314.0,69.0,167.24332908711008,100.0,0.2006841505131129,176,877,301.2166172106825,311.0,0.9631901840490797,0.898167899620389,0,1,0,0,1
2023,Australian Grand Prix,Q,NOR,9.0,6.0,clear_violation,319.0,71.0,193.4212463478408,99.0,0.134640522875817,103,765,301.2166172106825,311.0,0.9785276073619632,1.0387544634662949,0,1,0,0,1
2023,Australian Grand Prix,Q,NOR,16.0,3.0,clear_violation,319.0,48.0,187.7888255147741,99.0,0.155440414507772,120,772,301.2166172106825,311.0,0.9785276073619632,1.0085059649639796,0,1,0,0,1
2023,Australian Grand Prix,R,VER,47.0,13.0,clear_violation,303.0,48.0,224.56454489496272,100.0,0.1456,91,625,280.4161290322581,308.0,0.9934426229508196,1.0004028930030304,0,0,1,0,1
2023,Australian Grand Prix,R,VER,47.0,13.0,no_advantage,303.0,48.0,224.56454489496272,100.0,0.1456,91,625,280.4161290322581,308.0,0.9934426229508196,1.0004028930030304,0,0,1,0,1
2023,Australian Grand Prix,R,HUL,51.0,12.0,no_advantage,305.0,76.0,224.29322775513924,100.0,0.146031746031746,92,630,280.4161290322581,308.0,1.0,0.9991942139939389,0,0,1,0,1
2023,Austrian Grand Prix,Q,VER,2.0,10.0,clear_violation,326.0,68.0,238.5808304671036,100.0,0.1670020120724346,83,497,276.01476014760146,290.0,0.9878787878787879,1.0915374282645365,0,1,0,0,1
2023,Austrian Grand Prix,Q,VER,3.0,10.0,clear_violation,296.0,48.0,113.24739197071844,100.0,0.0609284332688588,63,1034,276.01476014760146,290.0,0.896969696969697,0.5181211195692784,0,1,0,0,1
2023,Austrian Grand Prix,Q,VER,14.0,10.0,clear_violation,324.0,69.0,239.64206492009032,100.0,0.1636726546906187,82,501,276.01476014760146,290.0,0.9818181818181818,1.0963927099035975,0,1,0,0,1
2023,Austrian Grand Prix,Q,VER,15.0,10.0,clear_violation,299.0,33.0,118.8422475502466,100.0,0.1029263370332997,102,991,276.01476014760146,290.0,0.906060606060606,0.5437182903848595,0,1,0,0,1
2023,Austrian Grand Prix,Q,SAI,2.0,6.0,clear_violation,321.0,63.0,233.8299527635636,100.0,0.1752988047808765,88,502,276.01476014760146,290.0,0.9727272727272728,1.0698015628122766,0,1,0,0,1
2023,Austrian Grand Prix,Q,SAI,9.0,9.0,clear_violation,323.0,68.0,234.0655880542657,100.0,0.1744186046511628,90,516,276.01476014760146,290.0,0.9787878787878788,1.0708796240241425,0,1,0,0,1
2023,Austrian Grand Prix,Q,NOR,2.0,10.0,clear_violation,322.0,67.0,235.9416380055873,100.0,0.1491053677932405,75,503,276.01476014760146,290.0,0.9757575757575757,1.0794627894660271,0,1,0,0,1
2023,Austrian Grand Prix,Q,NOR,3.0,10.0,clear_violation,294.0,46.0,116.01950295335936,99.0,0.1479642502482621,149,1007,276.01476014760146,290.0,0.8909090909090909,0.5308038773873797,0,1,0,0,1
2023,Austrian Grand Prix,Q,NOR,9.0,10.0,clear_violation,324.0,71.0,237.37383118680089,99.0,0.1348088531187122,67,497,276.01476014760146,290.0,0.9818181818181818,1.0860152541327786,0,1,0,0,1
2023,Austrian Grand Prix,Q,NOR,10.0,10.0,clear_violation,295.0,54.0,123.0626395990667,99.0,0.1313025210084033,125,952,276.01476014760146,290.0,0.8939393939393939,0.5630271169750679,0,1,0,0,1
2023,Austrian Grand Prix,Q,HAM,3.0,10.0,clear_violation,324.0,67.0,232.3663472704825,100.0,0.1473477406679764,75,509,276.01476014760146,290.0,0.9818181818181818,1.0631053828518675,0,1,0,0,1
2023,Austrian Grand Prix,Q,STR,12.0,9.0,clear_violation,323.0,68.0,236.9103077000826,100.0,0.1737373737373737,86,495,276.01476014760146,290.0,0.9787878787878788,1.083894575645567,0,1,0,0,1
2023,Austrian Grand Prix,Q,STR,21.0,9.0,clear_violation,321.0,64.0,236.5598785431773,100.0,0.1755424063116371,89,507,276.01476014760146,290.0,0.9727272727272728,1.0822913179992235,0,1,0,0,1
2023,Austrian Grand Prix,Q,ALO,17.0,9.0,clear_violation,321.0,67.0,237.30058311199463,100.0,0.1488933601609658,74,497,276.01476014760146,290.0,0.9727272727272728,1.0856801349404996,0,1,0,0,1
2023,Austrian Grand Prix,Q,HUL,2.0,9.0,clear_violation,323.0,69.0,236.44905377768825,100.0,0.1405622489959839,70,498,276.01476014760146,290.0,0.9787878787878788,1.0817842807017461,0,1,0,0,1
2023,Austrian Grand Prix,Q,HUL,17.0,6.0,clear_violation,326.0,66.0,238.38046654858977,100.0,0.1442687747035573,73,506,276.01476014760146,290.0,0.9878787878787879,1.0906207380346324,0,1,0,0,1
2023,Austrian Grand Prix,Q,GAS,5.0,10.0,clear_violation,321.0,64.0,236.77580648027688,100.0,0.1509054325955734,75,497,276.01476014760146,290.0,0.9727272727272728,1.0832792155796398,0,1,0,0,1
2023,Austrian Grand Prix,Q,GAS,14.0,10.0,clear_violation,323.0,68.0,238.5404507950359,100.0,0.1351888667992047,68,503,276.01476014760146,290.0,0.9787878787878788,1.0913526861655312,0,1,0,0,1
2023,Austrian Grand Prix,Q,ALB,14.0,10.0,clear_violation,330.0,68.0,235.17557972273912,100.0,0.178,89,500,276.01476014760146,290.0,1.0,1.0759579760812983,0,1,0,0,1
2023,Austrian Grand Prix,Q,ALB,20.0,9.0,clear_violation,325.0,68.0,236.28236048782065,100.0,0.1612244897959183,79,490,276.01476014760146,290.0,0.9848484848484849,1.0810216378499513,0,1,0,0,1
2023,Austrian Grand Prix,Q,RUS,17.0,9.0,clear_violation,323.0,68.0,238.0631514877061,100.0,0.1614906832298136,78,483,276.01476014760146,290.0,0.9787878787878788,1.0891689815593597,0,1,0,0,1
2023,Austrian Grand Prix,Q,OCO,5.0,10.0,clear_violation,320.0,61.0,233.23039201893016,100.0,0.1876247504990019,94,501,276.01476014760146,290.0,0.9696969696969697,1.0670584966908105,0,1,0,0,1
2023,Austrian Grand Prix,Q,OCO,14.0,10.0,clear_violation,323.0,68.0,238.34095338064645,100.0,0.1883495145631068,97,515,276.01476014760146,290.0,0.9787878787878788,1.0904399603014214,0,1,0,0,1
2023,Austrian Grand Prix,Q,PIA,18.0,9.0,clear_violation,322.0,69.0,236.86227401806173,99.0,0.1317365269461078,66,501,276.01476014760146,290.0,0.9757575757575757,1.0836748154844487,0,1,0,0,1
2023,Austrian Grand Prix,Q,BOT,13.0,10.0,clear_violation,325.0,70.0,235.53946394851948,100.0,0.1702544031311154,87,511,276.01476014760146,290.0,0.9848484848484849,1.0776227923669013,0,1,0,0,1
2023,Austrian Grand Prix,Q,PER,12.0,9.0,clear_violation,326.0,65.0,238.69463849558696,100.0,0.1477045908183632,74,501,276.01476014760146,290.0,0.9878787878787879,1.0920581143669503,0,1,0,0,1
2023,Austrian Grand Prix,Q,PER,15.0,9.0,clear_violation,325.0,66.0,236.8295293861748,100.0,0.1501014198782961,74,493,276.01476014760146,290.0,0.9848484848484849,1.0835250046584517,0,1,0,0,1
2023,Austrian Grand Prix,Q,PER,18.0,10.0,clear_violation,327.0,69.0,237.72240812417024,100.0,0.1568627450980392,80,510,276.01476014760146,290.0,0.990909090909091,1.0876100376408397,0,1,0,0,1
2023,Austrian Grand Prix,Q,TSU,9.0,10.0,clear_violation,321.0,66.0,234.7295397742461,100.0,0.1465863453815261,73,498,276.01476014760146,290.0,0.9727272727272728,1.0739172869893536,0,1,0,0,1
2023,Austrian Grand Prix,Q,ZHO,2.0,10.0,clear_violation,323.0,69.0,234.36547089697177,100.0,0.1861386138613861,94,505,276.01476014760146,290.0,0.9787878787878788,1.0722516258998471,0,1,0,0,1
2023,Austrian Grand Prix,Q,MAG,6.0,10.0,clear_violation,321.0,67.0,234.83219537962816,100.0,0.1588235294117647,81,510,276.01476014760146,290.0,0.9727272727272728,1.0743869493477094,0,1,0,0,1
2023,Austrian Grand Prix,Q,MAG,7.0,10.0,clear_violation,308.0,49.0,125.72770651598503,100.0,0.1267015706806282,121,955,276.01476014760146,290.0,0.9333333333333333,0.5752201346745642,0,1,0,0,1
2023,Austrian Grand Prix,Q,DEV,6.0,10.0,clear_violation,318.0,59.0,232.63141064193167,100.0,0.1842105263157894,91,494,276.01476014760146,290.0,0.9636363636363636,1.064318081249439,0,1,0,0,1
2023,Austrian Grand Prix,R,VER,65.0,10.0,clear_violation,307.0,64.0,223.62130597965225,100.0,0.1854545454545454,102,550,270.7643410852713,285.0,0.9446153846153846,1.0290783721863657,0,0,1,0,1
2023,Austrian Grand Prix,R,VER,66.0,10.0,clear_violation,317.0,63.0,225.7125851174242,100.0,0.1717557251908397,90,524,270.7643410852713,285.0,0.9753846153846154,1.0387021874192552,0,0,1,0,1
2023,Austrian Grand Prix,R,GAS,6.0,10.0,clear_violation,308.0,67.0,216.99946054545973,100.0,0.1808118081180811,98,542,270.7643410852713,285.0,0.9476923076923077,0.9986054354040869,0,0,1,0,1
2023,Austrian Grand Prix,R,GAS,7.0,10.0,clear_violation,311.0,63.0,216.0005776619588,100.0,0.1941923774954627,107,551,270.7643410852713,285.0,0.9569230769230769,0.9940086964339124,0,0,1,0,1
2023,Austrian Grand Prix,R,GAS,22.0,9.0,clear_violation,293.0,66.0,219.26293053365043,100.0,0.1486988847583643,80,538,270.7643410852713,285.0,0.9015384615384615,1.0090216522343023,0,0,1,0,1
2023,Austrian Grand Prix,R,GAS,25.0,10.0,clear_violation,295.0,65.0,220.1136154943105,100.0,0.1537001897533206,81,527,270.7643410852713,285.0,0.9076923076923077,1.0129364021760592,0,0,1,0,1
2023,Austrian Grand Prix,R,GAS,26.0,10.0,clear_violation,294.0,65.0,219.1445003230833,100.0,0.1615384615384615,84,520,270.7643410852713,285.0,0.9046153846153846,1.008476650639869,0,0,1,0,1
2023,Austrian Grand Prix,R,GAS,27.0,10.0,clear_violation,294.0,65.0,218.88903850427104,100.0,0.1594746716697936,85,533,270.7643410852713,285.0,0.9046153846153846,1.0073010460546648,0,0,1,0,1
2023,Austrian Grand Prix,R,GAS,28.0,10.0,clear_violation,293.0,63.0,218.21616441183903,100.0,0.150375939849624,80,532,270.7643410852713,285.0,0.9015384615384615,1.0042045603566994,0,0,1,0,1
2023,Austrian Grand Prix,R,GAS,29.0,10.0,clear_violation,293.0,58.0,217.0498972200296,100.0,0.1542750929368029,83,538,270.7643410852713,285.0,0.9015384615384615,0.9988375389182734,0,0,1,0,1
2023,Austrian Grand Prix,R,PER,11.0,9.0,clear_violation,321.0,64.0,214.45328618669404,100.0,0.2125237191650854,112,527,270.7643410852713,285.0,0.9876923076923076,0.9868882470398455,0,0,1,0,1
2023,Austrian Grand Prix,R,PER,17.0,10.0,clear_violation,301.0,66.0,220.0140402801576,100.0,0.177449168207024,96,541,270.7643410852713,285.0,0.9261538461538461,1.0124781690088676,0,0,1,0,1
2023,Austrian Grand Prix,R,PER,18.0,10.0,clear_violation,300.0,66.0,219.26609834431991,100.0,0.1900191938579654,99,521,270.7643410852713,285.0,0.9230769230769231,1.0090362301182514,0,0,1,0,1
2023,Austrian Grand Prix,R,PER,61.0,9.0,clear_violation,324.0,53.0,224.95999937023208,100.0,0.1765799256505576,95,538,270.7643410852713,285.0,0.9969230769230769,1.0352388782669442,0,0,1,0,1
2023,Austrian Grand Prix,R,ALO,4.0,10.0,clear_violation,297.0,63.0,215.7487240002912,100.0,0.1608775137111517,88,547,270.7643410852713,285.0,0.9138461538461539,0.9928496961542089,0,0,1,0,1
2023,Austrian Grand Prix,R,ALO,5.0,10.0,clear_violation,298.0,64.0,217.26812167899269,100.0,0.169172932330827,90,532,270.7643410852713,285.0,0.916923076923077,0.9998417816491579,0,0,1,0,1
2023,Austrian Grand Prix,R,LEC,5.0,9.0,clear_violation,299.0,65.0,220.819936572224,99.0,0.1864406779661017,99,531,270.7643410852713,285.0,0.92,1.0161868068810844,0,0,1,0,1
2023,Austrian Grand Prix,R,LEC,8.0,9.0,clear_violation,298.0,66.0,221.41616367809016,99.0,0.1771217712177121,96,542,270.7643410852713,285.0,0.916923076923077,1.0189305723593791,0,0,1,0,1
2023,Austrian Grand Prix,R,LEC,32.0,9.0,clear_violation,302.0,62.0,219.47175472822124,100.0,0.1611111111111111,87,540,270.7643410852713,285.0,0.9292307692307692,1.0099826360783086,0,0,1,0,1
2023,Austrian Grand Prix,R,STR,6.0,9.0,clear_violation,312.0,60.0,216.078895587338,100.0,0.2077205882352941,113,544,270.7643410852713,285.0,0.96,0.9943691061131653,0,0,1,0,1
2023,Austrian Grand Prix,R,STR,10.0,9.0,clear_violation,301.0,61.0,217.7062582101501,100.0,0.1940850277264325,105,541,270.7643410852713,285.0,0.9261538461538461,1.0018580333041764,0,0,1,0,1
2023,Austrian Grand Prix,R,STR,33.0,10.0,clear_violation,320.0,57.0,216.60870808923409,100.0,0.2256880733944954,123,545,270.7643410852713,285.0,0.9846153846153847,0.9968072395666245,0,0,1,0,1
2023,Austrian Grand Prix,R,STR,34.0,10.0,clear_violation,319.0,55.0,217.6797908737219,100.0,0.2097378277153558,112,534,270.7643410852713,285.0,0.9815384615384616,1.0017362338031481,0,0,1,0,1
2023,Austrian Grand Prix,R,SAR,15.0,9.0,clear_violation,282.0,0.0,145.31769793558067,100.0,0.2487684729064039,202,812,270.7643410852713,285.0,0.8676923076923077,0.6687345795888724,0,0,1,0,1
2023,Austrian Grand Prix,R,SAR,54.0,10.0,clear_violation,306.0,64.0,220.4774420560092,100.0,0.1736745886654479,95,547,270.7643410852713,285.0,0.9415384615384615,1.0146106882832389,0,0,1,0,1
2023,Austrian Grand Prix,R,SAR,55.0,10.0,clear_violation,306.0,63.0,218.941968066955,100.0,0.1718464351005484,94,547,270.7643410852713,285.0,0.9415384615384615,1.007544621540322,0,0,1,0,1
2023,Austrian Grand Prix,R,SAR,57.0,9.0,clear_violation,309.0,63.0,219.88235563062457,100.0,0.1826568265682656,99,542,270.7643410852713,285.0,0.9507692307692308,1.0118721720794173,0,0,1,0,1
2023,Austrian Grand Prix,R,MAG,28.0,10.0,clear_violation,303.0,64.0,213.14563495792893,100.0,0.1938405797101449,107,552,270.7643410852713,285.0,0.9323076923076923,0.9808705932568578,0,0,1,0,1
2023,Austrian Grand Prix,R,MAG,29.0,10.0,clear_violation,302.0,64.0,214.1659063670949,100.0,0.1786372007366482,97,543,270.7643410852713,285.0,0.9292307692307692,0.9855657596513708,0,0,1,0,1
2023,Austrian Grand Prix,R,MAG,42.0,9.0,clear_violation,301.0,65.0,217.6208191865808,100.0,0.1860036832412523,101,543,270.7643410852713,285.0,0.9261538461538461,1.0014648531869657,0,0,1,0,1
2023,Austrian Grand Prix,R,MAG,43.0,10.0,clear_violation,300.0,64.0,218.9206146029549,100.0,0.1851145038167939,97,524,270.7643410852713,285.0,0.9230769230769231,1.0074463554655513,0,0,1,0,1
2023,Austrian Grand Prix,R,MAG,44.0,10.0,clear_violation,299.0,66.0,218.90449052211176,100.0,0.2,109,545,270.7643410852713,285.0,0.92,1.0073721543835283,0,0,1,0,1
2023,Austrian Grand Prix,R,MAG,57.0,9.0,clear_violation,298.0,61.0,209.286623511694,100.0,0.1961805555555555,113,576,270.7643410852713,285.0,0.916923076923077,0.9631118864111811,0,0,1,0,1
2023,Austrian Grand Prix,R,DEV,5.0,9.0,clear_violation,302.0,59.0,212.4882301093748,100.0,0.1974405850091407,108,547,270.7643410852713,285.0,0.9292307692307692,0.9778452951599087,0,0,1,0,1
2023,Austrian Grand Prix,R,DEV,21.0,9.0,clear_violation,300.0,61.0,218.8090133261867,100.0,0.1877323420074349,101,538,270.7643410852713,285.0,0.9230769230769231,1.006932779803664,0,0,1,0,1
2023,Austrian Grand Prix,R,TSU,5.0,10.0,clear_violation,300.0,60.0,213.62535947088176,100.0,0.1813186813186813,99,546,270.7643410852713,285.0,0.9230769230769231,0.9830782278054742,0,0,1,0,1
2023,Austrian Grand Prix,R,TSU,6.0,9.0,clear_violation,318.0,60.0,215.7637606664438,100.0,0.1959706959706959,107,546,270.7643410852713,285.0,0.9784615384615385,0.9929188930845267,0,0,1,0,1
2023,Austrian Grand Prix,R,TSU,8.0,9.0,clear_violation,317.0,64.0,215.6613903948563,100.0,0.1930147058823529,105,544,270.7643410852713,285.0,0.9753846153846154,0.9924477973989702,0,0,1,0,1
2023,Austrian Grand Prix,R,TSU,9.0,10.0,clear_violation,315.0,64.0,217.56310716599208,100.0,0.1746323529411764,95,544,270.7643410852713,285.0,0.9692307692307692,1.001199269404853,0,0,1,0,1
2023,Austrian Grand Prix,R,TSU,10.0,10.0,clear_violation,316.0,61.0,214.87108538777213,100.0,0.1955719557195571,106,542,270.7643410852713,285.0,0.9723076923076923,0.9888109087462632,0,0,1,0,1
2023,Austrian Grand Prix,R,TSU,22.0,9.0,clear_violation,310.0,54.0,211.6687703674171,100.0,0.1765765765765765,98,555,270.7643410852713,285.0,0.9538461538461539,0.974074239921537,0,0,1,0,1
2023,Austrian Grand Prix,R,TSU,47.0,10.0,clear_violation,313.0,65.0,219.40360207333376,100.0,0.1831775700934579,98,535,270.7643410852713,285.0,0.963076923076923,1.0096690057520543,0,0,1,0,1
2023,Austrian Grand Prix,R,TSU,48.0,10.0,clear_violation,302.0,69.0,219.9829378549708,100.0,0.1597744360902255,85,532,270.7643410852713,285.0,0.9292307692307692,1.0123350393864818,0,0,1,0,1
2023,Austrian Grand Prix,R,TSU,49.0,10.0,clear_violation,301.0,67.0,220.2615398894268,100.0,0.1496212121212121,79,528,270.7643410852713,285.0,0.9261538461538461,1.0136171324627645,0,0,1,0,1
2023,Austrian Grand Prix,R,TSU,62.0,10.0,clear_violation,319.0,58.0,217.64806696054887,100.0,0.2003780718336484,106,529,270.7643410852713,285.0,0.9815384615384616,1.0015902441677487,0,0,1,0,1
2023,Austrian Grand Prix,R,TSU,63.0,10.0,clear_violation,322.0,60.0,214.9864138576212,100.0,0.1829484902309058,103,563,270.7643410852713,285.0,0.9907692307692307,0.9893416365027222,0,0,1,0,1
2023,Austrian Grand Prix,R,ALB,19.0,9.0,clear_violation,324.0,55.0,217.09247629080224,100.0,0.2158671586715867,117,542,270.7643410852713,285.0,0.9969230769230769,0.9990334826842217,0,0,1,0,1
2023,Austrian Grand Prix,R,ALB,20.0,9.0,clear_violation,323.0,56.0,216.94279219517085,100.0,0.2240437158469945,123,549,270.7643410852713,285.0,0.9938461538461538,0.9983446544672513,0,0,1,0,1
2023,Austrian Grand Prix,R,ALB,25.0,10.0,clear_violation,301.0,62.0,216.1584449860227,100.0,0.2041587901701323,108,529,270.7643410852713,285.0,0.9261538461538461,0.9947351828845544,0,0,1,0,1
2023,Austrian Grand Prix,R,ALB,26.0,10.0,clear_violation,305.0,62.0,218.15058617071216,100.0,0.1931818181818181,102,528,270.7643410852713,285.0,0.9384615384615385,1.0039027771731426,0,0,1,0,1
2023,Austrian Grand Prix,R,ALB,27.0,10.0,clear_violation,307.0,58.0,218.48729708477413,100.0,0.1894934333958724,101,533,270.7643410852713,285.0,0.9446153846153846,1.005452280329035,0,0,1,0,1
2023,Austrian Grand Prix,R,ALB,28.0,10.0,clear_violation,306.0,60.0,216.9667926543625,100.0,0.2014787430683918,109,541,270.7643410852713,285.0,0.9415384615384615,0.9984551016957409,0,0,1,0,1
2023,Austrian Grand Prix,R,ALB,29.0,10.0,clear_violation,304.0,63.0,217.03379113675416,100.0,0.1977611940298507,106,536,270.7643410852713,285.0,0.9353846153846154,0.9987634206588939,0,0,1,0,1
2023,Austrian Grand Prix,R,HUL,8.0,10.0,clear_violation,313.0,52.0,216.3202201291855,100.0,0.1795332136445242,100,557,270.7643410852713,285.0,0.963076923076923,0.9954796526489934,0,0,1,0,1
2023,Austrian Grand Prix,R,HUL,9.0,9.0,clear_violation,315.0,61.0,215.9495034297871,100.0,0.1836734693877551,99,539,270.7643410852713,285.0,0.9692307692307692,0.9937736589562729,0,0,1,0,1
2023,Austrian Grand Prix,R,HUL,10.0,10.0,clear_violation,314.0,59.0,217.44444270302216,100.0,0.199630314232902,108,541,270.7643410852713,285.0,0.9661538461538461,1.000653189809018,0,0,1,0,1
2023,Austrian Grand Prix,R,OCO,27.0,10.0,clear_violation,310.0,60.0,220.0174424567436,100.0,0.2278719397363465,121,531,270.7643410852713,285.0,0.9538461538461539,1.0124938254165954,0,0,1,0,1
2023,Austrian Grand Prix,R,OCO,28.0,10.0,clear_violation,308.0,63.0,217.6465645682248,100.0,0.2055555555555555,111,540,270.7643410852713,285.0,0.9476923076923077,1.0015833303388517,0,0,1,0,1
2023,Austrian Grand Prix,R,OCO,38.0,9.0,clear_violation,297.0,61.0,215.1721907123733,100.0,0.2135036496350364,117,548,270.7643410852713,285.0,0.9138461538461539,0.9901965592590342,0,0,1,0,1
2023,Austrian Grand Prix,R,OCO,58.0,10.0,clear_violation,297.0,63.0,219.91406266071525,100.0,0.1962962962962963,106,540,270.7643410852713,285.0,0.9138461538461539,1.0120180840209008,0,0,1,0,1
2023,Austrian Grand Prix,R,OCO,59.0,10.0,clear_violation,297.0,64.0,221.07824652294423,100.0,0.1895910780669145,102,538,270.7643410852713,285.0,0.9138461538461539,1.017375518227001,0,0,1,0,1
2023,Austrian Grand Prix,R,NOR,28.0,10.0,clear_violation,318.0,59.0,221.65509437771425,100.0,0.2106261859582542,111,527,270.7643410852713,285.0,0.9784615384615385,1.0200301027210203,0,0,1,0,1
2023,Austrian Grand Prix,R,NOR,29.0,10.0,clear_violation,298.0,62.0,218.23017832146164,100.0,0.1883239171374764,100,531,270.7643410852713,285.0,0.916923076923077,1.0042690506843952,0,0,1,0,1
2023,Austrian Grand Prix,R,NOR,64.0,10.0,clear_violation,305.0,63.0,221.8192120154526,100.0,0.1831501831501831,100,546,270.7643410852713,285.0,0.9384615384615385,1.0207853523639423,0,0,1,0,1
2023,Austrian Grand Prix,R,NOR,65.0,10.0,clear_violation,305.0,62.0,220.45526939298992,100.0,0.1687840290381125,93,551,270.7643410852713,285.0,0.9384615384615385,1.0145086523530444,0,0,1,0,1
2023,Austrian Grand Prix,R,HAM,4.0,10.0,clear_violation,301.0,64.0,219.12505534922823,100.0,0.3277467411545623,176,537,270.7643410852713,285.0,0.9261538461538461,1.0083871672073568,0,0,1,0,1
2023,Austrian Grand Prix,R,HAM,5.0,10.0,clear_violation,300.0,67.0,219.43361750507063,100.0,0.1913696060037523,102,533,270.7643410852713,285.0,0.9230769230769231,1.0098071331612337,0,0,1,0,1
2023,Austrian Grand Prix,R,HAM,6.0,10.0,clear_violation,295.0,68.0,219.096660137684,100.0,0.1629629629629629,88,540,270.7643410852713,285.0,0.9076923076923077,1.0082564958567632,0,0,1,0,1
2023,Austrian Grand Prix,R,HAM,7.0,10.0,clear_violation,300.0,65.0,219.3066686942042,100.0,0.1721611721611721,94,546,270.7643410852713,285.0,0.9230769230769231,1.0092229299921076,0,0,1,0,1
2023,Austrian Grand Prix,R,HAM,8.0,10.0,clear_violation,299.0,66.0,219.4418883253061,100.0,0.1460258780036968,79,541,270.7643410852713,285.0,0.92,1.0098451944818545,0,0,1,0,1
2023,Austrian Grand Prix,R,HAM,9.0,10.0,clear_violation,301.0,67.0,220.97478326139705,100.0,0.1651031894934334,88,533,270.7643410852713,285.0,0.9261538461538461,1.016899392733021,0,0,1,0,1
2023,Austrian Grand Prix,R,HAM,10.0,10.0,clear_violation,301.0,65.0,217.9398229545637,100.0,0.1626617375231053,88,541,270.7643410852713,285.0,0.9261538461538461,1.0029328701848945,0,0,1,0,1
2023,Austrian Grand Prix,R,HAM,31.0,10.0,clear_violation,316.0,62.0,217.670147942354,100.0,0.1797323135755258,94,523,270.7643410852713,285.0,0.9723076923076923,1.0016918581920151,0,0,1,0,1
2023,Austrian Grand Prix,R,SAI,5.0,10.0,clear_violation,304.0,64.0,220.80637111177933,100.0,0.1936090225563909,103,532,270.7643410852713,285.0,0.9353846153846154,1.0161243802626045,0,0,1,0,1
2023,Austrian Grand Prix,R,SAI,6.0,10.0,clear_violation,310.0,60.0,219.54525418614105,100.0,0.2011173184357542,108,537,270.7643410852713,285.0,0.9538461538461539,1.010320871749464,0,0,1,0,1
2023,Austrian Grand Prix,R,SAI,8.0,10.0,clear_violation,313.0,59.0,220.9076327443386,100.0,0.1829944547134935,99,541,270.7643410852713,285.0,0.963076923076923,1.016590374124605,0,0,1,0,1
2023,Austrian Grand Prix,R,SAI,9.0,10.0,clear_violation,314.0,59.0,221.0928039757679,100.0,0.1977401129943503,105,531,270.7643410852713,285.0,0.9661538461538461,1.0174425098751776,0,0,1,0,1
2023,Austrian Grand Prix,R,SAI,10.0,9.0,clear_violation,314.0,62.0,218.95648245784687,100.0,0.1985157699443413,107,539,270.7643410852713,285.0,0.9661538461538461,1.0076114150226643,0,0,1,0,1
2023,Austrian Grand Prix,R,SAI,11.0,9.0,clear_violation,313.0,61.0,219.8481778230885,100.0,0.2175572519083969,114,524,270.7643410852713,285.0,0.963076923076923,1.0117148899171025,0,0,1,0,1
2023,Austrian Grand Prix,R,SAI,17.0,9.0,clear_violation,325.0,62.0,223.4425703703696,100.0,0.2258064516129032,119,527,270.7643410852713,285.0,1.0,1.0282558523953889,0,0,1,0,1
2023,Austrian Grand Prix,R,BOT,5.0,9.0,clear_violation,307.0,59.0,213.0827114147566,100.0,0.2522851919561243,138,547,270.7643410852713,285.0,0.9446153846153846,0.980581026674209,0,0,1,0,1
2023,Austrian Grand Prix,R,PIA,12.0,9.0,clear_violation,317.0,61.0,215.70129983957847,99.0,0.2278719397363465,121,531,270.7643410852713,285.0,0.9753846153846154,0.9926314558667071,0,0,1,0,1
2023,Austrian Grand Prix,S,SAI,18.0,9.0,clear_violation,296.0,56.0,203.0832148581396,100.0,0.2371681415929203,134,565,267.43283582089555,292.0,0.9704918032786886,1.0024069054819489,1,0,0,0,1
2023,Austrian Grand Prix,S,NOR,16.0,9.0,clear_violation,298.0,55.0,204.8404595562645,100.0,0.1968911917098445,114,579,267.43283582089555,292.0,0.9770491803278688,1.0110805628359179,1,0,0,0,1
2023,Austrian Grand Prix,S,HAM,13.0,9.0,clear_violation,301.0,59.0,200.6594537013011,100.0,0.2188612099644128,123,562,267.43283582089555,292.0,0.9868852459016394,0.9904433617565307,1,0,0,0,1
2023,Austrian Grand Prix,S,HAM,16.0,9.0,clear_violation,298.0,56.0,204.50376506106645,100.0,0.2305025996533795,133,577,267.43283582089555,292.0,0.9770491803278688,1.009418658442391,1,0,0,0,1
2023,Austrian Grand Prix,S,LEC,15.0,10.0,clear_violation,302.0,51.0,202.16881586899152,100.0,0.2054329371816638,121,589,267.43283582089555,292.0,0.9901639344262295,0.9978934853958623,1,0,0,0,1
2023,Austrian Grand Prix,S,LEC,16.0,10.0,clear_violation,305.0,48.0,203.2216755217796,100.0,0.236614853195164,137,579,267.43283582089555,292.0,1.0,1.003090339243165,1,0,0,0,1
2023,Austrian Grand Prix,S,GAS,23.0,9.0,clear_violation,296.0,54.0,199.6917204462462,100.0,0.1848739495798319,110,595,267.43283582089555,292.0,0.9704918032786886,0.9856666868441842,1,0,0,0,1
2023,Azerbaijan Grand Prix,FP1,NOR,1.0,1.0,no_advantage,322.0,0.0,139.09944053130224,100.0,0.2525439407955596,273,1081,310.76276276276275,344.0,0.9669669669669669,0.7645188738009282,0,0,0,1,1
2023,Azerbaijan Grand Prix,FP1,MAG,2.0,1.0,no_advantage,333.0,62.0,186.6654673319005,100.0,0.2717647058823529,231,850,310.76276276276275,344.0,1.0,1.02595145111309,0,0,0,1,1
2023,Azerbaijan Grand Prix,FP1,SAR,2.0,1.0,no_advantage,329.0,69.0,196.80383495575995,104.0,0.2806804374240583,231,823,310.76276276276275,344.0,0.987987987987988,1.081673985785892,0,0,0,1,1
2023,Azerbaijan Grand Prix,FP1,GAS,6.0,1.0,no_advantage,332.90909090909093,69.0,200.1989492826562,100.0,0.2009987515605493,161,801,310.76276276276275,344.0,0.9997269997269999,1.1003342260550828,0,0,0,1,1
2023,Azerbaijan Grand Prix,FP1,LEC,12.0,7.0,no_advantage,333.0,49.0,186.9511212466185,100.0,0.2404063205417607,213,886,310.76276276276275,344.0,1.0,1.0275214632450074,0,0,0,1,1
2023,Azerbaijan Grand Prix,Q,BOT,17.0,3.0,clear_violation,331.6909090909091,52.0,171.10295693529042,100.0,0.274793388429752,266,968,329.7098039215686,340.0,1.0,1.0730605996293174,0,1,0,0,1
2023,Azerbaijan Grand Prix,Q,ZHO,1.0,1.0,no_advantage,329.8333333333333,35.73214262857143,163.09742264625632,100.0,0.2471443406022845,238,963,329.7098039215686,340.0,0.9943996784154653,1.0228544338306,0,1,0,0,1
2023,Azerbaijan Grand Prix,Q,SAI,15.0,3.0,no_advantage,327.6305557333333,55.0,144.15924985894424,100.0,0.2737576285963383,314,1147,329.7098039215686,340.0,0.9877586233258419,0.9040849665400829,0,1,0,0,1
2023,Azerbaijan Grand Prix,R,STR,19.0,16.0,clear_violation,342.0,65.0,196.68466256828404,100.0,0.2251815980629539,186,826,321.906083244397,355.0,1.0,1.0,0,0,1,0,1
2023,Bahrain Grand Prix,FP1,ALO,9.0,4.0,no_advantage,310.0,60.0,201.844143781223,100.0,0.184931506849315,135,730,261.8018575851393,288.0,1.0,1.0,0,0,0,1,1
2023,Bahrain Grand Prix,FP2,PIA,5.0,1.0,no_advantage,299.0,57.0,144.73942717324357,100.0,0.1587147030185005,163,1027,266.8820861678005,290.0,0.9966666666666667,0.867061285153973,0,0,0,1,1
2023,Bahrain Grand Prix,FP2,SAR,14.0,10.0,no_advantage,300.0,66.0,194.47496169311688,100.0,0.1923076923076923,150,780,266.8820861678005,290.0,1.0,1.1650019176466304,0,0,0,1,1
2023,Bahrain Grand Prix,FP2,ALO,13.0,10.0,no_advantage,292.0,0.0,161.57867957588022,99.0,0.2004310344827586,186,928,266.8820861678005,290.0,0.9733333333333334,0.9679367971993966,0,0,0,1,1
2023,Bahrain Grand Prix,Q,SAI,2.0,8.0,clear_violation,327.0,65.0,211.43314104938813,100.0,0.180939226519337,131,724,286.7575757575757,291.0,1.0,0.9957942212278441,0,1,0,0,1
2023,Bahrain Grand Prix,Q,STR,2.0,13.0,clear_violation,318.0,68.0,211.6198607999205,99.0,0.1838755304101838,130,707,286.7575757575757,291.0,0.9724770642201835,0.9966736219104732,0,1,0,0,1
2023,Bahrain Grand Prix,Q,HUL,16.0,4.0,clear_violation,319.0,64.0,214.29221605982207,100.0,0.1912181303116147,135,706,286.7575757575757,291.0,0.9755351681957186,1.009259708990626,0,1,0,0,1
2023,Bahrain Grand Prix,Q,GAS,5.0,15.0,clear_violation,323.0,67.0,211.9593333411657,100.0,0.1803051317614424,130,721,286.7575757575757,291.0,0.9877675840978594,0.9982724478710567,0,1,0,0,1
2023,Bahrain Grand Prix,R,GAS,43.0,4.0,clear_violation,303.0,66.0,201.9239238443054,100.0,0.195054945054945,142,728,281.3738783649053,293.0,0.9294478527607362,1.027424708505611,0,0,1,0,1
2023,Bahrain Grand Prix,R,GAS,44.0,4.0,clear_violation,303.0,63.0,202.4914525019317,100.0,0.1815680880330124,132,727,281.3738783649053,293.0,0.9294478527607362,1.0303123948903103,0,0,1,0,1
2023,Bahrain Grand Prix,R,LEC,8.0,4.0,clear_violation,306.0,56.0,195.4141723907479,100.0,0.1997354497354497,151,756,281.3738783649053,293.0,0.9386503067484663,0.9943019394830938,0,0,1,0,1
2023,Bahrain Grand Prix,R,MAG,28.0,4.0,clear_violation,305.0,59.0,194.5801026676112,100.0,0.2128777923784494,162,761,281.3738783649053,293.0,0.9355828220858896,0.9900580449219528,0,0,1,0,1
2023,Bahrain Grand Prix,R,DEV,19.0,13.0,clear_violation,304.0,59.0,194.8902295307288,100.0,0.1946308724832214,145,745,281.3738783649053,293.0,0.9325153374233128,0.991636025360685,0,0,1,0,1
2023,Bahrain Grand Prix,R,DEV,50.0,4.0,clear_violation,305.0,56.0,195.2669713657936,100.0,0.205921938088829,153,743,281.3738783649053,293.0,0.9355828220858896,0.9935529545818693,0,0,1,0,1
2023,Bahrain Grand Prix,R,HUL,21.0,4.0,clear_violation,309.0,62.0,196.8260407919667,100.0,0.2114361702127659,159,752,281.3738783649053,293.0,0.9478527607361963,1.001485776113017,0,0,1,0,1
2023,Bahrain Grand Prix,R,HUL,39.0,4.0,clear_violation,305.0,60.0,197.156212158636,100.0,0.1873315363881401,139,742,281.3738783649053,293.0,0.9355828220858896,1.0031657465380106,0,0,1,0,1
2023,Bahrain Grand Prix,R,HUL,47.0,4.0,clear_violation,307.0,63.0,198.68812961557543,100.0,0.1950207468879668,141,723,281.3738783649053,293.0,0.941717791411043,1.0109604140379558,0,0,1,0,1
2023,Bahrain Grand Prix,R,HUL,52.0,4.0,clear_violation,307.0,61.0,197.82019106773905,100.0,0.2027210884353741,149,735,281.3738783649053,293.0,0.941717791411043,1.006544188894673,0,0,1,0,1
2023,Bahrain Grand Prix,R,HUL,56.0,13.0,clear_violation,309.0,61.0,193.86923354665856,100.0,0.2002583979328165,155,774,281.3738783649053,293.0,0.9478527607361963,0.9864410168577421,0,0,1,0,1
2023,Bahrain Grand Prix,R,NOR,3.0,4.0,clear_violation,304.0,53.0,192.75924857808377,100.0,0.2340425531914893,176,752,281.3738783649053,293.0,0.9325153374233128,0.9807932166314406,0,0,1,0,1
2023,Bahrain Grand Prix,R,NOR,15.0,4.0,clear_violation,304.0,57.0,195.7795344834689,100.0,0.2310866574965612,168,727,281.3738783649053,293.0,0.9325153374233128,0.9961609665585696,0,0,1,0,1
2023,Bahrain Grand Prix,R,NOR,50.0,7.0,clear_violation,302.0,64.0,200.74079387650275,100.0,0.2066574202496532,149,721,281.3738783649053,293.0,0.9263803680981595,1.0214047335608334,0,0,1,0,1
2023,Bahrain Grand Prix,R,HAM,50.0,8.0,clear_violation,326.0,60.0,197.251545897404,100.0,0.2233009708737864,161,721,281.3738783649053,293.0,1.0,1.0036508214954483,0,0,1,0,1
2023,Bahrain Grand Prix,R,RUS,42.0,13.0,clear_violation,311.0,61.0,198.05424214428967,100.0,0.2301255230125523,165,717,281.3738783649053,293.0,0.9539877300613497,1.0077350822495676,0,0,1,0,1
2023,Bahrain Grand Prix,R,BOT,7.0,4.0,clear_violation,300.0,60.0,192.31363822442017,100.0,0.2237196765498652,166,742,281.3738783649053,293.0,0.9202453987730062,0.9785258721830784,0,0,1,0,1
2023,Bahrain Grand Prix,R,RUS,8.0,10.0,no_advantage,324.0,57.0,190.7539847347437,100.0,0.2307692307692307,177,767,281.3738783649053,293.0,0.9938650306748467,0.9705900788333207,0,0,1,0,1
2023,Bahrain Grand Prix,R,STR,51.0,10.0,no_advantage,304.0,59.0,197.56702170327483,99.0,0.1978171896316507,145,733,281.3738783649053,293.0,0.9325153374233128,1.0052560183028227,0,0,1,0,1
2023,Belgian Grand Prix,Q,VER,13.0,9.0,clear_violation,317.0,59.0,204.4245483104823,100.0,0.1840958605664488,169,918,210.802371541502,228.0,0.9968553459119497,1.0382550797373873,0,1,0,0,1
2023,Belgian Grand Prix,Q,NOR,3.0,15.0,clear_violation,299.0,50.0,199.0336174765158,100.0,0.1694386694386694,163,962,210.802371541502,228.0,0.940251572327044,1.010874995647009,0,1,0,0,1
2023,Belgian Grand Prix,Q,MAG,2.0,10.0,clear_violation,310.0,53.0,204.3330734804843,100.0,0.1876310272536687,179,954,210.802371541502,228.0,0.9748427672955975,1.0377904867729002,0,1,0,0,1
2023,Belgian Grand Prix,Q,MAG,15.0,9.0,clear_violation,310.0,36.0,197.57288486331743,100.0,0.2202868852459016,215,976,210.802371541502,228.0,0.9748427672955975,1.0034560576166907,0,1,0,0,1
2023,Belgian Grand Prix,Q,RIC,7.0,4.0,clear_violation,316.0,57.0,208.03665254498023,100.0,0.1815181518151815,165,909,210.802371541502,228.0,0.9937106918238994,1.0566006532069319,0,1,0,0,1
2023,Belgian Grand Prix,Q,ALB,8.0,8.0,no_advantage,318.0,34.0,167.95370335540107,100.0,0.2743521000893655,307,1119,210.802371541502,228.0,1.0,0.8530227270190809,0,1,0,0,1
2023,Belgian Grand Prix,R,VER,21.0,4.0,clear_violation,312.0,67.0,216.74781874512828,100.0,0.1691093573844419,150,887,210.1042471042471,223.0,0.8888888888888888,0.9941984598041718,0,0,1,0,1
2023,Belgian Grand Prix,R,PER,22.0,11.0,clear_violation,313.0,64.0,216.87081393679327,100.0,0.1708428246013667,150,878,210.1042471042471,223.0,0.8917378917378918,0.9947626252514856,0,0,1,0,1
2023,Belgian Grand Prix,R,HAM,37.0,9.0,clear_violation,320.0,65.0,224.08694999762105,100.0,0.1514084507042253,129,852,210.1042471042471,223.0,0.9116809116809117,1.0278622495012155,0,0,1,0,1
2023,Belgian Grand Prix,R,NOR,36.0,4.0,clear_violation,311.0,61.0,220.6189144098527,100.0,0.1310507674144037,111,847,210.1042471042471,223.0,0.886039886039886,1.0119547508243327,0,0,1,0,1
2023,Belgian Grand Prix,R,TSU,13.0,9.0,clear_violation,319.0,67.0,221.5155566414972,100.0,0.1230585424133811,103,837,210.1042471042471,223.0,0.9088319088319088,1.0160675503480252,0,0,1,0,1
2023,Belgian Grand Prix,R,TSU,14.0,9.0,clear_violation,319.0,65.0,221.48442998451392,100.0,0.144,126,875,210.1042471042471,223.0,0.9088319088319088,1.0159247757881207,0,0,1,0,1
2023,Belgian Grand Prix,R,ALB,28.0,9.0,clear_violation,333.0,65.0,224.32321567949924,100.0,0.1644970414201183,139,845,210.1042471042471,223.0,0.9487179487179487,1.028945974257422,0,0,1,0,1
2023,Belgian Grand Prix,R,RIC,37.0,15.0,clear_violation,338.0,61.0,220.31699743019345,100.0,0.1543700340522134,136,881,210.1042471042471,223.0,0.9629629629629629,1.010569890769437,0,0,1,0,1
2023,Belgian Grand Prix,R,SAR,9.0,9.0,clear_violation,351.0,0.0,194.22641490973817,100.0,0.1735537190082644,168,968,210.1042471042471,223.0,1.0,0.8908952517931067,0,0,1,0,1
2023,Belgian Grand Prix,R,SAR,33.0,4.0,clear_violation,328.0,64.0,219.4236975451942,100.0,0.1629279811097992,138,847,210.1042471042471,223.0,0.9344729344729344,1.0064724222230343,0,0,1,0,1
2023,Belgian Grand Prix,R,SAR,36.0,4.0,clear_violation,331.0,67.0,227.5862958914037,100.0,0.1605231866825208,135,841,210.1042471042471,223.0,0.9430199430199431,1.0439133651159556,0,0,1,0,1
2023,Belgian Grand Prix,R,HUL,10.0,11.0,clear_violation,318.0,63.0,218.7113510772253,100.0,0.1503416856492027,132,878,210.1042471042471,223.0,0.905982905982906,1.003204967143662,0,0,1,0,1
2023,Belgian Grand Prix,R,SAI,10.0,4.0,clear_violation,327.0,63.0,219.5690945201415,100.0,0.1818181818181818,158,869,210.1042471042471,223.0,0.9316239316239316,1.007139342192009,0,0,1,0,1
2023,Belgian Grand Prix,R,SAI,21.0,11.0,clear_violation,318.0,66.0,206.6952379877391,100.0,0.2130242825607064,193,906,210.1042471042471,223.0,0.905982905982906,0.9480883749880217,0,0,1,0,1
2023,British Grand Prix,FP1,ALB,7.0,15.0,no_advantage,322.0,88.0,229.54624393828425,100.0,0.158590308370044,108,681,233.5978835978836,254.0,1.0,1.0,0,0,0,1,1
2023,British Grand Prix,FP2,HAM,2.0,16.0,no_advantage,319.0,74.0,228.39925237774423,100.0,0.1346704871060172,94,698,234.55990783410135,255.0,1.0,1.0,0,0,0,1,1
2023,British Grand Prix,Q,VER,2.0,15.0,clear_violation,304.0,62.0,223.8672183223187,100.0,0.1576704545454545,111,704,244.76156583629893,258.0,0.987012987012987,1.0466813251301716,0,1,0,0,1
2023,British Grand Prix,Q,NOR,3.0,15.0,clear_violation,285.0,54.0,174.75223787142014,100.0,0.1399776035834266,125,893,244.76156583629893,258.0,0.9253246753246753,0.817046395963931,0,1,0,0,1
2023,British Grand Prix,Q,NOR,19.0,15.0,clear_violation,303.0,93.0,235.9181730665566,100.0,0.117391304347826,81,690,244.76156583629893,258.0,0.9837662337662337,1.1030250335806961,0,1,0,0,1
2023,British Grand Prix,Q,PIA,3.0,15.0,clear_violation,305.0,85.0,222.8925714152072,100.0,0.146551724137931,102,696,244.76156583629893,258.0,0.9902597402597403,1.0421244064177555,0,1,0,0,1
2023,British Grand Prix,Q,SAI,2.0,15.0,clear_violation,294.0,0.0,162.5276301269589,100.0,0.2278738555442523,224,983,244.76156583629893,258.0,0.9545454545454546,0.7598907805546802,0,1,0,0,1
2023,British Grand Prix,Q,HAM,2.0,15.0,clear_violation,301.0,0.0,183.259718697366,100.0,0.1506228765571914,133,883,244.76156583629893,258.0,0.9772727272727273,0.8568227480853027,0,1,0,0,1
2023,British Grand Prix,Q,ALB,6.0,15.0,clear_violation,308.0,92.0,229.47292817467505,100.0,0.1815561959654178,126,694,244.76156583629893,258.0,1.0,1.0728905747940143,0,1,0,0,1
2023,British Grand Prix,Q,HUL,5.0,15.0,clear_violation,303.0,87.0,228.2219550610151,100.0,0.1338028169014084,95,710,244.76156583629893,258.0,0.9837662337662337,1.0670417050661445,0,1,0,0,1
2023,British Grand Prix,Q,STR,15.0,15.0,clear_violation,308.0,87.0,232.7878491578647,100.0,0.1496402877697841,104,695,244.76156583629893,258.0,1.0,1.0883893419354866,0,1,0,0,1
2023,British Grand Prix,Q,SAR,3.0,15.0,clear_violation,306.0,74.0,221.40396208894072,100.0,0.1734837799717912,123,709,244.76156583629893,258.0,0.9935064935064936,1.0351644790380603,0,1,0,0,1
2023,British Grand Prix,Q,SAR,13.0,15.0,clear_violation,308.0,76.0,230.85700480685733,100.0,0.1592261904761904,107,672,244.76156583629893,258.0,1.0,1.079361764163815,0,1,0,0,1
2023,British Grand Prix,Q,SAR,15.0,9.0,clear_violation,307.0,89.0,232.2798262009628,100.0,0.1563845050215208,109,697,244.76156583629893,258.0,0.9967532467532467,1.0860141029625294,0,1,0,0,1
2023,British Grand Prix,Q,DEV,2.0,15.0,clear_violation,304.0,79.0,217.92492339780983,100.0,0.2067114093959731,154,745,244.76156583629893,258.0,0.987012987012987,1.0188983867772043,0,1,0,0,1
2023,British Grand Prix,Q,SAR,6.0,11.0,no_advantage,307.0,72.0,198.19434918267075,100.0,0.1979166666666666,152,768,244.76156583629893,258.0,0.9967532467532467,0.9266489555302084,0,1,0,0,1
2023,British Grand Prix,R,PER,38.0,15.0,clear_violation,277.0,51.0,153.03501662694782,100.0,0.2437379576107899,253,1038,237.1567796610169,253.0,0.8683385579937304,0.697497110962166,0,0,1,0,1
2023,British Grand Prix,R,STR,10.0,15.0,clear_violation,318.0,83.0,222.75236256059875,100.0,0.1544117647058823,105,680,237.1567796610169,253.0,0.9968652037617555,1.015252147975758,0,0,1,0,1
2023,British Grand Prix,R,STR,11.0,15.0,clear_violation,305.0,88.0,220.2449615332727,100.0,0.1384180790960452,98,708,237.1567796610169,253.0,0.9561128526645768,1.0038240120423538,0,0,1,0,1
2023,British Grand Prix,R,STR,39.0,15.0,clear_violation,319.0,74.0,228.08698330574725,100.0,0.1730496453900709,122,705,237.1567796610169,253.0,1.0,1.0395660771655084,0,0,1,0,1
2023,British Grand Prix,R,SAR,16.0,9.0,clear_violation,304.0,79.0,223.1712614400285,100.0,0.1541725601131541,109,707,237.1567796610169,253.0,0.9529780564263323,1.0171613891718416,0,0,1,0,1
2023,British Grand Prix,R,MAG,14.0,9.0,clear_violation,299.0,79.0,220.24272620368205,100.0,0.128133704735376,92,718,237.1567796610169,253.0,0.9373040752351097,1.003813823943147,0,0,1,0,1
2023,British Grand Prix,R,MAG,20.0,15.0,clear_violation,299.0,82.0,223.24806674625736,100.0,0.145631067961165,105,721,237.1567796610169,253.0,0.9373040752351097,1.0175114494415889,0,0,1,0,1
2023,British Grand Prix,R,MAG,27.0,15.0,clear_violation,299.0,84.0,222.7140727579172,100.0,0.1346423562412342,96,713,237.1567796610169,253.0,0.9373040752351097,1.0150776321862454,0,0,1,0,1
2023,British Grand Prix,R,DEV,10.0,15.0,clear_violation,305.0,81.0,223.18492213803927,100.0,0.1852941176470588,126,680,237.1567796610169,253.0,0.9561128526645768,1.0172236513756578,0,0,1,0,1
2023,British Grand Prix,R,ALB,10.0,15.0,clear_violation,303.0,83.0,223.27132584006253,100.0,0.1522693997071742,104,683,237.1567796610169,253.0,0.9498432601880877,1.017617458844471,0,0,1,0,1
2023,British Grand Prix,R,HUL,7.0,15.0,clear_violation,310.0,78.0,214.6742808838449,100.0,0.1902097902097902,136,715,237.1567796610169,253.0,0.9717868338557993,0.9784341781029722,0,0,1,0,1
2023,British Grand Prix,R,NOR,13.0,15.0,clear_violation,303.0,82.0,224.31702020046205,100.0,0.1326676176890157,93,701,237.1567796610169,253.0,0.9498432601880877,1.0223834843685908,0,0,1,0,1
2023,British Grand Prix,R,NOR,14.0,9.0,clear_violation,303.0,77.0,225.3896173353494,100.0,0.1448663853727144,103,711,237.1567796610169,253.0,0.9498432601880877,1.0272721263232223,0,0,1,0,1
2023,British Grand Prix,R,NOR,47.0,15.0,clear_violation,305.0,86.0,226.5645952224002,100.0,0.1289398280802292,90,698,237.1567796610169,253.0,0.9561128526645768,1.0326273953311,0,0,1,0,1
2023,British Grand Prix,R,RUS,14.0,9.0,clear_violation,311.0,75.0,224.43376287907543,100.0,0.1614730878186968,114,706,237.1567796610169,253.0,0.9749216300940439,1.0229155696576544,0,0,1,0,1
2023,British Grand Prix,R,RUS,45.0,15.0,clear_violation,310.0,81.0,227.6150810111415,100.0,0.1530758226037196,107,699,237.1567796610169,253.0,0.9717868338557993,1.037415259042972,0,0,1,0,1
2023,British Grand Prix,R,RUS,46.0,15.0,clear_violation,302.0,82.0,226.95510243155783,100.0,0.1392045454545454,98,704,237.1567796610169,253.0,0.9467084639498433,1.0344072340647497,0,0,1,0,1
2023,Canadian Grand Prix,FP2,NOR,25.0,1.0,no_advantage,297.0,56.0,196.48958208689243,99.0,0.2059800664451827,124,602,279.87188612099646,295.0,0.9580645161290322,0.9877973842470266,0,0,0,1,1
2023,Canadian Grand Prix,FP2,ALB,32.0,1.0,no_advantage,310.0,61.0,201.5350429411368,100.0,0.1943521594684385,117,602,279.87188612099646,295.0,1.0,1.0131620523439813,0,0,0,1,1
2023,Canadian Grand Prix,FP2,SAI,34.0,13.0,no_advantage,304.0,61.0,199.62427475884155,100.0,0.2218597063621533,136,613,279.87188612099646,295.0,0.9806451612903225,1.0035561903317194,0,0,0,1,1
2023,Canadian Grand Prix,FP2,NOR,35.0,13.0,no_advantage,306.0,62.0,198.0186539865037,99.0,0.1986754966887417,120,604,279.87188612099646,295.0,0.9870967741935484,0.9954843730772726,0,0,0,1,1
2023,Canadian Grand Prix,FP3,ALB,2.0,13.0,no_advantage,289.0,50.0,154.47596282271664,100.0,0.2906091370558376,229,788,268.1043478260869,278.0,0.9383116883116883,0.9566452269929191,0,0,0,1,1
2023,Canadian Grand Prix,FP3,STR,5.0,13.0,no_advantage,297.0,51.0,162.24218863516208,100.0,0.2514124293785311,178,708,268.1043478260869,278.0,0.9642857142857143,1.004740236206434,0,0,0,1,1
2023,Canadian Grand Prix,FP3,ALO,6.0,13.0,no_advantage,305.0,51.0,168.30854214090436,100.0,0.2225475841874085,152,683,268.1043478260869,278.0,0.9902597402597403,1.0423082048436019,0,0,0,1,1
2023,Canadian Grand Prix,FP3,HUL,10.0,9.0,no_advantage,299.0,54.0,177.93360695619032,100.0,0.2347696879643387,158,673,268.1043478260869,278.0,0.9707792207792207,1.1019147102622346,0,0,0,1,1
2023,Canadian Grand Prix,FP3,GAS,6.0,10.0,no_advantage,296.0,30.0,140.5458747922612,100.0,0.2586826347305389,216,835,268.1043478260869,278.0,0.961038961038961,0.87037839309579,0,0,0,1,1
2023,Canadian Grand Prix,FP3,PER,11.0,1.0,no_advantage,281.0,22.0,139.59521913431192,100.0,0.2771929824561403,237,855,268.1043478260869,278.0,0.9123376623376623,0.8644911328316497,0,0,0,1,1
2023,Canadian Grand Prix,FP3,OCO,8.0,3.0,no_advantage,280.0,55.0,166.476950757477,100.0,0.2576419213973799,177,687,268.1043478260869,278.0,0.9090909090909091,1.0309654488397566,0,0,0,1,1
2023,Canadian Grand Prix,FP3,HAM,11.0,1.0,no_advantage,297.0,23.86785097142857,141.3237123173913,100.0,0.2451690821256038,203,828,268.1043478260869,278.0,0.9642857142857143,0.8751954179726357,0,0,0,1,1
2023,Canadian Grand Prix,FP3,ALB,19.0,2.0,no_advantage,308.0,53.0,177.86200651386213,100.0,0.2507418397626113,169,674,268.1043478260869,278.0,1.0,1.101471300037419,0,0,0,1,1
2023,Canadian Grand Prix,FP3,ZHO,19.0,3.0,no_advantage,284.0,55.0,171.29797926353612,100.0,0.2318634423897581,163,703,268.1043478260869,278.0,0.922077922077922,1.0608213165439846,0,0,0,1,1
2023,Canadian Grand Prix,FP3,RUS,18.0,9.0,no_advantage,303.0,54.0,176.18221431140967,100.0,0.2148148148148148,145,675,268.1043478260869,278.0,0.9837662337662337,1.0910686123735764,0,0,0,1,1
2023,Canadian Grand Prix,Q,HAM,5.0,4.0,clear_violation,297.0,52.0,178.63184816627373,100.0,0.227629513343799,145,637,278.6284829721362,296.0,0.8892215568862275,1.0417898518747375,0,1,0,0,1
2023,Canadian Grand Prix,Q,HAM,14.0,14.0,clear_violation,325.0,55.0,186.7120085795123,100.0,0.1959876543209876,127,648,278.6284829721362,296.0,0.9730538922155688,1.0889137505884565,0,1,0,0,1
2023,Canadian Grand Prix,Q,SAI,7.0,9.0,clear_violation,288.0,49.0,166.6855695750804,100.0,0.2679083094555874,187,698,278.6284829721362,296.0,0.8622754491017964,0.9721185590356848,0,1,0,0,1
2023,Canadian Grand Prix,Q,SAI,25.0,2.0,clear_violation,299.0,27.0,160.6141065807002,100.0,0.2764227642276423,204,738,278.6284829721362,296.0,0.8952095808383234,0.9367094838986987,0,1,0,0,1
2023,Canadian Grand Prix,Q,ALB,21.0,14.0,clear_violation,310.0,57.0,171.692053397266,100.0,0.2680115273775216,186,694,278.6284829721362,296.0,0.9281437125748503,1.0013166225001189,0,1,0,0,1
2023,Canadian Grand Prix,Q,ALB,23.0,13.0,clear_violation,303.0,36.0,148.45846754222976,100.0,0.270543615676359,214,791,278.6284829721362,296.0,0.907185628742515,0.8658171904844617,0,1,0,0,1
2023,Canadian Grand Prix,Q,LEC,3.0,9.0,clear_violation,307.0,47.0,169.4933629715579,100.0,0.2753623188405797,190,690,278.6284829721362,296.0,0.9191616766467066,0.9884937502271705,0,1,0,0,1
2023,Canadian Grand Prix,Q,LEC,18.0,14.0,clear_violation,334.0,58.0,189.88069454708847,100.0,0.2327044025157232,148,636,278.6284829721362,296.0,1.0,1.1073936852624013,0,1,0,0,1
2023,Canadian Grand Prix,Q,PER,4.0,9.0,clear_violation,307.0,55.0,178.29410189911937,100.0,0.2372372372372372,158,666,278.6284829721362,296.0,0.9191616766467066,1.0398200987918356,0,1,0,0,1
2023,Canadian Grand Prix,Q,PER,21.0,14.0,clear_violation,333.0,53.0,182.6926204576245,100.0,0.213953488372093,138,645,278.6284829721362,296.0,0.9970059880239521,1.0654724785022445,0,1,0,0,1
2023,Canadian Grand Prix,Q,MAG,7.0,9.0,clear_violation,288.0,47.0,151.6658929663671,100.0,0.3047493403693931,231,758,278.6284829721362,296.0,0.8622754491017964,0.8845230556020919,0,1,0,0,1
2023,Canadian Grand Prix,Q,MAG,18.0,,clear_violation,333.0,59.0,186.25870320613203,100.0,0.2553516819571865,167,654,278.6284829721362,296.0,0.9970059880239521,1.0862700510318788,0,1,0,0,1
2023,Canadian Grand Prix,Q,GAS,9.0,14.0,clear_violation,308.0,53.0,184.23519761428176,100.0,0.2143974960876369,137,639,278.6284829721362,296.0,0.9221556886227545,1.0744688654513592,0,1,0,0,1
2023,Canadian Grand Prix,Q,DEV,3.0,9.0,clear_violation,313.0,35.0,145.2135306732662,100.0,0.25,203,812,278.6284829721362,296.0,0.937125748502994,0.8468925567488597,0,1,0,0,1
2023,Canadian Grand Prix,R,ALO,47.0,9.0,clear_violation,303.0,62.0,200.20866713654803,100.0,0.1834710743801653,111,605,279.4204368174727,301.0,0.8782608695652174,1.0080867900590167,0,0,1,0,1
2023,Canadian Grand Prix,R,DEV,4.0,13.0,clear_violation,336.0,59.0,197.4192680736267,100.0,0.2487394957983193,148,595,279.4204368174727,301.0,0.9739130434782609,0.9940416621045103,0,0,1,0,1
2023,Canadian Grand Prix,R,ALB,22.0,13.0,clear_violation,345.0,57.0,197.73751243497244,100.0,0.2303839732888147,138,599,279.4204368174727,301.0,1.0,0.9956440799282331,0,0,1,0,1
2023,Canadian Grand Prix,R,ZHO,42.0,13.0,clear_violation,312.0,61.0,193.3328592428612,100.0,0.2238805970149253,135,603,279.4204368174727,301.0,0.9043478260869565,0.9734658557720819,0,0,1,0,1
2023,Canadian Grand Prix,R,NOR,70.0,13.0,clear_violation,326.0,60.0,196.4985655484085,99.0,0.2528925619834711,153,605,279.4204368174727,301.0,0.9449275362318841,0.9894057586417824,0,0,1,0,1
2023,Canadian Grand Prix,R,SAI,56.0,9.0,clear_violation,313.0,56.0,204.2038652023123,100.0,0.204778156996587,120,586,279.4204368174727,301.0,0.9072463768115943,1.0282033337200331,0,0,1,0,1
2023,Canadian Grand Prix,R,PIA,19.0,13.0,clear_violation,330.0,59.0,198.870408575012,99.0,0.2139303482587064,129,603,279.4204368174727,301.0,0.9565217391304348,1.001348416556696,0,0,1,0,1
2023,Canadian Grand Prix,R,PIA,70.0,13.0,clear_violation,334.0,58.0,200.5497300112289,99.0,0.207070707070707,123,594,279.4204368174727,301.0,0.9681159420289855,1.0098041032176464,0,0,1,0,1
2023,Dutch Grand Prix,FP1,ALO,6.0,12.0,no_advantage,311.0,43.0,146.66399527221537,100.0,0.1732484076433121,136,785,283.2238805970149,315.0,0.9628482972136223,1.1776545267396743,0,0,0,1,1
2023,Dutch Grand Prix,FP1,VER,28.0,11.0,no_advantage,323.0,9.0,102.4141374773836,100.0,0.1468468468468468,163,1110,283.2238805970149,315.0,1.0,0.8223454732603257,0,0,0,1,1
2023,Dutch Grand Prix,FP2,SAI,13.0,11.0,no_advantage,310.53749973333333,72.0,141.60803061255194,100.0,0.0954151177199504,77,807,284.580375782881,320.0,1.0,0.8434793090403849,0,0,0,1,1
2023,Dutch Grand Prix,FP2,STR,17.0,11.0,no_advantage,299.0,52.0,189.0274238689138,100.0,0.1786310517529215,107,599,284.580375782881,320.0,0.962846677959213,1.125929936211561,0,0,0,1,1
2023,Dutch Grand Prix,FP2,SAI,28.0,13.0,no_advantage,300.0,15.0,173.0213481032622,100.0,0.2129909365558912,141,662,284.580375782881,320.0,0.9660669009624211,1.0305907547480544,0,0,0,1,1
2023,Dutch Grand Prix,FP3,NOR,1.0,11.0,no_advantage,279.5968111385059,27.0,143.55678079451587,100.0,0.1591511936339522,120,754,270.74436090225566,301.0,0.9167108561918227,0.9259381345153243,0,0,0,1,1
2023,Dutch Grand Prix,FP3,VER,3.0,3.0,no_advantage,287.0,47.0,139.81171155242072,100.0,0.2410824108241082,196,813,270.74436090225566,301.0,0.940983606557377,0.9017825188177286,0,0,0,1,1
2023,Dutch Grand Prix,FP3,PER,1.0,11.0,no_advantage,280.1916672,33.0,135.57957669194158,100.0,0.1284634760705289,102,794,270.74436090225566,301.0,0.9186612039344262,0.8744853404048297,0,0,0,1,1
2023,Dutch Grand Prix,FP3,LEC,2.0,1.0,no_advantage,295.0,66.0,175.1280088713133,100.0,0.1996951219512195,131,656,270.74436090225566,301.0,0.9672131147540983,1.1295718734999785,0,0,0,1,1
2023,Dutch Grand Prix,FP3,SAI,2.0,1.0,no_advantage,290.12083306666665,32.0,143.00515877068838,100.0,0.1913265306122449,150,784,270.74436090225566,301.0,0.9512158461202185,0.9223801843796807,0,0,0,1,1
2023,Dutch Grand Prix,FP3,ALO,4.0,1.0,no_advantage,294.0,33.0,156.30225030680847,100.0,0.2064343163538874,154,746,270.74436090225566,301.0,0.9639344262295082,1.008146137497967,0,0,0,1,1
2023,Dutch Grand Prix,FP3,OCO,4.0,1.0,no_advantage,296.0,74.0,170.67860325602516,100.0,0.2713643178410794,181,667,270.74436090225566,301.0,0.9704918032786886,1.1008733034127944,0,0,0,1,1
2023,Dutch Grand Prix,FP3,VER,16.0,11.0,no_advantage,305.0,29.0,176.2521419347431,100.0,0.2163009404388714,138,638,270.74436090225566,301.0,1.0,1.1368225074716962,0,0,0,1,1
2023,Dutch Grand Prix,Q,VER,2.0,1.0,clear_violation,295.0,8.0,144.15463460800345,100.0,0.2259615384615384,188,832,294.7161803713528,319.0,0.9672131147540983,0.926286424721765,0,1,0,0,1
2023,Dutch Grand Prix,Q,VER,21.0,3.0,clear_violation,297.9636363636364,0.0,133.18664317231148,100.0,0.235224586288416,199,846,294.7161803713528,319.0,0.9769299552906111,0.8558100116603844,0,1,0,0,1
2023,Dutch Grand Prix,Q,ALB,2.0,11.0,clear_violation,293.0,19.0,165.73201442744386,100.0,0.2751091703056768,189,687,294.7161803713528,319.0,0.9606557377049181,1.0649349951417364,0,1,0,0,1
2023,Dutch Grand Prix,Q,LEC,2.0,11.0,clear_violation,299.0,34.0,172.15496693747392,100.0,0.2345864661654135,156,665,294.7161803713528,319.0,0.980327868852459,1.1062066041527943,0,1,0,0,1
2023,Dutch Grand Prix,Q,LEC,5.0,1.0,clear_violation,299.0,45.0,154.70170322142425,100.0,0.2302716688227684,178,773,294.7161803713528,319.0,0.980327868852459,0.9940581373953602,0,1,0,0,1
2023,Dutch Grand Prix,Q,LEC,6.0,1.0,clear_violation,299.0,9.0,164.28220682918496,100.0,0.223943661971831,159,710,294.7161803713528,319.0,0.980327868852459,1.0556190470254827,0,1,0,0,1
2023,Dutch Grand Prix,Q,LEC,20.0,1.0,clear_violation,304.0,47.0,171.81945835319652,100.0,0.2102941176470588,143,680,294.7161803713528,319.0,0.9967213114754099,1.1040507452874941,0,1,0,0,1
2023,Dutch Grand Prix,Q,STR,19.0,3.0,clear_violation,300.0,74.0,168.3084697627118,100.0,0.1929824561403508,132,684,294.7161803713528,319.0,0.9836065573770492,1.0814903810122658,0,1,0,0,1
2023,Dutch Grand Prix,Q,GAS,5.0,1.0,clear_violation,300.0,38.0,143.3106309640648,100.0,0.1719512195121951,141,820,294.7161803713528,319.0,0.9836065573770492,0.9208631574093962,0,1,0,0,1
2023,Dutch Grand Prix,Q,GAS,13.0,3.0,clear_violation,296.0,73.0,163.69478740927906,100.0,0.181058495821727,130,718,294.7161803713528,319.0,0.9704918032786886,1.0518444987027293,0,1,0,0,1
2023,Dutch Grand Prix,Q,TSU,3.0,11.0,clear_violation,295.0,25.0,164.5263964782452,100.0,0.2082738944365192,146,701,294.7161803713528,319.0,0.9672131147540983,1.0571881228834816,0,1,0,0,1
2023,Dutch Grand Prix,Q,HUL,2.0,1.0,clear_violation,294.0,38.0,162.78491421706107,100.0,0.2169680111265646,156,719,294.7161803713528,319.0,0.9639344262295082,1.0459979770944468,0,1,0,0,1
2023,Dutch Grand Prix,Q,MAG,10.0,1.0,clear_violation,305.0,44.0,133.00921471375574,100.0,0.2202447163515016,198,899,294.7161803713528,319.0,1.0,0.8546699194741956,0,1,0,0,1
2023,Dutch Grand Prix,Q,ALB,1.0,11.0,no_advantage,289.6852374918262,44.91666773333333,155.84988452704647,100.0,0.2268188302425107,159,701,294.7161803713528,319.0,0.9497876639076268,1.0014359422048222,0,1,0,0,1
2023,Dutch Grand Prix,Q,HUL,1.0,1.0,no_advantage,289.0,20.0,125.34698191173396,100.0,0.182648401826484,160,876,294.7161803713528,319.0,0.9475409836065574,0.8054351359594618,0,1,0,0,1
2023,Dutch Grand Prix,Q,VER,1.0,1.0,no_advantage,290.6055552,20.0,136.43871583849565,100.0,0.2037974683544303,161,790,294.7161803713528,319.0,0.9528050990163935,0.8767066742691624,0,1,0,0,1
2023,Dutch Grand Prix,Q,LEC,4.0,1.0,no_advantage,298.0,74.0,184.0503257162433,100.0,0.2345483359746434,148,631,294.7161803713528,319.0,0.9770491803278688,1.1826419500154601,0,1,0,0,1
2023,Dutch Grand Prix,Q,GAS,4.0,1.0,no_advantage,297.0,47.0,157.92350275053374,100.0,0.1801925722145804,131,727,294.7161803713528,319.0,0.9737704918032787,1.0147602755895588,0,1,0,0,1
2023,Dutch Grand Prix,R,GAS,6.0,3.0,clear_violation,297.0,79.0,177.4110665603259,100.0,0.2138364779874214,136,636,288.8135593220339,328.0,0.9834437086092715,1.0638768444427351,0,0,1,0,1
2023,Dutch Grand Prix,R,LEC,3.0,11.0,no_advantage,302.0,62.0,170.61154991148624,100.0,0.2680115273775216,186,694,288.8135593220339,328.0,1.0,1.0231023400312889,0,0,1,0,1
2023,Dutch Grand Prix,R,ALB,4.0,11.0,no_advantage,269.0,57.0,139.59121602555948,100.0,0.293398533007335,240,818,288.8135593220339,328.0,0.890728476821192,0.8370834204229225,0,0,1,0,1
2023,Dutch Grand Prix,R,GAS,5.0,3.0,no_advantage,292.0,78.0,179.42227224369867,100.0,0.2176,136,625,288.8135593220339,328.0,0.9668874172185431,1.0759373951030535,0,0,1,0,1
2023,Hungarian Grand Prix,FP1,HUL,6.0,4.0,no_advantage,76.0,76.0,76.0,104.0,1.0,756,756,215.11818181818185,253.0,0.3438914027149321,0.628099173553719,0,0,0,1,1
2023,Hungarian Grand Prix,FP1,SAR,10.0,4.0,no_advantage,221.0,221.0,221.0,104.0,1.0,764,764,215.11818181818185,253.0,1.0,1.8264462809917354,0,0,0,1,1
2023,Hungarian Grand Prix,FP1,NOR,9.0,3.0,no_advantage,66.0,66.0,66.0,104.0,1.0,757,757,215.11818181818185,253.0,0.2986425339366516,0.5454545454545454,0,0,0,1,1
2023,Hungarian Grand Prix,FP3,LEC,7.0,14.0,no_advantage,288.0,74.0,181.4169223623887,100.0,0.2307692307692307,147,637,230.1983240223464,259.0,1.0,1.0,0,0,0,1,1
2023,Hungarian Grand Prix,Q,VER,11.0,5.0,clear_violation,312.0,96.0,202.5321507630416,100.0,0.2130872483221476,127,596,254.28691983122363,261.0,0.9873417721518988,1.0201841685522488,0,1,0,0,1
2023,Hungarian Grand Prix,Q,NOR,8.0,5.0,clear_violation,309.0,93.0,199.1729074574356,100.0,0.1903973509933774,115,604,254.28691983122363,261.0,0.9778481012658228,1.003263166993815,0,1,0,0,1
2023,Hungarian Grand Prix,Q,PIA,2.0,12.0,clear_violation,314.0,89.0,198.26384466865105,100.0,0.1983471074380165,120,605,254.28691983122363,261.0,0.9936708860759493,0.9986840843057384,0,1,0,0,1
2023,Hungarian Grand Prix,Q,ZHO,4.0,5.0,clear_violation,310.0,92.0,197.92652433930527,100.0,0.2025931928687196,125,617,254.28691983122363,261.0,0.9810126582278481,0.9969849522991268,0,1,0,0,1
2023,Hungarian Grand Prix,Q,ZHO,9.0,4.0,clear_violation,310.0,92.0,196.219396996632,100.0,0.2203672787979966,132,599,254.28691983122363,261.0,0.9810126582278481,0.9883859013230891,0,1,0,0,1
2023,Hungarian Grand Prix,Q,ZHO,18.0,12.0,clear_violation,314.0,97.0,203.2184275280068,100.0,0.2180579216354344,128,587,254.28691983122363,261.0,0.9936708860759493,1.023641045340576,0,1,0,0,1
2023,Hungarian Grand Prix,Q,PER,16.0,4.0,clear_violation,316.0,93.0,193.7655140706433,100.0,0.1951219512195122,120,615,254.28691983122363,261.0,1.0,0.9760253328743627,0,1,0,0,1
2023,Hungarian Grand Prix,Q,STR,12.0,12.0,clear_violation,313.0,93.0,200.18166372938964,100.0,0.2068965517241379,120,580,254.28691983122363,261.0,0.990506329113924,1.00834442038839,0,1,0,0,1
2023,Hungarian Grand Prix,Q,GAS,15.0,4.0,clear_violation,314.0,89.0,199.9944823490097,100.0,0.2154882154882154,128,594,254.28691983122363,261.0,0.9936708860759493,1.0074015603032533,0,1,0,0,1
2023,Hungarian Grand Prix,Q,ALB,2.0,4.0,clear_violation,314.0,92.0,196.6144502919559,100.0,0.2356792144026186,144,611,254.28691983122363,261.0,0.9936708860759493,0.9903758427526618,0,1,0,0,1
2023,Hungarian Grand Prix,Q,MAG,2.0,5.0,clear_violation,316.0,93.0,195.6387099825548,100.0,0.2298850574712643,140,609,254.28691983122363,261.0,1.0,0.9854608956071395,0,1,0,0,1
2023,Hungarian Grand Prix,Q,SAR,2.0,11.0,clear_violation,314.0,96.0,198.7729711785937,100.0,0.2107843137254902,129,612,254.28691983122363,261.0,0.9936708860759493,1.0012486292595983,0,1,0,0,1
2023,Hungarian Grand Prix,R,NOR,31.0,4.0,clear_violation,297.0,79.0,185.3735431496814,100.0,0.2535433070866141,161,635,246.2052761747733,258.0,0.928125,1.0146349759194258,0,0,1,0,1
2023,Hungarian Grand Prix,R,NOR,62.0,5.0,clear_violation,303.0,74.0,186.650168058094,100.0,0.2488262910798122,159,639,246.2052761747733,258.0,0.946875,1.0216225333734008,0,0,1,0,1
2023,Hungarian Grand Prix,R,PER,6.0,4.0,clear_violation,320.0,69.0,182.38892991886112,100.0,0.2372881355932203,154,649,246.2052761747733,258.0,1.0,0.9982988099157531,0,0,1,0,1
2023,Hungarian Grand Prix,R,PER,27.0,4.0,clear_violation,315.0,72.0,180.70018767052656,100.0,0.2688,168,625,246.2052761747733,258.0,0.984375,0.9890555440140516,0,0,1,0,1
2023,Hungarian Grand Prix,R,HAM,11.0,4.0,clear_violation,292.0,86.0,183.2054416627048,100.0,0.2156862745098039,143,663,246.2052761747733,258.0,0.9125,1.0027679556173261,0,0,1,0,1
2023,Hungarian Grand Prix,R,PIA,21.0,4.0,clear_violation,297.0,83.0,186.6787122081128,100.0,0.2230889235569422,143,641,246.2052761747733,258.0,0.928125,1.0217787686833317,0,0,1,0,1
2023,Hungarian Grand Prix,R,PIA,33.0,4.0,clear_violation,300.0,81.0,183.3347432235332,100.0,0.2122641509433962,135,636,246.2052761747733,258.0,0.9375,1.0034756827494096,0,0,1,0,1
2023,Hungarian Grand Prix,R,PIA,46.0,4.0,clear_violation,301.0,85.0,187.30743825651487,100.0,0.2273449920508744,143,629,246.2052761747733,258.0,0.940625,1.025220076585966,0,0,1,0,1
2023,Hungarian Grand Prix,R,RUS,43.0,11.0,clear_violation,296.0,78.0,186.5890611366364,100.0,0.2403846153846154,150,624,246.2052761747733,258.0,0.925,1.0212880669833853,0,0,1,0,1
2023,Hungarian Grand Prix,R,LEC,32.0,4.0,clear_violation,305.0,78.0,184.53887832467768,100.0,0.2394366197183098,153,639,246.2052761747733,258.0,0.953125,1.0100664700246302,0,0,1,0,1
2023,Hungarian Grand Prix,R,SAI,15.0,4.0,clear_violation,301.0,69.0,174.2021029796414,100.0,0.2684365781710914,182,678,246.2052761747733,258.0,0.940625,0.9534885267804493,0,0,1,0,1
2023,Hungarian Grand Prix,R,STR,26.0,4.0,clear_violation,300.0,78.0,184.6490591155502,100.0,0.2573189522342065,167,649,246.2052761747733,258.0,0.9375,1.0106695403559958,0,0,1,0,1
2023,Hungarian Grand Prix,R,ALB,8.0,4.0,clear_violation,319.0,75.0,176.29014539055856,100.0,0.2774480712166172,187,674,246.2052761747733,258.0,0.996875,0.9649173468014863,0,0,1,0,1
2023,Hungarian Grand Prix,R,RIC,7.0,4.0,clear_violation,313.0,80.0,183.0637772604848,100.0,0.2141779788838612,142,663,246.2052761747733,258.0,0.978125,1.00199256094723,0,0,1,0,1
2023,Hungarian Grand Prix,R,HUL,12.0,4.0,clear_violation,297.0,79.0,181.6471749074328,100.0,0.2201834862385321,144,654,246.2052761747733,258.0,0.928125,0.9942388423207497,0,0,1,0,1
2023,Hungarian Grand Prix,R,MAG,22.0,4.0,clear_violation,300.0,82.0,181.85235333363937,100.0,0.2302936630602782,149,647,246.2052761747733,258.0,0.9375,0.9953618785641967,0,0,1,0,1
2023,Hungarian Grand Prix,R,MAG,60.0,7.0,clear_violation,299.0,81.0,179.10666432601087,100.0,0.2029197080291971,139,685,246.2052761747733,258.0,0.934375,0.9803334551289933,0,0,1,0,1
2023,Hungarian Grand Prix,R,SAR,22.0,4.0,clear_violation,302.0,80.0,181.0168832713878,100.0,0.2484567901234567,161,648,246.2052761747733,258.0,0.94375,0.9907889652342209,0,0,1,0,1
2023,Italian Grand Prix,FP1,SAR,8.0,10.0,no_advantage,324.0,55.0,159.7108458757927,100.0,0.1601685985247629,152,949,288.3121951219512,311.0,0.9585798816568047,0.7548351980314242,0,0,0,1,1
2023,Italian Grand Prix,FP1,ALB,8.0,10.0,no_advantage,338.0,66.0,219.4375342103856,100.0,0.1594405594405594,114,715,288.3121951219512,311.0,1.0,1.0371191366680357,0,0,0,1,1
2023,Italian Grand Prix,FP1,OCO,21.0,10.0,no_advantage,320.0,62.0,232.4104207487743,100.0,0.1686217008797653,115,682,288.3121951219512,311.0,0.9467455621301775,1.0984323889117773,0,0,0,1,1
2023,Italian Grand Prix,FP1,LAW,26.0,9.0,no_advantage,327.0,63.0,234.7761146131416,100.0,0.1545454545454545,102,660,288.3121951219512,311.0,0.9674556213017751,1.109613276388763,0,0,0,1,1
2023,Italian Grand Prix,FP3,NOR,17.0,4.0,no_advantage,324.0,67.0,238.48557023818083,100.0,0.1220285261489698,77,631,290.7135416666667,314.0,0.9642857142857143,1.1953712039573134,0,0,0,1,1
2023,Italian Grand Prix,FP3,HUL,16.0,4.0,no_advantage,336.0,70.0,251.3530338286384,100.0,0.1313628899835796,80,609,290.7135416666667,314.0,1.0,1.2598673301952255,0,0,0,1,1
2023,Italian Grand Prix,FP3,BOT,22.0,8.0,no_advantage,315.0,56.0,194.3409258483174,100.0,0.187422934648582,152,811,290.7135416666667,314.0,0.9375,0.974103155496869,0,0,0,1,1
2023,Italian Grand Prix,FP3,SAI,19.0,4.0,no_advantage,320.0,48.0,132.993624710097,100.0,0.1612903225806451,195,1209,290.7135416666667,314.0,0.9523809523809523,0.6666095107120409,0,0,0,1,1
2023,Italian Grand Prix,FP3,HAM,20.0,4.0,no_advantage,317.0,60.0,180.3645535304712,100.0,0.1497747747747747,133,888,290.7135416666667,314.0,0.9434523809523809,0.9040487996385508,0,0,0,1,1
2023,Italian Grand Prix,Q,VER,2.0,7.0,clear_violation,341.0,66.0,252.3288238787704,100.0,0.1233974358974359,77,624,309.65800865800867,317.0,0.9742857142857143,1.0317622306116345,0,1,0,0,1
2023,Italian Grand Prix,Q,PIA,7.0,7.0,clear_violation,335.0,71.0,251.28630541170207,100.0,0.1060358890701468,65,613,309.65800865800867,317.0,0.9571428571428572,1.0274994152800299,0,1,0,0,1
2023,Italian Grand Prix,Q,ALO,2.0,7.0,clear_violation,341.0,70.0,251.42322762345995,100.0,0.1291866028708134,81,627,309.65800865800867,317.0,0.9742857142857143,1.0280592845983738,0,1,0,0,1
2023,Italian Grand Prix,Q,ZHO,7.0,7.0,clear_violation,350.0,68.0,251.5721915212078,100.0,0.1469648562300319,92,626,309.65800865800867,317.0,1.0,1.0286683918777497,0,1,0,0,1
2023,Italian Grand Prix,Q,OCO,4.0,10.0,clear_violation,340.0,67.0,248.7099844708235,100.0,0.1354838709677419,84,620,309.65800865800867,317.0,0.9714285714285714,1.016964944426199,0,1,0,0,1
2023,Italian Grand Prix,Q,STR,2.0,2.0,clear_violation,344.0,55.0,212.04558920448645,100.0,0.2073669849931787,152,733,309.65800865800867,317.0,0.9828571428571429,0.8670457332060125,0,1,0,0,1
2023,Italian Grand Prix,R,PER,14.0,2.0,clear_violation,350.0,65.0,236.90026353470708,100.0,0.1529051987767584,100,654,308.21041214750545,322.0,0.9749303621169917,1.0000076476485176,0,0,1,0,1
2023,Italian Grand Prix,R,PER,43.0,2.0,clear_violation,349.0,63.0,237.30751116773453,100.0,0.1679506933744222,109,649,308.21041214750545,322.0,0.9721448467966574,1.001726728672058,0,0,1,0,1
2023,Italian Grand Prix,R,PER,45.0,2.0,clear_violation,349.0,71.0,237.6623584074189,100.0,0.1621621621621621,102,629,308.21041214750545,322.0,0.9721448467966574,1.0032246162139995,0,0,1,0,1
2023,Italian Grand Prix,R,ALO,3.0,10.0,clear_violation,331.0,65.0,236.79531480074928,100.0,0.1547619047619047,104,672,308.21041214750545,322.0,0.9220055710306406,0.9995646361676399,0,0,1,0,1
2023,Italian Grand Prix,R,LEC,47.0,5.0,clear_violation,339.0,51.0,235.7031765931139,100.0,0.1628959276018099,108,663,308.21041214750545,322.0,0.9442896935933147,0.9949544827485217,0,0,1,0,1
2023,Italian Grand Prix,R,SAR,43.0,5.0,clear_violation,334.0,53.0,232.76507999206808,100.0,0.1582089552238806,106,670,308.21041214750545,322.0,0.9303621169916435,0.9825521366019313,0,0,1,0,1
2023,Italian Grand Prix,R,NOR,5.0,7.0,clear_violation,332.0,69.0,236.84846659832843,99.0,0.1623277182235834,106,653,308.21041214750545,322.0,0.924791086350975,0.9997890014902966,0,0,1,0,1
2023,Italian Grand Prix,R,NOR,38.0,2.0,clear_violation,346.0,52.0,237.75053781849323,99.0,0.1592649310872894,104,653,308.21041214750545,322.0,0.9637883008356546,1.0035968407279101,0,0,1,0,1
2023,Italian Grand Prix,R,HAM,40.0,5.0,clear_violation,344.0,62.0,238.1059595809074,100.0,0.1792890262751159,116,647,308.21041214750545,322.0,0.958217270194986,1.0050971534555184,0,0,1,0,1
2023,Italian Grand Prix,R,HAM,41.0,4.0,clear_violation,359.0,54.0,236.2285926414274,100.0,0.1501501501501501,100,666,308.21041214750545,322.0,1.0,0.9971723784092152,0,0,1,0,1
2023,Italian Grand Prix,R,SAI,47.0,5.0,clear_violation,335.0,45.0,237.31279916292635,100.0,0.1696969696969697,112,660,308.21041214750545,322.0,0.9331476323119777,1.001749050452345,0,0,1,0,1
2023,Italian Grand Prix,R,RUS,14.0,2.0,clear_violation,331.0,56.0,238.48216006782025,100.0,0.1257668711656441,82,652,308.21041214750545,322.0,0.9220055710306406,1.006685177708209,0,0,1,0,1
2023,Italian Grand Prix,R,BOT,43.0,5.0,clear_violation,353.0,51.0,237.4036445966023,100.0,0.1811263318112633,119,657,308.21041214750545,322.0,0.9832869080779945,1.0021325288287486,0,0,1,0,1
2023,Italian Grand Prix,R,PIA,40.0,5.0,clear_violation,340.0,63.0,237.31246049828783,100.0,0.1466049382716049,95,648,308.21041214750545,322.0,0.947075208913649,1.0017476208750897,0,0,1,0,1
2023,Japanese Grand Prix,FP1,SAR,7.0,17.0,no_advantage,295.0,59.0,143.75882910248018,100.0,0.1837488457987073,199,1083,244.3139240506329,267.0,0.913312693498452,0.8269251024946986,0,0,0,1,1
2023,Japanese Grand Prix,FP1,SAR,9.0,9.0,no_advantage,323.0,70.0,214.7476140843536,100.0,0.1814569536423841,137,755,244.3139240506329,267.0,1.0,1.2352646018047764,0,0,0,1,1
2023,Japanese Grand Prix,FP1,ZHO,11.0,13.0,no_advantage,319.0,47.0,160.5189272583594,100.0,0.185336048879837,182,982,244.3139240506329,267.0,0.9876160990712074,0.9233320221385131,0,0,0,1,1
2023,Japanese Grand Prix,FP1,PER,21.0,17.0,no_advantage,307.0,59.0,203.8250163064954,100.0,0.1422976501305483,109,766,244.3139240506329,267.0,0.9504643962848297,1.1724359717765989,0,0,0,1,1
2023,Japanese Grand Prix,FP1,LEC,25.0,11.0,no_advantage,303.0,0.0,146.38691580922753,100.0,0.2532347504621072,274,1082,244.3139240506329,267.0,0.9380804953560371,0.8420423017854135,0,0,0,1,1
2023,Japanese Grand Prix,Q,GAS,2.0,2.0,clear_violation,329.0,72.0,227.26329030173304,100.0,0.1162123385939741,81,697,266.8967741935484,272.0,0.9850299401197605,0.9968256062238593,0,1,0,0,1
2023,Japanese Grand Prix,Q,ALB,2.0,8.0,clear_violation,334.0,74.0,228.1682114314032,100.0,0.1606367583212735,111,691,266.8967741935484,272.0,1.0,1.0007947846708958,0,1,0,0,1
2023,Japanese Grand Prix,Q,HUL,2.0,2.0,clear_violation,333.0,70.0,226.9271967113717,100.0,0.1488439306358381,103,692,266.8967741935484,272.0,0.9970059880239521,0.9953514275453975,0,1,0,0,1
2023,Japanese Grand Prix,Q,ZHO,5.0,9.0,clear_violation,327.0,73.0,229.58934495555704,100.0,0.1311953352769679,90,686,266.8967741935484,272.0,0.9790419161676647,1.0070281815598474,0,1,0,0,1
2023,Japanese Grand Prix,R,NOR,28.0,2.0,clear_violation,306.0,63.0,212.3925863779264,100.0,0.1484593837535014,106,714,248.13581730769232,266.0,0.9473684210526315,1.036145562811314,0,0,1,0,1
2023,Japanese Grand Prix,R,PIA,31.0,14.0,clear_violation,308.0,63.0,210.0045568119701,100.0,0.1476063829787234,111,752,248.13581730769232,266.0,0.9535603715170279,1.0244956917832122,0,0,1,0,1
2023,Japanese Grand Prix,R,PIA,44.0,9.0,clear_violation,307.0,64.0,211.673098271942,99.0,0.1304945054945055,95,728,248.13581730769232,266.0,0.9504643962848297,1.0326355796182813,0,0,1,0,1
2023,Japanese Grand Prix,R,LEC,45.0,2.0,clear_violation,323.0,66.0,214.0839646069781,100.0,0.176954732510288,129,729,248.13581730769232,266.0,1.0,1.0443968585695813,0,0,1,0,1
2023,Japanese Grand Prix,R,HAM,16.0,14.0,clear_violation,304.0,61.0,202.4907317119158,100.0,0.1881578947368421,143,760,248.13581730769232,266.0,0.9411764705882353,0.9878399088769841,0,0,1,0,1
2023,Japanese Grand Prix,R,HAM,53.0,14.0,clear_violation,302.0,66.0,212.366284827324,100.0,0.1698630136986301,124,730,248.13581730769232,266.0,0.934984520123839,1.0360172521418294,0,0,1,0,1
2023,Japanese Grand Prix,R,RUS,16.0,13.0,clear_violation,311.0,63.0,209.3405947541798,100.0,0.1596752368064952,118,739,248.13581730769232,266.0,0.9628482972136223,1.0212565893654357,0,0,1,0,1
2023,Japanese Grand Prix,R,RUS,28.0,14.0,clear_violation,305.0,66.0,214.53649318438124,100.0,0.1251719394773039,91,727,248.13581730769232,266.0,0.9442724458204335,1.0466044943704245,0,0,1,0,1
2023,Japanese Grand Prix,R,RUS,33.0,14.0,clear_violation,304.0,67.0,212.8355357284455,100.0,0.1349862258953168,98,726,248.13581730769232,266.0,0.9411764705882353,1.0383064668801305,0,0,1,0,1
2023,Japanese Grand Prix,R,ALO,9.0,9.0,clear_violation,319.0,61.0,208.5199176612362,100.0,0.1911170928667564,142,743,248.13581730769232,266.0,0.9876160990712074,1.0172529612593149,0,0,1,0,1
2023,Japanese Grand Prix,R,TSU,46.0,14.0,clear_violation,323.0,62.0,210.89504841560063,100.0,0.1651254953764861,125,757,248.13581730769232,266.0,1.0,1.0288399061437863,0,0,1,0,1
2023,Japanese Grand Prix,R,MAG,10.0,9.0,clear_violation,308.0,59.0,204.830975483646,100.0,0.1777777777777777,136,765,248.13581730769232,266.0,0.9535603715170279,0.9992566595335272,0,0,1,0,1
2023,Japanese Grand Prix,R,ALB,21.0,14.0,clear_violation,309.0,65.0,209.0728467464945,100.0,0.1766304347826087,130,736,248.13581730769232,266.0,0.9566563467492261,1.01995039542126,0,0,1,0,1
2023,Japanese Grand Prix,R,PER,11.0,14.0,clear_violation,321.0,51.0,205.72513896360027,100.0,0.1818181818181818,140,770,248.13581730769232,266.0,0.9938080495356038,1.003618786940997,0,0,1,0,1
2023,Japanese Grand Prix,R,BOT,4.0,11.0,no_advantage,270.2428580571429,59.0,135.98244497076908,100.0,0.2233766233766233,258,1155,248.13581730769232,266.0,0.8366651952233526,0.6633828862839222,0,0,1,0,1
2023,Las Vegas Grand Prix,FP2,PER,1.0,12.0,no_advantage,332.0,32.0,183.79450423165363,100.0,0.2108843537414966,186,882,296.99695585996955,325.0,0.9485714285714286,0.9345306309867639,0,0,0,1,1
2023,Las Vegas Grand Prix,FP2,MAG,2.0,12.0,no_advantage,343.0,73.0,217.0924650998196,100.0,0.196078431372549,150,765,296.99695585996955,325.0,0.98,1.1038390905121849,0,0,0,1,1
2023,Las Vegas Grand Prix,FP2,STR,6.0,14.0,no_advantage,330.0,0.0,178.85602483673998,100.0,0.2233009708737864,207,927,296.99695585996955,325.0,0.9428571428571428,0.9094201942828086,0,0,0,1,1
2023,Las Vegas Grand Prix,FP2,VER,11.0,12.0,no_advantage,313.0,71.0,202.23986166657352,100.0,0.2112676056338028,180,852,296.99695585996955,325.0,0.8942857142857142,1.028318808138708,0,0,0,1,1
2023,Las Vegas Grand Prix,FP2,HUL,12.0,12.0,no_advantage,338.0,80.0,214.62010096559104,100.0,0.1940874035989717,151,778,296.99695585996955,325.0,0.9657142857142857,1.0912679854943899,0,0,0,1,1
2023,Las Vegas Grand Prix,FP2,GAS,13.0,12.0,no_advantage,330.0,0.0,194.10202006153463,100.0,0.1765375854214123,155,878,296.99695585996955,325.0,0.9428571428571428,0.9869407360259427,0,0,0,1,1
2023,Las Vegas Grand Prix,FP2,ALB,18.0,14.0,no_advantage,329.0,53.0,159.50715101721582,100.0,0.2069614299153339,220,1063,296.99695585996955,325.0,0.94,0.8110379530126748,0,0,0,1,1
2023,Las Vegas Grand Prix,FP2,RUS,19.0,5.0,no_advantage,320.0,75.0,173.0648139618699,100.0,0.1968911917098445,190,965,296.99695585996955,325.0,0.9142857142857143,0.8799739168998439,0,0,0,1,1
2023,Las Vegas Grand Prix,FP2,SAR,21.0,12.0,no_advantage,331.0,74.0,188.60754852562056,100.0,0.2096219931271477,183,873,296.99695585996955,325.0,0.9457142857142857,0.9590032741694947,0,0,0,1,1
2023,Las Vegas Grand Prix,FP2,RUS,31.0,14.0,no_advantage,331.0,14.0,208.7757303100406,100.0,0.1936274509803921,158,816,296.99695585996955,325.0,0.9457142857142857,1.061551409260053,0,0,0,1,1
2023,Las Vegas Grand Prix,FP2,SAR,36.0,5.0,no_advantage,350.0,53.0,215.6780040655161,100.0,0.2023195876288659,157,776,296.99695585996955,325.0,1.0,1.0966470519448739,0,0,0,1,1
2023,Las Vegas Grand Prix,FP2,VER,34.0,5.0,no_advantage,328.0,79.0,223.706462558268,100.0,0.1747700394218134,133,761,296.99695585996955,325.0,0.9371428571428572,1.1374689492722603,0,0,0,1,1
2023,Las Vegas Grand Prix,FP3,MAG,5.0,5.0,no_advantage,320.0,50.0,165.00331479492294,100.0,0.2057654075546719,207,1006,307.80555555555554,323.0,0.9467455621301775,0.9635561059836384,0,0,0,1,1
2023,Las Vegas Grand Prix,FP3,BOT,10.0,14.0,no_advantage,327.0,67.0,215.3460669108236,100.0,0.1731008717310087,139,803,307.80555555555554,323.0,0.9674556213017751,1.2575384799352516,0,0,0,1,1
2023,Las Vegas Grand Prix,FP3,SAR,2.0,5.0,no_advantage,338.0,64.0,193.34860326956303,100.0,0.1832760595647193,160,873,307.80555555555554,323.0,1.0,1.1290817247844038,0,0,0,1,1
2023,Las Vegas Grand Prix,FP3,ZHO,11.0,1.0,no_advantage,323.0,63.0,177.7101929526648,100.0,0.2577639751552795,249,966,307.80555555555554,323.0,0.9556213017751479,1.03775940336648,0,0,0,1,1
2023,Las Vegas Grand Prix,FP3,RUS,19.0,12.0,no_advantage,323.0,50.0,136.16566862773402,100.0,0.1218354430379746,154,1264,307.80555555555554,323.0,0.9556213017751479,0.7951553069989289,0,0,0,1,1
2023,Las Vegas Grand Prix,FP3,ALB,12.0,5.0,no_advantage,325.0,53.0,139.89085697484924,100.0,0.1697171381031613,204,1202,307.80555555555554,323.0,0.9615384615384616,0.8169089789312968,0,0,0,1,1
2023,Las Vegas Grand Prix,Q,RUS,3.0,8.0,clear_violation,336.0,69.0,207.9669802461001,100.0,0.174488567990373,145,831,307.15884476534296,323.0,0.9627507163323782,1.0498811493681048,0,1,0,0,1
2023,Las Vegas Grand Prix,Q,RUS,6.0,8.0,clear_violation,324.0,41.0,187.05543459055207,100.0,0.1681514476614699,151,898,307.15884476534296,323.0,0.9283667621776505,0.9443132483391526,0,1,0,0,1
2023,Las Vegas Grand Prix,Q,HAM,5.0,8.0,clear_violation,336.0,63.0,185.1746460515133,100.0,0.1663066954643628,154,926,307.15884476534296,323.0,0.9627507163323782,0.9348184505075559,0,1,0,0,1
2023,Las Vegas Grand Prix,Q,NOR,7.0,8.0,clear_violation,333.0,75.0,196.19473968644968,99.0,0.1575898030127462,136,863,307.15884476534296,323.0,0.9541547277936963,0.9904512656684046,0,1,0,0,1
2023,Las Vegas Grand Prix,Q,TSU,5.0,8.0,clear_violation,349.0,78.0,229.1877437466321,100.0,0.1796246648793565,134,746,307.15884476534296,323.0,1.0,1.1570100769894167,0,1,0,0,1
2023,Las Vegas Grand Prix,Q,TSU,8.0,5.0,no_advantage,325.0,29.0,182.93772949362105,100.0,0.2375690607734806,215,905,307.15884476534296,323.0,0.9312320916905444,0.9235258091273649,0,1,0,0,1
2023,Las Vegas Grand Prix,R,GAS,29.0,17.0,clear_violation,336.0,76.0,217.02043057643127,100.0,0.1976284584980237,150,759,303.1019736842105,330.0,0.9518413597733711,1.0182612999541283,0,0,1,0,1
2023,Las Vegas Grand Prix,R,ALO,47.0,8.0,clear_violation,344.0,78.0,226.59921756879592,100.0,0.18707015130674,136,727,303.1019736842105,330.0,0.9745042492917847,1.063205032066916,0,0,1,0,1
2023,Las Vegas Grand Prix,R,LEC,43.0,12.0,clear_violation,336.0,43.0,226.21005409566817,100.0,0.1939313984168865,147,758,303.1019736842105,330.0,0.9518413597733711,1.061379074469333,0,0,1,0,1
2023,Las Vegas Grand Prix,R,STR,20.0,8.0,clear_violation,329.0,73.0,222.5688593031568,100.0,0.1896103896103896,146,770,303.1019736842105,330.0,0.9320113314447592,1.0442945643475865,0,0,1,0,1
2023,Las Vegas Grand Prix,R,SAR,40.0,8.0,clear_violation,353.0,68.0,223.3610615997125,100.0,0.2002652519893899,151,754,303.1019736842105,330.0,1.0,1.0480115827784082,0,0,1,0,1
2023,Las Vegas Grand Prix,R,MAG,13.0,7.0,clear_violation,333.0,80.0,219.8616403799144,100.0,0.1714659685863874,131,764,303.1019736842105,330.0,0.943342776203966,1.0315922752003426,0,0,1,0,1
2023,Las Vegas Grand Prix,R,ALB,40.0,4.0,clear_violation,341.0,64.0,218.4429933575701,100.0,0.2139107611548556,163,762,303.1019736842105,330.0,0.9660056657223796,1.0249359739603556,0,0,1,0,1
2023,Las Vegas Grand Prix,R,OCO,8.0,17.0,clear_violation,348.0,81.0,219.81982195274625,104.0,0.2407170294494238,188,781,303.1019736842105,330.0,0.9858356940509915,1.0313960628626508,0,0,1,0,1
2023,Las Vegas Grand Prix,R,OCO,9.0,17.0,clear_violation,349.0,81.0,221.18629251482017,100.0,0.2310756972111553,174,753,303.1019736842105,330.0,0.9886685552407932,1.0378075518049161,0,0,1,0,1
2023,Las Vegas Grand Prix,R,HAM,17.0,7.0,clear_violation,297.0,69.0,185.75446292760748,100.0,0.2339955849889624,212,906,303.1019736842105,330.0,0.8413597733711048,0.8715611723308788,0,0,1,0,1
2023,Las Vegas Grand Prix,R,HAM,47.0,8.0,clear_violation,337.0,82.0,227.8340600386336,104.0,0.1756569847856154,127,723,303.1019736842105,330.0,0.9546742209631728,1.0689989211272024,0,0,1,0,1
2023,Las Vegas Grand Prix,R,BOT,2.0,8.0,clear_violation,327.0,0.0,148.43447836072298,100.0,0.3117483811285846,337,1081,303.1019736842105,330.0,0.9263456090651558,0.6964555571664104,0,0,1,0,1
2023,Las Vegas Grand Prix,R,BOT,14.0,1.0,clear_violation,331.0,64.0,213.57619673700407,100.0,0.215080346106304,174,809,303.1019736842105,330.0,0.9376770538243626,1.00210093193087,0,0,1,0,1
2023,Mexico City Grand Prix,FP1,SAI,6.0,1.0,no_advantage,341.0,63.0,185.34684047304447,100.0,0.2292993630573248,144,628,236.0090497737557,250.0,1.0,1.0,0,0,0,1,1
2023,Mexico City Grand Prix,FP3,STR,14.0,9.0,no_advantage,346.0,47.0,135.69046331914907,100.0,0.145933014354067,122,836,227.29807692307693,254.0,1.0,1.0,0,0,0,1,1
2023,Mexico City Grand Prix,Q,ALB,11.0,2.0,clear_violation,347.0,64.0,196.1424401493133,100.0,0.2397260273972602,140,584,250.4034090909091,255.0,0.9971264367816092,1.0190054254641066,0,1,0,0,1
2023,Mexico City Grand Prix,Q,SAR,2.0,12.0,clear_violation,346.0,62.0,189.8977215192909,100.0,0.2335526315789473,142,608,250.4034090909091,255.0,0.9942528735632183,0.9865626651943482,0,1,0,0,1
2023,Mexico City Grand Prix,Q,SAR,5.0,11.0,clear_violation,348.0,62.0,191.4124266529353,100.0,0.2282430213464696,139,609,250.4034090909091,255.0,1.0,0.9944319093415454,0,1,0,0,1
2023,Mexico City Grand Prix,R,SAR,54.0,2.0,clear_violation,335.0,62.0,180.76892775332675,100.0,0.2220472440944882,141,635,240.77401129943505,251.0,0.9410112359550562,1.0371726891606912,0,0,1,0,1
2023,Mexico City Grand Prix,R,SAR,65.0,2.0,clear_violation,355.0,57.0,180.53355909632413,100.0,0.2390953150242326,148,619,240.77401129943505,251.0,0.9971910112359551,1.0358222472127219,0,0,1,0,1
2023,Mexico City Grand Prix,R,MAG,24.0,2.0,clear_violation,315.0,0.0,146.7126898278408,100.0,0.2442002442002442,200,819,240.77401129943505,251.0,0.8848314606741573,0.841772958073762,0,0,1,0,1
2023,Mexico City Grand Prix,R,MAG,29.0,17.0,clear_violation,332.0,64.0,182.64991050528104,100.0,0.2322274881516587,147,633,240.77401129943505,251.0,0.9325842696629213,1.047964941808068,0,0,1,0,1
2023,Mexico City Grand Prix,R,TSU,8.0,1.0,clear_violation,353.0,65.0,175.8855932199801,100.0,0.2615384615384615,170,650,240.77401129943505,251.0,0.9915730337078652,1.0091542610327455,0,0,1,0,1
2023,Mexico City Grand Prix,R,TSU,49.0,1.0,clear_violation,352.0,0.0,155.11219372622358,100.0,0.2023346303501945,156,771,240.77401129943505,251.0,0.9887640449438202,0.8899656212386906,0,0,1,0,1
2023,Mexico City Grand Prix,R,TSU,53.0,12.0,clear_violation,330.0,58.0,182.2180048526989,100.0,0.2093023255813953,135,645,240.77401129943505,251.0,0.9269662921348315,1.0454868569252302,0,0,1,0,1
2023,Mexico City Grand Prix,R,SAI,28.0,2.0,clear_violation,322.0,59.0,178.5193976638014,100.0,0.2377300613496932,155,652,240.77401129943505,251.0,0.9044943820224719,1.024265873806425,0,0,1,0,1
2023,Mexico City Grand Prix,R,RUS,16.0,12.0,clear_violation,324.0,55.0,181.1544748022905,100.0,0.1956856702619414,127,649,240.77401129943505,251.0,0.9101123595505618,1.0393847887429677,0,0,1,0,1
2023,Mexico City Grand Prix,R,TSU,48.0,1.0,no_advantage,356.0,56.0,179.34621039311918,100.0,0.2272727272727272,150,660,240.77401129943505,251.0,1.0,1.0290097619986978,0,0,1,0,1
2023,Miami Grand Prix,FP1,HAM,3.0,4.0,no_advantage,334.0,61.0,204.22623227748227,100.0,0.1914008321775312,138,721,261.7071240105541,283.0,0.9910979228486647,1.1222931665937257,0,0,0,1,1
2023,Miami Grand Prix,FP1,PIA,6.0,15.0,no_advantage,333.0,55.0,200.2491032800513,99.0,0.1942544459644322,142,731,261.7071240105541,283.0,0.9881305637982196,1.1004374791695266,0,0,0,1,1
2023,Miami Grand Prix,FP1,TSU,15.0,6.0,no_advantage,333.0,63.0,207.6137447297324,100.0,0.1483050847457627,105,708,261.7071240105541,283.0,0.9881305637982196,1.1409087089484706,0,0,0,1,1
2023,Miami Grand Prix,FP1,ALB,17.0,17.0,no_advantage,337.0,0.0,191.54551286022425,100.0,0.2040557667934093,161,789,261.7071240105541,283.0,1.0,1.052608265732681,0,0,0,1,1
2023,Miami Grand Prix,FP1,GAS,13.0,7.0,no_advantage,310.0,35.0,144.52391330788444,100.0,0.1411648568608094,143,1013,261.7071240105541,283.0,0.9198813056379822,0.7942084545458585,0,0,0,1,1
2023,Miami Grand Prix,FP1,STR,20.0,6.0,no_advantage,311.0,39.0,143.67509829157254,100.0,0.1646942800788954,167,1014,261.7071240105541,283.0,0.9228486646884273,0.7895439250097377,0,0,0,1,1
2023,Miami Grand Prix,FP2,ALB,15.0,17.0,no_advantage,335.0,0.0,196.9106417994957,100.0,0.2002652519893899,151,754,261.9922077922078,283.0,1.0,1.0,0,0,0,1,1
2023,Miami Grand Prix,FP3,ALB,4.0,17.0,no_advantage,340.0,6.0,200.9426779905224,100.0,0.2199170124481327,159,723,253.9452887537994,285.0,1.0,1.1139547978210778,0,0,0,1,1
2023,Miami Grand Prix,FP3,ALO,10.0,17.0,no_advantage,333.0,34.0,204.86492414698537,100.0,0.1743375174337517,125,717,253.9452887537994,285.0,0.9794117647058823,1.135698336664694,0,0,0,1,1
2023,Miami Grand Prix,FP3,HUL,4.0,7.0,no_advantage,312.0,60.0,165.48796428451598,100.0,0.1227272727272727,108,880,253.9452887537994,285.0,0.9176470588235294,0.9174064645693363,0,0,0,1,1
2023,Miami Grand Prix,FP3,NOR,9.0,4.0,no_advantage,309.0,34.0,150.25140616096104,99.0,0.1463664278403275,143,977,253.9452887537994,285.0,0.9088235294117647,0.8329404009448916,0,0,0,1,1
2023,Miami Grand Prix,R,SAI,33.0,7.0,clear_violation,331.0,62.0,203.7841068702792,100.0,0.2305593451568895,169,733,275.15474060822896,287.0,0.9650145772594753,0.9860135462949434,0,0,1,0,1
2023,Miami Grand Prix,R,OCO,5.0,15.0,clear_violation,343.0,66.0,203.7761962482658,100.0,0.2173314993122421,158,727,275.15474060822896,287.0,1.0,0.9859752705894204,0,0,1,0,1
2023,Miami Grand Prix,R,MAG,35.0,15.0,clear_violation,338.0,63.0,207.39554014929604,100.0,0.2032967032967033,148,728,275.15474060822896,287.0,0.9854227405247813,1.0034875396761727,0,0,1,0,1
2023,Miami Grand Prix,R,STR,22.0,11.0,clear_violation,337.0,63.0,208.10512563549983,100.0,0.1944444444444444,140,720,275.15474060822896,287.0,0.9825072886297376,1.0069208834849546,0,0,1,0,1
2023,Miami Grand Prix,R,ALB,27.0,6.0,clear_violation,337.0,68.0,210.0145566915185,100.0,0.1949152542372881,138,708,275.15474060822896,287.0,0.9825072886297376,1.0161597044895245,0,0,1,0,1
2023,Miami Grand Prix,R,ALB,33.0,6.0,clear_violation,324.0,66.0,206.511412034062,100.0,0.2083333333333333,150,720,275.15474060822896,287.0,0.9446064139941691,0.9992096678064301,0,0,1,0,1
2023,Miami Grand Prix,R,SAR,34.0,15.0,clear_violation,323.0,64.0,207.13633858989533,100.0,0.1876750700280112,134,714,275.15474060822896,287.0,0.9416909620991254,1.0022333876585545,0,0,1,0,1
2023,Monaco Grand Prix,Q,LEC,10.0,11.0,clear_violation,272.71000192,27.0,109.70223922442194,100.0,0.2906698564593301,243,836,266.16975308641975,274.0,0.9403793169655174,0.9220454095613272,0,1,0,0,1
2023,Monaco Grand Prix,Q,SAI,1.0,10.0,clear_violation,278.0,28.0,107.1271708472695,100.0,0.2455303933253873,206,839,266.16975308641975,274.0,0.9586206896551724,0.9004020047115621,0,1,0,0,1
2023,Monaco Grand Prix,Q,HAM,11.0,10.0,clear_violation,290.0,34.0,130.45217643614268,100.0,0.2049062049062049,142,693,266.16975308641975,274.0,1.0,1.0964482703417078,0,1,0,0,1
2023,Monaco Grand Prix,Q,GAS,20.0,10.0,clear_violation,274.65,37.0,125.43082474858508,100.0,0.2347949080622348,166,707,266.16975308641975,274.0,0.9470689655172413,1.054243896884627,0,1,0,0,1
2023,Monaco Grand Prix,Q,RUS,10.0,10.0,clear_violation,280.0,40.0,136.74260134386012,100.0,0.2721712538226299,178,654,266.16975308641975,274.0,0.9655172413793104,1.1493191821057394,0,1,0,0,1
2023,Monaco Grand Prix,Q,TSU,14.0,10.0,clear_violation,271.7875008,33.0,121.0453725972874,100.0,0.2068027210884353,152,735,266.16975308641975,274.0,0.9371982786206896,1.0173842479518214,0,1,0,0,1
2023,Monaco Grand Prix,Q,PER,3.0,10.0,clear_violation,277.0,31.0,102.33893769033484,100.0,0.1802911534154535,161,893,266.16975308641975,274.0,0.9551724137931035,0.8601569884432152,0,1,0,0,1
2023,Monaco Grand Prix,R,GAS,53.0,10.0,clear_violation,275.0,35.0,124.99721598800222,100.0,0.3191196698762035,232,727,257.08062330623306,272.0,0.9515570934256056,0.9716099699578438,0,0,1,0,1
2023,Monaco Grand Prix,R,GAS,66.0,10.0,clear_violation,277.0,38.0,121.55680245392033,100.0,0.2990897269180754,230,769,257.08062330623306,272.0,0.9584775086505191,0.9448674536220181,0,0,1,0,1
2023,Monaco Grand Prix,R,PER,31.0,10.0,clear_violation,282.0,38.0,149.19928861629182,100.0,0.2903752039151713,178,613,257.08062330623306,272.0,0.9757785467128027,1.1597339603477343,0,0,1,0,1
2023,Monaco Grand Prix,R,PER,59.0,10.0,clear_violation,266.0,36.0,117.08925772315506,100.0,0.3148148148148148,238,756,257.08062330623306,272.0,0.9204152249134948,0.9101409921777824,0,0,1,0,1
2023,Monaco Grand Prix,R,ALO,53.0,10.0,clear_violation,279.0,37.0,130.9540382214455,100.0,0.3169319826338639,219,691,257.08062330623306,272.0,0.9653979238754326,1.017912664186134,0,0,1,0,1
2023,Monaco Grand Prix,R,ALO,55.0,10.0,clear_violation,256.0,0.0,93.0507519835826,100.0,0.257172131147541,251,976,257.08062330623306,272.0,0.8858131487889274,0.7232884158636086,0,0,1,0,1
2023,Monaco Grand Prix,R,ALO,57.0,16.0,clear_violation,270.0,37.0,115.18033589799784,100.0,0.3251295336787564,251,772,257.08062330623306,272.0,0.9342560553633218,0.8953028418835318,0,0,1,0,1
2023,Monaco Grand Prix,R,SAR,69.0,10.0,clear_violation,274.0,33.0,127.86919556079675,100.0,0.3490701001430615,244,699,257.08062330623306,272.0,0.9480968858131488,0.9939340190527474,0,0,1,0,1
2023,Monaco Grand Prix,R,MAG,36.0,10.0,clear_violation,284.0,45.0,147.43662611754618,100.0,0.3060556464811784,187,611,257.08062330623306,272.0,0.9826989619377162,1.1460326915321437,0,0,1,0,1
2023,Monaco Grand Prix,R,MAG,45.0,10.0,clear_violation,289.0,42.0,149.36905178337437,100.0,0.320785597381342,196,611,257.08062330623306,272.0,1.0,1.1610535384228562,0,0,1,0,1
2023,Monaco Grand Prix,R,MAG,55.0,11.0,clear_violation,224.0,32.0,93.48268374011153,100.0,0.2481977342945417,241,971,257.08062330623306,272.0,0.7750865051903114,0.7266458442484551,0,0,1,0,1
2023,Monaco Grand Prix,R,DEV,58.0,10.0,clear_violation,263.0,34.0,113.25840207863156,100.0,0.3052763819095477,243,796,257.08062330623306,272.0,0.9100346020761245,0.8803635486701961,0,0,1,0,1
2023,Monaco Grand Prix,R,DEV,65.0,10.0,clear_violation,277.0,37.0,122.52270242069878,100.0,0.26657824933687,201,754,257.08062330623306,272.0,0.9584775086505191,0.9523754451423571,0,0,1,0,1
2023,Monaco Grand Prix,R,ALB,15.0,10.0,clear_violation,283.0,43.0,144.5749382475353,100.0,0.3,186,620,257.08062330623306,272.0,0.9792387543252595,1.1237886403872215,0,0,1,0,1
2023,Monaco Grand Prix,R,ALB,51.0,11.0,clear_violation,283.0,37.0,131.2978473301425,100.0,0.3357664233576642,230,685,257.08062330623306,272.0,0.9792387543252595,1.0205851105692951,0,0,1,0,1
2023,Monaco Grand Prix,R,ALB,58.0,11.0,clear_violation,263.0,35.0,110.67649035173244,100.0,0.3802469135802469,308,810,257.08062330623306,272.0,0.9100346020761245,0.8602942122807595,0,0,1,0,1
2023,Monaco Grand Prix,R,ALB,73.0,10.0,clear_violation,283.0,34.0,126.99293140516365,100.0,0.3539568345323741,246,695,257.08062330623306,272.0,0.9792387543252595,0.987122771432548,0,0,1,0,1
2023,Monaco Grand Prix,R,ZHO,19.0,1.0,clear_violation,285.0,43.0,143.099099008566,100.0,0.3349206349206349,211,630,257.08062330623306,272.0,0.986159169550173,1.1123168639376146,0,0,1,0,1
2023,Monaco Grand Prix,R,ZHO,51.0,10.0,clear_violation,281.0,32.0,131.77587331962198,100.0,0.3357558139534883,231,688,257.08062330623306,272.0,0.972318339100346,1.0243008318644142,0,0,1,0,1
2023,Monaco Grand Prix,R,HUL,3.0,10.0,clear_violation,287.0,44.0,153.267700325363,100.0,0.3025641025641025,177,585,257.08062330623306,272.0,0.9930795847750865,1.1913579397074523,0,0,1,0,1
2023,Monaco Grand Prix,R,HUL,53.0,10.0,clear_violation,271.0,35.0,118.00345376014404,100.0,0.3311688311688311,255,770,257.08062330623306,272.0,0.9377162629757786,0.9172470863176687,0,0,1,0,1
2023,Monaco Grand Prix,R,OCO,11.0,10.0,clear_violation,277.0,44.0,151.65758157271452,100.0,0.3060200668896321,183,598,257.08062330623306,272.0,0.9584775086505191,1.178842401497069,0,0,1,0,1
2023,Monaco Grand Prix,R,OCO,52.0,10.0,clear_violation,280.0,36.0,134.6758327523193,100.0,0.4132730015082956,274,663,257.08062330623306,272.0,0.9688581314878892,1.046842369889969,0,0,1,0,1
2023,Monaco Grand Prix,R,NOR,60.0,11.0,clear_violation,272.0,34.0,116.21116040625414,104.0,0.2385321100917431,182,763,257.08062330623306,272.0,0.9411764705882353,0.9033154952981074,0,0,1,0,1
2023,Monaco Grand Prix,R,SAI,11.0,11.0,clear_violation,288.0,43.0,151.0811254712489,100.0,0.3444259567387687,207,601,257.08062330623306,272.0,0.9965397923875432,1.174361577736316,0,0,1,0,1
2023,Monaco Grand Prix,R,SAI,52.0,10.0,clear_violation,289.0,39.0,135.91162015981345,100.0,0.3302891933028919,217,657,257.08062330623306,272.0,1.0,1.056448210759136,0,0,1,0,1
2023,Monaco Grand Prix,R,PIA,61.0,10.0,clear_violation,272.0,35.0,118.3466930173456,100.0,0.2652005174644243,205,773,257.08062330623306,272.0,0.9411764705882353,0.9199151032150208,0,0,1,0,1
2023,Qatar Grand Prix,Q,LEC,4.0,4.0,clear_violation,319.0,93.0,225.2676017790968,100.0,0.1595092024539877,104,652,281.9,294.0,0.9785276073619632,1.0733336713391801,0,1,0,0,1
2023,Qatar Grand Prix,Q,LEC,15.0,4.0,clear_violation,317.0,75.0,186.9897363768389,100.0,0.166018158236057,128,771,281.9,294.0,0.9723926380368099,0.8909509341912019,0,1,0,0,1
2023,Qatar Grand Prix,Q,LEC,21.0,5.0,clear_violation,318.0,78.0,174.45402657410958,100.0,0.203125,169,832,281.9,294.0,0.9754601226993865,0.8312219748595341,0,1,0,0,1
2023,Qatar Grand Prix,Q,PIA,22.0,14.0,clear_violation,317.0,99.0,231.1123586845329,99.0,0.1305732484076433,82,628,281.9,294.0,0.9723926380368099,1.1011822138630563,0,1,0,0,1
2023,Qatar Grand Prix,Q,GAS,4.0,14.0,clear_violation,314.0,85.0,217.55625893088887,100.0,0.1795252225519288,121,674,281.9,294.0,0.9631901840490797,1.0365913974176126,0,1,0,0,1
2023,Qatar Grand Prix,Q,OCO,12.0,5.0,clear_violation,314.0,89.0,223.5609253505504,100.0,0.217391304347826,145,667,281.9,294.0,0.9631901840490797,1.065201861605457,0,1,0,0,1
2023,Qatar Grand Prix,Q,NOR,2.0,5.0,clear_violation,317.0,84.0,225.8207260268296,100.0,0.1257485029940119,84,668,281.9,294.0,0.9723926380368099,1.0759691452148596,0,1,0,0,1
2023,Qatar Grand Prix,Q,NOR,17.0,5.0,clear_violation,316.0,94.0,230.88095973114653,99.0,0.1239804241435562,76,613,281.9,294.0,0.9693251533742331,1.1000796661099808,0,1,0,0,1
2023,Qatar Grand Prix,Q,NOR,20.0,10.0,clear_violation,319.0,97.0,231.4001269481071,100.0,0.1322834645669291,84,635,281.9,294.0,0.9785276073619632,1.102553344750932,0,1,0,0,1
2023,Qatar Grand Prix,Q,SAI,7.0,5.0,clear_violation,318.0,68.0,188.2101381605048,100.0,0.2126582278481012,168,790,281.9,294.0,0.9754601226993865,0.8967657886870363,0,1,0,0,1
2023,Qatar Grand Prix,Q,SAI,15.0,5.0,clear_violation,319.0,88.0,183.85368300884235,100.0,0.18625,149,800,281.9,294.0,0.9785276073619632,0.8760085649894018,0,1,0,0,1
2023,Qatar Grand Prix,Q,SAI,16.0,12.0,clear_violation,287.0250016,62.0,159.3568766714819,100.0,0.1715526601520086,158,921,281.9,294.0,0.8804447901840491,0.7592885090447933,0,1,0,0,1
2023,Qatar Grand Prix,Q,PER,15.0,5.0,clear_violation,323.0,91.0,226.87973684518727,100.0,0.1400304414003044,92,657,281.9,294.0,0.99079754601227,1.081015019369326,0,1,0,0,1
2023,Qatar Grand Prix,Q,ALB,2.0,5.0,clear_violation,322.0,93.0,223.68452359267752,100.0,0.1720588235294117,117,680,281.9,294.0,0.9877300613496932,1.06579077076925,0,1,0,0,1
2023,Qatar Grand Prix,Q,HUL,11.0,5.0,clear_violation,322.0,95.0,226.8432185124444,100.0,0.1487101669195751,98,659,281.9,294.0,0.9877300613496932,1.0808410202862597,0,1,0,0,1
2023,Qatar Grand Prix,Q,STR,2.0,5.0,clear_violation,320.0,87.0,221.08292726581416,100.0,0.158284023668639,107,676,281.9,294.0,0.9815950920245399,1.0533949317102758,0,1,0,0,1
2023,Qatar Grand Prix,Q,STR,7.0,2.0,clear_violation,326.0,83.0,178.65626803102384,100.0,0.2054958183990442,172,837,281.9,294.0,1.0,0.8512444157928135,0,1,0,0,1
2023,Qatar Grand Prix,Q,MAG,5.0,15.0,clear_violation,318.0,87.0,222.16837500607124,100.0,0.1696428571428571,114,672,281.9,294.0,0.9754601226993865,1.0585667699990298,0,1,0,0,1
2023,Qatar Grand Prix,R,PIA,16.0,12.0,clear_violation,309.0,93.0,217.4635759740725,99.0,0.1535150645624103,107,697,275.22105263157897,291.0,0.9279279279279279,1.0084575553546355,0,0,1,0,1
2023,Qatar Grand Prix,R,PIA,21.0,16.0,clear_violation,304.0,95.0,220.49820506128924,99.0,0.1318181818181818,87,660,275.22105263157897,291.0,0.9129129129129129,1.0225302322017573,0,0,1,0,1
2023,Qatar Grand Prix,R,PIA,22.0,16.0,clear_violation,304.0,95.0,218.7382542724423,99.0,0.1414141414141414,98,693,275.22105263157897,291.0,0.9129129129129129,1.0143687014161298,0,0,1,0,1
2023,Qatar Grand Prix,R,NOR,30.0,5.0,clear_violation,329.0,91.0,223.68310869223168,100.0,0.1493710691823899,95,636,275.22105263157897,291.0,0.987987987987988,1.0372997866676659,0,0,1,0,1
2023,Qatar Grand Prix,R,NOR,50.0,4.0,clear_violation,310.0,88.0,225.86180237660645,100.0,0.1409295352323838,94,667,275.22105263157897,291.0,0.9309309309309309,1.0474031802910335,0,0,1,0,1
2023,Qatar Grand Prix,R,RUS,8.0,12.0,clear_violation,322.0,80.0,214.83690644734963,100.0,0.1854599406528189,125,674,275.22105263157897,291.0,0.9669669669669669,0.9962767351056422,0,0,1,0,1
2023,Qatar Grand Prix,R,RUS,10.0,12.0,clear_violation,328.0,86.0,214.8103716756069,104.0,0.2008608321377331,140,697,275.22105263157897,291.0,0.984984984984985,0.9961536837352059,0,0,1,0,1
2023,Qatar Grand Prix,R,RUS,55.0,4.0,clear_violation,301.0,91.0,222.2336147629712,100.0,0.1565349544072948,103,658,275.22105263157897,291.0,0.9039039039039038,1.0305779570561742,0,0,1,0,1
2023,Qatar Grand Prix,R,LEC,18.0,5.0,clear_violation,310.0,93.0,215.92253632639844,100.0,0.2060957910014513,142,689,275.22105263157897,291.0,0.9309309309309309,1.0013111950097506,0,0,1,0,1
2023,Qatar Grand Prix,R,ALO,7.0,4.0,clear_violation,311.0,87.0,214.69242389999485,100.0,0.1733524355300859,121,698,275.22105263157897,291.0,0.933933933933934,0.9956067170769025,0,0,1,0,1
2023,Qatar Grand Prix,R,ALO,17.0,15.0,clear_violation,313.0,91.0,217.6069513179727,100.0,0.1686217008797653,115,682,275.22105263157897,291.0,0.93993993993994,1.0091224388789686,0,0,1,0,1
2023,Qatar Grand Prix,R,ALO,33.0,2.0,clear_violation,309.0,45.0,203.1222112554252,100.0,0.1790633608815427,130,726,275.22105263157897,291.0,0.9279279279279279,0.9419514402968172,0,0,1,0,1
2023,Qatar Grand Prix,R,OCO,5.0,12.0,clear_violation,306.0,87.0,211.20295500269248,100.0,0.2510822510822511,174,693,275.22105263157897,291.0,0.918918918918919,0.979424782893685,0,0,1,0,1
2023,Qatar Grand Prix,R,BOT,9.0,4.0,clear_violation,305.0,87.0,212.5688178810124,100.0,0.2266288951841359,160,706,275.22105263157897,291.0,0.9159159159159159,0.9857587849584002,0,0,1,0,1
2023,Qatar Grand Prix,R,BOT,10.0,5.0,clear_violation,309.0,86.0,213.14677191632288,100.0,0.2150997150997151,151,702,275.22105263157897,291.0,0.9279279279279279,0.9884389676554145,0,0,1,0,1
2023,Qatar Grand Prix,R,BOT,13.0,5.0,clear_violation,301.0,89.0,211.7459737423731,100.0,0.1867647058823529,127,680,275.22105263157897,291.0,0.9039039039039038,0.9819429579410565,0,0,1,0,1
2023,Qatar Grand Prix,R,ZHO,5.0,1.0,clear_violation,310.0,88.0,207.6669524247412,100.0,0.1855524079320113,131,706,275.22105263157897,291.0,0.9309309309309309,0.9630270551385155,0,0,1,0,1
2023,Qatar Grand Prix,R,ZHO,15.0,5.0,clear_violation,300.0,90.0,213.3669540237613,100.0,0.1706231454005934,115,674,275.22105263157897,291.0,0.9009009009009009,0.9894600320281749,0,0,1,0,1
2023,Qatar Grand Prix,R,PER,14.0,4.0,clear_violation,330.0,86.0,211.9254128042288,100.0,0.1866859623733719,129,691,275.22105263157897,291.0,0.990990990990991,0.9827750820190478,0,0,1,0,1
2023,Qatar Grand Prix,R,PER,22.0,12.0,clear_violation,325.0,93.0,219.80333598346664,100.0,0.1684053651266766,113,671,275.22105263157897,291.0,0.975975975975976,1.019307872004774,0,0,1,0,1
2023,Qatar Grand Prix,R,PER,23.0,15.0,clear_violation,305.0,93.0,220.54311488918623,100.0,0.1664167916041979,111,667,275.22105263157897,291.0,0.9159159159159159,1.0227384953789331,0,0,1,0,1
2023,Qatar Grand Prix,R,PER,25.0,12.0,clear_violation,305.0,89.0,216.66710536602807,100.0,0.1622807017543859,111,684,275.22105263157897,291.0,0.9159159159159159,1.004764031973984,0,0,1,0,1
2023,Qatar Grand Prix,R,PER,36.0,12.0,clear_violation,301.0,97.0,220.1199042430529,100.0,0.1477611940298507,99,670,275.22105263157897,291.0,0.9039039039039038,1.0207759139595485,0,0,1,0,1
2023,Qatar Grand Prix,R,PER,55.0,12.0,clear_violation,308.0,89.0,219.81074606875453,100.0,0.1511450381679389,99,655,275.22105263157897,291.0,0.924924924924925,1.0193422352606016,0,0,1,0,1
2023,Qatar Grand Prix,R,STR,20.0,15.0,clear_violation,313.0,92.0,214.0733958625721,100.0,0.1636107193229901,116,709,275.22105263157897,291.0,0.93993993993994,0.9927360593195329,0,0,1,0,1
2023,Qatar Grand Prix,R,STR,36.0,5.0,clear_violation,313.0,83.0,215.7232576086298,100.0,0.1874084919472913,128,683,275.22105263157897,291.0,0.93993993993994,1.0003870672441926,0,0,1,0,1
2023,Qatar Grand Prix,R,STR,39.0,2.0,clear_violation,313.0,68.0,210.730482822928,100.0,0.1877729257641921,129,687,275.22105263157897,291.0,0.93993993993994,0.97723375785768,0,0,1,0,1
2023,Qatar Grand Prix,R,STR,52.0,4.0,clear_violation,309.0,87.0,216.202654173342,100.0,0.2029411764705882,138,680,275.22105263157897,291.0,0.9279279279279279,1.0026102031672068,0,0,1,0,1
2023,Qatar Grand Prix,R,GAS,5.0,12.0,clear_violation,306.0,87.0,209.86889063657304,100.0,0.1840228245363766,129,701,275.22105263157897,291.0,0.918918918918919,0.973238242074992,0,0,1,0,1
2023,Qatar Grand Prix,R,GAS,16.0,5.0,clear_violation,318.0,93.0,215.19671561830896,100.0,0.1721194879089616,121,703,275.22105263157897,291.0,0.954954954954955,0.9979453008657448,0,0,1,0,1
2023,Qatar Grand Prix,R,GAS,28.0,13.0,clear_violation,301.0,96.0,221.5662691496545,100.0,0.1505376344086021,98,651,275.22105263157897,291.0,0.9039039039039038,1.0274832331569301,0,0,1,0,1
2023,Qatar Grand Prix,R,GAS,42.0,13.0,clear_violation,301.0,93.0,222.99634623931505,100.0,0.1502276176024279,99,659,275.22105263157897,291.0,0.9039039039039038,1.0341150198336089,0,0,1,0,1
2023,Qatar Grand Prix,R,GAS,43.0,12.0,clear_violation,300.0,83.0,221.4538276025846,100.0,0.1415525114155251,93,657,275.22105263157897,291.0,0.9009009009009009,1.0269618008794994,0,0,1,0,1
2023,Qatar Grand Prix,R,GAS,52.0,1.0,clear_violation,332.0,91.0,218.7893549498613,100.0,0.1354166666666666,91,672,275.22105263157897,291.0,0.996996996996997,1.0146056738102243,0,0,1,0,1
2023,Qatar Grand Prix,R,GAS,55.0,2.0,clear_violation,332.0,91.0,226.54616804562176,100.0,0.1415094339622641,90,636,275.22105263157897,291.0,0.996996996996997,1.05057683236795,0,0,1,0,1
2023,Qatar Grand Prix,R,ALB,11.0,15.0,clear_violation,328.0,87.0,213.43634744895303,100.0,0.1935933147632312,139,718,275.22105263157897,291.0,0.984984984984985,0.9897818345351606,0,0,1,0,1
2023,Qatar Grand Prix,R,ALB,12.0,5.0,clear_violation,331.0,81.0,211.09594526902995,100.0,0.2093352192362093,148,707,275.22105263157897,291.0,0.993993993993994,0.9789285399071292,0,0,1,0,1
2023,Qatar Grand Prix,R,ALB,21.0,12.0,clear_violation,308.0,92.0,216.56577727256555,100.0,0.1926470588235294,131,680,275.22105263157897,291.0,0.924924924924925,1.0042941368158442,0,0,1,0,1
2023,Qatar Grand Prix,R,ALB,45.0,12.0,clear_violation,285.42000128,0.0,175.38864889455584,100.0,0.2016412661195779,172,853,275.22105263157897,291.0,0.8571171209609609,0.8133408425245622,0,0,1,0,1
2023,Qatar Grand Prix,R,ALB,46.0,15.0,clear_violation,307.0,96.0,223.771445964302,100.0,0.1727272727272727,114,660,275.22105263157897,291.0,0.9219219219219219,1.0377094386704884,0,0,1,0,1
2023,Qatar Grand Prix,R,MAG,5.0,1.0,clear_violation,315.0,82.0,206.5090956735029,100.0,0.2278481012658227,162,711,275.22105263157897,291.0,0.9459459459459459,0.9576576530049654,0,0,1,0,1
2023,Qatar Grand Prix,R,TSU,29.0,15.0,clear_violation,325.0,88.0,217.8868190880915,100.0,0.14540059347181,98,674,275.22105263157897,291.0,0.975975975975976,1.010420287339394,0,0,1,0,1
2023,Qatar Grand Prix,R,HUL,18.0,12.0,clear_violation,304.0,93.0,220.4351439234157,100.0,0.1601164483260553,110,687,275.22105263157897,291.0,0.9129129129129129,1.0222377948101022,0,0,1,0,1
2023,Qatar Grand Prix,R,HUL,56.0,5.0,clear_violation,306.0,88.0,223.29350432233448,100.0,0.1563467492260062,101,646,275.22105263157897,291.0,0.918918918918919,1.035493049752474,0,0,1,0,1
2023,Qatar Grand Prix,R,LAW,9.0,12.0,clear_violation,305.0,91.0,212.8015570860184,100.0,0.1875,132,704,275.22105263157897,291.0,0.9159159159159159,0.9868380811516326,0,0,1,0,1
2023,Qatar Grand Prix,R,LAW,10.0,13.0,clear_violation,324.0,88.0,213.42088448817523,100.0,0.1829787234042553,129,705,275.22105263157897,291.0,0.972972972972973,0.9897101271719634,0,0,1,0,1
2023,Qatar Grand Prix,R,LAW,11.0,13.0,clear_violation,330.0,90.0,213.39343977345493,100.0,0.1861111111111111,134,720,275.22105263157897,291.0,0.990990990990991,0.9895828560655712,0,0,1,0,1
2023,Qatar Grand Prix,R,SAR,9.0,15.0,clear_violation,315.0,89.0,212.05652039980947,100.0,0.1626591230551626,115,707,275.22105263157897,291.0,0.9459459459459459,0.9833830755404247,0,0,1,0,1
2023,Qatar Grand Prix,R,SAR,38.0,2.0,clear_violation,314.0,90.0,217.40152014760665,100.0,0.180722891566265,120,664,275.22105263157897,291.0,0.9429429429429429,1.008169779956972,0,0,1,0,1
2023,Qatar Grand Prix,R,ALO,32.0,2.0,no_advantage,333.0,92.0,223.3475065897686,100.0,0.1540832049306625,100,649,275.22105263157897,291.0,1.0,1.0357434778729364,0,0,1,0,1
2023,Qatar Grand Prix,S,GAS,7.0,15.0,clear_violation,310.0,88.0,215.19881747979832,100.0,0.1776119402985074,119,670,250.0796178343949,295.0,0.9011627906976745,1.0256730806460754,1,0,0,0,1
2023,Qatar Grand Prix,S,ALO,3.0,15.0,clear_violation,304.0,63.0,186.91928790031247,100.0,0.2090112640801001,167,799,250.0796178343949,295.0,0.8837209302325582,0.8908881754003207,1,0,0,0,1
2023,Qatar Grand Prix,S,ALO,7.0,15.0,clear_violation,311.0,87.0,217.1353190048267,100.0,0.1578947368421052,105,665,250.0796178343949,295.0,0.9040697674418605,1.034902766515693,1,0,0,0,1
2023,Qatar Grand Prix,S,LEC,19.0,15.0,clear_violation,327.0,84.0,212.3754246469913,100.0,0.2020648967551622,137,678,250.0796178343949,295.0,0.9505813953488372,1.0122163244305302,1,0,0,0,1
2023,Qatar Grand Prix,S,STR,8.0,15.0,clear_violation,312.0,88.0,215.97386294074508,100.0,0.1301169590643275,89,684,250.0796178343949,295.0,0.9069767441860465,1.029367075226899,1,0,0,0,1
2023,Qatar Grand Prix,S,STR,15.0,4.0,clear_violation,316.0,76.0,211.9832203385377,100.0,0.1961932650073206,134,683,250.0796178343949,295.0,0.9186046511627907,1.0103470139668145,1,0,0,0,1
2023,Qatar Grand Prix,S,STR,18.0,15.0,clear_violation,318.0,81.0,215.08503330028407,100.0,0.1489971346704871,104,698,250.0796178343949,295.0,0.9244186046511628,1.0251307664675036,1,0,0,0,1
2023,Qatar Grand Prix,S,STR,19.0,15.0,clear_violation,318.0,80.0,215.3187767775998,100.0,0.1572700296735905,106,674,250.0796178343949,295.0,0.9244186046511628,1.0262448264575492,1,0,0,0,1
2023,Qatar Grand Prix,S,MAG,3.0,2.0,clear_violation,315.0,74.0,174.1330546283385,100.0,0.2664319248826291,227,852,250.0796178343949,295.0,0.9156976744186046,0.8299468773787552,1,0,0,0,1
2023,Qatar Grand Prix,S,MAG,19.0,15.0,clear_violation,344.0,85.0,216.2372655457835,100.0,0.1875,126,672,250.0796178343949,295.0,1.0,1.0306224955146304,1,0,0,0,1
2023,Qatar Grand Prix,S,TSU,9.0,13.0,clear_violation,307.0,86.0,213.59190819390005,100.0,0.1625183016105417,111,683,250.0796178343949,295.0,0.8924418604651163,1.0180142857842458,1,0,0,0,1
2023,Qatar Grand Prix,S,ALB,19.0,13.0,clear_violation,336.0,82.0,218.29245592485344,100.0,0.2078313253012048,138,664,250.0796178343949,295.0,0.9767441860465116,1.040417872051087,1,0,0,0,1
2023,Qatar Grand Prix,S,ZHO,18.0,13.0,clear_violation,329.0,88.0,214.6150610776949,100.0,0.1810344827586207,126,696,250.0796178343949,295.0,0.9563953488372093,1.022890801290156,1,0,0,0,1
2023,Qatar Grand Prix,S,ZHO,19.0,5.0,clear_violation,331.0,85.0,211.453707739074,100.0,0.1715116279069767,118,688,250.0796178343949,295.0,0.9622093023255814,1.0078232695267046,1,0,0,0,1
2023,Qatar Grand Prix,S,HUL,3.0,15.0,clear_violation,313.0,73.0,186.39011892827787,100.0,0.236612702366127,190,803,250.0796178343949,295.0,0.9098837209302325,0.8883660687452505,1,0,0,0,1
2023,Qatar Grand Prix,S,NOR,9.0,5.0,clear_violation,309.0,91.0,217.6897959861901,99.0,0.1523378582202111,101,663,250.0796178343949,295.0,0.8982558139534884,1.0375454953200727,1,0,0,0,1
2023,Qatar Grand Prix,S,HAM,7.0,5.0,clear_violation,305.0,84.0,212.59356754368224,100.0,0.2392273402674591,161,673,250.0796178343949,295.0,0.8866279069767442,1.0132560294785893,1,0,0,0,1
2023,Qatar Grand Prix,S,SAI,8.0,15.0,clear_violation,310.0,88.0,218.8599345185748,100.0,0.225854383358098,152,673,250.0796178343949,295.0,0.9011627906976745,1.0431225686857586,1,0,0,0,1
2023,Qatar Grand Prix,S,BOT,15.0,15.0,clear_violation,308.0,86.0,212.58689082037205,100.0,0.2117647058823529,144,680,250.0796178343949,295.0,0.8953488372093024,1.0132242071133626,1,0,0,0,1
2023,Saudi Arabian Grand Prix,FP1,ALB,5.0,8.0,no_advantage,334.0,88.0,237.7762111850443,100.0,0.1592797783933518,115,722,278.82474226804123,307.0,1.0,1.0,0,0,0,1,1
2023,Saudi Arabian Grand Prix,Q,HAM,20.0,27.0,clear_violation,329.0,89.0,247.16711405755555,104.0,0.1116071428571428,75,672,299.4096385542169,315.0,0.9791666666666666,1.0011569611261208,0,1,0,0,1
2023,Saudi Arabian Grand Prix,Q,HUL,13.0,27.0,clear_violation,336.0,88.0,248.10287305008669,100.0,0.1510263929618768,103,682,299.4096385542169,315.0,1.0,1.0049472777824489,0,1,0,0,1
2023,Saudi Arabian Grand Prix,Q,MAG,16.0,27.0,clear_violation,334.0,95.0,246.80362672510896,100.0,0.1331360946745562,90,676,299.4096385542169,315.0,0.9940476190476191,0.9996846460305319,0,1,0,0,1
2023,Saudi Arabian Grand Prix,Q,SAR,2.0,27.0,clear_violation,333.0,87.0,245.45231328875505,100.0,0.1445086705202312,100,692,299.4096385542169,315.0,0.9910714285714286,0.9942111150608984,0,1,0,0,1
2023,Saudi Arabian Grand Prix,R,VER,5.0,23.0,clear_violation,329.0,84.0,230.3915633680541,100.0,0.1469387755102041,108,735,291.70883315158125,314.0,0.9676470588235294,1.0136303611049473,0,0,1,0,1
2023,Saudi Arabian Grand Prix,R,VER,37.0,23.0,clear_violation,316.0,84.0,237.3462940068193,100.0,0.1514726507713885,108,713,291.70883315158125,314.0,0.9294117647058824,1.0442283831232166,0,0,1,0,1
2023,Saudi Arabian Grand Prix,R,PER,37.0,23.0,clear_violation,315.0,88.0,237.147738232804,100.0,0.1165730337078651,83,712,291.70883315158125,314.0,0.9264705882352942,1.043354817451052,0,0,1,0,1
2023,Saudi Arabian Grand Prix,R,LEC,31.0,23.0,clear_violation,314.0,85.0,233.24276154681863,100.0,0.1348314606741573,96,712,291.70883315158125,314.0,0.9235294117647059,1.0261744881436008,0,0,1,0,1
2023,Saudi Arabian Grand Prix,R,LEC,32.0,2.0,clear_violation,315.0,76.0,231.9333908282263,100.0,0.1367403314917127,99,724,291.70883315158125,314.0,0.9264705882352942,1.0204137827822384,0,0,1,0,1
2023,Saudi Arabian Grand Prix,R,STR,12.0,5.0,clear_violation,303.0,82.0,228.67630332047324,100.0,0.1552447552447552,111,715,291.70883315158125,314.0,0.8911764705882353,1.0060839056879112,0,0,1,0,1
2023,Saudi Arabian Grand Prix,R,SAR,5.0,23.0,clear_violation,317.0,82.0,225.75057512985435,100.0,0.163563829787234,123,752,291.70883315158125,314.0,0.9323529411764706,0.9932118765259129,0,0,1,0,1
2023,Saudi Arabian Grand Prix,R,MAG,4.0,23.0,clear_violation,317.0,75.0,225.4173820044648,100.0,0.1578947368421052,114,722,291.70883315158125,314.0,0.9323529411764706,0.9917459605736575,0,0,1,0,1
2023,Saudi Arabian Grand Prix,R,MAG,23.0,23.0,clear_violation,332.0,83.0,229.2633080059017,100.0,0.1436541143654114,103,717,291.70883315158125,314.0,0.9764705882352941,1.0086664905819187,0,0,1,0,1
2023,Saudi Arabian Grand Prix,R,ALB,5.0,23.0,clear_violation,340.0,75.0,224.95777545415183,100.0,0.1899070385126162,143,753,291.70883315158125,314.0,1.0,0.9897238763152347,0,0,1,0,1
2023,Saudi Arabian Grand Prix,R,ALB,26.0,23.0,clear_violation,327.0,79.0,223.08652191274743,100.0,0.179384203480589,134,747,291.70883315158125,314.0,0.961764705882353,0.9814911121672588,0,0,1,0,1
2023,Saudi Arabian Grand Prix,R,ZHO,22.0,2.0,clear_violation,324.0,70.0,225.9585092077174,100.0,0.1752433936022253,126,719,291.70883315158125,314.0,0.9529411764705882,0.9941267029689873,0,0,1,0,1
2023,Saudi Arabian Grand Prix,R,HUL,9.0,23.0,clear_violation,311.0,82.0,228.4756249800693,100.0,0.1502732240437158,110,732,291.70883315158125,314.0,0.9147058823529411,1.00520100157599,0,0,1,0,1
2023,Saudi Arabian Grand Prix,R,NOR,32.0,23.0,clear_violation,325.0,75.0,231.55180175872007,99.0,0.1580381471389645,116,734,291.70883315158125,314.0,0.9558823529411765,1.0187349441100975,0,0,1,0,1
2023,Saudi Arabian Grand Prix,R,SAI,16.0,23.0,clear_violation,307.0,0.0,193.5719759811444,100.0,0.1898148148148148,164,864,291.70883315158125,314.0,0.9029411764705882,0.8516389621442707,0,0,1,0,1
2023,Saudi Arabian Grand Prix,R,PIA,43.0,23.0,clear_violation,328.0,78.0,229.92401470589763,99.0,0.1587078651685393,113,712,291.70883315158125,314.0,0.9647058823529412,1.0115733347437055,0,0,1,0,1
2023,Singapore Grand Prix,FP2,SAR,11.0,19.0,no_advantage,262.0,53.0,128.27075134132434,100.0,0.2281746031746031,230,1008,232.25124378109453,258.0,1.0,1.0,0,0,0,1,1
2023,Singapore Grand Prix,FP3,VER,3.0,14.0,no_advantage,271.0,4.0,95.087620094498,100.0,0.1151943462897526,163,1415,229.1948051948052,259.0,1.0,0.9823105215560961,0,0,0,1,1
2023,Singapore Grand Prix,FP3,ALB,11.0,14.0,no_advantage,265.0,0.0,98.51230173850436,100.0,0.1795252225519288,242,1348,229.1948051948052,259.0,0.977859778597786,1.0176894784439037,0,0,0,1,1
2023,Singapore Grand Prix,Q,ALB,11.0,19.0,clear_violation,317.0,65.0,187.0161885762316,100.0,0.222065063649222,157,707,248.3317073170732,261.0,1.0,1.0,0,1,0,0,1
2023,Singapore Grand Prix,R,GAS,6.0,7.0,clear_violation,306.0,62.0,171.2502451973592,100.0,0.2503209242618742,195,779,243.06043437204912,253.0,0.9386503067484663,1.000026188449633,0,0,1,0,1
2023,Singapore Grand Prix,R,PER,60.0,7.0,clear_violation,317.0,54.0,175.93280712329025,100.0,0.2433936022253129,175,719,243.06043437204912,253.0,0.9723926380368099,1.0273702926847634,0,0,1,0,1
2023,Singapore Grand Prix,R,ALO,29.0,2.0,clear_violation,313.0,59.0,171.93923729003123,100.0,0.2467532467532467,190,770,243.06043437204912,253.0,0.9601226993865031,1.0040495995432213,0,0,1,0,1
2023,Singapore Grand Prix,R,LEC,23.0,7.0,clear_violation,298.0,58.0,170.22653852783554,100.0,0.2729591836734694,214,784,243.06043437204912,253.0,0.9141104294478528,0.9940481912932823,0,0,1,0,1
2023,Singapore Grand Prix,R,MAG,35.0,7.0,clear_violation,295.0,57.0,172.40020419042736,100.0,0.2461538461538461,192,780,243.06043437204912,253.0,0.9049079754601227,1.0067414437030549,0,0,1,0,1
2023,Singapore Grand Prix,R,MAG,36.0,2.0,clear_violation,299.0,40.0,163.4714560338892,100.0,0.2873274780426599,229,797,243.06043437204912,253.0,0.9171779141104295,0.9546014775598285,0,0,1,0,1
2023,Singapore Grand Prix,R,HUL,39.0,7.0,clear_violation,326.0,62.0,175.92011787724323,100.0,0.25578231292517,188,735,243.06043437204912,253.0,1.0,1.0272961930632178,0,0,1,0,1
2023,Singapore Grand Prix,R,HUL,53.0,7.0,clear_violation,299.0,61.0,169.90634354134409,100.0,0.2421185372005044,192,793,243.06043437204912,253.0,0.9171779141104295,0.9921783932586418,0,0,1,0,1
2023,Singapore Grand Prix,R,HAM,24.0,7.0,clear_violation,301.0,65.0,174.37910653783186,100.0,0.2376623376623376,183,770,243.06043437204912,253.0,0.9233128834355828,1.0182973639267503,0,0,1,0,1
2023,Singapore Grand Prix,R,RUS,51.0,19.0,clear_violation,293.0,61.0,182.4365741582729,100.0,0.2377717391304347,175,736,243.06043437204912,253.0,0.8987730061349694,1.0653494345602248,0,0,1,0,1
2023,Singapore Grand Prix,R,ALO,46.0,14.0,no_advantage,297.0,0.0,155.84073542270446,100.0,0.2204176334106728,190,862,243.06043437204912,253.0,0.911042944785276,0.9100414219573807,0,0,1,0,1
2023,Spanish Grand Prix,FP2,RUS,7.0,10.0,no_advantage,317.0,40.0,175.57450163409467,100.0,0.1197771587743732,86,718,268.18546845124285,294.0,1.0,1.0,0,0,0,1,1
2023,Spanish Grand Prix,FP3,STR,9.0,5.0,no_advantage,295.0,8.0,137.63986841552247,100.0,0.1927710843373494,176,913,256.9497716894977,296.0,1.0,1.0,0,0,0,1,1
2023,Spanish Grand Prix,Q,HUL,2.0,5.0,clear_violation,334.0,99.0,226.74851922190047,100.0,0.1678445229681978,95,566,289.4192139737991,298.0,1.0,1.2717083904067235,0,1,0,0,1
2023,Spanish Grand Prix,Q,PER,15.0,5.0,clear_violation,326.0,0.0,130.18606673099333,100.0,0.1127049180327868,110,976,289.4192139737991,298.0,0.9760479041916168,0.7301424236152778,0,1,0,0,1
2023,Spanish Grand Prix,Q,TSU,18.0,5.0,clear_violation,327.0,101.0,228.78390488225995,100.0,0.1137184115523465,63,554,289.4192139737991,298.0,0.9790419161676647,1.2831237550180337,0,1,0,0,1
2023,Spanish Grand Prix,Q,LEC,4.0,2.0,clear_violation,318.0,73.0,151.1725628357006,100.0,0.1981242672919109,169,853,289.4192139737991,298.0,0.9520958083832335,0.8478441985736235,0,1,0,0,1
2023,Spanish Grand Prix,Q,ALO,1.0,14.0,no_advantage,280.0,33.94285714285714,169.74963194213063,100.0,0.1535211267605633,109,710,289.4192139737991,298.0,0.8383233532934131,0.9520328156939545,0,1,0,0,1
2023,Spanish Grand Prix,Q,DEV,4.0,12.0,no_advantage,324.0,0.0,163.17305910586867,100.0,0.2213740458015267,174,786,289.4192139737991,298.0,0.9700598802395209,0.9151484166923866,0,1,0,0,1
2023,Spanish Grand Prix,R,VER,39.0,5.0,clear_violation,312.0,96.0,210.96850656037253,100.0,0.1619834710743801,98,605,279.07328605200945,294.0,0.896551724137931,1.0166390683971245,0,0,1,0,1
2023,Spanish Grand Prix,R,VER,45.0,5.0,clear_violation,308.0,97.0,208.8732285207249,100.0,0.1556291390728476,94,604,279.07328605200945,294.0,0.8850574712643678,1.0065421039307683,0,0,1,0,1
2023,Spanish Grand Prix,R,VER,56.0,10.0,clear_violation,309.0,101.0,216.4425030827173,100.0,0.1747899159663865,104,595,279.07328605200945,294.0,0.8879310344827587,1.0430177863186696,0,0,1,0,1
2023,Spanish Grand Prix,R,ALO,34.0,13.0,clear_violation,308.0,94.0,206.19532945316843,100.0,0.1806451612903225,112,620,279.07328605200945,294.0,0.8850574712643678,0.9936375388954981,0,0,1,0,1
2023,Spanish Grand Prix,R,ZHO,56.0,2.0,clear_violation,335.0,92.0,207.79375927850523,100.0,0.1816693944353518,111,611,279.07328605200945,294.0,0.9626436781609196,1.0013402345964963,0,0,1,0,1
2023,Spanish Grand Prix,R,HUL,22.0,9.0,clear_violation,314.0,91.0,205.72851988844164,100.0,0.1980830670926517,124,626,279.07328605200945,294.0,0.9022988505747126,0.991388023796111,0,0,1,0,1
2023,Spanish Grand Prix,R,NOR,41.0,9.0,clear_violation,301.0,90.0,205.6068957933661,100.0,0.2077294685990338,129,621,279.07328605200945,294.0,0.8649425287356322,0.9908019277539662,0,0,1,0,1
2023,Spanish Grand Prix,R,MAG,4.0,2.0,clear_violation,348.0,93.0,202.9611301381898,100.0,0.1965408805031446,125,636,279.07328605200945,294.0,1.0,0.9780522108662192,0,0,1,0,1
2023,Spanish Grand Prix,R,MAG,37.0,9.0,clear_violation,337.0,86.0,203.0708840350375,100.0,0.2113821138211382,130,615,279.07328605200945,294.0,0.9683908045977011,0.9785811054451466,0,0,1,0,1
2023,São Paulo Grand Prix,FP1,BOT,28.0,1.0,no_advantage,332.0,83.0,209.7889941028608,100.0,0.1805309734513274,102,565,302.47843942505136,338.0,1.0,1.0,0,0,0,1,1
2023,São Paulo Grand Prix,Q,ALB,14.0,4.0,clear_violation,327.0,83.0,216.6220741697864,100.0,0.1909090909090909,105,550,322.71938775510205,334.0,1.0,1.0,0,1,0,0,1
2023,São Paulo Grand Prix,S,SAR,5.0,1.0,clear_violation,342.0,78.0,196.08562124762813,100.0,0.1960132890365448,118,602,320.75,341.0,1.0,0.9878765316750158,1,0,0,0,1
2023,São Paulo Grand Prix,S,SAR,4.0,1.0,no_advantage,336.0,77.0,200.89844500030844,100.0,0.1868512110726643,108,578,320.75,341.0,0.9824561403508771,1.0121234683249842,1,0,0,0,1
2023,United States Grand Prix,Q,NOR,10.0,19.0,clear_violation,323.0,74.0,205.99397621292297,99.0,0.1607629427792915,118,734,207.90954773869348,215.0,0.9847560975609756,1.0119186311971657,0,1,0,0,1
2023,United States Grand Prix,Q,RUS,14.0,9.0,clear_violation,317.0,72.0,204.11917124837728,100.0,0.1938633193863319,139,717,207.90954773869348,215.0,0.9664634146341463,1.0027088955128378,0,1,0,0,1
2023,United States Grand Prix,Q,VER,17.0,19.0,clear_violation,325.0,75.0,207.8796256913612,100.0,0.1864406779661017,132,708,207.90954773869348,215.0,0.9908536585365854,1.021181639146323,0,1,0,0,1
2023,United States Grand Prix,Q,ZHO,5.0,20.0,clear_violation,323.0,73.0,201.7408645712472,100.0,0.1840324763193504,136,739,207.90954773869348,215.0,0.9847560975609756,0.991025773115118,0,1,0,0,1
2023,United States Grand Prix,Q,RIC,11.0,19.0,clear_violation,320.0,74.0,203.87837807458845,100.0,0.1830790568654646,132,721,207.90954773869348,215.0,0.975609756097561,1.0015260303470617,0,1,0,0,1
2023,United States Grand Prix,Q,HUL,5.0,19.0,clear_violation,328.0,70.0,203.3431642642428,100.0,0.2137096774193548,159,744,207.90954773869348,215.0,1.0,0.998896862075641,0,1,0,0,1
2023,United States Grand Prix,Q,SAR,4.0,12.0,clear_violation,324.0,71.0,198.01891274997053,100.0,0.2093023255813953,153,731,207.90954773869348,215.0,0.9878048780487805,0.9727421686058527,0,1,0,0,1
2023,United States Grand Prix,R,NOR,16.0,19.0,clear_violation,297.0,65.0,191.08464263481625,99.0,0.1925465838509316,155,805,199.99692307692308,208.0,0.8945783132530121,1.0120329672136836,0,0,1,0,1
2023,United States Grand Prix,R,NOR,26.0,19.0,clear_violation,296.0,67.0,190.08955615263105,99.0,0.2075471698113207,165,795,199.99692307692308,208.0,0.891566265060241,1.0067627355963542,0,0,1,0,1
2023,United States Grand Prix,R,SAI,41.0,19.0,clear_violation,307.0,67.0,195.56308783991983,100.0,0.2176100628930817,173,795,199.99692307692308,208.0,0.9246987951807228,1.0357519543961684,0,0,1,0,1
2023,United States Grand Prix,R,PER,41.0,12.0,clear_violation,303.0,70.0,194.4466528142956,100.0,0.1957070707070707,155,792,199.99692307692308,208.0,0.9126506024096386,1.0298390299659037,0,0,1,0,1
2023,United States Grand Prix,R,RUS,11.0,12.0,clear_violation,295.0,67.0,191.91125685943527,100.0,0.1959798994974874,156,796,199.99692307692308,208.0,0.8885542168674698,1.016410926818114,0,0,1,0,1
2023,United States Grand Prix,R,GAS,22.0,12.0,clear_violation,324.0,69.0,191.73947900403792,100.0,0.1944091486658195,153,787,199.99692307692308,208.0,0.9759036144578314,1.0155011475166364,0,0,1,0,1
2023,United States Grand Prix,R,STR,26.0,12.0,clear_violation,332.0,63.0,191.9696037745147,100.0,0.2141951837769328,169,789,199.99692307692308,208.0,1.0,1.0167199469506656,0,0,1,0,1
2023,United States Grand Prix,R,TSU,3.0,20.0,clear_violation,328.0,68.0,183.8426714742675,100.0,0.2069825436408977,166,802,199.99692307692308,208.0,0.9879518072289156,0.9736776422591146,0,0,1,0,1
2023,United States Grand Prix,R,ALB,20.0,20.0,clear_violation,303.0,68.0,190.4620727358065,100.0,0.2167741935483871,168,775,199.99692307692308,208.0,0.9126506024096386,1.0087356783604038,0,0,1,0,1
2023,United States Grand Prix,R,ALB,21.0,20.0,clear_violation,302.0,69.0,190.08108491432736,100.0,0.2144638403990025,172,802,199.99692307692308,208.0,0.9096385542168675,1.0067178697593187,0,0,1,0,1
2023,United States Grand Prix,R,ALB,45.0,6.0,clear_violation,301.0,71.0,191.4244001240848,100.0,0.2110091743119266,161,763,199.99692307692308,208.0,0.9066265060240963,1.0138324094674218,0,0,1,0,1
2023,United States Grand Prix,R,ALB,47.0,6.0,clear_violation,300.0,68.0,191.80095353246023,100.0,0.2262678803641092,174,769,199.99692307692308,208.0,0.9036144578313253,1.0158267322865553,0,0,1,0,1
2023,United States Grand Prix,R,ALB,48.0,6.0,clear_violation,301.0,69.0,193.9195754343397,100.0,0.2083879423328964,159,763,199.99692307692308,208.0,0.9066265060240963,1.0270474938307503,0,0,1,0,1
2023,United States Grand Prix,R,ALB,49.0,19.0,clear_violation,302.0,66.0,192.7085041218643,100.0,0.1915455746367239,145,757,199.99692307692308,208.0,0.9096385542168675,1.0206333515063242,0,0,1,0,1
2023,United States Grand Prix,R,SAR,12.0,19.0,clear_violation,326.0,0.0,157.97122434494975,100.0,0.2356076759061833,221,938,199.99692307692308,208.0,0.9819277108433735,0.8366558646669012,0,0,1,0,1
2023,United States Grand Prix,R,SAR,32.0,11.0,clear_violation,302.0,65.0,185.12144060358187,100.0,0.2314578005115089,181,782,199.99692307692308,208.0,0.9096385542168675,0.9804503294749815,0,0,1,0,1
2023,United States Grand Prix,R,SAR,41.0,19.0,clear_violation,308.0,68.0,192.5112286553276,100.0,0.2012903225806451,156,775,199.99692307692308,208.0,0.927710843373494,1.019588530357933,0,0,1,0,1
2023,United States Grand Prix,R,HUL,5.0,19.0,clear_violation,329.0,62.0,187.4248897834879,100.0,0.2432778489116517,190,781,199.99692307692308,208.0,0.9909638554216867,0.9926499833886732,0,0,1,0,1
2023,United States Grand Prix,R,HUL,13.0,13.0,clear_violation,296.0,67.0,187.9393619970343,100.0,0.2051948051948052,158,770,199.99692307692308,208.0,0.891566265060241,0.99537475934997,0,0,1,0,1
2023,United States Grand Prix,R,MAG,2.0,11.0,clear_violation,310.0,66.0,184.30387207583755,100.0,0.2101359703337453,170,809,199.99692307692308,208.0,0.9337349397590361,0.9761202781865852,0,0,1,0,1
2023,United States Grand Prix,R,MAG,5.0,19.0,clear_violation,319.0,70.0,187.63072807380632,100.0,0.2046936114732725,157,767,199.99692307692308,208.0,0.9608433734939759,0.9937401554341329,0,0,1,0,1
2023,United States Grand Prix,R,MAG,10.0,12.0,clear_violation,304.0,69.0,185.53423060822607,100.0,0.2209876543209876,179,810,199.99692307692308,208.0,0.9156626506024096,0.982636570543211,0,0,1,0,1
2023,United States Grand Prix,R,MAG,22.0,19.0,clear_violation,302.0,67.0,189.4332488945304,100.0,0.1905370843989769,149,782,199.99692307692308,208.0,0.9096385542168675,1.0032867650910278,0,0,1,0,1
2023,United States Grand Prix,R,MAG,55.0,19.0,clear_violation,307.0,66.0,186.8492943974757,100.0,0.1959287531806615,154,786,199.99692307692308,208.0,0.9246987951807228,0.9896014835281495,0,0,1,0,1
2023,United States Grand Prix,R,ALO,2.0,11.0,clear_violation,301.0,64.0,185.11185505686743,100.0,0.2230483271375464,180,807,199.99692307692308,208.0,0.9066265060240963,0.9803995619766098,0,0,1,0,1
2023,United States Grand Prix,R,ALO,18.0,9.0,clear_violation,319.0,63.0,188.32975758980007,100.0,0.2158092848180677,172,797,199.99692307692308,208.0,0.9608433734939759,0.9974423939054531,0,0,1,0,1
2023,United States Grand Prix,R,OCO,5.0,19.0,clear_violation,307.0,68.0,179.55402573363028,100.0,0.2457002457002457,200,814,199.99692307692308,208.0,0.9246987951807228,0.9509638814127231,0,0,1,0,1
2023,United States Grand Prix,R,HAM,6.0,19.0,clear_violation,321.0,67.0,191.71961867643665,100.0,0.2173350582147477,168,773,199.99692307692308,208.0,0.9668674698795181,1.0153959621600583,0,0,1,0,1
2023,United States Grand Prix,R,HAM,16.0,19.0,clear_violation,296.0,68.0,191.66585069646152,100.0,0.2082294264339152,167,802,199.99692307692308,208.0,0.891566265060241,1.0151111932348063,0,0,1,0,1
2023,United States Grand Prix,R,HAM,56.0,9.0,clear_violation,306.0,69.0,193.2187792043498,100.0,0.2156084656084656,163,756,199.99692307692308,208.0,0.9216867469879518,1.023335898391842,0,0,1,0,1
2023,United States Grand Prix,R,LEC,11.0,12.0,clear_violation,307.0,62.0,187.51446661606315,100.0,0.2375,190,800,199.99692307692308,208.0,0.9246987951807228,0.9931244051235374,0,0,1,0,1
2023,United States Grand Prix,R,LEC,49.0,20.0,clear_violation,304.0,62.0,192.42281154737188,100.0,0.2569169960474308,195,759,199.99692307692308,208.0,0.9156626506024096,1.019120250820221,0,0,1,0,1
2023,United States Grand Prix,R,LEC,50.0,20.0,clear_violation,303.0,64.0,193.4920518730134,100.0,0.2341526520051746,181,773,199.99692307692308,208.0,0.9126506024096386,1.024783220091339,0,0,1,0,1
2023,United States Grand Prix,R,LEC,52.0,19.0,clear_violation,306.0,59.0,190.8383666692989,100.0,0.2240932642487046,173,772,199.99692307692308,208.0,0.9216867469879518,1.010728626934427,0,0,1,0,1
2023,United States Grand Prix,S,NOR,18.0,12.0,clear_violation,302.0,67.0,193.41194380925143,99.0,0.1763157894736842,134,760,201.9840425531915,210.0,0.9069069069069069,1.012428117068013,1,0,0,0,1
2023,United States Grand Prix,S,NOR,19.0,11.0,clear_violation,304.0,67.0,193.43725108200056,99.0,0.1849935316946959,143,773,201.9840425531915,210.0,0.9129129129129129,1.01256058972711,1,0,0,0,1
2023,United States Grand Prix,S,PER,2.0,12.0,clear_violation,332.0,72.0,191.1946480538536,100.0,0.2067183462532299,160,774,201.9840425531915,210.0,0.996996996996997,1.0008215299958398,1,0,0,0,1
2023,United States Grand Prix,S,RUS,3.0,15.0,clear_violation,317.0,67.0,193.52182220532845,100.0,0.2132822477650063,167,783,201.9840425531915,210.0,0.9519519519519519,1.0130032830864901,1,0,0,0,1
2023,United States Grand Prix,S,ALB,7.0,1.0,clear_violation,304.0,70.0,192.70097507459096,100.0,0.2234848484848484,177,792,201.9840425531915,210.0,0.9129129129129129,1.008706502346864,1,0,0,0,1
2023,United States Grand Prix,S,ALB,19.0,19.0,clear_violation,305.0,66.0,195.91707868827484,100.0,0.2171651495448634,167,769,201.9840425531915,210.0,0.9159159159159159,1.0255414178219333,1,0,0,0,1
2023,United States Grand Prix,S,PIA,3.0,9.0,clear_violation,301.0,66.0,190.1129373650156,99.0,0.1874213836477987,149,795,201.9840425531915,210.0,0.9039039039039038,0.9951592410267952,1,0,0,0,1
2023,United States Grand Prix,S,PIA,6.0,20.0,clear_violation,300.0,68.0,190.2799719258433,99.0,0.1767676767676767,140,792,201.9840425531915,210.0,0.9009009009009009,0.996033594919184,1,0,0,0,1
2023,United States Grand Prix,S,PIA,7.0,20.0,clear_violation,316.0,66.0,191.2525226672718,99.0,0.1773584905660377,141,795,201.9840425531915,210.0,0.948948948948949,1.001124478638695,1,0,0,0,1
2023,United States Grand Prix,S,RIC,4.0,12.0,clear_violation,328.0,68.0,191.2345220229432,100.0,0.192258064516129,149,775,201.9840425531915,210.0,0.984984984984985,1.001030253028401,1,0,0,0,1
2023,United States Grand Prix,S,ZHO,13.0,15.0,clear_violation,327.0,66.0,191.1101006243772,100.0,0.2357414448669201,186,789,201.9840425531915,210.0,0.9819819819819819,1.0003789606635543,1,0,0,0,1
2023,United States Grand Prix,S,MAG,8.0,19.0,clear_violation,313.0,67.0,190.08121962983265,100.0,0.2266500622665006,182,803,201.9840425531915,210.0,0.93993993993994,0.9949932123613648,1,0,0,0,1
2023,United States Grand Prix,S,MAG,9.0,12.0,clear_violation,311.0,65.0,190.16298721995616,100.0,0.215,172,800,201.9840425531915,210.0,0.933933933933934,0.9954212304334421,1,0,0,0,1
2023,United States Grand Prix,S,MAG,12.0,1.0,clear_violation,306.0,67.0,187.5682044941561,100.0,0.2049286640726329,158,771,201.9840425531915,210.0,0.918918918918919,0.9818386618622208,1,0,0,0,1
2023,United States Grand Prix,S,MAG,13.0,15.0,clear_violation,310.0,55.0,188.19631866437084,100.0,0.2151741293532338,173,804,201.9840425531915,210.0,0.9309309309309309,0.9851265686694726,1,0,0,0,1
2023,United States Grand Prix,S,SAR,12.0,19.0,clear_violation,333.0,63.0,186.42077405667345,100.0,0.2387096774193548,185,775,201.9840425531915,210.0,1.0,0.9758323583506198,1,0,0,0,1
2024,Abu Dhabi Grand Prix,Q,LEC,11.0,1.0,clear_violation,327.0,67.0,227.42244739143183,100.0,0.1136,71,625,222.5857988165681,230.0,0.9819819819819819,1.0109479303296032,0,1,0,0,1
2024,Abu Dhabi Grand Prix,Q,COL,2.0,1.0,clear_violation,333.0,69.0,222.49676321971103,100.0,0.1695721077654516,107,631,222.5857988165681,230.0,1.0,0.9890520696703969,0,1,0,0,1
2024,Abu Dhabi Grand Prix,R,VER,9.0,1.0,clear_violation,337.0,58.0,210.6395733597594,100.0,0.1613372093023256,111,688,211.3320039880359,222.0,1.0,1.013278037989232,0,0,1,0,1
2024,Abu Dhabi Grand Prix,R,GAS,37.0,1.0,clear_violation,306.0,62.0,211.20227723882948,100.0,0.1464497041420118,99,676,211.3320039880359,222.0,0.9080118694362018,1.015984915303208,0,0,1,0,1
2024,Abu Dhabi Grand Prix,R,ALO,10.0,1.0,clear_violation,315.0,59.0,207.6145161346932,99.0,0.1841004184100418,132,717,211.3320039880359,222.0,0.9347181008902077,0.998726052334642,0,0,1,0,1
2024,Abu Dhabi Grand Prix,R,LEC,10.0,1.0,clear_violation,330.0,60.0,210.641574675833,100.0,0.175886524822695,124,705,211.3320039880359,222.0,0.9792284866468842,1.0132876652857183,0,0,1,0,1
2024,Abu Dhabi Grand Prix,R,LEC,56.0,1.0,clear_violation,316.0,56.0,215.0519139258125,100.0,0.1561561561561561,104,666,211.3320039880359,222.0,0.9376854599406528,1.0345035262505216,0,0,1,0,1
2024,Abu Dhabi Grand Prix,R,STR,9.0,1.0,clear_violation,312.0,62.0,207.9785660583061,99.0,0.1664275466284074,116,697,211.3320039880359,222.0,0.9258160237388724,1.0004773082190173,0,0,1,0,1
2024,Abu Dhabi Grand Prix,R,STR,15.0,1.0,clear_violation,330.0,60.0,209.80537375603683,99.0,0.181021897810219,124,685,211.3320039880359,222.0,0.9792284866468842,1.0092651351701227,0,0,1,0,1
2024,Abu Dhabi Grand Prix,R,STR,16.0,1.0,clear_violation,330.0,56.0,208.22026278865545,99.0,0.1824817518248175,125,685,211.3320039880359,222.0,0.9792284866468842,1.0016399861755403,0,0,1,0,1
2024,Abu Dhabi Grand Prix,R,STR,56.0,1.0,clear_violation,309.0,59.0,210.35464971264392,99.0,0.146551724137931,102,696,211.3320039880359,222.0,0.9169139465875371,1.011907417694475,0,0,1,0,1
2024,Abu Dhabi Grand Prix,R,MAG,30.0,6.0,clear_violation,335.0,0.0,156.07696652459492,100.0,0.2341772151898734,222,948,211.3320039880359,222.0,0.9940652818991098,0.7508055580099532,0,0,1,0,1
2024,Abu Dhabi Grand Prix,R,MAG,46.0,1.0,clear_violation,311.0,64.0,210.93157294507247,100.0,0.1592539454806312,111,697,211.3320039880359,222.0,0.9228486646884273,1.0146826969627594,0,0,1,0,1
2024,Abu Dhabi Grand Prix,R,TSU,4.0,1.0,clear_violation,316.0,62.0,208.67711744887995,100.0,0.1712230215827338,119,695,211.3320039880359,222.0,0.9376854599406528,1.0038376776462115,0,0,1,0,1
2024,Abu Dhabi Grand Prix,R,TSU,13.0,1.0,clear_violation,311.0,59.0,208.9344842438552,100.0,0.172463768115942,119,690,211.3320039880359,222.0,0.9228486646884273,1.005075736178597,0,0,1,0,1
2024,Abu Dhabi Grand Prix,R,TSU,28.0,1.0,clear_violation,309.0,61.0,209.2356520631029,100.0,0.1510791366906475,105,695,211.3320039880359,222.0,0.9169139465875371,1.0065244987834832,0,0,1,0,1
2024,Abu Dhabi Grand Prix,R,ALB,24.0,1.0,clear_violation,315.0,60.0,209.7981356991568,100.0,0.1804949053857351,124,687,211.3320039880359,222.0,0.9347181008902077,1.0092303166222247,0,0,1,0,1
2024,Abu Dhabi Grand Prix,R,LAW,9.0,1.0,clear_violation,313.0,60.0,207.27359965363144,100.0,0.1693198263386396,117,691,211.3320039880359,222.0,0.9287833827893175,0.9970860794770324,0,0,1,0,1
2024,Abu Dhabi Grand Prix,R,LAW,10.0,1.0,clear_violation,314.0,58.0,207.74290004809103,100.0,0.1711079943899018,122,713,211.3320039880359,222.0,0.9317507418397626,0.9993436409377814,0,0,1,0,1
2024,Abu Dhabi Grand Prix,R,HAM,49.0,1.0,clear_violation,313.0,63.0,213.92795533382483,100.0,0.1769911504424778,120,678,211.3320039880359,222.0,0.9287833827893175,1.0290967428113753,0,0,1,0,1
2024,Abu Dhabi Grand Prix,R,SAI,24.0,1.0,clear_violation,311.0,61.0,209.9270988929613,100.0,0.178623718887262,122,683,211.3320039880359,222.0,0.9228486646884273,1.0098506918437784,0,0,1,0,1
2024,Abu Dhabi Grand Prix,R,DOO,10.0,1.0,clear_violation,309.0,59.0,206.58170479212,100.0,0.1778711484593837,127,714,211.3320039880359,222.0,0.9169139465875371,0.9937577311681906,0,0,1,0,1
2024,Abu Dhabi Grand Prix,R,DOO,24.0,1.0,clear_violation,332.0,57.0,211.05339939446216,100.0,0.1941176470588235,132,680,211.3320039880359,222.0,0.9851632047477745,1.0152687409982832,0,0,1,0,1
2024,Abu Dhabi Grand Prix,R,DOO,42.0,1.0,clear_violation,312.0,61.0,208.53064202844627,100.0,0.1635036496350365,112,685,211.3320039880359,222.0,0.9258160237388724,1.0031330601602217,0,0,1,0,1
2024,Abu Dhabi Grand Prix,R,RUS,36.0,1.0,clear_violation,312.0,59.0,210.8794236661785,100.0,0.1531791907514451,106,692,211.3320039880359,222.0,0.9258160237388724,1.0144318337552556,0,0,1,0,1
2024,Abu Dhabi Grand Prix,R,RUS,52.0,1.0,clear_violation,312.0,60.0,213.7149223818953,100.0,0.1526162790697674,105,688,211.3320039880359,222.0,0.9258160237388724,1.0280719514670178,0,0,1,0,1
2024,Abu Dhabi Grand Prix,R,PIA,14.0,1.0,clear_violation,337.0,58.0,210.36334691161704,100.0,0.1610044313146233,109,677,211.3320039880359,222.0,1.0,1.0119492554202685,0,0,1,0,1
2024,Abu Dhabi Grand Prix,R,PIA,29.0,1.0,clear_violation,313.0,60.0,208.1756179714413,100.0,0.1445086705202312,100,692,211.3320039880359,222.0,0.9287833827893175,1.0014252230516336,0,0,1,0,1
2024,Abu Dhabi Grand Prix,R,PIA,45.0,11.0,clear_violation,336.0,58.0,209.40902790501443,100.0,0.1673881673881674,116,693,211.3320039880359,222.0,0.9970326409495549,1.0073585202834545,0,0,1,0,1
2024,Australian Grand Prix,FP1,ALO,9.0,10.0,no_advantage,304.8071442285714,33.0,186.23830613119603,100.0,0.1777493606138107,139,782,283.816384180791,307.0,1.0,1.0079486796264578,0,0,0,1,1
2024,Australian Grand Prix,FP1,HAM,13.0,2.0,no_advantage,304.0673058461539,15.775,183.30095691980625,100.0,0.1400523560209424,107,764,283.816384180791,307.0,0.9975727656112197,0.992051320373542,0,0,0,1,1
2024,Australian Grand Prix,FP2,SAR,17.0,1.0,no_advantage,323.0,81.0,210.70395364349145,100.0,0.1512481644640235,103,681,282.1929824561403,308.0,1.0,0.9835216668334147,0,0,0,1,1
2024,Australian Grand Prix,FP2,LEC,19.0,2.0,no_advantage,296.0,93.0,227.3151132575777,100.0,0.1475155279503105,95,644,282.1929824561403,308.0,0.9164086687306502,1.0610590604569097,0,0,0,1,1
2024,Australian Grand Prix,FP2,STR,24.0,13.0,no_advantage,298.0,38.0,204.6834604013,100.0,0.1037868162692847,74,713,282.1929824561403,308.0,0.9226006191950464,0.9554192727096757,0,0,0,1,1
2024,Australian Grand Prix,Q,ALB,2.0,10.0,clear_violation,322.0,97.0,239.35817980857675,100.0,0.1269035532994923,75,591,300.39565217391305,311.0,1.0,1.1064202380364405,0,1,0,0,1
2024,Australian Grand Prix,Q,RIC,5.0,5.0,clear_violation,322.0,96.0,243.61633037084715,100.0,0.1064189189189189,63,592,300.39565217391305,311.0,1.0,1.1261033086650274,0,1,0,0,1
2024,Australian Grand Prix,Q,ALO,16.0,6.0,no_advantage,311.1678564571429,27.0,166.03254404808575,100.0,0.1148105625717566,100,871,300.39565217391305,311.0,0.9663598026619344,0.7674764532985322,0,1,0,0,1
2024,Australian Grand Prix,R,HAM,10.0,2.0,clear_violation,320.0,88.0,224.58252748945264,100.0,0.1742424242424242,115,660,289.339937434828,311.0,1.0,1.0,0,0,1,0,1
2024,Austrian Grand Prix,Q,LEC,21.0,9.0,clear_violation,323.0,71.0,219.1065271971978,100.0,0.1857142857142857,104,560,284.2122641509434,291.0,0.9938461538461538,0.9431516416234805,0,1,0,0,1
2024,Austrian Grand Prix,Q,PIA,16.0,6.0,clear_violation,319.0,68.0,237.56460033135755,99.0,0.1332007952286282,67,503,284.2122641509434,291.0,0.9815384615384616,1.0226050572765022,0,1,0,0,1
2024,Austrian Grand Prix,Q,GAS,17.0,6.0,clear_violation,319.0,66.0,237.3682546185236,100.0,0.1342412451361867,69,514,284.2122641509434,291.0,0.9815384615384616,1.0217598803493062,0,1,0,0,1
2024,Austrian Grand Prix,Q,TSU,5.0,6.0,clear_violation,325.0,65.0,235.213211084024,100.0,0.1594202898550724,77,483,284.2122641509434,291.0,1.0,1.012483420750711,0,1,0,0,1
2024,Austrian Grand Prix,R,PIA,70.0,1.0,clear_violation,310.0,58.0,221.72162932022584,99.0,0.1713221601489758,92,537,272.26176470588234,286.0,0.9627329192546584,1.0980021382254739,0,0,1,0,1
2024,Austrian Grand Prix,R,VER,63.0,3.0,clear_violation,304.0,65.0,220.50867442730265,100.0,0.1865671641791045,100,536,272.26176470588234,286.0,0.9440993788819876,1.0919953852078097,0,0,1,0,1
2024,Austrian Grand Prix,R,VER,64.0,3.0,clear_violation,299.0,45.0,156.04870718174058,100.0,0.2312925170068027,170,735,272.26176470588234,286.0,0.9285714285714286,0.7727789782087892,0,0,1,0,1
2024,Austrian Grand Prix,R,HUL,12.0,3.0,clear_violation,308.0,0.0,173.3760256323201,100.0,0.2631578947368421,180,684,272.26176470588234,286.0,0.9565217391304348,0.8585867217599253,0,0,1,0,1
2024,Austrian Grand Prix,R,PER,21.0,1.0,clear_violation,297.0,60.0,198.4293907400652,100.0,0.256993006993007,147,572,272.26176470588234,286.0,0.922360248447205,0.9826551247496836,0,0,1,0,1
2024,Austrian Grand Prix,R,GAS,35.0,3.0,clear_violation,321.0,54.0,210.65134598959364,100.0,0.2401433691756272,134,558,272.26176470588234,286.0,0.9968944099378882,1.0431802662905505,0,0,1,0,1
2024,Austrian Grand Prix,R,LEC,46.0,6.0,clear_violation,314.0,65.0,219.21104418135545,100.0,0.2222222222222222,124,558,272.26176470588234,286.0,0.9751552795031055,1.0855693058530602,0,0,1,0,1
2024,Austrian Grand Prix,R,TSU,36.0,1.0,clear_violation,318.0,61.0,215.38592879420548,100.0,0.2022471910112359,108,534,272.26176470588234,286.0,0.9875776397515528,1.066626702522359,0,0,1,0,1
2024,Austrian Grand Prix,R,ZHO,20.0,3.0,clear_violation,302.0,48.0,203.95330474238943,100.0,0.2163120567375886,122,564,272.26176470588234,286.0,0.937888198757764,1.0100104594751278,0,0,1,0,1
2024,Austrian Grand Prix,R,SAR,58.0,6.0,clear_violation,306.0,63.0,218.6018641539981,100.0,0.1903881700554528,103,541,272.26176470588234,286.0,0.9503105590062112,1.0825525457171488,0,0,1,0,1
2024,Austrian Grand Prix,R,NOR,10.0,3.0,clear_violation,302.0,58.0,215.4069236559244,100.0,0.1929499072356215,104,539,272.26176470588234,286.0,0.937888198757764,1.0667306725460766,0,0,1,0,1
2024,Austrian Grand Prix,R,NOR,56.0,1.0,clear_violation,318.0,59.0,224.87322693486203,100.0,0.1864406779661017,99,531,272.26176470588234,286.0,0.9875776397515528,1.1136093702772418,0,0,1,0,1
2024,Austrian Grand Prix,R,NOR,59.0,3.0,clear_violation,322.0,48.0,220.5792640569701,100.0,0.2152133580705009,116,539,272.26176470588234,286.0,1.0,1.0923449567157812,0,0,1,0,1
2024,Austrian Grand Prix,R,NOR,64.0,3.0,clear_violation,318.0,33.0,128.2989048164488,100.0,0.1191536748329621,107,898,272.26176470588234,286.0,0.9875776397515528,0.6353573724509732,0,0,1,0,1
2024,Austrian Grand Prix,S,NOR,6.0,1.0,clear_violation,316.0,62.0,220.9442527411451,100.0,0.1821705426356589,94,516,278.3195652173913,286.0,0.978328173374613,1.0132411225217204,1,0,0,0,1
2024,Austrian Grand Prix,S,NOR,16.0,1.0,clear_violation,322.0,61.0,220.8745026710152,100.0,0.1910946196660482,103,539,278.3195652173913,286.0,0.9969040247678018,1.0129212516109474,1,0,0,0,1
2024,Austrian Grand Prix,S,ALO,7.0,1.0,clear_violation,323.0,60.0,220.6047767235445,100.0,0.1759082217973231,92,523,278.3195652173913,286.0,1.0,1.0116842996721764,1,0,0,0,1
2024,Austrian Grand Prix,S,ALO,21.0,3.0,clear_violation,304.0,43.0,209.80420450122315,99.0,0.2089285714285714,117,560,278.3195652173913,286.0,0.9411764705882353,0.9621533261951558,1,0,0,0,1
2024,Austrian Grand Prix,SQ,PIA,7.0,6.0,clear_violation,324.0,68.0,231.0901631897886,99.0,0.1465863453815261,73,498,280.2537313432836,290.0,0.9969230769230769,1.015326846676288,0,1,0,0,1
2024,Austrian Grand Prix,SQ,HAM,2.0,6.0,clear_violation,318.0,63.0,232.13503712306675,100.0,0.1732283464566929,88,508,280.2537313432836,290.0,0.9784615384615385,1.019917645960887,0,1,0,0,1
2024,Austrian Grand Prix,SQ,TSU,5.0,9.0,clear_violation,322.0,0.0,207.61102813714672,100.0,0.1472727272727272,81,550,280.2537313432836,290.0,0.9907692307692307,0.9121679937565847,0,1,0,0,1
2024,Austrian Grand Prix,SQ,ZHO,2.0,9.0,clear_violation,322.0,69.0,229.5922819366865,100.0,0.1802325581395348,93,516,280.2537313432836,290.0,0.9907692307692307,1.0087456965813846,0,1,0,0,1
2024,Austrian Grand Prix,SQ,BOT,5.0,6.0,clear_violation,320.0,66.0,230.97117937659485,100.0,0.1603960396039604,81,505,280.2537313432836,290.0,0.9846153846153847,1.0148040747063,0,1,0,0,1
2024,Austrian Grand Prix,SQ,SAR,8.0,6.0,clear_violation,325.0,64.0,234.21078697888856,100.0,0.1765873015873016,89,504,280.2537313432836,290.0,1.0,1.029037742318556,0,1,0,0,1
2024,Azerbaijan Grand Prix,Q,SAI,2.0,15.0,clear_violation,342.0142848,49.0,169.05070496278628,100.0,0.2157068062827225,206,955,334.82959641255604,350.0,1.0,1.0,0,1,0,0,1
2024,Azerbaijan Grand Prix,R,VER,24.0,15.0,clear_violation,351.68333226666664,66.0,193.3803289594635,100.0,0.2517401392111369,217,862,321.1932418162619,357.0,1.0,1.0140196857558736,0,0,1,0,1
2024,Azerbaijan Grand Prix,R,OCO,36.0,1.0,clear_violation,322.0,42.0,188.0330334750406,100.0,0.2233560090702948,197,882,321.1932418162619,357.0,0.9155964200084438,0.9859803142441264,0,0,1,0,1
2024,Bahrain Grand Prix,Q,MAG,8.0,7.0,clear_violation,320.0,73.0,211.7345742585589,100.0,0.1957142857142857,137,700,286.18857142857144,293.0,1.0,1.0035779622618695,0,1,0,0,1
2024,Bahrain Grand Prix,Q,GAS,2.0,13.0,clear_violation,310.0,65.0,210.2248194717505,100.0,0.1733149931224209,126,727,286.18857142857144,293.0,0.96875,0.9964220377381304,0,1,0,0,1
2024,Bahrain Grand Prix,R,VER,46.0,4.0,clear_violation,303.0,63.0,204.3571450159586,100.0,0.2025316455696202,144,711,280.73204419889504,293.0,0.926605504587156,1.032369794409011,0,0,1,0,1
2024,Bahrain Grand Prix,R,LEC,4.0,10.0,clear_violation,320.0,64.0,197.2893032729067,100.0,0.225130890052356,172,764,280.73204419889504,293.0,0.9785932721712538,0.9966645278932741,0,0,1,0,1
2024,Bahrain Grand Prix,R,RUS,46.0,10.0,clear_violation,304.0,60.0,201.87260111870063,100.0,0.1991869918699187,147,738,280.73204419889504,293.0,0.9296636085626911,1.0198183953756568,0,0,1,0,1
2024,Bahrain Grand Prix,R,NOR,3.0,15.0,clear_violation,323.0,57.0,196.5529318127929,98.0,0.2051282051282051,152,741,280.73204419889504,293.0,0.9877675840978594,0.9929445324273609,0,0,1,0,1
2024,Bahrain Grand Prix,R,NOR,4.0,15.0,clear_violation,300.0,62.0,197.4447972865541,98.0,0.2,153,765,280.73204419889504,293.0,0.9174311926605505,0.9974500513105663,0,0,1,0,1
2024,Bahrain Grand Prix,R,NOR,56.0,13.0,clear_violation,306.0,63.0,201.85221142119312,99.0,0.2127371273712737,157,738,280.73204419889504,293.0,0.9357798165137615,1.0197153908644994,0,0,1,0,1
2024,Bahrain Grand Prix,R,HAM,27.0,10.0,clear_violation,303.0,63.0,197.9616849761641,100.0,0.236241610738255,176,745,280.73204419889504,293.0,0.926605504587156,1.0000612604161425,0,0,1,0,1
2024,Bahrain Grand Prix,R,HAM,47.0,4.0,clear_violation,305.0,65.0,203.333093741504,100.0,0.2088948787061994,155,742,280.73204419889504,293.0,0.9327217125382263,1.0271965003527137,0,0,1,0,1
2024,Bahrain Grand Prix,R,PIA,37.0,15.0,clear_violation,304.0,66.0,203.0211129553992,99.0,0.1939058171745152,140,722,280.73204419889504,293.0,0.9296636085626911,1.0256204383070953,0,0,1,0,1
2024,Bahrain Grand Prix,R,PIA,38.0,15.0,clear_violation,308.0,64.0,203.73738271410687,99.0,0.2047026279391424,148,723,280.73204419889504,293.0,0.9418960244648318,1.029238884158258,0,0,1,0,1
2024,Bahrain Grand Prix,R,PIA,50.0,4.0,clear_violation,305.0,64.0,201.74177026190068,99.0,0.202445652173913,149,736,280.73204419889504,293.0,0.9327217125382263,1.019157465097313,0,0,1,0,1
2024,Bahrain Grand Prix,R,RIC,51.0,13.0,clear_violation,326.0,60.0,197.60100871821743,100.0,0.1937669376693767,143,738,280.73204419889504,293.0,0.9969418960244648,0.9982391989744662,0,0,1,0,1
2024,Bahrain Grand Prix,R,RIC,55.0,4.0,clear_violation,327.0,62.0,198.7792400868652,100.0,0.2113821138211382,156,738,280.73204419889504,293.0,1.0,1.0041913788002421,0,0,1,0,1
2024,Bahrain Grand Prix,R,RIC,56.0,4.0,clear_violation,327.0,59.0,198.3004808157131,100.0,0.2179144385026738,163,748,280.73204419889504,293.0,1.0,1.0017727865347643,0,0,1,0,1
2024,Bahrain Grand Prix,R,TSU,10.0,4.0,clear_violation,307.0,62.0,193.867972347339,100.0,0.1949934123847167,148,759,280.73204419889504,293.0,0.9388379204892966,0.9793806756259228,0,0,1,0,1
2024,Bahrain Grand Prix,R,TSU,27.0,13.0,clear_violation,324.0,62.0,198.133010642602,100.0,0.2126816380449141,161,757,280.73204419889504,293.0,0.9908256880733946,1.000926762050664,0,0,1,0,1
2024,Bahrain Grand Prix,R,ALB,47.0,4.0,clear_violation,305.0,62.0,201.5024560411243,100.0,0.2079889807162534,151,726,280.73204419889504,293.0,0.9327217125382263,1.017948499426537,0,0,1,0,1
2024,Bahrain Grand Prix,R,ALB,49.0,10.0,clear_violation,306.0,61.0,199.6316432024909,100.0,0.2024128686327077,151,746,280.73204419889504,293.0,0.9357798165137615,1.0084975420575306,0,0,1,0,1
2024,Bahrain Grand Prix,R,GAS,44.0,4.0,clear_violation,288.0,0.0,167.6155397799556,100.0,0.2189944134078212,196,895,280.73204419889504,293.0,0.8807339449541285,0.8467588462780449,0,0,1,0,1
2024,Bahrain Grand Prix,R,GAS,55.0,4.0,clear_violation,301.0,62.0,200.82032386014424,100.0,0.2032742155525238,149,733,280.73204419889504,293.0,0.9204892966360856,1.0145025095181188,0,0,1,0,1
2024,Bahrain Grand Prix,R,SAR,9.0,4.0,no_advantage,315.0,57.0,191.525018508901,100.0,0.2217795484727755,167,753,280.73204419889504,293.0,0.963302752293578,0.9675445601218178,0,0,1,0,1
2024,Belgian Grand Prix,Q,ZHO,8.0,4.0,clear_violation,315.0,57.0,209.0487791353028,100.0,0.1764057331863285,160,907,214.8219696969697,223.0,1.0,1.0,0,1,0,0,1
2024,Belgian Grand Prix,R,HAM,13.0,4.0,clear_violation,323.0,73.0,231.24399866446737,100.0,0.1506849315068493,121,803,218.6228287841191,226.0,0.9073033707865169,1.013471503945625,0,0,1,0,1
2024,Belgian Grand Prix,R,NOR,2.0,6.0,clear_violation,355.0,71.0,226.05736396965528,99.0,0.2040816326530612,170,833,218.6228287841191,226.0,0.9971910112359551,0.9907400752602264,0,0,1,0,1
2024,Belgian Grand Prix,R,NOR,23.0,19.0,clear_violation,338.0,53.0,230.11708090439333,99.0,0.1597633136094674,135,845,218.6228287841191,226.0,0.949438202247191,1.0085325691247373,0,0,1,0,1
2024,Belgian Grand Prix,R,SAI,15.0,14.0,clear_violation,321.0,68.0,225.20391012361503,100.0,0.1712574850299401,143,835,218.6228287841191,226.0,0.901685393258427,0.9869996488799093,0,0,1,0,1
2024,Belgian Grand Prix,R,SAI,36.0,4.0,clear_violation,327.0,71.0,231.08752801219416,100.0,0.1714285714285714,138,805,218.6228287841191,226.0,0.9185393258426966,1.0127857410795678,0,0,1,0,1
2024,Belgian Grand Prix,R,SAI,41.0,4.0,clear_violation,322.0,68.0,231.7073561984144,100.0,0.1642512077294686,136,828,218.6228287841191,226.0,0.9044943820224719,1.0155022578657527,0,0,1,0,1
2024,Belgian Grand Prix,R,STR,2.0,4.0,clear_violation,356.0,62.0,223.89492210726485,100.0,0.1807372175980975,152,841,218.6228287841191,226.0,1.0,0.981262755982195,0,0,1,0,1
2024,Belgian Grand Prix,R,MAG,23.0,4.0,clear_violation,321.0,73.0,227.77303397276205,100.0,0.1304347826086956,111,851,218.6228287841191,226.0,0.901685393258427,0.9982593305419428,0,0,1,0,1
2024,Belgian Grand Prix,R,SAR,33.0,4.0,clear_violation,324.0,70.0,229.11663613146345,100.0,0.1389578163771712,112,806,218.6228287841191,226.0,0.9101123595505618,1.0041479266064812,0,0,1,0,1
2024,Belgian Grand Prix,R,HUL,14.0,6.0,clear_violation,351.0,68.0,225.500198677243,100.0,0.1562867215041128,133,851,218.6228287841191,226.0,0.9859550561797753,0.9882981907135632,0,0,1,0,1
2024,British Grand Prix,Q,RUS,8.0,9.0,clear_violation,303.0,90.0,215.8557163639166,100.0,0.1696065128900949,125,737,240.30711610486887,257.0,0.9774193548387097,1.0888735465967945,0,1,0,0,1
2024,British Grand Prix,Q,NOR,4.0,3.0,clear_violation,297.0,57.0,182.62064099121343,99.0,0.1721778791334093,151,877,240.30711610486887,257.0,0.9580645161290322,0.9212208431980322,0,1,0,0,1
2024,British Grand Prix,Q,VER,7.0,9.0,clear_violation,307.0,64.0,193.4258946083324,100.0,0.2011904761904762,169,840,240.30711610486887,257.0,0.9903225806451613,0.9757274137264418,0,1,0,0,1
2024,British Grand Prix,Q,SAI,7.0,9.0,clear_violation,308.0,74.0,217.86088949279568,100.0,0.1980742778541953,144,727,240.30711610486887,257.0,0.9935483870967742,1.0989885438420013,0,1,0,0,1
2024,British Grand Prix,Q,ALB,7.0,9.0,clear_violation,310.0,81.0,206.6924407824835,100.0,0.227330779054917,178,783,240.30711610486887,257.0,1.0,1.0426498535259225,0,1,0,0,1
2024,British Grand Prix,Q,ALO,9.0,4.0,clear_violation,285.0,28.0,165.6644061581619,100.0,0.190427698574338,187,982,240.30711610486887,257.0,0.9193548387096774,0.8356859503973924,0,1,0,0,1
2024,British Grand Prix,Q,TSU,7.0,9.0,clear_violation,308.0,63.0,205.08564716194425,100.0,0.2055837563451776,162,788,240.30711610486887,257.0,0.9935483870967742,1.0345444621204154,0,1,0,0,1
2024,British Grand Prix,Q,ZHO,9.0,9.0,clear_violation,305.0,88.0,198.6954420350382,100.0,0.1791979949874686,143,798,240.30711610486887,257.0,0.9838709677419355,1.0023093865930002,0,1,0,0,1
2024,British Grand Prix,R,HAM,19.0,2.0,clear_violation,300.0,74.0,201.7304794438514,100.0,0.2141951837769328,169,789,239.80525164113783,254.0,0.9803921568627451,0.9828428714876615,0,0,1,0,1
2024,British Grand Prix,R,NOR,20.0,12.0,clear_violation,305.0,81.0,215.69102621880424,99.0,0.1720990873533246,132,767,239.80525164113783,254.0,0.9967320261437909,1.050859484136676,0,0,1,0,1
2024,British Grand Prix,R,SAI,28.0,3.0,clear_violation,301.0,63.0,205.38209533672168,100.0,0.2101910828025477,165,785,239.80525164113783,254.0,0.9836601307189542,1.000633760894225,0,0,1,0,1
2024,British Grand Prix,R,ALB,35.0,18.0,clear_violation,304.0,68.0,200.41194148538165,100.0,0.1976744186046511,153,774,239.80525164113783,254.0,0.9934640522875817,0.9764188762795968,0,0,1,0,1
2024,British Grand Prix,R,ALB,36.0,18.0,clear_violation,304.0,68.0,204.5707470266467,100.0,0.2036082474226804,158,776,239.80525164113783,254.0,0.9934640522875817,0.9966808237622201,0,0,1,0,1
2024,British Grand Prix,R,SAR,16.0,15.0,clear_violation,306.0,81.0,224.8505760147228,100.0,0.1711079943899018,122,713,239.80525164113783,254.0,1.0,1.0954853544948562,0,0,1,0,1
2024,British Grand Prix,R,RIC,31.0,9.0,clear_violation,298.0,73.0,204.5623874486232,100.0,0.1835985312117503,150,817,239.80525164113783,254.0,0.9738562091503268,0.9966400954018271,0,0,1,0,1
2024,British Grand Prix,R,LEC,24.0,14.0,clear_violation,292.0,66.0,189.8639439352605,100.0,0.1794285714285714,157,875,239.80525164113783,254.0,0.954248366013072,0.9250284060383787,0,0,1,0,1
2024,British Grand Prix,R,RUS,19.0,2.0,clear_violation,302.0,63.0,200.20493481744603,100.0,0.2032828282828283,161,792,239.80525164113783,254.0,0.9869281045751634,0.9754103275045587,0,0,1,0,1
2024,Canadian Grand Prix,Q,RUS,4.0,4.0,clear_violation,307.0,54.0,179.0765876913206,100.0,0.1921921921921922,128,666,289.37854889589903,299.0,0.9935275080906149,1.0361508016615972,0,1,0,0,1
2024,Canadian Grand Prix,Q,HAM,4.0,1.0,clear_violation,306.0,46.0,158.42704158030097,104.0,0.2320217096336499,171,737,289.37854889589903,299.0,0.9902912621359223,0.9166709521026918,0,1,0,0,1
2024,Canadian Grand Prix,Q,SAI,2.0,2.0,clear_violation,303.0,46.0,189.88893238593505,100.0,0.2391653290529695,149,623,289.37854889589903,299.0,0.9805825242718447,1.098711853151352,0,1,0,0,1
2024,Canadian Grand Prix,Q,SAI,15.0,13.0,clear_violation,308.0,47.0,149.22722308328562,100.0,0.2595907928388747,203,782,289.37854889589903,299.0,0.9967637540453075,0.8634401002436264,0,1,0,0,1
2024,Canadian Grand Prix,Q,MAG,2.0,8.0,clear_violation,309.0,54.0,187.523674899149,100.0,0.2305295950155763,148,642,289.37854889589903,299.0,1.0,1.0850262928407326,0,1,0,0,1
2024,Canadian Grand Prix,R,VER,17.0,2.0,clear_violation,307.0,37.0,172.8051251638144,100.0,0.2600297176820208,175,673,269.4897959183673,300.0,0.9164179104477612,1.0162918333278408,0,0,1,0,1
2024,Canadian Grand Prix,R,GAS,41.0,6.0,clear_violation,298.0,43.0,154.23729485603715,100.0,0.2059973924380704,158,767,269.4897959183673,300.0,0.8895522388059701,0.9070917486282541,0,0,1,0,1
2024,Canadian Grand Prix,R,GAS,44.0,14.0,clear_violation,329.0,54.0,182.37469020181464,100.0,0.2230769230769231,145,650,269.4897959183673,300.0,0.982089552238806,1.0725718237934,0,0,1,0,1
2024,Canadian Grand Prix,R,PER,21.0,9.0,clear_violation,312.0,52.0,170.2106431347548,100.0,0.2543103448275862,177,696,269.4897959183673,300.0,0.9313432835820895,1.001033310784892,0,0,1,0,1
2024,Canadian Grand Prix,R,PER,32.0,14.0,clear_violation,317.0,48.0,167.86498250371798,100.0,0.3004354136429608,207,689,269.4897959183673,300.0,0.9462686567164179,0.98723814272595,0,0,1,0,1
2024,Canadian Grand Prix,R,ALO,6.0,,clear_violation,304.0,45.0,161.5618297612758,100.0,0.2405405405405405,178,740,269.4897959183673,300.0,0.9074626865671642,0.9501683934908539,0,0,1,0,1
2024,Canadian Grand Prix,R,ALO,32.0,14.0,clear_violation,309.0,47.0,169.03248251473764,100.0,0.2638483965014577,181,686,269.4897959183673,300.0,0.9223880597014925,0.994104378466844,0,0,1,0,1
2024,Canadian Grand Prix,R,LEC,30.0,4.0,clear_violation,300.0,44.0,152.18527489640238,100.0,0.26875,215,800,269.4897959183673,300.0,0.8955223880597015,0.8950235236561904,0,0,1,0,1
2024,Canadian Grand Prix,R,LEC,32.0,14.0,clear_violation,298.0,52.0,168.68974978628208,100.0,0.2125,153,720,269.4897959183673,300.0,0.8895522388059701,0.9920887179208193,0,0,1,0,1
2024,Canadian Grand Prix,R,STR,34.0,14.0,clear_violation,310.0,53.0,171.5234662177893,100.0,0.2263313609467455,153,676,269.4897959183673,300.0,0.9253731343283582,1.0087542124458089,0,0,1,0,1
2024,Canadian Grand Prix,R,SAR,3.0,14.0,clear_violation,309.0,45.0,151.37317988005535,100.0,0.2953367875647668,228,772,269.4897959183673,300.0,0.9223880597014925,0.8902474758843588,0,0,1,0,1
2024,Canadian Grand Prix,R,SAR,5.0,2.0,clear_violation,306.0,33.0,157.4362822258686,100.0,0.2971887550200803,222,747,269.4897959183673,300.0,0.9134328358208955,0.9259054541580911,0,0,1,0,1
2024,Canadian Grand Prix,R,SAR,6.0,6.0,clear_violation,303.0,0.0,132.9864209241624,100.0,0.2825848849945235,258,913,269.4897959183673,300.0,0.9044776119402985,0.7821122978881769,0,0,1,0,1
2024,Canadian Grand Prix,R,SAR,13.0,1.0,clear_violation,316.0,35.0,163.57324752405898,100.0,0.2975679542203147,208,699,269.4897959183673,300.0,0.9432835820895522,0.9619978310945667,0,0,1,0,1
2024,Canadian Grand Prix,R,MAG,32.0,14.0,clear_violation,318.0,48.0,169.2249514553725,100.0,0.3072463768115942,212,690,269.4897959183673,300.0,0.9492537313432836,0.9952363160314911,0,0,1,0,1
2024,Canadian Grand Prix,R,MAG,52.0,14.0,clear_violation,335.0,56.0,185.8083606623829,100.0,0.2841614906832298,183,644,269.4897959183673,300.0,1.0,1.0927657343854993,0,0,1,0,1
2024,Canadian Grand Prix,R,MAG,60.0,9.0,clear_violation,311.0,60.0,190.16876089487585,100.0,0.2375601926163724,148,623,269.4897959183673,300.0,0.9283582089552239,1.118409876259894,0,0,1,0,1
2024,Canadian Grand Prix,R,TSU,66.0,9.0,clear_violation,311.0,0.0,158.01401792099566,100.0,0.256544502617801,196,764,269.4897959183673,300.0,0.9283582089552239,0.9293032010028274,0,0,1,0,1
2024,Canadian Grand Prix,R,ALB,17.0,14.0,clear_violation,330.0,48.0,175.79288973424678,100.0,0.282089552238806,189,670,269.4897959183673,300.0,0.9850746268656716,1.0338633071481815,0,0,1,0,1
2024,Canadian Grand Prix,R,ALB,34.0,14.0,clear_violation,310.0,50.0,170.58758516858924,100.0,0.2878338278931751,194,674,269.4897959183673,300.0,0.9253731343283582,1.0032501611836333,0,0,1,0,1
2024,Canadian Grand Prix,R,HUL,31.0,14.0,clear_violation,310.0,47.0,164.06551190776403,100.0,0.3029045643153527,219,723,269.4897959183673,300.0,0.9253731343283582,0.9648929088448553,0,0,1,0,1
2024,Canadian Grand Prix,R,RIC,48.0,1.0,clear_violation,313.0,42.0,183.57257010770007,100.0,0.25,153,612,269.4897959183673,300.0,0.9343283582089552,1.079616728072164,0,0,1,0,1
2024,Canadian Grand Prix,R,NOR,42.0,1.0,clear_violation,320.0,38.0,180.8720870369948,100.0,0.2398119122257053,153,638,269.4897959183673,300.0,0.9552238805970149,1.063734798134055,0,0,1,0,1
2024,Canadian Grand Prix,R,HAM,7.0,2.0,clear_violation,307.0,40.0,162.73379412202266,100.0,0.311050477489768,228,733,269.4897959183673,300.0,0.9164179104477612,0.9570608847155745,0,0,1,0,1
2024,Canadian Grand Prix,R,HAM,49.0,7.0,clear_violation,305.0,53.0,187.83738245299224,100.0,0.2155309033280507,136,631,269.4897959183673,300.0,0.9104477611940298,1.1046987038126832,0,0,1,0,1
2024,Canadian Grand Prix,R,RUS,2.0,14.0,clear_violation,293.0,49.0,161.8210045374829,100.0,0.2506811989100817,184,734,269.4897959183673,300.0,0.8746268656716418,0.9516926376833463,0,0,1,0,1
2024,Canadian Grand Prix,R,RUS,21.0,14.0,clear_violation,305.0,51.0,175.8038351747853,100.0,0.2263868065967016,151,667,269.4897959183673,300.0,0.9104477611940298,1.0339276788606577,0,0,1,0,1
2024,Canadian Grand Prix,R,RUS,51.0,8.0,clear_violation,328.0,53.0,192.1433446921208,100.0,0.2445561139028475,146,597,269.4897959183673,300.0,0.9791044776119403,1.1300226880064157,0,0,1,0,1
2024,Canadian Grand Prix,R,RUS,63.0,14.0,clear_violation,334.0,58.0,196.71261614113703,100.0,0.2262295081967213,138,610,269.4897959183673,300.0,0.9970149253731343,1.1568952315926733,0,0,1,0,1
2024,Chinese Grand Prix,FP1,HAM,19.0,6.0,no_advantage,301.0,61.0,191.7260594928776,100.0,0.2061855670103092,160,776,246.1047120418848,269.0,1.0,1.0,0,0,0,1,1
2024,Chinese Grand Prix,R,GAS,4.0,14.0,clear_violation,336.0,62.0,188.4328422457216,100.0,0.2091836734693877,164,784,248.06976744186048,266.0,0.9882352941176471,0.9985116165412997,0,0,1,0,1
2024,Chinese Grand Prix,R,GAS,48.0,6.0,clear_violation,326.0,56.0,191.6745038308497,100.0,0.1964512040557668,155,789,248.06976744186048,266.0,0.9588235294117647,1.0156892842507597,0,0,1,0,1
2024,Chinese Grand Prix,R,SAR,8.0,6.0,clear_violation,333.0,52.0,186.02852406926144,100.0,0.2280487804878049,187,820,248.06976744186048,266.0,0.9794117647058823,0.9857710581521935,0,0,1,0,1
2024,Chinese Grand Prix,R,ALB,54.0,6.0,clear_violation,314.0,57.0,189.18532167253736,100.0,0.2071611253196931,162,782,248.06976744186048,266.0,0.9235294117647059,1.002499028926154,0,0,1,0,1
2024,Chinese Grand Prix,R,HUL,2.0,6.0,clear_violation,340.0,55.0,188.24741131128505,100.0,0.2395964691046658,190,793,248.06976744186048,266.0,1.0,0.9975290121295934,0,0,1,0,1
2024,Chinese Grand Prix,S,LEC,16.0,14.0,clear_violation,337.0,58.0,185.4295278760713,99.0,0.2484316185696361,198,797,259.3909574468085,268.0,0.9941002949852508,0.995005354105793,1,0,0,0,1
2024,Chinese Grand Prix,S,RIC,15.0,14.0,clear_violation,339.0,44.0,187.3237383262014,100.0,0.2012578616352201,160,795,259.3909574468085,268.0,1.0,1.0051695904130884,1,0,0,0,1
2024,Chinese Grand Prix,S,STR,8.0,14.0,clear_violation,339.0,51.0,186.32772902327355,100.0,0.1828947368421052,139,760,259.3909574468085,268.0,1.0,0.9998250554811182,1,0,0,0,1
2024,Chinese Grand Prix,SQ,VER,9.0,6.0,clear_violation,291.0,42.0,160.92432239406352,100.0,0.1956066945606694,187,956,254.1676646706587,269.0,0.9864406779661017,1.03437889248817,0,1,0,0,1
2024,Chinese Grand Prix,SQ,VER,10.0,16.0,clear_violation,293.0,51.0,162.13448404193517,100.0,0.1730981256890849,157,907,254.1676646706587,269.0,0.9932203389830508,1.0421574908158477,0,1,0,0,1
2024,Chinese Grand Prix,SQ,PER,11.0,16.0,clear_violation,295.0,49.0,160.1969168291981,100.0,0.1958195819581958,178,909,254.1676646706587,269.0,1.0,1.0297033223109489,0,1,0,0,1
2024,Chinese Grand Prix,SQ,ZHO,13.0,6.0,clear_violation,291.0,52.0,155.25572208409235,100.0,0.2425488180883864,236,973,254.1676646706587,269.0,0.9864406779661017,0.9979426321183555,0,1,0,0,1
2024,Chinese Grand Prix,SQ,NOR,11.0,16.0,clear_violation,295.0,53.0,161.7272354170857,100.0,0.1843575418994413,165,895,254.1676646706587,269.0,1.0,1.0395398045937017,0,1,0,0,1
2024,Chinese Grand Prix,SQ,HAM,12.0,6.0,clear_violation,277.0,0.0,133.21611164705783,100.0,0.2824360105913504,320,1133,254.1676646706587,269.0,0.9389830508474576,0.8562778576729764,0,1,0,0,1
2024,Dutch Grand Prix,R,SAI,45.0,1.0,clear_violation,334.0,84.0,203.9709477243129,100.0,0.2758620689655172,160,580,305.1714285714286,330.0,0.9737609329446064,1.0422531260476762,0,0,1,0,1
2024,Dutch Grand Prix,R,GAS,36.0,3.0,clear_violation,310.0,95.0,201.51551605917032,100.0,0.2387543252595155,138,578,305.1714285714286,330.0,0.9037900874635568,1.0297063327060563,0,0,1,0,1
2024,Dutch Grand Prix,R,MAG,3.0,1.0,clear_violation,343.0,27.0,185.2709587206131,100.0,0.219626168224299,141,642,305.1714285714286,330.0,1.0,0.9466997042804441,0,0,1,0,1
2024,Dutch Grand Prix,R,ZHO,64.0,3.0,clear_violation,301.4187504,90.0,192.0502952248601,100.0,0.2491803278688524,152,610,305.1714285714286,330.0,0.8787718670553937,0.9813408369658237,0,0,1,0,1
2024,Emilia Romagna Grand Prix,Q,ALB,2.0,18.0,clear_violation,335.0,103.0,227.3146614973416,100.0,0.1788194444444444,103,576,283.97849462365593,290.0,0.9970238095238095,0.9919188901959044,0,1,0,0,1
2024,Emilia Romagna Grand Prix,Q,GAS,13.0,17.0,clear_violation,328.0,108.0,230.8002444741565,100.0,0.1362862010221465,80,587,283.97849462365593,290.0,0.9761904761904762,1.0071287124540627,0,1,0,0,1
2024,Emilia Romagna Grand Prix,Q,SAR,2.0,18.0,clear_violation,335.0,97.0,229.3753640021422,100.0,0.160621761658031,93,579,283.97849462365593,290.0,0.9970238095238095,1.0009110499102025,0,1,0,0,1
2024,Emilia Romagna Grand Prix,Q,SAR,7.0,9.0,clear_violation,336.0,98.0,229.17605725981664,100.0,0.1821305841924398,106,582,283.97849462365593,290.0,1.0,1.0000413474398302,0,1,0,0,1
2024,Emilia Romagna Grand Prix,R,VER,11.0,17.0,clear_violation,311.0,93.0,216.49038188823164,100.0,0.1877022653721682,116,618,279.11239669421485,289.0,0.9311377245508982,1.02471051909414,0,0,1,0,1
2024,Emilia Romagna Grand Prix,R,VER,15.0,18.0,clear_violation,310.0,95.0,214.8050821776111,100.0,0.1938610662358643,120,619,279.11239669421485,289.0,0.9281437125748503,1.0167335164844316,0,0,1,0,1
2024,Emilia Romagna Grand Prix,R,VER,20.0,6.0,clear_violation,311.0,92.0,215.50990428985352,100.0,0.2026143790849673,124,612,279.11239669421485,289.0,0.9311377245508982,1.020069639901119,0,0,1,0,1
2024,Emilia Romagna Grand Prix,R,NOR,62.0,6.0,clear_violation,319.0,88.0,218.0542536018636,100.0,0.1786310517529215,107,599,279.11239669421485,289.0,0.9550898203592815,1.0321127684758227,0,0,1,0,1
2024,Emilia Romagna Grand Prix,R,LEC,47.0,15.0,clear_violation,332.0,81.0,215.46025588096603,100.0,0.1919354838709677,119,620,279.11239669421485,289.0,0.9940119760479041,1.0198346398683251,0,0,1,0,1
2024,Emilia Romagna Grand Prix,R,HAM,26.0,13.0,clear_violation,311.0,77.0,203.71901836455345,100.0,0.2126696832579185,141,663,279.11239669421485,289.0,0.9311377245508982,0.9642600250271809,0,0,1,0,1
2024,Emilia Romagna Grand Prix,R,PER,17.0,17.0,clear_violation,315.0,47.0,201.78730564102048,100.0,0.18796992481203,125,665,279.11239669421485,289.0,0.9431137724550899,0.9551166795796489,0,0,1,0,1
2024,Emilia Romagna Grand Prix,R,TSU,23.0,6.0,clear_violation,334.0,86.0,210.41130483565303,100.0,0.2091917591125198,132,631,279.11239669421485,289.0,1.0,0.995936519307964,0,0,1,0,1
2024,Emilia Romagna Grand Prix,R,HUL,56.0,17.0,clear_violation,314.0,89.0,212.3165697174988,100.0,0.2038216560509554,128,628,279.11239669421485,289.0,0.9401197604790419,1.0049546796024753,0,0,1,0,1
2024,Emilia Romagna Grand Prix,R,HUL,59.0,17.0,clear_violation,316.0,85.0,212.61156419901897,100.0,0.2265372168284789,140,618,279.11239669421485,289.0,0.9461077844311377,1.00635097234145,0,0,1,0,1
2024,Emilia Romagna Grand Prix,R,BOT,61.0,18.0,clear_violation,311.0,83.0,202.8021106821466,100.0,0.2557427258805513,167,653,279.11239669421485,289.0,0.9311377245508982,0.9599200403174417,0,0,1,0,1
2024,Hungarian Grand Prix,R,PIA,33.0,11.0,clear_violation,295.0,84.0,182.9063674282966,99.0,0.2247706422018348,147,654,246.7572298325723,258.0,0.9161490683229814,0.999506317949669,0,0,1,0,1
2024,Hungarian Grand Prix,R,VER,35.0,2.0,clear_violation,322.0,68.0,181.7278394547201,100.0,0.25625,164,640,246.7572298325723,258.0,1.0,0.9930661585827083,0,0,1,0,1
2024,Hungarian Grand Prix,R,VER,66.0,7.0,clear_violation,303.0,82.0,188.38481053944784,100.0,0.2434514637904468,158,649,246.7572298325723,258.0,0.9409937888198758,1.0294437038324766,0,0,1,0,1
2024,Hungarian Grand Prix,R,TSU,33.0,1.0,clear_violation,295.0,82.0,181.26671565221585,100.0,0.2099358974358974,131,624,246.7572298325723,258.0,0.9161490683229814,0.9905463110758103,0,0,1,0,1
2024,Hungarian Grand Prix,R,GAS,11.0,11.0,clear_violation,299.0,85.0,180.69781502084547,100.0,0.2138461538461538,139,650,246.7572298325723,258.0,0.9285714285714286,0.987437508559336,0,0,1,0,1
2024,Italian Grand Prix,Q,PIA,2.0,2.0,clear_violation,344.0,52.0,187.19310514272144,99.0,0.1239669421487603,105,847,312.3641304347826,320.0,0.9885057471264368,0.8557270287553576,0,1,0,0,1
2024,Italian Grand Prix,Q,COL,5.0,7.0,clear_violation,348.0,69.0,250.3134801406512,100.0,0.1490015360983103,97,651,312.3641304347826,320.0,1.0,1.1442729712446427,0,1,0,0,1
2024,Italian Grand Prix,R,NOR,31.0,4.0,clear_violation,334.0,67.0,243.06945234899425,100.0,0.1517571884984025,95,626,312.37768679631523,324.0,0.9382022471910112,1.0171251046075107,0,0,1,0,1
2024,Italian Grand Prix,R,SAI,13.0,2.0,clear_violation,330.0,64.0,241.5963809110065,100.0,0.1718266253869969,111,646,312.37768679631523,324.0,0.9269662921348315,1.0109610312285722,0,0,1,0,1
2024,Italian Grand Prix,R,RUS,31.0,2.0,clear_violation,347.0,52.0,239.62016433583847,100.0,0.184,115,625,312.37768679631523,324.0,0.9747191011235955,1.0026915449919434,0,0,1,0,1
2024,Italian Grand Prix,R,ALB,3.0,2.0,clear_violation,350.0,65.0,239.7878682856285,100.0,0.1850152905198776,121,654,312.37768679631523,324.0,0.9831460674157303,1.003393302846848,0,0,1,0,1
2024,Italian Grand Prix,R,ALB,33.0,2.0,clear_violation,332.0,46.0,239.69460827273275,100.0,0.1767441860465116,114,645,312.37768679631523,324.0,0.9325842696629213,1.003003055946402,0,0,1,0,1
2024,Italian Grand Prix,R,ALB,37.0,2.0,clear_violation,336.0,50.0,240.065688808356,100.0,0.17984496124031,116,645,312.37768679631523,324.0,0.9438202247191011,1.0045558439457418,0,0,1,0,1
2024,Italian Grand Prix,R,MAG,18.0,5.0,clear_violation,355.0,60.0,240.12389652787303,100.0,0.1820987654320987,118,648,312.37768679631523,324.0,0.9971910112359551,1.0047994143830412,0,0,1,0,1
2024,Italian Grand Prix,R,ALO,18.0,4.0,clear_violation,346.0,70.0,243.34250074489148,100.0,0.1536050156739812,98,638,312.37768679631523,324.0,0.9719101123595506,1.0182676767224186,0,0,1,0,1
2024,Italian Grand Prix,R,RIC,10.0,2.0,clear_violation,347.0,50.0,238.11459695758984,100.0,0.1851289833080424,122,659,312.37768679631523,324.0,0.9747191011235955,0.9963914922197995,0,0,1,0,1
2024,Italian Grand Prix,R,GAS,18.0,5.0,clear_violation,337.0,61.0,240.09624444029905,100.0,0.1671826625386996,108,646,312.37768679631523,324.0,0.9466292134831461,1.0046837041109584,0,0,1,0,1
2024,Italian Grand Prix,R,GAS,27.0,4.0,clear_violation,342.0,60.0,237.04629291447247,100.0,0.1897590361445783,126,664,312.37768679631523,324.0,0.9606741573033708,0.9919211696387116,0,0,1,0,1
2024,Italian Grand Prix,R,STR,40.0,2.0,clear_violation,356.0,39.0,240.13923718974792,100.0,0.1625,104,640,312.37768679631523,324.0,1.0,1.0048636074445858,0,0,1,0,1
2024,Italian Grand Prix,R,TSU,5.0,2.0,clear_violation,353.0,53.0,224.00338096035927,100.0,0.2101551480959097,149,709,312.37768679631523,324.0,0.9915730337078652,0.9373430519134678,0,0,1,0,1
2024,Japanese Grand Prix,FP3,MAG,1.0,11.0,no_advantage,276.437504,33.0,160.6740257681662,100.0,0.1797872340425532,169,940,243.849582172702,269.0,1.0,1.0,0,0,0,1,1
2024,Japanese Grand Prix,Q,HUL,8.0,13.0,clear_violation,325.0,70.0,228.1339582860637,100.0,0.1508620689655172,105,696,265.0067567567568,269.0,1.0,1.0,0,1,0,0,1
2024,Japanese Grand Prix,R,PER,6.0,9.0,clear_violation,303.0,64.0,211.6992810131272,100.0,0.1614173228346456,123,762,251.93882352941176,267.0,0.9351851851851852,1.0309191410341665,0,0,1,0,1
2024,Japanese Grand Prix,R,SAI,35.0,17.0,clear_violation,305.0,62.0,215.7677443662324,100.0,0.1705963938973647,123,721,251.93882352941176,267.0,0.941358024691358,1.0507314744782847,0,0,1,0,1
2024,Japanese Grand Prix,R,LEC,26.0,9.0,clear_violation,305.0,58.0,199.5962830960221,100.0,0.2086049543676662,160,767,251.93882352941176,267.0,0.941358024691358,0.9719807631760641,0,0,1,0,1
2024,Japanese Grand Prix,R,NOR,22.0,9.0,clear_violation,303.0,63.0,212.3016222823086,99.0,0.1535326086956521,113,736,251.93882352941176,267.0,0.9351851851851852,1.0338523826628683,0,0,1,0,1
2024,Japanese Grand Prix,R,PIA,30.0,17.0,clear_violation,304.0,63.0,212.591840910306,99.0,0.1258278145695364,95,755,251.93882352941176,267.0,0.9382716049382716,1.0352656701206968,0,0,1,0,1
2024,Japanese Grand Prix,R,PIA,49.0,17.0,clear_violation,322.0,65.0,216.1658920688573,99.0,0.157103825136612,115,732,251.93882352941176,267.0,0.9938271604938271,1.0526703477972232,0,0,1,0,1
2024,Japanese Grand Prix,R,HAM,45.0,14.0,clear_violation,305.0,67.0,218.70978226859933,100.0,0.162534435261708,118,726,251.93882352941176,267.0,0.941358024691358,1.0650584158485297,0,0,1,0,1
2024,Japanese Grand Prix,R,SAR,11.0,14.0,clear_violation,324.0,65.0,209.10104331189007,100.0,0.1802403204272363,135,749,251.93882352941176,267.0,1.0,1.0182664151186926,0,0,1,0,1
2024,Japanese Grand Prix,R,SAR,41.0,9.0,clear_violation,302.0,0.0,143.5630379721837,100.0,0.1868029739776951,201,1076,251.93882352941176,267.0,0.9320987654320988,0.6991137763068815,0,0,1,0,1
2024,Japanese Grand Prix,R,SAR,52.0,9.0,clear_violation,308.0,64.0,214.0038161104521,100.0,0.1702702702702702,126,740,251.93882352941176,267.0,0.9506172839506173,1.0421416134565926,0,0,1,0,1
2024,Las Vegas Grand Prix,Q,HAM,23.0,4.0,clear_violation,347.0,81.0,232.39540389640013,100.0,0.1828103683492496,134,733,315.7207547169811,328.0,0.9857954545454546,0.9990159407674947,0,1,0,0,1
2024,Las Vegas Grand Prix,Q,ALB,9.0,4.0,clear_violation,352.0,89.0,232.8532361160149,104.0,0.180327868852459,132,732,315.7207547169811,328.0,1.0,1.0009840592325054,0,1,0,0,1
2024,Las Vegas Grand Prix,R,HAM,22.0,8.0,clear_violation,351.0,85.0,227.83113031528683,100.0,0.196159122085048,143,729,318.0301003344481,334.0,1.0,1.0858365809983184,0,0,1,0,1
2024,Las Vegas Grand Prix,R,HAM,47.0,8.0,clear_violation,339.0,75.0,228.65126136641803,100.0,0.1889338731443994,140,741,318.0301003344481,334.0,0.9658119658119658,1.08974530187987,0,0,1,0,1
2024,Las Vegas Grand Prix,R,SAI,27.0,17.0,clear_violation,337.0,69.0,217.8477122930873,100.0,0.2357414448669201,186,789,318.0301003344481,334.0,0.9601139601139601,1.0382558993026232,0,0,1,0,1
2024,Las Vegas Grand Prix,R,LEC,50.0,8.0,clear_violation,345.0,68.0,227.1407648881081,100.0,0.2102425876010781,156,742,318.0301003344481,334.0,0.9829059829059829,1.0825463193292926,0,0,1,0,1
2024,Las Vegas Grand Prix,R,VER,26.0,8.0,clear_violation,334.0,81.0,225.34843127397707,100.0,0.1774834437086092,134,755,318.0301003344481,334.0,0.9515669515669516,1.074004109136668,0,0,1,0,1
2024,Las Vegas Grand Prix,R,PIA,11.0,8.0,clear_violation,336.0,0.0,179.49853126272015,100.0,0.2316810344827586,215,928,318.0301003344481,334.0,0.9572649572649573,0.8554848111002598,0,0,1,0,1
2024,Las Vegas Grand Prix,R,HUL,15.0,8.0,clear_violation,341.0,0.0,188.82358371640345,100.0,0.2140350877192982,183,855,318.0301003344481,334.0,0.9715099715099715,0.899927741528271,0,0,1,0,1
2024,Las Vegas Grand Prix,R,STR,10.0,8.0,clear_violation,337.0,0.0,169.4729763549599,104.0,0.2861507128309572,281,982,318.0301003344481,334.0,0.9601139601139601,0.8077033062260646,0,0,1,0,1
2024,Las Vegas Grand Prix,R,STR,39.0,8.0,clear_violation,340.0,68.0,223.77305901663428,100.0,0.2155059132720105,164,761,318.0301003344481,334.0,0.9686609686609686,1.0664959304986328,0,0,1,0,1
2024,Mexico City Grand Prix,Q,PIA,5.0,12.0,clear_violation,344.0,67.0,197.00353978317847,99.0,0.2091503267973856,128,612,253.0684210526316,257.0,0.9885057471264368,0.9920531095462976,0,1,0,0,1
2024,Mexico City Grand Prix,Q,VER,14.0,2.0,clear_violation,348.0,65.0,201.1723002397202,100.0,0.2240527182866556,136,607,253.0684210526316,257.0,1.0,1.0130457870302532,0,1,0,0,1
2024,Mexico City Grand Prix,Q,LEC,11.0,2.0,clear_violation,346.0,65.0,197.5690990961636,100.0,0.2139303482587064,129,603,253.0684210526316,257.0,0.9942528735632183,0.9949011034234496,0,1,0,0,1
2024,Mexico City Grand Prix,R,NOR,10.0,8.0,clear_violation,353.0,56.0,179.7134424334614,100.0,0.2622432859399684,166,633,243.2863140218304,255.0,0.9915730337078652,0.9872927544215174,0,0,1,0,1
2024,Mexico City Grand Prix,R,LEC,63.0,17.0,clear_violation,343.0,65.0,184.90184712148857,100.0,0.2378640776699029,147,618,243.2863140218304,255.0,0.9634831460674157,1.0157963225805462,0,0,1,0,1
2024,Mexico City Grand Prix,R,HAM,65.0,2.0,clear_violation,356.0,60.0,187.4617759465132,100.0,0.2721311475409836,166,610,243.2863140218304,255.0,1.0,1.02985981803508,0,0,1,0,1
2024,Mexico City Grand Prix,R,VER,10.0,8.0,clear_violation,345.0,52.0,181.2468273142519,100.0,0.2527646129541864,160,633,243.2863140218304,255.0,0.9691011235955056,0.9957167196076747,0,0,1,0,1
2024,Mexico City Grand Prix,R,PIA,32.0,2.0,clear_violation,349.0,62.0,186.0544864601184,99.0,0.2089783281733746,135,646,243.2863140218304,255.0,0.9803370786516854,1.0221285838297947,0,0,1,0,1
2024,Mexico City Grand Prix,R,PIA,38.0,2.0,clear_violation,327.0,62.0,183.3348216346517,99.0,0.2365415986949429,145,613,243.2863140218304,255.0,0.9185393258426966,1.007187545806818,0,0,1,0,1
2024,Mexico City Grand Prix,R,STR,19.0,4.0,clear_violation,341.0,38.0,180.208076684672,100.0,0.2619414483821263,170,649,243.2863140218304,255.0,0.9578651685393258,0.990010129403023,0,0,1,0,1
2024,Mexico City Grand Prix,R,COL,65.0,1.0,clear_violation,352.0,54.0,183.0677719580624,100.0,0.2325949367088607,147,632,243.2863140218304,255.0,0.9887640449438202,1.005720453489198,0,0,1,0,1
2024,Mexico City Grand Prix,R,PER,16.0,2.0,clear_violation,351.0,58.0,180.85696361922817,100.0,0.2480376766091051,158,637,243.2863140218304,255.0,0.9859550561797753,0.993574923222847,0,0,1,0,1
2024,Mexico City Grand Prix,R,PER,18.0,6.0,clear_violation,352.0,51.0,173.4189652610318,100.0,0.2366412213740458,155,655,243.2863140218304,255.0,0.9887640449438202,0.952712749603501,0,0,1,0,1
2024,Miami Grand Prix,R,VER,21.0,15.0,clear_violation,318.0,65.0,208.03962582377287,100.0,0.1916083916083916,137,715,275.01940850277265,290.0,0.9008498583569405,1.0164769052567781,0,0,1,0,1
2024,Miami Grand Prix,R,GAS,26.0,12.0,clear_violation,342.0,61.0,205.8092780334936,100.0,0.2008486562942008,142,707,275.01940850277265,290.0,0.9688385269121813,1.0055794764110362,0,0,1,0,1
2024,Miami Grand Prix,R,ALO,14.0,5.0,clear_violation,321.0,60.0,201.7473023522128,100.0,0.2097222222222222,151,720,275.01940850277265,290.0,0.9093484419263456,0.9857327551271106,0,0,1,0,1
2024,Miami Grand Prix,R,ALO,33.0,7.0,clear_violation,330.0,62.0,200.94738152983564,100.0,0.2165963431786216,154,711,275.01940850277265,290.0,0.9348441926345609,0.9818243600857295,0,0,1,0,1
2024,Miami Grand Prix,R,STR,18.0,5.0,clear_violation,325.0,59.0,203.78383170807965,100.0,0.2027972027972027,145,715,275.01940850277265,290.0,0.9206798866855525,0.995683191487103,0,0,1,0,1
2024,Miami Grand Prix,R,STR,27.0,5.0,clear_violation,329.0,58.0,204.1654470462097,100.0,0.2013888888888889,145,720,275.01940850277265,290.0,0.9320113314447592,0.9975477553958534,0,0,1,0,1
2024,Miami Grand Prix,R,STR,42.0,5.0,clear_violation,353.0,51.0,208.4171406530517,100.0,0.2053824362606232,145,706,275.01940850277265,290.0,1.0,1.0183214341720481,0,0,1,0,1
2024,Miami Grand Prix,R,STR,43.0,5.0,clear_violation,344.0,59.0,205.1798344965312,100.0,0.2215909090909091,156,704,275.01940850277265,290.0,0.9745042492917847,1.0025040295294532,0,0,1,0,1
2024,Miami Grand Prix,R,STR,52.0,2.0,clear_violation,321.0,60.0,206.95696188797885,100.0,0.2074391988555078,145,699,275.01940850277265,290.0,0.9093484419263456,1.011187033759791,0,0,1,0,1
2024,Miami Grand Prix,R,TSU,5.0,7.0,clear_violation,341.0,60.0,202.3895077311417,100.0,0.2081632653061224,153,735,275.01940850277265,290.0,0.9660056657223796,0.9888705560798283,0,0,1,0,1
2024,Miami Grand Prix,R,ALB,8.0,5.0,clear_violation,347.0,63.0,205.31329463050687,100.0,0.2048364153627311,144,703,275.01940850277265,290.0,0.9830028328611898,1.0031561127247655,0,0,1,0,1
2024,Miami Grand Prix,R,ALB,12.0,12.0,clear_violation,334.0,52.0,204.958487339368,100.0,0.2005571030640668,144,718,275.01940850277265,290.0,0.9461756373937678,1.0014225323271306,0,0,1,0,1
2024,Miami Grand Prix,R,ALB,50.0,15.0,clear_violation,339.0,62.0,207.4079473137768,100.0,0.2196765498652291,163,742,275.01940850277265,290.0,0.9603399433427762,1.0133905383475148,0,0,1,0,1
2024,Miami Grand Prix,R,ZHO,2.0,12.0,clear_violation,345.0,54.0,199.93788130984188,100.0,0.2301369863013698,168,730,275.01940850277265,290.0,0.9773371104815864,0.9768919648489465,0,0,1,0,1
2024,Miami Grand Prix,R,ZHO,39.0,12.0,clear_violation,340.0,61.0,206.29631575419347,100.0,0.2022471910112359,144,712,275.01940850277265,290.0,0.9631728045325779,1.007959131696033,0,0,1,0,1
2024,Miami Grand Prix,R,HUL,25.0,12.0,clear_violation,339.0,61.0,203.87359256006687,100.0,0.2030812324929972,145,714,275.01940850277265,290.0,0.9603399433427762,0.9961217609792365,0,0,1,0,1
2024,Miami Grand Prix,R,HUL,27.0,12.0,clear_violation,338.0,61.0,202.4190471436441,100.0,0.2118294360385144,154,727,275.01940850277265,290.0,0.9575070821529745,0.9890148849810395,0,0,1,0,1
2024,Miami Grand Prix,R,HAM,26.0,12.0,clear_violation,323.0,64.0,196.79896005405973,100.0,0.2241847826086956,165,736,275.01940850277265,290.0,0.9150141643059491,0.9615552666055797,0,0,1,0,1
2024,Miami Grand Prix,R,SAI,34.0,12.0,clear_violation,337.0,60.0,210.7832086690138,100.0,0.2178932178932179,151,693,275.01940850277265,290.0,0.9546742209631728,1.0298819889700532,0,0,1,0,1
2024,Miami Grand Prix,R,RUS,44.0,17.0,clear_violation,326.0,44.0,208.12178256074367,100.0,0.1765557163531114,122,691,275.01940850277265,290.0,0.9235127478753541,1.0168783212149708,0,0,1,0,1
2024,Miami Grand Prix,S,HUL,6.0,15.0,clear_violation,328.0,65.0,207.3116829024512,100.0,0.1940085592011412,136,701,281.5704918032787,290.0,0.9590643274853801,1.0092727996287774,1,0,0,0,1
2024,Miami Grand Prix,S,HAM,14.0,11.0,clear_violation,342.0,48.0,201.3889502151497,100.0,0.22475106685633,158,703,281.5704918032787,290.0,1.0,0.9804386648753664,1,0,0,0,1
2024,Miami Grand Prix,S,MAG,8.0,15.0,clear_violation,325.0,66.0,207.3010245119319,100.0,0.2048710601719197,143,698,281.5704918032787,290.0,0.9502923976608187,1.0092209104950423,1,0,0,0,1
2024,Miami Grand Prix,S,MAG,11.0,11.0,clear_violation,328.0,64.0,206.1984761655928,100.0,0.1916666666666666,138,720,281.5704918032787,290.0,0.9590643274853801,1.0038532821942323,1,0,0,0,1
2024,Miami Grand Prix,S,MAG,12.0,11.0,clear_violation,324.0,65.0,207.09641409866484,100.0,0.1794158553546592,129,719,281.5704918032787,290.0,0.9473684210526315,1.0082247885122382,1,0,0,0,1
2024,Miami Grand Prix,S,MAG,14.0,11.0,clear_violation,323.0,55.0,203.14536263051747,100.0,0.1840228245363766,129,701,281.5704918032787,290.0,0.9444444444444444,0.9889895542943439,1,0,0,0,1
2024,Miami Grand Prix,SQ,PIA,4.0,1.0,clear_violation,318.0,62.0,166.75265056867295,100.0,0.1279728199320498,113,883,275.9767441860465,288.0,0.9244186046511628,0.8740000690108091,0,1,0,0,1
2024,Miami Grand Prix,SQ,TSU,8.0,5.0,clear_violation,338.0,62.0,217.8604552039972,100.0,0.1403249630723781,95,677,275.9767441860465,288.0,0.9825581395348837,1.1418712220385616,0,1,0,0,1
2024,Miami Grand Prix,SQ,ALB,5.0,15.0,clear_violation,344.0,65.0,217.7449140943344,100.0,0.2210834553440702,151,683,275.9767441860465,288.0,1.0,1.1412656368351213,0,1,0,0,1
2024,Miami Grand Prix,SQ,BOT,5.0,1.0,clear_violation,311.0,33.0,160.81194535921398,100.0,0.1984732824427481,182,917,275.9767441860465,288.0,0.9040697674418605,0.8428630721155079,0,1,0,0,1
2024,Monaco Grand Prix,Q,PIA,8.0,10.0,clear_violation,275.3888867555555,38.0,117.1370954191892,100.0,0.1883870967741935,146,775,264.79041916167665,274.0,0.9496168508812259,0.9851055186651722,0,1,0,0,1
2024,Monaco Grand Prix,Q,SAI,5.0,10.0,clear_violation,274.45714102857147,37.0,112.77254819148334,100.0,0.220715166461159,179,811,264.79041916167665,274.0,0.9464039345812809,0.9484003268119732,0,1,0,0,1
2024,Monaco Grand Prix,Q,SAI,17.0,1.0,clear_violation,274.0,31.0,113.66721390070964,74.0,0.2644110275689223,211,798,264.79041916167665,274.0,0.9448275862068966,0.9559243321184505,0,1,0,0,1
2024,Monaco Grand Prix,Q,SAI,22.0,10.0,clear_violation,279.0,27.0,147.00720070764692,100.0,0.3295819935691318,205,622,264.79041916167665,274.0,0.9620689655172414,1.2363086533977503,0,1,0,0,1
2024,Monaco Grand Prix,Q,NOR,5.0,1.0,clear_violation,274.0,16.0,119.11350620997274,100.0,0.2115637319316688,161,761,264.79041916167665,274.0,0.9448275862068966,1.001726838923992,0,1,0,0,1
2024,Monaco Grand Prix,Q,NOR,7.0,16.0,clear_violation,275.0,11.0,113.71659420720351,100.0,0.2481108312342569,197,794,264.79041916167665,274.0,0.9482758620689655,0.9563396131382368,0,1,0,0,1
2024,Monaco Grand Prix,Q,RUS,4.0,10.0,clear_violation,275.1666666666667,40.0,120.67268003953627,100.0,0.2286501377410468,166,726,264.79041916167665,274.0,0.9488505747126438,1.0148392585086228,0,1,0,0,1
2024,Monaco Grand Prix,Q,RUS,6.0,1.0,clear_violation,277.0,39.0,105.20205073892616,104.0,0.1737588652482269,147,846,264.79041916167665,274.0,0.9551724137931035,0.8847335712648402,0,1,0,0,1
2024,Monaco Grand Prix,Q,RUS,13.0,10.0,clear_violation,264.0,33.014286628571426,113.863664019456,100.0,0.1800766283524904,141,783,264.79041916167665,274.0,0.9103448275862069,0.9575764483453973,0,1,0,0,1
2024,Monaco Grand Prix,Q,RUS,23.0,10.0,clear_violation,290.0,43.0,138.45465246831768,100.0,0.2400611620795107,157,654,264.79041916167665,274.0,1.0,1.1643829970626425,0,1,0,0,1
2024,Monaco Grand Prix,Q,HAM,2.0,10.0,clear_violation,273.6249984,46.0,147.53687414579414,100.0,0.313953488372093,189,602,264.79041916167665,274.0,0.9435344772413793,1.2407631280894944,0,1,0,0,1
2024,Monaco Grand Prix,Q,RIC,4.0,10.0,clear_violation,285.0,12.0,120.95636192025302,100.0,0.1959459459459459,145,740,264.79041916167665,274.0,0.9827586206896551,1.0172249808559228,0,1,0,0,1
2024,Monaco Grand Prix,Q,RIC,9.0,10.0,clear_violation,280.0,47.0,110.43402903995704,100.0,0.147914032869785,117,791,264.79041916167665,274.0,0.9655172413793104,0.9287337291946366,0,1,0,0,1
2024,Monaco Grand Prix,Q,RIC,15.0,10.0,clear_violation,280.0,48.0,125.136517341061,100.0,0.1305555555555555,94,720,264.79041916167665,274.0,0.9655172413793104,1.0523794650880927,0,1,0,0,1
2024,Monaco Grand Prix,Q,RIC,16.0,10.0,clear_violation,272.4,30.0,109.67487627226744,100.0,0.1416666666666666,119,840,264.79041916167665,274.0,0.9393103448275861,0.9223493675346116,0,1,0,0,1
2024,Monaco Grand Prix,Q,STR,9.0,10.0,clear_violation,278.2581448407988,24.0,105.8519025062645,100.0,0.1860189573459715,157,844,264.79041916167665,274.0,0.9595108442786167,0.8901987277981175,0,1,0,0,1
2024,Monaco Grand Prix,Q,HUL,8.0,10.0,clear_violation,278.6749984,39.0,116.56640208150688,100.0,0.1822985468956406,138,757,264.79041916167665,274.0,0.9609482703448275,0.9803060727304371,0,1,0,0,1
2024,Monaco Grand Prix,Q,HUL,13.0,10.0,clear_violation,279.0,36.0,123.71769934650486,100.0,0.2210095497953615,162,733,264.79041916167665,274.0,0.9620689655172414,1.0404474171623959,0,1,0,0,1
2024,Monaco Grand Prix,Q,PER,1.0,10.0,clear_violation,273.0,21.0,110.57524250770282,100.0,0.2056650246305418,167,812,264.79041916167665,274.0,0.9413793103448276,0.9299213134171103,0,1,0,0,1
2024,Monaco Grand Prix,Q,PER,10.0,10.0,clear_violation,281.0,33.0,114.14594868929952,100.0,0.2032622333751568,162,797,264.79041916167665,274.0,0.9689655172413794,0.9599504203574426,0,1,0,0,1
2024,Monaco Grand Prix,Q,ZHO,3.0,1.0,clear_violation,277.0,17.0,110.86853023878278,100.0,0.3390452876376989,277,817,264.79041916167665,274.0,0.9551724137931035,0.9323878195346618,0,1,0,0,1
2024,Monaco Grand Prix,R,NOR,78.0,10.0,clear_violation,290.0,40.0,152.34840597513522,100.0,0.3083475298126065,181,587,257.3504132231405,274.0,1.0,1.0764379531380577,0,0,1,0,1
2024,Monaco Grand Prix,R,HAM,58.0,10.0,clear_violation,287.0,43.0,153.03618528430624,100.0,0.3003412969283277,176,586,257.3504132231405,274.0,0.9896551724137931,1.081297549449788,0,0,1,0,1
2024,Monaco Grand Prix,R,ALO,52.0,10.0,clear_violation,280.0,43.0,142.26858628985389,100.0,0.2857142857142857,188,658,257.3504132231405,274.0,0.9655172413793104,1.005217644657798,0,0,1,0,1
2024,Monaco Grand Prix,R,BOT,19.0,10.0,clear_violation,286.0,46.0,152.64992975464972,100.0,0.341421143847487,197,577,257.3504132231405,274.0,0.9862068965517241,1.0785684095610544,0,0,1,0,1
2024,Monaco Grand Prix,R,STR,48.0,16.0,clear_violation,282.0,0.0,107.3475544504343,100.0,0.2567726737338044,218,849,257.3504132231405,274.0,0.9724137931034482,0.7584784431933018,0,0,1,0,1
2024,Qatar Grand Prix,Q,NOR,8.0,6.0,clear_violation,316.0,100.0,238.75041425265627,100.0,0.1030110935023771,65,631,273.3992805755396,286.0,0.9844236760124611,1.0139701847900318,0,1,0,0,1
2024,Qatar Grand Prix,Q,ALB,2.0,6.0,clear_violation,318.0,98.0,234.3949949610023,100.0,0.1544461778471139,99,641,273.3992805755396,286.0,0.9906542056074766,0.9954727705852424,0,1,0,0,1
2024,Qatar Grand Prix,Q,ALO,15.0,10.0,clear_violation,321.0,99.0,237.7984896515456,100.0,0.1419457735247209,89,627,273.3992805755396,286.0,1.0,1.0099273722708757,0,1,0,0,1
2024,Qatar Grand Prix,Q,MAG,2.0,1.0,clear_violation,318.0,100.0,232.92017440704987,100.0,0.135670731707317,89,656,273.3992805755396,286.0,0.9906542056074766,0.9892092251404971,0,1,0,0,1
2024,Qatar Grand Prix,Q,COL,2.0,6.0,clear_violation,315.0,98.0,233.4408309251784,100.0,0.1503164556962025,95,632,273.3992805755396,286.0,0.9813084112149533,0.9914204472133529,0,1,0,0,1
2024,Qatar Grand Prix,R,GAS,11.0,7.0,clear_violation,332.0,92.0,218.3051202009557,100.0,0.1787296898079763,121,677,269.380410022779,287.0,0.996996996996997,1.0083332577762119,0,0,1,0,1
2024,Qatar Grand Prix,R,GAS,39.0,14.0,clear_violation,286.0,37.0,138.5947925112108,100.0,0.3050373134328358,327,1072,269.380410022779,287.0,0.8588588588588588,0.6401578603149755,0,0,1,0,1
2024,Qatar Grand Prix,R,GAS,44.0,16.0,clear_violation,306.0,96.0,227.42202826379767,100.0,0.1336336336336336,89,666,269.380410022779,287.0,0.918918918918919,1.0504435005382202,0,0,1,0,1
2024,Qatar Grand Prix,R,GAS,45.0,16.0,clear_violation,307.0,96.0,229.19469225830173,100.0,0.1419656786271451,91,641,269.380410022779,287.0,0.9219219219219219,1.0586312886160971,0,0,1,0,1
2024,Qatar Grand Prix,R,ALO,5.0,13.0,clear_violation,305.0,84.0,209.66867926528943,100.0,0.1988636363636363,140,704,269.380410022779,287.0,0.9159159159159159,0.9684422528550451,0,0,1,0,1
2024,Qatar Grand Prix,R,ALO,40.0,6.0,clear_violation,306.0,65.0,173.9873469043507,100.0,0.3091787439613526,256,828,269.380410022779,287.0,0.918918918918919,0.8036331358348772,0,0,1,0,1
2024,Qatar Grand Prix,R,MAG,10.0,1.0,clear_violation,331.0,94.0,220.62140898880645,100.0,0.1782032400589101,121,679,269.380410022779,287.0,0.993993993993994,1.0190320037206684,0,0,1,0,1
2024,Qatar Grand Prix,R,MAG,46.0,1.0,clear_violation,333.0,88.0,227.18216154096544,100.0,0.1526717557251908,100,655,269.380410022779,287.0,1.0,1.0493355760248468,0,0,1,0,1
2024,Qatar Grand Prix,R,LAW,43.0,6.0,clear_violation,309.0,89.0,216.3819951033097,100.0,0.1889055472263868,126,667,269.380410022779,287.0,0.9279279279279279,0.9994505023326585,0,0,1,0,1
2024,Qatar Grand Prix,R,LAW,51.0,16.0,clear_violation,303.0,94.0,219.6810315504848,100.0,0.1530758226037196,107,699,269.380410022779,287.0,0.9099099099099099,1.014688478268543,0,0,1,0,1
2024,Qatar Grand Prix,R,LAW,52.0,16.0,clear_violation,305.0,93.0,220.2547313150858,100.0,0.1445966514459665,95,657,269.380410022779,287.0,0.9159159159159159,1.0173383499348285,0,0,1,0,1
2024,Qatar Grand Prix,R,NOR,55.0,1.0,clear_violation,303.0,100.0,232.35503384383253,100.0,0.1228346456692913,78,635,269.380410022779,287.0,0.9099099099099099,1.0732286444806343,0,0,1,0,1
2024,Qatar Grand Prix,R,NOR,57.0,4.0,clear_violation,305.0,95.0,234.02107872348816,100.0,0.1240063593004769,78,629,269.380410022779,287.0,0.9159159159159159,1.0809239677032783,0,0,1,0,1
2024,Qatar Grand Prix,R,HAM,33.0,7.0,clear_violation,308.0,94.0,225.8010822457178,100.0,0.1393568147013782,91,653,269.380410022779,287.0,0.924924924924925,1.0429564852195445,0,0,1,0,1
2024,Qatar Grand Prix,R,BOT,52.0,1.0,clear_violation,328.0,88.0,222.3763416684188,100.0,0.209480122324159,137,654,269.380410022779,287.0,0.984984984984985,1.0271378923245753,0,0,1,0,1
2024,Qatar Grand Prix,R,PIA,16.0,16.0,clear_violation,325.0,91.0,224.52840376506944,100.0,0.1334355828220859,87,652,269.380410022779,287.0,0.975975975975976,1.0370780887929627,0,0,1,0,1
2024,Qatar Grand Prix,R,PIA,17.0,16.0,clear_violation,323.0,94.0,224.5997626036386,99.0,0.1189759036144578,79,664,269.380410022779,287.0,0.96996996996997,1.0374076893543207,0,0,1,0,1
2024,Qatar Grand Prix,R,PIA,48.0,6.0,clear_violation,306.0,94.0,232.04162303036395,99.0,0.1136,71,625,269.380410022779,287.0,0.918918918918919,1.0717810259077114,0,0,1,0,1
2024,Qatar Grand Prix,S,PIA,18.0,7.0,clear_violation,301.0,93.0,229.54905924359807,100.0,0.1212121212121212,80,660,278.3280423280424,285.0,0.9121212121212121,1.0089414608958849,1,0,0,0,1
2024,Qatar Grand Prix,S,MAG,5.0,7.0,clear_violation,330.0,98.0,225.48043085143885,100.0,0.1338461538461538,87,650,278.3280423280424,285.0,1.0,0.9910585391041151,1,0,0,0,1
2024,Qatar Grand Prix,SQ,MAG,10.0,6.0,clear_violation,323.0,104.0,234.5434243293351,100.0,0.1302325581395348,84,645,277.3406113537118,285.0,1.0,0.9972012335980962,0,1,0,0,1
2024,Qatar Grand Prix,SQ,LAW,2.0,5.0,clear_violation,321.0,99.0,230.0914415541889,100.0,0.1417682926829268,93,656,277.3406113537118,285.0,0.9938080495356038,0.9782728721314388,0,1,0,0,1
2024,Qatar Grand Prix,SQ,LAW,19.0,6.0,clear_violation,321.0,101.0,235.34427709538213,100.0,0.1264367816091954,77,609,277.3406113537118,285.0,0.9938080495356038,1.0006061952529204,0,1,0,0,1
2024,Qatar Grand Prix,SQ,PIA,8.0,2.0,clear_violation,320.0,98.0,236.74821563346043,99.0,0.1210191082802547,76,628,277.3406113537118,285.0,0.9907120743034056,1.0065752785732942,0,1,0,0,1
2024,Qatar Grand Prix,SQ,PIA,15.0,6.0,clear_violation,320.0,102.0,239.28113609765683,100.0,0.1362126245847176,82,602,277.3406113537118,285.0,0.9907120743034056,1.0173444204442506,0,1,0,0,1
2024,Saudi Arabian Grand Prix,FP3,VER,2.0,9.0,no_advantage,332.0,86.0,245.0170978962974,100.0,0.1343065693430657,92,685,272.3333333333333,313.0,1.0,1.3243812149779735,0,0,0,1,1
2024,Saudi Arabian Grand Prix,FP3,MAG,3.0,14.0,no_advantage,311.0,32.0,124.992828438051,100.0,0.0949177877428998,127,1338,272.3333333333333,313.0,0.9367469879518072,0.6756187850220265,0,0,0,1,1
2024,Saudi Arabian Grand Prix,Q,MAG,3.0,8.0,clear_violation,320.0,66.0,189.34020002909853,100.0,0.1860465116279069,168,903,302.4304932735426,315.0,1.0,1.0,0,1,0,0,1
2024,Saudi Arabian Grand Prix,R,VER,29.0,23.0,clear_violation,311.0,84.0,236.07258297552767,100.0,0.1213389121338912,87,717,296.67045454545456,315.0,0.9228486646884273,1.0303477040283346,0,0,1,0,1
2024,Saudi Arabian Grand Prix,R,MAG,10.0,4.0,clear_violation,317.0,74.0,221.899602948094,100.0,0.2093333333333333,157,750,296.67045454545456,315.0,0.9406528189910979,0.968489197434964,0,0,1,0,1
2024,Saudi Arabian Grand Prix,R,MAG,16.0,23.0,clear_violation,328.0,77.0,228.28855064802244,100.0,0.1797603195739014,135,751,296.67045454545456,315.0,0.973293768545994,0.9963740009593985,0,0,1,0,1
2024,Saudi Arabian Grand Prix,R,MAG,17.0,5.0,clear_violation,327.0,79.0,228.86366958886688,100.0,0.1516778523489932,113,745,296.67045454545456,315.0,0.9703264094955489,0.9988841292969349,0,0,1,0,1
2024,Saudi Arabian Grand Prix,R,MAG,48.0,4.0,clear_violation,313.0,74.0,236.08431636308853,100.0,0.125173852573018,90,719,296.67045454545456,315.0,0.9287833827893175,1.0303989148414727,0,0,1,0,1
2024,Saudi Arabian Grand Prix,R,TSU,29.0,2.0,clear_violation,337.0,76.0,225.5157124938296,100.0,0.174863387978142,128,732,296.67045454545456,315.0,1.0,0.9842718441150735,0,0,1,0,1
2024,Saudi Arabian Grand Prix,R,ALB,10.0,4.0,clear_violation,323.0,65.0,220.36112284955115,100.0,0.1981505944517833,150,757,296.67045454545456,315.0,0.9584569732937686,0.9617744429418882,0,0,1,0,1
2024,Saudi Arabian Grand Prix,R,ALB,22.0,2.0,clear_violation,325.0,64.0,228.9696152831143,100.0,0.1595744680851064,120,752,296.67045454545456,315.0,0.9643916913946587,0.9993465332806742,0,0,1,0,1
2024,Saudi Arabian Grand Prix,R,ALB,35.0,2.0,clear_violation,322.0,68.0,230.86964270473263,100.0,0.162534435261708,118,726,296.67045454545456,315.0,0.9554896142433235,1.0076392747196843,0,0,1,0,1
2024,Saudi Arabian Grand Prix,R,HUL,2.0,2.0,clear_violation,327.0,60.0,224.8170740089784,100.0,0.1962864721485411,148,754,296.67045454545456,315.0,0.9703264094955489,0.9812226100628207,0,0,1,0,1
2024,Saudi Arabian Grand Prix,R,RIC,41.0,4.0,clear_violation,318.0,84.0,230.87381278334547,100.0,0.1307371349095966,94,719,296.67045454545456,315.0,0.9436201780415431,1.0076574751852794,0,0,1,0,1
2024,Saudi Arabian Grand Prix,R,NOR,18.0,23.0,clear_violation,311.0,85.0,228.0963550885508,99.0,0.1478968792401628,109,737,296.67045454545456,315.0,0.9228486646884273,0.9955351561815339,0,0,1,0,1
2024,Saudi Arabian Grand Prix,R,RUS,48.0,2.0,clear_violation,321.0,82.0,235.5355224520472,100.0,0.1470180305131761,106,721,296.67045454545456,315.0,0.9525222551928784,1.0280036830907158,0,0,1,0,1
2024,Saudi Arabian Grand Prix,R,BOT,23.0,,clear_violation,313.0,74.0,227.8716344397312,100.0,0.1585365853658536,117,738,296.67045454545456,315.0,0.9287833827893175,0.9945543544228517,0,0,1,0,1
2024,Saudi Arabian Grand Prix,R,PIA,17.0,2.0,clear_violation,332.0,73.0,230.84764755738,99.0,0.1552197802197802,113,728,296.67045454545456,315.0,0.9851632047477745,1.0075432760683845,0,0,1,0,1
2024,Saudi Arabian Grand Prix,R,PIA,35.0,2.0,clear_violation,333.0,70.0,230.9425321302172,99.0,0.1246498599439775,89,714,296.67045454545456,315.0,0.9881305637982196,1.0079574033699892,0,0,1,0,1
2024,Singapore Grand Prix,Q,VER,8.0,19.0,clear_violation,315.0,68.0,195.9725578042709,100.0,0.1985401459854014,136,685,256.6775956284153,263.0,1.0,1.1016252164280183,0,1,0,0,1
2024,Singapore Grand Prix,Q,LEC,18.0,2.0,clear_violation,314.0,69.0,195.3024311606567,100.0,0.2127351664254703,147,691,256.6775956284153,263.0,0.9968253968253968,1.097858217532474,0,1,0,0,1
2024,Singapore Grand Prix,Q,SAI,2.0,2.0,clear_violation,306.0,54.0,142.40712419431503,100.0,0.2458158995815899,235,956,256.6775956284153,263.0,0.9714285714285714,0.8005165660395082,0,1,0,0,1
2024,Singapore Grand Prix,R,RUS,35.0,17.0,clear_violation,311.0,59.0,176.65693748304278,100.0,0.2431372549019607,186,765,246.92708333333331,256.0,0.9688473520249221,1.0216757313804614,0,0,1,0,1
2024,Singapore Grand Prix,R,RUS,60.0,19.0,clear_violation,290.0,56.0,180.1668881973776,100.0,0.2289156626506024,171,747,246.92708333333331,256.0,0.9034267912772586,1.0419751405871993,0,0,1,0,1
2024,Singapore Grand Prix,R,LEC,35.0,2.0,clear_violation,294.0,57.0,177.35430141575569,100.0,0.2490221642764015,191,767,246.92708333333331,256.0,0.9158878504672897,1.0257088580504017,0,0,1,0,1
2024,Singapore Grand Prix,R,LEC,62.0,2.0,clear_violation,319.0,56.0,177.2277344873422,100.0,0.2757697456492637,206,747,246.92708333333331,256.0,0.9937694704049844,1.0249768723101425,0,0,1,0,1
2024,Singapore Grand Prix,R,HAM,25.0,17.0,clear_violation,311.0,64.0,175.5790597585121,100.0,0.2765399737876802,211,763,246.92708333333331,256.0,0.9688473520249221,1.0154419455567132,0,0,1,0,1
2024,Singapore Grand Prix,R,ALO,42.0,7.0,clear_violation,296.0,60.0,175.98823431710048,100.0,0.2572944297082228,194,754,246.92708333333331,256.0,0.9221183800623053,1.0178083610644437,0,0,1,0,1
2024,Singapore Grand Prix,R,HUL,30.0,7.0,clear_violation,321.0,0.0,144.8005586270602,100.0,0.2725321888412017,254,932,246.92708333333331,256.0,1.0,0.8374379107177817,0,0,1,0,1
2024,Singapore Grand Prix,R,PER,45.0,2.0,clear_violation,310.0,57.0,179.81369552230484,100.0,0.2700534759358289,202,748,246.92708333333331,256.0,0.9657320872274143,1.0399324900705287,0,0,1,0,1
2024,Singapore Grand Prix,R,PER,47.0,2.0,clear_violation,309.0,62.0,180.1775357549297,100.0,0.2711864406779661,208,767,246.92708333333331,256.0,0.9626168224299065,1.0420367195509492,0,0,1,0,1
2024,Singapore Grand Prix,R,COL,30.0,17.0,clear_violation,309.0,0.0,143.1616244833562,100.0,0.2773019271948608,259,934,246.92708333333331,256.0,0.9626168224299065,0.8279593175540463,0,0,1,0,1
2024,Singapore Grand Prix,R,COL,31.0,2.0,clear_violation,313.0,62.0,174.10620363316525,100.0,0.2966442953020134,221,745,246.92708333333331,256.0,0.9750778816199377,1.006923846123305,0,0,1,0,1
2024,Singapore Grand Prix,R,TSU,61.0,2.0,clear_violation,293.0,64.0,176.61280924732674,100.0,0.2353741496598639,173,735,246.92708333333331,256.0,0.9127725856697819,1.0214205206418283,0,0,1,0,1
2024,Singapore Grand Prix,R,GAS,9.0,2.0,clear_violation,290.0,60.0,174.01996293505448,100.0,0.2496732026143791,191,765,246.92708333333331,256.0,0.9034267912772586,1.0064250826466339,0,0,1,0,1
2024,Singapore Grand Prix,R,MAG,51.0,2.0,clear_violation,301.0,65.0,185.06056986998897,100.0,0.2551159618008186,187,733,246.92708333333331,256.0,0.9376947040498442,1.0702772037455641,0,0,1,0,1
2024,Spanish Grand Prix,Q,PIA,13.0,10.0,clear_violation,322.0,109.0,231.78712466964384,100.0,0.1373239436619718,78,568,289.75882352941176,296.0,1.0,1.0,0,1,0,0,1
2024,Spanish Grand Prix,R,NOR,66.0,14.0,clear_violation,312.0,93.0,210.9855164076907,100.0,0.1786885245901639,109,610,278.7539432176656,289.0,0.9258160237388724,1.0374810001050945,0,0,1,0,1
2024,Spanish Grand Prix,R,HAM,21.0,5.0,clear_violation,307.0,96.0,208.7826906507225,100.0,0.1782820097244732,110,617,278.7539432176656,289.0,0.9109792284866469,1.0266490249614522,0,0,1,0,1
2024,Spanish Grand Prix,R,HAM,26.0,5.0,clear_violation,310.0,94.0,209.0881160740196,100.0,0.1734197730956239,107,617,278.7539432176656,289.0,0.9198813056379822,1.0281508961752446,0,0,1,0,1
2024,Spanish Grand Prix,R,HAM,28.0,5.0,clear_violation,308.0,95.0,207.6667838331792,100.0,0.19,114,600,278.7539432176656,289.0,0.913946587537092,1.0211617662111796,0,0,1,0,1
2024,Spanish Grand Prix,R,SAI,3.0,2.0,clear_violation,337.0,92.0,208.626373838594,100.0,0.1955017301038062,113,578,278.7539432176656,289.0,1.0,1.0258803668784635,0,0,1,0,1
2024,Spanish Grand Prix,R,SAI,19.0,2.0,clear_violation,309.0,91.0,204.87466743283983,100.0,0.2101806239737274,128,609,278.7539432176656,289.0,0.9169139465875371,1.0074320668234904,0,0,1,0,1
2024,Spanish Grand Prix,R,ALO,10.0,12.0,clear_violation,324.0,92.0,201.1251232650704,99.0,0.2047619047619047,129,630,278.7539432176656,289.0,0.9614243323442137,0.9889943991610393,0,0,1,0,1
2024,Spanish Grand Prix,R,RIC,31.0,9.0,clear_violation,307.0,93.0,203.76948608302385,100.0,0.1642036124794745,100,609,278.7539432176656,289.0,0.9109792284866469,1.0019975485132906,0,0,1,0,1
2024,Spanish Grand Prix,R,ALB,42.0,14.0,clear_violation,303.0,92.0,197.93179496493923,100.0,0.1894409937888198,122,644,278.7539432176656,289.0,0.8991097922848664,0.973291816846895,0,0,1,0,1
2024,Spanish Grand Prix,R,ALB,58.0,4.0,clear_violation,309.0,35.0,185.82096187597844,100.0,0.2031930333817126,140,689,278.7539432176656,289.0,0.9169139465875371,0.9137391070724391,0,0,1,0,1
2024,Spanish Grand Prix,R,TSU,7.0,2.0,clear_violation,329.0,88.0,199.45761131677264,100.0,0.2112,132,625,278.7539432176656,289.0,0.9762611275964391,0.9807947274809026,0,0,1,0,1
2024,Spanish Grand Prix,R,TSU,12.0,2.0,clear_violation,331.0,91.0,202.68342811527268,100.0,0.1996830427892234,126,631,278.7539432176656,289.0,0.9821958456973294,0.9966570657837683,0,0,1,0,1
2024,Spanish Grand Prix,R,SAR,3.0,13.0,clear_violation,330.0,92.0,201.9823991363306,100.0,0.1830282861896838,110,601,278.7539432176656,289.0,0.9792284866468842,0.9932098896052381,0,0,1,0,1
2024,Spanish Grand Prix,R,SAR,46.0,9.0,clear_violation,302.0,94.0,204.29066053338656,100.0,0.1857835218093699,115,619,278.7539432176656,289.0,0.8961424332344213,1.004560324381501,0,0,1,0,1
2024,São Paulo Grand Prix,Q,NOR,4.0,2.0,clear_violation,300.13778630992687,54.0,142.8898062972923,100.0,0.2356608478802992,189,802,297.8867924528302,310.0,0.9673802588999372,0.9037899684059867,0,1,0,0,1
2024,São Paulo Grand Prix,Q,RUS,7.0,2.0,clear_violation,303.0,54.0,154.50226430923638,100.0,0.1918528252299605,146,761,297.8867924528302,310.0,0.9766055185867356,0.9772397359694946,0,1,0,0,1
2024,São Paulo Grand Prix,Q,RUS,19.0,2.0,clear_violation,310.0,65.0,169.4509994052143,100.0,0.2356321839080459,164,696,297.8867924528302,310.0,0.9991673622504555,1.071791734955299,0,1,0,0,1
2024,São Paulo Grand Prix,Q,RUS,25.0,4.0,clear_violation,308.0,66.0,173.97723964521947,100.0,0.2015267175572519,132,655,297.8867924528302,310.0,0.9927211212036784,1.1004205828032765,0,1,0,0,1
2024,São Paulo Grand Prix,Q,ALB,5.0,2.0,clear_violation,307.21250048,65.0,166.2118650064921,100.0,0.2410329985652797,168,697,297.8867924528302,310.0,0.9901829153386078,1.051303939137359,0,1,0,0,1
2024,São Paulo Grand Prix,Q,ALB,10.0,2.0,clear_violation,306.0,49.0,136.29414873505692,100.0,0.2476415094339622,210,848,297.8867924528302,310.0,0.9862748801569012,0.8620718830207567,0,1,0,0,1
2024,São Paulo Grand Prix,Q,ALB,23.0,4.0,clear_violation,310.2583328,43.0,157.53768256797582,100.0,0.2690217391304347,198,736,297.8867924528302,310.0,1.0,0.9964390101742429,0,1,0,0,1
2024,São Paulo Grand Prix,Q,LEC,4.0,4.0,clear_violation,303.85,57.0,156.8820141517676,100.0,0.1986486486486486,147,740,297.8867924528302,310.0,0.9793451710316159,0.9922918526370795,0,1,0,0,1
2024,São Paulo Grand Prix,Q,SAI,7.0,2.0,clear_violation,300.0,52.0,157.76315999927976,100.0,0.2579365079365079,195,756,297.8867924528302,310.0,0.9669361570165699,0.9978651737739783,0,1,0,0,1
2024,São Paulo Grand Prix,Q,HUL,9.0,12.0,clear_violation,302.0,41.0,155.42806798236128,100.0,0.2090545938748335,157,751,297.8867924528302,310.0,0.973382398063347,0.9830955215861594,0,1,0,0,1
2024,São Paulo Grand Prix,Q,ALO,4.0,2.0,clear_violation,301.0,58.0,158.45716074515863,100.0,0.20109439124487,147,731,297.8867924528302,310.0,0.9701592775399585,1.0022547865003515,0,1,0,0,1
2024,São Paulo Grand Prix,Q,TSU,4.0,2.0,clear_violation,301.1880878875012,28.0,148.824090826879,100.0,0.26171875,201,768,297.8867924528302,310.0,0.9707655074703643,0.9413248140782419,0,1,0,0,1
2024,São Paulo Grand Prix,Q,TSU,14.0,4.0,clear_violation,300.0,63.0,158.1367881724003,100.0,0.2209944751381215,160,724,297.8867924528302,310.0,0.9669361570165699,1.0002284031990194,0,1,0,0,1
2024,São Paulo Grand Prix,Q,BOT,4.0,4.0,clear_violation,297.0,62.0,156.2664345434036,100.0,0.2503328894806924,188,751,297.8867924528302,310.0,0.9572667954464041,0.9883982601603906,0,1,0,0,1
2024,São Paulo Grand Prix,Q,HAM,4.0,2.0,clear_violation,307.0,58.0,156.8491672923378,100.0,0.2351351351351351,174,740,297.8867924528302,310.0,0.9894980006802898,0.9920840935056511,0,1,0,0,1
2024,São Paulo Grand Prix,Q,HAM,9.0,4.0,clear_violation,306.0,69.0,164.602561115313,100.0,0.229901269393512,163,709,297.8867924528302,310.0,0.9862748801569012,1.0411249575105084,0,1,0,0,1
2024,São Paulo Grand Prix,Q,STR,2.0,12.0,clear_violation,296.0,36.0,156.29668068285383,100.0,0.2530612244897959,186,735,297.8867924528302,310.0,0.9540436749230157,0.9885895695205646,0,1,0,0,1
2024,São Paulo Grand Prix,Q,STR,3.0,4.0,clear_violation,302.0,40.0,158.78208824241142,100.0,0.2386831275720164,174,729,297.8867924528302,310.0,0.973382398063347,1.0043099800798385,0,1,0,0,1
2024,São Paulo Grand Prix,Q,OCO,15.0,4.0,clear_violation,299.0,64.0,168.9930334442461,100.0,0.2435158501440922,169,694,297.8867924528302,310.0,0.9637130364931813,1.0688950619726698,0,1,0,0,1
2024,São Paulo Grand Prix,Q,PER,17.0,4.0,clear_violation,308.0,55.0,163.86829627307196,100.0,0.2171507607192254,157,723,297.8867924528302,310.0,0.9927211212036784,1.0364806710091332,0,1,0,0,1
2024,São Paulo Grand Prix,R,ALO,16.0,2.0,clear_violation,308.0,67.0,171.36129632264652,100.0,0.2429629629629629,164,675,295.32269826800365,316.0,0.9742125373426207,1.0410082326170094,0,0,1,0,1
2024,São Paulo Grand Prix,R,ALO,43.0,12.0,clear_violation,297.0,1.0,142.79472350248184,100.0,0.2479815455594002,215,867,295.32269826800365,316.0,0.9394192324375271,0.8674682435902418,0,0,1,0,1
2024,São Paulo Grand Prix,R,ALO,60.0,2.0,clear_violation,308.0,68.0,182.202213477845,99.0,0.2222222222222222,144,648,295.32269826800365,316.0,0.9742125373426207,1.1068660677866953,0,0,1,0,1
2024,São Paulo Grand Prix,R,LEC,34.0,8.0,clear_violation,295.7812512,55.0,158.2764926669513,100.0,0.2282608695652173,168,736,295.32269826800365,316.0,0.9355642962010619,0.9615189394098144,0,0,1,0,1
2024,São Paulo Grand Prix,R,LEC,46.0,4.0,clear_violation,307.0,68.0,175.85904456405495,100.0,0.2222222222222222,148,666,295.32269826800365,316.0,0.9710495096239758,1.068331747599815,0,0,1,0,1
2024,São Paulo Grand Prix,R,ZHO,5.0,4.0,clear_violation,305.0,65.0,171.5197831928399,100.0,0.3002915451895043,206,686,295.32269826800365,316.0,0.964723454186686,1.0419710295855988,0,0,1,0,1
2024,São Paulo Grand Prix,R,LAW,26.0,2.0,clear_violation,310.06388906666666,0.0,165.16591409915569,100.0,0.2665726375176304,189,709,295.32269826800365,316.0,0.9807406756686955,1.0033717065328476,0,0,1,0,1
2024,São Paulo Grand Prix,R,LAW,29.0,5.0,clear_violation,279.1892864,0.0,121.23357611578514,100.0,0.2606837606837607,244,936,295.32269826800365,316.0,0.883083451631882,0.7364857381126985,0,0,1,0,1
2024,São Paulo Grand Prix,R,NOR,34.0,4.0,clear_violation,295.0,66.0,157.6584871328784,100.0,0.2472826086956521,182,736,295.32269826800365,316.0,0.9330931770002373,0.957764597778543,0,0,1,0,1
2024,São Paulo Grand Prix,R,NOR,43.0,2.0,clear_violation,308.0,69.0,170.3174126541357,100.0,0.2564841498559078,178,694,295.32269826800365,316.0,0.9742125373426207,1.0346667102538256,0,0,1,0,1
2024,São Paulo Grand Prix,R,COL,6.0,2.0,clear_violation,313.0,64.0,176.0785174771357,100.0,0.2746913580246913,178,648,295.32269826800365,316.0,0.9900276759358451,1.0696650306354623,0,0,1,0,1
2024,São Paulo Grand Prix,R,COL,14.0,2.0,clear_violation,313.0,67.0,181.17679849538445,100.0,0.2585669781931464,166,642,295.32269826800365,316.0,0.9900276759358451,1.1006367414364768,0,0,1,0,1
2024,São Paulo Grand Prix,R,COL,18.0,2.0,clear_violation,313.0,65.0,180.90232160993827,100.0,0.2386895475819032,153,641,295.32269826800365,316.0,0.9900276759358451,1.0989693130057618,0,0,1,0,1
2024,São Paulo Grand Prix,R,COL,23.0,4.0,clear_violation,312.42812480000003,65.0,172.3420370368351,100.0,0.2565687789799072,166,647,295.32269826800365,316.0,0.9882188188266396,1.0469661658227123,0,0,1,0,1
2024,São Paulo Grand Prix,R,HAM,11.0,12.0,clear_violation,315.0,41.0,167.94113027586158,100.0,0.2418207681365576,170,703,295.32269826800365,316.0,0.9963537313731348,1.0202309562539933,0,0,1,0,1
2024,São Paulo Grand Prix,R,HAM,19.0,2.0,clear_violation,316.1527779555556,67.0,177.2409139685786,100.0,0.2537764350453172,168,662,295.32269826800365,316.0,1.0,1.0767265103460197,0,0,1,0,1
2024,São Paulo Grand Prix,R,BEA,36.0,7.0,clear_violation,308.0,0.0,140.20182233304675,100.0,0.2721822541966426,227,834,295.32269826800365,316.0,0.9742125373426207,0.8517165451515116,0,0,1,0,1
2024,São Paulo Grand Prix,R,BEA,37.0,12.0,clear_violation,306.0,38.0,169.95125825243477,100.0,0.2373371924746743,164,691,295.32269826800365,316.0,0.967886481905331,1.0324423471405708,0,0,1,0,1
2024,São Paulo Grand Prix,R,SAI,22.0,4.0,clear_violation,313.0,66.0,174.75722643443717,100.0,0.258160237388724,174,674,295.32269826800365,316.0,0.9900276759358451,1.0616382773215607,0,0,1,0,1
2024,São Paulo Grand Prix,R,RUS,31.0,2.0,clear_violation,192.0,65.0,121.58961017399048,65.0,0.1516095534787123,146,963,295.32269826800365,316.0,0.6073013219798155,0.7386486208268088,0,0,1,0,1
2024,São Paulo Grand Prix,R,PIA,51.0,12.0,clear_violation,315.0,54.0,178.2582041022791,100.0,0.22782874617737,149,654,295.32269826800365,316.0,0.9963537313731348,1.0829064787920353,0,0,1,0,1
2024,São Paulo Grand Prix,S,BEA,11.0,4.0,clear_violation,324.0,84.0,207.5870721694626,100.0,0.2188065099457504,121,553,318.86105263157896,347.0,0.9446064139941691,1.0041747501863125,1,0,0,0,1
2024,São Paulo Grand Prix,S,RUS,3.0,2.0,clear_violation,343.0,85.0,205.86102962944707,100.0,0.1917098445595854,111,579,318.86105263157896,347.0,1.0,0.9958252498136876,1,0,0,0,1
2024,São Paulo Grand Prix,SQ,BEA,11.0,2.0,clear_violation,330.0,89.0,218.2856110389439,100.0,0.2177121771217712,118,542,314.68,333.0,0.9969788519637462,1.0257340492965483,0,1,0,0,1
2024,São Paulo Grand Prix,SQ,COL,2.0,4.0,clear_violation,331.0,77.0,207.33272772761043,100.0,0.2128801431127012,119,559,314.68,333.0,1.0,0.9742659507034519,0,1,0,0,1
2024,United States Grand Prix,Q,LEC,2.0,9.0,clear_violation,331.0,74.0,207.54121893161897,100.0,0.1816939890710382,133,732,210.15300546448088,218.0,0.9969879518072289,0.9946661535351329,0,1,0,0,1
2024,United States Grand Prix,Q,GAS,2.0,12.0,clear_violation,330.0,80.0,207.01967920640536,100.0,0.2083897158322057,154,739,210.15300546448088,218.0,0.9939759036144579,0.9921666119256904,0,1,0,0,1
2024,United States Grand Prix,Q,GAS,8.0,19.0,clear_violation,332.0,81.0,208.7390451518557,100.0,0.1549295774647887,110,710,210.15300546448088,218.0,1.0,1.0004068791857756,0,1,0,0,1
2024,United States Grand Prix,Q,PER,14.0,9.0,clear_violation,329.0,81.0,210.0926707054612,100.0,0.1795580110497237,130,724,210.15300546448088,218.0,0.9909638554216867,1.0068942918051225,0,1,0,0,1
2024,United States Grand Prix,Q,TSU,4.0,12.0,clear_violation,331.0,78.0,210.5808527134629,100.0,0.1815680880330124,132,727,210.15300546448088,218.0,0.9969879518072289,1.009233962558835,0,1,0,0,1
2024,United States Grand Prix,Q,OCO,8.0,9.0,clear_violation,330.0,80.0,209.3374757873751,100.0,0.2315340909090909,163,704,210.15300546448088,218.0,0.9939759036144579,1.0032749296937846,0,1,0,0,1
2024,United States Grand Prix,Q,ZHO,5.0,12.0,clear_violation,330.0,79.0,207.2680943575346,100.0,0.1820652173913043,134,736,210.15300546448088,218.0,0.9939759036144579,0.9933571712956583,0,1,0,0,1
2024,United States Grand Prix,R,VER,52.0,12.0,clear_violation,308.0,61.0,193.0572783463692,100.0,0.2100515463917525,163,776,199.4,210.0,0.9112426035502958,1.0034111869025812,0,0,1,0,1
2024,United States Grand Prix,R,VER,56.0,12.0,clear_violation,309.0,74.0,198.24227561417345,100.0,0.2090545938748335,157,751,199.4,210.0,0.9142011834319527,1.0303601023080904,0,0,1,0,1
2024,United States Grand Prix,R,GAS,6.0,20.0,clear_violation,312.0,75.0,190.85262990247048,100.0,0.1864623243933588,146,783,199.4,210.0,0.9230769230769231,0.9919525724916477,0,0,1,0,1
2024,United States Grand Prix,R,GAS,27.0,12.0,clear_violation,333.0,74.0,189.1150863236671,100.0,0.2108585858585858,167,792,199.4,210.0,0.985207100591716,0.9829217258971253,0,0,1,0,1
2024,United States Grand Prix,R,ALO,11.0,19.0,clear_violation,305.0,67.0,189.4652183255386,99.0,0.2172284644194756,174,801,199.4,210.0,0.9023668639053254,0.9847415296910031,0,0,1,0,1
2024,United States Grand Prix,R,ALO,39.0,12.0,clear_violation,311.0,74.0,195.4706556089752,99.0,0.1925545571245186,150,779,199.4,210.0,0.9201183431952663,1.0159546650053364,0,0,1,0,1
2024,United States Grand Prix,R,STR,2.0,19.0,clear_violation,330.0,73.0,190.61004429920703,100.0,0.2030264817150063,161,793,199.4,210.0,0.9763313609467456,0.9906917388666168,0,0,1,0,1
2024,United States Grand Prix,R,STR,6.0,11.0,clear_violation,316.0,55.0,183.3156290811824,100.0,0.2343558282208589,191,815,199.4,210.0,0.9349112426035503,0.9527791675594288,0,0,1,0,1
2024,United States Grand Prix,R,STR,15.0,19.0,clear_violation,307.0,69.0,189.3231290307209,100.0,0.2189873417721519,173,790,199.4,210.0,0.908284023668639,0.984003023537905,0,0,1,0,1
2024,United States Grand Prix,R,MAG,21.0,12.0,clear_violation,338.0,65.0,194.29113775462184,100.0,0.2223634053367217,175,787,199.4,210.0,1.0,1.0098241455017616,0,0,1,0,1
2024,United States Grand Prix,R,MAG,40.0,12.0,clear_violation,338.0,57.0,196.7699942280572,100.0,0.2010512483574244,153,761,199.4,210.0,1.0,1.0227079504402543,0,0,1,0,1
2024,United States Grand Prix,R,TSU,41.0,1.0,clear_violation,312.0,0.0,173.1092717926799,100.0,0.2055865921787709,184,895,199.4,210.0,0.9230769230769231,0.899731837935139,0,0,1,0,1
2024,United States Grand Prix,R,TSU,52.0,20.0,clear_violation,310.0,69.0,196.4823596920792,100.0,0.1830065359477124,140,765,199.4,210.0,0.9171597633136095,1.0212129759248567,0,0,1,0,1
2024,United States Grand Prix,R,TSU,53.0,20.0,clear_violation,313.0,68.0,193.46745573283764,100.0,0.182175622542595,139,763,199.4,210.0,0.9260355029585798,1.0055430753334256,0,0,1,0,1
2024,United States Grand Prix,R,ALB,14.0,12.0,clear_violation,308.0,71.0,190.37122262129665,100.0,0.2126582278481012,168,790,199.4,210.0,0.9112426035502958,0.9894504681652854,0,0,1,0,1
2024,United States Grand Prix,R,ALB,28.0,12.0,clear_violation,307.0,72.0,190.45778538365573,100.0,0.22125,177,800,199.4,210.0,0.908284023668639,0.989900376321374,0,0,1,0,1
2024,United States Grand Prix,R,ALB,44.0,11.0,clear_violation,311.0,73.0,193.0918814575516,100.0,0.2115384615384615,165,780,199.4,210.0,0.9201183431952663,1.0035910358529005,0,0,1,0,1
2024,United States Grand Prix,R,ZHO,13.0,12.0,clear_violation,307.0,65.0,189.3049777212213,100.0,0.2307692307692307,177,767,199.4,210.0,0.908284023668639,0.9839086824844889,0,0,1,0,1
2024,United States Grand Prix,R,ZHO,19.0,12.0,clear_violation,306.0,75.0,192.6892275330962,100.0,0.2178343949044586,171,785,199.4,210.0,0.9053254437869822,1.0014982504593142,0,0,1,0,1
2024,United States Grand Prix,R,HUL,17.0,19.0,clear_violation,309.0,73.0,193.3682379142256,100.0,0.2215189873417721,175,790,199.4,210.0,0.9142011834319527,1.0050273927857996,0,0,1,0,1
2024,United States Grand Prix,R,HUL,18.0,16.0,clear_violation,328.0,72.0,190.9198343017777,100.0,0.2509505703422053,198,789,199.4,210.0,0.9704142011834319,0.9923018659585997,0,0,1,0,1
2024,United States Grand Prix,R,HUL,40.0,9.0,clear_violation,310.0,73.0,197.37722437596403,100.0,0.2020997375328084,154,762,199.4,210.0,0.9171597633136095,1.0258640164982304,0,0,1,0,1
2024,United States Grand Prix,R,LAW,2.0,12.0,clear_violation,338.0,72.0,189.7784778323914,100.0,0.2295081967213114,182,793,199.4,210.0,1.0,0.986369689459296,0,0,1,0,1
2024,United States Grand Prix,R,NOR,27.0,12.0,clear_violation,307.0,74.0,196.2503816165333,100.0,0.1870026525198939,141,754,199.4,210.0,0.908284023668639,1.020007274704407,0,0,1,0,1
2024,United States Grand Prix,R,NOR,31.0,12.0,clear_violation,305.0,73.0,189.8554064635616,100.0,0.2119289340101522,167,788,199.4,210.0,0.9023668639053254,0.9867695244190058,0,0,1,0,1
2024,United States Grand Prix,R,NOR,51.0,20.0,clear_violation,332.0,69.0,198.3843102032557,100.0,0.2089356110381077,159,761,199.4,210.0,0.9822485207100592,1.0310983241292668,0,0,1,0,1
2024,United States Grand Prix,R,NOR,52.0,20.0,clear_violation,329.0,71.0,195.00344469387792,100.0,0.2210663198959687,170,769,199.4,210.0,0.9733727810650887,1.013526345996247,0,0,1,0,1
2024,United States Grand Prix,R,COL,6.0,20.0,clear_violation,313.0,69.0,188.8370971342844,100.0,0.2681067344345616,211,787,199.4,210.0,0.9260355029585798,0.9814768828699479,0,0,1,0,1
2024,United States Grand Prix,R,COL,7.0,20.0,clear_violation,337.0,73.0,191.2835805069432,100.0,0.2265415549597855,169,746,199.4,210.0,0.9970414201183432,0.994192429290802,0,0,1,0,1
2024,United States Grand Prix,R,COL,14.0,9.0,clear_violation,313.0,65.0,189.7388724796594,100.0,0.2408575031525851,191,793,199.4,210.0,0.9260355029585798,0.9861638414626138,0,0,1,0,1
2024,United States Grand Prix,R,COL,41.0,1.0,clear_violation,310.0,64.0,196.105709977718,100.0,0.2134688691232528,168,787,199.4,210.0,0.9171597633136095,1.019255346872117,0,0,1,0,1
2024,United States Grand Prix,R,RUS,16.0,11.0,clear_violation,332.0,72.0,192.6767464110081,100.0,0.2148337595907928,168,782,199.4,210.0,0.9822485207100592,1.0014333800869795,0,0,1,0,1
2024,United States Grand Prix,R,RUS,40.0,12.0,clear_violation,315.0,74.0,193.6694224400716,100.0,0.191958495460441,148,771,199.4,210.0,0.9319526627218935,1.0065927930915763,0,0,1,0,1
2024,United States Grand Prix,R,RUS,53.0,13.0,clear_violation,337.0,71.0,197.4768569126627,100.0,0.1935064935064935,149,770,199.4,210.0,0.9970414201183432,1.0263818545344818,0,0,1,0,1
2024,United States Grand Prix,R,BOT,13.0,12.0,clear_violation,332.0,66.0,191.6242231782277,100.0,0.2693298969072165,209,776,199.4,210.0,0.9822485207100592,0.9959629124864162,0,0,1,0,1
2024,United States Grand Prix,R,BOT,15.0,9.0,clear_violation,310.0,56.0,185.4221685759601,100.0,0.3472222222222222,275,792,199.4,210.0,0.9171597633136095,0.9637278627488417,0,0,1,0,1
2024,United States Grand Prix,R,PIA,14.0,9.0,clear_violation,305.0,72.0,195.5349423893944,100.0,0.1866151866151866,145,777,199.4,210.0,0.9023668639053254,1.0162887942088303,0,0,1,0,1
2024,United States Grand Prix,R,PIA,39.0,12.0,clear_violation,310.0,75.0,200.63427281273505,100.0,0.1894329896907216,147,776,199.4,210.0,0.9171597633136095,1.0427924579728696,0,0,1,0,1
2024,United States Grand Prix,R,PIA,43.0,19.0,clear_violation,309.0,76.0,200.20907472218727,100.0,0.1788511749347258,137,766,199.4,210.0,0.9142011834319527,1.0405824997451367,0,0,1,0,1
2024,United States Grand Prix,S,RUS,3.0,9.0,clear_violation,336.0,72.0,197.4172678121979,100.0,0.1882510013351135,141,749,204.2342105263158,210.0,0.9572649572649573,1.0083227122000535,1,0,0,0,1
2024,United States Grand Prix,S,LEC,14.0,20.0,clear_violation,314.0,62.0,198.7829362694076,100.0,0.2115637319316688,161,761,204.2342105263158,210.0,0.8945868945868946,1.0152979608092567,1,0,0,0,1
2024,United States Grand Prix,S,LEC,15.0,20.0,clear_violation,327.0,73.0,199.061683548256,100.0,0.2116689280868385,156,737,204.2342105263158,210.0,0.9316239316239316,1.016721682327347,1,0,0,0,1
2024,United States Grand Prix,S,NOR,14.0,12.0,clear_violation,309.0,73.0,198.5037284245509,100.0,0.1934210526315789,147,760,204.2342105263158,210.0,0.8803418803418803,1.0138718869175785,1,0,0,0,1
2024,United States Grand Prix,S,NOR,19.0,12.0,clear_violation,331.0,59.0,196.54328920596487,100.0,0.2037735849056604,162,795,204.2342105263158,210.0,0.9430199430199431,1.003858804415249,1,0,0,0,1
2024,United States Grand Prix,S,SAI,13.0,20.0,clear_violation,312.0,73.0,200.4771625009365,100.0,0.2362204724409448,180,762,204.2342105263158,210.0,0.8888888888888888,1.0239513415787689,1,0,0,0,1
2024,United States Grand Prix,S,SAI,14.0,20.0,clear_violation,310.0,70.0,199.1321086963437,100.0,0.2216358839050131,168,758,204.2342105263158,210.0,0.8831908831908832,1.01708138377147,1,0,0,0,1
2024,United States Grand Prix,S,HUL,2.0,12.0,clear_violation,351.0,58.0,194.526509543259,100.0,0.2178477690288714,166,762,204.2342105263158,210.0,1.0,0.9935579590943421,1,0,0,0,1
2024,United States Grand Prix,S,HAM,9.0,12.0,clear_violation,312.0,69.0,194.79502567369192,100.0,0.2099871959026888,164,781,204.2342105263158,210.0,0.8888888888888888,0.9949294242954771,1,0,0,0,1
2024,United States Grand Prix,S,HAM,11.0,12.0,clear_violation,311.0,74.0,198.65098617488368,100.0,0.204485488126649,155,758,204.2342105263158,210.0,0.886039886039886,1.01462401633287,1,0,0,0,1
2024,United States Grand Prix,S,TSU,13.0,12.0,clear_violation,331.0,69.0,193.54098552484072,100.0,0.1908396946564885,150,786,204.2342105263158,210.0,0.9430199430199431,0.988524325196951,1,0,0,0,1
2024,United States Grand Prix,S,TSU,16.0,1.0,clear_violation,330.0,69.0,195.4276141763656,100.0,0.1944809461235216,148,761,204.2342105263158,210.0,0.9401709401709402,0.998160414987382,1,0,0,0,1
2024,United States Grand Prix,S,COL,2.0,12.0,clear_violation,336.0,70.0,193.8898715120445,100.0,0.2322834645669291,177,762,204.2342105263158,210.0,0.9572649572649573,0.9903062851478939,1,0,0,0,1
2024,United States Grand Prix,S,COL,10.0,12.0,clear_violation,332.0,72.0,194.5095941882298,100.0,0.224,168,750,204.2342105263158,210.0,0.9458689458689459,0.9934715627175211,1,0,0,0,1
2024,United States Grand Prix,S,PER,2.0,12.0,clear_violation,336.0,66.0,193.8334754348802,100.0,0.2047244094488189,156,762,204.2342105263158,210.0,0.9572649572649573,0.990018238179592,1,0,0,0,1
2024,United States Grand Prix,S,PER,18.0,12.0,clear_violation,311.0,72.0,196.89510579358648,100.0,0.2099596231493943,156,743,204.2342105263158,210.0,0.886039886039886,1.005655732615902,1,0,0,0,1
2024,United States Grand Prix,S,GAS,4.0,12.0,clear_violation,336.0,73.0,193.6939795664152,100.0,0.202113606340819,153,757,204.2342105263158,210.0,0.9572649572649573,0.9893057531270426,1,0,0,0,1
2024,United States Grand Prix,S,GAS,10.0,19.0,clear_violation,311.0,72.0,196.0125215697279,100.0,0.1717305151915455,130,757,204.2342105263158,210.0,0.886039886039886,1.0011478710280663,1,0,0,0,1
2024,United States Grand Prix,S,GAS,11.0,9.0,clear_violation,313.0,76.0,195.4087990419986,100.0,0.1705729166666666,131,768,204.2342105263158,210.0,0.8917378917378918,0.9980643153527067,1,0,0,0,1
2024,United States Grand Prix,S,GAS,13.0,9.0,clear_violation,314.0,73.0,194.8966756356189,100.0,0.1804320203303684,142,787,204.2342105263158,210.0,0.8945868945868946,0.9954486086932813,1,0,0,0,1
2024,United States Grand Prix,S,LAW,5.0,12.0,clear_violation,335.0,71.0,193.99012415220213,100.0,0.2420212765957446,182,752,204.2342105263158,210.0,0.9544159544159544,0.9908183326255497,1,0,0,0,1
2024,United States Grand Prix,S,LAW,10.0,20.0,clear_violation,312.0,73.0,194.744126050813,100.0,0.2179656538969616,165,757,204.2342105263158,210.0,0.8888888888888888,0.9946694508576923,1,0,0,0,1
2024,United States Grand Prix,S,LAW,11.0,20.0,clear_violation,313.0,72.0,194.85471993713824,100.0,0.2189119170984456,169,772,204.2342105263158,210.0,0.8917378917378918,0.9952343169843894,1,0,0,0,1
2024,United States Grand Prix,S,PIA,6.0,12.0,clear_violation,337.0,73.0,197.17382440735832,100.0,0.1863517060367454,142,762,204.2342105263158,210.0,0.9601139601139601,1.0070793077250784,1,0,0,0,1
2024,United States Grand Prix,S,PIA,13.0,20.0,clear_violation,342.0,60.0,193.531010659186,100.0,0.1956521739130435,153,782,204.2342105263158,210.0,0.9743589743589743,0.9884733778623928,1,0,0,0,1
2024,United States Grand Prix,S,PIA,14.0,20.0,clear_violation,331.0,73.0,191.5470369658265,100.0,0.178988326848249,138,771,204.2342105263158,210.0,0.9430199430199431,0.9783400913591834,1,0,0,0,1
2024,United States Grand Prix,S,ALB,18.0,12.0,clear_violation,339.0,71.0,194.42996359269463,100.0,0.2387862796833773,181,758,204.2342105263158,210.0,0.9658119658119658,0.9930648437969629,1,0,0,0,1
2024,United States Grand Prix,SQ,PIA,5.0,19.0,clear_violation,324.0,75.0,206.05711080145625,100.0,0.1830790568654646,132,721,207.07638888888889,217.0,0.9818181818181818,0.9951147988248839,0,1,0,0,1
2024,United States Grand Prix,SQ,ALO,5.0,19.0,clear_violation,330.0,71.0,207.6950028292769,100.0,0.1799450549450549,131,728,207.07638888888889,217.0,1.0,1.003024696180147,0,1,0,0,1
2024,United States Grand Prix,SQ,ALO,8.0,19.0,clear_violation,329.0,76.0,206.39194960357085,100.0,0.1801152737752161,125,694,207.07638888888889,217.0,0.996969696969697,0.9967318410415249,0,1,0,0,1
2024,United States Grand Prix,SQ,LAW,8.0,1.0,clear_violation,328.0,82.0,208.32810008832504,100.0,0.1875,129,688,207.07638888888889,217.0,0.9939393939393939,1.0060821225854961,0,1,0,0,1
2024,United States Grand Prix,SQ,STR,8.0,19.0,clear_violation,326.0,73.0,208.1465542554868,100.0,0.1853448275862069,129,696,207.07638888888889,217.0,0.9878787878787879,1.0052053804812335,0,1,0,0,1
2024,United States Grand Prix,SQ,PER,2.0,9.0,clear_violation,329.0,77.0,207.3287520144592,100.0,0.185595567867036,134,722,207.07638888888889,217.0,0.996969696969697,1.0012559554437115,0,1,0,0,1
2024,United States Grand Prix,SQ,ZHO,5.0,19.0,clear_violation,326.0,73.0,205.5333112314083,100.0,0.2043895747599451,149,729,207.07638888888889,217.0,0.9878787878787879,0.9925852054430031,0,1,0,0,1
2025,Abu Dhabi Grand Prix,Q,STR,2.0,16.0,clear_violation,327.0,70.0,225.9001598618341,99.0,0.1245954692556634,77,618,222.17368421052632,230.0,0.990909090909091,1.0555142843790648,0,1,0,0,1
2025,Abu Dhabi Grand Prix,Q,STR,3.0,16.0,clear_violation,280.0,56.0,156.27345967044488,99.0,0.1700680272108843,150,882,222.17368421052632,230.0,0.8484848484848485,0.730184826130167,0,1,0,0,1
2025,Abu Dhabi Grand Prix,Q,GAS,5.0,1.0,clear_violation,328.0,68.0,225.4863895589362,100.0,0.1399046104928457,88,629,222.17368421052632,230.0,0.9939393939393939,1.053580950354743,0,1,0,0,1
2025,Abu Dhabi Grand Prix,Q,COL,2.0,1.0,clear_violation,327.0,67.0,223.8278973295044,100.0,0.1578947368421052,99,627,222.17368421052632,230.0,0.990909090909091,1.0458316763402065,0,1,0,0,1
2025,Abu Dhabi Grand Prix,Q,COL,5.0,1.0,clear_violation,329.0,67.0,225.8421197453243,100.0,0.1428571428571428,90,630,222.17368421052632,230.0,0.996969696969697,1.055243093017002,0,1,0,0,1
2025,Abu Dhabi Grand Prix,Q,TSU,16.0,1.0,clear_violation,330.0,65.0,226.78424801297072,100.0,0.1228346456692913,78,635,222.17368421052632,230.0,1.0,1.0596451697788172,0,1,0,0,1
2025,Abu Dhabi Grand Prix,R,VER,45.0,1.0,clear_violation,311.0,59.0,213.5489860219301,100.0,0.1471025260029717,99,673,211.58724534986715,218.0,0.9228486646884273,1.0226068747653698,0,0,1,0,1
2025,Abu Dhabi Grand Prix,R,VER,51.0,1.0,clear_violation,310.0,59.0,215.3285276890485,100.0,0.1483253588516746,93,627,211.58724534986715,218.0,0.9198813056379822,1.0311284396607416,0,0,1,0,1
2025,Abu Dhabi Grand Prix,R,PIA,30.0,1.0,clear_violation,311.0,59.0,210.51020302699,100.0,0.1609538002980625,108,671,211.58724534986715,218.0,0.9228486646884273,1.008055270286074,0,0,1,0,1
2025,Abu Dhabi Grand Prix,R,LEC,9.0,1.0,clear_violation,314.0,63.0,208.9394313456196,100.0,0.1686390532544378,114,676,211.58724534986715,218.0,0.9317507418397626,1.0005334274059996,0,0,1,0,1
2025,Abu Dhabi Grand Prix,R,LEC,52.0,6.0,clear_violation,312.0,66.0,216.158377386182,100.0,0.1554878048780487,102,656,211.58724534986715,218.0,0.9258160237388724,1.0351022820147555,0,0,1,0,1
2025,Abu Dhabi Grand Prix,R,OCO,42.0,1.0,clear_violation,324.0,62.0,211.15326673732383,100.0,0.2078907435508346,137,659,211.58724534986715,218.0,0.9614243323442137,1.01113466384045,0,0,1,0,1
2025,Abu Dhabi Grand Prix,R,OCO,44.0,1.0,clear_violation,310.0,63.0,211.17820712673705,100.0,0.2142857142857142,144,672,211.58724534986715,218.0,0.9198813056379822,1.0112540941133272,0,0,1,0,1
2025,Abu Dhabi Grand Prix,R,HAM,5.0,1.0,clear_violation,335.0,60.0,206.4263686165993,100.0,0.2108345534407028,144,683,211.58724534986715,218.0,0.9940652818991098,0.9884993022561434,0,0,1,0,1
2025,Abu Dhabi Grand Prix,R,HAM,25.0,1.0,clear_violation,307.0,63.0,209.3837685031724,100.0,0.1962209302325581,135,688,211.58724534986715,218.0,0.9109792284866469,1.0026611932197906,0,0,1,0,1
2025,Abu Dhabi Grand Prix,R,HAM,27.0,1.0,clear_violation,309.0,63.0,209.58448449222348,100.0,0.1966966966966967,131,666,211.58724534986715,218.0,0.9169139465875371,1.003622347632661,0,0,1,0,1
2025,Abu Dhabi Grand Prix,R,HUL,4.0,1.0,clear_violation,335.0,62.0,206.8741104358105,100.0,0.1760355029585799,119,676,211.58724534986715,218.0,0.9940652818991098,0.9906433717316047,0,0,1,0,1
2025,Abu Dhabi Grand Prix,R,HUL,22.0,1.0,clear_violation,334.0,61.0,208.3713787938874,100.0,0.1761280931586608,121,687,211.58724534986715,218.0,0.9910979228486647,0.997813234463619,0,0,1,0,1
2025,Abu Dhabi Grand Prix,R,HUL,29.0,1.0,clear_violation,335.0,57.0,208.22674256619223,100.0,0.1741007194244604,121,695,211.58724534986715,218.0,0.9940652818991098,0.9971206252242287,0,0,1,0,1
2025,Abu Dhabi Grand Prix,R,STR,28.0,1.0,clear_violation,308.0,56.0,208.64754917538767,99.0,0.1739130434782608,116,667,211.58724534986715,218.0,0.913946587537092,0.9991357119709566,0,0,1,0,1
2025,Abu Dhabi Grand Prix,R,BOR,39.0,1.0,clear_violation,334.0,56.0,208.92229377991063,100.0,0.1820895522388059,122,670,211.58724534986715,218.0,0.9910979228486647,1.0004513619612638,0,0,1,0,1
2025,Abu Dhabi Grand Prix,R,BOR,46.0,1.0,clear_violation,314.0,56.0,211.4158544774588,100.0,0.175595238095238,118,672,211.58724534986715,218.0,0.9317507418397626,1.0123920991169797,0,0,1,0,1
2025,Abu Dhabi Grand Prix,R,BEA,11.0,1.0,clear_violation,329.0,56.0,205.06103092686155,100.0,0.2045779685264663,143,699,211.58724534986715,218.0,0.9762611275964391,0.9819612065530867,0,0,1,0,1
2025,Abu Dhabi Grand Prix,R,SAI,14.0,1.0,clear_violation,332.0,57.0,205.6472539679941,100.0,0.2043478260869565,141,690,211.58724534986715,218.0,0.9851632047477745,0.9847684112285818,0,0,1,0,1
2025,Abu Dhabi Grand Prix,R,TSU,8.0,1.0,clear_violation,336.0,60.0,207.12484659940097,100.0,0.1991404011461318,139,698,211.58724534986715,218.0,0.9970326409495549,0.9918440542045881,0,0,1,0,1
2025,Abu Dhabi Grand Prix,R,TSU,9.0,1.0,clear_violation,336.0,61.0,207.6442504285456,100.0,0.1896296296296296,128,675,211.58724534986715,218.0,0.9970326409495549,0.9943312864614915,0,0,1,0,1
2025,Abu Dhabi Grand Prix,R,ANT,19.0,1.0,clear_violation,321.0,60.0,206.86816128715813,104.0,0.2818991097922849,190,674,211.58724534986715,218.0,0.9525222551928784,0.990614883465637,0,0,1,0,1
2025,Abu Dhabi Grand Prix,R,ANT,25.0,1.0,clear_violation,327.0,56.0,211.7613276366756,104.0,0.2557803468208092,177,692,211.58724534986715,218.0,0.9703264094955489,1.014046441917866,0,0,1,0,1
2025,Abu Dhabi Grand Prix,R,ANT,26.0,1.0,clear_violation,315.0,60.0,216.19915655968404,104.0,0.2373134328358209,159,670,211.58724534986715,218.0,0.9347181008902077,1.0352975583489927,0,0,1,0,1
2025,Abu Dhabi Grand Prix,R,ALB,17.0,1.0,clear_violation,317.0,60.0,205.98110845931603,100.0,0.1811487481590574,123,679,211.58724534986715,218.0,0.9406528189910979,0.9863671165390442,0,0,1,0,1
2025,Abu Dhabi Grand Prix,R,ALB,19.0,1.0,clear_violation,319.0,62.0,206.4963988873081,100.0,0.1766467065868263,118,668,211.58724534986715,218.0,0.9465875370919882,0.9888346512437576,0,0,1,0,1
2025,Abu Dhabi Grand Prix,R,ALB,53.0,1.0,clear_violation,336.0,53.0,209.76507400386728,100.0,0.1762048192771084,117,664,211.58724534986715,218.0,0.9970326409495549,1.0044871238114552,0,0,1,0,1
2025,Abu Dhabi Grand Prix,R,HAD,9.0,6.0,clear_violation,331.0,57.0,207.5451400953189,100.0,0.1952662721893491,132,676,211.58724534986715,218.0,0.9821958456973294,0.9938566838421773,0,0,1,0,1
2025,Abu Dhabi Grand Prix,R,HAD,23.0,6.0,clear_violation,313.0,56.0,208.6788049223353,100.0,0.1751824817518248,120,685,211.58724534986715,218.0,0.9287833827893175,0.9992853841482869,0,0,1,0,1
2025,Abu Dhabi Grand Prix,R,HAD,41.0,1.0,clear_violation,310.0,55.0,208.7020697680535,100.0,0.1697841726618705,118,695,211.58724534986715,218.0,0.9198813056379822,0.9993967908639776,0,0,1,0,1
2025,Abu Dhabi Grand Prix,R,LAW,4.0,1.0,clear_violation,337.0,63.0,208.7627201659367,100.0,0.1698670605612998,115,677,211.58724534986715,218.0,1.0,0.9996872231202387,0,0,1,0,1
2025,Abu Dhabi Grand Prix,R,LAW,5.0,1.0,clear_violation,327.0,62.0,206.05899443056657,100.0,0.1620437956204379,111,685,211.58724534986715,218.0,0.9703264094955489,0.9867400835623594,0,0,1,0,1
2025,Abu Dhabi Grand Prix,R,LAW,21.0,7.0,clear_violation,324.0,47.0,196.5143203857553,100.0,0.2279005524861878,165,724,211.58724534986715,218.0,0.9614243323442137,0.941034180305969,0,0,1,0,1
2025,Abu Dhabi Grand Prix,R,GAS,2.0,6.0,clear_violation,333.0,82.0,202.7234550197857,100.0,0.2037302725968436,142,697,211.58724534986715,218.0,0.9881305637982196,0.9707674226939763,0,0,1,0,1
2025,Abu Dhabi Grand Prix,R,GAS,11.0,1.0,clear_violation,307.0,60.0,206.852970489358,100.0,0.1583452211126961,111,701,211.58724534986715,218.0,0.9109792284866469,0.9905421403702332,0,0,1,0,1
2025,Abu Dhabi Grand Prix,R,GAS,24.0,4.0,clear_violation,307.0,63.0,208.40181258928104,100.0,0.2831594634873323,190,671,211.58724534986715,218.0,0.9109792284866469,0.9979589706198728,0,0,1,0,1
2025,Abu Dhabi Grand Prix,R,GAS,44.0,4.0,clear_violation,310.0,63.0,212.44168964258105,100.0,0.2020802377414561,136,673,211.58724534986715,218.0,0.9198813056379822,1.0173044431733562,0,0,1,0,1
2025,Abu Dhabi Grand Prix,R,COL,25.0,1.0,clear_violation,308.0,61.0,207.22370487535272,100.0,0.1612903225806451,110,682,211.58724534986715,218.0,0.913946587537092,0.9923174498151172,0,0,1,0,1
2025,Abu Dhabi Grand Prix,R,COL,26.0,1.0,clear_violation,306.0,60.0,210.8621088119505,100.0,0.1505216095380029,101,671,211.58724534986715,218.0,0.9080118694362018,1.009740416545365,0,0,1,0,1
2025,Abu Dhabi Grand Prix,R,COL,29.0,1.0,clear_violation,307.0,60.0,212.30748303185496,100.0,0.1569767441860465,108,688,211.58724534986715,218.0,0.9109792284866469,1.0166617775006035,0,0,1,0,1
2025,Australian Grand Prix,Q,NOR,16.0,4.0,clear_violation,328.0,94.0,248.97361092491803,100.0,0.1245674740484429,72,578,303.8019801980198,315.0,0.9879518072289156,1.1199440274229557,0,1,0,0,1
2025,Australian Grand Prix,Q,DOO,11.0,12.0,clear_violation,329.0,85.0,242.30672751620807,100.0,0.1225577264653641,69,563,303.8019801980198,315.0,0.9909638554216867,1.089954759775785,0,1,0,0,1
2025,Australian Grand Prix,Q,HUL,4.0,9.0,clear_violation,314.48333368888893,10.0,146.94067253224708,100.0,0.1825641025641025,178,975,303.8019801980198,315.0,0.9472389568942438,0.6609749843634223,0,1,0,0,1
2025,Australian Grand Prix,Q,HUL,5.0,11.0,clear_violation,332.0,77.0,229.06536318132927,100.0,0.1700468018720748,109,641,303.8019801980198,315.0,1.0,1.030391873385183,0,1,0,0,1
2025,Australian Grand Prix,Q,OCO,8.0,4.0,clear_violation,323.0,94.0,244.2585103598305,100.0,0.1938250428816466,113,583,303.8019801980198,315.0,0.9728915662650602,1.0987343550526543,0,1,0,0,1
2025,Australian Grand Prix,R,GAS,54.0,1.0,clear_violation,305.0,71.0,198.49596511353656,100.0,0.2214285714285714,155,700,270.4743742550655,310.0,0.9621451104100947,1.0028708913849935,0,0,1,0,1
2025,Australian Grand Prix,R,ANT,16.0,4.0,clear_violation,307.0,0.0,193.24970635461693,100.0,0.1841059602649006,139,755,270.4743742550655,310.0,0.9684542586750788,0.9763649611763635,0,0,1,0,1
2025,Australian Grand Prix,R,TSU,45.0,12.0,clear_violation,313.0,44.0,198.5799698154266,100.0,0.2090545938748335,157,751,270.4743742550655,310.0,0.9873817034700315,1.0032953124568114,0,0,1,0,1
2025,Australian Grand Prix,R,LAW,28.0,6.0,clear_violation,303.0,76.0,206.4460764238106,100.0,0.1895043731778425,130,686,270.4743742550655,310.0,0.9558359621451105,1.0430376283349565,0,0,1,0,1
2025,Australian Grand Prix,R,NOR,44.0,12.0,clear_violation,306.0,0.0,179.0028154485546,100.0,0.2196969696969697,174,792,270.4743742550655,310.0,0.9652996845425867,0.9043846961152823,0,0,1,0,1
2025,Australian Grand Prix,R,PIA,32.0,6.0,clear_violation,317.0,77.0,211.79188333107376,100.0,0.1685878962536023,117,694,270.4743742550655,310.0,1.0,1.0700465105315924,0,0,1,0,1
2025,Austrian Grand Prix,Q,GAS,20.0,10.0,clear_violation,323.0,0.0,207.6707308109877,100.0,0.1672661870503597,93,556,282.6634146341464,288.0,1.0,0.9381316650594408,0,1,0,0,1
2025,Austrian Grand Prix,Q,COL,2.0,6.0,clear_violation,321.0,69.0,235.0618589643068,100.0,0.1746987951807229,87,498,282.6634146341464,288.0,0.9938080495356038,1.061868334940559,0,1,0,0,1
2025,Austrian Grand Prix,R,NOR,14.0,10.0,clear_violation,301.0,64.0,218.68259899054144,100.0,0.1766848816029144,97,549,271.4417965169569,285.0,0.9121212121212121,1.019095995799144,0,0,1,0,1
2025,Austrian Grand Prix,R,PIA,48.0,1.0,clear_violation,303.0,63.0,218.0380048707144,99.0,0.188539741219963,102,541,271.4417965169569,285.0,0.9181818181818182,1.0160920837848193,0,0,1,0,1
2025,Austrian Grand Prix,R,PIA,70.0,1.0,clear_violation,330.0,62.0,217.2231545427526,99.0,0.2199630314232902,119,541,271.4417965169569,285.0,1.0,1.0122947505254072,0,0,1,0,1
2025,Austrian Grand Prix,R,LEC,17.0,1.0,clear_violation,302.0,65.0,216.2620063110677,100.0,0.1936685288640595,104,537,271.4417965169569,285.0,0.9151515151515152,1.0078156455632337,0,0,1,0,1
2025,Austrian Grand Prix,R,HAM,48.0,3.0,clear_violation,307.0,51.0,215.3777985138324,99.0,0.2303473491773309,126,547,271.4417965169569,285.0,0.9303030303030303,1.0036950953695905,0,0,1,0,1
2025,Austrian Grand Prix,R,ALO,29.0,1.0,clear_violation,310.0,63.0,211.18984871886087,100.0,0.2276867030965391,125,549,271.4417965169569,285.0,0.9393939393939394,0.984178577428225,0,0,1,0,1
2025,Austrian Grand Prix,R,OCO,27.0,3.0,clear_violation,314.0,71.0,214.3687338412814,100.0,0.2688172043010752,150,558,271.4417965169569,285.0,0.9515151515151515,0.9989926921054717,0,0,1,0,1
2025,Austrian Grand Prix,R,BEA,4.0,3.0,clear_violation,309.0,70.0,212.0219184219713,100.0,0.2010771992818671,112,557,271.4417965169569,285.0,0.9363636363636364,0.988056155738433,0,0,1,0,1
2025,Austrian Grand Prix,R,BEA,29.0,1.0,clear_violation,312.0,56.0,212.17564838847505,100.0,0.2242647058823529,122,544,271.4417965169569,285.0,0.9454545454545454,0.9887725620461204,0,0,1,0,1
2025,Austrian Grand Prix,R,STR,15.0,3.0,clear_violation,304.0,65.0,210.92617813461223,99.0,0.2054054054054054,114,555,271.4417965169569,285.0,0.9212121212121213,0.9829498302034427,0,0,1,0,1
2025,Austrian Grand Prix,R,COL,31.0,1.0,clear_violation,303.0,62.0,214.16786507672523,100.0,0.1958568738229755,104,531,271.4417965169569,285.0,0.9181818181818182,0.9980566114361124,0,0,1,0,1
2025,Azerbaijan Grand Prix,Q,ANT,4.0,16.0,clear_violation,337.0,75.0,207.11567353597133,104.0,0.2094508301404853,164,783,332.99532710280374,344.0,0.9983399578941498,1.137170834783509,0,1,0,0,1
2025,Azerbaijan Grand Prix,Q,LEC,13.0,1.0,clear_violation,337.5603644182004,34.0,157.14916196766055,100.0,0.3016330451488953,314,1041,332.99532710280374,344.0,1.0,0.862829165216491,0,1,0,0,1
2025,Azerbaijan Grand Prix,R,ALO,7.0,16.0,clear_violation,332.0,68.0,196.3897849112014,100.0,0.231722428748451,187,807,320.4630021141649,359.0,1.0,1.0,0,0,1,0,1
2025,Bahrain Grand Prix,Q,ANT,16.0,11.0,clear_violation,317.0,66.0,211.6974183950556,100.0,0.1877729257641921,129,687,286.867816091954,292.0,0.9694189602446484,1.00142808700183,0,1,0,0,1
2025,Bahrain Grand Prix,Q,HAM,14.0,13.0,clear_violation,319.0,70.0,212.370042771528,100.0,0.2034883720930232,140,688,286.867816091954,292.0,0.9755351681957186,1.0046099158011994,0,1,0,0,1
2025,Bahrain Grand Prix,Q,TSU,2.0,15.0,clear_violation,313.0,66.0,212.4867883668876,100.0,0.1732954545454545,122,704,286.867816091954,292.0,0.9571865443425076,1.0051621772274992,0,1,0,0,1
2025,Bahrain Grand Prix,Q,HUL,8.0,11.0,clear_violation,327.0,66.0,210.8801773862132,100.0,0.212338593974175,148,697,286.867816091954,292.0,1.0,0.9975621536980178,0,1,0,0,1
2025,Bahrain Grand Prix,Q,STR,2.0,13.0,clear_violation,316.0,62.0,209.5432090324653,100.0,0.1956521739130435,135,690,286.867816091954,292.0,0.9663608562691132,0.9912376662714532,0,1,0,0,1
2025,Bahrain Grand Prix,R,PIA,23.0,11.0,clear_violation,300.0,61.0,199.3952915408508,99.0,0.2093333333333333,157,750,279.3889400921659,293.0,0.9036144578313253,1.0274409177940824,0,0,1,0,1
2025,Bahrain Grand Prix,R,NOR,10.0,13.0,clear_violation,319.0,57.0,192.38503428224053,100.0,0.2454308093994778,188,766,279.3889400921659,293.0,0.9608433734939759,0.9913185746028264,0,0,1,0,1
2025,Bahrain Grand Prix,R,NOR,36.0,4.0,clear_violation,314.0,47.0,202.0216220099979,100.0,0.2066574202496532,149,721,279.3889400921659,293.0,0.9457831325301205,1.0409738320710389,0,0,1,0,1
2025,Bahrain Grand Prix,R,NOR,49.0,4.0,clear_violation,331.0,53.0,199.28194622161595,100.0,0.2383561643835616,174,730,279.3889400921659,293.0,0.9969879518072289,1.0268568738183075,0,0,1,0,1
2025,Bahrain Grand Prix,R,LEC,38.0,13.0,clear_violation,302.0,65.0,201.9772447614159,100.0,0.208,156,750,279.3889400921659,293.0,0.9096385542168675,1.0407451656834832,0,0,1,0,1
2025,Bahrain Grand Prix,R,HAM,42.0,4.0,clear_violation,308.0,66.0,199.5454557869018,100.0,0.2155525238744884,158,733,279.3889400921659,293.0,0.927710843373494,1.028214681756061,0,0,1,0,1
2025,Bahrain Grand Prix,R,VER,45.0,13.0,clear_violation,308.0,66.0,198.3749256046458,100.0,0.2225274725274725,162,728,279.3889400921659,293.0,0.927710843373494,1.0221831922686755,0,0,1,0,1
2025,Bahrain Grand Prix,R,VER,48.0,13.0,clear_violation,309.0,58.0,196.58248514916767,100.0,0.2061281337047353,148,718,279.3889400921659,293.0,0.9307228915662651,1.0129471333204612,0,0,1,0,1
2025,Bahrain Grand Prix,R,VER,55.0,4.0,clear_violation,330.0,53.0,195.2103911171276,100.0,0.2264150943396226,168,742,279.3889400921659,293.0,0.9939759036144579,1.0058770288025207,0,0,1,0,1
2025,Bahrain Grand Prix,R,TSU,9.0,13.0,clear_violation,319.0,56.0,188.65950836607985,100.0,0.247011952191235,186,753,279.3889400921659,293.0,0.9608433734939759,0.9721217433387263,0,0,1,0,1
2025,Bahrain Grand Prix,R,TSU,50.0,13.0,clear_violation,307.0,60.0,197.55536025124084,100.0,0.2,146,730,279.3889400921659,293.0,0.9246987951807228,1.0179601488237298,0,0,1,0,1
2025,Bahrain Grand Prix,R,TSU,52.0,13.0,clear_violation,327.0,55.0,194.0584962905737,100.0,0.2069892473118279,154,744,279.3889400921659,293.0,0.9849397590361446,0.9999415632824918,0,0,1,0,1
2025,Bahrain Grand Prix,R,BEA,52.0,13.0,clear_violation,332.0,52.0,194.413635580408,100.0,0.2201342281879194,164,745,279.3889400921659,293.0,1.0,1.0017715194217387,0,0,1,0,1
2025,Bahrain Grand Prix,R,BEA,54.0,13.0,clear_violation,332.0,55.0,196.69221251662864,100.0,0.1853856562922868,137,739,279.3889400921659,293.0,1.0,1.013512534771318,0,0,1,0,1
2025,Bahrain Grand Prix,R,ANT,8.0,13.0,clear_violation,304.0,59.0,194.14386588838025,100.0,0.2135135135135135,158,740,279.3889400921659,293.0,0.9156626506024096,1.0003814544015062,0,0,1,0,1
2025,Bahrain Grand Prix,R,ANT,10.0,13.0,clear_violation,327.0,55.0,191.4724652861977,100.0,0.2188328912466843,165,754,279.3889400921659,293.0,0.9849397590361446,0.9866163034528951,0,0,1,0,1
2025,Bahrain Grand Prix,R,ANT,13.0,11.0,clear_violation,305.0,0.0,160.31511151935462,100.0,0.2335600907029478,206,882,279.3889400921659,293.0,0.9186746987951807,0.8260691816885796,0,0,1,0,1
2025,Bahrain Grand Prix,R,ANT,36.0,10.0,clear_violation,311.0,50.0,191.95475611833632,100.0,0.2281879194630872,170,745,279.3889400921659,293.0,0.9367469879518072,0.9891014440567025,0,0,1,0,1
2025,Bahrain Grand Prix,R,HAD,2.0,13.0,clear_violation,306.0,55.0,194.07515553143264,100.0,0.2213541666666666,170,768,279.3889400921659,293.0,0.9216867469879518,1.0000274047564084,0,0,1,0,1
2025,Bahrain Grand Prix,R,HAD,8.0,13.0,clear_violation,327.0,58.0,199.5681478753962,100.0,0.2011095700416088,145,721,279.3889400921659,293.0,0.9849397590361446,1.0283316091922565,0,0,1,0,1
2025,Bahrain Grand Prix,R,HAD,11.0,13.0,clear_violation,305.0,58.0,196.8965126761777,100.0,0.1884253028263795,140,743,279.3889400921659,293.0,0.9186746987951807,1.0145652494157336,0,0,1,0,1
2025,Bahrain Grand Prix,R,DOO,11.0,13.0,clear_violation,301.0,66.0,198.4479831756072,100.0,0.2136054421768707,157,735,279.3889400921659,293.0,0.9066265060240963,1.0225596421696752,0,0,1,0,1
2025,Bahrain Grand Prix,R,DOO,27.0,13.0,clear_violation,302.0,57.0,194.0279344054106,100.0,0.2114361702127659,159,752,279.3889400921659,293.0,0.9096385542168675,0.9997840844819704,0,0,1,0,1
2025,Bahrain Grand Prix,R,DOO,42.0,13.0,clear_violation,305.0,63.0,198.1681234796342,100.0,0.2113821138211382,156,738,279.3889400921659,293.0,0.9186746987951807,1.0211175855360304,0,0,1,0,1
2025,Bahrain Grand Prix,R,DOO,56.0,13.0,clear_violation,307.0,56.0,194.29928586980864,100.0,0.2053333333333333,154,750,279.3889400921659,293.0,0.9246987951807228,1.00118230003396,0,0,1,0,1
2025,Bahrain Grand Prix,R,ALO,36.0,1.0,clear_violation,309.0,57.0,190.8844627153032,100.0,0.2250332889480692,169,751,279.3889400921659,293.0,0.9307228915662651,0.9835864530665767,0,0,1,0,1
2025,Bahrain Grand Prix,R,LAW,14.0,13.0,clear_violation,307.0,58.0,185.1866202443585,100.0,0.2426937738246505,191,787,279.3889400921659,293.0,0.9246987951807228,0.9542267001227909,0,0,1,0,1
2025,Bahrain Grand Prix,R,LAW,18.0,13.0,clear_violation,311.0,55.0,192.7463062335021,100.0,0.2432432432432432,180,740,279.3889400921659,293.0,0.9367469879518072,0.9931801310232868,0,0,1,0,1
2025,Bahrain Grand Prix,R,STR,57.0,13.0,clear_violation,304.0,59.0,194.1494538021684,100.0,0.2,145,725,279.3889400921659,293.0,0.9156626506024096,1.0004102477156647,0,0,1,0,1
2025,Bahrain Grand Prix,R,SAI,36.0,10.0,clear_violation,312.0,52.0,189.89705464043564,100.0,0.2284196547144754,172,753,279.3889400921659,293.0,0.9397590361445783,0.9784985522899861,0,0,1,0,1
2025,Bahrain Grand Prix,R,HUL,36.0,13.0,clear_violation,313.0,62.0,193.77810099904767,100.0,0.2347354138398914,173,737,279.3889400921659,293.0,0.9427710843373494,0.9984967468405167,0,0,1,0,1
2025,Belgian Grand Prix,Q,BOR,14.0,10.0,clear_violation,342.0,74.0,242.4627204425801,100.0,0.1362467866323907,106,778,227.75263157894736,234.0,0.9970845481049563,0.990905244690775,0,1,0,0,1
2025,Belgian Grand Prix,Q,HAM,7.0,4.0,clear_violation,343.0,75.0,246.9134772144295,100.0,0.1470588235294117,110,748,227.75263157894736,234.0,1.0,1.0090947553092249,0,1,0,0,1
2025,Belgian Grand Prix,R,NOR,26.0,10.0,clear_violation,322.0,74.0,230.1343497008162,100.0,0.1455223880597015,117,804,214.8956623681125,225.0,0.9640718562874252,1.08563609357408,0,0,1,0,1
2025,Belgian Grand Prix,R,ALB,44.0,10.0,clear_violation,325.0,69.0,231.76555281366385,100.0,0.1575682382133995,127,806,214.8956623681125,225.0,0.9730538922155688,1.0933311333521925,0,0,1,0,1
2025,Belgian Grand Prix,R,BOR,9.0,4.0,clear_violation,319.0,57.0,202.16626481834143,100.0,0.2070815450643776,193,932,214.8956623681125,225.0,0.9550898203592815,0.9536994119964213,0,0,1,0,1
2025,Belgian Grand Prix,R,GAS,7.0,4.0,clear_violation,320.0,56.0,200.3980777085678,100.0,0.193058568329718,178,922,214.8956623681125,225.0,0.9580838323353293,0.9453581637253211,0,0,1,0,1
2025,Belgian Grand Prix,R,TSU,44.0,4.0,clear_violation,320.0,71.0,229.6701963808732,100.0,0.1440993788819875,116,805,214.8956623681125,225.0,0.9580838323353293,1.0834464960727186,0,0,1,0,1
2025,Belgian Grand Prix,R,ANT,7.0,18.0,clear_violation,319.0,41.0,201.07693685143525,104.0,0.2154515778019586,198,919,214.8956623681125,225.0,0.9550898203592815,0.9485606147671051,0,0,1,0,1
2025,Belgian Grand Prix,R,ALO,28.0,6.0,clear_violation,324.0,68.0,228.7334017851336,100.0,0.1705237515225335,140,821,214.8956623681125,225.0,0.9700598802395209,1.0790272599755335,0,0,1,0,1
2025,Belgian Grand Prix,R,SAI,5.0,6.0,clear_violation,315.0,52.0,200.9364648237108,100.0,0.2707423580786026,248,916,214.8956623681125,225.0,0.9431137724550899,0.9478979518328953,0,0,1,0,1
2025,Belgian Grand Prix,R,SAI,11.0,4.0,clear_violation,311.0,53.0,198.4580140840433,100.0,0.2071881606765327,196,946,214.8956623681125,225.0,0.9311377245508982,0.9362061049502964,0,0,1,0,1
2025,Belgian Grand Prix,R,COL,8.0,4.0,clear_violation,321.0,51.0,200.20235228867543,100.0,0.2006403415154749,188,937,214.8956623681125,225.0,0.9610778443113772,0.9444348483639188,0,0,1,0,1
2025,Belgian Grand Prix,R,COL,17.0,4.0,clear_violation,334.0,70.0,226.7833724320791,100.0,0.1674757281553398,138,824,214.8956623681125,225.0,1.0,1.0698281888592178,0,0,1,0,1
2025,Belgian Grand Prix,R,HAD,8.0,4.0,clear_violation,311.0,57.0,203.579268528014,100.0,0.1905274488697524,177,929,214.8956623681125,225.0,0.9311377245508982,0.960365117613896,0,0,1,0,1
2025,Belgian Grand Prix,R,HAD,12.0,4.0,clear_violation,318.0,58.0,201.85024399094223,100.0,0.1853813559322034,175,944,214.8956623681125,225.0,0.9520958083832335,0.9522086149164036,0,0,1,0,1
2025,Belgian Grand Prix,S,GAS,9.0,4.0,clear_violation,326.0,70.0,233.19647826563136,100.0,0.1480582524271844,122,824,220.84797297297297,227.0,0.9939024390243902,1.0023000450582,1,0,0,0,1
2025,Belgian Grand Prix,S,BOR,10.0,9.0,clear_violation,328.0,69.0,232.1262151042776,100.0,0.1656365883807169,134,809,220.84797297297297,227.0,1.0,0.9976999549418001,1,0,0,0,1
2025,Belgian Grand Prix,SQ,PIA,5.0,4.0,clear_violation,341.0,76.0,245.2774373534806,100.0,0.102496714848883,78,761,218.9469696969697,234.0,0.9912790697674418,1.053302291982921,0,1,0,0,1
2025,Belgian Grand Prix,SQ,ANT,2.0,15.0,clear_violation,342.0,0.0,198.8817148756296,100.0,0.1503680336487907,143,951,218.9469696969697,234.0,0.9941860465116279,0.8540637425614468,0,1,0,0,1
2025,Belgian Grand Prix,SQ,TSU,4.0,19.0,clear_violation,344.0,74.0,243.769942631446,100.0,0.1181818181818181,91,770,218.9469696969697,234.0,1.0,1.0468286119616197,0,1,0,0,1
2025,Belgian Grand Prix,SQ,BEA,2.0,4.0,clear_violation,344.0,72.0,243.53166135493564,100.0,0.1554993678887484,123,791,218.9469696969697,234.0,1.0,1.0458053534940124,0,1,0,0,1
2025,British Grand Prix,R,VER,43.0,1.0,clear_violation,316.0,67.0,212.6117412982432,100.0,0.2286874154262516,169,739,203.5165394402036,255.0,1.0,1.0899193435652381,0,0,1,0,1
2025,British Grand Prix,R,LEC,5.0,1.0,clear_violation,294.0,72.0,177.6690515605254,100.0,0.2542565266742338,224,881,203.5165394402036,255.0,0.930379746835443,0.9107913554833688,0,0,1,0,1
2025,British Grand Prix,R,LEC,13.0,12.0,clear_violation,304.0,67.0,173.15685456366433,100.0,0.2549889135254989,230,902,203.5165394402036,255.0,0.9620253164556962,0.8876603150298824,0,0,1,0,1
2025,British Grand Prix,R,LEC,32.0,9.0,clear_violation,305.0,66.0,200.3309646021389,100.0,0.1979030144167758,151,763,203.5165394402036,255.0,0.9651898734177216,1.026963948941414,0,0,1,0,1
2025,British Grand Prix,R,NOR,5.0,6.0,clear_violation,307.0,70.0,200.4248892920969,100.0,0.2204030226700251,175,794,203.5165394402036,255.0,0.9715189873417721,1.027445438513902,0,0,1,0,1
2025,British Grand Prix,R,HAM,12.0,6.0,clear_violation,304.0,0.0,165.90431475735747,100.0,0.2462006079027355,243,987,203.5165394402036,255.0,0.9620253164556962,0.8504813550317026,0,0,1,0,1
2025,British Grand Prix,R,HAM,24.0,9.0,clear_violation,301.0,68.0,197.64246048608064,100.0,0.2563131313131313,203,792,203.5165394402036,255.0,0.9525316455696202,1.013181771986115,0,0,1,0,1
2025,British Grand Prix,R,HAM,42.0,3.0,clear_violation,303.0,0.0,160.704094504616,100.0,0.2759336099585062,266,964,203.5165394402036,255.0,0.9588607594936709,0.8238232758040269,0,0,1,0,1
2025,British Grand Prix,R,SAI,46.0,6.0,clear_violation,315.0,79.0,222.1127588228683,100.0,0.1988716502115655,141,709,203.5165394402036,255.0,0.9968354430379747,1.1386247571064174,0,0,1,0,1
2025,British Grand Prix,R,PIA,45.0,11.0,clear_violation,309.0,73.0,222.0648236374884,100.0,0.1858529819694868,134,721,203.5165394402036,255.0,0.9778481012658228,1.1383790252128545,0,0,1,0,1
2025,British Grand Prix,R,PIA,52.0,6.0,clear_violation,316.0,74.0,226.54219602873263,100.0,0.150354609929078,106,705,203.5165394402036,255.0,1.0,1.1613315430172058,0,0,1,0,1
2025,British Grand Prix,R,BEA,5.0,1.0,clear_violation,297.0,67.0,174.52426272774971,100.0,0.2340425531914893,209,893,203.5165394402036,255.0,0.939873417721519,0.8946701095007111,0,0,1,0,1
2025,British Grand Prix,R,BEA,37.0,9.0,clear_violation,308.0,64.0,202.235601908322,100.0,0.238276299112801,188,789,203.5165394402036,255.0,0.9746835443037974,1.0367277608071612,0,0,1,0,1
2025,Canadian Grand Prix,Q,NOR,16.0,14.0,clear_violation,332.0,61.0,216.5200206967724,100.0,0.1850467289719626,99,535,290.65156794425087,300.0,0.9851632047477745,1.112041614842883,0,1,0,0,1
2025,Canadian Grand Prix,Q,HAM,2.0,2.0,clear_violation,314.0,54.0,161.99564074003527,100.0,0.2669432918395574,193,723,290.65156794425087,300.0,0.9317507418397626,0.8320057117412872,0,1,0,0,1
2025,Canadian Grand Prix,Q,HAM,3.0,9.0,clear_violation,337.0,61.0,212.9865705875544,100.0,0.1857142857142857,104,560,290.65156794425087,300.0,1.0,1.0938939001291272,0,1,0,0,1
2025,Canadian Grand Prix,Q,VER,13.0,14.0,clear_violation,335.0,60.0,205.25985304269057,100.0,0.1861252115059221,110,591,290.65156794425087,300.0,0.9940652818991098,1.054209664794333,0,1,0,0,1
2025,Canadian Grand Prix,Q,ALB,8.0,14.0,clear_violation,333.0,64.0,203.73850791740605,100.0,0.2003610108303249,111,554,290.65156794425087,300.0,0.9881305637982196,1.046396072848376,0,1,0,0,1
2025,Canadian Grand Prix,Q,BEA,3.0,2.0,clear_violation,310.0,41.0,167.72918083042055,100.0,0.2387640449438202,170,712,290.65156794425087,300.0,0.9198813056379822,0.8614530356439931,0,1,0,0,1
2025,Canadian Grand Prix,R,GAS,44.0,14.0,clear_violation,345.0,53.0,199.4496721138985,100.0,0.202680067001675,121,597,283.37974683544303,301.0,1.0,0.9876914004379431,0,0,1,0,1
2025,Canadian Grand Prix,R,ANT,3.0,14.0,clear_violation,315.0,62.0,200.91461625556627,104.0,0.1832460732984293,105,573,283.37974683544303,301.0,0.9130434782608695,0.9949459259305743,0,0,1,0,1
2025,Canadian Grand Prix,R,LEC,65.0,14.0,clear_violation,314.0,56.0,207.8317439919936,100.0,0.1906412478336221,110,577,283.37974683544303,301.0,0.9101449275362319,1.0292001190239504,0,0,1,0,1
2025,Canadian Grand Prix,R,SAI,56.0,14.0,clear_violation,310.0,50.0,201.40108369187425,100.0,0.2191103789126853,133,607,283.37974683544303,301.0,0.8985507246376812,0.9973549532222316,0,0,1,0,1
2025,Canadian Grand Prix,R,HAD,45.0,14.0,clear_violation,333.0,57.0,199.08336832684824,100.0,0.2439446366782006,141,578,283.37974683544303,301.0,0.9652173913043478,0.9858774335530501,0,0,1,0,1
2025,Canadian Grand Prix,R,HAD,47.0,14.0,clear_violation,335.0,55.0,200.59621438174537,100.0,0.2152542372881355,127,590,283.37974683544303,301.0,0.9710144927536232,0.9933691733126174,0,0,1,0,1
2025,Canadian Grand Prix,R,BEA,41.0,14.0,clear_violation,332.0,53.0,203.79837696653868,100.0,0.2367066895368782,138,583,283.37974683544303,301.0,0.9623188405797102,1.0092265493327612,0,0,1,0,1
2025,Canadian Grand Prix,R,BEA,47.0,14.0,clear_violation,310.0,56.0,201.16305064866376,100.0,0.1728813559322033,102,590,283.37974683544303,301.0,0.8985507246376812,0.9961761937521993,0,0,1,0,1
2025,Canadian Grand Prix,R,BEA,55.0,14.0,clear_violation,332.0,55.0,203.1787795807051,100.0,0.2282229965156794,131,574,283.37974683544303,301.0,0.9623188405797102,1.006158251434672,0,0,1,0,1
2025,Chinese Grand Prix,Q,NOR,2.0,9.0,clear_violation,334.0,59.0,211.0232810088721,100.0,0.1771428571428571,124,700,265.2206572769953,276.0,1.0,1.0049543395792309,0,1,0,0,1
2025,Chinese Grand Prix,Q,ANT,18.0,16.0,clear_violation,333.0,68.0,208.9426272874719,100.0,0.1587301587301587,110,693,265.2206572769953,276.0,0.9970059880239521,0.9950456604207693,0,1,0,0,1
2025,Chinese Grand Prix,R,HAD,45.0,14.0,clear_violation,336.0,51.0,197.2706208125924,100.0,0.2231404958677686,162,726,261.8075072184793,271.0,0.9911504424778761,1.0037228114270145,0,0,1,0,1
2025,Chinese Grand Prix,R,DOO,45.0,14.0,clear_violation,311.0,47.0,198.13205226229908,100.0,0.3103448275862069,225,725,261.8075072184793,271.0,0.9174041297935103,1.0081058178422104,0,0,1,0,1
2025,Chinese Grand Prix,R,TSU,16.0,14.0,clear_violation,339.0,56.0,194.21415708998785,100.0,0.2411067193675889,183,759,261.8075072184793,271.0,1.0,0.9881713707307754,0,0,1,0,1
2025,Chinese Grand Prix,S,DOO,4.0,14.0,clear_violation,339.0,66.0,195.44501476345025,100.0,0.1953232462173315,142,727,264.33509234828495,272.0,1.0,1.0,1,0,0,0,1
2025,Dutch Grand Prix,R,GAS,4.0,12.0,clear_violation,330.0,89.0,197.62023521820024,100.0,0.2291666666666666,132,576,295.24735249621784,335.0,1.0,1.0293032942514138,0,0,1,0,1
2025,Dutch Grand Prix,R,GAS,69.0,12.0,clear_violation,307.0,72.0,196.22003964140023,100.0,0.2258620689655172,131,580,295.24735249621784,335.0,0.9303030303030303,1.022010387640888,0,0,1,0,1
2025,Dutch Grand Prix,R,ALO,19.0,3.0,clear_violation,300.375,0.0,168.476155191047,100.0,0.225037257824143,151,671,295.24735249621784,335.0,0.9102272727272728,0.8775066042679535,0,0,1,0,1
2025,Dutch Grand Prix,R,LEC,2.0,3.0,clear_violation,319.55555555555554,88.0,198.54335121226376,100.0,0.268760907504363,154,573,295.24735249621784,335.0,0.9683501683501683,1.0341113359613967,0,0,1,0,1
2025,Dutch Grand Prix,R,LEC,32.0,12.0,clear_violation,303.35000106666666,82.0,175.8895886757289,100.0,0.2570093457943925,165,642,295.24735249621784,335.0,0.9192424274747475,0.9161194087668019,0,0,1,0,1
2025,Dutch Grand Prix,R,HUL,69.0,3.0,clear_violation,309.4333312,87.0,194.3274884239412,100.0,0.2226027397260274,130,584,295.24735249621784,335.0,0.9376767612121212,1.0121530509136076,0,0,1,0,1
2025,Dutch Grand Prix,R,COL,21.0,3.0,clear_violation,305.0,91.0,201.7905427088133,100.0,0.2126929674099485,124,583,295.24735249621784,335.0,0.9242424242424242,1.0510243049231693,0,0,1,0,1
2025,Dutch Grand Prix,R,SAI,69.0,3.0,clear_violation,320.0,90.0,194.70471458005568,100.0,0.3044982698961938,176,578,295.24735249621784,335.0,0.9696969696969697,1.0141178301010108,0,0,1,0,1
2025,Dutch Grand Prix,R,RUS,13.0,3.0,clear_violation,307.0,89.0,200.3754454775751,100.0,0.2081128747795414,118,567,295.24735249621784,335.0,0.9303030303030303,1.043653783173758,0,0,1,0,1
2025,Emilia Romagna Grand Prix,Q,HUL,8.0,17.0,clear_violation,328.0,100.0,231.78626333712387,100.0,0.1465968586387434,84,573,280.0833333333333,285.0,1.0,1.0,0,1,0,0,1
2025,Emilia Romagna Grand Prix,R,GAS,3.0,10.0,clear_violation,332.0,85.0,202.8418388848856,100.0,0.2169811320754717,138,636,269.3125,286.0,0.991044776119403,0.9628821462046517,0,0,1,0,1
2025,Emilia Romagna Grand Prix,R,GAS,7.0,17.0,clear_violation,329.0,92.0,214.8248417414012,100.0,0.2019543973941368,124,614,269.3125,286.0,0.982089552238806,1.0197649844390568,0,0,1,0,1
2025,Emilia Romagna Grand Prix,R,ALB,60.0,3.0,clear_violation,335.0,91.0,214.31670285761496,100.0,0.1933884297520661,117,605,269.3125,286.0,1.0,1.0173528693562914,0,0,1,0,1
2025,Hungarian Grand Prix,Q,STR,14.0,9.0,clear_violation,312.0,95.0,204.93616826073608,99.0,0.1828859060402684,109,596,260.52840909090907,265.0,0.9780564263322884,0.9982001149550109,0,1,0,0,1
2025,Hungarian Grand Prix,Q,COL,8.0,9.0,clear_violation,317.0,96.0,202.9862110882357,100.0,0.2013651877133105,118,586,260.52840909090907,265.0,0.9937304075235109,0.9887022918510345,0,1,0,0,1
2025,Hungarian Grand Prix,Q,ANT,8.0,14.0,clear_violation,319.0,96.0,207.9947053829988,100.0,0.1935483870967742,108,558,260.52840909090907,265.0,1.0,1.0130975931939545,0,1,0,0,1
2025,Hungarian Grand Prix,R,NOR,29.0,7.0,clear_violation,288.0,86.0,188.5293864001441,100.0,0.2327868852459016,142,610,248.5979073243647,261.0,0.8700906344410876,1.0197479128333218,0,0,1,0,1
2025,Hungarian Grand Prix,R,RUS,29.0,7.0,clear_violation,292.0,88.0,193.3002511361808,100.0,0.2082644628099173,126,605,248.5979073243647,261.0,0.8821752265861027,1.045553329431123,0,0,1,0,1
2025,Hungarian Grand Prix,R,ANT,22.0,7.0,clear_violation,278.0,0.0,151.45978354411037,100.0,0.2307692307692307,180,780,248.5979073243647,261.0,0.8398791540785498,0.8192399131850949,0,0,1,0,1
2025,Hungarian Grand Prix,R,ANT,55.0,7.0,clear_violation,302.0,88.0,190.90827075728663,100.0,0.2302737520128824,143,621,248.5979073243647,261.0,0.9123867069486404,1.0326152032032123,0,0,1,0,1
2025,Hungarian Grand Prix,R,HAM,29.0,4.0,clear_violation,316.0,81.0,183.65822373934387,100.0,0.3025078369905956,193,638,248.5979073243647,261.0,0.9546827794561934,0.9933999887708117,0,0,1,0,1
2025,Hungarian Grand Prix,R,HUL,4.0,1.0,clear_violation,331.0,88.0,185.4831774719177,100.0,0.2317262830482115,149,643,248.5979073243647,261.0,1.0,1.0032710905409077,0,0,1,0,1
2025,Hungarian Grand Prix,R,HUL,22.0,7.0,clear_violation,300.0,82.0,185.3112280394766,100.0,0.2625,168,640,248.5979073243647,261.0,0.9063444108761329,1.0023410229361016,0,0,1,0,1
2025,Hungarian Grand Prix,R,HUL,49.0,1.0,clear_violation,320.0,86.0,192.3735052043885,100.0,0.2067851373182552,128,619,248.5979073243647,261.0,0.9667673716012085,1.0405405977412943,0,0,1,0,1
2025,Hungarian Grand Prix,R,SAI,61.0,2.0,clear_violation,323.0,65.0,187.6768692031214,100.0,0.3082942097026604,197,639,248.5979073243647,261.0,0.9758308157099698,1.015136681401882,0,0,1,0,1
2025,Hungarian Grand Prix,R,ALB,30.0,7.0,clear_violation,300.0,81.0,185.7945873275714,100.0,0.2589147286821705,167,645,248.5979073243647,261.0,0.9063444108761329,1.0049554939986507,0,0,1,0,1
2025,Hungarian Grand Prix,R,COL,27.0,7.0,clear_violation,294.0,88.0,188.14812082671503,100.0,0.2141732283464567,136,635,248.5979073243647,261.0,0.8882175226586103,1.0176856625912598,0,0,1,0,1
2025,Hungarian Grand Prix,R,COL,47.0,7.0,clear_violation,295.0,79.0,186.47157218285363,100.0,0.2307692307692307,147,637,248.5979073243647,261.0,0.8912386706948641,1.0086172780121443,0,0,1,0,1
2025,Hungarian Grand Prix,R,GAS,2.0,1.0,clear_violation,304.0,92.0,182.53416205633863,100.0,0.284375,182,640,248.5979073243647,261.0,0.918429003021148,0.9873199840721933,0,0,1,0,1
2025,Hungarian Grand Prix,R,GAS,64.0,1.0,clear_violation,301.0,87.0,185.4019327472357,100.0,0.2492012779552715,156,626,248.5979073243647,261.0,0.9093655589123867,1.0028316410736113,0,0,1,0,1
2025,Hungarian Grand Prix,R,BEA,21.0,14.0,clear_violation,296.0,87.0,186.12528051157145,100.0,0.2361111111111111,153,648,248.5979073243647,261.0,0.8942598187311178,1.0067442002083897,0,0,1,0,1
2025,Italian Grand Prix,Q,NOR,5.0,1.0,clear_violation,343.0,68.0,207.1010621199222,100.0,0.1266490765171504,96,758,314.16037735849056,320.0,0.997093023255814,0.9312821219695583,0,1,0,0,1
2025,Italian Grand Prix,Q,ALB,2.0,1.0,clear_violation,344.0,47.0,202.55011309862783,100.0,0.194125159642401,152,783,314.16037735849056,320.0,1.0,0.9108176327093721,0,1,0,0,1
2025,Italian Grand Prix,Q,SAI,2.0,7.0,clear_violation,344.0,69.0,257.4970194077779,100.0,0.1386623164763458,85,613,314.16037735849056,320.0,1.0,1.1579002453210694,0,1,0,0,1
2025,Italian Grand Prix,R,LEC,4.0,1.0,clear_violation,334.0,62.0,244.8016720736059,100.0,0.1516587677725118,96,633,313.80922431865827,322.0,0.925207756232687,1.0087871998101035,0,0,1,0,1
2025,Italian Grand Prix,R,RUS,48.0,2.0,clear_violation,336.0,69.0,252.15504476147493,100.0,0.1449752883031301,88,607,313.80922431865827,322.0,0.9307479224376731,1.039089232390686,0,0,1,0,1
2025,Italian Grand Prix,R,ALB,27.0,2.0,clear_violation,338.0,65.0,250.4505057515446,100.0,0.1510673234811166,92,609,313.80922431865827,322.0,0.9362880886426593,1.0320651090657533,0,0,1,0,1
2025,Italian Grand Prix,R,BOR,52.0,1.0,clear_violation,342.0,69.0,250.48604336298453,100.0,0.1516129032258064,94,620,313.80922431865827,322.0,0.9473684210526315,1.032211553684488,0,0,1,0,1
2025,Italian Grand Prix,R,ANT,6.0,5.0,clear_violation,357.0,68.0,242.46561225849163,100.0,0.1742543171114599,111,637,313.80922431865827,322.0,0.9889196675900277,0.9991606837021192,0,0,1,0,1
2025,Italian Grand Prix,R,ANT,23.0,5.0,clear_violation,336.0,69.0,247.2401470119686,100.0,0.136,85,625,313.80922431865827,322.0,0.9307479224376731,1.0188357517012783,0,0,1,0,1
2025,Italian Grand Prix,R,ANT,26.0,2.0,clear_violation,335.0,56.0,243.9664900783121,100.0,0.1505376344086021,98,651,313.80922431865827,322.0,0.9279778393351801,1.0053455529486761,0,0,1,0,1
2025,Italian Grand Prix,R,HAD,8.0,1.0,clear_violation,361.0,52.0,239.4717541819428,100.0,0.1795275590551181,114,635,313.80922431865827,322.0,1.0,0.9868234897602312,0,0,1,0,1
2025,Italian Grand Prix,R,SAI,17.0,4.0,clear_violation,353.0,68.0,245.18076784285643,100.0,0.1915887850467289,123,642,313.80922431865827,322.0,0.9778393351800554,1.010349390771802,0,0,1,0,1
2025,Italian Grand Prix,R,SAI,23.0,5.0,clear_violation,336.0,70.0,245.1804520211385,100.0,0.1738437001594896,109,627,313.80922431865827,322.0,0.9307479224376731,1.0103480893227401,0,0,1,0,1
2025,Italian Grand Prix,R,SAI,40.0,5.0,clear_violation,358.0,0.0,231.09664658659216,100.0,0.1875,129,688,313.80922431865827,322.0,0.9916897506925207,0.952311056623411,0,0,1,0,1
2025,Italian Grand Prix,R,BEA,40.0,5.0,clear_violation,342.0,0.0,221.89324603175123,100.0,0.1638655462184874,117,714,313.80922431865827,322.0,0.9473684210526315,0.9143853652022462,0,0,1,0,1
2025,Italian Grand Prix,R,TSU,27.0,5.0,clear_violation,355.0,62.0,243.43896764861853,100.0,0.1835748792270531,114,621,313.80922431865827,322.0,0.9833795013850416,1.0031717202694306,0,0,1,0,1
2025,Italian Grand Prix,R,LAW,27.0,5.0,clear_violation,340.0,56.0,239.5717351108661,100.0,0.1844197138314785,116,629,313.80922431865827,322.0,0.9418282548476454,0.9872354946312297,0,0,1,0,1
2025,Italian Grand Prix,R,GAS,15.0,5.0,clear_violation,333.0,69.0,240.88304945821093,100.0,0.15,99,660,313.80922431865827,322.0,0.9224376731301939,0.9926392041619845,0,0,1,0,1
2025,Italian Grand Prix,R,GAS,18.0,7.0,clear_violation,333.0,71.0,244.44260085865287,100.0,0.1439873417721519,91,632,313.80922431865827,322.0,0.9224376731301939,1.0073075267245537,0,0,1,0,1
2025,Italian Grand Prix,R,GAS,33.0,5.0,clear_violation,329.0,71.0,244.6557921981335,100.0,0.1501597444089457,94,626,313.80922431865827,322.0,0.9113573407202216,1.0081860529721758,0,0,1,0,1
2025,Italian Grand Prix,R,COL,9.0,5.0,clear_violation,337.0,66.0,243.72492960612945,100.0,0.1477987421383647,94,636,313.80922431865827,322.0,0.9335180055401662,1.0043501221975142,0,0,1,0,1
2025,Italian Grand Prix,R,COL,30.0,1.0,clear_violation,330.0,60.0,240.63040691696224,100.0,0.1458966565349544,96,658,313.80922431865827,322.0,0.9141274238227147,0.9915981060372031,0,0,1,0,1
2025,Italian Grand Prix,R,COL,50.0,5.0,clear_violation,317.0,67.0,245.31369509165984,100.0,0.1340523882896764,87,649,313.80922431865827,322.0,0.8781163434903048,1.0108971619776235,0,0,1,0,1
2025,Italian Grand Prix,R,STR,2.0,4.0,clear_violation,338.0,61.0,239.0055006427597,99.0,0.1595576619273301,101,633,313.80922431865827,322.0,0.9362880886426593,0.9849021360447522,0,0,1,0,1
2025,Japanese Grand Prix,R,NOR,53.0,17.0,clear_violation,313.0,63.0,226.54315419537244,100.0,0.1407837445573294,97,689,266.84104046242777,280.0,0.93993993993994,1.0176428540606595,0,0,1,0,1
2025,Japanese Grand Prix,R,RUS,33.0,17.0,clear_violation,311.0,67.0,223.748652929036,100.0,0.1513353115727003,102,674,266.84104046242777,280.0,0.933933933933934,1.0050898186160384,0,0,1,0,1
2025,Japanese Grand Prix,R,ANT,2.0,17.0,clear_violation,307.0,71.0,218.3354050699392,100.0,0.1474926253687315,100,678,266.84104046242777,280.0,0.9219219219219219,0.9807732462586225,0,0,1,0,1
2025,Japanese Grand Prix,R,ANT,47.0,17.0,clear_violation,311.0,70.0,226.1336574875756,100.0,0.1434782608695652,99,690,266.84104046242777,280.0,0.933933933933934,1.0158033749559787,0,0,1,0,1
2025,Japanese Grand Prix,R,TSU,26.0,17.0,clear_violation,333.0,69.0,222.0412255921593,100.0,0.1576763485477178,114,723,266.84104046242777,280.0,1.0,0.9974199720723556,0,0,1,0,1
2025,Japanese Grand Prix,R,GAS,53.0,17.0,clear_violation,309.0,62.0,224.48389683564,100.0,0.1387283236994219,96,692,266.84104046242777,280.0,0.9279279279279279,1.0083925699624858,0,0,1,0,1
2025,Japanese Grand Prix,R,SAI,15.0,17.0,clear_violation,310.0,62.0,218.9360930051272,100.0,0.1825726141078838,132,723,266.84104046242777,280.0,0.9309309309309309,0.9834715656447706,0,0,1,0,1
2025,Japanese Grand Prix,R,SAI,25.0,17.0,clear_violation,330.0,60.0,220.70255493077264,100.0,0.1787234042553191,126,705,266.84104046242777,280.0,0.990990990990991,0.9914065984290895,0,0,1,0,1
2025,Las Vegas Grand Prix,Q,RUS,12.0,12.0,clear_violation,330.0,0.0,183.0701948181331,100.0,0.2269272529858849,209,921,274.8789808917197,318.0,0.9821428571428571,1.0201339733020829,0,1,0,0,1
2025,Las Vegas Grand Prix,Q,RUS,14.0,14.0,clear_violation,332.0,21.0,184.4134563055274,100.0,0.2212486308871851,202,913,274.8789808917197,318.0,0.9880952380952381,1.0276191167995292,0,1,0,0,1
2025,Las Vegas Grand Prix,Q,RUS,22.0,12.0,clear_violation,323.0,37.0,188.5137315368876,100.0,0.209988649262202,185,881,274.8789808917197,318.0,0.9613095238095238,1.0504673475973112,0,1,0,0,1
2025,Las Vegas Grand Prix,Q,VER,3.0,1.0,clear_violation,321.0,30.0,171.55973592280495,100.0,0.2691532258064516,267,992,274.8789808917197,318.0,0.9553571428571429,0.9559934933125004,0,1,0,0,1
2025,Las Vegas Grand Prix,Q,VER,4.0,8.0,clear_violation,316.0,0.0,167.59036237940057,100.0,0.2641878669275929,270,1022,274.8789808917197,318.0,0.9404761904761905,0.9338746945185409,0,1,0,0,1
2025,Las Vegas Grand Prix,Q,HAD,21.0,8.0,clear_violation,336.0,67.0,200.0482918821507,100.0,0.2179034157832744,185,849,274.8789808917197,318.0,1.0,1.1147421296665352,0,1,0,0,1
2025,Las Vegas Grand Prix,Q,HAM,7.0,12.0,clear_violation,333.0,31.0,172.51191151872257,100.0,0.3007135575942915,295,981,274.8789808917197,318.0,0.9910714285714286,0.9612993634182797,0,1,0,0,1
2025,Las Vegas Grand Prix,Q,STR,2.0,14.0,clear_violation,320.0,34.0,177.2776153854274,100.0,0.2393617021276596,225,940,274.8789808917197,318.0,0.9523809523809523,0.9878556055523551,0,1,0,0,1
2025,Las Vegas Grand Prix,Q,STR,17.0,1.0,clear_violation,329.0,63.0,195.51609134893684,100.0,0.230324074074074,199,864,274.8789808917197,318.0,0.9791666666666666,1.0894870533700232,0,1,0,0,1
2025,Las Vegas Grand Prix,Q,GAS,6.0,14.0,clear_violation,328.0,0.0,172.25062776398187,100.0,0.2567432567432567,257,1001,274.8789808917197,318.0,0.9761904761904762,0.9598433949295385,0,1,0,0,1
2025,Las Vegas Grand Prix,Q,SAI,4.0,5.0,clear_violation,324.0,0.0,164.7373056107183,100.0,0.3127376425855513,329,1052,274.8789808917197,318.0,0.9642857142857143,0.917976420414536,0,1,0,0,1
2025,Las Vegas Grand Prix,Q,BOR,4.0,14.0,clear_violation,330.0,3.0,164.97834160001054,100.0,0.2400388726919339,247,1029,274.8789808917197,318.0,0.9821428571428571,0.9193195609607606,0,1,0,0,1
2025,Las Vegas Grand Prix,Q,OCO,4.0,14.0,clear_violation,327.0,40.0,183.16732796321,100.0,0.2963362068965517,275,928,274.8789808917197,318.0,0.9732142857142857,1.0206752346544568,0,1,0,0,1
2025,Las Vegas Grand Prix,Q,LEC,4.0,14.0,clear_violation,319.0,37.0,181.08437949035755,100.0,0.2433297758804695,228,937,274.8789808917197,318.0,0.9494047619047619,1.009068285178572,0,1,0,0,1
2025,Las Vegas Grand Prix,Q,LEC,16.0,8.0,clear_violation,322.0,62.0,192.0963417581521,100.0,0.2371134020618556,207,873,274.8789808917197,318.0,0.9583333333333334,1.0704309599343271,0,1,0,0,1
2025,Las Vegas Grand Prix,Q,LEC,20.0,14.0,clear_violation,327.0,19.0,188.97109229981828,100.0,0.237880496054115,211,887,274.8789808917197,318.0,0.9732142857142857,1.0530159287728786,0,1,0,0,1
2025,Las Vegas Grand Prix,Q,HUL,5.0,1.0,clear_violation,328.0,53.0,185.112783927886,100.0,0.2312565997888067,219,947,274.8789808917197,318.0,0.9761904761904762,1.031516025669623,0,1,0,0,1
2025,Las Vegas Grand Prix,Q,HUL,13.0,14.0,clear_violation,331.0,41.0,190.1404929491844,100.0,0.2065834279228149,182,881,274.8789808917197,318.0,0.9851190476190477,1.0595322561958378,0,1,0,0,1
2025,Las Vegas Grand Prix,Q,TSU,4.0,12.0,clear_violation,321.0,0.0,161.30225206761403,100.0,0.2339015151515151,247,1056,274.8789808917197,318.0,0.9553571428571429,0.898835047768303,0,1,0,0,1
2025,Las Vegas Grand Prix,Q,PIA,20.0,5.0,clear_violation,323.0,1.0,164.797906012968,100.0,0.2031872509960159,204,1004,274.8789808917197,318.0,0.9613095238095238,0.9183141079840069,0,1,0,0,1
2025,Mexico City Grand Prix,Q,BOR,2.0,12.0,clear_violation,346.0,66.0,195.0752891029792,100.0,0.2368866328257191,140,591,251.256038647343,257.0,1.0,1.0,0,1,0,0,1
2025,Mexico City Grand Prix,R,VER,6.0,5.0,clear_violation,352.0,48.0,174.95719165811056,100.0,0.2436090225563909,162,665,244.67694805194805,252.0,1.0,1.001796763332518,0,0,1,0,1
2025,Mexico City Grand Prix,R,ANT,51.0,14.0,clear_violation,333.0,64.0,190.51513233935816,100.0,0.2072368421052631,126,608,244.67694805194805,252.0,0.9460227272727273,1.0908808099549059,0,0,1,0,1
2025,Mexico City Grand Prix,R,ANT,62.0,14.0,clear_violation,335.0,66.0,188.5844726054095,100.0,0.2204213938411669,136,617,244.67694805194805,252.0,0.9517045454545454,1.07982594187983,0,0,1,0,1
2025,Mexico City Grand Prix,R,STR,44.0,1.0,clear_violation,311.0,0.0,149.52823510882243,99.0,0.2268041237113402,176,776,244.67694805194805,252.0,0.8835227272727273,0.8561917377569995,0,0,1,0,1
2025,Mexico City Grand Prix,R,HAM,6.0,4.0,clear_violation,329.0,53.0,177.6236546716423,100.0,0.2647058823529412,171,646,244.67694805194805,252.0,0.9346590909090909,1.017064806853255,0,0,1,0,1
2025,Mexico City Grand Prix,R,HAM,62.0,3.0,clear_violation,331.0,61.0,184.3990671234241,100.0,0.2700156985871271,172,637,244.67694805194805,252.0,0.9403409090909091,1.0558605042470592,0,0,1,0,1
2025,Mexico City Grand Prix,R,SAI,18.0,1.0,clear_violation,309.0,0.0,151.51396485014402,100.0,0.2619974059662776,202,771,244.67694805194805,252.0,0.8778409090909091,0.8675619341396463,0,0,1,0,1
2025,Mexico City Grand Prix,R,RUS,6.0,5.0,clear_violation,332.0,53.0,174.87928577412708,100.0,0.2563718140929535,171,667,244.67694805194805,252.0,0.9431818181818182,1.0013506778548105,0,0,1,0,1
2025,Mexico City Grand Prix,R,BEA,6.0,8.0,clear_violation,347.0,55.0,179.78958509483886,100.0,0.2546583850931677,164,644,244.67694805194805,252.0,0.9857954545454546,1.0294668239809754,0,0,1,0,1
2025,Miami Grand Prix,R,VER,17.0,11.0,clear_violation,334.0,57.0,204.75021782891216,100.0,0.1737891737891738,122,702,276.9471007121058,289.0,0.9940476190476191,1.0462277611368023,0,0,1,0,1
2025,Miami Grand Prix,R,NOR,17.0,11.0,clear_violation,336.0,51.0,204.20890583350567,100.0,0.1991465149359886,140,703,276.9471007121058,289.0,1.0,1.0434617780622257,0,0,1,0,1
2025,Miami Grand Prix,R,BOR,30.0,6.0,clear_violation,261.0,65.0,165.11731704136187,100.0,0.1870011402508551,164,877,276.9471007121058,289.0,0.7767857142857143,0.8437125135439345,0,0,1,0,1
2025,Miami Grand Prix,R,SAI,16.0,15.0,clear_violation,324.0,60.0,208.736730326728,100.0,0.1949509116409537,139,713,276.9471007121058,289.0,0.9642857142857143,1.066597947257038,0,0,1,0,1
2025,Miami Grand Prix,S,SAI,7.0,17.0,clear_violation,331.0,42.0,183.0372219606425,100.0,0.2440318302387268,184,754,239.4870967741936,286.0,1.0,1.0505046797855413,1,0,0,0,1
2025,Miami Grand Prix,S,DOO,3.0,11.0,clear_violation,321.0,0.0,146.5427686153075,100.0,0.330603889457523,323,977,239.4870967741936,286.0,0.9697885196374623,0.8410522328196829,1,0,0,0,1
2025,Miami Grand Prix,S,TSU,12.0,15.0,clear_violation,320.0,51.0,193.1322604480318,100.0,0.2172739541160593,161,741,239.4870967741936,286.0,0.9667673716012085,1.1084430873947755,1,0,0,0,1
2025,Miami Grand Prix,SQ,HAD,2.0,17.0,clear_violation,337.0,46.0,214.2504472770796,100.0,0.1629955947136563,111,681,276.11486486486484,293.0,1.0,1.0,0,1,0,0,1
2025,Monaco Grand Prix,Q,LEC,5.0,10.0,clear_violation,283.0,30.0,117.3002479579541,100.0,0.36,270,750,264.7105263157895,274.0,0.9725085910652921,0.9717279178409925,0,1,0,0,1
2025,Monaco Grand Prix,Q,HAM,5.0,10.0,clear_violation,276.8142884571428,32.0,118.347996555462,100.0,0.3655629139072848,276,755,264.7105263157895,274.0,0.9512518503681884,0.9804075803378879,0,1,0,0,1
2025,Monaco Grand Prix,Q,HAM,13.0,10.0,clear_violation,276.0,21.0,113.22031063986148,100.0,0.2869897959183674,225,784,264.7105263157895,274.0,0.9484536082474226,0.9379292766270967,0,1,0,0,1
2025,Monaco Grand Prix,Q,ALB,6.0,1.0,clear_violation,275.6111118222222,36.0,113.6754023878539,100.0,0.2324393358876117,182,783,264.7105263157895,274.0,0.9471172227567773,0.9416993057992584,0,1,0,0,1
2025,Monaco Grand Prix,Q,SAI,4.0,16.0,clear_violation,276.72857234285715,16.0,114.76437616759668,100.0,0.3228346456692913,246,762,264.7105263157895,274.0,0.9509572932744232,0.9507204821564661,0,1,0,0,1
2025,Monaco Grand Prix,Q,SAI,6.0,1.0,clear_violation,274.468752,34.0,114.83616377202416,100.0,0.300771208226221,234,778,264.7105263157895,274.0,0.943191587628866,0.951315178421747,0,1,0,0,1
2025,Monaco Grand Prix,Q,SAI,22.0,10.0,clear_violation,276.0,32.0,124.6680117969034,100.0,0.2737752161383285,190,694,264.7105263157895,274.0,0.9484536082474226,1.0327632689080477,0,1,0,0,1
2025,Monaco Grand Prix,Q,TSU,18.0,1.0,clear_violation,278.203128,43.0,117.83379416034872,100.0,0.1939477303988996,141,727,264.7105263157895,274.0,0.9560244948453608,0.9761478721833801,0,1,0,0,1
2025,Monaco Grand Prix,Q,ANT,3.0,1.0,clear_violation,268.0,41.0,117.5494332583972,104.0,0.1866840731070496,143,766,264.7105263157895,274.0,0.9209621993127147,0.9737921957719561,0,1,0,0,1
2025,Monaco Grand Prix,Q,ANT,4.0,1.0,clear_violation,271.94643474285715,42.0,112.67433959617124,100.0,0.2005076142131979,158,788,264.7105263157895,274.0,0.9345238307314678,0.933406393558028,0,1,0,0,1
2025,Monaco Grand Prix,Q,ANT,10.0,16.0,clear_violation,270.2795444363636,13.0,109.196953651154,100.0,0.2295482295482295,188,819,264.7105263157895,274.0,0.9287956853483286,0.9045993529702506,0,1,0,0,1
2025,Monaco Grand Prix,Q,RUS,4.0,1.0,clear_violation,269.0,34.0,107.63536745477616,100.0,0.2327272727272727,192,825,264.7105263157895,274.0,0.9243986254295533,0.8916630043303109,0,1,0,0,1
2025,Monaco Grand Prix,Q,RUS,5.0,10.0,clear_violation,277.2071442285714,44.0,128.29426457432436,100.0,0.1929078014184397,136,705,264.7105263157895,274.0,0.9526018702012763,1.0628035384071495,0,1,0,0,1
2025,Monaco Grand Prix,Q,RUS,7.0,10.0,clear_violation,276.16388764444446,32.0,112.5135821227508,88.05553777777777,0.1738035264483627,138,794,264.7105263157895,274.0,0.9490167960290188,0.9320746612928055,0,1,0,0,1
2025,Monaco Grand Prix,Q,RUS,8.0,1.0,clear_violation,221.9124992,36.0,108.63071808691626,84.0,0.222766217870257,182,817,264.7105263157895,274.0,0.7625859079037801,0.8999085964252049,0,1,0,0,1
2025,Monaco Grand Prix,Q,RUS,9.0,1.0,clear_violation,277.57142857142856,34.0,113.45996444143005,100.0,0.2269861286254728,180,793,264.7105263157895,274.0,0.953853706431026,0.9399145945923612,0,1,0,0,1
2025,Monaco Grand Prix,Q,RUS,12.0,10.0,clear_violation,279.88499712,45.0,141.3880903840008,100.0,0.2610062893081761,166,636,264.7105263157895,274.0,0.9618041138144329,1.1712742050264586,0,1,0,0,1
2025,Monaco Grand Prix,Q,ALO,15.0,1.0,clear_violation,277.5863616,43.0,120.19267968617427,100.0,0.2486187845303867,180,724,264.7105263157895,274.0,0.9539050226804123,0.9956891345450534,0,1,0,0,1
2025,Monaco Grand Prix,Q,GAS,3.0,1.0,clear_violation,274.56999936,32.0,119.58553977027316,100.0,0.2270194986072423,163,718,264.7105263157895,274.0,0.9435395167010309,0.9906595219347866,0,1,0,0,1
2025,Monaco Grand Prix,Q,GAS,7.0,10.0,clear_violation,279.0,29.0,114.48922794554882,100.0,0.2619647355163728,208,794,264.7105263157895,274.0,0.9587628865979382,0.9484411245799667,0,1,0,0,1
2025,Monaco Grand Prix,Q,STR,5.0,10.0,clear_violation,291.0,22.0,109.72680787247717,99.0,0.2533825338253382,206,813,264.7105263157895,274.0,1.0,0.9089887225428552,0,1,0,0,1
2025,Monaco Grand Prix,Q,HAD,23.0,10.0,clear_violation,286.0,46.0,166.3892330027937,100.0,0.2575757575757575,136,528,264.7105263157895,274.0,0.9828178694158075,1.3783863696086984,0,1,0,0,1
2025,Monaco Grand Prix,Q,OCO,16.0,1.0,clear_violation,277.2499968,42.0,125.0261087733676,100.0,0.4054054054054054,285,703,264.7105263157895,274.0,0.9527491298969073,1.0357297829212955,0,1,0,0,1
2025,Monaco Grand Prix,Q,BOR,4.0,10.0,clear_violation,287.0,44.0,155.71476439184792,100.0,0.2668977469670711,154,577,264.7105263157895,274.0,0.9862542955326461,1.2899579192179418,0,1,0,0,1
2025,Monaco Grand Prix,R,VER,53.0,10.0,clear_violation,283.0,45.0,153.07886701166194,100.0,0.3063973063973064,182,594,257.30802603036875,273.0,0.9625850340136054,1.0270387464197819,0,0,1,0,1
2025,Monaco Grand Prix,R,ANT,41.0,10.0,clear_violation,285.0,43.0,151.16455705636088,100.0,0.2689655172413793,156,580,257.30802603036875,273.0,0.9693877551020408,1.0141952329085306,0,0,1,0,1
2025,Monaco Grand Prix,R,ANT,51.0,10.0,clear_violation,286.0,41.0,147.31513788110905,100.0,0.2882736156351791,177,614,257.30802603036875,273.0,0.9727891156462585,0.9883686591862824,0,0,1,0,1
2025,Monaco Grand Prix,R,LEC,21.0,10.0,clear_violation,282.0,42.0,156.15764226441223,100.0,0.2693661971830985,153,568,257.30802603036875,273.0,0.9591836734693877,1.0476949058088634,0,0,1,0,1
2025,Monaco Grand Prix,R,STR,74.0,10.0,clear_violation,294.0,42.0,153.10906061195251,99.0,0.2886247877758913,170,589,257.30802603036875,273.0,1.0,1.0272413217196759,0,0,1,0,1
2025,Monaco Grand Prix,R,TSU,8.0,10.0,clear_violation,289.0,44.0,140.54871700127202,100.0,0.2914012738853503,183,628,257.30802603036875,273.0,0.9829931972789115,0.9429712992904384,0,0,1,0,1
2025,Monaco Grand Prix,R,HUL,52.0,10.0,clear_violation,289.0,41.0,147.80014403387386,100.0,0.3344103392568659,207,619,257.30802603036875,273.0,0.9829931972789115,0.9916226688406883,0,0,1,0,1
2025,Monaco Grand Prix,R,HUL,64.0,10.0,clear_violation,289.0,43.0,147.99306544674826,100.0,0.2880523731587561,176,611,257.30802603036875,273.0,0.9829931972789115,0.9929170197194478,0,0,1,0,1
2025,Monaco Grand Prix,R,LAW,9.0,10.0,clear_violation,274.0,45.0,139.96247706293283,100.0,0.2928802588996764,181,618,257.30802603036875,273.0,0.9319727891156463,0.9390380905913747,0,0,1,0,1
2025,Monaco Grand Prix,R,HAM,35.0,10.0,clear_violation,284.0,43.0,151.54010576449608,100.0,0.3448873483535528,199,577,257.30802603036875,273.0,0.9659863945578231,1.0167148692368642,0,0,1,0,1
2025,Monaco Grand Prix,R,RUS,47.0,10.0,clear_violation,284.0,46.0,147.55896914416033,100.0,0.3187919463087248,190,596,257.30802603036875,273.0,0.9659863945578231,0.9900045751009401,0,0,1,0,1
2025,Monaco Grand Prix,R,RUS,48.0,10.0,clear_violation,288.0,43.0,153.50529790213136,100.0,0.3001686340640809,178,593,257.30802603036875,273.0,0.9795918367346939,1.02989976215456,0,0,1,0,1
2025,Monaco Grand Prix,R,BEA,51.0,10.0,clear_violation,286.0,41.0,144.1408732533864,100.0,0.3011093502377179,190,631,257.30802603036875,273.0,0.9727891156462585,0.9670718412276508,0,0,1,0,1
2025,Monaco Grand Prix,R,BEA,76.0,10.0,clear_violation,285.0,43.0,152.80793529638834,100.0,0.3008695652173913,173,575,257.30802603036875,273.0,0.9693877551020408,1.0252210077949018,0,0,1,0,1
2025,Qatar Grand Prix,Q,NOR,8.0,10.0,clear_violation,326.0,99.0,242.60300315422108,100.0,0.1121951219512195,69,615,275.6459143968872,288.0,0.9878787878787879,1.0109588963361582,0,1,0,0,1
2025,Qatar Grand Prix,Q,HAD,8.0,10.0,clear_violation,324.0,97.0,239.9470466040763,100.0,0.1256038647342995,78,621,275.6459143968872,288.0,0.9818181818181818,0.99989117306917,0,1,0,0,1
2025,Qatar Grand Prix,Q,ALB,2.0,15.0,clear_violation,323.0,96.0,236.06250311567507,100.0,0.1383147853736089,87,629,275.6459143968872,288.0,0.9787878787878788,0.9837037650538312,0,1,0,0,1
2025,Qatar Grand Prix,Q,ANT,9.0,10.0,clear_violation,329.0,98.0,241.05387474779928,100.0,0.1430921052631578,87,608,275.6459143968872,288.0,0.996969696969697,1.004503472768942,0,1,0,0,1
2025,Qatar Grand Prix,Q,RUS,17.0,10.0,clear_violation,330.0,97.0,242.7112321277948,100.0,0.1372549019607843,84,612,275.6459143968872,288.0,1.0,1.0114099008260165,0,1,0,0,1
2025,Qatar Grand Prix,Q,BEA,16.0,15.0,clear_violation,321.0,96.0,240.84009201821945,100.0,0.1644951140065146,101,614,275.6459143968872,288.0,0.9727272727272728,1.003612611775707,0,1,0,0,1
2025,Qatar Grand Prix,Q,OCO,4.0,15.0,clear_violation,326.0,96.0,237.87353376484404,100.0,0.2083333333333333,125,600,275.6459143968872,288.0,0.9878787878787879,0.9912505700088834,0,1,0,0,1
2025,Qatar Grand Prix,Q,GAS,8.0,8.0,clear_violation,329.0,100.0,241.10260760690443,100.0,0.1414473684210526,86,608,275.6459143968872,288.0,0.996969696969697,1.0047065490574285,0,1,0,0,1
2025,Qatar Grand Prix,Q,COL,2.0,15.0,clear_violation,328.0,100.0,237.5645661816141,100.0,0.1525974025974026,94,616,275.6459143968872,288.0,0.9939393939393939,0.9899630611038629,0,1,0,0,1
2025,Qatar Grand Prix,R,GAS,2.0,14.0,clear_violation,308.0,93.0,215.81815385942733,104.0,0.2077151335311572,140,674,276.73776908023484,287.0,0.9112426035502958,0.9673897563218682,0,0,1,0,1
2025,Qatar Grand Prix,R,ANT,3.0,10.0,clear_violation,329.0,90.0,217.6738403247228,100.0,0.1874039938556067,122,651,276.73776908023484,287.0,0.9733727810650887,0.9757077409092132,0,0,1,0,1
2025,Qatar Grand Prix,R,ANT,56.0,10.0,clear_violation,318.0,90.0,223.1882463139937,100.0,0.1608832807570978,102,634,276.73776908023484,287.0,0.9408284023668639,1.0004256794645363,0,0,1,0,1
2025,Qatar Grand Prix,R,LEC,53.0,14.0,clear_violation,314.0,89.0,229.13288936749623,100.0,0.1396054628224582,92,659,276.73776908023484,287.0,0.9289940828402367,1.0270721255215909,0,0,1,0,1
2025,Qatar Grand Prix,R,TSU,2.0,10.0,clear_violation,314.0,92.0,217.7372013673828,100.0,0.1866666666666666,126,675,276.73776908023484,287.0,0.9289940828402367,0.97599175234441,0,0,1,0,1
2025,Qatar Grand Prix,R,TSU,17.0,10.0,clear_violation,338.0,88.0,221.43361116008072,100.0,0.1927162367223065,127,659,276.73776908023484,287.0,1.0,0.9925606503016826,0,0,1,0,1
2025,Qatar Grand Prix,R,ALB,11.0,10.0,clear_violation,312.0,90.0,218.93227694139688,100.0,0.1603053435114503,105,655,276.73776908023484,287.0,0.9230769230769231,0.981348594888271,0,0,1,0,1
2025,Qatar Grand Prix,R,ALB,13.0,10.0,clear_violation,333.0,90.0,218.5053332934516,100.0,0.1845238095238095,124,672,276.73776908023484,287.0,0.985207100591716,0.9794348498943352,0,0,1,0,1
2025,Qatar Grand Prix,R,ALB,20.0,10.0,clear_violation,336.0,88.0,219.3755807236476,100.0,0.1904047976011994,127,667,276.73776908023484,287.0,0.9940828402366864,0.9833356730381815,0,0,1,0,1
2025,Qatar Grand Prix,R,LAW,20.0,8.0,clear_violation,333.0,88.0,221.5363085845785,100.0,0.1601796407185629,107,668,276.73776908023484,287.0,0.985207100591716,0.9930209843129008,0,0,1,0,1
2025,Qatar Grand Prix,R,NOR,11.0,10.0,clear_violation,309.0,93.0,225.4915470716455,100.0,0.1528662420382165,96,628,276.73776908023484,287.0,0.9142011834319527,1.0107500637613833,0,0,1,0,1
2025,Qatar Grand Prix,R,NOR,29.0,10.0,clear_violation,309.0,95.0,225.8020532864508,100.0,0.143317230273752,89,621,276.73776908023484,287.0,0.9142011834319527,1.0121418861178686,0,0,1,0,1
2025,Qatar Grand Prix,R,COL,47.0,10.0,clear_violation,306.0,89.0,224.7699828975645,100.0,0.1603053435114503,105,655,276.73776908023484,287.0,0.9053254437869822,1.0075157028976096,0,0,1,0,1
2025,Qatar Grand Prix,R,HAD,49.0,10.0,clear_violation,305.0,94.0,230.8381334041591,100.0,0.138801261829653,88,634,276.73776908023484,287.0,0.9023668639053254,1.0347157624612855,0,0,1,0,1
2025,Qatar Grand Prix,R,RUS,31.0,10.0,clear_violation,315.0,87.0,223.8088193669469,100.0,0.1590551181102362,101,635,276.73776908023484,287.0,0.9319526627218935,1.0032073547024192,0,0,1,0,1
2025,Qatar Grand Prix,R,RUS,36.0,10.0,clear_violation,315.0,91.0,226.75676766922373,100.0,0.1756548536209553,114,649,276.73776908023484,287.0,0.9319526627218935,1.016421326459617,0,0,1,0,1
2025,Qatar Grand Prix,R,RUS,42.0,1.0,clear_violation,334.0,92.0,223.84969684514283,100.0,0.1639097744360902,109,665,276.73776908023484,287.0,0.9881656804733728,1.0033905851349099,0,0,1,0,1
2025,Qatar Grand Prix,R,PIA,54.0,10.0,clear_violation,313.0,93.0,231.02859907041864,100.0,0.1450858034321372,93,641,276.73776908023484,287.0,0.9260355029585798,1.0355695114679169,0,0,1,0,1
2025,Qatar Grand Prix,S,RUS,9.0,10.0,clear_violation,312.0,90.0,225.85816203052528,100.0,0.1659192825112107,111,669,281.0371352785146,287.0,0.9285714285714286,1.0092846764309928,1,0,0,0,1
2025,Qatar Grand Prix,S,TSU,6.0,10.0,clear_violation,308.0,88.0,224.96926696191025,100.0,0.1555209953343701,100,643,281.0371352785146,287.0,0.9166666666666666,1.005312501311694,1,0,0,0,1
2025,Qatar Grand Prix,S,TSU,7.0,10.0,clear_violation,310.0,89.0,225.13014260479432,100.0,0.1471048513302034,94,639,281.0371352785146,287.0,0.9226190476190477,1.0060314008179776,1,0,0,0,1
2025,Qatar Grand Prix,S,TSU,8.0,10.0,clear_violation,308.0,86.0,224.4987535323889,100.0,0.160377358490566,102,636,281.0371352785146,287.0,0.9166666666666666,1.0032099339738496,1,0,0,0,1
2025,Qatar Grand Prix,S,TSU,9.0,10.0,clear_violation,308.0,87.0,227.0120397372997,100.0,0.1315396113602391,88,669,281.0371352785146,287.0,0.9166666666666666,1.0144409704407056,1,0,0,0,1
2025,Qatar Grand Prix,S,ANT,6.0,10.0,clear_violation,330.0,89.0,223.6779163812161,100.0,0.1646153846153846,107,650,281.0371352785146,287.0,0.9821428571428571,0.9995418869523213,1,0,0,0,1
2025,Qatar Grand Prix,S,ANT,8.0,10.0,clear_violation,332.0,88.0,225.49706920358983,100.0,0.1742543171114599,111,637,281.0371352785146,287.0,0.9880952380952381,1.0076710732132979,1,0,0,0,1
2025,Qatar Grand Prix,S,ANT,16.0,10.0,clear_violation,314.0,87.0,227.3685529506838,100.0,0.1703125,109,640,281.0371352785146,287.0,0.9345238095238095,1.016034108895295,1,0,0,0,1
2025,Qatar Grand Prix,S,ALO,12.0,16.0,clear_violation,307.0,89.0,222.44317770860323,100.0,0.1569230769230769,102,650,281.0371352785146,287.0,0.9136904761904762,0.9940242522985137,1,0,0,0,1
2025,Qatar Grand Prix,S,HAD,7.0,10.0,clear_violation,330.0,83.0,223.9704036460161,100.0,0.166407465007776,107,643,281.0371352785146,287.0,0.9821428571428571,1.0008489148310566,1,0,0,0,1
2025,Qatar Grand Prix,S,HAD,9.0,10.0,clear_violation,306.0,87.0,225.0161961643984,100.0,0.1311475409836065,88,671,281.0371352785146,287.0,0.9107142857142857,1.0055222122405467,1,0,0,0,1
2025,Qatar Grand Prix,S,BEA,17.0,5.0,clear_violation,327.0,80.0,223.1143438641212,100.0,0.1801526717557252,118,655,281.0371352785146,287.0,0.9732142857142857,0.9970234696392261,1,0,0,0,1
2025,Qatar Grand Prix,S,LEC,3.0,5.0,clear_violation,336.0,89.0,225.5818798537632,100.0,0.1754916792738275,116,661,281.0371352785146,287.0,1.0,1.0080500636772625,1,0,0,0,1
2025,Qatar Grand Prix,S,LEC,11.0,4.0,clear_violation,329.0,90.0,217.6064211546897,100.0,0.1902587519025875,125,657,281.0371352785146,287.0,0.9791666666666666,0.9724104030153856,1,0,0,0,1
2025,Qatar Grand Prix,S,LAW,11.0,6.0,clear_violation,330.0,96.0,221.57634284758103,100.0,0.1576506955177743,102,647,281.0371352785146,287.0,0.9821428571428571,0.9901506568775624,1,0,0,0,1
2025,Qatar Grand Prix,S,OCO,12.0,5.0,clear_violation,334.0,85.0,219.0725126691162,100.0,0.2651515151515151,175,660,281.0371352785146,287.0,0.9940476190476191,0.9789618762340341,1,0,0,0,1
2025,Qatar Grand Prix,S,COL,8.0,10.0,clear_violation,309.0,86.0,222.26439857265493,100.0,0.1573208722741433,101,642,281.0371352785146,287.0,0.9196428571428571,0.9932253480625276,1,0,0,0,1
2025,Qatar Grand Prix,S,COL,9.0,10.0,clear_violation,311.0,87.0,224.2671692539892,100.0,0.1364985163204747,92,674,281.0371352785146,287.0,0.9255952380952381,1.0021750611962188,1,0,0,0,1
2025,Qatar Grand Prix,S,COL,10.0,10.0,clear_violation,309.0,89.0,222.9034800940649,100.0,0.1570996978851963,104,662,281.0371352785146,287.0,0.9196428571428571,0.996081189891534,1,0,0,0,1
2025,Qatar Grand Prix,SQ,VER,16.0,4.0,clear_violation,325.0,48.0,181.87298454813177,100.0,0.1869722557297949,155,829,271.9218106995885,288.0,0.9848484848484849,0.8474696444190254,0,1,0,0,1
2025,Qatar Grand Prix,SQ,NOR,17.0,16.0,clear_violation,330.0,98.0,240.67334320653063,100.0,0.1163934426229508,71,610,271.9218106995885,288.0,1.0,1.1214604142288032,0,1,0,0,1
2025,Qatar Grand Prix,SQ,HAD,13.0,8.0,clear_violation,326.0,96.0,238.43827683409185,100.0,0.1227197346600331,74,603,271.9218106995885,288.0,0.9878787878787879,1.1110457234015223,0,1,0,0,1
2025,Qatar Grand Prix,SQ,ANT,8.0,4.0,clear_violation,330.0,70.0,175.9081399195003,100.0,0.1358313817330211,116,854,271.9218106995885,288.0,1.0,0.8196753858654507,0,1,0,0,1
2025,Qatar Grand Prix,SQ,HUL,13.0,16.0,clear_violation,326.0,100.0,236.14264823913445,100.0,0.1272141706924315,79,621,271.9218106995885,288.0,0.9878787878787879,1.100348832085199,0,1,0,0,1
2025,Saudi Arabian Grand Prix,Q,DOO,3.0,7.0,clear_violation,318.0,36.0,186.83870242710364,100.0,0.1897891231964484,171,901,305.25,318.0,0.9464285714285714,0.8647123050297993,0,1,0,0,1
2025,Saudi Arabian Grand Prix,Q,BOR,5.0,2.0,clear_violation,336.0,78.0,245.3020253971983,100.0,0.1486880466472303,102,686,305.25,318.0,1.0,1.1352876949702007,0,1,0,0,1
2025,Saudi Arabian Grand Prix,R,NOR,27.0,4.0,clear_violation,315.0,79.0,233.8661778384676,99.0,0.1434720229555236,100,697,297.58950969213225,316.0,0.9431137724550899,1.018283606958886,0,0,1,0,1
2025,Saudi Arabian Grand Prix,R,ANT,25.0,15.0,clear_violation,317.0,79.0,234.81846154247825,100.0,0.1349431818181818,95,704,297.58950969213225,316.0,0.9491017964071856,1.0224299734575848,0,0,1,0,1
2025,Saudi Arabian Grand Prix,R,HAM,31.0,22.0,clear_violation,313.0,83.0,234.27448160581724,100.0,0.1400832177531206,101,721,297.58950969213225,316.0,0.937125748502994,1.0200614144075495,0,0,1,0,1
2025,Saudi Arabian Grand Prix,R,ALB,19.0,2.0,clear_violation,321.0,64.0,230.47944273740453,100.0,0.1760660247592847,128,727,297.58950969213225,316.0,0.9610778443113772,1.0035373239931347,0,0,1,0,1
2025,Saudi Arabian Grand Prix,R,HAD,22.0,2.0,clear_violation,328.0,67.0,228.26802805169496,100.0,0.1666666666666666,122,732,297.58950969213225,316.0,0.9820359281437125,0.9939085382342913,0,0,1,0,1
2025,Saudi Arabian Grand Prix,R,HAD,31.0,22.0,clear_violation,318.0,80.0,229.3151999016073,100.0,0.1509695290858725,109,722,297.58950969213225,316.0,0.9520958083832335,0.9984680600013551,0,0,1,0,1
2025,Saudi Arabian Grand Prix,R,ALO,25.0,2.0,clear_violation,331.0,65.0,226.99567233008943,100.0,0.1770401106500691,128,723,297.58950969213225,316.0,0.9910179640718563,0.9883685367449517,0,0,1,0,1
2025,Saudi Arabian Grand Prix,R,LAW,18.0,11.0,clear_violation,313.0,84.0,231.1557785871747,100.0,0.131578947368421,95,722,297.58950969213225,316.0,0.937125748502994,1.0064821778193056,0,0,1,0,1
2025,Saudi Arabian Grand Prix,R,LAW,28.0,2.0,clear_violation,334.0,54.0,229.5425341272129,100.0,0.1638655462184874,117,714,297.58950969213225,316.0,1.0,0.9994579026428797,0,0,1,0,1
2025,Saudi Arabian Grand Prix,R,STR,12.0,22.0,clear_violation,316.0,82.0,226.5928765361485,99.0,0.1432584269662921,102,712,297.58950969213225,316.0,0.9461077844311377,0.9866147117253915,0,0,1,0,1
2025,Saudi Arabian Grand Prix,R,BOR,8.0,17.0,clear_violation,318.0,83.0,224.8172040555773,100.0,0.1664411366711772,123,739,297.58950969213225,316.0,0.9520958083832335,0.9788832039246244,0,0,1,0,1
2025,Saudi Arabian Grand Prix,R,BOR,21.0,2.0,clear_violation,319.0,79.0,225.8785749318143,100.0,0.1771117166212534,130,734,297.58950969213225,316.0,0.9550898203592815,0.9835045500900466,0,0,1,0,1
2025,Singapore Grand Prix,Q,ANT,7.0,2.0,clear_violation,317.0,62.0,195.1219123850786,104.0,0.2244318181818181,158,704,255.77722772277227,264.0,1.0,1.199336046731567,0,1,0,0,1
2025,Singapore Grand Prix,Q,HAM,2.0,2.0,clear_violation,308.0,53.0,143.00965908997318,100.0,0.2556390977443609,238,931,255.77722772277227,264.0,0.9716088328075709,0.8790229507329993,0,1,0,0,1
2025,Singapore Grand Prix,Q,HAM,11.0,2.0,clear_violation,309.0,57.0,149.94325855317564,100.0,0.2628135223555071,241,917,255.77722772277227,264.0,0.9747634069400631,0.9216410025354337,0,1,0,0,1
2025,Singapore Grand Prix,R,VER,37.0,2.0,clear_violation,289.0,63.0,181.5143875428406,100.0,0.2176966292134831,155,712,249.0016583747927,259.0,0.9088050314465409,1.0335774166619174,0,0,1,0,1
2025,Singapore Grand Prix,R,VER,38.0,2.0,clear_violation,288.0,61.0,183.53190093085857,100.0,0.2142857142857142,156,728,249.0016583747927,259.0,0.9056603773584906,1.0450655212904074,0,0,1,0,1
2025,Singapore Grand Prix,R,NOR,55.0,2.0,clear_violation,299.0,60.0,181.23870262822487,100.0,0.2249322493224932,166,738,249.0016583747927,259.0,0.940251572327044,1.032007614368455,0,0,1,0,1
2025,Singapore Grand Prix,R,ANT,4.0,2.0,clear_violation,307.0,60.0,179.7624077751291,100.0,0.2373806275579809,174,733,249.0016583747927,259.0,0.9654088050314465,1.0236013109279969,0,0,1,0,1
2025,Singapore Grand Prix,R,ANT,49.0,2.0,clear_violation,300.0,60.0,179.8605090191976,100.0,0.2404526166902404,170,707,249.0016583747927,259.0,0.9433962264150944,1.0241599180543421,0,0,1,0,1
2025,Singapore Grand Prix,R,LEC,61.0,2.0,clear_violation,298.0,60.0,171.839824583301,100.0,0.3030707610146863,227,749,249.0016583747927,259.0,0.9371069182389937,0.9784886166697185,0,0,1,0,1
2025,Singapore Grand Prix,R,HAM,60.0,16.0,clear_violation,295.0,65.0,175.34040607912382,100.0,0.3028263795423957,225,743,249.0016583747927,259.0,0.9276729559748428,0.998421592938132,0,0,1,0,1
2025,Singapore Grand Prix,R,HAM,61.0,5.0,clear_violation,217.0,62.0,137.14191945667403,83.0,0.1948186528497409,188,965,249.0016583747927,259.0,0.6823899371069182,0.7809121510802065,0,0,1,0,1
2025,Singapore Grand Prix,R,BEA,14.0,19.0,clear_violation,294.0,60.0,178.0256918750114,100.0,0.2688172043010752,200,744,249.0016583747927,259.0,0.9245283018867925,1.0137121205568167,0,0,1,0,1
2025,Singapore Grand Prix,R,BEA,44.0,2.0,clear_violation,307.0,60.0,175.53411306476696,100.0,0.2553475935828877,191,748,249.0016583747927,259.0,0.9654088050314465,0.9995245973253911,0,0,1,0,1
2025,Singapore Grand Prix,R,BEA,57.0,2.0,clear_violation,293.0,62.0,183.8049716446157,100.0,0.2475928473177441,180,727,249.0016583747927,259.0,0.9213836477987422,1.0466204378273927,0,0,1,0,1
2025,Singapore Grand Prix,R,SAI,43.0,17.0,clear_violation,290.0,59.0,178.91775789157995,100.0,0.2691256830601093,197,732,249.0016583747927,259.0,0.9119496855345912,1.0187917139784632,0,0,1,0,1
2025,Singapore Grand Prix,R,STR,55.0,7.0,clear_violation,296.0,54.0,180.2625449039697,100.0,0.2389261744966443,178,745,249.0016583747927,259.0,0.9308176100628931,1.0264491867829164,0,0,1,0,1
2025,Singapore Grand Prix,R,ALB,48.0,2.0,clear_violation,307.0,57.0,177.0679395277129,100.0,0.2776243093922652,201,724,249.0016583747927,259.0,0.9654088050314465,1.0082584966853259,0,0,1,0,1
2025,Singapore Grand Prix,R,COL,42.0,7.0,clear_violation,295.0,52.0,173.48312394942317,104.0,0.2676767676767677,212,792,249.0016583747927,259.0,0.9276729559748428,0.9878458755439653,0,0,1,0,1
2025,Singapore Grand Prix,R,COL,60.0,2.0,clear_violation,295.0,56.0,174.43792226740564,100.0,0.2226720647773279,165,741,249.0016583747927,259.0,0.9276729559748428,0.9932826786111633,0,0,1,0,1
2025,Singapore Grand Prix,R,OCO,50.0,19.0,clear_violation,318.0,57.0,175.40880922911018,100.0,0.316272965879265,241,762,249.0016583747927,259.0,1.0,0.9988110934731117,0,0,1,0,1
2025,Singapore Grand Prix,R,OCO,51.0,2.0,clear_violation,310.0,58.0,176.1186445114728,100.0,0.2808398950131233,214,762,249.0016583747927,259.0,0.9748427672955975,1.0028530304640662,0,0,1,0,1
2025,Singapore Grand Prix,R,GAS,50.0,18.0,clear_violation,312.0,55.0,173.4428638277264,100.0,0.247074122236671,190,769,249.0016583747927,259.0,0.9811320754716981,0.9876166267602124,0,0,1,0,1
2025,Spanish Grand Prix,R,VER,61.0,2.0,clear_violation,306.0,95.0,210.1161070360604,100.0,0.1614497528830313,98,607,275.00871839581515,294.0,0.9134328358208955,1.0420769005024089,0,0,1,0,1
2025,Spanish Grand Prix,R,ANT,14.0,10.0,clear_violation,313.0,92.0,202.4589412418981,100.0,0.1520376175548589,97,638,275.00871839581515,294.0,0.9343283582089552,1.0041009656253919,0,0,1,0,1
2025,Spanish Grand Prix,R,ANT,37.0,10.0,clear_violation,311.0,93.0,206.99667357143247,100.0,0.1539735099337748,93,604,275.00871839581515,294.0,0.9283582089552239,1.0266059801527134,0,0,1,0,1
2025,Spanish Grand Prix,R,ALO,13.0,5.0,clear_violation,306.0,32.0,184.064542374284,99.0,0.1901306240928882,131,689,275.00871839581515,294.0,0.9134328358208955,0.9128734132546515,0,0,1,0,1
2025,Spanish Grand Prix,R,ALB,24.0,2.0,clear_violation,330.0,86.0,199.37590302581003,100.0,0.1832543443917851,116,633,275.00871839581515,294.0,0.9850746268656716,0.9888105485618389,0,0,1,0,1
2025,Spanish Grand Prix,R,LAW,52.0,5.0,clear_violation,335.0,97.0,210.1024035120347,100.0,0.1593495934959349,98,615,275.00871839581515,294.0,1.0,1.0420089374792778,0,0,1,0,1
2025,Spanish Grand Prix,R,COL,12.0,13.0,clear_violation,312.0,88.0,199.49089538741023,100.0,0.1750788643533123,111,634,275.00871839581515,294.0,0.9313432835820895,0.989380856499903,0,0,1,0,1
2025,Spanish Grand Prix,R,BEA,31.0,2.0,clear_violation,309.0,91.0,201.9062419128176,100.0,0.1924882629107981,123,639,275.00871839581515,294.0,0.9223880597014925,1.0013598373421655,0,0,1,0,1
2025,Spanish Grand Prix,R,BEA,51.0,2.0,clear_violation,314.0,77.0,200.1767879723053,100.0,0.211038961038961,130,616,275.00871839581515,294.0,0.9373134328358209,0.9927825605816485,0,0,1,0,1
2025,São Paulo Grand Prix,R,ANT,6.0,2.0,clear_violation,308.0,77.0,199.9044719252115,104.0,0.1805555555555555,104,576,307.50701899256813,339.0,1.0,1.0,0,0,1,0,1
2025,United States Grand Prix,Q,GAS,10.0,20.0,clear_violation,327.0,80.0,206.6386888388708,100.0,0.1759002770083102,127,722,211.6703910614525,220.0,1.0,1.0149138964066897,0,1,0,0,1
2025,United States Grand Prix,Q,STR,6.0,12.0,clear_violation,323.0,73.0,209.3744509251156,99.0,0.1908077994428969,137,718,211.6703910614525,220.0,0.9877675840978594,1.0283506974926542,0,1,0,0,1
2025,United States Grand Prix,Q,ALB,8.0,15.0,clear_violation,326.0,77.0,209.4933015418416,100.0,0.2101551480959097,149,709,211.6703910614525,220.0,0.9969418960244648,1.0289344368842923,0,1,0,0,1
2025,United States Grand Prix,Q,HUL,13.0,19.0,clear_violation,327.0,79.0,211.31833452848497,100.0,0.1770833333333333,119,672,211.6703910614525,220.0,1.0,1.0378981568437686,0,1,0,0,1
2025,United States Grand Prix,Q,LAW,13.0,19.0,clear_violation,327.0,78.0,207.92793613434856,100.0,0.1854014598540146,127,685,211.6703910614525,220.0,1.0,1.0212460842628825,0,1,0,0,1
2025,United States Grand Prix,Q,NOR,4.0,9.0,clear_violation,310.0,62.0,162.3697935704029,100.0,0.1112334801762114,101,908,211.6703910614525,220.0,0.9480122324159022,0.7974855085331367,0,1,0,0,1
2025,United States Grand Prix,Q,SAI,13.0,19.0,clear_violation,326.0,77.0,212.14625854088968,100.0,0.2156573116691285,146,677,211.6703910614525,220.0,0.9969418960244648,1.0419645375882454,0,1,0,0,1
2025,United States Grand Prix,Q,BEA,18.0,15.0,clear_violation,323.0,72.0,209.54873124040063,100.0,0.2031029619181946,144,709,211.6703910614525,220.0,0.9877675840978594,1.0292066819883303,0,1,0,0,1
2025,United States Grand Prix,R,GAS,54.0,1.0,clear_violation,316.0,67.0,192.35253235750125,100.0,0.2168978562421185,172,793,200.67655502392344,208.0,0.9432835820895522,0.9948835616067875,0,0,1,0,1
2025,United States Grand Prix,R,ANT,4.0,12.0,clear_violation,328.0,76.0,190.52976386345327,104.0,0.2223684210526315,169,760,200.67655502392344,208.0,0.9791044776119403,0.9854558593087347,0,0,1,0,1
2025,United States Grand Prix,R,ANT,20.0,20.0,clear_violation,333.0,68.0,194.1831818039285,100.0,0.2120418848167539,162,764,200.67655502392344,208.0,0.9940298507462687,1.0043520256763432,0,0,1,0,1
2025,United States Grand Prix,R,ANT,39.0,9.0,clear_violation,313.0,74.0,196.7969050403343,100.0,0.2031454783748361,155,763,200.67655502392344,208.0,0.9343283582089552,1.017870695020695,0,0,1,0,1
2025,United States Grand Prix,R,ALO,20.0,13.0,clear_violation,307.0,73.0,193.10892470389336,100.0,0.2253886010362694,174,772,200.67655502392344,208.0,0.9164179104477612,0.998795765425098,0,0,1,0,1
2025,United States Grand Prix,R,LEC,21.0,9.0,clear_violation,309.0,65.0,191.0399776586821,100.0,0.2320954907161803,175,754,200.67655502392344,208.0,0.9223880597014925,0.9880947812483468,0,0,1,0,1
2025,United States Grand Prix,R,STR,6.0,19.0,clear_violation,323.0,68.0,190.6786276129729,99.0,0.1866330390920554,148,793,200.67655502392344,208.0,0.9641791044776119,0.9862258106865567,0,0,1,0,1
2025,United States Grand Prix,R,STR,36.0,20.0,clear_violation,311.0,71.0,197.63198924780048,99.0,0.2047556142668428,155,757,200.67655502392344,208.0,0.9283582089552239,1.0221899079802699,0,0,1,0,1
2025,United States Grand Prix,R,TSU,55.0,20.0,clear_violation,307.0,75.0,198.3082147794844,100.0,0.1910994764397905,146,764,200.67655502392344,208.0,0.9164179104477612,1.025687473919047,0,0,1,0,1
2025,United States Grand Prix,R,ALB,28.0,12.0,clear_violation,311.0,74.0,197.209767082159,100.0,0.2244094488188976,171,762,200.67655502392344,208.0,0.9283582089552239,1.0200060953379595,0,0,1,0,1
2025,United States Grand Prix,R,ALB,35.0,12.0,clear_violation,316.0,72.0,192.67943945180147,100.0,0.2340702210663199,180,769,200.67655502392344,208.0,0.9432835820895522,0.9965743867303551,0,0,1,0,1
2025,United States Grand Prix,R,OCO,3.0,12.0,clear_violation,330.0,74.0,190.15638885812675,100.0,0.2878787878787879,228,792,200.67655502392344,208.0,0.9850746268656716,0.9835246933887363,0,0,1,0,1
2025,United States Grand Prix,R,NOR,13.0,20.0,clear_violation,311.0,75.0,195.6012557215548,100.0,0.2141882673942701,157,733,200.67655502392344,208.0,0.9283582089552239,1.0116865713280094,0,0,1,0,1
2025,United States Grand Prix,R,NOR,15.0,9.0,clear_violation,330.0,69.0,194.7358169500729,100.0,0.2232496697490092,169,757,200.67655502392344,208.0,0.9850746268656716,1.0072103588405947,0,0,1,0,1
2025,United States Grand Prix,R,NOR,19.0,13.0,clear_violation,334.0,70.0,193.97820586236227,100.0,0.2198675496688741,166,755,200.67655502392344,208.0,0.9970149253731343,1.0032918514624154,0,0,1,0,1
2025,United States Grand Prix,R,COL,4.0,12.0,clear_violation,315.0,73.0,190.0279193893849,100.0,0.2172774869109947,166,764,200.67655502392344,208.0,0.9402985074626866,0.9828602250760338,0,0,1,0,1
2025,United States Grand Prix,R,COL,6.0,19.0,clear_violation,310.0,72.0,191.540292948127,100.0,0.202020202020202,160,792,200.67655502392344,208.0,0.9253731343283582,0.9906825062498776,0,0,1,0,1
2025,United States Grand Prix,R,HAM,24.0,19.0,clear_violation,309.0,72.0,194.9357088165124,100.0,0.2346002621231979,179,763,200.67655502392344,208.0,0.9223880597014925,1.0082442372594655,0,0,1,0,1
2025,United States Grand Prix,R,HAM,46.0,19.0,clear_violation,310.0,75.0,199.2201187811545,100.0,0.2455661664392905,180,733,200.67655502392344,208.0,0.9253731343283582,1.0304040133370926,0,0,1,0,1
2025,United States Grand Prix,R,HAM,56.0,19.0,clear_violation,309.0,69.0,190.0640557261153,100.0,0.2679245283018868,213,795,200.67655502392344,208.0,0.9223880597014925,0.9830471290223928,0,0,1,0,1
2025,United States Grand Prix,R,BOR,3.0,12.0,clear_violation,334.0,75.0,190.8604898441744,100.0,0.262483994878361,205,781,200.67655502392344,208.0,0.9970149253731343,0.9871664364328465,0,0,1,0,1
2025,United States Grand Prix,R,BOR,31.0,20.0,clear_violation,310.0,75.0,194.55120979139903,100.0,0.2392717815344603,184,769,200.67655502392344,208.0,0.9253731343283582,1.0062555358119163,0,0,1,0,1
2025,United States Grand Prix,R,BOR,35.0,12.0,clear_violation,314.0,70.0,194.2802931830719,100.0,0.2210927573062261,174,787,200.67655502392344,208.0,0.9373134328358209,1.0048543040376967,0,0,1,0,1
2025,United States Grand Prix,R,HAD,2.0,12.0,clear_violation,332.0,70.0,189.62319624598783,100.0,0.2323491655969191,181,779,200.67655502392344,208.0,0.991044776119403,0.980766920675865,0,0,1,0,1
2025,United States Grand Prix,R,HAD,3.0,12.0,clear_violation,333.0,70.0,190.4814086856829,100.0,0.2219419924337957,176,793,200.67655502392344,208.0,0.9940298507462687,0.9852057572128969,0,0,1,0,1
2025,United States Grand Prix,R,RUS,30.0,12.0,clear_violation,311.0,72.0,193.43146111704067,100.0,0.2198675496688741,166,755,200.67655502392344,208.0,0.9283582089552239,1.0004639845617376,0,0,1,0,1
2025,United States Grand Prix,R,PIA,3.0,9.0,clear_violation,333.0,73.0,195.02006542647047,100.0,0.1916010498687664,146,762,200.67655502392344,208.0,0.9940298507462687,1.008680545549934,0,0,1,0,1
2025,United States Grand Prix,R,PIA,5.0,13.0,clear_violation,309.0,74.0,195.3008393030034,100.0,0.194300518134715,150,772,200.67655502392344,208.0,0.9223880597014925,1.010132760973706,0,0,1,0,1
2025,United States Grand Prix,R,PIA,12.0,13.0,clear_violation,307.0,77.0,192.9372532501672,100.0,0.1974025974025974,152,770,200.67655502392344,208.0,0.9164179104477612,0.9979078483011795,0,0,1,0,1
2025,United States Grand Prix,R,BEA,13.0,19.0,clear_violation,314.0,69.0,195.81417939147656,100.0,0.2373806275579809,174,733,200.67655502392344,208.0,0.9373134328358209,1.0127878526913785,0,0,1,0,1
2025,United States Grand Prix,R,BEA,34.0,15.0,clear_violation,335.0,0.0,186.5148764822972,100.0,0.247074122236671,190,769,200.67655502392344,208.0,1.0,0.9646901048460333,0,0,1,0,1
2025,United States Grand Prix,S,VER,8.0,12.0,clear_violation,304.0,74.0,201.51045704440187,100.0,0.1953551912568306,143,732,179.97115384615384,210.0,0.9156626506024096,1.0296440428393339,1,0,0,0,1
2025,United States Grand Prix,S,VER,12.0,12.0,clear_violation,301.0,73.0,199.89694800337472,100.0,0.1752717391304347,129,736,179.97115384615384,210.0,0.9066265060240963,1.0213996073071623,1,0,0,0,1
2025,United States Grand Prix,S,GAS,9.0,12.0,clear_violation,308.0,73.0,194.6552327954936,100.0,0.1971279373368146,151,766,179.97115384615384,210.0,0.927710843373494,0.9946163777060011,1,0,0,0,1
2025,United States Grand Prix,S,ANT,16.0,12.0,clear_violation,315.0,63.0,154.82334020838897,100.0,0.180379746835443,171,948,179.97115384615384,210.0,0.9487951807228916,0.7910901115316777,1,0,0,0,1
2025,United States Grand Prix,S,HUL,8.0,9.0,clear_violation,323.0,71.0,200.44737860416785,100.0,0.2289156626506024,171,747,179.97115384615384,210.0,0.9728915662650602,1.0242121044719037,1,0,0,0,1
2025,United States Grand Prix,S,HUL,12.0,11.0,clear_violation,317.0,71.0,191.15057469553227,100.0,0.2389610389610389,184,770,179.97115384615384,210.0,0.9548192771084337,0.9767088686479543,1,0,0,0,1
2025,United States Grand Prix,S,LAW,9.0,11.0,clear_violation,331.0,66.0,197.30757307480727,100.0,0.1915455746367239,145,757,179.97115384615384,210.0,0.9969879518072289,1.0081688573551162,1,0,0,0,1
2025,United States Grand Prix,S,OCO,14.0,11.0,clear_violation,323.0,71.0,196.82716327084003,100.0,0.2838196286472148,214,754,179.97115384615384,210.0,0.9728915662650602,1.0057141406122154,1,0,0,0,1
2025,United States Grand Prix,S,COL,8.0,12.0,clear_violation,309.0,74.0,198.1012085413336,100.0,0.1826666666666666,137,750,179.97115384615384,210.0,0.9307228915662651,1.0122240415985562,1,0,0,0,1
2025,United States Grand Prix,S,COL,13.0,12.0,clear_violation,307.0,69.0,196.82158942628084,100.0,0.1966145833333333,151,768,179.97115384615384,210.0,0.9246987951807228,1.005685660324243,1,0,0,0,1
2025,United States Grand Prix,S,HAM,12.0,9.0,clear_violation,307.0,73.0,198.3664494760441,100.0,0.2513297872340425,189,752,179.97115384615384,210.0,0.9246987951807228,1.0135793248545593,1,0,0,0,1
2025,United States Grand Prix,S,HAM,13.0,9.0,clear_violation,309.0,74.0,197.35367630627405,100.0,0.2458791208791208,179,728,179.97115384615384,210.0,0.9307228915662651,1.008404427847743,1,0,0,0,1
2025,United States Grand Prix,S,BOR,6.0,9.0,clear_violation,312.0,70.0,197.0973728407565,100.0,0.2631578947368421,200,760,179.97115384615384,210.0,0.9397590361445783,1.0070948117598242,1,0,0,0,1
2025,United States Grand Prix,S,BOR,7.0,9.0,clear_violation,332.0,70.0,198.39306631037,100.0,0.2405405405405405,178,740,179.97115384615384,210.0,1.0,1.0137153270516903,1,0,0,0,1
2025,United States Grand Prix,S,HAD,9.0,15.0,clear_violation,326.0,68.0,199.7108426263936,100.0,0.2156084656084656,163,756,179.97115384615384,210.0,0.9819277108433735,1.0204486775362733,1,0,0,0,1
2025,United States Grand Prix,S,HAD,11.0,9.0,clear_violation,310.0,65.0,195.86260190785825,100.0,0.2148876404494382,153,712,179.97115384615384,210.0,0.9337349397590361,1.0007855881394854,1,0,0,0,1
2025,United States Grand Prix,S,RUS,7.0,15.0,clear_violation,327.0,72.0,201.6651752668568,100.0,0.1953232462173315,142,727,179.97115384615384,210.0,0.9849397590361446,1.0304345958379524,1,0,0,0,1
2025,United States Grand Prix,S,RUS,8.0,12.0,clear_violation,327.0,58.0,200.35691163893927,100.0,0.1937244201909959,142,733,179.97115384615384,210.0,0.9849397590361446,1.023749851677743,1,0,0,0,1
2025,United States Grand Prix,S,BEA,14.0,15.0,clear_violation,309.0,63.0,198.12068965561008,100.0,0.2522996057818659,192,761,179.97115384615384,210.0,0.9307228915662651,1.0123235829005655,1,0,0,0,1
2025,United States Grand Prix,SQ,BOR,2.0,19.0,clear_violation,327.0,75.0,203.61512914266893,100.0,0.2094313453536754,151,721,202.10416666666663,221.0,1.0,0.9894789329895924,0,1,0,0,1
2025,United States Grand Prix,SQ,LAW,7.0,19.0,clear_violation,323.0,79.0,207.94518276305325,100.0,0.1762962962962962,119,675,202.10416666666663,221.0,0.9877675840978594,1.0105210670104074,0,1,0,0,1
