year,race,session,driver,lap,turn,label,max_speed,min_speed,avg_speed,max_throttle,avg_brake,brake_points,num_points,session_avg_speed,session_max_speed,speed_ratio,avg_speed_ratio,is_sprint,is_qualifying,is_race,is_practice,post_2022_regs
2018,Abu Dhabi Grand Prix,FP2,LEC,15.0,5.0,no_advantage,320.0,67.0,198.01526000000001,100.0,0.1917440000000000,144,751,209.42024000000001,229.0,1.3973800000000001,0.9455400000000000,0,0,0,1,0
2018,Austrian Grand Prix,FP1,LEC,22.0,1.0,no_advantage,281.4749980,62.0,182.8732290000000,100.0,0.2084640000000000,133,638,269.18518499999999,289.0,0.9739620000000000,0.6793580000000000,0,0,0,1,0
2018,Austrian Grand Prix,FP2,ERI,7.0,4.0,no_advantage,286.39166699999998,55.0,156.94122999999999,100.0,0.1914320000000000,143,747,269.6490510000000,288.0,0.9944160000000000,0.582020000000000,0,0,0,1,0
2018,Austrian Grand Prix,FP2,SAI,10.0,4.0,no_advantage,294.0,61.0,203.5261060000000,100.0,0.2291670000000000,132,576,269.6490510000000,288.0,1.0208330000000001,0.7547810000000000,0,0,0,1,0
2018,Austrian Grand Prix,FP2,MAG,14.0,4.0,no_advantage,301.0,60.0,162.16576300000000,100.0,0.1632090000000000,118,723,269.6490510000000,288.0,1.0451390000000000,0.6013960000000000,0,0,0,1,0
2018,Austrian Grand Prix,FP2,ALO,12.0,10.0,no_advantage,317.0,62.0,230.2664060000000,100.0,0.1647060000000000,84,510,269.6490510000000,288.0,1.1006940000000001,0.8539490000000000,0,0,0,1,0
2018,Austrian Grand Prix,FP2,MAG,32.0,9.0,no_advantage,299.0,69.0,216.2930040000000,100.0,0.1992620000000000,108,542,269.6490510000000,288.0,1.0381940000000001,0.8021280000000000,0,0,0,1,0
2018,Austrian Grand Prix,FP3,VER,5.0,4.0,no_advantage,301.0,46.0,177.39615000000001,100.0,0.2750370000000000,184,669,268.62857100000002,291.0,1.034364000000000,0.6603770000000000,0,0,0,1,0
2018,Austrian Grand Prix,Q,STR,4.0,9.0,no_advantage,328.0,47.0,214.8484120000000,100.0,0.2201830000000000,120,545,281.979675000000,296.0,1.1081080000000001,0.7619290000000000,0,1,0,0,0
2018,Austrian Grand Prix,Q,LEC,10.0,4.0,no_advantage,307.0,54.0,155.49000000000001,100.0,0.2174500000000000,162,745,281.979675000000,296.0,1.037162000000000,0.5514230000000000,0,1,0,0,0
2018,Austrian Grand Prix,R,GAS,12.0,3.0,no_advantage,323.0,58.0,217.7252660000000,100.0,0.20817800000000,112,538,275.1218110000000,291.0,1.1099660000000000,0.7913780000000000,0,0,1,0,0
2018,Austrian Grand Prix,R,HAR,53.0,9.0,no_advantage,315.0,62.0,222.47724099999999,100.0,0.1650850000000000,87,527,275.1218110000000,291.0,1.0824739999999999,0.8086500000000000,0,0,1,0,0
2018,Azerbaijan Grand Prix,FP1,HAR,1.0,8.0,no_advantage,261.0,48.0,150.1631750000000,100.0,0.2473120000000000,253,1023,316.0426830000000,346.0,0.7543350000000000,0.47513600000000000,0,0,0,1,0
2018,Azerbaijan Grand Prix,FP1,HAR,16.0,1.0,no_advantage,325.0,64.0,182.2522010000000,100.0,0.1935480000000000,174,899,316.0426830000000,346.0,0.9393060000000000,0.5766700000000000,0,0,0,1,0
2018,Azerbaijan Grand Prix,FP1,ALO,17.0,2.0,no_advantage,319.0041660,40.0,172.2856330000000,99.0,0.2733960000000000,260,951,316.0426830000000,346.0,0.9219770000000000,0.5451340000000000,0,0,0,1,0
2018,Azerbaijan Grand Prix,FP1,SIR,21.0,3.0,no_advantage,320.0,60.0,176.278395000000,100.0,0.2650860000000000,246,928,316.0426830000000,346.0,0.9248550000000000,0.5577680000000000,0,0,0,1,0
2018,Azerbaijan Grand Prix,FP1,BOT,23.0,1.0,no_advantage,320.0,66.0,184.7910480000000,100.0,0.2067360000000000,178,861,316.0426830000000,346.0,0.9248550000000000,0.5847030000000000,0,0,0,1,0
2018,Azerbaijan Grand Prix,FP1,GRO,19.0,1.0,no_advantage,329.0,65.0,201.6134320000000,100.0,0.1871130000000000,151,807,316.0426830000000,346.0,0.9508670000000000,0.6379310000000000,0,0,0,1,0
2018,Azerbaijan Grand Prix,FP2,VET,2.0,2.0,no_advantage,327.0,65.0,182.195797000000,100.0,0.2266670000000000,204,900,317.43570099999999,347.0,0.9423630000000000,0.5739610000000001,0,0,0,1,0
2018,Azerbaijan Grand Prix,FP2,VET,3.0,3.0,no_advantage,327.0,2.0,171.928103000000,100.0,0.2279790000000000,220,965,317.43570099999999,347.0,0.9423630000000000,0.5416160000000000,0,0,0,1,0
2018,Azerbaijan Grand Prix,FP2,RAI,1.0,2.0,no_advantage,325.0,58.0,177.8013200000000,100.0,0.1997720000000000,175,876,317.43570099999999,347.0,0.9365990000000000,0.5601180000000000,0,0,0,1,0
2018,Azerbaijan Grand Prix,FP2,GRO,4.0,1.0,no_advantage,330.0,68.0,204.2569100000000,100.0,0.1945140000000000,156,802,317.43570099999999,347.0,0.9510090000000000,0.6434590000000000,0,0,0,1,0
2018,Azerbaijan Grand Prix,FP2,PER,2.0,3.0,no_advantage,330.6394980000000,58.0,190.2178000000000,100.0,0.2232560000000000,192,860,317.43570099999999,347.0,0.9528520000000000,0.5992330000000000,0,0,0,1,0
2018,Azerbaijan Grand Prix,FP2,MAG,5.0,3.0,no_advantage,333.0,55.0,180.0344880000000,100.0,0.2206370000000000,201,911,317.43570099999999,347.0,0.9596540000000000,0.5671530000000000,0,0,0,1,0
2018,Azerbaijan Grand Prix,FP2,HAR,5.0,15.0,no_advantage,339.0,60.0,178.35659999999999,100.0,0.193059000000000,178,922,317.43570099999999,347.0,0.9769450000000000,0.5618670000000000,0,0,0,1,0
2018,Azerbaijan Grand Prix,FP2,BOT,2.0,1.0,no_advantage,334.0,64.0,185.41909799999999,100.0,0.252262000000000,223,884,317.43570099999999,347.0,0.962536000000000,0.5841150000000001,0,0,0,1,0
2018,Azerbaijan Grand Prix,FP2,HAM,2.0,8.0,no_advantage,330.0,73.0,204.9021330000000,100.0,0.1897630000000000,152,801,317.43570099999999,347.0,0.9510090000000000,0.6454920000000000,0,0,0,1,0
2018,Azerbaijan Grand Prix,FP2,VER,1.0,3.0,no_advantage,322.38749999999999,59.0,176.25557000000001,100.0,0.2109460000000000,185,877,317.43570099999999,347.0,0.9290710000000000,0.555248000000000,0,0,0,1,0
2018,Azerbaijan Grand Prix,FP2,VET,14.0,15.0,no_advantage,328.0,64.0,160.96384900000001,100.0,0.2044090000000000,204,998,317.43570099999999,347.0,0.9452450000000000,0.50707500000000,0,0,0,1,0
2018,Azerbaijan Grand Prix,FP2,LEC,16.0,1.0,no_advantage,311.3833340,70.0,199.2784810000000,100.0,0.1853660000000000,152,820,317.43570099999999,347.0,0.8973580000000000,0.6277760000000000,0,0,0,1,0
2018,Azerbaijan Grand Prix,FP2,GAS,27.0,15.0,no_advantage,309.0,65.0,192.9355800000000,100.0,0.1844310000000000,154,835,317.43570099999999,347.0,0.8904900000000000,0.6077939999999999,0,0,0,1,0
2018,Azerbaijan Grand Prix,FP2,GRO,18.0,15.0,no_advantage,339.0,63.0,189.26458199999999,100.0,0.2009240000000000,174,866,317.43570099999999,347.0,0.9769450000000000,0.5962300000000000,0,0,0,1,0
2018,Azerbaijan Grand Prix,FP2,ALO,25.0,15.0,no_advantage,314.0,69.0,198.3599970000000,100.0,0.2206060000000000,182,825,317.43570099999999,347.0,0.9048990000000000,0.6248820000000000,0,0,0,1,0
2018,Azerbaijan Grand Prix,FP2,SAI,30.0,1.0,no_advantage,315.0,68.0,197.27666600000001,100.0,0.226779000000000,188,829,317.43570099999999,347.0,0.9077809999999999,0.6214700000000000,0,0,0,1,0
2018,Azerbaijan Grand Prix,FP2,MAG,26.0,15.0,no_advantage,322.0,0.0,169.76628199999999,100.0,0.2354170000000000,226,960,317.43570099999999,347.0,0.9279539999999999,0.5348050000000000,0,0,0,1,0
2018,Azerbaijan Grand Prix,FP2,SAI,35.0,2.0,no_advantage,315.0,70.0,198.2726340000000,100.0,0.2092460000000000,172,822,317.43570099999999,347.0,0.9077809999999999,0.6246070000000000,0,0,0,1,0
2018,Azerbaijan Grand Prix,FP3,BOT,2.0,1.0,no_advantage,332.0,60.0,195.6268660000000,100.0,0.2129960000000000,177,831,321.0247520000000,335.0,0.991045000000000,0.60938200000000,0,0,0,1,0
2018,Azerbaijan Grand Prix,FP3,HAR,3.0,15.0,no_advantage,327.0,62.0,181.72432800000001,100.0,0.1843580000000000,165,895,321.0247520000000,335.0,0.9761190000000000,0.5660760000000000,0,0,0,1,0
2018,Azerbaijan Grand Prix,FP3,STR,3.0,3.0,no_advantage,326.0,65.0,184.1863610000000,100.0,0.2622020000000000,231,881,321.0247520000000,335.0,0.9731340000000001,0.5737449999999999,0,0,0,1,0
2018,Azerbaijan Grand Prix,FP3,GRO,3.0,15.0,no_advantage,326.4541660,67.0,188.18070100000000,100.0,0.2213210000000000,191,863,321.0247520000000,335.0,0.974490000000000,0.5861880000000000,0,0,0,1,0
2018,Azerbaijan Grand Prix,FP3,BOT,10.0,7.0,no_advantage,335.0,66.0,178.90401900000001,100.0,0.2622580000000000,230,877,321.0247520000000,335.0,1.0,0.5572900000000000,0,0,0,1,0
2018,Azerbaijan Grand Prix,FP3,HAR,10.0,3.0,no_advantage,326.3785710000000,44.0,165.74396300000001,100.0,0.2036840000000000,188,923,321.0247520000000,335.0,0.9742640000000000,0.5162970000000000,0,0,0,1,0
2018,Azerbaijan Grand Prix,FP3,PER,8.0,15.0,no_advantage,335.0,46.941665999999998,162.1852880000000,100.0,0.2582010000000000,244,945,321.0247520000000,335.0,1.0,0.5052110000000000,0,0,0,1,0
2018,Azerbaijan Grand Prix,Q,PER,3.0,15.0,no_advantage,332.0,62.0,175.39541600000001,100.0,0.2626480000000000,244,929,320.9184550000000,341.0,0.9736070000000000,0.5465420000000000,0,1,0,0,0
2018,Azerbaijan Grand Prix,Q,MAG,6.0,4.0,no_advantage,328.0,0.0,101.69123300000000,104.0,0.3174400000000000,506,1594,320.9184550000000,341.0,0.9618770000000000,0.31687599999999999,0,1,0,0,0
2018,Azerbaijan Grand Prix,Q,ERI,7.0,2.0,no_advantage,326.0,52.0,162.99798899999999,100.0,0.2424550000000000,241,994,320.9184550000000,341.0,0.9560120000000000,0.507911000000000,0,1,0,0,0
2018,Azerbaijan Grand Prix,Q,GAS,6.0,15.0,no_advantage,329.0,0.0,89.63286300000000,104.0,0.4288880000000000,775,1807,320.9184550000000,341.0,0.9648090000000000,0.27930100000000002,0,1,0,0,0
2018,Azerbaijan Grand Prix,Q,GAS,9.0,,no_advantage,317.0,58.0,161.26745000000000,100.0,0.2472800000000000,250,1011,320.9184550000000,341.0,0.9296190000000000,0.5025180000000000,0,1,0,0,0
2018,Azerbaijan Grand Prix,Q,MAG,9.0,15.0,no_advantage,335.9249980,63.0,174.87711999999999,100.0,0.2319310000000000,215,927,320.9184550000000,341.0,0.9851170000000000,0.5449270000000001,0,1,0,0,0
2018,Azerbaijan Grand Prix,Q,RAI,10.0,3.0,no_advantage,327.0,68.0,186.57306199999999,100.0,0.2133030000000000,186,872,320.9184550000000,341.0,0.9589440000000000,0.5813720000000000,0,1,0,0,0
2018,Azerbaijan Grand Prix,Q,MAG,13.0,3.0,no_advantage,331.0,0.0,83.16486700000000,104.0,0.427465000000000,828,1937,320.9184550000000,341.0,0.9706740000000000,0.2591460000000000,0,1,0,0,0
2018,Azerbaijan Grand Prix,R,ALO,18.0,2.0,no_advantage,313.0,58.0,197.0701780000000,100.0,0.2187120000000000,180,823,293.05962699999998,344.0,0.9098840000000000,0.6724580000000000,0,0,1,0,0
2018,Bahrain Grand Prix,FP2,HAM,3.0,1.0,no_advantage,297.0,61.0,157.89697200000001,100.0,0.2002160000000000,185,924,280.32,296.0,1.0033780000000001,0.563274000000000,0,0,0,1,0
2018,Bahrain Grand Prix,FP3,GRO,13.0,1.0,no_advantage,295.44166600000000,35.0,143.37886300000000,100.0,0.2409760000000000,247,1025,287.34517799999998,297.0,0.994753000000000,0.4989780000000000,0,0,0,1,0
2018,Belgian Grand Prix,FP3,ALO,9.0,5.0,no_advantage,280.0,63.0,200.05146099999999,100.0,0.1531910000000000,144,940,225.24175800000000,236.0,1.1864410000000001,0.8881630000000000,0,0,0,1,0
2018,Belgian Grand Prix,R,RIC,4.0,1.0,no_advantage,333.0,65.0,219.69430199999999,100.0,0.1625730000000000,139,855,215.85451800000001,226.0,1.4734510000000001,1.0177890000000001,0,0,1,0,0
2018,British Grand Prix,FP2,MAG,4.0,15.0,no_advantage,321.0,81.0,221.7979810000000,100.0,0.1608390000000000,115,715,238.79065000000000,260.0,1.2346150000000000,0.9288390000000000,0,0,0,1,0
2018,British Grand Prix,Q,SIR,3.0,15.0,no_advantage,292.0,68.0,153.4615260000000,100.0,0.213764000000000,205,959,250.14207700000000,263.0,1.1102660000000000,0.6134970000000000,0,1,0,0,0
2018,Canadian Grand Prix,FP2,MAG,16.0,1.0,no_advantage,298.0,52.0,150.26620100000000,100.0,0.2156610000000000,168,779,282.7277400000000,301.0,0.9900330000000001,0.5314870000000000,0,0,0,1,0
2018,Canadian Grand Prix,FP2,ERI,26.0,1.0,no_advantage,305.0,57.0,199.70477299999999,100.0,0.1711860000000000,101,590,282.7277400000000,301.0,1.0132890000000001,0.70635000000000,0,0,0,1,0
2018,Canadian Grand Prix,FP2,HAR,27.0,1.0,no_advantage,302.0,55.0,201.02108200000001,100.0,0.167235000000000,98,586,282.7277400000000,301.0,1.0033220000000000,0.7110060000000000,0,0,0,1,0
2018,Canadian Grand Prix,FP3,VAN,3.0,3.0,no_advantage,298.0,50.0,166.01649900000001,100.0,0.2709220000000000,191,705,287.99386500000003,301.0,0.9900330000000001,0.576458000000000,0,0,0,1,0
2018,Canadian Grand Prix,FP3,HAR,7.0,1.0,no_advantage,295.67916700000001,57.0,176.45717800000000,100.0,0.1893940000000000,125,660,287.99386500000003,301.0,0.9823229999999999,0.6127120000000000,0,0,0,1,0
2018,Canadian Grand Prix,Q,LEC,3.0,1.0,no_advantage,299.0,39.0,157.24538100000001,100.0,0.2439680000000000,182,746,291.5,303.0,0.9867990000000000,0.5394350000000000,0,1,0,0,0
2018,Canadian Grand Prix,R,GRO,50.0,13.0,no_advantage,330.0,57.0,199.5701280000000,100.0,0.1969440000000000,116,589,281.25752499999999,300.0,1.1,0.7095640000000000,0,0,1,0,0
2018,Chinese Grand Prix,FP1,ALO,18.0,10.0,no_advantage,294.0,61.0,170.70177799999999,100.0,0.2103450000000000,183,870,256.4638070000000,266.0,1.105263000000000,0.665598000000000,0,0,0,1,0
2018,Chinese Grand Prix,R,VET,56.0,3.0,no_advantage,312.0,56.0,197.1732950000000,100.0,0.2147650000000000,160,745,252.06918800000000,270.0,1.1555560000000000,0.7822190000000000,0,0,1,0,0
2018,French Grand Prix,FP1,HAM,6.0,8.0,no_advantage,315.0,0.0,145.99978700000000,100.0,0.2253260000000000,242,1074,289.2324930000000,304.0,1.0361840000000000,0.5047830000000000,0,0,0,1,0
2018,French Grand Prix,FP1,ERI,7.0,14.0,no_advantage,324.0,0.0,193.41466000000000,100.0,0.1664630000000000,136,817,289.2324930000000,304.0,1.0657890000000001,0.6687170000000000,0,0,0,1,0
2018,French Grand Prix,FP1,LEC,7.0,1.0,no_advantage,324.0,74.0,215.84126699999999,100.0,0.1539510000000000,113,734,289.2324930000000,304.0,1.0657890000000001,0.7462550000000000,0,0,0,1,0
2018,French Grand Prix,FP1,LEC,13.0,8.0,no_advantage,302.0,70.0,173.05656300000001,100.0,0.199125000000000,182,914,289.2324930000000,304.0,0.993421000000000,0.5983300000000000,0,0,0,1,0
2018,French Grand Prix,FP2,GRO,1.0,12.0,no_advantage,299.8249980,0.0,170.47769900000000,100.0,0.2180040000000000,201,922,291.23214300000001,306.0,0.9798200000000000,0.5853670000000000,0,0,0,1,0
2018,French Grand Prix,FP3,PER,3.0,4.0,no_advantage,324.0,56.0,182.9932050000000,100.0,0.1855310000000000,159,857,293.8974360000000,302.0,1.0728480000000000,0.6226429999999999,0,0,0,1,0
2018,French Grand Prix,FP3,SIR,3.0,8.0,no_advantage,268.0166680000000,48.0,152.43450000000001,100.0,0.2251720000000000,229,1017,293.8974360000000,302.0,0.8874720000000000,0.5186660000000000,0,0,0,1,0
2018,French Grand Prix,FP3,STR,2.0,7.0,no_advantage,269.0,58.0,149.35325100000000,100.0,0.222008000000000,230,1036,293.8974360000000,302.0,0.890728000000000,0.5081820000000000,0,0,0,1,0
2018,French Grand Prix,FP3,LEC,4.0,8.0,no_advantage,276.0,52.0,159.04798500000001,100.0,0.2388660000000000,236,988,293.8974360000000,302.0,0.9139070000000000,0.5411680000000000,0,0,0,1,0
2018,French Grand Prix,Q,SIR,9.0,15.0,no_advantage,333.0,53.0,193.46844300000001,100.0,0.2254260000000000,172,763,298.26104400000003,313.0,1.0638980000000000,0.6486550000000000,0,1,0,0,0
2018,German Grand Prix,FP1,HUL,18.0,12.0,no_advantage,295.0,0.0,117.0222290000000,100.0,0.3259830000000000,340,1043,265.5939680000000,278.0,1.0611510000000000,0.440606000000000,0,0,0,1,0
2018,German Grand Prix,FP2,VER,5.0,2.0,no_advantage,287.0,50.0,116.90207599999999,100.0,0.3285980000000000,347,1056,263.1875950000000,279.0,1.028674000000000,0.44417800000000002,0,0,0,1,0
2018,German Grand Prix,FP2,SIR,25.0,13.0,no_advantage,302.0,49.0,204.6922470000000,100.0,0.2036420000000000,123,604,263.1875950000000,279.0,1.082437000000000,0.7777430000000000,0,0,0,1,0
2018,German Grand Prix,FP3,SIR,7.0,2.0,no_advantage,284.0,44.0,173.25420399999999,100.0,0.2408960000000000,172,714,245.10204100000001,254.0,1.1181099999999999,0.7068660000000000,0,0,0,1,0
2018,German Grand Prix,FP3,HAR,4.0,8.0,no_advantage,282.0,47.0,172.55108999999999,100.0,0.1994460000000000,144,722,245.10204100000001,254.0,1.110236000000000,0.7039970000000000,0,0,0,1,0
2018,German Grand Prix,Q,ERI,12.0,13.0,no_advantage,321.0,0.0,146.72379000000001,100.0,0.1354530000000000,115,849,271.4193550000000,285.0,1.1263160000000001,0.5405799999999999,0,1,0,0,0
2018,German Grand Prix,R,GAS,45.0,12.0,no_advantage,293.0,45.0,174.26219100000000,100.0,0.2086230000000000,150,719,259.8667220000000,278.0,1.0539570000000000,0.6705830000000000,0,0,1,0,0
2018,Italian Grand Prix,FP1,VER,3.0,11.0,no_advantage,309.0,0.0,196.7156150000000,100.0,0.178030000000000,141,792,291.34010200000000,300.0,1.03,0.6752100000000000,0,0,0,1,0
2018,Italian Grand Prix,FP1,RIC,4.0,7.0,no_advantage,311.0,55.0,211.3631900000000,100.0,0.185235000000000,138,745,291.34010200000000,300.0,1.0366670000000000,0.7254860000000000,0,0,0,1,0
2018,Italian Grand Prix,FP1,RAI,10.0,4.0,no_advantage,309.0,49.0,212.30798500000000,100.0,0.1743240000000000,129,740,291.34010200000000,300.0,1.03,0.7287290000000000,0,0,0,1,0
2018,Italian Grand Prix,FP2,VET,17.0,11.0,no_advantage,322.0,57.0,183.51075900000001,100.0,0.1350410000000000,116,859,302.1529930000000,317.0,1.0157730000000000,0.6073440000000000,0,0,0,1,0
2018,Japanese Grand Prix,FP2,LEC,2.0,13.0,no_advantage,322.0,74.0,225.1191490000000,100.0,0.1594830000000000,111,696,258.7134500000000,275.0,1.170909000000000,0.8701490000000000,0,0,0,1,0
2018,Japanese Grand Prix,FP2,SIR,10.0,13.0,no_advantage,284.0,0.0,131.1970260000000,100.0,0.2873950000000000,342,1190,258.7134500000000,275.0,1.0327270000000000,0.5071130000000000,0,0,0,1,0
2018,Japanese Grand Prix,FP3,PER,3.0,13.0,no_advantage,282.0,56.0,174.48515200000000,100.0,0.2,179,895,258.41752600000001,273.0,1.032967000000000,0.675206000000000,0,0,0,1,0
2018,Japanese Grand Prix,FP3,RAI,8.0,7.0,no_advantage,291.0,0.0,161.9482510000000,100.0,0.1934160000000000,188,972,258.41752600000001,273.0,1.065934000000000,0.6266920000000000,0,0,0,1,0
2018,Japanese Grand Prix,R,LEC,38.0,9.0,no_advantage,316.0,67.0,219.50224299999999,100.0,0.1809120000000000,127,702,254.3049420000000,271.0,1.1660520000000001,0.8631460000000000,0,0,1,0,0
2018,Mexican Grand Prix,FP2,HAM,7.0,1.0,no_advantage,292.0,57.0,140.66812300000001,100.0,0.189385000000000,157,829,245.1164380000000,259.0,1.1274130000000000,0.5738830000000000,0,0,0,1,0
2018,Mexican Grand Prix,FP3,GRO,8.0,1.0,no_advantage,296.0,33.0,148.05480800000001,100.0,0.3028350000000000,235,776,251.15436199999999,263.0,1.1254750000000000,0.5894970000000000,0,0,0,1,0
2018,Mexican Grand Prix,Q,VET,3.0,1.0,no_advantage,299.0,47.0,143.48043699999999,100.0,0.1660420000000000,133,801,251.525,265.0,1.1283019999999999,0.5704420000000000,0,1,0,0,0
2018,Mexican Grand Prix,Q,HAM,5.0,11.0,no_advantage,293.0,62.0,161.06752299999999,100.0,0.1561180000000000,111,711,251.525,265.0,1.1056600000000001,0.6403640000000000,0,1,0,0,0
2018,Mexican Grand Prix,Q,ALO,2.0,11.0,no_advantage,341.0,66.0,198.2140310000000,100.0,0.2258620000000000,131,580,251.525,265.0,1.2867919999999999,0.7880490000000000,0,1,0,0,0
2018,Monaco Grand Prix,FP1,VER,21.0,1.0,no_advantage,269.0,46.0,130.01195999999999,100.0,0.1967930000000000,135,686,251.62521000000001,272.0,0.9889710000000000,0.516689000000000,0,0,0,1,0
2018,Monaco Grand Prix,FP3,BOT,5.0,1.0,no_advantage,275.0,40.0,126.96254600000000,100.0,0.2283690000000000,161,705,256.2519280000000,276.0,0.9963770000000000,0.4954600000000000,0,0,0,1,0
2018,Monaco Grand Prix,FP3,SAI,13.0,1.0,no_advantage,276.68333300000000,40.0,122.64473700000001,100.0,0.2366950000000000,169,714,256.2519280000000,276.0,1.002476000000000,0.4786100000000000,0,0,0,1,0
2018,Monaco Grand Prix,FP3,STR,20.0,1.0,no_advantage,271.8214270,39.0,122.65117400000000,100.0,0.2809920000000000,204,726,256.2519280000000,276.0,0.984860000000000,0.47863499999999998,0,0,0,1,0
2018,Monaco Grand Prix,Q,LEC,10.0,1.0,no_advantage,284.0,38.0,112.17994800000000,100.0,0.2405540000000000,191,794,267.73597400000000,277.0,1.0252710000000000,0.41899500000000001,0,1,0,0,0
2018,Monaco Grand Prix,Q,BOT,9.0,,no_advantage,290.0,46.0,163.85109499999999,100.0,0.2357270000000000,128,543,267.73597400000000,277.0,1.0469310000000001,0.6119880000000000,0,1,0,0,0
2018,Russian Grand Prix,FP1,NOR,7.0,4.0,no_advantage,285.0,76.0,180.02731499999999,100.0,0.1758620000000000,153,870,166.29829500000000,179.0,1.5921790000000000,1.0825570000000000,0,0,0,1,0
2018,Russian Grand Prix,FP1,BOT,10.0,5.0,no_advantage,321.0,53.0,183.59663599999999,100.0,0.2011830000000000,170,845,166.29829500000000,179.0,1.7932960000000000,1.104020000000000,0,0,0,1,0
2018,Russian Grand Prix,FP1,BOT,16.0,2.0,no_advantage,305.0,71.0,167.69184000000001,100.0,0.221627000000000,207,934,166.29829500000000,179.0,1.7039110000000000,1.0083800000000001,0,0,0,1,0
2018,Russian Grand Prix,FP1,VER,14.0,7.0,no_advantage,270.0,62.0,142.08450199999999,100.0,0.274746000000000,297,1081,166.29829500000000,179.0,1.5083800000000001,0.8543950000000000,0,0,0,1,0
2018,Russian Grand Prix,FP1,LEC,14.0,8.0,no_advantage,279.0,62.0,135.3602260000000,100.0,0.124456000000000,143,1149,166.29829500000000,179.0,1.558659000000000,0.8139600000000000,0,0,0,1,0
2018,Russian Grand Prix,FP2,VET,3.0,2.0,no_advantage,266.0,70.0,156.854153000000,100.0,0.1818180000000000,182,1001,162.76801399999999,179.0,1.4860340000000001,0.9636670000000001,0,0,0,1,0
2018,Russian Grand Prix,FP2,RAI,2.0,2.0,no_advantage,322.0,80.0,188.5424590000000,100.0,0.1866030000000000,156,836,162.76801399999999,179.0,1.7988830000000000,1.1583509999999999,0,0,0,1,0
2018,Russian Grand Prix,FP2,HUL,5.0,2.0,no_advantage,280.0,65.0,161.46408500000001,100.0,0.2264340000000000,221,976,162.76801399999999,179.0,1.5642460000000000,0.991989000000000,0,0,0,1,0
2018,Russian Grand Prix,FP2,SIR,7.0,7.0,no_advantage,320.0,80.0,211.55555300000000,100.0,0.1765500000000000,131,742,162.76801399999999,179.0,1.7877090000000000,1.299737000000000,0,0,0,1,0
2018,Russian Grand Prix,FP2,LEC,13.0,2.0,no_advantage,323.0,94.0,219.6944040000000,100.0,0.1754140000000000,127,724,162.76801399999999,179.0,1.8044690000000001,1.3497390000000000,0,0,0,1,0
2018,Russian Grand Prix,FP2,LEC,14.0,5.0,no_advantage,280.0,65.0,151.11192500000001,100.0,0.1859580000000000,196,1054,162.76801399999999,179.0,1.5642460000000000,0.9283880000000000,0,0,0,1,0
2018,Russian Grand Prix,FP2,HAM,19.0,2.0,no_advantage,312.0,95.0,209.98721699999999,100.0,0.1880790000000000,142,755,162.76801399999999,179.0,1.7430170000000000,1.2901009999999999,0,0,0,1,0
2018,Russian Grand Prix,FP3,RAI,1.0,7.0,no_advantage,297.0,60.79166600000000,164.74830900000001,100.0,0.1742010000000000,158,907,167.5732220000000,182.0,1.6318680000000001,0.9831420000000000,0,0,0,1,0
2018,Singapore Grand Prix,FP1,PER,8.0,20.0,no_advantage,271.0,45.0,129.9448410000000,100.0,0.2579400000000000,268,1039,249.71,262.0,1.034351000000000,0.520383000000000,0,0,0,1,0
2018,Singapore Grand Prix,FP1,RAI,13.0,18.0,no_advantage,292.0,57.0,138.82645900000000,100.0,0.2071430000000000,203,980,249.71,262.0,1.1145039999999999,0.5559510000000000,0,0,0,1,0
2018,Singapore Grand Prix,FP1,BOT,18.0,14.0,no_advantage,294.0,57.0,138.81097100000000,100.0,0.2613640000000000,253,968,249.71,262.0,1.1221369999999999,0.5558890000000000,0,0,0,1,0
2018,Singapore Grand Prix,FP2,SIR,3.0,8.0,no_advantage,282.0,43.0,128.93265000000000,100.0,0.2670450000000000,282,1056,248.78236400000000,262.0,1.0763360000000000,0.5182550000000000,0,0,0,1,0
2018,Singapore Grand Prix,FP2,HAM,2.0,14.0,no_advantage,316.0,63.0,179.37308500000000,100.0,0.2260180000000000,172,761,248.78236400000000,262.0,1.2061070000000000,0.7210040000000000,0,0,0,1,0
2018,Singapore Grand Prix,FP2,GRO,6.0,7.0,no_advantage,300.0,52.0,155.5526210000000,100.0,0.2671230000000000,234,876,248.78236400000000,262.0,1.1450380000000000,0.6252560000000000,0,0,0,1,0
2018,Singapore Grand Prix,FP2,MAG,10.0,5.0,no_advantage,291.0,53.0,125.49612600000000,100.0,0.1746320000000000,190,1088,248.78236400000000,262.0,1.1106870000000000,0.5044410000000000,0,0,0,1,0
2018,Spanish Grand Prix,FP1,HAR,7.0,4.0,no_advantage,312.0,72.0,201.41854200000000,100.0,0.1529790000000000,95,621,274.9899500000000,289.0,1.0795850000000000,0.7324580000000001,0,0,0,1,0
2018,Spanish Grand Prix,FP1,GRO,7.0,4.0,no_advantage,316.0,70.0,201.49166700000001,100.0,0.1873990000000000,116,619,274.9899500000000,289.0,1.0934260000000000,0.7327240000000000,0,0,0,1,0
2018,Spanish Grand Prix,FP1,GRO,8.0,7.0,no_advantage,319.0,32.0,173.24227099999999,100.0,0.2025140000000000,145,716,274.9899500000000,289.0,1.1038060000000001,0.6299950000000000,0,0,0,1,0
2018,Spanish Grand Prix,FP1,HAR,26.0,10.0,no_advantage,242.0,0.0,104.92904100000000,100.0,0.1989620000000000,230,1156,274.9899500000000,289.0,0.8373699999999999,0.3815740000000000,0,0,0,1,0
2018,Spanish Grand Prix,FP2,RAI,13.0,4.0,no_advantage,296.0,46.0,142.10327899999999,100.0,0.1905860000000000,166,871,271.39652200000000,291.0,1.0171820000000000,0.5236000000000000,0,0,0,1,0
2018,Spanish Grand Prix,FP2,LEC,21.0,4.0,no_advantage,302.0,75.0,197.66397900000001,100.0,0.1880880000000000,120,638,271.39652200000000,291.0,1.0378010000000000,0.7283220000000000,0,0,0,1,0
2018,Spanish Grand Prix,FP2,VER,33.0,2.0,no_advantage,296.0,80.0,205.73063600000000,100.0,0.1612380000000000,99,614,271.39652200000000,291.0,1.0171820000000000,0.7580440000000001,0,0,0,1,0
2018,Spanish Grand Prix,FP3,STR,9.0,4.0,no_advantage,285.3750020,0.0,127.87193600000001,100.0,0.1767110000000000,173,979,281.6910570000000,291.0,0.9806700000000000,0.4539440000000000,0,0,0,1,0
2018,Spanish Grand Prix,Q,ERI,3.0,1.0,no_advantage,311.0,72.0,154.4097570000000,100.0,0.1572330000000000,125,795,281.73799100000002,294.0,1.0578230000000000,0.5480620000000000,0,1,0,0,0
2018,Spanish Grand Prix,Q,GRO,17.0,7.0,no_advantage,306.0,52.0,163.0729090000000,100.0,0.2099090000000000,161,767,281.73799100000002,294.0,1.0408160000000000,0.5788110000000000,0,1,0,0,0
2018,Spanish Grand Prix,R,SIR,40.0,9.0,no_advantage,264.0,60.0,135.27490200000000,100.0,0.3071120000000000,285,928,268.64587499999999,296.0,0.8918920000000000,0.5035440000000000,0,0,1,0,0
2018,United States Grand Prix,FP1,VET,12.0,11.0,no_advantage,298.0,57.0,159.65479400000001,100.0,0.2078650000000000,185,890,191.76842099999999,206.0,1.4466019999999999,0.8325399999999999,0,0,0,1,0
2019,Australian Grand Prix,FP2,RUS,27.0,3.0,no_advantage,291.0,81.0,206.82986299999999,100.0,0.160920000000000,112,696,287.48532000000000,307.0,0.9478830000000000,0.7194450000000000,0,0,0,1,0
2019,Australian Grand Prix,R,KVY,36.0,3.0,no_advantage,324.0,73.0,212.8752360000000,100.0,0.2020650000000000,137,678,285.6968500000000,310.0,1.0451610000000000,0.7451090000000000,0,0,1,0,0
2019,Austrian Grand Prix,FP1,GAS,11.0,9.0,no_advantage,316.0,68.0,232.68741600000001,100.0,0.1431410000000000,72,503,271.4098710000000,291.0,1.0859110000000001,0.8573280000000000,0,0,0,1,0
2019,Austrian Grand Prix,FP1,NOR,20.0,10.0,no_advantage,317.0,70.0,222.6394440000000,100.0,0.1544400000000000,80,518,271.4098710000000,291.0,1.0893470000000001,0.8203070000000000,0,0,0,1,0
2019,Austrian Grand Prix,FP1,VER,25.0,1.0,no_advantage,294.0,63.0,187.3768230000000,100.0,0.1910110000000000,119,623,271.4098710000000,291.0,1.0103089999999999,0.6903830000000000,0,0,0,1,0
2019,Austrian Grand Prix,FP2,BOT,2.0,10.0,no_advantage,317.0,72.0,227.1005140000000,100.0,0.15234400,78,512,267.2685340000000,291.0,1.0893470000000001,0.8497090000000000,0,0,0,1,0
2019,Austrian Grand Prix,FP2,HAM,2.0,10.0,no_advantage,318.0,70.0,232.9496640000000,100.0,0.146,73,500,267.2685340000000,291.0,1.092784000000000,0.8715940000000000,0,0,0,1,0
2019,Austrian Grand Prix,FP2,GAS,5.0,4.0,no_advantage,286.4166660,60.0,165.67992799999999,100.0,0.1560280000000000,110,705,267.2685340000000,291.0,0.9842500000000000,0.6199010000000000,0,0,0,1,0
2019,Austrian Grand Prix,FP2,VET,14.0,10.0,no_advantage,329.0,0.0,168.65538699999999,100.0,0.1520470000000000,104,684,267.2685340000000,291.0,1.1305840000000000,0.6310330000000000,0,0,0,1,0
2019,Austrian Grand Prix,FP2,SAI,35.0,6.0,no_advantage,296.0,67.0,224.36496000000000,100.0,0.1640930000000000,85,518,267.2685340000000,291.0,1.0171820000000000,0.8394740000000001,0,0,0,1,0
2019,Austrian Grand Prix,FP2,LEC,30.0,3.0,no_advantage,305.0,64.0,207.87815499999999,100.0,0.1890360000000000,100,529,267.2685340000000,291.0,1.0481100000000001,0.7777880000000000,0,0,0,1,0
2019,Austrian Grand Prix,FP3,GRO,5.0,3.0,no_advantage,303.0,54.0,146.19853200000000,100.0,0.1587710000000000,124,781,266.4845680000000,293.0,1.0341300000000000,0.5486190000000000,0,0,0,1,0
2019,Austrian Grand Prix,FP3,KUB,17.0,10.0,no_advantage,317.0,66.0,220.8601690000000,100.0,0.1811320000000000,96,530,266.4845680000000,293.0,1.081911000000000,0.828792000000000,0,0,0,1,0
2019,Austrian Grand Prix,FP3,GRO,15.0,9.0,no_advantage,316.0,68.0,227.37184199999999,100.0,0.1895550000000000,98,517,266.4845680000000,293.0,1.0784980000000000,0.8532270000000000,0,0,0,1,0
2019,Austrian Grand Prix,Q,KVY,7.0,9.0,no_advantage,320.0,72.0,238.50272200000001,100.0,0.1512100000000000,75,496,284.15879799999999,297.0,1.0774410000000001,0.8393290000000000,0,1,0,0,0
2019,Austrian Grand Prix,Q,KVY,8.0,1.0,no_advantage,305.0,36.0,159.8108360000000,100.0,0.1534250000000000,112,730,284.15879799999999,297.0,1.026936000000000,0.5624000000000000,0,1,0,0,0
2019,Austrian Grand Prix,R,GIO,5.0,1.0,no_advantage,299.0,65.0,218.8116730000000,100.0,0.1843580000000000,99,537,273.02249599999999,290.0,1.0310340000000000,0.8014420000000000,0,0,1,0,0
2019,Austrian Grand Prix,R,NOR,5.0,5.0,no_advantage,300.0,65.0,217.93378000000001,99.0,0.1850470000000000,99,535,273.02249599999999,290.0,1.0344830000000000,0.7982260000000000,0,0,1,0,0
2019,Azerbaijan Grand Prix,FP2,NOR,4.0,3.0,no_advantage,327.0,60.0,170.3336890000000,100.0,0.2264960000000000,212,936,318.5818640000000,344.0,0.9505810000000000,0.53466200000000,0,0,0,1,0
2019,Azerbaijan Grand Prix,FP2,MAG,4.0,3.0,no_advantage,332.0,62.0,183.074843000000,100.0,0.19102400000000,166,869,318.5818640000000,344.0,0.9651160000000000,0.5746559999999999,0,0,0,1,0
2019,Azerbaijan Grand Prix,FP2,HAM,5.0,8.0,no_advantage,324.0,74.0,202.94640600000000,100.0,0.1858410000000000,147,791,318.5818640000000,344.0,0.9418600000000000,0.6370310000000000,0,0,0,1,0
2019,Azerbaijan Grand Prix,FP2,VET,6.0,3.0,no_advantage,324.0,56.0,178.5149470000000,100.0,0.2058140000000000,177,860,318.5818640000000,344.0,0.9418600000000000,0.5603420000000000,0,0,0,1,0
2019,Azerbaijan Grand Prix,FP2,GAS,14.0,3.0,no_advantage,326.8,54.0,157.41300799999999,100.0,0.1859790000000000,191,1027,318.5818640000000,344.0,0.9500000000000000,0.49410500000000002,0,0,0,1,0
2019,Azerbaijan Grand Prix,FP2,BOT,23.0,3.0,no_advantage,315.0,44.3916670,170.03471099999999,100.0,0.2191320000000000,197,899,318.5818640000000,344.0,0.9156980000000000,0.5337240000000000,0,0,0,1,0
2019,Azerbaijan Grand Prix,FP2,GIO,25.0,15.0,no_advantage,322.0,68.0,199.19178600000001,100.0,0.211043000000000,172,815,318.5818640000000,344.0,0.936047000000000,0.6252450000000001,0,0,0,1,0
2019,Azerbaijan Grand Prix,FP2,GIO,27.0,2.0,no_advantage,316.0,63.0,182.8055040000000,100.0,0.2633370000000000,232,881,318.5818640000000,344.0,0.9186050000000000,0.5738100000000000,0,0,0,1,0
2019,Azerbaijan Grand Prix,FP2,GRO,28.0,8.0,no_advantage,316.0,66.0,196.983631000000,100.0,0.2031630000000000,167,822,318.5818640000000,344.0,0.9186050000000000,0.6183140000000000,0,0,0,1,0
2019,Azerbaijan Grand Prix,FP2,GRO,29.0,3.0,no_advantage,315.0,0.0,163.3508090000000,100.0,0.2399190000000000,238,992,318.5818640000000,344.0,0.9156980000000000,0.5127440000000000,0,0,0,1,0
2019,Azerbaijan Grand Prix,FP2,VET,26.0,4.0,no_advantage,312.0,68.0,200.00200899999999,100.0,0.1831680000000000,148,808,318.5818640000000,344.0,0.9069770000000000,0.6277880000000000,0,0,0,1,0
2019,Azerbaijan Grand Prix,FP3,ALB,11.0,2.0,no_advantage,300.0,0.0,142.13471999999999,100.0,0.3134850000000000,358,1142,325.1149830000000,347.0,0.8645530000000000,0.43718299999999999,0,0,0,1,0
2019,Azerbaijan Grand Prix,FP3,HAM,15.0,2.0,no_advantage,326.0281250,65.0,175.6095650000000,100.0,0.2423580000000000,222,916,325.1149830000000,347.0,0.9395620000000000,0.5401460000000000,0,0,0,1,0
2019,Azerbaijan Grand Prix,Q,HAM,1.0,3.0,no_advantage,330.0,44.0,157.42474600000000,100.0,0.2923550000000000,283,968,329.14592299999998,346.0,0.953757000000000,0.4782830000000000,0,1,0,0,0
2019,Azerbaijan Grand Prix,Q,HUL,2.0,3.0,no_advantage,333.8,62.0,177.16074900000001,100.0,0.2302630000000000,210,912,329.14592299999998,346.0,0.9647400000000000,0.5382439999999999,0,1,0,0,0
2019,Bahrain Grand Prix,R,GRO,8.0,2.0,no_advantage,297.0,63.0,197.2004360000000,100.0,0.182313000000000,134,735,278.7064490000000,298.0,0.9966440000000000,0.7075560000000000,0,0,1,0,0
2019,Belgian Grand Prix,FP1,HAM,9.0,1.0,no_advantage,322.0,44.0,189.7408280000000,100.0,0.125,124,992,219.5202490000000,231.0,1.393939000000000,0.8643430000000000,0,0,0,1,0
2019,British Grand Prix,FP2,ALB,1.0,6.0,no_advantage,290.0,67.0,188.1572660000000,100.0,0.1692110000000000,133,786,237.23629500000001,258.0,1.124031000000000,0.7931220000000000,0,0,0,1,0
2019,British Grand Prix,R,GRO,1.0,5.0,no_advantage,294.0,0.0,156.65437000000000,100.0,0.1764710000000000,174,986,245.19161000000000,257.0,1.1439690000000000,0.6389060000000000,0,0,1,0,0
2019,British Grand Prix,R,PER,26.0,6.0,no_advantage,299.0,92.0,225.6803230000000,100.0,0.1629210000000000,116,712,245.19161000000000,257.0,1.1634240000000000,0.9204240000000000,0,0,1,0,0
2019,Canadian Grand Prix,FP1,LAT,4.0,8.0,no_advantage,299.0,53.0,174.1715690000000,100.0,0.210134000000000,141,671,281.030738000000,300.0,0.9966670000000000,0.6197600000000000,0,0,0,1,0
2019,Canadian Grand Prix,FP1,LAT,9.0,8.0,no_advantage,286.0,50.0,150.35854200000000,100.0,0.2107970000000000,164,778,281.030738000000,300.0,0.9533330000000000,0.5350250000000000,0,0,0,1,0
2019,Canadian Grand Prix,FP1,GRO,10.0,8.0,no_advantage,298.0,54.0,166.16484399999999,100.0,0.2161020000000000,153,708,281.030738000000,300.0,0.9933330000000000,0.5912690000000000,0,0,0,1,0
2019,Canadian Grand Prix,FP1,ALB,13.0,8.0,no_advantage,300.0,56.0,196.45906099999999,100.0,0.1949580000000000,116,595,281.030738000000,300.0,1.0,0.6990660000000000,0,0,0,1,0
2019,Canadian Grand Prix,FP1,KVY,16.0,13.0,no_advantage,321.0,52.0,194.4125800000000,100.0,0.1813640000000000,109,601,281.030738000000,300.0,1.07,0.6917840000000000,0,0,0,1,0
2019,Canadian Grand Prix,FP1,GAS,12.0,1.0,no_advantage,296.0,52.0,161.27219700000001,100.0,0.1991760000000000,145,728,281.030738000000,300.0,0.9866670000000000,0.5738600000000000,0,0,0,1,0
2019,Canadian Grand Prix,FP1,MAG,27.0,8.0,no_advantage,294.0,45.0,179.05099999999999,100.0,0.2142860000000000,141,658,281.030738000000,300.0,0.98,0.6371220000000000,0,0,0,1,0
2019,Canadian Grand Prix,FP1,VER,23.0,8.0,no_advantage,299.0,56.0,200.5144270000000,100.0,0.1569970000000000,92,586,281.030738000000,300.0,0.9966670000000000,0.7134960000000000,0,0,0,1,0
2019,Canadian Grand Prix,FP1,SAI,31.0,8.0,no_advantage,300.0,60.0,191.6058640000000,99.0,0.2013090000000000,123,611,281.030738000000,300.0,1.0,0.6817970000000000,0,0,0,1,0
2019,Canadian Grand Prix,FP2,ALB,1.0,8.0,no_advantage,299.0,57.0,171.39761899999999,100.0,0.2176470000000000,148,680,283.18196200000000,302.0,0.9900660000000000,0.6052560000000000,0,0,0,1,0
2019,Canadian Grand Prix,FP2,GAS,1.0,8.0,no_advantage,299.0,63.0,187.72087600000000,100.0,0.2045090000000000,127,621,283.18196200000000,302.0,0.9900660000000000,0.6628980000000000,0,0,0,1,0
2019,Canadian Grand Prix,FP2,GRO,1.0,8.0,no_advantage,298.0,0.0,145.80771600000000,100.0,0.2611940000000000,210,804,283.18196200000000,302.0,0.9867550000000000,0.5148910000000000,0,0,0,1,0
2019,Canadian Grand Prix,FP2,KVY,16.0,1.0,no_advantage,298.4250020,51.0,159.00996200000000,100.0,0.1878380000000000,139,740,283.18196200000000,302.0,0.9881620000000000,0.5615120000000000,0,0,0,1,0
2019,Canadian Grand Prix,FP2,GAS,18.0,1.0,no_advantage,298.0,54.0,151.99036699999999,100.0,0.1881440000000000,146,776,283.18196200000000,302.0,0.9867550000000000,0.5367230000000000,0,0,0,1,0
2019,Canadian Grand Prix,FP2,NOR,21.0,8.0,no_advantage,305.0,57.0,193.71409900000000,100.0,0.196694000000000,119,605,283.18196200000000,302.0,1.009934000000000,0.6840619999999999,0,0,0,1,0
2019,Canadian Grand Prix,FP3,GIO,6.0,13.0,no_advantage,329.0,64.0,204.1786380000000,100.0,0.1875,108,576,290.50553500000001,303.0,1.0858090000000000,0.7028390000000000,0,0,0,1,0
2019,Canadian Grand Prix,FP3,RUS,5.0,1.0,no_advantage,306.0,51.0,151.67530900000000,100.0,0.2468030000000000,193,782,290.50553500000001,303.0,1.00990100000000,0.5221080000000000,0,0,0,1,0
2019,Canadian Grand Prix,FP3,NOR,8.0,13.0,no_advantage,325.0,49.0,195.68433400000001,100.0,0.1801650000000000,109,605,290.50553500000001,303.0,1.0726070000000001,0.673599000000000,0,0,0,1,0
2019,Canadian Grand Prix,FP3,RIC,6.0,1.0,no_advantage,302.0,55.0,164.0357710000000,100.0,0.1428570000000000,103,721,290.50553500000001,303.0,0.9967000000000000,0.5646560000000000,0,0,0,1,0
2019,Canadian Grand Prix,FP3,LEC,13.0,1.0,no_advantage,306.2510470000000,54.0,168.05720199999999,100.0,0.2595200000000000,184,709,290.50553500000001,303.0,1.0107299999999999,0.57849900000000,0,0,0,1,0
2019,Canadian Grand Prix,FP3,GIO,17.0,1.0,no_advantage,333.0,61.0,213.4615750000000,100.0,0.1857140000000000,104,560,290.50553500000001,303.0,1.099010000000000,0.7347930000000000,0,0,0,1,0
2019,Canadian Grand Prix,Q,LEC,8.0,8.0,no_advantage,306.3107140,60.0,187.74635799999999,100.0,0.1786280000000000,112,627,293.1861470000000,306.0,1.0010150000000000,0.6403660000000000,0,1,0,0,0
2019,Canadian Grand Prix,R,ALB,4.0,1.0,no_advantage,298.0,58.0,196.2354040000000,100.0,0.1926300000000000,115,597,279.52639799999997,299.0,0.9966560000000000,0.7020280000000000,0,0,1,0,0
2019,Canadian Grand Prix,R,NOR,7.0,8.0,no_advantage,308.0,57.0,195.92635200000001,99.0,0.1912750000000000,114,596,279.52639799999997,299.0,1.0301000000000000,0.7009230000000000,0,0,1,0,0
2019,Canadian Grand Prix,R,NOR,8.0,13.0,no_advantage,307.0,55.0,178.59951300000000,99.0,0.2473120000000000,161,651,279.52639799999997,299.0,1.0267560000000000,0.638936000000000,0,0,1,0,0
2019,Canadian Grand Prix,R,RUS,25.0,13.0,no_advantage,302.0,58.0,191.38677400000000,100.0,0.2094930000000000,128,611,279.52639799999997,299.0,1.0100330000000000,0.6846820000000000,0,0,1,0,0
2019,Canadian Grand Prix,R,SAI,29.0,13.0,no_advantage,308.0,56.0,197.2772630000000,99.0,0.2077700000000000,123,592,279.52639799999997,299.0,1.0301000000000000,0.7057550000000000,0,0,1,0,0
2019,Canadian Grand Prix,R,HUL,30.0,8.0,no_advantage,299.0,61.0,203.25351000000001,100.0,0.1597220000000000,92,576,279.52639799999997,299.0,1.0,0.7271350000000000,0,0,1,0,0
2019,Canadian Grand Prix,R,GRO,33.0,1.0,no_advantage,307.0,56.0,198.0213140000000,100.0,0.1807430000000000,107,592,279.52639799999997,299.0,1.0267560000000000,0.7084170000000000,0,0,1,0,0
2019,Canadian Grand Prix,R,ALB,57.0,8.0,no_advantage,300.0,60.0,199.5697790000000,100.0,0.1857640000000000,107,576,279.52639799999997,299.0,1.0033440000000000,0.7139570000000000,0,0,1,0,0
2019,Chinese Grand Prix,FP3,NOR,10.0,16.0,no_advantage,315.0,60.0,196.8492470000000,100.0,0.1565450000000000,116,741,260.63309400000003,273.0,1.1538459999999999,0.7552730000000000,0,0,0,1,0
2019,Chinese Grand Prix,R,VET,25.0,14.0,no_advantage,304.0,61.0,200.80520200000001,100.0,0.1559140000000000,116,744,255.0944330000000,269.0,1.1301120000000000,0.7871800000000000,0,0,1,0,0
2019,French Grand Prix,FP1,VET,12.0,1.0,no_advantage,292.0,36.0,143.96865399999999,100.0,0.1392290000000000,148,1063,291.1171170000000,306.0,0.954248000000000,0.4945390000000000,0,0,0,1,0
2019,French Grand Prix,FP1,RAI,6.0,4.0,no_advantage,316.0,73.0,186.2753280000000,100.0,0.1873510000000000,157,838,291.1171170000000,306.0,1.0326800000000000,0.6398640000000000,0,0,0,1,0
2019,French Grand Prix,FP1,GAS,9.0,2.0,no_advantage,318.0,0.0,149.94104700000000,100.0,0.1923450000000000,196,1019,291.1171170000000,306.0,1.0392159999999999,0.5150540000000000,0,0,0,1,0
2019,French Grand Prix,FP2,VET,2.0,12.0,no_advantage,326.0,66.0,201.60522000000000,100.0,0.1627910000000000,126,774,288.88718899999998,307.0,1.0618890000000001,0.697868000000000,0,0,0,1,0
2019,French Grand Prix,FP2,NOR,10.0,8.0,no_advantage,325.0,80.0,225.143351000000,100.0,0.1502890000000000,104,692,288.88718899999998,307.0,1.0586320000000000,0.7793470000000000,0,0,0,1,0
2019,French Grand Prix,FP2,HAM,9.0,4.0,no_advantage,307.65,57.0,180.02524399999999,104.0,0.2032150000000000,177,871,288.88718899999998,307.0,1.0021169999999999,0.6231680000000001,0,0,0,1,0
2019,French Grand Prix,FP2,PER,16.0,2.0,no_advantage,305.0,75.0,211.7028250000000,100.0,0.1875840000000000,139,741,288.88718899999998,307.0,0.993485000000000,0.7328220000000000,0,0,0,1,0
2019,French Grand Prix,FP2,PER,26.0,8.0,no_advantage,312.0,77.0,213.3287010000000,100.0,0.1947870000000000,142,729,288.88718899999998,307.0,1.01628700000000,0.7384500000000001,0,0,0,1,0
2019,French Grand Prix,R,RIC,35.0,8.0,no_advantage,307.0,81.0,217.15791999999999,100.0,0.1454050000000000,106,729,288.33070099999998,308.0,0.9967530000000000,0.7531560000000000,0,0,1,0,0
2019,German Grand Prix,FP1,BOT,27.0,13.0,no_advantage,302.0,54.0,206.98533100000000,100.0,0.1627520000000000,97,596,259.7956200000000,274.0,1.102190000000000,0.7967240000000000,0,0,0,1,0
2019,German Grand Prix,FP3,VET,2.0,1.0,clear_violation,323.0,57.0,224.5666160000000,100.0,0.1793480000000000,99,552,262.1578950000000,275.0,1.1745450000000000,0.8566080000000000,0,0,0,1,0
2019,German Grand Prix,FP3,VET,12.0,17.0,clear_violation,324.0,58.0,226.2569710000000,100.0,0.1669720000000000,91,545,262.1578950000000,275.0,1.1781820000000001,0.863056000000000,0,0,0,1,0
2019,German Grand Prix,FP3,RAI,8.0,17.0,clear_violation,328.0,57.0,223.8215150000000,100.0,0.1615800000000000,90,557,262.1578950000000,275.0,1.1927270000000001,0.8537660000000000,0,0,0,1,0
2019,German Grand Prix,FP3,RAI,15.0,17.0,clear_violation,334.0,56.0,224.11071699999999,100.0,0.1546760000000000,86,556,262.1578950000000,275.0,1.2145450000000000,0.8548690000000000,0,0,0,1,0
2019,German Grand Prix,FP3,RAI,17.0,17.0,clear_violation,334.0,55.0,224.4597500000000,100.0,0.1660650000000000,92,554,262.1578950000000,275.0,1.2145450000000000,0.8562010000000000,0,0,0,1,0
2019,German Grand Prix,FP3,ALB,11.0,17.0,clear_violation,321.0,54.0,221.96137400000001,100.0,0.163375000000000,91,557,262.1578950000000,275.0,1.1672730000000000,0.8466710000000000,0,0,0,1,0
2019,German Grand Prix,FP3,KVY,9.0,1.0,clear_violation,323.0,55.0,222.6302470000000,100.0,0.1556350000000000,87,559,262.1578950000000,275.0,1.1745450000000000,0.8492220000000000,0,0,0,1,0
2019,German Grand Prix,FP3,KVY,12.0,1.0,clear_violation,321.0,53.0,221.9442490000000,100.0,0.1379930000000000,77,558,262.1578950000000,275.0,1.1672730000000000,0.8466050000000001,0,0,0,1,0
2019,German Grand Prix,FP3,HAM,17.0,17.0,clear_violation,318.0,58.0,226.58156299999999,100.0,0.1313870000000000,72,548,262.1578950000000,275.0,1.1563639999999999,0.8642940000000000,0,0,0,1,0
2019,German Grand Prix,FP3,SAI,17.0,17.0,clear_violation,325.0,56.0,222.8942570000000,100.0,0.1546760000000000,86,556,262.1578950000000,275.0,1.1818180000000000,0.8502290000000000,0,0,0,1,0
2019,German Grand Prix,Q,GAS,14.0,17.0,clear_violation,329.0,56.0,228.3517300000000,100.0,0.1346860000000000,73,542,267.35051499999997,274.0,1.2007300000000001,0.8541290000000000,0,1,0,0,0
2019,German Grand Prix,Q,LEC,7.0,1.0,clear_violation,296.0,53.0,192.4658010000000,100.0,0.1866250000000000,120,643,267.35051499999997,274.0,1.0802920000000000,0.7199010000000000,0,1,0,0,0
2019,German Grand Prix,Q,GIO,5.0,1.0,clear_violation,336.0,56.0,217.53159600000001,100.0,0.1566900000000000,89,568,267.35051499999997,274.0,1.2262770000000001,0.813657000000000,0,1,0,0,0
2019,German Grand Prix,Q,KUB,4.0,17.0,clear_violation,325.0,51.0,218.1870470000000,100.0,0.1728400000000000,98,567,267.35051499999997,274.0,1.186131000000000,0.8161090000000000,0,1,0,0,0
2019,German Grand Prix,R,HAM,52.0,1.0,no_advantage,305.0,58.0,210.85515400000000,100.0,0.1587840000000000,94,592,240.42110700000001,272.0,1.1213240000000000,0.8770240000000000,0,0,1,0,0
2019,German Grand Prix,R,GRO,61.0,6.0,no_advantage,307.0,48.0,208.751248000000,100.0,0.1836390000000000,110,599,240.42110700000001,272.0,1.1286760000000000,0.868273000000000,0,0,1,0,0
2019,Hungarian Grand Prix,R,HAM,2.0,3.0,no_advantage,296.0,92.0,190.7396300000000,100.0,0.1919350000000000,119,620,249.42010500000001,266.0,1.112782000000000,0.7647320000000000,0,0,1,0,0
2019,Hungarian Grand Prix,R,BOT,7.0,4.0,no_advantage,291.0,95.0,193.11535200000000,100.0,0.1791530000000000,110,614,249.42010500000001,266.0,1.093985000000000,0.7742570000000000,0,0,1,0,0
2019,Hungarian Grand Prix,R,PER,69.0,1.0,no_advantage,302.0,70.0,187.3759500000000,100.0,0.2547170000000000,162,636,249.42010500000001,266.0,1.1353380000000000,0.7512460000000000,0,0,1,0,0
2019,Monaco Grand Prix,FP1,VET,6.0,1.0,no_advantage,274.7749980,40.0,132.15421699999999,100.0,0.2725950000000000,187,686,256.3209680000000,273.0,1.0065020000000000,0.5155810000000000,0,0,0,1,0
2019,Monaco Grand Prix,FP1,BOT,12.0,1.0,no_advantage,286.0,42.0,140.95048000000000,100.0,0.2115090000000000,136,643,256.3209680000000,273.0,1.0476190000000001,0.5498980000000000,0,0,0,1,0
2019,Monaco Grand Prix,FP1,KVY,20.0,1.0,no_advantage,280.0,39.0,126.38962500000000,100.0,0.2731090000000000,195,714,256.3209680000000,273.0,1.0256410000000000,0.49309100000000000,0,0,0,1,0
2019,Monaco Grand Prix,FP1,NOR,27.0,1.0,no_advantage,279.68333200000001,43.0,131.09321700000001,99.0,0.2714080000000000,187,689,256.3209680000000,273.0,1.0244810000000000,0.5114420000000000,0,0,0,1,0
2019,Monaco Grand Prix,FP1,VER,18.0,5.0,no_advantage,282.0,0.0,90.58767000000000,100.0,0.4221420000000000,469,1111,256.3209680000000,273.0,1.032967000000000,0.3534150000000000,0,0,0,1,0
2019,Monaco Grand Prix,FP1,STR,18.0,1.0,no_advantage,285.0,46.0,154.76607999999999,100.0,0.25,146,584,256.3209680000000,273.0,1.043956000000000,0.603798000000000,0,0,0,1,0
2019,Monaco Grand Prix,FP2,RUS,5.0,1.0,no_advantage,275.0,40.0,123.33762400000001,100.0,0.2122450000000000,156,735,255.9715760000000,277.0,0.9927800000000000,0.4818410000000000,0,0,0,1,0
2019,Monaco Grand Prix,FP2,HAM,18.0,1.0,no_advantage,276.0,45.0,117.60504299999999,100.0,0.2109380,162,768,255.9715760000000,277.0,0.9963900000000000,0.45944600000000002,0,0,0,1,0
2019,Monaco Grand Prix,FP2,VET,26.0,1.0,no_advantage,283.0,44.0,156.58432300000001,100.0,0.2607940000000000,151,579,255.9715760000000,277.0,1.0216609999999999,0.6117250000000000,0,0,0,1,0
2019,Monaco Grand Prix,FP3,STR,17.0,1.0,no_advantage,279.0,33.0,109.55958900000000,100.0,0.1674760000000000,138,824,255.0373830000000,275.0,1.0145450000000000,0.4295820000000000,0,0,0,1,0
2019,Spanish Grand Prix,FP1,GRO,12.0,7.0,no_advantage,304.0,38.0,121.82012500000000,100.0,0.1273080000000000,131,1029,276.3974360000000,291.0,1.0446740000000001,0.4407430000000000,0,0,0,1,0
2019,Spanish Grand Prix,FP2,HAM,5.0,13.0,no_advantage,319.0,78.0,203.18231800000001,100.0,0.144026000000000,88,611,274.8678960000000,294.0,1.0850340000000001,0.7392000000000000,0,0,0,1,0
2019,Spanish Grand Prix,FP2,KVY,24.0,1.0,no_advantage,304.0,70.0,199.50586699999999,100.0,0.164274000000000,103,627,274.8678960000000,294.0,1.034014000000000,0.725825000000000,0,0,0,1,0
2020,70th Anniversary Grand Prix,FP1,VET,8.0,9.0,clear_violation,315.0,90.0,237.81042400000001,100.0,0.1142860000000000,88,770,233.18005500000001,256.0,1.23046900,1.0198570000000000,0,0,0,1,0
2020,70th Anniversary Grand Prix,FP1,RAI,9.0,9.0,clear_violation,319.0,88.0,235.7088590000000,100.0,0.1261260000000000,98,777,233.18005500000001,256.0,1.24609400,1.0108450000000000,0,0,0,1,0
2020,70th Anniversary Grand Prix,FP1,MAG,10.0,9.0,clear_violation,318.0,57.0,232.2546880000000,100.0,0.1493670000000000,118,790,233.18005500000001,256.0,1.2421880,0.9960320000000000,0,0,0,1,0
2020,70th Anniversary Grand Prix,FP1,ALB,20.0,15.0,clear_violation,320.0,90.0,235.35438300000001,100.0,0.1503860000000000,117,778,233.18005500000001,256.0,1.25,1.0093250000000000,0,0,0,1,0
2020,70th Anniversary Grand Prix,FP1,KUB,12.0,9.0,clear_violation,319.0,86.0,235.5044690000000,100.0,0.1617460000000000,126,779,233.18005500000001,256.0,1.24609400,1.0099680000000000,0,0,0,1,0
2020,70th Anniversary Grand Prix,FP2,RIC,9.0,9.0,clear_violation,320.0,96.0,241.7799110000000,100.0,0.1005290000000000,76,756,244.1928250000000,257.0,1.245136000000000,0.9901190000000000,0,0,0,1,0
2020,70th Anniversary Grand Prix,FP2,ALB,15.0,9.0,clear_violation,300.0,81.0,224.62590900000001,100.0,0.1595090000000000,130,815,244.1928250000000,257.0,1.1673150000000001,0.9198710000000000,0,0,0,1,0
2020,70th Anniversary Grand Prix,FP2,SAI,22.0,9.0,clear_violation,313.0,85.0,213.19966900000000,99.0,0.1451990000000000,124,854,244.1928250000000,257.0,1.2178990000000001,0.8730790000000000,0,0,0,1,0
2020,70th Anniversary Grand Prix,FP2,STR,17.0,14.0,no_advantage,305.0,82.0,212.7599360000000,100.0,0.2176950000000000,187,859,244.1928250000000,257.0,1.1867700000000001,0.8712780000000000,0,0,0,1,0
2020,70th Anniversary Grand Prix,FP2,RAI,24.0,13.0,no_advantage,325.0,0.0,178.0801780000000,100.0,0.2200390000000000,224,1018,244.1928250000000,257.0,1.264591000000000,0.729260000000000,0,0,0,1,0
2020,70th Anniversary Grand Prix,FP3,VER,8.0,15.0,clear_violation,311.0,64.0,170.842511000000,100.0,0.1445900000000000,155,1072,224.02100799999999,254.0,1.2244090000000001,0.7626180000000000,0,0,0,1,0
2020,70th Anniversary Grand Prix,FP3,RUS,5.0,15.0,clear_violation,325.0,52.0,213.30552200000000,100.0,0.1558140000000000,134,860,224.02100799999999,254.0,1.279528000000000,0.9521670000000000,0,0,0,1,0
2020,70th Anniversary Grand Prix,Q,KVY,5.0,15.0,clear_violation,333.0,91.0,239.0894320000000,100.0,0.1227150000000000,94,766,250.47826100000000,257.0,1.2957200000000000,0.9545320000000000,0,1,0,0,0
2020,70th Anniversary Grand Prix,R,ALB,10.0,15.0,clear_violation,324.0,86.0,222.947710000000,100.0,0.2037270000000000,164,805,247.24008100000000,255.0,1.2705880000000001,0.9017460000000000,0,0,1,0,0
2020,70th Anniversary Grand Prix,R,ALB,33.0,15.0,clear_violation,350.0,86.0,228.10748500000000,100.0,0.18625,149,800,247.24008100000000,255.0,1.3725490000000000,0.9226150000000000,0,0,1,0,0
2020,70th Anniversary Grand Prix,R,KVY,30.0,15.0,clear_violation,337.0,82.0,225.45434000000000,100.0,0.1883520000000000,152,807,247.24008100000000,255.0,1.3215690000000000,0.9118840000000000,0,0,1,0,0
2020,70th Anniversary Grand Prix,R,VET,36.0,15.0,clear_violation,331.0,83.0,229.7213830000000,100.0,0.1927410000000000,154,799,247.24008100000000,255.0,1.2980389999999999,0.9291430000000001,0,0,1,0,0
2020,70th Anniversary Grand Prix,R,VET,37.0,15.0,clear_violation,332.0,82.0,228.78311600000001,100.0,0.200501000000000,160,798,247.24008100000000,255.0,1.3019609999999999,0.9253479999999999,0,0,1,0,0
2020,70th Anniversary Grand Prix,R,GRO,29.0,15.0,clear_violation,315.0,84.0,222.9886470000000,100.0,0.1451220000000000,119,820,247.24008100000000,255.0,1.2352939999999999,0.9019110000000000,0,0,1,0,0
2020,70th Anniversary Grand Prix,R,LAT,16.0,15.0,clear_violation,336.0,84.0,223.5283110000000,100.0,0.2267160000000000,185,816,247.24008100000000,255.0,1.3176470000000000,0.9040940000000000,0,0,1,0,0
2020,70th Anniversary Grand Prix,R,LAT,51.0,15.0,clear_violation,342.0,89.0,227.8560940000000,100.0,0.2359550000000000,189,801,247.24008100000000,255.0,1.3411759999999999,0.9215989999999999,0,0,1,0,0
2020,70th Anniversary Grand Prix,R,MAG,17.0,15.0,clear_violation,315.0,86.0,223.5318730000000,100.0,0.1713590000000000,140,817,247.24008100000000,255.0,1.2352939999999999,0.9041090000000001,0,0,1,0,0
2020,Austrian Grand Prix,FP1,STR,5.0,10.0,clear_violation,319.0,71.0,233.03648300000000,100.0,0.1870750000000000,110,588,271.44628100000000,288.0,1.1076390000000000,0.8584990000000000,0,0,0,1,0
2020,Austrian Grand Prix,FP1,STR,5.0,9.0,no_advantage,319.0,71.0,233.03648300000000,100.0,0.1870750000000000,110,588,271.44628100000000,288.0,1.1076390000000000,0.8584990000000000,0,0,0,1,0
2020,Austrian Grand Prix,FP2,RAI,12.0,10.0,clear_violation,319.0,68.0,234.2403620000000,100.0,0.1767760000000000,102,577,268.2585750000000,287.0,1.1114980000000001,0.8731890000000000,0,0,0,1,0
2020,Austrian Grand Prix,FP2,RAI,13.0,10.0,clear_violation,290.0,54.0,165.09050099999999,100.0,0.2825550000000000,230,814,268.2585750000000,287.0,1.0104530000000000,0.615416000000000,0,0,0,1,0
2020,Austrian Grand Prix,FP2,RAI,29.0,10.0,clear_violation,311.0,59.0,219.0152710000000,100.0,0.197390000000000,121,613,268.2585750000000,287.0,1.083624000000000,0.8164330000000000,0,0,0,1,0
2020,Austrian Grand Prix,FP2,RAI,30.0,10.0,clear_violation,303.0,50.0,208.2805310000000,100.0,0.2043340000000000,132,646,268.2585750000000,287.0,1.0557490000000000,0.7764170000000000,0,0,0,1,0
2020,Austrian Grand Prix,FP2,STR,30.0,10.0,clear_violation,298.0,67.0,221.53800100000001,100.0,0.2013090000000000,123,611,268.2585750000000,287.0,1.038328000000000,0.8258380000000000,0,0,0,1,0
2020,Austrian Grand Prix,FP2,MAG,2.0,9.0,clear_violation,310.0,70.0,232.0523880000000,100.0,0.1568970000000000,91,580,268.2585750000000,287.0,1.0801390000000000,0.8650330000000001,0,0,0,1,0
2020,Austrian Grand Prix,FP2,HAM,23.0,10.0,clear_violation,300.0,66.0,203.3090040000000,100.0,0.1885370000000000,125,663,268.2585750000000,287.0,1.0452960000000000,0.7578840000000000,0,0,0,1,0
2020,Austrian Grand Prix,FP2,LAT,5.0,3.0,no_advantage,311.0,0.0,138.85569500000000,100.0,0.2520410000000000,247,980,268.2585750000000,287.0,1.083624000000000,0.51761900000000,0,0,0,1,0
2020,Austrian Grand Prix,FP2,RAI,10.0,6.0,no_advantage,318.0,44.0,180.1627260000000,100.0,0.2156080000000000,163,756,268.2585750000000,287.0,1.10801400000000,0.671601000000000,0,0,0,1,0
2020,Austrian Grand Prix,FP2,VER,13.0,6.0,no_advantage,290.0,75.0,224.22467499999999,100.0,0.1293530000000000,78,603,268.2585750000000,287.0,1.0104530000000000,0.8358530000000000,0,0,0,1,0
2020,Austrian Grand Prix,FP3,RAI,16.0,9.0,clear_violation,318.0,67.0,221.37979500000000,100.0,0.167488000000000,102,609,265.49657500000001,289.0,1.1003460000000000,0.8338330000000000,0,0,0,1,0
2020,Austrian Grand Prix,R,KVY,39.0,10.0,clear_violation,297.0,60.0,220.32948600000000,100.0,0.165837000000000,100,603,260.64406800000000,291.0,1.0206189999999999,0.8453270000000001,0,0,1,0,0
2020,Austrian Grand Prix,R,KVY,40.0,10.0,clear_violation,297.0,60.0,220.4326680000000,100.0,0.1603310000000000,97,605,260.64406800000000,291.0,1.0206189999999999,0.845723000000000,0,0,1,0,0
2020,Austrian Grand Prix,R,KVY,60.0,9.0,clear_violation,283.0,56.0,174.8750530000000,100.0,0.2598040000000000,159,612,260.64406800000000,291.0,0.9725090000000000,0.6709340000000000,0,0,1,0,0
2020,Austrian Grand Prix,R,KVY,63.0,10.0,clear_violation,330.0,46.0,219.09797300000000,100.0,0.1954020000000000,119,609,260.64406800000000,291.0,1.134021000000000,0.8406020000000000,0,0,1,0,0
2020,Austrian Grand Prix,R,KVY,64.0,10.0,clear_violation,324.0,4.0,216.7535340000000,100.0,0.1682850000000000,104,618,260.64406800000000,291.0,1.1134020000000000,0.8316070000000000,0,0,1,0,0
2020,Austrian Grand Prix,R,OCO,65.0,10.0,clear_violation,320.0,63.0,223.63782200000000,100.0,0.1983330000000000,119,600,260.64406800000000,291.0,1.0996560000000000,0.8580200000000000,0,0,1,0,0
2020,Austrian Grand Prix,R,VET,39.0,10.0,clear_violation,305.0,65.0,223.872617000000,100.0,0.1879080000000000,115,612,260.64406800000000,291.0,1.0481100000000001,0.8589210000000000,0,0,1,0,0
2020,Austrian Grand Prix,R,VET,40.0,10.0,clear_violation,304.0,64.0,222.4082570000000,100.0,0.1967480000000000,121,615,260.64406800000000,291.0,1.0446740000000001,0.8533030000000000,0,0,1,0,0
2020,Austrian Grand Prix,R,VET,58.0,10.0,clear_violation,263.0,70.0,152.17914200000001,100.0,0.2340430000000000,143,611,260.64406800000000,291.0,0.9037800000000000,0.5838580000000000,0,0,1,0,0
2020,Austrian Grand Prix,R,VET,59.0,10.0,clear_violation,216.5499970,71.0,139.81424100000001,100.0,0.2345280000000000,144,614,260.64406800000000,291.0,0.744158000000000,0.5364180000000000,0,0,1,0,0
2020,Austrian Grand Prix,R,GRO,16.0,9.0,clear_violation,305.0,59.0,218.7420570000000,100.0,0.1719340000000000,136,791,260.64406800000000,291.0,1.0481100000000001,0.8392370000000000,0,0,1,0,0
2020,Austrian Grand Prix,R,GRO,27.0,10.0,clear_violation,231.0,87.0,143.39745199999999,100.0,0.2414910000000000,149,617,260.64406800000000,291.0,0.7938140000000000,0.550166000000000,0,0,1,0,0
2020,Austrian Grand Prix,R,GRO,28.0,10.0,clear_violation,288.0,57.0,168.13730600000000,100.0,0.2077290000000000,129,621,260.64406800000000,291.0,0.9896910000000000,0.6450840000000000,0,0,1,0,0
2020,Belgian Grand Prix,FP1,GAS,5.0,9.0,clear_violation,329.0,38.0,208.7650910000000,100.0,0.1444980000000000,151,1045,220.60649799999999,231.0,1.4242420000000000,0.9463230000000000,0,0,0,1,0
2020,Belgian Grand Prix,FP1,GAS,15.0,19.0,clear_violation,331.0,66.0,232.8327570000000,100.0,0.1203410000000000,113,939,220.60649799999999,231.0,1.432900000000000,1.0554209999999999,0,0,0,1,0
2020,Belgian Grand Prix,FP1,GAS,16.0,19.0,clear_violation,306.0,71.0,216.11688500000000,100.0,0.1193290000000000,121,1014,220.60649799999999,231.0,1.3246750000000000,0.9796490000000000,0,0,0,1,0
2020,Belgian Grand Prix,FP1,VER,9.0,9.0,clear_violation,323.0,74.0,237.4865830000000,100.0,0.1230940000000000,113,918,220.60649799999999,231.0,1.3982680000000001,1.0765169999999999,0,0,0,1,0
2020,Belgian Grand Prix,FP1,SAI,19.0,9.0,clear_violation,319.0,69.0,226.21268100000000,100.0,0.1204570000000000,116,963,220.60649799999999,231.0,1.380952000000000,1.0254129999999999,0,0,0,1,0
2020,Belgian Grand Prix,FP2,VET,20.0,9.0,clear_violation,314.0,69.0,224.8663120000000,100.0,0.1536080000000000,149,970,219.09384200000000,232.0,1.353448000000000,1.0263469999999999,0,0,0,1,0
2020,Belgian Grand Prix,FP2,GAS,19.0,9.0,clear_violation,312.0,68.0,225.8108270000000,100.0,0.1170980000000000,113,965,219.09384200000000,232.0,1.3448279999999999,1.0306580000000001,0,0,0,1,0
2020,Belgian Grand Prix,FP2,GAS,20.0,9.0,clear_violation,313.0,67.0,226.49835999999999,100.0,0.1121500000000000,108,963,219.09384200000000,232.0,1.3491379999999999,1.0337959999999999,0,0,0,1,0
2020,Belgian Grand Prix,FP2,GAS,23.0,9.0,clear_violation,318.0,69.0,227.98310200000000,100.0,0.1204190000000000,115,955,219.09384200000000,232.0,1.3706900000000000,1.0405730000000000,0,0,0,1,0
2020,Belgian Grand Prix,FP2,STR,15.0,9.0,clear_violation,316.0,65.0,227.84919600000001,100.0,0.1474900000000000,141,956,219.09384200000000,232.0,1.3620690000000000,1.039962000000000,0,0,0,1,0
2020,Belgian Grand Prix,FP3,RAI,4.0,19.0,clear_violation,323.0,66.0,238.12444099999999,100.0,0.1300550000000000,119,915,224.72988500000000,232.0,1.3922410000000001,1.0596030000000001,0,0,0,1,0
2020,Belgian Grand Prix,Q,MAG,7.0,14.0,no_advantage,298.0,0.0,110.04169000000000,104.0,0.2830280000000000,557,1968,227.49068299999999,237.0,1.2573840000000001,0.4837200000000000,0,1,0,0,0
2020,Belgian Grand Prix,R,GAS,5.0,9.0,clear_violation,343.0,64.0,223.99299500000001,100.0,0.1469680000000000,143,973,214.46514700000000,226.0,1.5176989999999999,1.0444260000000001,0,0,1,0,0
2020,Belgian Grand Prix,R,STR,7.0,9.0,clear_violation,330.0,63.0,223.66426400000000,100.0,0.1762300000000000,172,976,214.46514700000000,226.0,1.4601770000000001,1.0428930000000001,0,0,1,0,0
2020,Belgian Grand Prix,R,NOR,34.0,9.0,clear_violation,325.0,66.0,229.31899400000000,100.0,0.1568420000000000,149,950,214.46514700000000,226.0,1.4380530000000000,1.069260000000000,0,0,1,0,0
2020,Belgian Grand Prix,R,GRO,36.0,9.0,clear_violation,322.0,66.0,226.588996000000,100.0,0.1391480000000000,134,963,214.46514700000000,226.0,1.424779000000000,1.0565310000000001,0,0,1,0,0
2020,British Grand Prix,FP1,RIC,9.0,15.0,clear_violation,323.0,99.0,237.70149200000000,100.0,0.1240310000000000,96,774,235.74425299999999,257.0,1.2568090000000001,1.0083020000000000,0,0,0,1,0
2020,British Grand Prix,FP1,NOR,10.0,5.0,clear_violation,313.0,87.0,226.1959600000000,100.0,0.1594560000000000,129,809,235.74425299999999,257.0,1.2178990000000001,0.9594970000000000,0,0,0,1,0
2020,British Grand Prix,FP1,ALB,14.0,15.0,clear_violation,320.0,92.0,236.6739710000000,100.0,0.1384220000000000,107,773,235.74425299999999,257.0,1.245136000000000,1.0039439999999999,0,0,0,1,0
2020,British Grand Prix,FP1,OCO,11.0,15.0,clear_violation,319.0,98.0,238.75016700000000,100.0,0.1302080000000000,100,768,235.74425299999999,257.0,1.2412449999999999,1.0127510000000000,0,0,0,1,0
2020,British Grand Prix,FP1,RAI,8.0,7.0,no_advantage,309.0,75.0,204.47954999999999,100.0,0.17152500000000,153,892,235.74425299999999,257.0,1.2023349999999999,0.8673790000000000,0,0,0,1,0
2020,British Grand Prix,FP2,NOR,5.0,15.0,clear_violation,318.0,65.0,209.97705999999999,99.0,0.1536700000000000,134,872,238.0404260000000,259.0,1.2277990000000001,0.8821070000000000,0,0,0,1,0
2020,British Grand Prix,FP2,GAS,4.0,15.0,clear_violation,323.0,79.0,223.97409999999999,100.0,0.1040390000000000,85,817,238.0404260000000,259.0,1.247104000000000,0.9409080000000000,0,0,0,1,0
2020,British Grand Prix,FP2,MAG,25.0,9.0,clear_violation,298.0,93.0,220.305134000000,100.0,0.1632650000000000,136,833,238.0404260000000,259.0,1.1505790000000000,0.9254950000000000,0,0,0,1,0
2020,British Grand Prix,FP3,RAI,15.0,9.0,clear_violation,314.0,89.0,238.794688000000,100.0,0.1328120,102,768,236.31182799999999,257.0,1.2217899999999999,1.0105070000000000,0,0,0,1,0
2020,British Grand Prix,FP3,MAG,12.0,9.0,clear_violation,308.0,69.0,198.88457000000,100.0,0.1491890000000000,138,925,236.31182799999999,257.0,1.198444000000000,0.8416190000000000,0,0,0,1,0
2020,British Grand Prix,FP3,ALB,2.0,9.0,clear_violation,312.0,95.0,238.20093399999999,100.0,0.1415580000000000,109,770,236.31182799999999,257.0,1.2140080000000000,1.007994000000000,0,0,0,1,0
2020,British Grand Prix,Q,VET,19.0,9.0,clear_violation,319.0,92.0,244.8012380000000,100.0,0.12,90,750,253.7107840000000,262.0,1.217557000000000,0.9648830000000000,0,1,0,0,0
2020,British Grand Prix,Q,GRO,5.0,9.0,clear_violation,320.0,89.0,241.53509000000000,100.0,0.1274640000000000,97,761,253.7107840000000,262.0,1.2213740000000000,0.9520100000000000,0,1,0,0,0
2020,British Grand Prix,R,GAS,37.0,15.0,clear_violation,333.0,85.0,231.15471900000000,100.0,0.1310430000000000,103,786,230.24311900000001,258.0,1.2906979999999999,1.0039590000000000,0,0,1,0,0
2020,British Grand Prix,R,ALB,6.0,9.0,clear_violation,310.0,79.0,213.72652500000001,100.0,0.1849640000000000,155,838,230.24311900000001,258.0,1.2015499999999999,0.9282650000000000,0,0,1,0,0
2020,British Grand Prix,R,ALB,19.0,9.0,clear_violation,322.0,79.0,219.2021050000000,100.0,0.2047620000000000,172,840,230.24311900000001,258.0,1.248062000000000,0.9520459999999999,0,0,1,0,0
2020,British Grand Prix,R,NOR,19.0,9.0,clear_violation,318.0,71.0,223.11622800000001,100.0,0.1757580000000000,145,825,230.24311900000001,258.0,1.2325580000000000,0.9690460000000000,0,0,1,0,0
2020,British Grand Prix,R,VET,47.0,9.0,clear_violation,306.0,83.0,232.86057099999999,100.0,0.1329110000000000,105,790,230.24311900000001,258.0,1.186047000000000,1.0113680000000000,0,0,1,0,0
2020,British Grand Prix,R,SAI,19.0,9.0,clear_violation,307.0,76.0,222.73101399999999,100.0,0.174757000000000,144,824,230.24311900000001,258.0,1.189922000000000,0.9673730000000000,0,0,1,0,0
2020,British Grand Prix,R,SAI,43.0,9.0,clear_violation,306.0,87.0,231.97410800000000,100.0,0.1126580000000000,89,790,230.24311900000001,258.0,1.186047000000000,1.0075179999999999,0,0,1,0,0
2020,British Grand Prix,R,RAI,47.0,9.0,clear_violation,300.0,60.0,178.22909400000000,100.0,0.1928070000000000,193,1001,230.24311900000001,258.0,1.1627909999999999,0.7740910000000000,0,0,1,0,0
2020,British Grand Prix,R,GRO,9.0,9.0,clear_violation,325.0,80.0,223.98565099999999,100.0,0.1654410000000000,135,816,230.24311900000001,258.0,1.2596900000000000,0.9728220000000000,0,0,1,0,0
2020,British Grand Prix,R,GAS,42.0,15.0,no_advantage,303.0,87.0,232.4427270000000,100.0,0.1189870000000000,94,790,230.24311900000001,258.0,1.1744190000000001,1.0095529999999999,0,0,1,0,0
2020,Eifel Grand Prix,FP3,NOR,9.0,4.0,clear_violation,313.0,81.0,206.13815900000000,100.0,0.1604620000000000,125,779,250.4525,266.0,1.1766920000000001,0.8230630000000000,0,0,0,1,0
2020,Eifel Grand Prix,FP3,VET,5.0,13.0,clear_violation,290.0,87.0,193.572872000000,100.0,0.2243670000000000,186,829,250.4525,266.0,1.0902259999999999,0.772893000000000,0,0,0,1,0
2020,Eifel Grand Prix,FP3,VET,7.0,4.0,clear_violation,293.0,82.0,196.53380700000000,100.0,0.2090460000000000,171,818,250.4525,266.0,1.1015040000000000,0.7847150000000001,0,0,0,1,0
2020,Eifel Grand Prix,FP3,RAI,8.0,4.0,clear_violation,311.0,79.0,196.72210999999999,100.0,0.1906520000000000,155,813,250.4525,266.0,1.169173000000000,0.7854670000000000,0,0,0,1,0
2020,Eifel Grand Prix,FP3,RAI,22.0,4.0,clear_violation,313.0,83.0,207.89340200000001,100.0,0.1694700000000000,131,773,250.4525,266.0,1.1766920000000001,0.8300710000000000,0,0,0,1,0
2020,Eifel Grand Prix,FP3,GAS,5.0,4.0,clear_violation,295.0,83.0,199.01133300000001,100.0,0.167910000000000,135,804,250.4525,266.0,1.1090230000000001,0.7946070000000000,0,0,0,1,0
2020,Eifel Grand Prix,FP3,PER,16.0,4.0,clear_violation,298.0,86.0,198.66621499999999,100.0,0.1775590000000000,144,811,250.4525,266.0,1.1203010000000000,0.7932290000000000,0,0,0,1,0
2020,Eifel Grand Prix,FP3,LEC,6.0,4.0,clear_violation,287.0,58.0,184.3768510000000,100.0,0.2278480000000000,198,869,250.4525,266.0,1.0789470000000001,0.7361750000000000,0,0,0,1,0
2020,Eifel Grand Prix,FP3,MAG,6.0,13.0,clear_violation,292.0,84.0,190.22781699999999,100.0,0.228944000000000,193,843,250.4525,266.0,1.0977440000000001,0.7595370000000000,0,0,0,1,0
2020,Eifel Grand Prix,FP3,ALB,14.0,4.0,clear_violation,311.0,88.0,209.3678510000000,100.0,0.1820550000000000,140,769,250.4525,266.0,1.169173000000000,0.8359580000000000,0,0,0,1,0
2020,Eifel Grand Prix,FP3,OCO,2.0,13.0,clear_violation,312.0,64.0,191.1736250000000,100.0,0.2012420000000000,162,805,250.4525,266.0,1.1729320000000001,0.7633130000000000,0,0,0,1,0
2020,Eifel Grand Prix,FP3,VER,2.0,4.0,clear_violation,312.0,72.0,200.5549250000000,100.0,0.2007820000000000,154,767,250.4525,266.0,1.1729320000000001,0.8007700000000000,0,0,0,1,0
2020,Eifel Grand Prix,FP3,SAI,7.0,4.0,clear_violation,312.0,70.0,196.2961520000000,99.0,0.19559900000000,160,818,250.4525,266.0,1.1729320000000001,0.783766000000000,0,0,0,1,0
2020,Eifel Grand Prix,FP3,SAI,8.0,4.0,clear_violation,317.0,74.0,202.881524000000,99.0,0.1820480000000000,144,791,250.4525,266.0,1.1917290000000000,0.8100600000000000,0,0,0,1,0
2020,Eifel Grand Prix,FP3,VER,1.0,4.0,no_advantage,291.0,56.0,172.47237300000000,100.0,0.1966820000000000,166,844,250.4525,266.0,1.093985000000000,0.6886430000000000,0,0,0,1,0
2020,Eifel Grand Prix,FP3,GAS,4.0,4.0,no_advantage,291.0,80.0,196.925253000000,100.0,0.1668730000000000,135,809,250.4525,266.0,1.093985000000000,0.7862780000000000,0,0,0,1,0
2020,Eifel Grand Prix,FP3,SAI,6.0,4.0,no_advantage,321.0,37.0,164.8601450000000,99.0,0.2057910000000000,199,967,250.4525,266.0,1.2067669999999999,0.6582490000000000,0,0,0,1,0
2020,Eifel Grand Prix,FP3,LEC,5.0,4.0,no_advantage,290.0,82.0,197.70191100000000,100.0,0.1960540000000000,159,811,250.4525,266.0,1.0902259999999999,0.7893790000000001,0,0,0,1,0
2020,Eifel Grand Prix,FP3,RAI,7.0,4.0,no_advantage,311.0,79.0,197.174872000000,100.0,0.1911220000000000,155,811,250.4525,266.0,1.169173000000000,0.7872749999999999,0,0,0,1,0
2020,Eifel Grand Prix,FP3,NOR,8.0,4.0,no_advantage,309.0,55.0,188.29669300000000,100.0,0.1561030000000000,133,852,250.4525,266.0,1.1616540000000000,0.7518260000000000,0,0,0,1,0
2020,Eifel Grand Prix,FP3,PER,15.0,4.0,no_advantage,296.0,83.0,197.70257100000001,100.0,0.1785710000000000,145,812,250.4525,266.0,1.112782000000000,0.7893820000000000,0,0,0,1,0
2020,Eifel Grand Prix,FP3,RUS,20.0,4.0,no_advantage,314.0,89.0,208.3528430000000,100.0,0.1753250000000000,135,770,250.4525,266.0,1.1804509999999999,0.8319060000000000,0,0,0,1,0
2020,Eifel Grand Prix,Q,GIO,2.0,4.0,clear_violation,313.0,88.0,207.90393000000000,100.0,0.1679590000000000,130,774,257.1388890000000,263.0,1.1901139999999999,0.8085280000000000,0,1,0,0,0
2020,Eifel Grand Prix,Q,MAG,2.0,4.0,clear_violation,311.0,88.0,208.1362670000000,100.0,0.1834630000000000,142,774,257.1388890000000,263.0,1.182510000000000,0.8094310000000000,0,1,0,0,0
2020,Eifel Grand Prix,Q,GRO,7.0,4.0,clear_violation,312.0,84.0,211.7307300000000,100.0,0.1517150000000000,115,758,257.1388890000000,263.0,1.1863120000000000,0.8234100000000000,0,1,0,0,0
2020,Eifel Grand Prix,Q,MAG,1.0,4.0,no_advantage,268.0,61.0,182.1822840000000,100.0,0.1701090000000000,140,823,257.1388890000000,263.0,1.0190109999999999,0.7084980000000000,0,1,0,0,0
2020,Eifel Grand Prix,Q,GIO,1.0,4.0,no_advantage,283.0,55.0,168.4026250000000,100.0,0.1905830000000000,170,892,257.1388890000000,263.0,1.0760460000000001,0.6549090000000000,0,1,0,0,0
2020,Eifel Grand Prix,Q,ALB,3.0,4.0,no_advantage,291.0,66.0,155.38669500000000,100.0,0.1945790000000000,201,1033,257.1388890000000,263.0,1.1064639999999999,0.6042910000000000,0,1,0,0,0
2020,Eifel Grand Prix,R,GAS,11.0,4.0,clear_violation,322.0,71.0,193.1663570000000,100.0,0.1821470000000000,151,829,246.85932700000001,262.0,1.2290080000000001,0.7824960000000000,0,0,1,0,0
2020,Eifel Grand Prix,R,GAS,52.0,4.0,clear_violation,297.0,78.0,203.1459550000000,100.0,0.1725890000000000,136,788,246.85932700000001,262.0,1.133588000000000,0.8229220000000000,0,0,1,0,0
2020,Eifel Grand Prix,R,PER,36.0,4.0,clear_violation,295.0,84.0,201.6451670000000,100.0,0.1878940000000000,149,793,246.85932700000001,262.0,1.1259539999999999,0.8168420000000000,0,0,1,0,0
2020,Eifel Grand Prix,R,LEC,12.0,4.0,clear_violation,300.0,83.0,197.33582799999999,100.0,0.2267660000000000,183,807,246.85932700000001,262.0,1.1450380000000000,0.7993860000000000,0,0,1,0,0
2020,Eifel Grand Prix,R,MAG,23.0,4.0,clear_violation,296.0,78.0,198.7295280000,100.0,0.1925,154,800,246.85932700000001,262.0,1.1297710000000001,0.805031000000000,0,0,1,0,0
2020,Eifel Grand Prix,R,MAG,54.0,14.0,clear_violation,317.0,81.0,200.33191400000001,100.0,0.2059930000000000,165,801,246.85932700000001,262.0,1.2099240000000000,0.8115230000000000,0,0,1,0,0
2020,Eifel Grand Prix,R,KVY,13.0,4.0,clear_violation,317.0,62.0,195.7023400000000,100.0,0.1860470000000000,152,817,246.85932700000001,262.0,1.2099240000000000,0.7927689999999999,0,0,1,0,0
2020,Eifel Grand Prix,R,KVY,27.0,4.0,clear_violation,292.0,79.0,200.1715270000000,100.0,0.1626120000000000,127,781,246.85932700000001,262.0,1.1145039999999999,0.8108730000000000,0,0,1,0,0
2020,Eifel Grand Prix,R,HUL,35.0,4.0,clear_violation,299.0,82.0,199.82986900000000,100.0,0.1822720000000000,146,801,246.85932700000001,262.0,1.1412210000000000,0.8094890000000000,0,0,1,0,0
2020,Eifel Grand Prix,R,RIC,50.0,4.0,clear_violation,305.0,77.0,201.3497360000000,100.0,0.191970000000000,153,797,246.85932700000001,262.0,1.1641220000000001,0.815646000000000,0,0,1,0,0
2020,Eifel Grand Prix,R,HAM,3.0,4.0,clear_violation,300.0,84.0,199.2995890000000,100.0,0.2142860000000000,171,798,246.85932700000001,262.0,1.1450380000000000,0.8073410000000000,0,0,1,0,0
2020,Eifel Grand Prix,R,VET,55.0,4.0,clear_violation,334.0,73.0,200.1021560000000,100.0,0.2443890000000000,196,802,246.85932700000001,262.0,1.2748090000000001,0.8105920000000000,0,0,1,0,0
2020,Eifel Grand Prix,R,VET,60.0,4.0,clear_violation,318.0,78.0,200.2863420000000,100.0,0.2493730000000000,199,798,246.85932700000001,262.0,1.213740000000000,0.8113380000000000,0,0,1,0,0
2020,Eifel Grand Prix,R,SAI,7.0,4.0,clear_violation,312.0,71.0,193.2444760000000,99.0,0.203883000000000,168,824,246.85932700000001,262.0,1.1908399999999999,0.7828120000000000,0,0,1,0,0
2020,Eifel Grand Prix,R,LAT,57.0,4.0,clear_violation,294.0,73.0,195.6929740000000,100.0,0.1975610000000000,162,820,246.85932700000001,262.0,1.1221369999999999,0.7927310000000000,0,0,1,0,0
2020,Eifel Grand Prix,R,RAI,17.0,4.0,clear_violation,302.0,79.0,191.2136740000000,100.0,0.2191620000000000,183,835,246.85932700000001,262.0,1.1526719999999999,0.7745860000000000,0,0,1,0,0
2020,Eifel Grand Prix,R,RAI,37.0,4.0,clear_violation,321.0,76.0,197.7744540000000,100.0,0.2258060000000000,182,806,246.85932700000001,262.0,1.2251909999999999,0.8011630000000000,0,0,1,0,0
2020,Eifel Grand Prix,R,GRO,5.0,4.0,clear_violation,319.0,74.0,194.5647210000000,100.0,0.2111650000000000,174,824,246.85932700000001,262.0,1.217557000000000,0.7881600000000000,0,0,1,0,0
2020,Eifel Grand Prix,R,GRO,32.0,4.0,clear_violation,317.0,78.0,198.75211700000000,100.0,0.1898260000000000,153,806,246.85932700000001,262.0,1.2099240000000000,0.8051230000000000,0,0,1,0,0
2020,Eifel Grand Prix,R,GRO,33.0,4.0,clear_violation,320.0,80.0,200.8862260000000,100.0,0.178168000000000,142,797,246.85932700000001,262.0,1.2213740000000000,0.8137680000000000,0,0,1,0,0
2020,Eifel Grand Prix,R,GIO,53.0,4.0,clear_violation,301.0,79.0,199.84010799999999,100.0,0.21,168,800,246.85932700000001,262.0,1.1488550000000000,0.8095300000000000,0,0,1,0,0
2020,Eifel Grand Prix,R,RIC,6.0,1.0,no_advantage,319.0,75.0,194.1210060000000,100.0,0.1892550000000000,155,819,246.85932700000001,262.0,1.217557000000000,0.7863630000000000,0,0,1,0,0
2020,Eifel Grand Prix,R,RUS,12.0,2.0,no_advantage,314.0,0.0,160.65952999999999,100.0,0.2246740000000000,224,997,246.85932700000001,262.0,1.1984729999999999,0.6508140000000000,0,0,1,0,0
2020,Eifel Grand Prix,R,VET,56.0,1.0,no_advantage,300.0,84.0,201.97726200000000,100.0,0.2163520000000000,172,795,246.85932700000001,262.0,1.1450380000000000,0.8181880000000000,0,0,1,0,0
2020,Emilia Romagna Grand Prix,FP1,RIC,5.0,15.0,clear_violation,318.0,104.0,222.8605830000000,100.0,0.1339160000000000,92,687,268.7158930000000,287.0,1.10801400000000,0.8293540000000000,0,0,0,1,0
2020,Emilia Romagna Grand Prix,FP1,RIC,13.0,15.0,clear_violation,322.0,110.0,229.77899199999999,100.0,0.1308270000000000,87,665,268.7158930000000,287.0,1.1219509999999999,0.8551000000000000,0,0,0,1,0
2020,Emilia Romagna Grand Prix,FP1,NOR,3.0,15.0,clear_violation,312.0,96.0,217.44156699999999,100.0,0.1685550000000000,119,706,268.7158930000000,287.0,1.0871080000000000,0.8091880000000000,0,0,0,1,0
2020,Emilia Romagna Grand Prix,FP1,NOR,4.0,15.0,clear_violation,315.0,102.0,220.77896400000000,100.0,0.1512970000000000,105,694,268.7158930000000,287.0,1.0975610000000000,0.8216070000000000,0,0,0,1,0
2020,Emilia Romagna Grand Prix,FP1,NOR,36.0,9.0,clear_violation,325.0,107.0,232.3619080000000,100.0,0.1221370000000000,80,655,268.7158930000000,287.0,1.132404000000000,0.8647120000000000,0,0,0,1,0
2020,Emilia Romagna Grand Prix,FP1,NOR,38.0,9.0,clear_violation,322.0,94.0,216.9839950000000,100.0,0.1709040000000000,121,708,268.7158930000000,287.0,1.1219509999999999,0.8074850000000000,0,0,0,1,0
2020,Emilia Romagna Grand Prix,FP1,VET,15.0,15.0,clear_violation,319.0,107.0,228.84235000000001,100.0,0.1862890000000000,125,671,268.7158930000000,287.0,1.1114980000000001,0.851614000000000,0,0,0,1,0
2020,Emilia Romagna Grand Prix,FP1,VET,22.0,10.0,clear_violation,304.0,101.0,219.5143960000000,100.0,0.1871430000000000,131,700,268.7158930000000,287.0,1.0592330000000001,0.8169010000000000,0,0,0,1,0
2020,Emilia Romagna Grand Prix,FP1,VET,23.0,9.0,clear_violation,302.0,103.0,219.3902380000000,100.0,0.1857140000000000,130,700,268.7158930000000,287.0,1.0522650000000000,0.8164390000000000,0,0,0,1,0
2020,Emilia Romagna Grand Prix,FP1,VET,28.0,9.0,clear_violation,303.0,98.0,219.84058999999999,100.0,0.21,147,700,268.7158930000000,287.0,1.0557490000000000,0.8181150000000000,0,0,0,1,0
2020,Emilia Romagna Grand Prix,FP1,LAT,3.0,15.0,clear_violation,324.0,95.0,215.745304000000,100.0,0.2115660000000000,150,709,268.7158930000000,287.0,1.1289199999999999,0.802875000000000,0,0,0,1,0
2020,Emilia Romagna Grand Prix,FP1,RAI,22.0,9.0,clear_violation,298.0,98.0,217.919590000000,100.0,0.1657220000000000,117,706,268.7158930000000,287.0,1.038328000000000,0.81096700000000,0,0,0,1,0
2020,Emilia Romagna Grand Prix,FP1,GRO,17.0,15.0,clear_violation,318.0,105.0,229.62042099999999,100.0,0.1439280000000000,96,667,268.7158930000000,287.0,1.10801400000000,0.8545100000000000,0,0,0,1,0
2020,Emilia Romagna Grand Prix,FP1,GRO,28.0,15.0,clear_violation,304.0,94.0,217.89169500000000,100.0,0.1440800000000000,101,701,268.7158930000000,287.0,1.0592330000000001,0.8108630000000000,0,0,0,1,0
2020,Emilia Romagna Grand Prix,FP1,GAS,3.0,9.0,clear_violation,325.0,98.0,224.01553200000001,100.0,0.1778430000000000,122,686,268.7158930000000,287.0,1.132404000000000,0.8336519999999999,0,0,0,1,0
2020,Emilia Romagna Grand Prix,FP1,GAS,4.0,9.0,clear_violation,326.0,52.0,203.59367100000000,100.0,0.1904130000000000,143,751,268.7158930000000,287.0,1.1358889999999999,0.7576540000000000,0,0,0,1,0
2020,Emilia Romagna Grand Prix,FP1,GAS,5.0,9.0,clear_violation,328.0,100.0,225.48428300000000,100.0,0.172821000000000,117,677,268.7158930000000,287.0,1.1428570000000000,0.8391180000000000,0,0,0,1,0
2020,Emilia Romagna Grand Prix,FP1,GAS,7.0,9.0,clear_violation,321.0,103.0,228.90738099999999,100.0,0.1535020000000000,103,671,268.7158930000000,287.0,1.1184670000000001,0.8518570000000000,0,0,0,1,0
2020,Emilia Romagna Grand Prix,FP1,GAS,9.0,15.0,clear_violation,325.0,103.0,229.63405399999999,100.0,0.1591590000000000,106,666,268.7158930000000,287.0,1.132404000000000,0.8545610000000000,0,0,0,1,0
2020,Emilia Romagna Grand Prix,FP1,GAS,32.0,9.0,clear_violation,316.0,98.0,224.3535030000000,100.0,0.1566620000000000,107,683,268.7158930000000,287.0,1.1010450000000001,0.8349100000000000,0,0,0,1,0
2020,Emilia Romagna Grand Prix,FP1,PER,4.0,15.0,clear_violation,321.0,100.0,222.6766970000000,100.0,0.1586610000000000,109,687,268.7158930000000,287.0,1.1184670000000001,0.8286700000000000,0,0,0,1,0
2020,Emilia Romagna Grand Prix,FP1,PER,6.0,15.0,clear_violation,324.0,100.0,224.07544799999999,100.0,0.1859440000000000,127,683,268.7158930000000,287.0,1.1289199999999999,0.8338750000000000,0,0,0,1,0
2020,Emilia Romagna Grand Prix,FP1,LEC,5.0,15.0,clear_violation,314.0,105.0,225.24897300000001,100.0,0.1512480000000000,103,681,268.7158930000000,287.0,1.0940770000000000,0.8382420000000000,0,0,0,1,0
2020,Emilia Romagna Grand Prix,FP1,LEC,9.0,15.0,clear_violation,314.0,106.0,228.04463400000,100.0,0.1422220000000000,96,675,268.7158930000000,287.0,1.0940770000000000,0.8486460000000000,0,0,0,1,0
2020,Emilia Romagna Grand Prix,FP1,LEC,18.0,15.0,clear_violation,314.0,106.0,230.41869299999999,100.0,0.1514240000000000,101,667,268.7158930000000,287.0,1.0940770000000000,0.857481000000000,0,0,0,1,0
2020,Emilia Romagna Grand Prix,FP1,LEC,29.0,15.0,clear_violation,301.0,94.0,217.6978700000000,100.0,0.1572240000000000,111,706,268.7158930000000,287.0,1.048780000000000,0.8101410000000000,0,0,0,1,0
2020,Emilia Romagna Grand Prix,FP1,STR,18.0,15.0,clear_violation,323.0,104.0,227.6890580000000,100.0,0.1931650000000000,130,673,268.7158930000000,287.0,1.1254360000000001,0.847323000000000,0,0,0,1,0
2020,Emilia Romagna Grand Prix,FP1,STR,35.0,15.0,clear_violation,302.0,89.0,213.6211370000000,100.0,0.1894150000000000,136,718,268.7158930000000,287.0,1.0522650000000000,0.7949700000000000,0,0,0,1,0
2020,Emilia Romagna Grand Prix,FP1,MAG,13.0,15.0,clear_violation,313.0,101.0,225.79071200000001,100.0,0.1691180000000000,115,680,268.7158930000000,287.0,1.0905920000000000,0.8402579999999999,0,0,0,1,0
2020,Emilia Romagna Grand Prix,FP1,MAG,14.0,9.0,clear_violation,320.0,100.0,227.3018020000000,100.0,0.1701180000000000,115,676,268.7158930000000,287.0,1.1149830000000001,0.845881000000000,0,0,0,1,0
2020,Emilia Romagna Grand Prix,FP1,MAG,30.0,9.0,clear_violation,300.0,99.0,217.5445330000000,100.0,0.1841360000000000,130,706,268.7158930000000,287.0,1.0452960000000000,0.8095710000000000,0,0,0,1,0
2020,Emilia Romagna Grand Prix,FP1,MAG,38.0,15.0,clear_violation,303.0,85.0,209.38299200000000,100.0,0.1967210000000000,144,732,268.7158930000000,287.0,1.0557490000000000,0.7791979999999999,0,0,0,1,0
2020,Emilia Romagna Grand Prix,FP1,ALB,8.0,15.0,clear_violation,318.0,101.0,227.4276710000000,100.0,0.1686390000000000,114,676,268.7158930000000,287.0,1.10801400000000,0.8463500000000000,0,0,0,1,0
2020,Emilia Romagna Grand Prix,FP1,ALB,10.0,15.0,clear_violation,317.0,97.0,227.87280999999999,100.0,0.1684050000000000,113,671,268.7158930000000,287.0,1.1045300000000000,0.8480060000000000,0,0,0,1,0
2020,Emilia Romagna Grand Prix,FP1,ALB,14.0,9.0,clear_violation,314.0,101.0,228.5014460000000,100.0,0.1661680000000000,111,668,268.7158930000000,287.0,1.0940770000000000,0.8503460000000000,0,0,0,1,0
2020,Emilia Romagna Grand Prix,FP1,ALB,19.0,9.0,clear_violation,317.0,100.0,231.84544600000001,100.0,0.1555890000000000,103,662,268.7158930000000,287.0,1.1045300000000000,0.8627899999999999,0,0,0,1,0
2020,Emilia Romagna Grand Prix,FP1,ALB,26.0,15.0,clear_violation,317.0,106.0,232.4980960000000,100.0,0.161876000000000,107,661,268.7158930000000,287.0,1.1045300000000000,0.8652190000000000,0,0,0,1,0
2020,Emilia Romagna Grand Prix,FP1,KVY,2.0,15.0,clear_violation,318.0,101.0,221.5193270000000,100.0,0.1645020000000000,114,693,268.7158930000000,287.0,1.10801400000000,0.8243630000000000,0,0,0,1,0
2020,Emilia Romagna Grand Prix,FP1,KVY,4.0,9.0,clear_violation,321.0,95.0,226.881335000000,100.0,0.1538460000000000,104,676,268.7158930000000,287.0,1.1184670000000001,0.8443170000000000,0,0,0,1,0
2020,Emilia Romagna Grand Prix,FP1,KVY,11.0,9.0,clear_violation,321.0,101.0,228.98491300000001,100.0,0.1437130000000000,96,668,268.7158930000000,287.0,1.1184670000000001,0.8521450000000000,0,0,0,1,0
2020,Emilia Romagna Grand Prix,FP1,KVY,23.0,9.0,clear_violation,307.0,97.0,224.2514450000000,100.0,0.1420200000000000,97,683,268.7158930000000,287.0,1.0696859999999999,0.834530000000000,0,0,0,1,0
2020,Emilia Romagna Grand Prix,FP1,KVY,30.0,15.0,clear_violation,321.0,101.0,229.6896300000000,100.0,0.1571860000000000,105,668,268.7158930000000,287.0,1.1184670000000001,0.854768000000000,0,0,0,1,0
2020,Emilia Romagna Grand Prix,FP1,OCO,16.0,15.0,clear_violation,326.0,108.0,230.7752520000000,100.0,0.1794870000000000,119,663,268.7158930000000,287.0,1.1358889999999999,0.8588080000000000,0,0,0,1,0
2020,Emilia Romagna Grand Prix,FP1,VER,2.0,15.0,clear_violation,316.0,88.0,212.1017890000000,100.0,0.2102350000000000,152,723,268.7158930000000,287.0,1.1010450000000001,0.7893160000000000,0,0,0,1,0
2020,Emilia Romagna Grand Prix,FP1,VER,4.0,15.0,clear_violation,320.0,101.0,226.45414700000001,100.0,0.1671600000000000,113,676,268.7158930000000,287.0,1.1149830000000001,0.8427270000000000,0,0,0,1,0
2020,Emilia Romagna Grand Prix,FP1,VER,36.0,9.0,clear_violation,305.0,100.0,223.30195599999999,100.0,0.1627910000000000,112,688,268.7158930000000,287.0,1.0627180000000001,0.8309960000000000,0,0,0,1,0
2020,Emilia Romagna Grand Prix,FP1,HAM,5.0,15.0,clear_violation,321.0,99.0,222.12948100000000,100.0,0.2115940000000000,146,690,268.7158930000000,287.0,1.1184670000000001,0.8266330000000000,0,0,0,1,0
2020,Emilia Romagna Grand Prix,FP1,HAM,39.0,15.0,clear_violation,311.0,88.0,210.33361199999999,100.0,0.1920440000000000,140,729,268.7158930000000,287.0,1.083624000000000,0.7827360000000000,0,0,0,1,0
2020,Emilia Romagna Grand Prix,FP1,SAI,18.0,9.0,clear_violation,323.0,94.0,218.7332510000000,100.0,0.155937000000000,109,699,268.7158930000000,287.0,1.1254360000000001,0.8139940000000000,0,0,0,1,0
2020,Emilia Romagna Grand Prix,FP1,SAI,22.0,15.0,clear_violation,323.0,108.0,233.4482650000000,100.0,0.1441580000000000,95,659,268.7158930000000,287.0,1.1254360000000001,0.8687550000000001,0,0,0,1,0
2020,Emilia Romagna Grand Prix,FP1,SAI,39.0,9.0,clear_violation,301.0,72.0,212.7926600000000,100.0,0.1983360000000000,143,721,268.7158930000000,287.0,1.048780000000000,0.7918870000000000,0,0,0,1,0
2020,Emilia Romagna Grand Prix,FP1,RUS,11.0,15.0,clear_violation,320.0,106.0,224.6154530000000,100.0,0.1472750000000000,100,679,268.7158930000000,287.0,1.1149830000000001,0.8358850000000000,0,0,0,1,0
2020,Emilia Romagna Grand Prix,FP1,BOT,9.0,9.0,clear_violation,323.0,0.0,228.98678899999999,100.0,0.1589210000000000,106,667,268.7158930000000,287.0,1.1254360000000001,0.8521520000000000,0,0,0,1,0
2020,Emilia Romagna Grand Prix,FP1,BOT,32.0,15.0,clear_violation,312.0,99.0,221.29407300000000,100.0,0.181159000000000,125,690,268.7158930000000,287.0,1.0871080000000000,0.8235240000000000,0,0,0,1,0
2020,Emilia Romagna Grand Prix,FP1,BOT,34.0,15.0,clear_violation,311.0,96.0,218.85771700000001,100.0,0.1621230000000000,113,697,268.7158930000000,287.0,1.083624000000000,0.8144580000000000,0,0,0,1,0
2020,Emilia Romagna Grand Prix,FP1,BOT,41.0,15.0,clear_violation,311.0,93.0,220.37035000000000,100.0,0.1721660000000000,120,697,268.7158930000000,287.0,1.083624000000000,0.820087000000000,0,0,0,1,0
2020,Emilia Romagna Grand Prix,FP1,GIO,6.0,15.0,clear_violation,316.0,100.0,215.3788910000000,100.0,0.1739130000000000,124,713,268.7158930000000,287.0,1.1010450000000001,0.8015120000000000,0,0,0,1,0
2020,Emilia Romagna Grand Prix,FP1,GIO,8.0,15.0,clear_violation,318.0,104.0,222.3513090000000,100.0,0.1625540000000000,112,689,268.7158930000000,287.0,1.10801400000000,0.8274589999999999,0,0,0,1,0
2020,Emilia Romagna Grand Prix,FP1,GIO,9.0,15.0,clear_violation,321.0,103.0,223.5556500000000,100.0,0.1411940000000000,97,687,268.7158930000000,287.0,1.1184670000000001,0.8319410000000000,0,0,0,1,0
2020,Emilia Romagna Grand Prix,FP1,BOT,1.0,15.0,no_advantage,273.3374980,22.5500030,168.34799000000001,100.0,0.214976000000000,178,828,268.7158930000000,287.0,0.952395000000000,0.6264910000000000,0,0,0,1,0
2020,Emilia Romagna Grand Prix,FP1,RAI,1.0,15.0,no_advantage,271.72142800000000,61.1833340,168.94189800000001,100.0,0.1975760000000000,163,825,268.7158930000000,287.0,0.9467650000000000,0.6287010000000000,0,0,0,1,0
2020,Emilia Romagna Grand Prix,FP1,SAI,1.0,15.0,no_advantage,279.0,31.0,164.88784899999999,100.0,0.212085000000000,179,844,268.7158930000000,287.0,0.9721250000000000,0.6136140000000000,0,0,0,1,0
2020,Emilia Romagna Grand Prix,FP1,GIO,1.0,15.0,no_advantage,268.49999700000001,42.18214200000000,153.71319299999999,100.0,0.2249170000000000,204,907,268.7158930000000,287.0,0.9355400000000000,0.5720290000000000,0,0,0,1,0
2020,Emilia Romagna Grand Prix,FP1,KVY,5.0,2.0,no_advantage,307.0,63.0,180.13463899999999,100.0,0.1997640000000000,169,846,268.7158930000000,287.0,1.0696859999999999,0.670353000000000,0,0,0,1,0
2020,Emilia Romagna Grand Prix,FP1,RUS,32.0,13.0,no_advantage,301.0,100.0,221.35581199999999,100.0,0.1649780000000000,114,691,268.7158930000000,287.0,1.048780000000000,0.8237540000000000,0,0,0,1,0
2020,Emilia Romagna Grand Prix,FP1,BOT,42.0,13.0,no_advantage,312.0,96.0,213.86852099999999,100.0,0.233983000000000,168,718,268.7158930000000,287.0,1.0871080000000000,0.795891000000000,0,0,0,1,0
2020,Emilia Romagna Grand Prix,Q,BOT,4.0,9.0,clear_violation,329.0,105.0,236.1975050000000,100.0,0.1468320000000000,95,647,279.2734690000000,287.0,1.146341000000000,0.845757000000000,0,1,0,0,0
2020,Emilia Romagna Grand Prix,Q,HAM,9.0,9.0,clear_violation,326.0,108.0,237.33650600000001,100.0,0.1317830000000000,85,645,279.2734690000000,287.0,1.1358889999999999,0.8498350000000000,0,1,0,0,0
2020,Emilia Romagna Grand Prix,Q,ALB,4.0,9.0,clear_violation,317.0,107.0,233.438166000000,100.0,0.1574920000000000,103,654,279.2734690000000,287.0,1.1045300000000000,0.8358770000000000,0,1,0,0,0
2020,Emilia Romagna Grand Prix,Q,ALB,17.0,9.0,clear_violation,320.0,105.0,236.2557630000000,100.0,0.1543210000000000,100,648,279.2734690000000,287.0,1.1149830000000001,0.8459660000000000,0,1,0,0,0
2020,Emilia Romagna Grand Prix,Q,VET,19.0,15.0,clear_violation,321.0,107.0,234.91783200000000,100.0,0.1572520000000000,103,655,279.2734690000000,287.0,1.1184670000000001,0.8411750000000000,0,1,0,0,0
2020,Emilia Romagna Grand Prix,Q,STR,15.0,15.0,clear_violation,322.0,105.0,232.15007100000000,100.0,0.1900450000000000,126,663,279.2734690000000,287.0,1.1219509999999999,0.8312640000000000,0,1,0,0,0
2020,Emilia Romagna Grand Prix,Q,RAI,4.0,9.0,clear_violation,326.0,104.0,232.0946030000000,100.0,0.1487100000000000,98,659,279.2734690000000,287.0,1.1358889999999999,0.831066000000000,0,1,0,0,0
2020,Emilia Romagna Grand Prix,Q,RAI,9.0,15.0,clear_violation,327.0,107.0,232.9998830000000,100.0,0.1580550000000000,104,658,279.2734690000000,287.0,1.1393730000000000,0.8343070000000000,0,1,0,0,0
2020,Emilia Romagna Grand Prix,R,LEC,58.0,9.0,clear_violation,313.0,91.0,215.02032399999999,100.0,0.2181820000000000,156,715,274.01733600000000,293.0,1.068259000000000,0.7846959999999999,0,0,1,0,0
2020,Emilia Romagna Grand Prix,R,MAG,12.0,9.0,clear_violation,306.0,93.0,219.97121799999999,100.0,0.1795980000000000,125,696,274.01733600000000,293.0,1.0443690000000001,0.8027640000000000,0,0,1,0,0
2020,Emilia Romagna Grand Prix,R,MAG,23.0,9.0,clear_violation,307.0,100.0,220.6857870000000,100.0,0.170029000000000,118,694,274.01733600000000,293.0,1.0477820000000000,0.8053720000000000,0,0,1,0,0
2020,Emilia Romagna Grand Prix,R,ALB,33.0,9.0,clear_violation,312.0,96.0,222.2989510000000,100.0,0.1777780000000000,120,675,274.01733600000000,293.0,1.0648460000000000,0.8112590000000000,0,0,1,0,0
2020,Emilia Romagna Grand Prix,R,VER,47.0,9.0,clear_violation,308.0,106.0,226.79754800000001,100.0,0.144776000000000,97,670,274.01733600000000,293.0,1.0511950000000001,0.827676000000000,0,0,1,0,0
2020,Emilia Romagna Grand Prix,R,NOR,4.0,9.0,clear_violation,328.0,93.0,216.8269370000000,100.0,0.1997170000000000,141,706,274.01733600000000,293.0,1.1194539999999999,0.7912890000000000,0,0,1,0,0
2020,Emilia Romagna Grand Prix,R,HAM,24.0,15.0,clear_violation,311.0,102.0,226.04980599999999,100.0,0.1651920000000000,112,678,274.01733600000000,293.0,1.0614330000000001,0.8249470000000000,0,0,1,0,0
2020,Emilia Romagna Grand Prix,R,VET,12.0,9.0,clear_violation,309.0,96.0,219.45003399999999,100.0,0.2011490000000000,140,696,274.01733600000000,293.0,1.0546080000000000,0.8008620000000000,0,0,1,0,0
2020,Emilia Romagna Grand Prix,R,SAI,15.0,9.0,clear_violation,299.0,93.0,219.900512000000,100.0,0.1669060000000000,116,695,274.01733600000000,293.0,1.0204780000000000,0.802506000000000,0,0,1,0,0
2020,Emilia Romagna Grand Prix,R,SAI,30.0,9.0,clear_violation,302.0,92.0,192.9729290000000,100.0,0.2262210000000000,176,778,274.01733600000000,293.0,1.030717000000000,0.7042360000000000,0,0,1,0,0
2020,Emilia Romagna Grand Prix,R,LAT,3.0,9.0,clear_violation,318.0,85.0,212.83511200000001,100.0,0.2406120000000000,173,719,274.01733600000000,293.0,1.0853240000000000,0.7767210000000000,0,0,1,0,0
2020,Emilia Romagna Grand Prix,R,RUS,37.0,9.0,clear_violation,312.0,99.0,222.9193760000000,100.0,0.1777110000000000,118,664,274.01733600000000,293.0,1.0648460000000000,0.8135230000000000,0,0,1,0,0
2020,Emilia Romagna Grand Prix,R,BOT,25.0,9.0,clear_violation,308.0,102.0,224.3121950000000,100.0,0.1634760000000000,111,679,274.01733600000000,293.0,1.0511950000000001,0.8186059999999999,0,0,1,0,0
2020,Emilia Romagna Grand Prix,R,GRO,8.0,9.0,clear_violation,334.0,88.0,216.99736300000001,100.0,0.2050920000000000,145,707,274.01733600000000,293.0,1.1399319999999999,0.7919110000000000,0,0,1,0,0
2020,Emilia Romagna Grand Prix,R,GRO,46.0,9.0,clear_violation,313.0,94.0,222.3896160000000,100.0,0.1564330000000000,107,684,274.01733600000000,293.0,1.068259000000000,0.8115900000000000,0,0,1,0,0
2020,Emilia Romagna Grand Prix,R,GRO,60.0,9.0,clear_violation,325.0,93.0,222.09334400000000,100.0,0.191027000000000,132,691,274.01733600000000,293.0,1.1092150000000001,0.8105080000000000,0,0,1,0,0
2020,Emilia Romagna Grand Prix,R,GRO,63.0,9.0,clear_violation,331.0,91.0,223.0878340000000,100.0,0.1912410000000000,131,685,274.01733600000000,293.0,1.129693000000000,0.8141380000000000,0,0,1,0,0
2020,Emilia Romagna Grand Prix,R,LAT,60.0,4.0,no_advantage,316.0,94.0,221.73209499999999,100.0,0.2057970000000000,142,690,274.01733600000000,293.0,1.0784980000000000,0.8091900000000000,0,0,1,0,0
2020,Hungarian Grand Prix,FP1,MAG,24.0,4.0,clear_violation,283.0,94.0,188.6206230000000,100.0,0.2137930000000000,155,725,249.84647300000000,260.0,1.0884620000000000,0.7549460000000000,0,0,0,1,0
2020,Hungarian Grand Prix,FP1,ALB,13.0,11.0,clear_violation,300.0,94.0,202.20933800000000,100.0,0.2109140000000000,143,678,249.84647300000000,260.0,1.1538459999999999,0.8093340000000000,0,0,0,1,0
2020,Hungarian Grand Prix,FP1,ALB,22.0,4.0,clear_violation,281.0,92.0,188.0043110000000,100.0,0.2107440000000000,153,726,249.84647300000000,260.0,1.0807690000000001,0.7524790000000000,0,0,0,1,0
2020,Hungarian Grand Prix,FP1,BOT,36.0,12.0,clear_violation,297.0,87.0,188.9122500000000,100.0,0.216552000000000,157,725,249.84647300000000,260.0,1.1423080000000001,0.7561130000000000,0,0,0,1,0
2020,Hungarian Grand Prix,FP2,VET,9.0,11.0,clear_violation,278.0,70.0,152.10479400000000,100.0,0.2671080000000000,242,906,227.8125,235.0,1.1829790000000000,0.6676750000000000,0,0,0,1,0
2020,Hungarian Grand Prix,FP2,RAI,7.0,11.0,clear_violation,282.0,68.0,145.81174700000000,100.0,0.2879580000000000,275,955,227.8125,235.0,1.2,0.6400520000000000,0,0,0,1,0
2020,Hungarian Grand Prix,FP3,RIC,9.0,4.0,clear_violation,317.0,99.0,205.5433740000000,100.0,0.1621620000000000,108,666,254.37412599999999,264.0,1.2007580000000000,0.8080360000000000,0,0,0,1,0
2020,Hungarian Grand Prix,FP3,LAT,15.0,11.0,clear_violation,314.0,79.0,178.57756400000000,100.0,0.1845550000000000,141,764,254.37412599999999,264.0,1.1893940000000001,0.7020270000000000,0,0,0,1,0
2020,Hungarian Grand Prix,FP3,ALB,9.0,12.0,clear_violation,317.0,85.0,189.76474300000001,100.0,0.1657380000000000,119,718,254.37412599999999,264.0,1.2007580000000000,0.7460059999999999,0,0,0,1,0
2020,Hungarian Grand Prix,FP3,HAM,6.0,12.0,clear_violation,316.0,87.0,192.8931100000000,100.0,0.1638420000000000,116,708,254.37412599999999,264.0,1.196970000000000,0.7583050000000000,0,0,0,1,0
2020,Hungarian Grand Prix,Q,PER,18.0,4.0,clear_violation,326.0,94.0,208.8905350000000,100.0,0.1957510000000000,129,659,259.4391300000000,266.0,1.2255640000000001,0.8051620000000000,0,1,0,0,0
2020,Hungarian Grand Prix,Q,GIO,2.0,4.0,clear_violation,319.0,90.0,202.1803250000000,100.0,0.2064900000000000,140,678,259.4391300000000,266.0,1.199248000000000,0.7792980000000000,0,1,0,0,0
2020,Hungarian Grand Prix,R,VET,11.0,12.0,clear_violation,299.0,76.0,183.58805500000000,100.0,0.2533510000000000,189,746,248.6768150000000,263.0,1.1368819999999999,0.7382600000000000,0,0,1,0,0
2020,Hungarian Grand Prix,R,GRO,41.0,4.0,clear_violation,302.0,80.0,191.10699800000,100.0,0.217877000000000,156,716,248.6768150000000,263.0,1.1482889999999999,0.7684950000000000,0,0,1,0,0
2020,Hungarian Grand Prix,R,GRO,46.0,12.0,clear_violation,299.0,83.0,191.2488560000000,100.0,0.217391000000000,155,713,248.6768150000000,263.0,1.1368819999999999,0.7690660000000000,0,0,1,0,0
2020,Italian Grand Prix,FP1,NOR,4.0,11.0,clear_violation,333.0,67.0,248.54523900000001,100.0,0.130316000000000,95,729,304.59708699999999,321.0,1.0373829999999999,0.8159800000000000,0,0,0,1,0
2020,Italian Grand Prix,FP1,NOR,9.0,11.0,clear_violation,336.0,70.0,252.02310600000001,100.0,0.1196110000000000,86,719,304.59708699999999,321.0,1.0467290000000000,0.8273980000000000,0,0,0,1,0
2020,Italian Grand Prix,FP1,NOR,10.0,11.0,clear_violation,324.0,69.0,192.6685880000000,100.0,0.1445270000000000,136,941,304.59708699999999,321.0,1.0093460000000001,0.6325360000000000,0,0,0,1,0
2020,Italian Grand Prix,FP1,NOR,22.0,11.0,clear_violation,319.0,0.0,147.4020510000000,100.0,0.2245730000000000,276,1229,304.59708699999999,321.0,0.9937690000000000,0.48392499999999999,0,0,0,1,0
2020,Italian Grand Prix,FP1,NOR,23.0,1.0,clear_violation,326.0,68.0,244.2931610000000,100.0,0.1309040000000000,97,741,304.59708699999999,321.0,1.0155760000000000,0.8020210000000000,0,0,0,1,0
2020,Italian Grand Prix,FP1,VET,5.0,5.0,clear_violation,324.0,53.0,209.62453800000000,100.0,0.1647330000000000,142,862,304.59708699999999,321.0,1.0093460000000001,0.6882030000000000,0,0,0,1,0
2020,Italian Grand Prix,FP1,VET,11.0,11.0,clear_violation,334.0,69.0,252.4789880000000,100.0,0.1529900000000000,110,719,304.59708699999999,321.0,1.0404979999999999,0.8288950000000000,0,0,0,1,0
2020,Italian Grand Prix,FP1,GRO,11.0,5.0,clear_violation,337.0,64.0,212.93400099999999,100.0,0.1524030000000000,130,853,304.59708699999999,321.0,1.0498440000000000,0.6990680000000000,0,0,0,1,0
2020,Italian Grand Prix,FP1,GAS,16.0,11.0,clear_violation,339.0,65.0,252.8138620000000,100.0,0.1183840000000000,85,718,304.59708699999999,321.0,1.0560750000000001,0.82999400000000,0,0,0,1,0
2020,Italian Grand Prix,FP1,LEC,14.0,5.0,clear_violation,319.0,55.0,186.05396500000001,100.0,0.2149440000000000,210,977,304.59708699999999,321.0,0.9937690000000000,0.6108200000000000,0,0,0,1,0
2020,Italian Grand Prix,FP1,LEC,21.0,5.0,clear_violation,323.0,68.0,236.5754870000000,100.0,0.1607840000000000,123,765,304.59708699999999,321.0,1.0062310000000001,0.7766830000000000,0,0,0,1,0
2020,Italian Grand Prix,FP1,MAG,4.0,5.0,clear_violation,328.0,66.0,198.39794200000000,100.0,0.1468990000000000,135,919,304.59708699999999,321.0,1.0218069999999999,0.6513450000000000,0,0,0,1,0
2020,Italian Grand Prix,FP1,MAG,5.0,2.0,clear_violation,332.0,36.0,208.6340360000000,100.0,0.1828700000000000,158,864,304.59708699999999,321.0,1.0342680000000000,0.6849510000000000,0,0,0,1,0
2020,Italian Grand Prix,FP1,ALB,2.0,11.0,clear_violation,326.0,66.0,247.51752200000001,100.0,0.1377900000000000,101,733,304.59708699999999,321.0,1.0155760000000000,0.8126060000000001,0,0,0,1,0
2020,Italian Grand Prix,FP1,ALB,3.0,11.0,clear_violation,320.0,58.0,184.4303980000000,100.0,0.178499000000000,176,986,304.59708699999999,321.0,0.9968850000000000,0.6054900000000000,0,0,0,1,0
2020,Italian Grand Prix,FP1,ALB,23.0,11.0,clear_violation,327.0,65.0,242.51207500000001,100.0,0.1483960000000000,111,748,304.59708699999999,321.0,1.0186919999999999,0.7961730000000000,0,0,0,1,0
2020,Italian Grand Prix,FP1,ALB,24.0,11.0,clear_violation,329.0,66.0,243.43504200000001,100.0,0.1399730000000000,104,743,304.59708699999999,321.0,1.0249220000000001,0.7992030000000000,0,0,0,1,0
2020,Italian Grand Prix,FP1,BOT,7.0,11.0,clear_violation,336.0,70.0,254.37788399999999,100.0,0.1260500000000000,90,714,304.59708699999999,321.0,1.0467290000000000,0.8351290000000000,0,0,0,1,0
2020,Italian Grand Prix,FP1,BOT,8.0,11.0,clear_violation,331.0,52.0,186.9870210000000,100.0,0.1868580000000000,182,974,304.59708699999999,321.0,1.0311530000000000,0.613883000000000,0,0,0,1,0
2020,Italian Grand Prix,FP1,STR,15.0,6.0,no_advantage,337.0,66.0,202.19874200000001,100.0,0.1743020000000000,156,895,304.59708699999999,321.0,1.0498440000000000,0.6638240000000000,0,0,0,1,0
2020,Italian Grand Prix,FP1,VET,19.0,6.0,no_advantage,310.0,0.0,160.80983599999999,100.0,0.280639000000000,316,1126,304.59708699999999,321.0,0.9657320000000000,0.5279430000000001,0,0,0,1,0
2020,Italian Grand Prix,FP2,RIC,8.0,11.0,clear_violation,344.0,68.0,258.3580820000000,100.0,0.1213870000000000,84,692,305.03262999999998,321.0,1.071651000000000,0.8469850000000000,0,0,0,1,0
2020,Italian Grand Prix,FP2,NOR,17.0,11.0,clear_violation,332.0,64.0,254.23165000000000,100.0,0.1222710000000000,84,687,305.03262999999998,321.0,1.0342680000000000,0.8334570000000000,0,0,0,1,0
2020,Italian Grand Prix,FP2,NOR,18.0,11.0,clear_violation,324.0,65.0,182.676120000000,100.0,0.1133260000000000,108,953,305.03262999999998,321.0,1.0093460000000001,0.5988740000000000,0,0,0,1,0
2020,Italian Grand Prix,FP2,VET,7.0,5.0,clear_violation,314.0,56.0,196.46219900000000,100.0,0.1893940000000000,175,924,305.03262999999998,321.0,0.9781930000000000,0.6440690000000000,0,0,0,1,0
2020,Italian Grand Prix,FP2,VET,12.0,11.0,clear_violation,333.0,67.0,252.0590870000000,100.0,0.1086350000000000,78,718,305.03262999999998,321.0,1.0373829999999999,0.8263350000000000,0,0,0,1,0
2020,Italian Grand Prix,FP2,VET,13.0,11.0,clear_violation,310.0,69.0,193.9212300000000,100.0,0.1873660000000000,175,934,305.03262999999998,321.0,0.9657320000000000,0.6357390000000001,0,0,0,1,0
2020,Italian Grand Prix,FP2,GRO,10.0,11.0,clear_violation,341.0,68.0,254.89625500000000,100.0,0.1260500000000000,90,714,305.03262999999998,321.0,1.0623050000000001,0.8356360000000000,0,0,0,1,0
2020,Italian Grand Prix,FP2,GRO,11.0,11.0,clear_violation,315.0,33.0,141.17389299999999,100.0,0.2222220000000000,282,1269,305.03262999999998,321.0,0.9813080000000000,0.4628160000000000,0,0,0,1,0
2020,Italian Grand Prix,FP2,GRO,19.0,11.0,clear_violation,322.0,65.0,243.56210200000001,100.0,0.1208050000000000,90,745,305.03262999999998,321.0,1.0031150000000000,0.7984790000000000,0,0,0,1,0
2020,Italian Grand Prix,FP2,GRO,20.0,11.0,clear_violation,323.0,66.0,242.4391770000000,100.0,0.1191430000000000,89,747,305.03262999999998,321.0,1.0062310000000001,0.7947980000000000,0,0,0,1,0
2020,Italian Grand Prix,FP2,LEC,4.0,11.0,clear_violation,336.0,70.0,255.58225500000000,100.0,0.1551720000000000,108,696,305.03262999999998,321.0,1.0467290000000000,0.8378850000000000,0,0,0,1,0
2020,Italian Grand Prix,FP2,LEC,5.0,11.0,clear_violation,318.0,61.0,186.6167920000000,100.0,0.188912000000000,184,974,305.03262999999998,321.0,0.9906540000000000,0.6117930000000000,0,0,0,1,0
2020,Italian Grand Prix,FP2,MAG,15.0,11.0,clear_violation,330.0,69.0,251.0033360000000,100.0,0.1229280000000000,89,724,305.03262999999998,321.0,1.02803700000000,0.822874000000000,0,0,0,1,0
2020,Italian Grand Prix,FP2,ALB,14.0,11.0,clear_violation,334.0,67.0,255.4885930000000,100.0,0.1283500000000000,91,709,305.03262999999998,321.0,1.0404979999999999,0.8375780000000000,0,0,0,1,0
2020,Italian Grand Prix,FP2,ALB,15.0,11.0,clear_violation,318.0,43.0,154.97506799999999,100.0,0.1955590000000000,229,1171,305.03262999999998,321.0,0.9906540000000000,0.5080610000000000,0,0,0,1,0
2020,Italian Grand Prix,FP2,ALB,19.0,11.0,clear_violation,328.0,66.0,242.56479700000000,100.0,0.1388520000000000,104,749,305.03262999999998,321.0,1.0218069999999999,0.7952090000000001,0,0,0,1,0
2020,Italian Grand Prix,FP2,ALB,20.0,11.0,clear_violation,328.0,64.0,239.92011099999999,100.0,0.1443710000000000,109,755,305.03262999999998,321.0,1.0218069999999999,0.7865390000000000,0,0,0,1,0
2020,Italian Grand Prix,FP2,VER,20.0,11.0,clear_violation,329.0,66.0,244.19073399999999,100.0,0.1345350000000000,97,721,305.03262999999998,321.0,1.0249220000000001,0.8005400000000000,0,0,0,1,0
2020,Italian Grand Prix,FP2,VER,24.0,11.0,clear_violation,318.0,68.0,246.12852200000000,100.0,0.1238100000000000,91,735,305.03262999999998,321.0,0.9906540000000000,0.8068920000000001,0,0,0,1,0
2020,Italian Grand Prix,FP2,VER,25.0,11.0,clear_violation,322.0,68.0,247.3379910000000,100.0,0.1406900000000000,102,725,305.03262999999998,321.0,1.0031150000000000,0.8108570000000000,0,0,0,1,0
2020,Italian Grand Prix,FP2,VER,26.0,11.0,clear_violation,324.0,65.0,245.3721750000000,100.0,0.1244930000000000,92,739,305.03262999999998,321.0,1.0093460000000001,0.8044130000000000,0,0,0,1,0
2020,Italian Grand Prix,FP2,SAI,19.0,11.0,clear_violation,333.0,67.0,244.0518200000000,100.0,0.1307280000000000,97,742,305.03262999999998,321.0,1.0373829999999999,0.8000840000000000,0,0,0,1,0
2020,Italian Grand Prix,FP2,SAI,20.0,11.0,clear_violation,334.0,65.0,240.63654500000001,100.0,0.136,102,750,305.03262999999998,321.0,1.0404979999999999,0.788888000000000,0,0,0,1,0
2020,Italian Grand Prix,FP2,SAI,29.0,11.0,clear_violation,347.0,62.0,245.7761670000000,100.0,0.1303120000000000,92,706,305.03262999999998,321.0,1.0809970000000000,0.80573700000000,0,0,0,1,0
2020,Italian Grand Prix,FP2,RUS,15.0,11.0,clear_violation,319.0,67.0,234.55345100000000,100.0,0.130660000000000,101,773,305.03262999999998,321.0,0.9937690000000000,0.7689450000000000,0,0,0,1,0
2020,Italian Grand Prix,FP2,RUS,16.0,11.0,clear_violation,319.0,67.0,239.88382999999999,100.0,0.1417220000000000,107,755,305.03262999999998,321.0,0.9937690000000000,0.7864200000000000,0,0,0,1,0
2020,Italian Grand Prix,FP2,RUS,17.0,11.0,clear_violation,323.0,64.0,237.13317000000001,100.0,0.1487940000000000,111,746,305.03262999999998,321.0,1.0062310000000001,0.777403000000000,0,0,0,1,0
2020,Italian Grand Prix,FP2,RAI,3.0,5.0,no_advantage,317.0,54.0,165.34233499999999,100.0,0.1612020000000000,177,1098,305.03262999999998,321.0,0.9875389999999999,0.542048000000000,0,0,0,1,0
2020,Italian Grand Prix,FP2,SAI,11.0,6.0,no_advantage,317.96666699999997,0.0,130.1366590000000,100.0,0.1846150000000000,252,1365,305.03262999999998,321.0,0.9905500000000000,0.4266320000000000,0,0,0,1,0
2020,Italian Grand Prix,FP2,LEC,21.0,6.0,no_advantage,326.0,64.0,240.2489160000000,100.0,0.1356850000000000,100,737,305.03262999999998,321.0,1.0155760000000000,0.7876170000000000,0,0,0,1,0
2020,Italian Grand Prix,FP3,LEC,3.0,11.0,clear_violation,323.0,53.0,181.7341100000000,100.0,0.2571710000000000,260,1011,308.35263200000003,318.0,1.0157229999999999,0.5893710000000000,0,0,0,1,0
2020,Italian Grand Prix,FP3,LEC,4.0,11.0,clear_violation,335.0,69.0,253.9056680000000,100.0,0.1125,81,720,308.35263200000003,318.0,1.0534589999999999,0.8234260000000000,0,0,0,1,0
2020,Italian Grand Prix,FP3,ALB,4.0,11.0,clear_violation,341.0,64.0,256.37920300000002,100.0,0.1290320000000000,92,713,308.35263200000003,318.0,1.0723270000000000,0.83144800000000,0,0,0,1,0
2020,Italian Grand Prix,FP3,ALB,5.0,11.0,clear_violation,326.0,52.0,189.93446399999999,100.0,0.2201450000000000,212,963,308.35263200000003,318.0,1.0251570000000001,0.6159650000000000,0,0,0,1,0
2020,Italian Grand Prix,FP3,ALB,6.0,11.0,clear_violation,342.0,63.0,256.9816100000000,100.0,0.1428570000000000,102,714,308.35263200000003,318.0,1.0754720000000000,0.8334020000000000,0,0,0,1,0
2020,Italian Grand Prix,FP3,ALB,7.0,11.0,clear_violation,330.0,55.0,193.37387699999999,100.0,0.1724870000000000,163,945,308.35263200000003,318.0,1.0377360000000000,0.6271190000000000,0,0,0,1,0
2020,Italian Grand Prix,FP3,ALB,14.0,11.0,clear_violation,341.0,63.0,257.72457800000001,100.0,0.1244700000000000,88,707,308.35263200000003,318.0,1.0723270000000000,0.8358110000000000,0,0,0,1,0
2020,Italian Grand Prix,FP3,VET,4.0,11.0,clear_violation,334.0,69.0,253.69915800000001,100.0,0.1192790000000000,86,721,308.35263200000003,318.0,1.050314000000000,0.8227570000000000,0,0,0,1,0
2020,Italian Grand Prix,FP3,GIO,6.0,5.0,clear_violation,319.0,56.0,177.55530099999999,100.0,0.1734500000000000,179,1032,308.35263200000003,318.0,1.0031450000000000,0.5758190000000000,0,0,0,1,0
2020,Italian Grand Prix,Q,STR,2.0,11.0,clear_violation,343.0,70.0,259.3102740000000,100.0,0.1357140000000000,95,700,313.03125,334.0,1.026946000000000,0.8283850000000000,0,1,0,0,0
2020,Italian Grand Prix,Q,STR,3.0,11.0,clear_violation,325.0,62.0,207.75570700000000,100.0,0.2634590000000000,230,873,313.03125,334.0,0.9730540000000000,0.6636900000000000,0,1,0,0,0
2020,Italian Grand Prix,Q,ALB,4.0,11.0,clear_violation,336.0,70.0,258.098911000000,100.0,0.1225070000000000,86,702,313.03125,334.0,1.0059880000000001,0.8245150000000000,0,1,0,0,0
2020,Italian Grand Prix,Q,ALB,15.0,11.0,clear_violation,342.0,68.0,260.01851599999998,100.0,0.1318050000000000,92,698,313.03125,334.0,1.0239520000000000,0.8306470000000000,0,1,0,0,0
2020,Italian Grand Prix,Q,GAS,2.0,11.0,clear_violation,340.0,69.0,260.22663899999998,100.0,0.1018650000000000,71,697,313.03125,334.0,1.0179640000000001,0.8313120000000001,0,1,0,0,0
2020,Italian Grand Prix,Q,GAS,3.0,11.0,clear_violation,330.0,50.0,205.0703980000000,100.0,0.1794580000000000,159,886,313.03125,334.0,0.9880240000000000,0.6551120000000000,0,1,0,0,0
2020,Italian Grand Prix,Q,LEC,2.0,11.0,clear_violation,340.0,67.0,257.1998800000000,100.0,0.1288950000000000,91,706,313.03125,334.0,1.0179640000000001,0.8216430000000000,0,1,0,0,0
2020,Italian Grand Prix,Q,MAG,2.0,11.0,clear_violation,333.0,68.0,255.6556600000000,100.0,0.1179780000000000,84,712,313.03125,334.0,0.9970059999999999,0.8167100000000000,0,1,0,0,0
2020,Italian Grand Prix,R,GAS,16.0,11.0,clear_violation,332.0,63.0,240.53503799999999,100.0,0.1241660000000000,93,749,299.03841799999998,328.0,1.0121950000000000,0.8043620000000000,0,0,1,0,0
2020,Italian Grand Prix,R,GAS,17.0,11.0,clear_violation,332.0,61.0,240.85778500000001,100.0,0.1301460000000000,98,753,299.03841799999998,328.0,1.0121950000000000,0.8054410000000000,0,0,1,0,0
2020,Italian Grand Prix,R,STR,28.0,4.0,clear_violation,340.0,0.0,144.632293000000,100.0,0.3386450000000000,425,1255,299.03841799999998,328.0,1.0365850000000001,0.4836580000000000,0,0,1,0,0
2020,Italian Grand Prix,R,NOR,14.0,11.0,clear_violation,331.0,62.0,241.85586100000000,100.0,0.1352070000000000,101,747,299.03841799999998,328.0,1.0091460000000001,0.8087790000000000,0,0,1,0,0
2020,Italian Grand Prix,R,NOR,15.0,11.0,clear_violation,331.0,64.0,241.7727640000000,100.0,0.1273460000000000,95,746,299.03841799999998,328.0,1.0091460000000001,0.8085010000000000,0,0,1,0,0
2020,Italian Grand Prix,R,BOT,15.0,11.0,clear_violation,334.0,65.0,240.5422390000000,100.0,0.1682240000000000,126,749,299.03841799999998,328.0,1.0182929999999999,0.8043860000000000,0,0,1,0,0
2020,Italian Grand Prix,R,BOT,16.0,11.0,clear_violation,340.0,60.0,242.35103400000000,100.0,0.1550800000000000,116,748,299.03841799999998,328.0,1.0365850000000001,0.810434000000000,0,0,1,0,0
2020,Italian Grand Prix,R,KVY,24.0,11.0,clear_violation,349.0,63.0,236.7727970000000,100.0,0.1926610000000000,147,763,299.03841799999998,328.0,1.0640240000000001,0.7917810000000000,0,0,1,0,0
2020,Italian Grand Prix,R,KVY,25.0,11.0,clear_violation,323.0,59.0,168.15714399999999,100.0,0.1672860000000000,180,1076,299.03841799999998,328.0,0.9847560000000000,0.5623260000000000,0,0,1,0,0
2020,Italian Grand Prix,R,KVY,28.0,11.0,clear_violation,338.0,0.0,169.2474020000000,100.0,0.2249300000000000,240,1067,299.03841799999998,328.0,1.0304880000000001,0.5659720000000000,0,0,1,0,0
2020,Italian Grand Prix,R,KVY,29.0,11.0,clear_violation,339.0,63.0,240.1578730000000,100.0,0.163130000000000,123,754,299.03841799999998,328.0,1.0335369999999999,0.803100000000000,0,0,1,0,0
2020,Italian Grand Prix,R,KVY,30.0,11.0,clear_violation,340.0,65.0,242.4328830000000,100.0,0.146505000000000,109,744,299.03841799999998,328.0,1.0365850000000001,0.8107080000000000,0,0,1,0,0
2020,Italian Grand Prix,R,RAI,33.0,11.0,clear_violation,327.0,67.0,245.11584700000000,100.0,0.1486490000000000,110,740,299.03841799999998,328.0,0.9969510000000000,0.8196800000000000,0,0,1,0,0
2020,Italian Grand Prix,R,RAI,34.0,11.0,clear_violation,329.0,47.0,240.90147700000000,100.0,0.1706670000000000,128,750,299.03841799999998,328.0,1.0030490000000001,0.8055870000000001,0,0,1,0,0
2020,Italian Grand Prix,R,RAI,42.0,11.0,clear_violation,329.0,66.0,244.0601780000000,100.0,0.1442050000000000,107,742,299.03841799999998,328.0,1.0030490000000001,0.816150000000000,0,0,1,0,0
2020,Italian Grand Prix,R,RAI,43.0,11.0,clear_violation,328.0,53.0,238.40262700000000,100.0,0.1635880000000000,124,758,299.03841799999998,328.0,1.0,0.7972310000000000,0,0,1,0,0
2020,Italian Grand Prix,R,RUS,43.0,11.0,clear_violation,334.0,62.0,243.2119290000000,100.0,0.148993000000000,111,745,299.03841799999998,328.0,1.0182929999999999,0.813313000000000,0,0,1,0,0
2020,Italian Grand Prix,R,RUS,44.0,11.0,clear_violation,325.0,64.0,243.54433800000001,100.0,0.1401620000000000,104,742,299.03841799999998,328.0,0.9908540000000000,0.8144250000000000,0,0,1,0,0
2020,Italian Grand Prix,R,ALB,39.0,11.0,clear_violation,348.0,62.0,244.9702140000000,100.0,0.1621620000000000,120,740,299.03841799999998,328.0,1.0609759999999999,0.8191929999999999,0,0,1,0,0
2020,Italian Grand Prix,R,ALB,40.0,11.0,clear_violation,345.0,55.0,239.80433500000001,100.0,0.197875000000000,149,753,299.03841799999998,328.0,1.0518289999999999,0.8019180000000000,0,0,1,0,0
2020,Italian Grand Prix,R,GAS,3.0,1.0,no_advantage,338.0,64.0,239.49930900000001,100.0,0.147410000000000,111,753,299.03841799999998,328.0,1.0304880000000001,0.8008980000000000,0,0,1,0,0
2020,Portuguese Grand Prix,FP1,RIC,25.0,4.0,clear_violation,319.0,75.0,185.3741820000000,100.0,0.130660000000000,101,773,290.8219420000000,319.0,1.0,0.6374150000000000,0,0,0,1,0
2020,Portuguese Grand Prix,FP1,NOR,23.0,4.0,clear_violation,299.0,72.0,203.1776830000000,100.0,0.1926860000000000,137,711,290.8219420000000,319.0,0.9373040000000000,0.6986329999999999,0,0,0,1,0
2020,Portuguese Grand Prix,FP1,NOR,28.0,4.0,clear_violation,297.0,36.0,145.7473590000000,100.0,0.1295550000000000,128,988,290.8219420000000,319.0,0.9310340000000000,0.5011570000000000,0,0,0,1,0
2020,Portuguese Grand Prix,FP1,VET,6.0,4.0,clear_violation,329.0,67.0,186.475573000000,100.0,0.2993550000000000,232,775,290.8219420000000,319.0,1.031348000000000,0.6412020000000000,0,0,0,1,0
2020,Portuguese Grand Prix,FP1,VET,14.0,4.0,clear_violation,317.0,75.0,207.96081699999999,100.0,0.2143880000000000,149,695,290.8219420000000,319.0,0.9937300000000000,0.7150800000000000,0,0,0,1,0
2020,Portuguese Grand Prix,FP1,VET,22.0,4.0,clear_violation,309.0,72.0,195.9297640000000,100.0,0.2256760000000000,167,740,290.8219420000000,319.0,0.9686520000000000,0.673710000000000,0,0,0,1,0
2020,Portuguese Grand Prix,FP1,VET,25.0,1.0,clear_violation,312.0,72.0,207.2878490000000,100.0,0.2163320000000000,151,698,290.8219420000000,319.0,0.9780560000000000,0.7127660000000000,0,0,0,1,0
2020,Portuguese Grand Prix,FP1,VET,33.0,4.0,clear_violation,336.0,70.0,204.95972399999999,100.0,0.2104520000000000,149,708,290.8219420000000,319.0,1.0532919999999999,0.7047600000000001,0,0,0,1,0
2020,Portuguese Grand Prix,FP1,VET,36.0,1.0,clear_violation,292.0,47.0,154.60411500000001,100.0,0.1679140000000000,157,935,290.8219420000000,319.0,0.9153610000000000,0.5316109999999999,0,0,0,1,0
2020,Portuguese Grand Prix,FP1,LAT,31.0,1.0,clear_violation,300.3625020,68.0,197.9142060000000,100.0,0.1958900000000000,143,730,290.8219420000000,319.0,0.9415750000000001,0.6805340000000000,0,0,0,1,0
2020,Portuguese Grand Prix,FP1,RAI,6.0,4.0,clear_violation,318.0,68.0,196.48681600000000,100.0,0.220708000000000,162,734,290.8219420000000,319.0,0.9968650000000000,0.6756259999999999,0,0,0,1,0
2020,Portuguese Grand Prix,FP1,RAI,7.0,4.0,clear_violation,322.0,71.0,199.0149520000000,100.0,0.2157680000000000,156,723,290.8219420000000,319.0,1.0094040000000000,0.6843190000000000,0,0,0,1,0
2020,Portuguese Grand Prix,FP1,RAI,33.0,4.0,clear_violation,319.0,75.0,202.5312710000000,100.0,0.1875,132,704,290.8219420000000,319.0,1.0,0.6964100000000000,0,0,0,1,0
2020,Portuguese Grand Prix,FP1,GRO,13.0,4.0,clear_violation,320.0,58.0,194.90163200000001,100.0,0.1737970000000000,130,748,290.8219420000000,319.0,1.0031350000000001,0.6701750000000000,0,0,0,1,0
2020,Portuguese Grand Prix,FP1,GRO,18.0,1.0,clear_violation,317.0,74.0,204.94086100000001,100.0,0.1652540000000000,117,708,290.8219420000000,319.0,0.9937300000000000,0.7046950000000000,0,0,0,1,0
2020,Portuguese Grand Prix,FP1,GRO,25.0,1.0,clear_violation,303.0,70.0,197.09702700000000,100.0,0.2127370000000000,157,738,290.8219420000000,319.0,0.9498430000000000,0.6777240000000000,0,0,0,1,0
2020,Portuguese Grand Prix,FP1,GAS,10.0,1.0,clear_violation,326.0,71.0,199.2478530000000,100.0,0.2211540000000000,161,728,290.8219420000000,319.0,1.0219440000000000,0.6851200000000000,0,0,0,1,0
2020,Portuguese Grand Prix,FP1,GAS,11.0,4.0,clear_violation,325.0,77.0,207.069772000000,100.0,0.1798560000000000,125,695,290.8219420000000,319.0,1.0188090000000001,0.7120160000000000,0,0,0,1,0
2020,Portuguese Grand Prix,FP1,GAS,22.0,1.0,clear_violation,324.0,74.0,200.98464600000000,100.0,0.1863700000000000,134,719,290.8219420000000,319.0,1.0156740000000000,0.691092000000000,0,0,0,1,0
2020,Portuguese Grand Prix,FP1,PER,4.0,1.0,clear_violation,330.0,77.0,199.7293810000000,100.0,0.2209940000000000,160,724,290.8219420000000,319.0,1.0344830000000000,0.6867750000000000,0,0,0,1,0
2020,Portuguese Grand Prix,FP1,PER,11.0,4.0,clear_violation,325.0,73.0,204.2666900000000,100.0,0.2039380000000000,145,711,290.8219420000000,319.0,1.0188090000000001,0.7023770000000000,0,0,0,1,0
2020,Portuguese Grand Prix,FP1,PER,20.0,1.0,clear_violation,301.0,73.0,200.4318920000000,100.0,0.1961330000000000,142,724,290.8219420000000,319.0,0.9435740000000000,0.6891910000000000,0,0,0,1,0
2020,Portuguese Grand Prix,FP1,PER,21.0,1.0,clear_violation,302.0,74.0,201.9267230000000,100.0,0.1949860000000000,140,718,290.8219420000000,319.0,0.9467080000000000,0.6943310000000000,0,0,0,1,0
2020,Portuguese Grand Prix,FP1,PER,22.0,4.0,clear_violation,303.0,76.0,202.4352170000000,100.0,0.2083920000000000,149,715,290.8219420000000,319.0,0.9498430000000000,0.6960800000000000,0,0,0,1,0
2020,Portuguese Grand Prix,FP1,PER,25.0,4.0,clear_violation,331.0,68.0,200.081917000000,100.0,0.2437670000000000,176,722,290.8219420000000,319.0,1.0376179999999999,0.687988000000000,0,0,0,1,0
2020,Portuguese Grand Prix,FP1,LEC,6.0,1.0,clear_violation,314.0,76.0,206.41252800000001,100.0,0.1819480000000000,127,698,290.8219420000000,319.0,0.9843260000000000,0.7097560000000001,0,0,0,1,0
2020,Portuguese Grand Prix,FP1,LEC,9.0,4.0,clear_violation,318.0,74.0,193.1663180000000,100.0,0.2143810000000000,161,751,290.8219420000000,319.0,0.9968650000000000,0.6642080000000000,0,0,0,1,0
2020,Portuguese Grand Prix,FP1,LEC,31.0,4.0,clear_violation,315.0,61.0,197.5940790000000,100.0,0.1953550000000000,143,732,290.8219420000000,319.0,0.987461000000000,0.679433000000000,0,0,0,1,0
2020,Portuguese Grand Prix,FP1,STR,3.0,4.0,clear_violation,320.0,55.0,191.1540970000000,100.0,0.2365310000000000,180,761,290.8219420000000,319.0,1.0031350000000001,0.6572890000000000,0,0,0,1,0
2020,Portuguese Grand Prix,FP1,STR,5.0,4.0,clear_violation,327.0,57.0,177.59240000000000,100.0,0.2380370000000000,194,815,290.8219420000000,319.0,1.025078000000000,0.6106570000000000,0,0,0,1,0
2020,Portuguese Grand Prix,FP1,STR,6.0,4.0,clear_violation,324.0,68.0,199.66131500000000,100.0,0.2586450000000000,187,723,290.8219420000000,319.0,1.0156740000000000,0.6865410000000000,0,0,0,1,0
2020,Portuguese Grand Prix,FP1,STR,7.0,4.0,clear_violation,325.0,70.0,200.53592900000001,100.0,0.2454920000000000,177,721,290.8219420000000,319.0,1.0188090000000001,0.689549000000000,0,0,0,1,0
2020,Portuguese Grand Prix,FP1,STR,9.0,4.0,clear_violation,326.0,73.0,202.5076130000000,100.0,0.2248600000000000,161,716,290.8219420000000,319.0,1.0219440000000000,0.6963290000000000,0,0,0,1,0
2020,Portuguese Grand Prix,FP1,STR,10.0,1.0,clear_violation,328.0,65.0,185.85216299999999,100.0,0.2480720000000000,193,778,290.8219420000000,319.0,1.0282130000000000,0.6390580000000000,0,0,0,1,0
2020,Portuguese Grand Prix,FP1,STR,16.0,1.0,clear_violation,319.0,68.0,202.83930000000001,100.0,0.2156860000000000,154,714,290.8219420000000,319.0,1.0,0.697469000000000,0,0,0,1,0
2020,Portuguese Grand Prix,FP1,STR,22.0,1.0,clear_violation,325.0,64.0,193.8862270000000,100.0,0.2225200000000000,166,746,290.8219420000000,319.0,1.0188090000000001,0.6666840000000001,0,0,0,1,0
2020,Portuguese Grand Prix,FP1,STR,23.0,1.0,clear_violation,322.0,70.0,205.4471410000000,100.0,0.2195470000000000,155,706,290.8219420000000,319.0,1.0094040000000000,0.7064360000000000,0,0,0,1,0
2020,Portuguese Grand Prix,FP1,STR,24.0,1.0,clear_violation,323.0,65.0,206.7068770000000,100.0,0.2160230000000000,151,699,290.8219420000000,319.0,1.0125390000000001,0.7107680000000000,0,0,0,1,0
2020,Portuguese Grand Prix,FP1,STR,28.0,1.0,clear_violation,323.0,67.0,196.584932000000,100.0,0.2181570000000000,161,738,290.8219420000000,319.0,1.0125390000000001,0.6759630000000000,0,0,0,1,0
2020,Portuguese Grand Prix,FP1,STR,30.0,4.0,clear_violation,298.0,67.0,191.84523300000001,100.0,0.2127660000000000,160,752,290.8219420000000,319.0,0.9341690000000000,0.6596660000000000,0,0,0,1,0
2020,Portuguese Grand Prix,FP1,ALB,5.0,4.0,clear_violation,317.0,70.0,199.5989190000000,100.0,0.221763000000000,161,726,290.8219420000000,319.0,0.9937300000000000,0.686327000000000,0,0,0,1,0
2020,Portuguese Grand Prix,FP1,ALB,19.0,4.0,clear_violation,321.0,67.0,190.2934630000000,100.0,0.2204720000000000,168,762,290.8219420000000,319.0,1.006270000000000,0.6543300000000000,0,0,0,1,0
2020,Portuguese Grand Prix,FP1,ALB,27.0,1.0,clear_violation,317.0,75.0,194.0338680000000,100.0,0.2083330000000000,155,744,290.8219420000000,319.0,0.9937300000000000,0.6671910000000000,0,0,0,1,0
2020,Portuguese Grand Prix,FP1,ALB,32.0,4.0,clear_violation,302.5833340,68.0,198.34921900000001,100.0,0.2260270000000000,165,730,290.8219420000000,319.0,0.9485370000000000,0.6820300000000000,0,0,0,1,0
2020,Portuguese Grand Prix,FP1,ALB,33.0,4.0,clear_violation,317.0,48.0,152.96534100000000,100.0,0.3127660000000000,294,940,290.8219420000000,319.0,0.9937300000000000,0.525976000000000,0,0,0,1,0
2020,Portuguese Grand Prix,FP1,KVY,20.0,1.0,clear_violation,322.0,63.0,194.91967299999999,100.0,0.1846360000000000,137,742,290.8219420000000,319.0,1.0094040000000000,0.6702370000000000,0,0,0,1,0
2020,Portuguese Grand Prix,FP1,KVY,24.0,1.0,clear_violation,325.0,71.0,199.5514190000000,100.0,0.2209940000000000,160,724,290.8219420000000,319.0,1.0188090000000001,0.686164000000000,0,0,0,1,0
2020,Portuguese Grand Prix,FP1,KVY,29.0,4.0,clear_violation,305.0,65.0,198.7084210000000,100.0,0.2121210000000000,154,726,290.8219420000000,319.0,0.9561130000000000,0.6832650000000000,0,0,0,1,0
2020,Portuguese Grand Prix,FP1,OCO,8.0,1.0,clear_violation,328.0,71.0,202.7133520000000,100.0,0.2181820000000000,156,715,290.8219420000000,319.0,1.0282130000000000,0.6970360000000000,0,0,0,1,0
2020,Portuguese Grand Prix,FP1,OCO,11.0,1.0,clear_violation,329.0,72.0,205.6762800000000,100.0,0.2170210000000000,153,705,290.8219420000000,319.0,1.031348000000000,0.707224000000000,0,0,0,1,0
2020,Portuguese Grand Prix,FP1,VER,3.0,1.0,clear_violation,317.0,72.0,198.39318100000000,100.0,0.1972600000000000,144,730,290.8219420000000,319.0,0.9937300000000000,0.6821810000000000,0,0,0,1,0
2020,Portuguese Grand Prix,FP1,HAM,27.0,1.0,clear_violation,306.0,74.0,200.88068600000000,100.0,0.2130010000000000,154,723,290.8219420000000,319.0,0.9592480000000000,0.690734000000000,0,0,0,1,0
2020,Portuguese Grand Prix,FP1,HAM,28.0,1.0,clear_violation,312.0,79.0,204.17997199999999,100.0,0.2039660000000000,144,706,290.8219420000000,319.0,0.9780560000000000,0.7020790000000000,0,0,0,1,0
2020,Portuguese Grand Prix,FP1,SAI,3.0,4.0,clear_violation,313.0,71.0,197.31995300000000,100.0,0.2343320000000000,172,734,290.8219420000000,319.0,0.9811910000000000,0.6784910000000000,0,0,0,1,0
2020,Portuguese Grand Prix,FP1,SAI,4.0,1.0,clear_violation,313.0,72.0,191.5725790000000,100.0,0.1976130000000000,149,754,290.8219420000000,319.0,0.9811910000000000,0.6587280000000000,0,0,0,1,0
2020,Portuguese Grand Prix,FP1,SAI,15.0,4.0,clear_violation,325.0,73.0,202.97118000000000,100.0,0.2064610000000000,147,712,290.8219420000000,319.0,1.0188090000000001,0.6979230000000000,0,0,0,1,0
2020,Portuguese Grand Prix,FP1,SAI,20.0,4.0,clear_violation,316.0,30.0,182.5472680000000,100.0,0.2237670000000000,177,791,290.8219420000000,319.0,0.9905960000000000,0.6276940000000000,0,0,0,1,0
2020,Portuguese Grand Prix,FP1,SAI,27.0,4.0,clear_violation,306.7416660000000,51.0,183.6780780000000,100.0,0.2012740000000000,158,785,290.8219420000000,319.0,0.9615730000000000,0.6315830000000000,0,0,0,1,0
2020,Portuguese Grand Prix,FP1,SAI,34.0,1.0,clear_violation,296.0,72.0,202.01126300000001,100.0,0.1880220000000000,135,718,290.8219420000000,319.0,0.9278999999999999,0.6946220000000000,0,0,0,1,0
2020,Portuguese Grand Prix,FP1,SAI,40.0,4.0,clear_violation,294.0,67.0,193.27316600000000,100.0,0.2026670000000000,152,750,290.8219420000000,319.0,0.9216299999999999,0.6645759999999999,0,0,0,1,0
2020,Portuguese Grand Prix,FP1,RUS,28.0,1.0,clear_violation,299.0,77.0,199.9903310000000,100.0,0.1883660000000000,136,722,290.8219420000000,319.0,0.9373040000000000,0.6876730000000000,0,0,0,1,0
2020,Portuguese Grand Prix,FP1,BOT,27.0,1.0,clear_violation,312.0,77.0,204.10846500000000,100.0,0.2137830000000000,152,711,290.8219420000000,319.0,0.9780560000000000,0.7018330000000000,0,0,0,1,0
2020,Portuguese Grand Prix,FP1,BOT,32.0,4.0,clear_violation,309.0,70.0,198.27401200000000,104.0,0.2079340000000000,152,731,290.8219420000000,319.0,0.9686520000000000,0.6817710000000000,0,0,0,1,0
2020,Portuguese Grand Prix,FP1,GIO,23.0,4.0,clear_violation,323.0,70.0,181.3157230000000,100.0,0.2102630000000000,168,799,290.8219420000000,319.0,1.0125390000000001,0.6234600000000000,0,0,0,1,0
2020,Portuguese Grand Prix,FP2,RIC,16.0,4.0,clear_violation,294.0,77.0,202.1870560000000,100.0,0.1506280000000000,108,717,284.86727300000001,322.0,0.9130430000000000,0.7097590000000000,0,0,0,1,0
2020,Portuguese Grand Prix,FP2,NOR,6.0,4.0,clear_violation,294.0,68.0,199.88097099999999,100.0,0.2047030000000000,148,723,284.86727300000001,322.0,0.9130430000000000,0.7016640000000000,0,0,0,1,0
2020,Portuguese Grand Prix,FP2,NOR,7.0,4.0,clear_violation,293.3624990,72.0,200.9145830000000,100.0,0.1944060000000000,139,715,284.86727300000001,322.0,0.9110640000000000,0.7052920000000000,0,0,0,1,0
2020,Portuguese Grand Prix,FP2,NOR,29.0,4.0,clear_violation,312.0,72.0,204.9924340000000,100.0,0.1761360000000000,124,704,284.86727300000001,322.0,0.968944000000000,0.7196070000000000,0,0,0,1,0
2020,Portuguese Grand Prix,FP2,VET,7.0,4.0,clear_violation,304.2583330,69.0,198.81891999999999,100.0,0.2451790000000000,178,726,284.86727300000001,322.0,0.9449020000000000,0.6979350000000000,0,0,0,1,0
2020,Portuguese Grand Prix,FP2,VET,12.0,1.0,clear_violation,302.0,72.0,197.7608510000000,100.0,0.2779290000000000,204,734,284.86727300000001,322.0,0.937888000000000,0.6942210000000000,0,0,0,1,0
2020,Portuguese Grand Prix,FP2,LAT,15.0,1.0,clear_violation,291.0,73.0,194.217326000000,100.0,0.1673410000000000,124,741,284.86727300000001,322.0,0.9037269999999999,0.6817820000000000,0,0,0,1,0
2020,Portuguese Grand Prix,FP2,LAT,17.0,4.0,clear_violation,288.0,72.0,197.0507530000000,100.0,0.2008200000000000,147,732,284.86727300000001,322.0,0.8944100000000000,0.691728000000000,0,0,0,1,0
2020,Portuguese Grand Prix,FP2,RAI,5.0,4.0,clear_violation,300.0,66.0,196.9099020000000,100.0,0.1978320000000000,146,738,284.86727300000001,322.0,0.9316770000000000,0.6912340000000000,0,0,0,1,0
2020,Portuguese Grand Prix,FP2,RAI,9.0,4.0,clear_violation,296.0,69.0,200.8500160000000,100.0,0.2125,153,720,284.86727300000001,322.0,0.9192550000000000,0.7050650000000001,0,0,0,1,0
2020,Portuguese Grand Prix,FP2,RAI,13.0,4.0,clear_violation,292.0,72.0,199.88964899999999,100.0,0.1991700000000000,144,723,284.86727300000001,322.0,0.906832000000000,0.7016940000000000,0,0,0,1,0
2020,Portuguese Grand Prix,FP2,RAI,30.0,4.0,clear_violation,326.0,70.0,197.82164499999999,100.0,0.2403850000000000,175,728,284.86727300000001,322.0,1.0124219999999999,0.6944340000000000,0,0,0,1,0
2020,Portuguese Grand Prix,FP2,GRO,4.0,4.0,clear_violation,294.0,70.0,199.25244000000001,100.0,0.180328000000000,132,732,284.86727300000001,322.0,0.9130430000000000,0.699457000000000,0,0,0,1,0
2020,Portuguese Grand Prix,FP2,GRO,12.0,1.0,clear_violation,289.0,72.0,196.9620440000000,100.0,0.1829270000000000,135,738,284.86727300000001,322.0,0.8975160000000000,0.6914169999999999,0,0,0,1,0
2020,Portuguese Grand Prix,FP2,GRO,13.0,4.0,clear_violation,290.0,73.0,199.26855000000000,100.0,0.1755830000000000,128,729,284.86727300000001,322.0,0.9006210000000000,0.6995140000000000,0,0,0,1,0
2020,Portuguese Grand Prix,FP2,GRO,14.0,2.0,clear_violation,293.0,74.0,199.92480499999999,100.0,0.1698900000000000,123,724,284.86727300000001,322.0,0.9099380000000000,0.7018170000000000,0,0,0,1,0
2020,Portuguese Grand Prix,FP2,GRO,15.0,1.0,clear_violation,294.0,72.0,190.67671700000000,100.0,0.1949930000000000,148,759,284.86727300000001,322.0,0.9130430000000000,0.6693530000000000,0,0,0,1,0
2020,Portuguese Grand Prix,FP2,GRO,19.0,4.0,clear_violation,313.0,74.0,202.1245590000000,100.0,0.192201000000000,138,718,284.86727300000001,322.0,0.9720500000000000,0.709539000000000,0,0,0,1,0
2020,Portuguese Grand Prix,FP2,GRO,26.0,4.0,clear_violation,303.0,74.0,198.4190520000000,100.0,0.1863010000000000,136,730,284.86727300000001,322.0,0.9409940000000000,0.6965320000000000,0,0,0,1,0
2020,Portuguese Grand Prix,FP2,GRO,27.0,4.0,clear_violation,295.0,74.0,198.62887699999999,100.0,0.1838130000000000,134,729,284.86727300000001,322.0,0.9161490000000000,0.6972680000000000,0,0,0,1,0
2020,Portuguese Grand Prix,FP2,GAS,4.0,4.0,clear_violation,309.0,70.0,192.79310200000000,100.0,0.1933770000000000,146,755,284.86727300000001,322.0,0.9596270000000000,0.6767820000000000,0,0,0,1,0
2020,Portuguese Grand Prix,FP2,GAS,6.0,4.0,clear_violation,304.0,73.0,200.468673000000,100.0,0.1733700000000000,125,721,284.86727300000001,322.0,0.9440990000000000,0.7037270000000000,0,0,0,1,0
2020,Portuguese Grand Prix,FP2,GAS,9.0,4.0,clear_violation,306.0,71.0,200.41836200000000,100.0,0.1969490000000000,142,721,284.86727300000001,322.0,0.9503110000000000,0.7035500000000000,0,0,0,1,0
2020,Portuguese Grand Prix,FP2,GAS,19.0,4.0,clear_violation,317.0,75.0,208.25535300000001,100.0,0.1661850000000000,115,692,284.86727300000001,322.0,0.984472000000000,0.7310610000000000,0,0,0,1,0
2020,Portuguese Grand Prix,FP2,PER,20.0,4.0,clear_violation,320.0,74.0,201.1684400000000,100.0,0.1977720000000000,142,718,284.86727300000001,322.0,0.9937890000000000,0.7061830000000000,0,0,0,1,0
2020,Portuguese Grand Prix,FP2,PER,21.0,4.0,clear_violation,321.0,73.0,207.01793699999999,100.0,0.1854490000000000,130,701,284.86727300000001,322.0,0.9968939999999999,0.7267169999999999,0,0,0,1,0
2020,Portuguese Grand Prix,FP2,LEC,5.0,4.0,clear_violation,321.0,73.0,190.79413600000001,100.0,0.220026000000000,167,759,284.86727300000001,322.0,0.9968939999999999,0.6697650000000001,0,0,0,1,0
2020,Portuguese Grand Prix,FP2,STR,10.0,4.0,clear_violation,289.0,69.0,200.91096999999999,100.0,0.203601000000000,147,722,284.86727300000001,322.0,0.8975160000000000,0.7052790000000000,0,0,0,1,0
2020,Portuguese Grand Prix,FP2,STR,20.0,4.0,clear_violation,318.0,60.0,193.77228900000000,100.0,0.2318060000000000,172,742,284.86727300000001,322.0,0.9875780000000000,0.680220000000000,0,0,0,1,0
2020,Portuguese Grand Prix,FP2,STR,22.0,4.0,clear_violation,316.0,72.0,206.87393599999999,100.0,0.2039940000000000,143,701,284.86727300000001,322.0,0.9813660000000000,0.7262120000000000,0,0,0,1,0
2020,Portuguese Grand Prix,FP2,MAG,5.0,4.0,clear_violation,292.0,72.0,198.713591000000,100.0,0.1742110000000000,127,729,284.86727300000001,322.0,0.906832000000000,0.6975660000000000,0,0,0,1,0
2020,Portuguese Grand Prix,FP2,MAG,26.0,4.0,clear_violation,293.0,73.0,194.95207800000000,100.0,0.230041000000000,170,739,284.86727300000001,322.0,0.9099380000000000,0.6843610000000000,0,0,0,1,0
2020,Portuguese Grand Prix,FP2,ALB,2.0,4.0,clear_violation,297.81785700000000,71.0,197.37698900000001,100.0,0.2098090000000000,154,734,284.86727300000001,322.0,0.9249000000000001,0.6928740000000000,0,0,0,1,0
2020,Portuguese Grand Prix,FP2,ALB,3.0,4.0,clear_violation,309.0,74.0,198.1681660000000,100.0,0.2247960000000000,165,734,284.86727300000001,322.0,0.9596270000000000,0.6956510000000000,0,0,0,1,0
2020,Portuguese Grand Prix,FP2,ALB,4.0,1.0,clear_violation,294.0,70.0,199.1110090000000,100.0,0.2156590000000000,157,728,284.86727300000001,322.0,0.9130430000000000,0.6989610000000001,0,0,0,1,0
2020,Portuguese Grand Prix,FP2,ALB,12.0,1.0,clear_violation,295.0,71.0,200.6059070000000,100.0,0.2083330000000000,150,720,284.86727300000001,322.0,0.9161490000000000,0.7042079999999999,0,0,0,1,0
2020,Portuguese Grand Prix,FP2,ALB,15.0,1.0,clear_violation,293.0,72.0,199.7930810000000,100.0,0.2077560000000000,150,722,284.86727300000001,322.0,0.9099380000000000,0.701355000000000,0,0,0,1,0
2020,Portuguese Grand Prix,FP2,ALB,19.0,1.0,clear_violation,311.0,71.0,175.10345699999999,100.0,0.2138520000000000,176,823,284.86727300000001,322.0,0.9658390000000000,0.6146840000000000,0,0,0,1,0
2020,Portuguese Grand Prix,FP2,ALB,20.0,1.0,clear_violation,317.0,73.0,208.4956330000000,100.0,0.19568300000000,136,695,284.86727300000001,322.0,0.984472000000000,0.7319040000000000,0,0,0,1,0
2020,Portuguese Grand Prix,FP2,ALB,28.0,4.0,clear_violation,316.0,63.0,179.93351899999999,100.0,0.1980070000000000,159,803,284.86727300000001,322.0,0.9813660000000000,0.6316400000000000,0,0,0,1,0
2020,Portuguese Grand Prix,FP2,ALB,31.0,4.0,clear_violation,309.0,75.0,185.44075599999999,100.0,0.2043700000000000,159,778,284.86727300000001,322.0,0.9596270000000000,0.6509720000000000,0,0,0,1,0
2020,Portuguese Grand Prix,FP2,ALB,32.0,4.0,clear_violation,313.0,73.0,207.4254500000000,100.0,0.1936870000000000,135,697,284.86727300000001,322.0,0.9720500000000000,0.728148000000000,0,0,0,1,0
2020,Portuguese Grand Prix,FP2,KVY,8.0,4.0,clear_violation,318.0,70.0,199.73114500000000,100.0,0.1927880000000000,139,721,284.86727300000001,322.0,0.9875780000000000,0.7011380000000000,0,0,0,1,0
2020,Portuguese Grand Prix,FP2,KVY,12.0,1.0,clear_violation,291.0,73.0,199.3174260000000,100.0,0.1825730000000000,132,723,284.86727300000001,322.0,0.9037269999999999,0.6996850000000000,0,0,0,1,0
2020,Portuguese Grand Prix,FP2,KVY,15.0,4.0,clear_violation,320.0,72.0,200.42586800000001,100.0,0.1782730000000000,128,718,284.86727300000001,322.0,0.9937890000000000,0.7035760000000000,0,0,0,1,0
2020,Portuguese Grand Prix,FP2,KVY,29.0,4.0,clear_violation,320.0,75.0,207.73892400000000,100.0,0.1820810000000000,126,692,284.86727300000001,322.0,0.9937890000000000,0.7292480000000000,0,0,0,1,0
2020,Portuguese Grand Prix,FP2,OCO,14.0,1.0,clear_violation,295.0,74.0,200.9492640000000,100.0,0.1983360000000000,143,721,284.86727300000001,322.0,0.9161490000000000,0.7054140000000000,0,0,0,1,0
2020,Portuguese Grand Prix,FP2,VER,13.0,1.0,clear_violation,307.26666699999998,73.0,202.63224800000000,100.0,0.2125870000000000,152,715,284.86727300000001,322.0,0.9542440000000000,0.711322000000000,0,0,0,1,0
2020,Portuguese Grand Prix,FP2,HAM,24.0,4.0,clear_violation,315.8125000000000,74.0,202.2717380000000,100.0,0.2078650000000000,148,712,284.86727300000001,322.0,0.9807840000000000,0.7100560000000000,0,0,0,1,0
2020,Portuguese Grand Prix,FP2,SAI,2.0,1.0,clear_violation,310.0,73.0,199.04175000000001,100.0,0.2038570000000000,148,726,284.86727300000001,322.0,0.9627329999999999,0.6987180000000000,0,0,0,1,0
2020,Portuguese Grand Prix,FP2,SAI,17.0,4.0,clear_violation,295.0,75.0,199.5144000000000,100.0,0.1793100000000000,130,725,284.86727300000001,322.0,0.9161490000000000,0.7003770000000000,0,0,0,1,0
2020,Portuguese Grand Prix,FP2,SAI,21.0,4.0,clear_violation,317.0,77.0,200.29067599999999,100.0,0.1777780000000000,128,720,284.86727300000001,322.0,0.984472000000000,0.703102000000000,0,0,0,1,0
2020,Portuguese Grand Prix,FP2,SAI,27.0,4.0,clear_violation,316.0,77.0,210.44623899999999,100.0,0.1827490000000000,125,684,284.86727300000001,322.0,0.9813660000000000,0.738752000000000,0,0,0,1,0
2020,Portuguese Grand Prix,FP2,RUS,7.0,4.0,clear_violation,295.0,74.0,198.95268100000001,100.0,0.1933700000000000,140,724,284.86727300000001,322.0,0.9161490000000000,0.6984050000000001,0,0,0,1,0
2020,Portuguese Grand Prix,FP2,RUS,8.0,4.0,clear_violation,294.0,73.0,198.55024800000001,100.0,0.18732800000000,136,726,284.86727300000001,322.0,0.9130430000000000,0.6969919999999999,0,0,0,1,0
2020,Portuguese Grand Prix,FP2,GIO,22.0,4.0,clear_violation,316.0,77.0,206.60871200000000,100.0,0.1757140000000000,123,700,284.86727300000001,322.0,0.9813660000000000,0.7252810000000000,0,0,0,1,0
2020,Portuguese Grand Prix,FP2,GIO,25.0,4.0,clear_violation,315.0,74.0,194.0782020000000,100.0,0.1760750000000000,131,744,284.86727300000001,322.0,0.9782610000000000,0.6812930000000000,0,0,0,1,0
2020,Portuguese Grand Prix,FP2,GIO,28.0,4.0,clear_violation,302.9678570000000,75.0,199.6113580000000,100.0,0.1867220000000000,135,723,284.86727300000001,322.0,0.9408940000000000,0.7007170000000000,0,0,0,1,0
2020,Portuguese Grand Prix,FP2,GIO,30.0,4.0,clear_violation,327.0,71.0,197.37879899999999,100.0,0.2188780000000000,160,731,284.86727300000001,322.0,1.015528000000000,0.6928800000000001,0,0,0,1,0
2020,Portuguese Grand Prix,FP2,GIO,31.0,4.0,clear_violation,299.0,74.0,199.76082700000001,100.0,0.1894880000000000,137,723,284.86727300000001,322.0,0.9285710000000000,0.7012420000000000,0,0,0,1,0
2020,Portuguese Grand Prix,FP2,GIO,32.0,4.0,clear_violation,298.9928580,75.0,200.1817800000000,100.0,0.1808070000000000,130,719,284.86727300000001,322.0,0.9285490000000000,0.7027190000000000,0,0,0,1,0
2020,Portuguese Grand Prix,FP3,NOR,13.0,1.0,clear_violation,319.0,63.0,187.5866390000000,100.0,0.1533420000000000,117,763,300.1608190000000,321.0,0.9937690000000000,0.6249540000000000,0,0,0,1,0
2020,Portuguese Grand Prix,FP3,LAT,3.0,1.0,clear_violation,326.0,79.0,208.0186730000000,100.0,0.2005810000000000,138,688,300.1608190000000,321.0,1.0155760000000000,0.6930240000000000,0,0,0,1,0
2020,Portuguese Grand Prix,FP3,RAI,4.0,1.0,clear_violation,323.0,79.0,211.6075650000000,100.0,0.1819550000000000,121,665,300.1608190000000,321.0,1.0062310000000001,0.7049810000000000,0,0,0,1,0
2020,Portuguese Grand Prix,FP3,GRO,5.0,1.0,clear_violation,320.0,79.0,212.0086150000000,100.0,0.1701810000000000,113,664,300.1608190000000,321.0,0.9968850000000000,0.7063170000000000,0,0,0,1,0
2020,Portuguese Grand Prix,FP3,GRO,9.0,1.0,clear_violation,319.0,78.0,212.60677000000001,100.0,0.1812780000000000,122,673,300.1608190000000,321.0,0.9937690000000000,0.7083100000000000,0,0,0,1,0
2020,Portuguese Grand Prix,FP3,GRO,11.0,4.0,clear_violation,313.0,80.0,213.37254500000000,100.0,0.1602370000000000,108,674,300.1608190000000,321.0,0.9750780000000000,0.7108610000000000,0,0,0,1,0
2020,Portuguese Grand Prix,FP3,GRO,16.0,1.0,clear_violation,317.0,77.0,213.0081490000000,100.0,0.1686220000000000,115,682,300.1608190000000,321.0,0.9875389999999999,0.7096470000000000,0,0,0,1,0
2020,Portuguese Grand Prix,FP3,GRO,18.0,1.0,clear_violation,313.0,75.0,212.687540000000,100.0,0.1591240000000000,109,685,300.1608190000000,321.0,0.9750780000000000,0.7085790000000000,0,0,0,1,0
2020,Portuguese Grand Prix,FP3,GAS,11.0,1.0,clear_violation,301.0,77.0,207.62099400000000,100.0,0.1669060000000000,116,695,300.1608190000000,321.0,0.9376949999999999,0.6916990000000000,0,0,0,1,0
2020,Portuguese Grand Prix,FP3,GAS,12.0,4.0,clear_violation,300.0,76.0,206.6317270000000,100.0,0.1743520000000000,121,694,300.1608190000000,321.0,0.9345790000000000,0.6884030000000000,0,0,0,1,0
2020,Portuguese Grand Prix,FP3,GAS,20.0,1.0,clear_violation,321.0,46.0,164.40028300000000,100.0,0.1866520000000000,165,884,300.1608190000000,321.0,1.0,0.5477070000000001,0,0,0,1,0
2020,Portuguese Grand Prix,FP3,STR,14.0,1.0,clear_violation,324.0,72.0,213.1256460000000,100.0,0.2109140000000000,143,678,300.1608190000000,321.0,1.0093460000000001,0.7100379999999999,0,0,0,1,0
2020,Portuguese Grand Prix,FP3,MAG,10.0,1.0,clear_violation,315.0,57.0,159.74693900000000,100.0,0.2173440000000000,198,911,300.1608190000000,321.0,0.9813080000000000,0.532205000000000,0,0,0,1,0
2020,Portuguese Grand Prix,FP3,ALB,7.0,1.0,clear_violation,324.0,77.0,215.94886399999999,100.0,0.1846150000000000,120,650,300.1608190000000,321.0,1.0093460000000001,0.7194440000000000,0,0,0,1,0
2020,Portuguese Grand Prix,FP3,ALB,12.0,1.0,clear_violation,321.0,77.0,216.97980100000001,100.0,0.1792170000000000,119,664,300.1608190000000,321.0,1.0,0.7228780000000000,0,0,0,1,0
2020,Portuguese Grand Prix,FP3,KVY,16.0,1.0,clear_violation,314.0,70.0,209.0383060000000,100.0,0.1620440000000000,111,685,300.1608190000000,321.0,0.9781930000000000,0.6964210000000000,0,0,0,1,0
2020,Portuguese Grand Prix,FP3,KVY,19.0,4.0,clear_violation,298.0,73.0,204.7077720000000,100.0,0.1783170000000000,125,701,300.1608190000000,321.0,0.9283490000000000,0.6819940000000000,0,0,0,1,0
2020,Portuguese Grand Prix,FP3,OCO,16.0,1.0,clear_violation,323.0,76.0,213.3101380000000,100.0,0.1904760000000000,128,672,300.1608190000000,321.0,1.0062310000000001,0.7106530000000000,0,0,0,1,0
2020,Portuguese Grand Prix,FP3,VER,7.0,1.0,clear_violation,328.0,77.0,216.3584250000000,100.0,0.1761980000000000,114,647,300.1608190000000,321.0,1.0218069999999999,0.7208080000000000,0,0,0,1,0
2020,Portuguese Grand Prix,FP3,SAI,3.0,1.0,clear_violation,327.0,41.0,194.0159640000000,100.0,0.1815720000000000,134,738,300.1608190000000,321.0,1.0186919999999999,0.6463730000000000,0,0,0,1,0
2020,Portuguese Grand Prix,FP3,SAI,20.0,1.0,clear_violation,321.0,79.0,212.47847500000000,100.0,0.1605300000000000,109,679,300.1608190000000,321.0,1.0,0.70788200000000,0,0,0,1,0
2020,Portuguese Grand Prix,FP3,RUS,3.0,1.0,clear_violation,331.0,79.0,209.6187790000000,100.0,0.1923080000000000,130,676,300.1608190000000,321.0,1.0311530000000000,0.6983549999999999,0,0,0,1,0
2020,Portuguese Grand Prix,FP3,BOT,17.0,1.0,clear_violation,303.0,79.0,205.10739200000000,100.0,0.166430000000000,117,703,300.1608190000000,321.0,0.9439250000000000,0.6833250000000000,0,0,0,1,0
2020,Portuguese Grand Prix,FP3,GIO,8.0,1.0,clear_violation,326.0,79.0,212.54712300000000,100.0,0.1706590000000000,114,668,300.1608190000000,321.0,1.0155760000000000,0.7081110000000000,0,0,0,1,0
2020,Portuguese Grand Prix,FP3,RUS,8.0,5.0,no_advantage,316.0,61.0,157.55353299999999,100.0,0.1516850000000000,135,890,300.1608190000000,321.0,0.9844240000000000,0.52489700000000,0,0,0,1,0
2020,Portuguese Grand Prix,FP3,HAM,11.0,8.0,no_advantage,310.69166600000000,55.0,172.09207300000000,100.0,0.2557020000000000,213,833,300.1608190000000,321.0,0.967887000000000,0.573333000000000,0,0,0,1,0
2020,Portuguese Grand Prix,Q,VER,4.0,1.0,clear_violation,320.0,51.0,184.83838000000000,100.0,0.2419970000000000,189,781,302.0498340000000,316.0,1.0126580000000001,0.6119470000000000,0,1,0,0,0
2020,Portuguese Grand Prix,Q,STR,11.0,1.0,clear_violation,326.0,77.0,215.2160250000000,100.0,0.2047480000000000,138,674,302.0498340000000,316.0,1.0316460000000001,0.7125180000000000,0,1,0,0,0
2020,Portuguese Grand Prix,Q,KVY,9.0,4.0,clear_violation,320.0,76.0,214.1247910000000,100.0,0.1733330000000000,117,675,302.0498340000000,316.0,1.0126580000000001,0.7089060000000000,0,1,0,0,0
2020,Portuguese Grand Prix,Q,VET,5.0,1.0,clear_violation,328.0,76.0,213.5937380000000,100.0,0.2144970000000000,145,676,302.0498340000000,316.0,1.0379750000000001,0.7071470000000000,0,1,0,0,0
2020,Portuguese Grand Prix,Q,LAT,5.0,1.0,clear_violation,325.0,79.0,212.2567560000000,100.0,0.1923640000000000,131,681,302.0498340000000,316.0,1.0284810000000000,0.7027210000000000,0,1,0,0,0
2020,Portuguese Grand Prix,R,BOT,20.0,4.0,clear_violation,304.0,73.0,200.94348199999999,100.0,0.2039660000000000,144,706,296.1204440000000,322.0,0.9440990000000000,0.6785870000000001,0,0,1,0,0
2020,Portuguese Grand Prix,R,BOT,35.0,4.0,clear_violation,312.71666800000003,75.0,204.25608900000000,100.0,0.1983120000000000,141,711,296.1204440000000,322.0,0.9711700000000000,0.6897740000000000,0,0,1,0,0
2020,Portuguese Grand Prix,R,VER,7.0,4.0,clear_violation,324.0,68.0,196.82685499999999,100.0,0.2199450000000000,161,732,296.1204440000000,322.0,1.0062110000000000,0.6646850000000000,0,0,1,0,0
2020,Portuguese Grand Prix,R,GAS,11.0,1.0,clear_violation,325.0,73.0,200.876666000000,100.0,0.2008430000000000,143,712,296.1204440000000,322.0,1.0093170000000000,0.6783610000000000,0,0,1,0,0
2020,Portuguese Grand Prix,R,GAS,15.0,1.0,clear_violation,308.7142860000000,69.0,200.48169400000000,100.0,0.2084510000000000,148,710,296.1204440000000,322.0,0.958740000000000,0.6770280000000000,0,0,1,0,0
2020,Portuguese Grand Prix,R,SAI,32.0,1.0,clear_violation,339.0,59.0,198.15943400000000,100.0,0.2348900000000000,171,728,296.1204440000000,322.0,1.0527949999999999,0.669185000000000,0,0,1,0,0
2020,Portuguese Grand Prix,R,OCO,2.0,1.0,clear_violation,324.0,60.0,185.5225650000000,100.0,0.2911880000000000,228,783,296.1204440000000,322.0,1.0062110000000000,0.6265100000000000,0,0,1,0,0
2020,Portuguese Grand Prix,R,VET,54.0,1.0,clear_violation,332.0,75.0,203.8839640000000,100.0,0.2347950000000000,166,707,296.1204440000000,322.0,1.031056000000000,0.6885170000000000,0,0,1,0,0
2020,Portuguese Grand Prix,R,RAI,30.0,4.0,clear_violation,329.0,66.0,198.37855800000000,100.0,0.2548210000000000,185,726,296.1204440000000,322.0,1.0217390000000000,0.6699250000000000,0,0,1,0,0
2020,Portuguese Grand Prix,R,RAI,56.0,4.0,clear_violation,331.0,70.0,204.23518600000000,100.0,0.2189270000000000,155,708,296.1204440000000,322.0,1.0279499999999999,0.6897030000000000,0,0,1,0,0
2020,Portuguese Grand Prix,R,ALB,2.0,1.0,clear_violation,318.0,59.0,183.19330400000001,100.0,0.2697620000000000,215,797,296.1204440000000,322.0,0.9875780000000000,0.6186450000000000,0,0,1,0,0
2020,Portuguese Grand Prix,R,ALB,49.0,1.0,clear_violation,302.0,74.0,205.4903140000000,100.0,0.1742210000000000,123,706,296.1204440000000,322.0,0.937888000000000,0.6939419999999999,0,0,1,0,0
2020,Portuguese Grand Prix,R,NOR,32.0,4.0,clear_violation,302.0,76.0,199.1712050000000,100.0,0.2104540000000000,153,727,296.1204440000000,322.0,0.937888000000000,0.6726020000000000,0,0,1,0,0
2020,Portuguese Grand Prix,R,NOR,48.0,4.0,clear_violation,304.0,75.0,205.3868940000000,100.0,0.1702130000000000,120,705,296.1204440000000,322.0,0.9440990000000000,0.6935920000000000,0,0,1,0,0
2020,Portuguese Grand Prix,R,NOR,53.0,1.0,clear_violation,340.0,67.0,203.08161799999999,100.0,0.2169010000000000,154,710,296.1204440000000,322.0,1.0559010000000000,0.6858070000000001,0,0,1,0,0
2020,Portuguese Grand Prix,R,RUS,16.0,1.0,clear_violation,309.0,71.0,198.94826499999999,100.0,0.2127960000000000,153,719,296.1204440000000,322.0,0.9596270000000000,0.6718490000000000,0,0,1,0,0
2020,Portuguese Grand Prix,R,GIO,47.0,4.0,clear_violation,302.0,73.0,200.0422610000000,100.0,0.2166670000000000,156,720,296.1204440000000,322.0,0.937888000000000,0.6755440000000000,0,0,1,0,0
2020,Portuguese Grand Prix,R,MAG,9.0,4.0,clear_violation,309.1166680000000,73.0,197.5934630000000,100.0,0.228454000000000,167,731,296.1204440000000,322.0,0.9599900000000000,0.667274000000000,0,0,1,0,0
2020,Portuguese Grand Prix,R,MAG,25.0,4.0,clear_violation,298.0,75.0,199.1846890000000,100.0,0.2002820000000000,142,709,296.1204440000000,322.0,0.9254660000000000,0.6726480000000000,0,0,1,0,0
2020,Portuguese Grand Prix,R,MAG,38.0,1.0,clear_violation,323.0,76.0,199.29684800000001,100.0,0.2121210000000000,154,726,296.1204440000000,322.0,1.0031060000000001,0.6730260000000000,0,0,1,0,0
2020,Portuguese Grand Prix,R,GRO,12.0,1.0,clear_violation,311.0,72.0,198.1152120000000,100.0,0.1978170000000000,145,733,296.1204440000000,322.0,0.9658390000000000,0.6690360000000000,0,0,1,0,0
2020,Portuguese Grand Prix,R,GRO,24.0,4.0,clear_violation,324.0,68.0,199.437624000000,100.0,0.2162920000000000,154,712,296.1204440000000,322.0,1.0062110000000000,0.6735020000000000,0,0,1,0,0
2020,Portuguese Grand Prix,R,GRO,28.0,4.0,clear_violation,303.0,74.0,200.06217699999999,100.0,0.1853390000000000,134,723,296.1204440000000,322.0,0.9409940000000000,0.675611000000000,0,0,1,0,0
2020,Portuguese Grand Prix,R,GRO,30.0,1.0,clear_violation,327.0,67.0,198.2789710000000,100.0,0.2216140000000000,162,731,296.1204440000000,322.0,1.015528000000000,0.6695890000000000,0,0,1,0,0
2020,Portuguese Grand Prix,R,GRO,39.0,1.0,clear_violation,326.0,71.0,201.9046950000000,100.0,0.2103060000000000,151,718,296.1204440000000,322.0,1.0124219999999999,0.6818330000000000,0,0,1,0,0
2020,Portuguese Grand Prix,R,LAT,17.0,4.0,clear_violation,307.0,71.0,198.6112910000000,100.0,0.1988800000000000,142,714,296.1204440000000,322.0,0.953416000000000,0.6707109999999999,0,0,1,0,0
2020,Portuguese Grand Prix,R,LAT,38.0,1.0,clear_violation,303.0,71.0,193.7810040000000,100.0,0.2566840000000000,192,748,296.1204440000000,322.0,0.9409940000000000,0.6543990000000000,0,0,1,0,0
2020,Portuguese Grand Prix,R,LAT,49.0,1.0,clear_violation,309.0,74.0,202.3184310000000,100.0,0.2318440000000000,166,716,296.1204440000000,322.0,0.9596270000000000,0.6832300000000000,0,0,1,0,0
2020,Portuguese Grand Prix,R,LAT,50.0,1.0,clear_violation,306.0,75.0,202.05572400000,100.0,0.2114050000000000,152,719,296.1204440000000,322.0,0.9503110000000000,0.6823430000000000,0,0,1,0,0
2020,Portuguese Grand Prix,R,KVY,32.0,1.0,clear_violation,306.0,68.0,201.6198770000000,100.0,0.1866300000000000,134,718,296.1204440000000,322.0,0.9503110000000000,0.680871000000000,0,0,1,0,0
2020,Portuguese Grand Prix,R,KVY,33.0,1.0,clear_violation,304.0,70.0,201.77035799999999,100.0,0.1796660000000000,129,718,296.1204440000000,322.0,0.9440990000000000,0.6813790000000000,0,0,1,0,0
2020,Portuguese Grand Prix,R,KVY,35.0,1.0,clear_violation,305.0,72.0,201.69760500000001,100.0,0.1743380000000000,125,717,296.1204440000000,322.0,0.9472050000000000,0.6811340000000000,0,0,1,0,0
2020,Portuguese Grand Prix,R,KVY,37.0,1.0,clear_violation,307.0,73.0,200.01312999999999,100.0,0.1768800000000000,127,718,296.1204440000000,322.0,0.953416000000000,0.6754450000000000,0,0,1,0,0
2020,Portuguese Grand Prix,R,KVY,52.0,1.0,clear_violation,310.0,74.0,202.03567000000001,100.0,0.1813110000000000,130,717,296.1204440000000,322.0,0.9627329999999999,0.6822750000000000,0,0,1,0,0
2020,Portuguese Grand Prix,R,STR,2.0,1.0,clear_violation,315.0,51.0,186.0700850000000,100.0,0.2824130000000000,220,779,296.1204440000000,322.0,0.9782610000000000,0.6283590000000000,0,0,1,0,0
2020,Portuguese Grand Prix,R,STR,6.0,4.0,clear_violation,338.0,64.0,198.3944920000000,100.0,0.2438360000000000,178,730,296.1204440000000,322.0,1.049689000000000,0.6699790000000000,0,0,1,0,0
2020,Portuguese Grand Prix,R,STR,27.0,1.0,clear_violation,307.0,71.0,198.54033000000001,100.0,0.2430170000000000,174,716,296.1204440000000,322.0,0.953416000000000,0.6704720000000000,0,0,1,0,0
2020,Portuguese Grand Prix,R,PER,5.0,4.0,no_advantage,303.0,73.0,200.4996120000000,100.0,0.217753000000000,157,721,296.1204440000000,322.0,0.9409940000000000,0.6770880000000000,0,0,1,0,0
2020,Pre-Season Test 1,FP1,STR,5.0,10.0,clear_violation,319.0,71.0,233.03648300000000,100.0,0.1870750000000000,110,588,271.44628100000000,288.0,1.1076390000000000,0.8584990000000000,0,0,0,1,0
2020,Pre-Season Test 1,FP1,STR,5.0,9.0,no_advantage,319.0,71.0,233.03648300000000,100.0,0.1870750000000000,110,588,271.44628100000000,288.0,1.1076390000000000,0.8584990000000000,0,0,0,1,0
2020,Pre-Season Test 1,FP2,RAI,12.0,10.0,clear_violation,319.0,68.0,234.2403620000000,100.0,0.1767760000000000,102,577,268.2585750000000,287.0,1.1114980000000001,0.8731890000000000,0,0,0,1,0
2020,Pre-Season Test 1,FP2,RAI,13.0,10.0,clear_violation,290.0,54.0,165.09050099999999,100.0,0.2825550000000000,230,814,268.2585750000000,287.0,1.0104530000000000,0.615416000000000,0,0,0,1,0
2020,Pre-Season Test 1,FP2,RAI,29.0,10.0,clear_violation,311.0,59.0,219.0152710000000,100.0,0.197390000000000,121,613,268.2585750000000,287.0,1.083624000000000,0.8164330000000000,0,0,0,1,0
2020,Pre-Season Test 1,FP2,RAI,30.0,10.0,clear_violation,303.0,50.0,208.2805310000000,100.0,0.2043340000000000,132,646,268.2585750000000,287.0,1.0557490000000000,0.7764170000000000,0,0,0,1,0
2020,Pre-Season Test 1,FP2,STR,30.0,10.0,clear_violation,298.0,67.0,221.53800100000001,100.0,0.2013090000000000,123,611,268.2585750000000,287.0,1.038328000000000,0.8258380000000000,0,0,0,1,0
2020,Pre-Season Test 1,FP2,MAG,2.0,9.0,clear_violation,310.0,70.0,232.0523880000000,100.0,0.1568970000000000,91,580,268.2585750000000,287.0,1.0801390000000000,0.8650330000000001,0,0,0,1,0
2020,Pre-Season Test 1,FP2,HAM,23.0,10.0,clear_violation,300.0,66.0,203.3090040000000,100.0,0.1885370000000000,125,663,268.2585750000000,287.0,1.0452960000000000,0.7578840000000000,0,0,0,1,0
2020,Pre-Season Test 1,FP2,LAT,5.0,3.0,no_advantage,311.0,0.0,138.85569500000000,100.0,0.2520410000000000,247,980,268.2585750000000,287.0,1.083624000000000,0.51761900000000,0,0,0,1,0
2020,Pre-Season Test 1,FP2,RAI,10.0,6.0,no_advantage,318.0,44.0,180.1627260000000,100.0,0.2156080000000000,163,756,268.2585750000000,287.0,1.10801400000000,0.671601000000000,0,0,0,1,0
2020,Pre-Season Test 1,FP2,VER,13.0,6.0,no_advantage,290.0,75.0,224.22467499999999,100.0,0.1293530000000000,78,603,268.2585750000000,287.0,1.0104530000000000,0.8358530000000000,0,0,0,1,0
2020,Pre-Season Test 1,FP3,RAI,16.0,9.0,clear_violation,318.0,67.0,221.37979500000000,100.0,0.167488000000000,102,609,265.49657500000001,289.0,1.1003460000000000,0.8338330000000000,0,0,0,1,0
2020,Pre-Season Test 1,R,KVY,39.0,10.0,clear_violation,297.0,60.0,220.32948600000000,100.0,0.165837000000000,100,603,260.64406800000000,291.0,1.0206189999999999,0.8453270000000001,0,0,1,0,0
2020,Pre-Season Test 1,R,KVY,40.0,10.0,clear_violation,297.0,60.0,220.4326680000000,100.0,0.1603310000000000,97,605,260.64406800000000,291.0,1.0206189999999999,0.845723000000000,0,0,1,0,0
2020,Pre-Season Test 1,R,KVY,60.0,9.0,clear_violation,283.0,56.0,174.8750530000000,100.0,0.2598040000000000,159,612,260.64406800000000,291.0,0.9725090000000000,0.6709340000000000,0,0,1,0,0
2020,Pre-Season Test 1,R,KVY,63.0,10.0,clear_violation,330.0,46.0,219.09797300000000,100.0,0.1954020000000000,119,609,260.64406800000000,291.0,1.134021000000000,0.8406020000000000,0,0,1,0,0
2020,Pre-Season Test 1,R,KVY,64.0,10.0,clear_violation,324.0,4.0,216.7535340000000,100.0,0.1682850000000000,104,618,260.64406800000000,291.0,1.1134020000000000,0.8316070000000000,0,0,1,0,0
2020,Pre-Season Test 1,R,OCO,65.0,10.0,clear_violation,320.0,63.0,223.63782200000000,100.0,0.1983330000000000,119,600,260.64406800000000,291.0,1.0996560000000000,0.8580200000000000,0,0,1,0,0
2020,Pre-Season Test 1,R,VET,39.0,10.0,clear_violation,305.0,65.0,223.872617000000,100.0,0.1879080000000000,115,612,260.64406800000000,291.0,1.0481100000000001,0.8589210000000000,0,0,1,0,0
2020,Pre-Season Test 1,R,VET,40.0,10.0,clear_violation,304.0,64.0,222.4082570000000,100.0,0.1967480000000000,121,615,260.64406800000000,291.0,1.0446740000000001,0.8533030000000000,0,0,1,0,0
2020,Pre-Season Test 1,R,VET,58.0,10.0,clear_violation,263.0,70.0,152.17914200000001,100.0,0.2340430000000000,143,611,260.64406800000000,291.0,0.9037800000000000,0.5838580000000000,0,0,1,0,0
2020,Pre-Season Test 1,R,VET,59.0,10.0,clear_violation,216.5499970,71.0,139.81424100000001,100.0,0.2345280000000000,144,614,260.64406800000000,291.0,0.744158000000000,0.5364180000000000,0,0,1,0,0
2020,Pre-Season Test 1,R,GRO,16.0,9.0,clear_violation,305.0,59.0,218.7420570000000,100.0,0.1719340000000000,136,791,260.64406800000000,291.0,1.0481100000000001,0.8392370000000000,0,0,1,0,0
2020,Pre-Season Test 1,R,GRO,27.0,10.0,clear_violation,231.0,87.0,143.39745199999999,100.0,0.2414910000000000,149,617,260.64406800000000,291.0,0.7938140000000000,0.550166000000000,0,0,1,0,0
2020,Pre-Season Test 1,R,GRO,28.0,10.0,clear_violation,288.0,57.0,168.13730600000000,100.0,0.2077290000000000,129,621,260.64406800000000,291.0,0.9896910000000000,0.6450840000000000,0,0,1,0,0
2020,Pre-Season Test 2,FP1,STR,5.0,10.0,clear_violation,319.0,71.0,233.03648300000000,100.0,0.1870750000000000,110,588,271.44628100000000,288.0,1.1076390000000000,0.8584990000000000,0,0,0,1,0
2020,Pre-Season Test 2,FP1,STR,5.0,9.0,no_advantage,319.0,71.0,233.03648300000000,100.0,0.1870750000000000,110,588,271.44628100000000,288.0,1.1076390000000000,0.8584990000000000,0,0,0,1,0
2020,Pre-Season Test 2,FP2,RAI,12.0,10.0,clear_violation,319.0,68.0,234.2403620000000,100.0,0.1767760000000000,102,577,268.2585750000000,287.0,1.1114980000000001,0.8731890000000000,0,0,0,1,0
2020,Pre-Season Test 2,FP2,RAI,13.0,10.0,clear_violation,290.0,54.0,165.09050099999999,100.0,0.2825550000000000,230,814,268.2585750000000,287.0,1.0104530000000000,0.615416000000000,0,0,0,1,0
2020,Pre-Season Test 2,FP2,RAI,29.0,10.0,clear_violation,311.0,59.0,219.0152710000000,100.0,0.197390000000000,121,613,268.2585750000000,287.0,1.083624000000000,0.8164330000000000,0,0,0,1,0
2020,Pre-Season Test 2,FP2,RAI,30.0,10.0,clear_violation,303.0,50.0,208.2805310000000,100.0,0.2043340000000000,132,646,268.2585750000000,287.0,1.0557490000000000,0.7764170000000000,0,0,0,1,0
2020,Pre-Season Test 2,FP2,STR,30.0,10.0,clear_violation,298.0,67.0,221.53800100000001,100.0,0.2013090000000000,123,611,268.2585750000000,287.0,1.038328000000000,0.8258380000000000,0,0,0,1,0
2020,Pre-Season Test 2,FP2,MAG,2.0,9.0,clear_violation,310.0,70.0,232.0523880000000,100.0,0.1568970000000000,91,580,268.2585750000000,287.0,1.0801390000000000,0.8650330000000001,0,0,0,1,0
2020,Pre-Season Test 2,FP2,HAM,23.0,10.0,clear_violation,300.0,66.0,203.3090040000000,100.0,0.1885370000000000,125,663,268.2585750000000,287.0,1.0452960000000000,0.7578840000000000,0,0,0,1,0
2020,Pre-Season Test 2,FP2,LAT,5.0,3.0,no_advantage,311.0,0.0,138.85569500000000,100.0,0.2520410000000000,247,980,268.2585750000000,287.0,1.083624000000000,0.51761900000000,0,0,0,1,0
2020,Pre-Season Test 2,FP2,RAI,10.0,6.0,no_advantage,318.0,44.0,180.1627260000000,100.0,0.2156080000000000,163,756,268.2585750000000,287.0,1.10801400000000,0.671601000000000,0,0,0,1,0
2020,Pre-Season Test 2,FP2,VER,13.0,6.0,no_advantage,290.0,75.0,224.22467499999999,100.0,0.1293530000000000,78,603,268.2585750000000,287.0,1.0104530000000000,0.8358530000000000,0,0,0,1,0
2020,Pre-Season Test 2,FP3,RAI,16.0,9.0,clear_violation,318.0,67.0,221.37979500000000,100.0,0.167488000000000,102,609,265.49657500000001,289.0,1.1003460000000000,0.8338330000000000,0,0,0,1,0
2020,Pre-Season Test 2,R,KVY,39.0,10.0,clear_violation,297.0,60.0,220.32948600000000,100.0,0.165837000000000,100,603,260.64406800000000,291.0,1.0206189999999999,0.8453270000000001,0,0,1,0,0
2020,Pre-Season Test 2,R,KVY,40.0,10.0,clear_violation,297.0,60.0,220.4326680000000,100.0,0.1603310000000000,97,605,260.64406800000000,291.0,1.0206189999999999,0.845723000000000,0,0,1,0,0
2020,Pre-Season Test 2,R,KVY,60.0,9.0,clear_violation,283.0,56.0,174.8750530000000,100.0,0.2598040000000000,159,612,260.64406800000000,291.0,0.9725090000000000,0.6709340000000000,0,0,1,0,0
2020,Pre-Season Test 2,R,KVY,63.0,10.0,clear_violation,330.0,46.0,219.09797300000000,100.0,0.1954020000000000,119,609,260.64406800000000,291.0,1.134021000000000,0.8406020000000000,0,0,1,0,0
2020,Pre-Season Test 2,R,KVY,64.0,10.0,clear_violation,324.0,4.0,216.7535340000000,100.0,0.1682850000000000,104,618,260.64406800000000,291.0,1.1134020000000000,0.8316070000000000,0,0,1,0,0
2020,Pre-Season Test 2,R,OCO,65.0,10.0,clear_violation,320.0,63.0,223.63782200000000,100.0,0.1983330000000000,119,600,260.64406800000000,291.0,1.0996560000000000,0.8580200000000000,0,0,1,0,0
2020,Pre-Season Test 2,R,VET,39.0,10.0,clear_violation,305.0,65.0,223.872617000000,100.0,0.1879080000000000,115,612,260.64406800000000,291.0,1.0481100000000001,0.8589210000000000,0,0,1,0,0
2020,Pre-Season Test 2,R,VET,40.0,10.0,clear_violation,304.0,64.0,222.4082570000000,100.0,0.1967480000000000,121,615,260.64406800000000,291.0,1.0446740000000001,0.8533030000000000,0,0,1,0,0
2020,Pre-Season Test 2,R,VET,58.0,10.0,clear_violation,263.0,70.0,152.17914200000001,100.0,0.2340430000000000,143,611,260.64406800000000,291.0,0.9037800000000000,0.5838580000000000,0,0,1,0,0
2020,Pre-Season Test 2,R,VET,59.0,10.0,clear_violation,216.5499970,71.0,139.81424100000001,100.0,0.2345280000000000,144,614,260.64406800000000,291.0,0.744158000000000,0.5364180000000000,0,0,1,0,0
2020,Pre-Season Test 2,R,GRO,16.0,9.0,clear_violation,305.0,59.0,218.7420570000000,100.0,0.1719340000000000,136,791,260.64406800000000,291.0,1.0481100000000001,0.8392370000000000,0,0,1,0,0
2020,Pre-Season Test 2,R,GRO,27.0,10.0,clear_violation,231.0,87.0,143.39745199999999,100.0,0.2414910000000000,149,617,260.64406800000000,291.0,0.7938140000000000,0.550166000000000,0,0,1,0,0
2020,Pre-Season Test 2,R,GRO,28.0,10.0,clear_violation,288.0,57.0,168.13730600000000,100.0,0.2077290000000000,129,621,260.64406800000000,291.0,0.9896910000000000,0.6450840000000000,0,0,1,0,0
2020,Russian Grand Prix,FP1,GRO,23.0,2.0,clear_violation,313.0,88.0,198.49835600000000,100.0,0.1545160000000000,142,919,159.93243200000001,174.0,1.7988510000000000,1.2411390000000000,0,0,0,1,0
2020,Russian Grand Prix,FP1,STR,5.0,2.0,clear_violation,318.0,28.0,147.35128200000000,100.0,0.2686080000000000,332,1236,159.93243200000001,174.0,1.8275859999999999,0.9213350000000000,0,0,0,1,0
2020,Russian Grand Prix,FP1,RUS,13.0,13.0,no_advantage,303.0,89.0,205.38915600000001,100.0,0.1653540000000000,147,889,159.93243200000001,174.0,1.7413790000000000,1.28422500000000,0,0,0,1,0
2020,Russian Grand Prix,FP2,NOR,5.0,2.0,clear_violation,313.0,69.0,154.4762790000000,100.0,0.1519520000000000,179,1178,159.10382500000000,175.0,1.7885709999999999,0.9709150000000000,0,0,0,1,0
2020,Russian Grand Prix,FP2,BOT,8.0,2.0,clear_violation,320.0,70.0,170.2085830000000,100.0,0.2016810000000000,216,1071,159.10382500000000,175.0,1.8285709999999999,1.069796000000000,0,0,0,1,0
2020,Russian Grand Prix,FP2,BOT,8.0,13.0,no_advantage,320.0,70.0,170.2085830000000,100.0,0.2016810000000000,216,1071,159.10382500000000,175.0,1.8285709999999999,1.069796000000000,0,0,0,1,0
2020,Russian Grand Prix,FP2,HAM,8.0,13.0,no_advantage,330.0,7.0,179.45276600000000,100.0,0.1609760000000000,165,1025,159.10382500000000,175.0,1.8857139999999999,1.1278969999999999,0,0,0,1,0
2020,Russian Grand Prix,FP2,BOT,18.0,14.0,no_advantage,309.0,69.0,200.9153150000000,100.0,0.1848180000000000,168,909,159.10382500000000,175.0,1.7657140000000000,1.262794000000000,0,0,0,1,0
2020,Russian Grand Prix,FP2,HAM,17.0,13.0,no_advantage,311.0,62.0,204.2639060000000,100.0,0.1703790000000000,153,898,159.10382500000000,175.0,1.7771429999999999,1.2838400000000001,0,0,0,1,0
2020,Russian Grand Prix,FP2,LEC,26.0,17.0,no_advantage,303.0,91.0,205.25900899999999,100.0,0.1689190000000000,150,888,159.10382500000000,175.0,1.7314290000000001,1.2900950000000000,0,0,0,1,0
2020,Russian Grand Prix,FP3,ALB,10.0,2.0,clear_violation,321.0,99.0,221.9485110000000,100.0,0.1587880000000000,131,825,166.04522600000001,177.0,1.8135589999999999,1.3366750000000001,0,0,0,1,0
2020,Russian Grand Prix,FP3,BOT,1.0,7.0,no_advantage,301.0,60.35833400000000,151.4501600000000,100.0,0.2451670000000000,279,1138,166.04522600000001,177.0,1.7005650000000001,0.9121020000000000,0,0,0,1,0
2020,Russian Grand Prix,FP3,LEC,5.0,2.0,no_advantage,316.0,56.0,191.8952990000000,100.0,0.1856680000000000,171,921,166.04522600000001,177.0,1.7853110000000001,1.1556810000000000,0,0,0,1,0
2020,Russian Grand Prix,Q,HAM,2.0,2.0,clear_violation,333.0,102.0,222.3956500000000,100.0,0.1619980000000000,133,821,168.20339000000001,180.0,1.85,1.3221830000000001,0,1,0,0,0
2020,Russian Grand Prix,Q,HAM,7.0,18.0,clear_violation,334.0,107.0,227.60149999999999,100.0,0.1519300000000000,122,803,168.20339000000001,180.0,1.8555560000000000,1.3531329999999999,0,1,0,0,0
2020,Russian Grand Prix,Q,GAS,2.0,2.0,clear_violation,330.0,66.0,147.48132699999999,100.0,0.1284330000000000,159,1238,168.20339000000001,180.0,1.8333330000000001,0.8768040000000000,0,1,0,0,0
2020,Russian Grand Prix,Q,GRO,2.0,2.0,clear_violation,326.0,96.0,221.4715810000000,100.0,0.1535670000000000,127,827,168.20339000000001,180.0,1.8111109999999999,1.3166890000000000,0,1,0,0,0
2020,Russian Grand Prix,Q,MAG,2.0,2.0,clear_violation,326.0,67.0,181.56109300000000,100.0,0.1759440000000000,177,1006,168.20339000000001,180.0,1.8111109999999999,1.0794140000000001,0,1,0,0,0
2020,Russian Grand Prix,Q,HAM,1.0,2.0,no_advantage,300.0,60.0,142.14405800000000,104.0,0.2465080000000000,300,1217,168.20339000000001,180.0,1.6666669999999999,0.8450720000000000,0,1,0,0,0
2020,Russian Grand Prix,Q,GRO,1.0,2.0,no_advantage,284.0,34.0,143.57522000000000,100.0,0.2456580000000000,297,1209,168.20339000000001,180.0,1.5777779999999999,0.8535810000000000,0,1,0,0,0
2020,Russian Grand Prix,Q,MAG,1.0,2.0,no_advantage,294.0,28.0,140.17776300000000,100.0,0.2223120000000000,275,1237,168.20339000000001,180.0,1.6333329999999999,0.8333830000000000,0,1,0,0,0
2020,Russian Grand Prix,Q,GAS,1.0,2.0,no_advantage,295.0,30.0,131.62192800000000,100.0,0.1418820000000000,187,1318,168.20339000000001,180.0,1.6388890000000000,0.7825170000000000,0,1,0,0,0
2020,Russian Grand Prix,Q,LAT,1.0,2.0,no_advantage,292.0,59.1833340,135.47837500000000,100.0,0.1767010000000000,226,1279,168.20339000000001,180.0,1.6222220000000001,0.8054440000000000,0,1,0,0,0
2020,Russian Grand Prix,Q,HAM,7.0,18.0,no_advantage,334.0,107.0,227.60149999999999,100.0,0.1519300000000000,122,803,168.20339000000001,180.0,1.8555560000000000,1.3531329999999999,0,1,0,0,0
2020,Russian Grand Prix,R,RIC,25.0,2.0,clear_violation,318.0,97.0,206.51037500000001,100.0,0.1569970000000000,138,879,155.72125800000001,172.0,1.8488370000000001,1.3261540000000001,0,0,1,0,0
2020,Russian Grand Prix,R,ALB,50.0,2.0,clear_violation,307.0,92.0,209.0927050000000,100.0,0.1733640000000000,151,871,155.72125800000001,172.0,1.7848839999999999,1.3427370000000001,0,0,1,0,0
2020,Russian Grand Prix,R,GRO,39.0,2.0,clear_violation,305.0,89.0,202.09152200000000,100.0,0.1986680000000000,179,901,155.72125800000001,172.0,1.7732559999999999,1.29777700000000,0,0,1,0,0
2020,Russian Grand Prix,R,GRO,41.0,2.0,clear_violation,310.0,81.0,198.3458240000000,100.0,0.1882480000000000,173,919,155.72125800000001,172.0,1.802326000000000,1.2737229999999999,0,0,1,0,0
2020,Russian Grand Prix,R,GRO,47.0,2.0,clear_violation,333.0,89.0,205.7431150000000,100.0,0.1790190000000000,157,877,155.72125800000001,172.0,1.936047000000000,1.3212269999999999,0,0,1,0,0
2020,Russian Grand Prix,R,LEC,7.0,4.0,no_advantage,309.0,89.0,204.0213070000000,100.0,0.1814110000000000,162,893,155.72125800000001,172.0,1.7965120000000001,1.3101700000000001,0,0,1,0,0
2020,Russian Grand Prix,R,PER,9.0,2.0,no_advantage,338.0,93.0,205.76045900000000,100.0,0.2222220000000000,196,882,155.72125800000001,172.0,1.9651160000000001,1.3213379999999999,0,0,1,0,0
2020,Russian Grand Prix,R,RIC,24.0,2.0,no_advantage,314.0,95.0,206.3781380000000,100.0,0.1727270000000000,152,880,155.72125800000001,172.0,1.8255809999999999,1.3253050000000000,0,0,1,0,0
2020,Russian Grand Prix,R,GRO,38.0,2.0,no_advantage,303.0,88.0,206.7545520000000,100.0,0.1768710000000000,156,882,155.72125800000001,172.0,1.7616280000000000,1.3277220000000001,0,0,1,0,0
2020,Russian Grand Prix,R,ALB,49.0,2.0,no_advantage,306.0,98.0,212.5820220000000,100.0,0.1633610000000000,140,857,155.72125800000001,172.0,1.7790699999999999,1.3651450000000001,0,0,1,0,0
2020,Spanish Grand Prix,R,GRO,59.0,2.0,clear_violation,316.0,68.0,192.0511750000000,100.0,0.2050600000000000,154,751,276.4951530000000,294.0,1.0748300000000000,0.6945910000000000,0,0,1,0,0
2020,Styrian Grand Prix,FP1,GRO,3.0,9.0,clear_violation,313.0,65.0,227.3507200000000,100.0,0.1359060000000000,81,596,263.6272730000000,287.0,1.0905920000000000,0.8623950000000000,0,0,0,1,0
2020,Styrian Grand Prix,FP1,GAS,11.0,10.0,clear_violation,312.0,69.0,233.45714100000001,100.0,0.1124570000000000,65,578,263.6272730000000,287.0,1.0871080000000000,0.8855580000000000,0,0,0,1,0
2020,Styrian Grand Prix,FP1,STR,14.0,10.0,clear_violation,319.0,69.0,238.85964500000000,100.0,0.1546570000000000,88,569,263.6272730000000,287.0,1.1114980000000001,0.9060510000000001,0,0,0,1,0
2020,Styrian Grand Prix,FP1,STR,15.0,10.0,clear_violation,300.0,27.0,153.02470900000000,100.0,0.144960000000000,128,883,263.6272730000000,287.0,1.0452960000000000,0.5804589999999999,0,0,0,1,0
2020,Styrian Grand Prix,FP1,ALB,24.0,9.0,clear_violation,318.0,65.0,226.7318370000000,100.0,0.2084030000000000,124,595,263.6272730000000,287.0,1.10801400000000,0.8600470000000000,0,0,0,1,0
2020,Styrian Grand Prix,FP1,OCO,9.0,10.0,clear_violation,314.0,69.0,233.9094970000000,100.0,0.1514630000000000,88,581,263.6272730000000,287.0,1.0940770000000000,0.887274000000000,0,0,0,1,0
2020,Styrian Grand Prix,FP2,VET,15.0,9.0,clear_violation,317.0,70.0,240.3232840000000,100.0,0.1625440000000000,92,566,267.0125670000000,292.0,1.0856159999999999,0.9000450000000000,0,0,0,1,0
2020,Styrian Grand Prix,FP2,VET,34.0,9.0,clear_violation,297.0,68.0,222.6449820000000,100.0,0.1522090000000000,93,611,267.0125670000000,292.0,1.0171230000000000,0.8338370000000001,0,0,0,1,0
2020,Styrian Grand Prix,FP2,GRO,23.0,9.0,clear_violation,300.0,63.0,220.6249060000000,100.0,0.1539710000000000,95,617,267.0125670000000,292.0,1.0273969999999999,0.8262720000000000,0,0,0,1,0
2020,Styrian Grand Prix,FP2,GRO,30.0,9.0,clear_violation,301.0,64.0,212.4982650000000,100.0,0.1573210000000000,101,642,267.0125670000000,292.0,1.0308219999999999,0.7958360000000000,0,0,0,1,0
2020,Styrian Grand Prix,FP2,GAS,34.0,10.0,clear_violation,290.0,65.0,221.6274620000000,100.0,0.1386620000000000,85,613,267.0125670000000,292.0,0.9931510000000000,0.830026000000000,0,0,0,1,0
2020,Styrian Grand Prix,FP2,GAS,35.0,10.0,clear_violation,291.0,68.0,221.67196300000001,100.0,0.1479670000000000,91,615,267.0125670000000,292.0,0.9965750000000000,0.8301930000000000,0,0,0,1,0
2020,Styrian Grand Prix,FP2,PER,20.0,9.0,clear_violation,298.0,64.0,220.75843800000001,100.0,0.1818180000000000,112,616,267.0125670000000,292.0,1.0205480000000000,0.8267720000000000,0,0,0,1,0
2020,Styrian Grand Prix,FP2,STR,6.0,9.0,clear_violation,323.0,71.0,241.0791300000000,100.0,0.1539820000000000,87,565,267.0125670000000,292.0,1.106164000000000,0.9028760000000000,0,0,0,1,0
2020,Styrian Grand Prix,FP2,MAG,21.0,10.0,clear_violation,295.0,67.0,221.32245100000000,100.0,0.1791530000000000,110,614,267.0125670000000,292.0,1.0102739999999999,0.8288840000000000,0,0,0,1,0
2020,Styrian Grand Prix,FP2,MAG,22.0,10.0,clear_violation,295.0,67.0,220.35369399999999,100.0,0.1612900000000000,100,620,267.0125670000000,292.0,1.0102739999999999,0.8252560000000000,0,0,0,1,0
2020,Styrian Grand Prix,FP2,MAG,28.0,9.0,clear_violation,300.0,68.0,219.71998300000001,100.0,0.1832800000000000,114,622,267.0125670000000,292.0,1.0273969999999999,0.8228830000000000,0,0,0,1,0
2020,Styrian Grand Prix,FP2,ALB,8.0,9.0,clear_violation,323.0,71.0,239.17518200000001,100.0,0.1719300000000000,98,570,267.0125670000000,292.0,1.106164000000000,0.8957450000000000,0,0,0,1,0
2020,Styrian Grand Prix,FP2,KVY,14.0,10.0,clear_violation,323.0,68.0,239.5344750000000,100.0,0.1652020000000000,94,569,267.0125670000000,292.0,1.106164000000000,0.897091000000000,0,0,0,1,0
2020,Styrian Grand Prix,FP2,VER,3.0,9.0,clear_violation,322.0,70.0,240.3400670000000,100.0,0.1382980000000000,78,564,267.0125670000000,292.0,1.1027400000000001,0.900108000000000,0,0,0,1,0
2020,Styrian Grand Prix,FP2,VER,9.0,10.0,clear_violation,324.0,75.0,243.01811300000000,100.0,0.1494660000000000,84,562,267.0125670000000,292.0,1.1095889999999999,0.9101370000000000,0,0,0,1,0
2020,Styrian Grand Prix,FP2,HAM,2.0,9.0,clear_violation,319.0,71.0,236.6755400000000,100.0,0.1443480000000000,83,575,267.0125670000000,292.0,1.0924659999999999,0.8863839999999999,0,0,0,1,0
2020,Styrian Grand Prix,FP2,ALB,19.0,8.0,no_advantage,294.0,66.0,221.80745800000000,100.0,0.1801950000000000,111,616,267.0125670000000,292.0,1.0068490000000001,0.830700000000000,0,0,0,1,0
2020,Styrian Grand Prix,Q,NOR,29.0,9.0,clear_violation,287.0,46.0,176.9567320000000,100.0,0.2092110000000000,159,760,260.32027599999998,269.0,1.066914000000000,0.6797650000000000,0,1,0,0,0
2020,Styrian Grand Prix,Q,ALB,17.0,9.0,clear_violation,297.0,51.0,193.98236900000001,100.0,0.2308820000000000,157,680,260.32027599999998,269.0,1.104089000000000,0.7451680000000001,0,1,0,0,0
2020,Styrian Grand Prix,Q,KVY,19.0,9.0,clear_violation,291.0,47.0,194.7626150000000,100.0,0.1875,129,688,260.32027599999998,269.0,1.0817840000000001,0.7481650000000000,0,1,0,0,0
2020,Styrian Grand Prix,Q,MAG,17.0,9.0,clear_violation,291.0,50.0,191.7183130000000,100.0,0.2011580000000000,139,691,260.32027599999998,269.0,1.0817840000000001,0.7364710000000000,0,1,0,0,0
2020,Styrian Grand Prix,R,VER,66.0,10.0,clear_violation,306.0,60.0,225.2432220000000,100.0,0.1780370000000000,107,601,271.8302830000000,290.0,1.0551720000000000,0.8286170000000000,0,0,1,0,0
2020,Styrian Grand Prix,R,VER,67.0,10.0,clear_violation,309.0,61.0,219.1591690000000,100.0,0.1915580000000000,118,616,271.8302830000000,290.0,1.0655170000000000,0.8062350000000000,0,0,1,0,0
2020,Styrian Grand Prix,R,ALB,68.0,10.0,clear_violation,300.0,67.0,231.3890780000000,100.0,0.1487180000000000,87,585,271.8302830000000,290.0,1.0344830000000000,0.8512260000000000,0,0,1,0,0
2020,Styrian Grand Prix,R,ALB,69.0,10.0,clear_violation,301.0,67.0,228.31794099999999,100.0,0.1546220000000000,92,595,271.8302830000000,290.0,1.0379309999999999,0.8399280000000000,0,0,1,0,0
2020,Styrian Grand Prix,R,STR,7.0,9.0,clear_violation,322.0,60.0,220.65143300000000,100.0,0.2169660000000000,133,613,271.8302830000000,290.0,1.110345000000000,0.8117250000000000,0,0,1,0,0
2020,Styrian Grand Prix,R,STR,57.0,9.0,clear_violation,314.0,61.0,226.5938880000000,100.0,0.1828860000000000,109,596,271.8302830000000,290.0,1.0827590000000000,0.8335860000000000,0,0,1,0,0
2020,Styrian Grand Prix,R,RIC,44.0,10.0,clear_violation,299.0,69.0,226.27114599999999,100.0,0.1383330000000000,83,600,271.8302830000000,290.0,1.0310340000000000,0.8323990000000000,0,0,1,0,0
2020,Styrian Grand Prix,R,RIC,45.0,10.0,clear_violation,298.0,69.0,225.39310699999999,100.0,0.1352250000000000,81,599,271.8302830000000,290.0,1.0275860000000001,0.8291680000000000,0,0,1,0,0
2020,Styrian Grand Prix,R,KVY,31.0,9.0,clear_violation,293.0,68.0,222.0391160000000,100.0,0.1578950000000000,96,608,271.8302830000000,290.0,1.0103450000000000,0.8168299999999999,0,0,1,0,0
2020,Styrian Grand Prix,R,RAI,22.0,9.0,clear_violation,301.0,51.0,219.1653130000000,100.0,0.192869000000000,119,617,271.8302830000000,290.0,1.0379309999999999,0.8062580000000000,0,0,1,0,0
2020,Styrian Grand Prix,R,MAG,47.0,9.0,clear_violation,316.0,54.0,218.42308399999999,100.0,0.2222220000000000,134,603,271.8302830000000,290.0,1.089655000000000,0.8035270000000000,0,0,1,0,0
2020,Styrian Grand Prix,R,GRO,47.0,10.0,clear_violation,308.0,60.0,223.965229000000,100.0,0.1731750000000000,102,589,271.8302830000000,290.0,1.0620689999999999,0.8239160000000000,0,0,1,0,0
2020,Styrian Grand Prix,R,GRO,48.0,10.0,clear_violation,323.0,59.0,224.00980400000000,100.0,0.173469000000000,102,588,271.8302830000000,290.0,1.1137930000000000,0.8240800000000000,0,0,1,0,0
2020,Styrian Grand Prix,R,GIO,35.0,10.0,clear_violation,301.0,66.0,222.3518940000000,100.0,0.1756980000000000,107,609,271.8302830000000,290.0,1.0379309999999999,0.8179810000000000,0,0,1,0,0
2020,Styrian Grand Prix,R,GIO,36.0,10.0,clear_violation,303.0,62.0,221.824584000000,100.0,0.1732030000000000,106,612,271.8302830000000,290.0,1.0448280000000001,0.8160410000000000,0,0,1,0,0
2020,Styrian Grand Prix,R,GIO,42.0,9.0,clear_violation,318.0,65.0,226.17450500000001,100.0,0.1825800000000000,109,597,271.8302830000000,290.0,1.096552000000000,0.8320430000000000,0,0,1,0,0
2020,Styrian Grand Prix,R,GIO,52.0,10.0,clear_violation,303.0,67.0,225.08610800000000,100.0,0.1658290000000000,99,597,271.8302830000000,290.0,1.0448280000000001,0.8280390000000000,0,0,1,0,0
2020,Styrian Grand Prix,R,GIO,53.0,10.0,clear_violation,302.0,66.0,225.7265540000000,100.0,0.1713810000000000,103,601,271.8302830000000,290.0,1.0413790000000001,0.8303950000000000,0,0,1,0,0
2020,Styrian Grand Prix,R,GAS,47.0,10.0,clear_violation,296.0,61.0,214.02937700000001,100.0,0.1683010000000000,103,612,271.8302830000000,290.0,1.0206900000000001,0.7873640000000000,0,0,1,0,0
2020,Styrian Grand Prix,R,GAS,48.0,10.0,clear_violation,319.0,61.0,218.1290490000000,100.0,0.1763730000000000,106,601,271.8302830000000,290.0,1.1,0.80244600000000,0,0,1,0,0
2020,Styrian Grand Prix,R,LAT,60.0,9.0,clear_violation,302.0,66.0,224.72571800000000,100.0,0.2120200000000000,127,599,271.8302830000000,290.0,1.0413790000000001,0.8267130000000000,0,0,1,0,0
2020,Styrian Grand Prix,R,VET,1.0,,no_advantage,308.0,0.0,150.45866400000000,100.0,0.2865230000000000,253,883,271.8302830000000,290.0,1.0620689999999999,0.5535020000000000,0,0,1,0,0
2020,Tuscan Grand Prix,FP2,LEC,3.0,12.0,no_advantage,311.0,71.0,156.48894300000001,100.0,0.174618000000000,183,1048,293.54893600000003,313.0,0.9936100000000000,0.5330930000000000,0,0,0,1,0
2020,Tuscan Grand Prix,FP2,VET,21.0,13.0,no_advantage,291.0,119.0,222.6048240000000,100.0,0.1614650000000000,119,737,293.54893600000003,313.0,0.9297120000000000,0.7583230000000000,0,0,0,1,0
2020,Tuscan Grand Prix,FP3,GAS,11.0,11.0,no_advantage,314.0,74.0,152.1631660000000,100.0,0.133953000000000,144,1075,300.3826530000000,316.0,0.9936710000000000,0.5065640000000000,0,0,0,1,0
2020,Tuscan Grand Prix,Q,KVY,10.0,7.0,no_advantage,307.1541660,80.0,171.20167000000001,100.0,0.1125270000000000,106,942,303.96178300000003,315.0,0.9750930000000000,0.5632340000000000,0,1,0,0,0
2020,Tuscan Grand Prix,R,SAI,4.0,2.0,no_advantage,268.0,60.0,140.59035800000001,99.0,0.1259640000000000,147,1167,280.2134830000000,320.0,0.8375,0.5017260000000000,0,0,1,0,0
2021,Abu Dhabi Grand Prix,FP1,NOR,2.0,16.0,clear_violation,316.0,66.0,213.7317360000000,100.0,0.1549480000000000,119,768,204.17021299999999,226.0,1.3982300000000001,1.0468310000000001,0,0,0,1,0
2021,Abu Dhabi Grand Prix,FP1,NOR,3.0,16.0,clear_violation,276.0,49.0,133.76383400000000,100.0,0.1446280000000000,175,1210,204.17021299999999,226.0,1.2212390000000000,0.6551580000000000,0,0,0,1,0
2021,Abu Dhabi Grand Prix,FP1,NOR,6.0,7.0,clear_violation,316.0,55.0,159.63926300000000,100.0,0.1194030000000000,120,1005,204.17021299999999,226.0,1.3982300000000001,0.7818929999999999,0,0,0,1,0
2021,Abu Dhabi Grand Prix,FP1,VET,7.0,16.0,clear_violation,317.0,72.0,216.93057700000000,100.0,0.1556730000000000,118,758,204.17021299999999,226.0,1.4026550000000000,1.0624990000000001,0,0,0,1,0
2021,Abu Dhabi Grand Prix,FP1,VET,8.0,16.0,clear_violation,259.0,52.0,132.38699900000000,99.0,0.0898790000000000,111,1235,204.17021299999999,226.0,1.1460180000000000,0.6484150000000000,0,0,0,1,0
2021,Abu Dhabi Grand Prix,FP1,LAT,4.0,16.0,clear_violation,315.0,73.0,212.5569920000000,100.0,0.1621980000000000,121,746,204.17021299999999,226.0,1.3938050000000000,1.041077000000000,0,0,0,1,0
2021,Abu Dhabi Grand Prix,FP1,LAT,5.0,16.0,clear_violation,273.0,40.0,136.47417100000001,100.0,0.223268000000000,261,1169,204.17021299999999,226.0,1.2079650000000000,0.6684330000000001,0,0,0,1,0
2021,Abu Dhabi Grand Prix,FP1,LAT,6.0,16.0,clear_violation,314.0,72.0,213.05359200000001,100.0,0.155468000000000,118,759,204.17021299999999,226.0,1.3893810000000000,1.0435099999999999,0,0,0,1,0
2021,Abu Dhabi Grand Prix,FP1,MAZ,17.0,7.0,clear_violation,300.0,82.0,200.924077000000,100.0,0.1823750000000000,149,817,204.17021299999999,226.0,1.3274340000000000,0.9841010000000000,0,0,0,1,0
2021,Abu Dhabi Grand Prix,FP1,PER,4.0,16.0,clear_violation,317.0,72.0,217.17254000000000,100.0,0.1696310000000000,124,731,204.17021299999999,226.0,1.4026550000000000,1.063684000000000,0,0,0,1,0
2021,Abu Dhabi Grand Prix,FP1,ALO,3.0,15.0,clear_violation,313.0,69.0,215.1590950000000,100.0,0.1574700000000000,117,743,204.17021299999999,226.0,1.3849560000000001,1.0538220000000000,0,0,0,1,0
2021,Abu Dhabi Grand Prix,FP1,ALO,9.0,16.0,clear_violation,315.0,72.0,217.54378500000001,100.0,0.1441800000000000,109,756,204.17021299999999,226.0,1.3938050000000000,1.0655019999999999,0,0,0,1,0
2021,Abu Dhabi Grand Prix,FP1,TSU,4.0,15.0,clear_violation,314.0,73.0,216.41997300000000,100.0,0.1456690000000000,111,762,204.17021299999999,226.0,1.3893810000000000,1.0599980000000000,0,0,0,1,0
2021,Abu Dhabi Grand Prix,FP1,HAM,16.0,16.0,clear_violation,318.0,70.0,221.43049400000001,100.0,0.1428570000000000,106,742,204.17021299999999,226.0,1.407080000000000,1.084539000000000,0,0,0,1,0
2021,Abu Dhabi Grand Prix,FP1,SAI,2.0,16.0,clear_violation,314.0,67.0,215.2266790000000,100.0,0.1430500000000000,106,741,204.17021299999999,226.0,1.3893810000000000,1.0541529999999999,0,0,0,1,0
2021,Abu Dhabi Grand Prix,FP1,SAI,19.0,7.0,clear_violation,317.0,50.0,143.58873199999999,100.0,0.1279580000000000,146,1141,204.17021299999999,226.0,1.4026550000000000,0.7032800000000000,0,0,0,1,0
2021,Abu Dhabi Grand Prix,FP1,BOT,2.0,16.0,clear_violation,316.0,72.0,217.3662660000000,100.0,0.1660030000000000,125,753,204.17021299999999,226.0,1.3982300000000001,1.0646329999999999,0,0,0,1,0
2021,Abu Dhabi Grand Prix,FP1,BOT,3.0,16.0,clear_violation,267.0,62.0,142.9555410000000,100.0,0.1490300000000000,169,1134,204.17021299999999,226.0,1.1814160000000000,0.7001780000000000,0,0,0,1,0
2021,Abu Dhabi Grand Prix,FP1,BOT,24.0,16.0,clear_violation,299.0,68.0,209.86364200000000,100.0,0.1556120000000000,122,784,204.17021299999999,226.0,1.323009000000000,1.0278860000000001,0,0,0,1,0
2021,Abu Dhabi Grand Prix,FP1,BOT,25.0,16.0,clear_violation,303.0,66.0,206.25377399999999,100.0,0.1670850000000000,133,796,204.17021299999999,226.0,1.3407080000000000,1.0102050000000000,0,0,0,1,0
2021,Abu Dhabi Grand Prix,FP2,RIC,13.0,16.0,clear_violation,317.0,67.0,221.98037500000001,99.0,0.1214570000000000,90,741,213.55947100000000,226.0,1.4026550000000000,1.0394310000000000,0,0,0,1,0
2021,Abu Dhabi Grand Prix,FP2,NOR,4.0,16.0,clear_violation,317.0,64.0,221.0175650000000,100.0,0.1459460000000000,108,740,213.55947100000000,226.0,1.4026550000000000,1.034923000000000,0,0,0,1,0
2021,Abu Dhabi Grand Prix,FP2,VET,21.0,16.0,clear_violation,294.0,62.0,208.3036740000000,100.0,0.1434010000000000,113,788,213.55947100000000,226.0,1.3008850000000001,0.9753900000000000,0,0,0,1,0
2021,Abu Dhabi Grand Prix,FP2,VET,22.0,16.0,clear_violation,295.0,64.0,205.94218599999999,100.0,0.1614520000000000,129,799,213.55947100000000,226.0,1.3053100000000000,0.9643320000000000,0,0,0,1,0
2021,Abu Dhabi Grand Prix,FP2,RAI,8.0,16.0,clear_violation,322.0,71.0,218.73710600000001,100.0,0.1398140000000000,105,751,213.55947100000000,226.0,1.424779000000000,1.0242439999999999,0,0,0,1,0
2021,Abu Dhabi Grand Prix,FP2,MAZ,16.0,16.0,clear_violation,299.0,67.0,200.68017800000001,100.0,0.1705240000000000,140,821,213.55947100000000,226.0,1.323009000000000,0.939692000000000,0,0,0,1,0
2021,Abu Dhabi Grand Prix,FP2,MAZ,17.0,16.0,clear_violation,287.0,67.0,177.37766999999999,100.0,0.1756470000000000,163,928,213.55947100000000,226.0,1.2699119999999999,0.8305770000000000,0,0,0,1,0
2021,Abu Dhabi Grand Prix,FP2,MAZ,19.0,16.0,clear_violation,298.0,69.0,204.2004340000000,100.0,0.1524160000000000,123,807,213.55947100000000,226.0,1.3185840000000000,0.9561760000000000,0,0,0,1,0
2021,Abu Dhabi Grand Prix,FP2,MAZ,20.0,16.0,clear_violation,297.0,67.0,204.0728680000000,100.0,0.1509900000000000,122,808,213.55947100000000,226.0,1.3141590000000001,0.9555790000000000,0,0,0,1,0
2021,Abu Dhabi Grand Prix,FP2,ALO,7.0,16.0,clear_violation,323.0,70.0,223.54392500000000,100.0,0.1346940000000000,99,735,213.55947100000000,226.0,1.4292039999999999,1.0467530000000000,0,0,0,1,0
2021,Abu Dhabi Grand Prix,FP2,ALO,8.0,16.0,clear_violation,271.0,53.0,129.10502000000000,100.0,0.2558870000000000,326,1274,213.55947100000000,226.0,1.1991149999999999,0.6045390000000000,0,0,0,1,0
2021,Abu Dhabi Grand Prix,FP2,LEC,6.0,16.0,clear_violation,317.0,67.0,221.28216900000001,100.0,0.1384410000000000,103,744,213.55947100000000,226.0,1.4026550000000000,1.036162000000000,0,0,0,1,0
2021,Abu Dhabi Grand Prix,FP2,LEC,22.0,16.0,clear_violation,298.0,64.0,209.62305100000000,100.0,0.149235000000000,117,784,213.55947100000000,226.0,1.3185840000000000,0.9815680000000000,0,0,0,1,0
2021,Abu Dhabi Grand Prix,FP2,LEC,23.0,16.0,clear_violation,304.0,64.0,210.0937570000000,100.0,0.1445010000000000,113,782,213.55947100000000,226.0,1.345133000000000,0.9837720000000000,0,0,0,1,0
2021,Abu Dhabi Grand Prix,FP2,VER,4.0,16.0,clear_violation,317.0,69.0,221.29828499999999,100.0,0.1495960000000000,111,742,213.55947100000000,226.0,1.4026550000000000,1.036237000000000,0,0,0,1,0
2021,Abu Dhabi Grand Prix,FP2,VER,5.0,16.0,clear_violation,261.0,37.0,132.8508580000000,100.0,0.280517000000000,347,1237,213.55947100000000,226.0,1.154867000000000,0.6220790000000000,0,0,0,1,0
2021,Abu Dhabi Grand Prix,FP2,BOT,23.0,1.0,no_advantage,301.0,69.0,210.63065599999999,100.0,0.1323910000000000,103,778,213.55947100000000,226.0,1.331858000000000,0.9862860000000000,0,0,0,1,0
2021,Abu Dhabi Grand Prix,FP3,VET,4.0,16.0,clear_violation,316.0,65.0,216.68312499999999,100.0,0.1484890000000000,113,761,203.7388540000000,229.0,1.3799129999999999,1.0635340000000000,0,0,0,1,0
2021,Abu Dhabi Grand Prix,FP3,VET,5.0,16.0,clear_violation,272.0,64.0,160.819302000000,100.0,0.1606270000000000,164,1021,203.7388540000000,229.0,1.1877730000000000,0.7893400000000000,0,0,0,1,0
2021,Abu Dhabi Grand Prix,FP3,VET,13.0,16.0,clear_violation,316.0,66.0,218.3804500000000,100.0,0.1629140000000000,123,755,203.7388540000000,229.0,1.3799129999999999,1.0718650000000001,0,0,0,1,0
2021,Abu Dhabi Grand Prix,FP3,RAI,20.0,16.0,clear_violation,327.0,68.0,217.9254620000000,100.0,0.1660030000000000,125,753,203.7388540000000,229.0,1.4279480000000000,1.0696310000000000,0,0,0,1,0
2021,Abu Dhabi Grand Prix,FP3,RAI,21.0,16.0,clear_violation,282.0,56.0,177.69440800000001,100.0,0.1673910000000000,154,920,203.7388540000000,229.0,1.2314410000000000,0.872168000000000,0,0,0,1,0
2021,Abu Dhabi Grand Prix,FP3,MAZ,4.0,7.0,clear_violation,322.0,35.0,170.03501299999999,100.0,0.1375390000000000,133,967,203.7388540000000,229.0,1.4061140000000001,0.8345730000000000,0,0,0,1,0
2021,Abu Dhabi Grand Prix,FP3,LAT,4.0,1.0,no_advantage,324.0,69.0,199.18570900000000,100.0,0.157830000000000,128,811,203.7388540000000,229.0,1.4148470000000000,0.9776520000000000,0,0,0,1,0
2021,Abu Dhabi Grand Prix,FP3,HAM,16.0,12.0,no_advantage,283.0,59.0,162.00361899999999,100.0,0.1877470000000000,190,1012,203.7388540000000,229.0,1.2358080000000000,0.7951530000000000,0,0,0,1,0
2021,Abu Dhabi Grand Prix,FP3,MAZ,15.0,1.0,no_advantage,227.9625020,58.0,144.20044799999999,100.0,0.131004000000000,150,1145,203.7388540000000,229.0,0.9954690000000000,0.7077710000000000,0,0,0,1,0
2021,Abu Dhabi Grand Prix,FP3,RIC,11.0,1.0,no_advantage,289.0,57.0,171.69787900000000,99.0,0.0870020000000000,83,954,203.7388540000000,229.0,1.262009000000000,0.8427350000000000,0,0,0,1,0
2021,Abu Dhabi Grand Prix,FP3,HAM,20.0,1.0,no_advantage,306.0,68.0,213.29567299999999,100.0,0.1525420000000000,117,767,203.7388540000000,229.0,1.3362449999999999,1.0469070000000000,0,0,0,1,0
2021,Abu Dhabi Grand Prix,Q,LEC,16.0,16.0,clear_violation,322.0,72.0,226.28047500000000,100.0,0.1497250000000000,109,728,219.02118600000000,231.0,1.393939000000000,1.0331440000000001,0,1,0,0,0
2021,Abu Dhabi Grand Prix,Q,TSU,18.0,16.0,clear_violation,321.0,68.0,226.711083000000,100.0,0.1298340000000000,94,724,219.02118600000000,231.0,1.3896100000000000,1.0351100000000000,0,1,0,0,0
2021,Abu Dhabi Grand Prix,Q,GAS,5.0,16.0,clear_violation,323.0,67.0,224.5964080000000,100.0,0.1406690000000000,101,718,219.02118600000000,231.0,1.3982680000000001,1.0254550000000000,0,1,0,0,0
2021,Abu Dhabi Grand Prix,Q,MSC,1.0,1.0,no_advantage,304.0,43.0,155.0249700000000,100.0,0.1387230000000000,139,1002,219.02118600000000,231.0,1.316017000000000,0.707808000000000,0,1,0,0,0
2021,Abu Dhabi Grand Prix,Q,MAZ,1.0,1.0,no_advantage,291.0,18.0,137.16647900000001,100.0,0.1361630000000000,154,1131,219.02118600000000,231.0,1.2597400000000001,0.6262700000000000,0,1,0,0,0
2021,Abu Dhabi Grand Prix,Q,VET,10.0,16.0,no_advantage,291.0,47.0,163.59351699999999,100.0,0.2214360000000000,219,989,219.02118600000000,231.0,1.2597400000000001,0.7469300000000000,0,1,0,0,0
2021,Abu Dhabi Grand Prix,Q,TSU,12.0,1.0,no_advantage,282.0,34.0,136.93833699999999,100.0,0.1060100000000000,127,1198,219.02118600000000,231.0,1.2207790000000001,0.6252290000000000,0,1,0,0,0
2021,Abu Dhabi Grand Prix,Q,VET,13.0,1.0,no_advantage,318.0,69.0,223.5314010000000,100.0,0.1385870000000000,102,736,219.02118600000000,231.0,1.3766229999999999,1.0205930000000001,0,1,0,0,0
2021,Abu Dhabi Grand Prix,Q,VER,9.0,1.0,no_advantage,266.0,29.0,123.66497099999999,100.0,0.2957640000000000,391,1322,219.02118600000000,231.0,1.1515150000000001,0.5646260000000000,0,1,0,0,0
2021,Abu Dhabi Grand Prix,Q,GAS,13.0,1.0,no_advantage,288.0,65.0,180.21270799999999,100.0,0.1845300000000000,167,905,219.02118600000000,231.0,1.2467530000000000,0.8228090000000000,0,1,0,0,0
2021,Abu Dhabi Grand Prix,R,LEC,41.0,16.0,clear_violation,310.0,57.0,212.54355300000000,100.0,0.1580980000000000,123,778,209.39337499999999,223.0,1.390135000000000,1.01504400000000,0,0,1,0,0
2021,Abu Dhabi Grand Prix,R,LEC,42.0,16.0,clear_violation,312.0,56.0,211.5545280000000,100.0,0.1572890000000000,123,782,209.39337499999999,223.0,1.399103000000000,1.0103210000000000,0,0,1,0,0
2021,Abu Dhabi Grand Prix,R,STR,4.0,15.0,clear_violation,321.0,58.0,204.04045800000000,100.0,0.1982540000000000,159,802,209.39337499999999,223.0,1.4394620000000000,0.9744360000000000,0,0,1,0,0
2021,Abu Dhabi Grand Prix,R,STR,45.0,16.0,clear_violation,303.0,59.0,211.8371240000000,100.0,0.1762450000000000,138,783,209.39337499999999,223.0,1.358744000000000,1.0116710000000000,0,0,1,0,0
2021,Abu Dhabi Grand Prix,R,STR,46.0,16.0,clear_violation,302.0,62.0,211.5528710000000,100.0,0.1617830000000000,127,785,209.39337499999999,223.0,1.3542600000000000,1.0103130000000000,0,0,1,0,0
2021,Abu Dhabi Grand Prix,R,VER,16.0,15.0,clear_violation,322.0,63.0,210.8494820000000,100.0,0.1764710000000000,138,782,209.39337499999999,223.0,1.4439460000000000,1.006954000000000,0,0,1,0,0
2021,Abu Dhabi Grand Prix,R,MSC,3.0,7.0,clear_violation,336.0,76.0,199.89180700000000,100.0,0.2408310000000000,197,818,209.39337499999999,223.0,1.506726000000000,0.9546230000000000,0,0,1,0,0
2021,Abu Dhabi Grand Prix,R,VET,17.0,16.0,clear_violation,315.0,59.0,207.5966700000000,100.0,0.1806780000000000,144,797,209.39337499999999,223.0,1.4125559999999999,0.9914190000000001,0,0,1,0,0
2021,Abu Dhabi Grand Prix,R,VET,18.0,16.0,clear_violation,305.0,63.0,208.47269499999999,100.0,0.1608040000000000,128,796,209.39337499999999,223.0,1.3677130000000000,0.995603000000000,0,0,1,0,0
2021,Abu Dhabi Grand Prix,R,VET,30.0,16.0,clear_violation,302.0,61.0,209.71906899999999,100.0,0.1782050000000000,139,780,209.39337499999999,223.0,1.3542600000000000,1.0015550000000000,0,0,1,0,0
2021,Abu Dhabi Grand Prix,R,VET,31.0,16.0,clear_violation,320.0,55.0,209.4918330000000,100.0,0.1887030000000000,147,779,209.39337499999999,223.0,1.4349780000000001,1.0004700000000000,0,0,1,0,0
2021,Abu Dhabi Grand Prix,R,LAT,50.0,16.0,clear_violation,318.0,65.0,209.19459200000000,100.0,0.1848100000000000,146,790,209.39337499999999,223.0,1.4260090000000001,0.9990510000000000,0,0,1,0,0
2021,Abu Dhabi Grand Prix,R,VER,1.0,7.0,no_advantage,319.0,0.0,197.65963800000000,100.0,0.1970440000000000,160,812,209.39337499999999,223.0,1.4304930000000000,0.9439630000000000,0,0,1,0,0
2021,Abu Dhabi Grand Prix,R,LEC,13.0,4.0,no_advantage,308.0,62.0,207.59640800000000,100.0,0.166244000000000,131,788,209.39337499999999,223.0,1.3811659999999999,0.9914180000000000,0,0,1,0,0
2021,Abu Dhabi Grand Prix,R,TSU,38.0,,no_advantage,330.0,63.0,212.58772200000001,100.0,0.1602560000000000,125,780,209.39337499999999,223.0,1.4798210000000001,1.0152550000000000,0,0,1,0,0
2021,Austrian Grand Prix,FP1,VET,21.0,10.0,clear_violation,317.0,59.0,234.9060170000000,100.0,0.1459070000000000,82,562,264.56356699999998,289.0,1.0968860000000000,0.8879000000000000,0,0,0,1,0
2021,Austrian Grand Prix,FP1,VET,22.0,10.0,clear_violation,303.0,64.0,147.70890000000000,100.0,0.0920310000000000,82,891,264.56356699999998,289.0,1.0484430000000000,0.5583120000000000,0,0,0,1,0
2021,Austrian Grand Prix,FP1,RAI,6.0,10.0,clear_violation,316.0,71.0,233.14134000000001,100.0,0.1480210000000000,86,581,264.56356699999998,289.0,1.0934260000000000,0.8812300000000000,0,0,0,1,0
2021,Austrian Grand Prix,FP1,RAI,7.0,10.0,clear_violation,307.0,44.0,144.1393610000000,100.0,0.1155890000000000,109,943,264.56356699999998,289.0,1.0622840000000000,0.5448190000000001,0,0,0,1,0
2021,Austrian Grand Prix,FP1,RAI,13.0,10.0,clear_violation,315.0,73.0,236.16229100000001,100.0,0.1495650000000000,86,575,264.56356699999998,289.0,1.0899650000000001,0.8926490000000000,0,0,0,1,0
2021,Austrian Grand Prix,FP1,RAI,14.0,10.0,clear_violation,303.0,50.0,127.95256500000001,100.0,0.1365350000000000,145,1062,264.56356699999998,289.0,1.0484430000000000,0.48363600000000001,0,0,0,1,0
2021,Austrian Grand Prix,FP1,RAI,19.0,10.0,clear_violation,312.0,69.0,234.9279030000000,100.0,0.1678200000000000,97,578,264.56356699999998,289.0,1.0795850000000000,0.8879830000000000,0,0,0,1,0
2021,Austrian Grand Prix,FP1,MAZ,12.0,9.0,clear_violation,309.0,70.0,229.91833800000001,100.0,0.1725890000000000,102,591,264.56356699999998,289.0,1.069204000000000,0.8690480000000000,0,0,0,1,0
2021,Austrian Grand Prix,FP1,MAZ,23.0,10.0,clear_violation,310.0,71.0,231.4108590000000,100.0,0.1993010000000000,114,572,264.56356699999998,289.0,1.0726640000000001,0.8746890000000000,0,0,0,1,0
2021,Austrian Grand Prix,FP1,MAZ,24.0,10.0,clear_violation,303.0,54.0,135.06822700000001,100.0,0.0763750000000000,75,982,264.56356699999998,289.0,1.0484430000000000,0.5105320000000000,0,0,0,1,0
2021,Austrian Grand Prix,FP1,GAS,2.0,10.0,clear_violation,315.0,69.0,233.81515800000000,100.0,0.1260790000000000,73,579,264.56356699999998,289.0,1.0899650000000001,0.8837770000000000,0,0,0,1,0
2021,Austrian Grand Prix,FP1,GAS,3.0,10.0,clear_violation,307.0,46.0,147.86093600000001,100.0,0.1266380000000000,116,916,264.56356699999998,289.0,1.0622840000000000,0.5588860000000000,0,0,0,1,0
2021,Austrian Grand Prix,FP1,GAS,12.0,9.0,clear_violation,315.0,72.0,234.1399530000000,100.0,0.121317000000000,70,577,264.56356699999998,289.0,1.0899650000000001,0.8850050000000000,0,0,0,1,0
2021,Austrian Grand Prix,FP1,GAS,26.0,10.0,clear_violation,294.0,66.0,220.6660090000000,100.0,0.1495800000000000,89,595,264.56356699999998,289.0,1.0173010000000000,0.8340760000000000,0,0,0,1,0
2021,Austrian Grand Prix,FP1,GAS,29.0,10.0,clear_violation,298.0,67.0,221.0025590000000,100.0,0.1663810000000000,97,583,264.56356699999998,289.0,1.0311420000000000,0.8353480000000000,0,0,0,1,0
2021,Austrian Grand Prix,FP1,GAS,30.0,10.0,clear_violation,297.0,68.0,221.176599000000,100.0,0.1598020000000000,97,607,264.56356699999998,289.0,1.027682000000000,0.8360060000000000,0,0,0,1,0
2021,Austrian Grand Prix,FP1,GAS,33.0,10.0,clear_violation,292.0,66.0,221.03977100000000,100.0,0.1470590000000000,90,612,264.56356699999998,289.0,1.0103810000000000,0.8354880000000000,0,0,0,1,0
2021,Austrian Grand Prix,FP1,GAS,34.0,10.0,clear_violation,291.0,67.0,220.26781000000000,100.0,0.1351790000000000,83,614,264.56356699999998,289.0,1.0069200000000000,0.8325700000000000,0,0,0,1,0
2021,Austrian Grand Prix,FP1,TSU,11.0,10.0,clear_violation,314.0,70.0,234.0317460000000,100.0,0.1364420000000000,79,579,264.56356699999998,289.0,1.0865050000000001,0.8845960000000000,0,0,0,1,0
2021,Austrian Grand Prix,FP1,TSU,12.0,10.0,clear_violation,304.0,58.0,160.3517440000000,100.0,0.1613290000000000,136,843,264.56356699999998,289.0,1.0519030000000000,0.6060990000000001,0,0,0,1,0
2021,Austrian Grand Prix,FP1,TSU,25.0,10.0,clear_violation,289.0,66.0,220.1158320000000,100.0,0.1517710000000000,90,593,264.56356699999998,289.0,1.0,0.8319960000000000,0,0,0,1,0
2021,Austrian Grand Prix,FP1,TSU,26.0,10.0,clear_violation,293.0,65.0,219.03938700000000,100.0,0.1480870000000000,89,601,264.56356699999998,289.0,1.013841000000000,0.8279270000000000,0,0,0,1,0
2021,Austrian Grand Prix,FP1,HAM,5.0,10.0,clear_violation,299.0,67.0,221.2105600000000,100.0,0.160656000000000,98,610,264.56356699999998,289.0,1.0346020000000000,0.8361340000000000,0,0,0,1,0
2021,Austrian Grand Prix,FP1,HAM,6.0,10.0,clear_violation,295.0,67.0,221.6011450000000,100.0,0.1573770000000000,96,610,264.56356699999998,289.0,1.0207610000000000,0.8376100000000000,0,0,0,1,0
2021,Austrian Grand Prix,FP1,HAM,7.0,10.0,clear_violation,306.0,65.0,221.781958000000,100.0,0.1489360000000000,91,611,264.56356699999998,289.0,1.0588240000000000,0.8382940000000000,0,0,0,1,0
2021,Austrian Grand Prix,FP1,MSC,23.0,9.0,clear_violation,311.0,73.0,223.63238699999999,100.0,0.1722970000000000,102,592,264.56356699999998,289.0,1.0761250000000000,0.8452880000000000,0,0,0,1,0
2021,Austrian Grand Prix,FP1,ILO,8.0,10.0,clear_violation,318.0,64.0,229.2139970000000,100.0,0.1703200000000000,101,593,264.56356699999998,289.0,1.1003460000000000,0.8663850000000000,0,0,0,1,0
2021,Austrian Grand Prix,FP1,ILO,9.0,10.0,clear_violation,308.0,58.0,149.3018450000000,100.0,0.2233220000000000,203,909,264.56356699999998,289.0,1.065744000000000,0.5643330000000000,0,0,0,1,0
2021,Austrian Grand Prix,FP1,ILO,10.0,10.0,clear_violation,318.0,68.0,230.080239000000,100.0,0.1816640000000000,107,589,264.56356699999998,289.0,1.1003460000000000,0.8696600000000000,0,0,0,1,0
2021,Austrian Grand Prix,FP1,TSU,3.0,5.0,no_advantage,306.0,54.0,153.23360500000001,100.0,0.192090000000000,170,885,264.56356699999998,289.0,1.0588240000000000,0.5791940000000000,0,0,0,1,0
2021,Austrian Grand Prix,FP1,STR,6.0,7.0,no_advantage,297.0,57.0,174.88045600000001,100.0,0.2652010000000000,205,773,264.56356699999998,289.0,1.027682000000000,0.6610150000000000,0,0,0,1,0
2021,Austrian Grand Prix,FP2,LAT,9.0,9.0,clear_violation,314.0,67.0,232.27756199999999,100.0,0.1763700000000000,103,584,262.6473510000000,286.0,1.097902000000000,0.8843700000000000,0,0,0,1,0
2021,Austrian Grand Prix,FP2,LAT,14.0,10.0,clear_violation,314.0,69.0,234.1544550000000,100.0,0.1844830000000000,107,580,262.6473510000000,286.0,1.097902000000000,0.8915170000000000,0,0,0,1,0
2021,Austrian Grand Prix,FP2,RAI,4.0,10.0,clear_violation,320.0,71.0,234.420229000000,100.0,0.1502590000000000,87,579,262.6473510000000,286.0,1.118881000000000,0.8925280000000000,0,0,0,1,0
2021,Austrian Grand Prix,FP2,RAI,14.0,10.0,clear_violation,320.0,72.0,237.64656700000000,100.0,0.1431060000000000,82,573,262.6473510000000,286.0,1.118881000000000,0.9048119999999999,0,0,0,1,0
2021,Austrian Grand Prix,FP2,RAI,15.0,10.0,clear_violation,302.0,51.0,138.0071430000000,100.0,0.1293280000000000,127,982,262.6473510000000,286.0,1.055944000000000,0.5254470000000000,0,0,0,1,0
2021,Austrian Grand Prix,FP2,MAZ,4.0,9.0,clear_violation,314.0,67.0,221.2930280000000,100.0,0.2009800000000000,123,612,262.6473510000000,286.0,1.097902000000000,0.8425480000000000,0,0,0,1,0
2021,Austrian Grand Prix,FP2,MAZ,11.0,9.0,clear_violation,320.0,72.0,233.5664580000000,100.0,0.1801030000000000,105,583,262.6473510000000,286.0,1.118881000000000,0.8892780000000000,0,0,0,1,0
2021,Austrian Grand Prix,FP2,MAZ,17.0,9.0,clear_violation,293.0,63.0,214.6931750000000,100.0,0.2006320000000000,127,633,262.6473510000000,286.0,1.0244759999999999,0.8174200000000000,0,0,0,1,0
2021,Austrian Grand Prix,FP2,MAZ,30.0,9.0,clear_violation,294.0,62.0,218.53001699999999,100.0,0.1870970000000000,116,620,262.6473510000000,286.0,1.027972000000000,0.8320280000000000,0,0,0,1,0
2021,Austrian Grand Prix,FP2,GAS,5.0,9.0,clear_violation,318.0,69.0,234.076833000000,100.0,0.1122630000000000,65,579,262.6473510000000,286.0,1.1118880000000000,0.8912210000000000,0,0,0,1,0
2021,Austrian Grand Prix,FP2,GAS,11.0,10.0,clear_violation,318.0,71.0,237.19907100000000,100.0,0.1239090000000000,71,573,262.6473510000000,286.0,1.1118880000000000,0.9031090000000001,0,0,0,1,0
2021,Austrian Grand Prix,FP2,GAS,12.0,10.0,clear_violation,312.0,53.0,122.68594800000000,100.0,0.041704000000000,46,1103,262.6473510000000,286.0,1.0909089999999999,0.4671130000000000,0,0,0,1,0
2021,Austrian Grand Prix,FP2,GAS,22.0,10.0,clear_violation,292.0,65.0,220.1409700000000,100.0,0.1644950000000000,101,614,262.6473510000000,286.0,1.020979000000000,0.8381620000000000,0,0,0,1,0
2021,Austrian Grand Prix,FP2,GAS,23.0,10.0,clear_violation,293.0,66.0,218.7297890000000,100.0,0.1682850000000000,104,618,262.6473510000000,286.0,1.0244759999999999,0.8327890000000000,0,0,0,1,0
2021,Austrian Grand Prix,FP2,LEC,7.0,9.0,clear_violation,313.0,74.0,215.59383900000000,100.0,0.1421800000000000,90,633,262.6473510000000,286.0,1.0944060000000000,0.8208490000000001,0,0,0,1,0
2021,Austrian Grand Prix,FP2,TSU,14.0,10.0,clear_violation,316.0,75.0,235.8806300000000,100.0,0.1274000000000000,73,573,262.6473510000000,286.0,1.1048950000000000,0.898089000000000,0,0,0,1,0
2021,Austrian Grand Prix,FP2,OCO,12.0,10.0,clear_violation,314.0,73.0,236.13964799999999,100.0,0.1426090000000000,82,575,262.6473510000000,286.0,1.097902000000000,0.8990750000000000,0,0,0,1,0
2021,Austrian Grand Prix,FP2,MSC,10.0,9.0,clear_violation,319.0,75.0,236.8664010000000,100.0,0.1724740000000000,99,574,262.6473510000000,286.0,1.1153850000000001,0.9018420000000000,0,0,0,1,0
2021,Austrian Grand Prix,FP2,SAI,10.0,9.0,clear_violation,314.0,73.0,236.2708660000000,100.0,0.169284000000000,97,573,262.6473510000000,286.0,1.097902000000000,0.8995750000000000,0,0,0,1,0
2021,Austrian Grand Prix,FP2,SAI,17.0,10.0,clear_violation,279.2500010000000,56.0,168.8418940000000,100.0,0.2064680000000000,166,804,262.6473510000000,286.0,0.9763990000000000,0.6428460000000000,0,0,0,1,0
2021,Austrian Grand Prix,FP2,SAI,21.0,10.0,clear_violation,314.0,67.0,234.59185400000001,100.0,0.1733100000000000,100,577,262.6473510000000,286.0,1.097902000000000,0.8931820000000000,0,0,0,1,0
2021,Austrian Grand Prix,FP2,GIO,11.0,9.0,clear_violation,318.0,72.0,235.7503940000000,100.0,0.1493060000000000,86,576,262.6473510000000,286.0,1.1118880000000000,0.8975930000000000,0,0,0,1,0
2021,Austrian Grand Prix,FP2,LEC,7.0,9.0,no_advantage,313.0,74.0,215.59383900000000,100.0,0.1421800000000000,90,633,262.6473510000000,286.0,1.0944060000000000,0.8208490000000001,0,0,0,1,0
2021,Austrian Grand Prix,FP2,HAM,21.0,4.0,no_advantage,288.0,67.0,221.1211950000000,100.0,0.1386620000000000,85,613,262.6473510000000,286.0,1.006993000000000,0.8418940000000000,0,0,0,1,0
2021,Austrian Grand Prix,FP3,NOR,17.0,10.0,clear_violation,313.0,72.0,224.11738500000001,100.0,0.1586780000000000,96,605,259.3150680000000,289.0,1.0830450000000000,0.8642670000000000,0,0,0,1,0
2021,Austrian Grand Prix,FP3,NOR,19.0,10.0,clear_violation,314.0,68.0,235.52911499999999,100.0,0.1391300000000000,80,575,259.3150680000000,289.0,1.0865050000000001,0.9082740000000000,0,0,0,1,0
2021,Austrian Grand Prix,FP3,LAT,13.0,10.0,clear_violation,315.0,71.0,234.36065700000000,100.0,0.1868510000000000,108,578,259.3150680000000,289.0,1.0899650000000001,0.9037680000000000,0,0,0,1,0
2021,Austrian Grand Prix,FP3,LAT,14.0,10.0,clear_violation,308.0,61.0,157.69140200000001,100.0,0.2077010000000000,178,857,259.3150680000000,289.0,1.065744000000000,0.608107000000000,0,0,0,1,0
2021,Austrian Grand Prix,FP3,RAI,4.0,9.0,clear_violation,316.0,69.0,232.0358590000000,100.0,0.1421230000000000,83,584,259.3150680000000,289.0,1.0934260000000000,0.894803000000000,0,0,0,1,0
2021,Austrian Grand Prix,FP3,MAZ,4.0,9.0,clear_violation,298.0,63.0,218.0025920000000,100.0,0.1816720000000000,113,622,259.3150680000000,289.0,1.0311420000000000,0.8406860000000000,0,0,0,1,0
2021,Austrian Grand Prix,FP3,MAZ,8.0,10.0,clear_violation,297.0,64.0,218.26830600000000,100.0,0.1851850000000000,115,621,259.3150680000000,289.0,1.027682000000000,0.8417110000000000,0,0,0,1,0
2021,Austrian Grand Prix,FP3,MAZ,9.0,10.0,clear_violation,298.0,60.0,217.6072630000000,100.0,0.1867950000000000,116,621,259.3150680000000,289.0,1.0311420000000000,0.8391620000000000,0,0,0,1,0
2021,Austrian Grand Prix,FP3,GAS,13.0,10.0,clear_violation,316.0,66.0,236.0207890000000,100.0,0.1343800000000000,77,573,259.3150680000000,289.0,1.0934260000000000,0.9101700000000000,0,0,0,1,0
2021,Austrian Grand Prix,FP3,GAS,14.0,10.0,clear_violation,308.0,52.0,120.486800000000,100.0,0.0778870000000000,87,1117,259.3150680000000,289.0,1.065744000000000,0.4646350000000000,0,0,0,1,0
2021,Austrian Grand Prix,FP3,GAS,16.0,9.0,clear_violation,318.0,70.0,235.53946199999999,100.0,0.1256540000000000,72,573,259.3150680000000,289.0,1.1003460000000000,0.9083140000000000,0,0,0,1,0
2021,Austrian Grand Prix,FP3,ALO,12.0,9.0,clear_violation,312.0,70.0,232.9845050000000,100.0,0.144082000000000,84,583,259.3150680000000,289.0,1.0795850000000000,0.8984610000000000,0,0,0,1,0
2021,Austrian Grand Prix,FP3,LEC,11.0,10.0,clear_violation,317.0,68.0,232.9199780000000,100.0,0.1623490000000000,94,579,259.3150680000000,289.0,1.0968860000000000,0.8982120000000000,0,0,0,1,0
2021,Austrian Grand Prix,FP3,STR,6.0,10.0,clear_violation,310.0,67.0,233.8147170000000,100.0,0.1892360000000000,109,576,259.3150680000000,289.0,1.0726640000000001,0.9016630000000000,0,0,0,1,0
2021,Austrian Grand Prix,FP3,HAM,14.0,10.0,clear_violation,316.0,72.0,238.5589520000000,100.0,0.1305110000000000,74,567,259.3150680000000,289.0,1.0934260000000000,0.9199580000000001,0,0,0,1,0
2021,Austrian Grand Prix,FP3,SAI,16.0,10.0,clear_violation,313.0,68.0,229.22324800000001,100.0,0.1796610000000000,106,590,259.3150680000000,289.0,1.0830450000000000,0.883957000000000,0,0,0,1,0
2021,Austrian Grand Prix,Q,GAS,2.0,9.0,clear_violation,317.0,65.0,237.1911760000000,100.0,0.1381120000000000,79,572,276.22535199999999,291.0,1.0893470000000001,0.8586870000000000,0,1,0,0,0
2021,Austrian Grand Prix,Q,LEC,5.0,9.0,clear_violation,320.0,71.0,239.03430499999999,100.0,0.1486730000000000,84,565,276.22535199999999,291.0,1.0996560000000000,0.8653600000000000,0,1,0,0,0
2021,Austrian Grand Prix,Q,RIC,8.0,9.0,clear_violation,320.0,69.0,237.87748500000001,100.0,0.131579000000000,75,570,276.22535199999999,291.0,1.0996560000000000,0.8611720000000000,0,1,0,0,0
2021,Austrian Grand Prix,Q,GIO,14.0,10.0,clear_violation,320.0,73.0,239.99104399999999,100.0,0.146384000000000,83,567,276.22535199999999,291.0,1.0996560000000000,0.8688230000000000,0,1,0,0,0
2021,Austrian Grand Prix,R,SAI,34.0,10.0,clear_violation,307.0,63.0,221.2029850000000,100.0,0.2091500000000000,128,612,272.3017570000000,289.0,1.0622840000000000,0.812345000000000,0,0,1,0,0
2021,Austrian Grand Prix,R,SAI,35.0,10.0,clear_violation,310.0,62.0,221.45472699999999,100.0,0.1996730000000000,122,611,272.3017570000000,289.0,1.0726640000000001,0.8132700000000000,0,0,1,0,0
2021,Austrian Grand Prix,R,RIC,68.0,10.0,clear_violation,301.0,60.0,222.54442299999999,99.0,0.1644740000000000,100,608,272.3017570000000,289.0,1.041522000000000,0.8172710000000000,0,0,1,0,0
2021,Austrian Grand Prix,R,RIC,69.0,10.0,clear_violation,301.0,61.0,222.6165600000000,99.0,0.1414470000000000,86,608,272.3017570000000,289.0,1.041522000000000,0.8175360000000000,0,0,1,0,0
2021,Austrian Grand Prix,R,LEC,60.0,10.0,clear_violation,318.0,60.0,224.6311650000000,100.0,0.1986750000000000,120,604,272.3017570000000,289.0,1.1003460000000000,0.8249350000000000,0,0,1,0,0
2021,Austrian Grand Prix,R,LEC,61.0,10.0,clear_violation,323.0,57.0,223.19718900000001,100.0,0.2079210000000000,126,606,272.3017570000000,289.0,1.1176470000000001,0.8196690000000000,0,0,1,0,0
2021,Austrian Grand Prix,R,LEC,64.0,10.0,clear_violation,319.0,60.0,224.1294950000000,100.0,0.1970200000000000,119,604,272.3017570000000,289.0,1.1038060000000001,0.8230920000000000,0,0,1,0,0
2021,Austrian Grand Prix,R,LEC,65.0,10.0,clear_violation,318.0,55.0,219.5895130000000,100.0,0.224026000000000,138,616,272.3017570000000,289.0,1.1003460000000000,0.8064200000000000,0,0,1,0,0
2021,Austrian Grand Prix,R,GAS,28.0,10.0,clear_violation,298.0,67.0,221.1540320000000,100.0,0.1620290000000000,99,611,272.3017570000000,289.0,1.0311420000000000,0.8121650000000000,0,0,1,0,0
2021,Austrian Grand Prix,R,GAS,29.0,10.0,clear_violation,298.0,67.0,221.44999700000000,100.0,0.1489360000000000,91,611,272.3017570000000,289.0,1.0311420000000000,0.8132520000000000,0,0,1,0,0
2021,Austrian Grand Prix,R,GAS,67.0,10.0,clear_violation,306.0,66.0,226.61687400000000,100.0,0.1610740000000000,96,596,272.3017570000000,289.0,1.0588240000000000,0.8322270000000001,0,0,1,0,0
2021,Austrian Grand Prix,R,GAS,68.0,10.0,clear_violation,304.0,67.0,225.84901900000000,100.0,0.1583330000000000,95,600,272.3017570000000,289.0,1.0519030000000000,0.8294070000000000,0,0,1,0,0
2021,Austrian Grand Prix,R,GAS,71.0,9.0,clear_violation,326.0,59.0,220.66676699999999,100.0,0.2022840000000000,124,613,272.3017570000000,289.0,1.1280280000000000,0.8103760000000000,0,0,1,0,0
2021,Austrian Grand Prix,R,ALO,59.0,10.0,clear_violation,316.0,66.0,224.1462650000000,100.0,0.1900830000000000,115,605,272.3017570000000,289.0,1.0934260000000000,0.8231540000000001,0,0,1,0,0
2021,Austrian Grand Prix,R,ALO,60.0,10.0,clear_violation,321.0,66.0,222.21172000000001,100.0,0.1770490000000000,108,610,272.3017570000000,289.0,1.1107270000000000,0.8160500000000001,0,0,1,0,0
2021,Austrian Grand Prix,R,ALO,61.0,10.0,clear_violation,314.0,65.0,223.0678540000000,100.0,0.1828670000000000,111,607,272.3017570000000,289.0,1.0865050000000001,0.8191940000000000,0,0,1,0,0
2021,Austrian Grand Prix,R,TSU,21.0,10.0,clear_violation,300.0,68.0,219.99462100000000,100.0,0.1853660000000000,114,615,272.3017570000000,289.0,1.0380620000000000,0.8079070000000000,0,0,1,0,0
2021,Austrian Grand Prix,R,TSU,22.0,10.0,clear_violation,301.0,67.0,219.02636999999999,100.0,0.1961100000000000,121,617,272.3017570000000,289.0,1.041522000000000,0.8043520000000000,0,0,1,0,0
2021,Austrian Grand Prix,R,TSU,31.0,10.0,clear_violation,300.0,69.0,219.70811599999999,100.0,0.1512200000000000,93,615,272.3017570000000,289.0,1.0380620000000000,0.8068550000000000,0,0,1,0,0
2021,Austrian Grand Prix,R,TSU,32.0,10.0,clear_violation,319.0,64.0,219.0273530000000,100.0,0.2224030000000000,137,616,272.3017570000000,289.0,1.1038060000000001,0.8043550000000000,0,0,1,0,0
2021,Austrian Grand Prix,R,GIO,27.0,9.0,clear_violation,319.0,58.0,218.49836600000000,100.0,0.2032260000000000,126,620,272.3017570000000,289.0,1.1038060000000001,0.8024130000000000,0,0,1,0,0
2021,Austrian Grand Prix,R,RAI,35.0,10.0,clear_violation,298.0,61.0,221.138194000000,100.0,0.1821140000000000,112,615,272.3017570000000,289.0,1.0311420000000000,0.8121070000000000,0,0,1,0,0
2021,Austrian Grand Prix,R,RAI,36.0,10.0,clear_violation,298.0,64.0,220.48333099999999,100.0,0.1691060000000000,104,615,272.3017570000000,289.0,1.0311420000000000,0.8097020000000000,0,0,1,0,0
2021,Austrian Grand Prix,R,RAI,57.0,10.0,clear_violation,303.0,64.0,224.65552299999999,100.0,0.1608620000000000,97,603,272.3017570000000,289.0,1.0484430000000000,0.8250240000000000,0,0,1,0,0
2021,Austrian Grand Prix,R,RAI,58.0,10.0,clear_violation,303.0,64.0,225.13088800000000,100.0,0.1710960000000000,103,602,272.3017570000000,289.0,1.0484430000000000,0.8267700000000000,0,0,1,0,0
2021,Austrian Grand Prix,R,RAI,59.0,10.0,clear_violation,300.0,65.0,222.94215199999999,100.0,0.1666670000000000,101,606,272.3017570000000,289.0,1.0380620000000000,0.8187320000000000,0,0,1,0,0
2021,Austrian Grand Prix,R,VET,29.0,10.0,clear_violation,318.0,62.0,217.1592360000000,100.0,0.2190020000000000,136,621,272.3017570000000,289.0,1.1003460000000000,0.7974950000000000,0,0,1,0,0
2021,Austrian Grand Prix,R,VET,30.0,10.0,clear_violation,313.0,60.0,218.67037800000000,100.0,0.2148630000000000,133,619,272.3017570000000,289.0,1.0830450000000000,0.8030440000000000,0,0,1,0,0
2021,Austrian Grand Prix,R,MSC,63.0,9.0,clear_violation,307.0,66.0,214.76972599999999,100.0,0.1711570000000000,108,631,272.3017570000000,289.0,1.0622840000000000,0.7887200000000000,0,0,1,0,0
2021,Austrian Grand Prix,R,MAZ,12.0,9.0,clear_violation,304.0,60.0,214.8403400000000,100.0,0.2003180000000000,126,629,272.3017570000000,289.0,1.0519030000000000,0.7889790000000000,0,0,1,0,0
2021,Austrian Grand Prix,R,MAZ,20.0,9.0,clear_violation,302.0,61.0,215.1195060000000,100.0,0.1984130000000000,125,630,272.3017570000000,289.0,1.0449830000000000,0.7900040000000000,0,0,1,0,0
2021,Austrian Grand Prix,R,MAZ,31.0,9.0,clear_violation,299.0,63.0,213.7504130000000,100.0,0.2183540000000000,138,632,272.3017570000000,289.0,1.0346020000000000,0.7849760000000000,0,0,1,0,0
2021,Austrian Grand Prix,R,MAZ,46.0,9.0,clear_violation,301.0,0.0,168.81066300000001,100.0,0.2615770000000000,209,799,272.3017570000000,289.0,1.041522000000000,0.6199400000000000,0,0,1,0,0
2021,Austrian Grand Prix,R,OCO,1.0,3.0,no_advantage,328.0,0.0,73.10827100000000,104.0,0.1118600000000000,83,742,272.3017570000000,289.0,1.1349480000000001,0.2684830000000000,0,0,1,0,0
2021,Azerbaijan Grand Prix,FP1,HAM,12.0,15.0,no_advantage,324.0,44.0,167.07383999999999,100.0,0.2635800000000000,296,1123,316.9605630000000,340.0,0.9529410000000000,0.527112000000000,0,0,0,1,0
2021,Azerbaijan Grand Prix,FP1,SAI,17.0,15.0,no_advantage,310.0,0.0,137.9007200000000,100.0,0.2538750000000000,344,1355,316.9605630000000,340.0,0.9117650000000000,0.43507200000000001,0,0,0,1,0
2021,Azerbaijan Grand Prix,FP1,MSC,19.0,4.0,no_advantage,313.0,68.0,183.9748860000000,100.0,0.2242900000000000,229,1021,316.9605630000000,340.0,0.9205880000000000,0.5804350000000000,0,0,0,1,0
2021,Azerbaijan Grand Prix,FP1,BOT,19.0,2.0,no_advantage,313.0,70.0,194.38204800000000,100.0,0.2191070000000000,211,963,316.9605630000000,340.0,0.9205880000000000,0.6132690000000000,0,0,0,1,0
2021,Azerbaijan Grand Prix,FP1,NOR,18.0,2.0,no_advantage,314.0,70.0,194.29680200000001,100.0,0.2035310000000000,196,963,316.9605630000000,340.0,0.9235290000000000,0.6130000000000000,0,0,0,1,0
2021,Azerbaijan Grand Prix,FP2,BOT,1.0,1.0,no_advantage,331.0,44.0,168.8234190000000,104.0,0.2375,247,1040,320.041096000000,358.0,0.9245810000000000,0.5275050000000000,0,0,0,1,0
2021,Azerbaijan Grand Prix,FP2,NOR,1.0,15.0,no_advantage,325.1083330,0.0,139.07388399999999,100.0,0.2402190000000000,307,1278,320.041096000000,358.0,0.9081240000000000,0.4345500000000000,0,0,0,1,0
2021,Azerbaijan Grand Prix,FP2,LAT,3.0,2.0,no_advantage,330.0,59.0,158.81797000000000,100.0,0.2868020000000000,339,1182,320.041096000000,358.0,0.9217880000000001,0.4962420000000000,0,0,0,1,0
2021,Azerbaijan Grand Prix,FP2,MAZ,3.0,1.0,no_advantage,342.0,49.0,163.4062850000000,100.0,0.2463010000000000,283,1149,320.041096000000,358.0,0.9553070000000000,0.5105790000000000,0,0,0,1,0
2021,Azerbaijan Grand Prix,FP2,LAT,4.0,15.0,no_advantage,332.0,0.0,150.8687380000000,100.0,0.2924300000000000,367,1255,320.041096000000,358.0,0.9273740000000000,0.47140399999999999,0,0,0,1,0
2021,Azerbaijan Grand Prix,FP2,GAS,12.0,15.0,no_advantage,330.0,37.0,138.61335399999999,100.0,0.1729490000000000,234,1353,320.041096000000,358.0,0.9217880000000001,0.43311100000000002,0,0,0,1,0
2021,Azerbaijan Grand Prix,FP2,VET,10.0,2.0,no_advantage,331.0,33.0,182.5702920000000,100.0,0.2119140000,217,1024,320.041096000000,358.0,0.9245810000000000,0.5704590000000000,0,0,0,1,0
2021,Azerbaijan Grand Prix,FP3,BOT,1.0,3.0,no_advantage,322.0,0.0,164.8904390000000,100.0,0.2729810000000000,294,1077,318.5877190000000,344.0,0.936047000000000,0.517567000000000,0,0,0,1,0
2021,Azerbaijan Grand Prix,FP3,RAI,5.0,1.0,no_advantage,331.0,49.0,161.0416040000000,100.0,0.2109780000000000,246,1166,318.5877190000000,344.0,0.9622090000000000,0.5054860000000000,0,0,0,1,0
2021,Azerbaijan Grand Prix,FP3,LAT,10.0,3.0,no_advantage,330.0,57.0,152.24735400000000,100.0,0.254321000000000,309,1215,318.5877190000000,344.0,0.9593020000000000,0.4778820000000000,0,0,0,1,0
2021,Azerbaijan Grand Prix,FP3,SAI,8.0,15.0,no_advantage,327.0,57.0,169.22220899999999,100.0,0.1692160000000000,177,1046,318.5877190000000,344.0,0.9505810000000000,0.5311640000000000,0,0,0,1,0
2021,Azerbaijan Grand Prix,FP3,MSC,12.0,15.0,no_advantage,327.0,60.0,175.0167210000000,100.0,0.2200560000000000,237,1077,318.5877190000000,344.0,0.9505810000000000,0.5493520000000000,0,0,0,1,0
2021,Azerbaijan Grand Prix,Q,MAZ,8.0,3.0,no_advantage,329.0,56.0,162.5572950000000,100.0,0.2296360000000000,265,1154,325.32474200000001,344.0,0.9563950000000000,0.49967699999999998,0,1,0,0,0
2021,Azerbaijan Grand Prix,R,SAI,10.0,8.0,no_advantage,317.0,70.0,192.17466800000000,100.0,0.2494870000000000,243,974,299.53462000000002,345.0,0.9188410000000000,0.6415770000000000,0,0,1,0,0
2021,Azerbaijan Grand Prix,R,BOT,22.0,16.0,no_advantage,340.0,70.0,199.35700900000001,100.0,0.2127660000000000,200,940,299.53462000000002,345.0,0.9855070000000000,0.6655560000000000,0,0,1,0,0
2021,Azerbaijan Grand Prix,R,MAZ,23.0,4.0,no_advantage,313.0,66.0,197.76051200000001,100.0,0.2221050000000000,211,950,299.53462000000002,345.0,0.9072460000000000,0.6602260000000000,0,0,1,0,0
2021,Bahrain Grand Prix,FP2,TSU,5.0,4.0,clear_violation,317.0,67.0,211.2728650000000,100.0,0.1693650000000000,136,803,278.1275510000000,294.0,1.0782309999999999,0.7596260000000000,0,0,0,1,0
2021,Bahrain Grand Prix,FP2,OCO,9.0,4.0,clear_violation,317.0,70.0,210.74238399999999,100.0,0.180470000000000,146,809,278.1275510000000,294.0,1.0782309999999999,0.7577180000000000,0,0,0,1,0
2021,Bahrain Grand Prix,FP2,HAM,2.0,4.0,clear_violation,313.0,75.0,212.35650799999999,100.0,0.175,140,800,278.1275510000000,294.0,1.064626000000000,0.7635220000000000,0,0,0,1,0
2021,Bahrain Grand Prix,FP2,MSC,12.0,4.0,clear_violation,315.0,70.0,204.88796600000001,100.0,0.1872750000000000,156,833,278.1275510000000,294.0,1.0714290000000000,0.7366690000000000,0,0,0,1,0
2021,Bahrain Grand Prix,FP2,BOT,2.0,4.0,clear_violation,313.0,48.0,162.1815610000000,100.0,0.2133970000000000,223,1045,278.1275510000000,294.0,1.064626000000000,0.583119000000000,0,0,0,1,0
2021,Bahrain Grand Prix,FP2,BOT,15.0,4.0,clear_violation,299.0,70.0,199.2898300000000,100.0,0.189696000000000,162,854,278.1275510000000,294.0,1.0170070000000000,0.7165410000000000,0,0,0,1,0
2021,Bahrain Grand Prix,FP2,BOT,17.0,4.0,clear_violation,298.0,70.0,196.7953190000000,100.0,0.1972160000000000,170,862,278.1275510000000,294.0,1.0136050000000001,0.7075720000000000,0,0,0,1,0
2021,Bahrain Grand Prix,FP2,BOT,18.0,4.0,clear_violation,296.0,72.0,198.32233400000001,100.0,0.1869160000000000,160,856,278.1275510000000,294.0,1.0068029999999999,0.7130630000000000,0,0,0,1,0
2021,Bahrain Grand Prix,FP2,BOT,19.0,4.0,clear_violation,298.0,68.0,196.85369700000001,100.0,0.1883720000000000,162,860,278.1275510000000,294.0,1.0136050000000001,0.7077820000000000,0,0,0,1,0
2021,Bahrain Grand Prix,FP2,RAI,5.0,3.0,no_advantage,318.0,61.0,168.91410999999999,100.0,0.1807350000000000,182,1007,278.1275510000000,294.0,1.0816330000000001,0.6073260000000000,0,0,0,1,0
2021,Bahrain Grand Prix,FP3,TSU,14.0,4.0,clear_violation,327.0,68.0,210.25977000000000,100.0,0.1791610000000000,141,787,278.91847799999999,296.0,1.1047300000000000,0.7538400000000000,0,0,0,1,0
2021,Bahrain Grand Prix,FP3,BOT,3.0,4.0,clear_violation,321.0,70.0,208.80064200000001,100.0,0.1742330000000000,142,815,278.91847799999999,296.0,1.0844590000000001,0.748608000000000,0,0,0,1,0
2021,Bahrain Grand Prix,FP3,BOT,7.0,4.0,clear_violation,303.0,63.0,201.2586320000000,100.0,0.193128000000000,163,844,278.91847799999999,296.0,1.0236490000000000,0.7215680000000000,0,0,0,1,0
2021,Bahrain Grand Prix,FP3,BOT,9.0,4.0,clear_violation,299.0,65.0,200.62648799999999,100.0,0.185579000000000,157,846,278.91847799999999,296.0,1.010135000000000,0.7193020000000000,0,0,0,1,0
2021,Bahrain Grand Prix,Q,RIC,8.0,4.0,clear_violation,319.0,74.0,214.46333200000001,100.0,0.1876570000000000,149,794,287.4909090000000,295.0,1.0813560000000000,0.7459830000000000,0,1,0,0,0
2021,Bahrain Grand Prix,Q,PER,7.0,4.0,clear_violation,314.0,71.0,214.9603850000000,100.0,0.189155000000000,150,793,287.4909090000000,295.0,1.064407000000000,0.7477120000000000,0,1,0,0,0
2021,Bahrain Grand Prix,R,GAS,6.0,4.0,no_advantage,292.0,68.0,200.9134570000000,100.0,0.1923990000000000,162,842,273.4791450000000,297.0,0.9831650000000000,0.7346570000000000,0,0,1,0,0
2021,Bahrain Grand Prix,R,NOR,9.0,4.0,no_advantage,327.0,62.0,199.9958360000000,100.0,0.2079910000000000,177,851,273.4791450000000,297.0,1.101010000000000,0.7313020000000000,0,0,1,0,0
2021,Belgian Grand Prix,FP2,TSU,5.0,9.0,clear_violation,328.0,66.0,232.4596150000000,100.0,0.130712000000000,123,941,221.19196400000001,232.0,1.4137930000000001,1.0509409999999999,0,0,0,1,0
2021,Belgian Grand Prix,FP2,SAI,2.0,9.0,clear_violation,329.0,71.0,233.0784590000000,100.0,0.151547000000000,142,937,221.19196400000001,232.0,1.418103000000000,1.0537380000000001,0,0,0,1,0
2021,Belgian Grand Prix,FP3,LEC,13.0,9.0,clear_violation,312.0,28.0,195.05313000000001,100.0,0.1840440000000000,203,1103,210.35096200000001,222.0,1.4054050000000000,0.9272750000000000,0,0,0,1,0
2021,Belgian Grand Prix,FP3,RUS,1.0,18.0,no_advantage,307.0,39.0,170.85016600000000,100.0,0.2291330000000000,280,1222,210.35096200000001,222.0,1.382883000000000,0.8122150000000000,0,0,0,1,0
2021,Belgian Grand Prix,FP3,SAI,1.0,5.0,no_advantage,296.0,51.0,180.1271140000000,100.0,0.1350170000000000,155,1148,210.35096200000001,222.0,1.3333330000000001,0.8563170000000000,0,0,0,1,0
2021,Belgian Grand Prix,FP3,HAM,1.0,5.0,no_advantage,295.0,0.0,154.97940299999999,100.0,0.3263160000000000,434,1330,210.35096200000001,222.0,1.3288290000000000,0.7367660000000000,0,0,0,1,0
2021,Belgian Grand Prix,FP3,MAZ,14.0,5.0,no_advantage,307.0,55.0,199.1793100000000,100.0,0.2250920000000000,244,1084,210.35096200000001,222.0,1.382883000000000,0.946890000000000,0,0,0,1,0
2021,British Grand Prix,FP1,MAZ,13.0,9.0,clear_violation,326.0,85.0,232.10842299999999,100.0,0.1533590000000000,121,789,237.17552000000001,255.0,1.2784310000000001,0.9786360000000000,0,0,0,1,0
2021,British Grand Prix,FP1,MAZ,17.0,15.0,clear_violation,327.0,82.0,232.9275860000000,100.0,0.154140000000000,121,785,237.17552000000001,255.0,1.2823530000000001,0.9820890000000000,0,0,0,1,0
2021,British Grand Prix,FP1,RUS,21.0,9.0,clear_violation,327.0,82.0,234.30745600000000,100.0,0.1562100000000000,122,781,237.17552000000001,255.0,1.2823530000000001,0.987907000000000,0,0,0,1,0
2021,British Grand Prix,FP2,NOR,15.0,15.0,clear_violation,323.0,80.0,226.7190240000000,99.0,0.1601510000000000,127,793,235.62111800000000,251.0,1.2868530000000000,0.9622190000000000,0,0,0,1,0
2021,British Grand Prix,FP2,NOR,19.0,9.0,clear_violation,307.0,84.0,230.1890730000000,100.0,0.137453000000000,109,793,235.62111800000000,251.0,1.2231080000000001,0.976946000000000,0,0,0,1,0
2021,British Grand Prix,FP2,GAS,4.0,9.0,clear_violation,299.0,86.0,221.6881120000000,100.0,0.1343830000000000,111,826,235.62111800000000,251.0,1.1912350000000000,0.9408670000000000,0,0,0,1,0
2021,British Grand Prix,FP2,TSU,30.0,9.0,clear_violation,299.0,86.0,226.46464900000001,100.0,0.1223730000000000,99,809,235.62111800000000,251.0,1.1912350000000000,0.9611390000000000,0,0,0,1,0
2021,British Grand Prix,FP2,GIO,22.0,9.0,clear_violation,307.0,86.0,226.9914350000000,100.0,0.130273000000000,105,806,235.62111800000000,251.0,1.2231080000000001,0.963375000000000,0,0,0,1,0
2021,British Grand Prix,Q,PER,16.0,15.0,clear_violation,322.0,96.0,241.8876750000000,100.0,0.1236840000000000,94,760,248.53488400000001,258.0,1.248062000000000,0.973254000000000,0,1,0,0,0
2021,British Grand Prix,Q,VET,11.0,15.0,clear_violation,326.0,93.0,240.48539099999999,100.0,0.1376150000000000,105,763,248.53488400000001,258.0,1.2635660000000000,0.9676120000000000,0,1,0,0,0
2021,British Grand Prix,R,LEC,50.0,9.0,clear_violation,320.0,78.0,225.17065299999999,100.0,0.1611320000000000,131,813,240.81553400000001,255.0,1.2549020000000000,0.9350340000000000,0,0,1,0,0
2021,British Grand Prix,R,NOR,31.0,9.0,clear_violation,323.0,78.0,223.18913100000000,99.0,0.173171000000000,142,820,240.81553400000001,255.0,1.2666670000000000,0.9268050000000000,0,0,1,0,0
2021,British Grand Prix,R,RIC,9.0,9.0,clear_violation,301.0,78.0,223.02270899999999,100.0,0.1416360000000000,116,819,240.81553400000001,255.0,1.1803920000000001,0.9261140000000000,0,0,1,0,0
2021,British Grand Prix,R,SAI,6.0,9.0,clear_violation,322.0,83.0,222.3242970000000,100.0,0.173171000000000,142,820,240.81553400000001,255.0,1.2627450000000000,0.9232140000000000,0,0,1,0,0
2021,British Grand Prix,R,SAI,26.0,9.0,clear_violation,307.0,87.0,228.4124140000000,100.0,0.1371570000000000,110,802,240.81553400000001,255.0,1.203922000000000,0.9484950000000000,0,0,1,0,0
2021,British Grand Prix,R,GAS,8.0,9.0,clear_violation,318.0,83.0,219.6963010000000,100.0,0.1684720000000000,140,831,240.81553400000001,255.0,1.2470589999999999,0.9123010000000000,0,0,1,0,0
2021,British Grand Prix,R,GAS,12.0,9.0,clear_violation,332.0,79.0,220.3515400000000,100.0,0.1676720000000000,139,829,240.81553400000001,255.0,1.3019609999999999,0.9150220000000000,0,0,1,0,0
2021,British Grand Prix,R,GAS,16.0,9.0,clear_violation,330.0,80.0,221.5578090000000,100.0,0.1628190000000000,134,823,240.81553400000001,255.0,1.2941180000000001,0.9200310000000000,0,0,1,0,0
2021,British Grand Prix,R,GAS,29.0,15.0,clear_violation,334.0,0.0,185.1512870000000,100.0,0.1912960000000000,189,988,240.81553400000001,255.0,1.3098040000000000,0.7688510000000000,0,0,1,0,0
2021,British Grand Prix,R,GIO,7.0,9.0,clear_violation,329.0,83.0,219.5064870000000,100.0,0.1860740000000000,155,833,240.81553400000001,255.0,1.2901959999999999,0.9115130000000000,0,0,1,0,0
2021,British Grand Prix,R,RAI,7.0,9.0,clear_violation,304.0,82.0,219.7305970000000,100.0,0.1656660000000000,138,833,240.81553400000001,255.0,1.192157000000000,0.9124440000000000,0,0,1,0,0
2021,British Grand Prix,R,PER,17.0,9.0,clear_violation,329.0,79.0,222.18660900000000,100.0,0.1909980000000000,157,822,240.81553400000001,255.0,1.2901959999999999,0.9226420000000000,0,0,1,0,0
2021,British Grand Prix,R,VET,30.0,15.0,clear_violation,320.0,70.0,222.6952790000000,100.0,0.2063490000000000,169,819,240.81553400000001,255.0,1.2549020000000000,0.9247550000000000,0,0,1,0,0
2021,British Grand Prix,S,GAS,7.0,9.0,clear_violation,324.0,82.0,222.6692250000000,100.0,0.1328320000000000,106,798,248.72781100000000,253.0,1.2806320000000000,0.8952329999999999,1,0,0,0,0
2021,British Grand Prix,S,RAI,6.0,9.0,clear_violation,339.0,86.0,224.63634400000001,100.0,0.188424000000000,153,812,248.72781100000000,253.0,1.3399209999999999,0.9031410000000000,1,0,0,0,0
2021,British Grand Prix,S,GIO,13.0,9.0,clear_violation,318.0,87.0,226.22652900000000,100.0,0.1565220000000000,126,805,248.72781100000000,253.0,1.256917000000000,0.9095350000000000,1,0,0,0,0
2021,British Grand Prix,S,LAT,9.0,9.0,clear_violation,313.0,90.0,223.55709500000000,100.0,0.1619630000000000,132,815,248.72781100000000,253.0,1.2371540000000001,0.898802000000000,1,0,0,0,0
2021,British Grand Prix,S,SAI,1.0,7.0,no_advantage,322.0,0.0,196.63593900000001,100.0,0.2019760000000000,184,911,248.72781100000000,253.0,1.2727269999999999,0.7905670000000000,1,0,0,0,0
2021,British Grand Prix,S,MAZ,2.0,3.0,no_advantage,311.0,84.0,223.3471190000000,100.0,0.1914630000000000,157,820,248.72781100000000,253.0,1.2292490000000000,0.8979580000000000,1,0,0,0,0
2021,British Grand Prix,SQ,GAS,7.0,9.0,clear_violation,324.0,82.0,222.6692250000000,100.0,0.1328320000000000,106,798,248.72781100000000,253.0,1.2806320000000000,0.8952329999999999,0,1,0,0,0
2021,British Grand Prix,SQ,RAI,6.0,9.0,clear_violation,339.0,86.0,224.63634400000001,100.0,0.188424000000000,153,812,248.72781100000000,253.0,1.3399209999999999,0.9031410000000000,0,1,0,0,0
2021,British Grand Prix,SQ,GIO,13.0,9.0,clear_violation,318.0,87.0,226.22652900000000,100.0,0.1565220000000000,126,805,248.72781100000000,253.0,1.256917000000000,0.9095350000000000,0,1,0,0,0
2021,British Grand Prix,SQ,LAT,9.0,9.0,clear_violation,313.0,90.0,223.55709500000000,100.0,0.1619630000000000,132,815,248.72781100000000,253.0,1.2371540000000001,0.898802000000000,0,1,0,0,0
2021,British Grand Prix,SQ,SAI,1.0,7.0,no_advantage,322.0,0.0,196.63593900000001,100.0,0.2019760000000000,184,911,248.72781100000000,253.0,1.2727269999999999,0.7905670000000000,0,1,0,0,0
2021,British Grand Prix,SQ,MAZ,2.0,3.0,no_advantage,311.0,84.0,223.3471190000000,100.0,0.1914630000000000,157,820,248.72781100000000,253.0,1.2292490000000000,0.8979580000000000,0,1,0,0,0
2021,Dutch Grand Prix,FP1,OCO,1.0,11.0,no_advantage,297.0,35.0,142.65816100000001,100.0,0.2034090000000000,179,880,279.0320280000000,316.0,0.939873000000000,0.5112610000000000,0,0,0,1,0
2021,Dutch Grand Prix,FP1,NOR,16.0,13.0,no_advantage,308.0,38.0,186.27055500000000,100.0,0.1675980000000000,120,716,279.0320280000000,316.0,0.9746840000000000,0.6675600000000000,0,0,0,1,0
2021,Dutch Grand Prix,FP3,VET,1.0,10.0,no_advantage,298.0,59.0,168.98157499999999,100.0,0.1734970000000000,127,732,276.6437910000000,316.0,0.9430380000000000,0.6108270000000000,0,0,0,1,0
2021,Dutch Grand Prix,FP3,NOR,14.0,9.0,no_advantage,301.80000000000001,49.0,146.27766299999999,100.0,0.1293860000000000,118,912,276.6437910000000,316.0,0.9550630000000000,0.5287580000000000,0,0,0,1,0
2021,Emilia Romagna Grand Prix,FP2,RIC,12.0,9.0,clear_violation,323.0,106.0,230.9736310000000,100.0,0.1147540000000000,77,671,276.31529399999999,289.0,1.1176470000000001,0.8359060000000000,0,0,0,1,0
2021,Emilia Romagna Grand Prix,FP2,NOR,5.0,9.0,clear_violation,323.0,58.0,186.73965200000001,99.0,0.1314840000000000,109,829,276.31529399999999,289.0,1.1176470000000001,0.6758210000000000,0,0,0,1,0
2021,Emilia Romagna Grand Prix,FP2,NOR,17.0,9.0,clear_violation,328.0,95.0,217.37353100000001,99.0,0.2008430000000000,143,712,276.31529399999999,289.0,1.1349480000000001,0.7866870000000000,0,0,0,1,0
2021,Emilia Romagna Grand Prix,FP2,VET,12.0,9.0,clear_violation,327.0,94.0,227.0820400000000,100.0,0.1794120000000000,122,680,276.31529399999999,289.0,1.1314880000000000,0.8218220000000001,0,0,0,1,0
2021,Emilia Romagna Grand Prix,FP2,VET,20.0,15.0,clear_violation,306.0,99.0,218.67726800000000,100.0,0.1687940000000000,119,705,276.31529399999999,289.0,1.0588240000000000,0.7914050000000000,0,0,0,1,0
2021,Emilia Romagna Grand Prix,FP2,RAI,25.0,15.0,clear_violation,309.0,93.0,217.9201120000000,100.0,0.1960510000000000,139,709,276.31529399999999,289.0,1.069204000000000,0.7886649999999999,0,0,0,1,0
2021,Emilia Romagna Grand Prix,FP2,GAS,7.0,9.0,clear_violation,323.0,104.0,232.59565100000000,100.0,0.1353380000000000,90,665,276.31529399999999,289.0,1.1176470000000001,0.8417760000000000,0,0,0,1,0
2021,Emilia Romagna Grand Prix,FP2,GAS,29.0,9.0,clear_violation,313.0,96.0,219.8065180000000,100.0,0.1894590000000000,133,702,276.31529399999999,289.0,1.0830450000000000,0.7954920000000000,0,0,0,1,0
2021,Emilia Romagna Grand Prix,FP2,PER,10.0,9.0,clear_violation,319.0,110.0,231.77747800000000,100.0,0.1434980000000000,96,669,276.31529399999999,289.0,1.1038060000000001,0.8388150000000000,0,0,0,1,0
2021,Emilia Romagna Grand Prix,FP2,LEC,4.0,9.0,clear_violation,321.0,106.0,230.90105700000001,100.0,0.1579730000000000,106,671,276.31529399999999,289.0,1.1107270000000000,0.835643000000000,0,0,0,1,0
2021,Emilia Romagna Grand Prix,FP2,LEC,8.0,9.0,clear_violation,322.0,109.0,234.78333499999999,100.0,0.1487100000000000,98,659,276.31529399999999,289.0,1.1141870000000000,0.849694000000000,0,0,0,1,0
2021,Emilia Romagna Grand Prix,FP2,TSU,9.0,9.0,clear_violation,322.0,106.0,230.77229500000001,100.0,0.1335310000000000,90,674,276.31529399999999,289.0,1.1141870000000000,0.8351769999999999,0,0,0,1,0
2021,Emilia Romagna Grand Prix,FP2,HAM,17.0,9.0,clear_violation,304.0,104.0,221.0869840000000,100.0,0.1530760000000000,107,699,276.31529399999999,289.0,1.0519030000000000,0.8001260000000000,0,0,0,1,0
2021,Emilia Romagna Grand Prix,FP2,MSC,4.0,9.0,clear_violation,329.0,101.0,222.583898000000,100.0,0.1882180000000000,131,696,276.31529399999999,289.0,1.1384080000000001,0.8055430000000000,0,0,0,1,0
2021,Emilia Romagna Grand Prix,FP2,MSC,6.0,9.0,clear_violation,323.0,105.0,225.36884200000000,100.0,0.1865890000000000,128,686,276.31529399999999,289.0,1.1176470000000001,0.8156220000000000,0,0,0,1,0
2021,Emilia Romagna Grand Prix,FP2,RUS,24.0,15.0,clear_violation,304.0,103.0,221.22230400000001,100.0,0.16189100000000,113,698,276.31529399999999,289.0,1.0519030000000000,0.8006150000000000,0,0,0,1,0
2021,Emilia Romagna Grand Prix,FP2,GIO,12.0,9.0,clear_violation,323.0,105.0,230.38148300000000,100.0,0.1369050000000000,92,672,276.31529399999999,289.0,1.1176470000000001,0.8337630000000000,0,0,0,1,0
2021,Emilia Romagna Grand Prix,FP2,GIO,24.0,9.0,clear_violation,304.0,99.0,221.5454950000000,100.0,0.1545060000000000,108,699,276.31529399999999,289.0,1.0519030000000000,0.8017850000000000,0,0,0,1,0
2021,Emilia Romagna Grand Prix,FP3,RIC,10.0,9.0,clear_violation,320.0,103.0,231.4647250000000,100.0,0.1244380000000000,83,667,263.3127040000000,289.0,1.1072660000000001,0.8790490000000000,0,0,0,1,0
2021,Emilia Romagna Grand Prix,FP3,NOR,2.0,9.0,clear_violation,320.0,110.0,230.28575599999999,99.0,0.1218420000000000,82,673,263.3127040000000,289.0,1.1072660000000001,0.8745710000000000,0,0,0,1,0
2021,Emilia Romagna Grand Prix,FP3,NOR,4.0,9.0,clear_violation,319.0,111.0,229.10937799999999,99.0,0.1198220000000000,81,676,263.3127040000000,289.0,1.1038060000000001,0.8701040000000000,0,0,0,1,0
2021,Emilia Romagna Grand Prix,FP3,VET,9.0,9.0,clear_violation,319.0,107.0,230.15185500000001,100.0,0.1609540000000000,108,671,263.3127040000000,289.0,1.1038060000000001,0.8740630000000000,0,0,0,1,0
2021,Emilia Romagna Grand Prix,FP3,RAI,7.0,9.0,clear_violation,316.0,101.0,228.8489530000000,100.0,0.1610040000000000,109,677,263.3127040000000,289.0,1.0934260000000000,0.8691150000000000,0,0,0,1,0
2021,Emilia Romagna Grand Prix,FP3,RAI,12.0,9.0,clear_violation,320.0,105.0,231.10661700000000,100.0,0.1490310000000000,100,671,263.3127040000000,289.0,1.1072660000000001,0.8776890000000001,0,0,0,1,0
2021,Emilia Romagna Grand Prix,FP3,MAZ,2.0,9.0,clear_violation,319.0,95.0,224.0348510000000,100.0,0.1837920000000000,127,691,263.3127040000000,289.0,1.1038060000000001,0.8508320000000000,0,0,0,1,0
2021,Emilia Romagna Grand Prix,FP3,MAZ,12.0,15.0,clear_violation,327.0,98.0,228.34209700000000,100.0,0.1846380000000000,125,677,263.3127040000000,289.0,1.1314880000000000,0.8671900000000000,0,0,0,1,0
2021,Emilia Romagna Grand Prix,FP3,MAZ,21.0,15.0,clear_violation,323.0,105.0,230.78323399999999,100.0,0.1922500000000000,129,671,263.3127040000000,289.0,1.1176470000000001,0.876461000000000,0,0,0,1,0
2021,Emilia Romagna Grand Prix,FP3,GAS,18.0,9.0,clear_violation,320.0,102.0,231.64815700000000,100.0,0.1379310000000000,92,667,263.3127040000000,289.0,1.1072660000000001,0.8797450000000000,0,0,0,1,0
2021,Emilia Romagna Grand Prix,FP3,PER,2.0,9.0,clear_violation,316.0,111.0,227.00351699999999,100.0,0.1581260000000000,108,683,263.3127040000000,289.0,1.0934260000000000,0.8621060000000000,0,0,0,1,0
2021,Emilia Romagna Grand Prix,FP3,ALO,6.0,15.0,clear_violation,318.0,107.0,229.068091000000,100.0,0.155096000000000,105,677,263.3127040000000,289.0,1.1003460000000000,0.8699470000000000,0,0,0,1,0
2021,Emilia Romagna Grand Prix,FP3,LEC,7.0,9.0,clear_violation,324.0,105.0,232.13652500000001,100.0,0.1511980000000000,101,668,263.3127040000000,289.0,1.1211070000000001,0.881600000000000,0,0,0,1,0
2021,Emilia Romagna Grand Prix,FP3,STR,13.0,9.0,clear_violation,318.0,109.0,231.38891300000000,100.0,0.1709150000000000,114,667,263.3127040000000,289.0,1.1003460000000000,0.8787610000000000,0,0,0,1,0
2021,Emilia Romagna Grand Prix,FP3,TSU,5.0,9.0,clear_violation,317.0,105.0,228.87277700000001,100.0,0.1299850000000000,88,677,263.3127040000000,289.0,1.0968860000000000,0.8692050000000000,0,0,0,1,0
2021,Emilia Romagna Grand Prix,FP3,VER,4.0,9.0,clear_violation,315.0,108.0,232.0772890000000,100.0,0.1533830000000000,102,665,263.3127040000000,289.0,1.0899650000000001,0.8813750000000000,0,0,0,1,0
2021,Emilia Romagna Grand Prix,FP3,HAM,6.0,9.0,clear_violation,319.0,110.0,232.3064700000000,100.0,0.1325300000000000,88,664,263.3127040000000,289.0,1.1038060000000001,0.8822460000000000,0,0,0,1,0
2021,Emilia Romagna Grand Prix,FP3,MSC,2.0,9.0,clear_violation,314.0,105.0,225.32745600000001,100.0,0.1804950000000000,124,687,263.3127040000000,289.0,1.0865050000000001,0.8557410000000000,0,0,0,1,0
2021,Emilia Romagna Grand Prix,FP3,MSC,6.0,9.0,clear_violation,317.0,107.0,228.29375800000000,100.0,0.1666670000000000,113,678,263.3127040000000,289.0,1.0968860000000000,0.8670060000000001,0,0,0,1,0
2021,Emilia Romagna Grand Prix,FP3,BOT,3.0,9.0,clear_violation,317.0,109.0,231.66887900000000,100.0,0.1469270000000000,98,667,263.3127040000000,289.0,1.0968860000000000,0.8798240000000001,0,0,0,1,0
2021,Emilia Romagna Grand Prix,Q,PER,3.0,9.0,clear_violation,317.0,109.0,233.82061200000001,100.0,0.1553540000000000,103,663,282.8715600000000,291.0,1.0893470000000001,0.826596000000000,0,1,0,0,0
2021,Emilia Romagna Grand Prix,Q,GAS,4.0,15.0,clear_violation,322.0,107.0,234.51593600000001,100.0,0.135258000000000,89,658,282.8715600000000,291.0,1.1065290000000001,0.8290540000000000,0,1,0,0,0
2021,Emilia Romagna Grand Prix,Q,GAS,9.0,9.0,clear_violation,321.0,106.0,235.561382000000,100.0,0.1156770000000000,76,657,282.8715600000000,291.0,1.1030930000000001,0.8327500000000000,0,1,0,0,0
2021,Emilia Romagna Grand Prix,Q,NOR,14.0,9.0,clear_violation,324.0,110.0,237.88320300000001,99.0,0.1180980000000000,77,652,282.8715600000000,291.0,1.1134020000000000,0.8409580000000000,0,1,0,0,0
2021,Emilia Romagna Grand Prix,Q,STR,16.0,15.0,clear_violation,320.0,109.0,230.4075370000000,100.0,0.1654250000000000,111,671,282.8715600000000,291.0,1.0996560000000000,0.8145310000000000,0,1,0,0,0
2021,Emilia Romagna Grand Prix,Q,STR,19.0,9.0,clear_violation,325.0,107.0,235.23207700000000,100.0,0.1765600000000000,116,657,282.8715600000000,291.0,1.1168380000000000,0.831586000000000,0,1,0,0,0
2021,Emilia Romagna Grand Prix,Q,VET,10.0,15.0,clear_violation,325.0,105.0,233.84387400000000,100.0,0.1666670000000000,110,660,282.8715600000000,291.0,1.1168380000000000,0.8266790000000001,0,1,0,0,0
2021,Emilia Romagna Grand Prix,Q,LAT,2.0,15.0,clear_violation,325.0,110.0,231.49224000000001,100.0,0.1766470000000000,118,668,282.8715600000000,291.0,1.1168380000000000,0.8183650000000000,0,1,0,0,0
2021,Emilia Romagna Grand Prix,Q,GIO,2.0,9.0,clear_violation,322.0,105.0,230.1521700000000,100.0,0.1553250000000000,105,676,282.8715600000000,291.0,1.1065290000000001,0.8136280000000000,0,1,0,0,0
2021,Emilia Romagna Grand Prix,Q,MSC,9.0,9.0,clear_violation,321.0,107.0,231.74083600000000,100.0,0.1524660000000000,102,669,282.8715600000000,291.0,1.1030930000000001,0.8192440000000000,0,1,0,0,0
2021,Emilia Romagna Grand Prix,Q,NOR,6.0,3.0,no_advantage,329.0,71.0,203.56601200000000,99.0,0.1684210000000000,128,760,282.8715600000000,291.0,1.1305840000000000,0.7196410000000000,0,1,0,0,0
2021,Emilia Romagna Grand Prix,Q,NOR,9.0,15.0,no_advantage,297.0,66.0,176.09693200000001,99.0,0.1771430000000000,155,875,282.8715600000000,291.0,1.0206189999999999,0.6225330000000000,0,1,0,0,0
2021,Emilia Romagna Grand Prix,R,ALO,47.0,9.0,clear_violation,303.0,100.0,221.1512960000000,100.0,0.1671430000000000,117,700,264.55388900000003,292.0,1.0376710000000000,0.8359400000000000,0,0,1,0,0
2021,Emilia Romagna Grand Prix,R,TSU,40.0,9.0,clear_violation,303.0,99.0,220.98842300000001,100.0,0.1747850000000000,122,698,264.55388900000003,292.0,1.0376710000000000,0.8353250000000000,0,0,1,0,0
2021,Emilia Romagna Grand Prix,R,TSU,43.0,9.0,clear_violation,306.0,99.0,222.09964099999999,100.0,0.1683450000000000,117,695,264.55388900000003,292.0,1.047945000000000,0.8395250000000000,0,0,1,0,0
2021,Emilia Romagna Grand Prix,R,TSU,44.0,15.0,clear_violation,306.0,97.0,221.26649000000000,100.0,0.16,112,700,264.55388900000003,292.0,1.047945000000000,0.8363760000000000,0,0,1,0,0
2021,Emilia Romagna Grand Prix,R,TSU,53.0,9.0,clear_violation,303.0,99.0,221.9134410000000,100.0,0.1621230000000000,113,697,264.55388900000003,292.0,1.0376710000000000,0.8388210000000000,0,0,1,0,0
2021,Emilia Romagna Grand Prix,R,RIC,58.0,15.0,clear_violation,297.0,98.0,221.49029600000000,100.0,0.1358380000000000,94,692,264.55388900000003,292.0,1.0171230000000000,0.8372220000000000,0,0,1,0,0
2021,Emilia Romagna Grand Prix,R,MSC,37.0,9.0,clear_violation,308.0,96.0,211.4741130000000,100.0,0.2281420000000000,167,732,264.55388900000003,292.0,1.0547949999999999,0.7993610000000000,0,0,1,0,0
2021,Emilia Romagna Grand Prix,R,GIO,54.0,9.0,clear_violation,299.0,102.0,222.51488200000000,100.0,0.1580460000000000,110,696,264.55388900000003,292.0,1.023973000000000,0.841095000000000,0,0,1,0,0
2021,Emilia Romagna Grand Prix,R,VER,9.0,2.0,no_advantage,295.0,83.0,193.87114199999999,100.0,0.2267000000000000,180,794,264.55388900000003,292.0,1.0102739999999999,0.7328230000000000,0,0,1,0,0
2021,Emilia Romagna Grand Prix,R,LAT,1.0,14.0,no_advantage,259.0,0.0,121.01807900000000,100.0,0.3381120000000000,283,837,264.55388900000003,292.0,0.886986000000000,0.4574420000000000,0,0,1,0,0
2021,Emilia Romagna Grand Prix,R,SAI,12.0,7.0,no_advantage,301.0,79.0,196.8388610000000,100.0,0.2599230000000000,203,781,264.55388900000003,292.0,1.0308219999999999,0.744041000000000,0,0,1,0,0
2021,French Grand Prix,FP1,RAI,3.0,2.0,no_advantage,326.0,53.0,160.7009300000000,100.0,0.1450040000000000,164,1131,291.20402300000001,308.0,1.0584420000000001,0.5518500000000000,0,0,0,1,0
2021,French Grand Prix,FP1,SAI,5.0,4.0,no_advantage,317.0,77.0,218.2705590000000,100.0,0.1598560000000000,133,832,291.20402300000001,308.0,1.0292209999999999,0.7495450000000000,0,0,0,1,0
2021,French Grand Prix,FP1,GAS,5.0,2.0,no_advantage,314.0,62.0,157.0399050000000,100.0,0.1348310000000000,156,1157,291.20402300000001,308.0,1.0194810000000001,0.5392780000000000,0,0,0,1,0
2021,French Grand Prix,FP1,RAI,14.0,6.0,no_advantage,301.4750020,0.0,127.32408900000000,100.0,0.2004200000000000,286,1427,291.20402300000001,308.0,0.9788150000000000,0.4372330000000000,0,0,0,1,0
2021,French Grand Prix,FP1,NIS,12.0,7.0,no_advantage,324.0,72.0,211.9560750000000,100.0,0.1783220000000000,153,858,291.20402300000001,308.0,1.051948000000000,0.7278610000000000,0,0,0,1,0
2021,French Grand Prix,FP1,SAI,20.0,11.0,no_advantage,304.0,51.0,206.05500200000000,100.0,0.1717510000000000,152,885,291.20402300000001,308.0,0.987013000000000,0.7075970000000000,0,0,0,1,0
2021,French Grand Prix,FP2,TSU,1.0,6.0,no_advantage,299.8833320000000,37.0,146.12957100000000,100.0,0.1286170000000000,160,1244,289.61421300000001,307.0,0.9768190000000000,0.5045660000000000,0,0,0,1,0
2021,French Grand Prix,FP2,NOR,1.0,6.0,no_advantage,298.8374980,0.0,124.14551700000000,100.0,0.165984000000000,243,1464,289.61421300000001,307.0,0.9734120000000001,0.42865799999999998,0,0,0,1,0
2021,French Grand Prix,FP2,SAI,1.0,6.0,no_advantage,302.0,27.0,132.69121799999999,100.0,0.1518900000000000,209,1376,289.61421300000001,307.0,0.9837129999999999,0.4581650000000000,0,0,0,1,0
2021,French Grand Prix,FP2,MSC,4.0,2.0,no_advantage,321.0,41.0,173.19900899999999,100.0,0.1864890000000000,196,1051,289.61421300000001,307.0,1.0456030000000001,0.598034000000000,0,0,0,1,0
2021,French Grand Prix,FP2,LEC,8.0,6.0,no_advantage,298.0,43.0,138.7048210000000,100.0,0.1570120000000000,206,1312,289.61421300000001,307.0,0.9706840000000000,0.4789300000000000,0,0,0,1,0
2021,French Grand Prix,FP2,MAZ,13.0,7.0,no_advantage,303.0,72.0,165.2122190000000,100.0,0.1609090000000000,177,1100,289.61421300000001,307.0,0.9869710000000000,0.5704560000000000,0,0,0,1,0
2021,French Grand Prix,FP2,VER,17.0,6.0,no_advantage,308.0,69.0,205.3605770000000,100.0,0.1866520000000000,165,884,289.61421300000001,307.0,1.003257000000000,0.7090830000000000,0,0,0,1,0
2021,French Grand Prix,FP3,NOR,2.0,6.0,clear_violation,319.0,74.0,221.64703399999999,100.0,0.1638140000000000,134,818,292.7546300000000,305.0,1.0459020000000001,0.7571090000000000,0,0,0,1,0
2021,French Grand Prix,FP3,RAI,7.0,6.0,clear_violation,321.0,78.0,222.9665270000000,100.0,0.1774790000000000,145,817,292.7546300000000,305.0,1.0524590000000000,0.7616160000000000,0,0,0,1,0
2021,French Grand Prix,FP3,MAZ,9.0,6.0,clear_violation,324.0,67.0,219.77665500000001,100.0,0.1944440000000000,161,828,292.7546300000000,305.0,1.062295000000000,0.7507200000000001,0,0,0,1,0
2021,French Grand Prix,FP3,GAS,2.0,6.0,clear_violation,322.0,78.0,220.9991910000000,100.0,0.1545010000000000,127,822,292.7546300000000,305.0,1.0557380000000001,0.7548960000000000,0,0,0,1,0
2021,French Grand Prix,FP3,TSU,7.0,6.0,clear_violation,321.0,78.0,222.5533450000000,100.0,0.1717790000000000,140,815,292.7546300000000,305.0,1.0524590000000000,0.7602040000000000,0,0,0,1,0
2021,French Grand Prix,FP3,TSU,15.0,6.0,clear_violation,323.0,74.0,224.14033100000000,100.0,0.1750920000000000,142,811,292.7546300000000,305.0,1.0590160000000000,0.7656250000000000,0,0,0,1,0
2021,French Grand Prix,FP3,VER,5.0,6.0,clear_violation,323.0,81.0,225.80227900000000,100.0,0.1706100000000000,137,803,292.7546300000000,305.0,1.0590160000000000,0.7713020000000000,0,0,0,1,0
2021,French Grand Prix,FP3,SAI,2.0,6.0,clear_violation,315.0,72.0,219.8747390000000,100.0,0.1594200000000000,132,828,292.7546300000000,305.0,1.0327869999999999,0.7510550000000000,0,0,0,1,0
2021,French Grand Prix,FP3,SAI,16.0,6.0,clear_violation,321.0,77.0,224.53147200000001,100.0,0.1569840000000000,127,809,292.7546300000000,305.0,1.0524590000000000,0.7669610000000000,0,0,0,1,0
2021,French Grand Prix,FP3,GIO,8.0,6.0,clear_violation,320.0,79.0,222.48107999999999,100.0,0.150735000000000,123,816,292.7546300000000,305.0,1.0491800000000000,0.7599580000000000,0,0,0,1,0
2021,French Grand Prix,FP3,GIO,7.0,2.0,no_advantage,301.0999980000000,0.0,133.5371870000000,100.0,0.1950150000000000,266,1364,292.7546300000000,305.0,0.987213000000000,0.4561400000000000,0,0,0,1,0
2021,French Grand Prix,FP3,MAZ,6.0,2.0,no_advantage,301.18333200000001,60.0,151.54282599999999,100.0,0.1388200000000000,167,1203,292.7546300000000,305.0,0.9874860000000000,0.5176450000000000,0,0,0,1,0
2021,French Grand Prix,FP3,BOT,7.0,2.0,no_advantage,299.81592200000000,60.0,157.56087299999999,100.0,0.1668110000000000,193,1157,292.7546300000000,305.0,0.9830030000000000,0.5382010000000000,0,0,0,1,0
2021,French Grand Prix,FP3,SAI,9.0,2.0,no_advantage,298.95833099999999,60.0,142.75189599999999,100.0,0.1012560000000000,129,1274,292.7546300000000,305.0,0.9801910000000000,0.48761599999999999,0,0,0,1,0
2021,French Grand Prix,Q,GAS,15.0,6.0,clear_violation,328.0,83.0,227.9125180000000,100.0,0.1591480000000000,127,798,298.67836299999999,308.0,1.0649350000000000,0.7630700000000000,0,1,0,0,0
2021,French Grand Prix,Q,GAS,18.0,6.0,clear_violation,325.0,81.0,227.75695800000000,100.0,0.1614520000000000,129,799,298.67836299999999,308.0,1.0551950000000001,0.7625490000000000,0,1,0,0,0
2021,French Grand Prix,Q,STR,3.0,6.0,clear_violation,323.0,71.0,225.747078000000,100.0,0.1926950000000000,153,794,298.67836299999999,308.0,1.0487010000000001,0.7558200000000000,0,1,0,0,0
2021,French Grand Prix,Q,NOR,8.0,6.0,clear_violation,323.0,79.0,227.4232470000000,100.0,0.16875,135,800,298.67836299999999,308.0,1.0487010000000001,0.7614320000000000,0,1,0,0,0
2021,French Grand Prix,Q,MAZ,4.0,2.0,no_advantage,325.0,75.0,222.87071299999999,100.0,0.1826090000000000,147,805,298.67836299999999,308.0,1.0551950000000001,0.7461900000000000,0,1,0,0,0
2021,French Grand Prix,Q,VET,5.0,2.0,no_advantage,304.2916670,60.0,145.40108100000000,100.0,0.0756580000000000,92,1216,298.67836299999999,308.0,0.9879599999999999,0.48681500000000000,0,1,0,0,0
2021,French Grand Prix,Q,SAI,8.0,2.0,no_advantage,300.0,25.0,130.33446499999999,100.0,0.1261650000000000,176,1395,298.67836299999999,308.0,0.974026000000000,0.43637100000000001,0,1,0,0,0
2021,French Grand Prix,Q,VER,11.0,2.0,no_advantage,306.4249980,60.0,166.92794699999999,100.0,0.1629830000000000,177,1086,298.67836299999999,308.0,0.9948860000000000,0.55888900000000,0,1,0,0,0
2021,French Grand Prix,R,GIO,13.0,6.0,clear_violation,331.0,71.0,204.5947790000000,100.0,0.2067420000000000,184,890,294.3624880000000,321.0,1.0311530000000000,0.6950440000000000,0,0,1,0,0
2021,French Grand Prix,R,NOR,30.0,11.0,no_advantage,322.0,69.0,209.25782699999999,100.0,0.188235000000000,160,850,294.3624880000000,321.0,1.0031150000000000,0.7108850000000000,0,0,1,0,0
2021,Hungarian Grand Prix,FP1,MAZ,10.0,11.0,clear_violation,311.0,83.0,189.649554000000,100.0,0.2489630000000000,180,723,246.17287200000001,262.0,1.1870229999999999,0.7703920000000000,0,0,0,1,0
2021,Hungarian Grand Prix,FP1,MSC,21.0,4.0,clear_violation,292.0,84.0,176.3605770000000,100.0,0.230567000000000,175,759,246.17287200000001,262.0,1.1145039999999999,0.7164090000000000,0,0,0,1,0
2021,Hungarian Grand Prix,FP1,GIO,2.0,4.0,clear_violation,316.0,89.0,186.5595350000000,100.0,0.2269020000000000,167,736,246.17287200000001,262.0,1.2061070000000000,0.7578400000000000,0,0,0,1,0
2021,Hungarian Grand Prix,FP2,MAZ,2.0,11.0,clear_violation,311.0,91.0,188.7596370000000,100.0,0.2407150000000000,175,727,245.49656800000000,260.0,1.1961539999999999,0.7688890000000000,0,0,0,1,0
2021,Hungarian Grand Prix,FP2,HAM,20.0,11.0,clear_violation,298.0,79.0,170.01460000000000,100.0,0.1830640000000000,147,803,245.49656800000000,260.0,1.146154000000000,0.692534000000000,0,0,0,1,0
2021,Hungarian Grand Prix,FP2,GIO,12.0,11.0,clear_violation,314.0,96.0,198.0518290000000,100.0,0.1976910000000000,137,693,245.49656800000000,260.0,1.2076920000000000,0.8067400000000000,0,0,0,1,0
2021,Hungarian Grand Prix,FP3,RAI,20.0,11.0,clear_violation,318.0,45.0,176.18329100000000,100.0,0.22007700000000,171,777,247.54621800000001,260.0,1.2230770000000000,0.7117190000000000,0,0,0,1,0
2021,Hungarian Grand Prix,FP3,GIO,10.0,11.0,clear_violation,314.0,92.0,197.3008450000000,100.0,0.2324250000000000,162,697,247.54621800000001,260.0,1.2076920000000000,0.7970260000000000,0,0,0,1,0
2021,Hungarian Grand Prix,R,RUS,5.0,,no_advantage,306.0,83.0,179.73626200000001,100.0,0.2832670000000000,215,759,247.98274000000001,264.0,1.1590910000000001,0.7247930000000000,0,0,1,0,0
2021,Hungarian Grand Prix,R,TSU,10.0,,no_advantage,324.0,76.0,185.34936700000000,100.0,0.2288020000000000,170,743,247.98274000000001,264.0,1.2272730000000001,0.7474280000000000,0,0,1,0,0
2021,Hungarian Grand Prix,R,VER,14.0,1.0,no_advantage,325.0,85.0,184.70494800000000,100.0,0.2570660000000000,191,743,247.98274000000001,264.0,1.231061000000000,0.7448300000000000,0,0,1,0,0
2021,Italian Grand Prix,FP1,RIC,24.0,11.0,clear_violation,333.0,70.0,255.1002590000000,99.0,0.1053370000000000,75,712,305.37930999999998,320.0,1.040625,0.8353550000000000,0,0,0,1,0
2021,Italian Grand Prix,FP1,RIC,25.0,11.0,clear_violation,313.0,47.0,150.2139290000000,99.0,0.096106000000000,116,1207,305.37930999999998,320.0,0.978125,0.4918930000000000,0,0,0,1,0
2021,Italian Grand Prix,FP1,NOR,24.0,11.0,clear_violation,338.0,68.0,255.49288300000001,100.0,0.1227080000000000,87,709,305.37930999999998,320.0,1.05625,0.8366410000000000,0,0,0,1,0
2021,Italian Grand Prix,FP1,NOR,25.0,11.0,clear_violation,313.6458330000000,45.0,156.80847299999999,99.0,0.157168000000000,182,1158,305.37930999999998,320.0,0.9801430000000000,0.5134880000000001,0,0,0,1,0
2021,Italian Grand Prix,FP1,GAS,23.0,11.0,clear_violation,314.25833399999999,41.0,155.38744399999999,100.0,0.1602400000000000,187,1167,305.37930999999998,320.0,0.9820570000000000,0.508834000000000,0,0,0,1,0
2021,Italian Grand Prix,FP1,GAS,24.0,11.0,clear_violation,344.0,57.0,196.48754700000,100.0,0.1538460000000000,142,923,305.37930999999998,320.0,1.075,0.6434210000000000,0,0,0,1,0
2021,Italian Grand Prix,FP1,GAS,27.0,11.0,clear_violation,337.0,64.0,251.75701000000001,100.0,0.1263890000000000,91,720,305.37930999999998,320.0,1.053125,0.8244080000000000,0,0,0,1,0
2021,Italian Grand Prix,FP1,ALO,12.0,11.0,clear_violation,332.0,66.0,247.870680000000,100.0,0.1133880000000000,83,732,305.37930999999998,320.0,1.0375,0.8116810000000000,0,0,0,1,0
2021,Italian Grand Prix,FP1,ALO,13.0,11.0,clear_violation,323.0,64.0,210.47907300000000,100.0,0.1955760000000000,168,859,305.37930999999998,320.0,1.009375,0.6892380000000000,0,0,0,1,0
2021,Italian Grand Prix,FP1,LEC,4.0,5.0,clear_violation,332.0,51.0,237.3848620000000,100.0,0.1402360000000000,107,763,305.37930999999998,320.0,1.0375,0.7773440000000000,0,0,0,1,0
2021,Italian Grand Prix,FP1,LEC,11.0,11.0,clear_violation,340.0,64.0,252.7008450000000,100.0,0.1236110000000000,89,720,305.37930999999998,320.0,1.0625,0.8274980000000000,0,0,0,1,0
2021,Italian Grand Prix,FP1,LEC,12.0,11.0,clear_violation,327.0,50.0,177.5310220000000,100.0,0.1311150000000000,134,1022,305.37930999999998,320.0,1.021875,0.581346000000000,0,0,0,1,0
2021,Italian Grand Prix,FP1,LEC,22.0,11.0,clear_violation,338.0,67.0,253.68101200000001,100.0,0.1314690000000000,94,715,305.37930999999998,320.0,1.05625,0.8307080000000000,0,0,0,1,0
2021,Italian Grand Prix,FP1,LEC,23.0,11.0,clear_violation,319.0,50.0,148.24871300000001,100.0,0.1276420000000000,157,1230,305.37930999999998,320.0,0.996875,0.48545800000000000,0,0,0,1,0
2021,Italian Grand Prix,FP1,TSU,25.0,11.0,clear_violation,333.0,67.0,250.2593890000000,100.0,0.1172410000000000,85,725,305.37930999999998,320.0,1.040625,0.8195030000000000,0,0,0,1,0
2021,Italian Grand Prix,FP1,TSU,26.0,11.0,clear_violation,310.0,56.0,162.64738600000001,100.0,0.1399100000000000,156,1115,305.37930999999998,320.0,0.96875,0.5326080000000000,0,0,0,1,0
2021,Italian Grand Prix,FP1,MSC,12.0,11.0,clear_violation,333.0,69.0,245.112152000000,100.0,0.1241570000000000,92,741,305.37930999999998,320.0,1.040625,0.8026480000000000,0,0,0,1,0
2021,Italian Grand Prix,FP1,MSC,13.0,11.0,clear_violation,316.0,60.0,190.50023400000001,100.0,0.1631800000000000,156,956,305.37930999999998,320.0,0.9875,0.6238150000000000,0,0,0,1,0
2021,Italian Grand Prix,FP1,SAI,25.0,11.0,clear_violation,333.0,67.0,251.4542060000000,100.0,0.1217150000000000,88,723,305.37930999999998,320.0,1.040625,0.8234160000000000,0,0,0,1,0
2021,Italian Grand Prix,FP2,NOR,16.0,11.0,clear_violation,351.0,62.0,240.36246800000001,100.0,0.1489070000000000,109,732,304.8954080000000,317.0,1.1072560000000000,0.7883440000000000,0,0,0,1,0
2021,Italian Grand Prix,FP2,NOR,17.0,11.0,clear_violation,328.0,66.0,240.79539399999999,100.0,0.1288180000000000,97,753,304.8954080000000,317.0,1.0347000000000000,0.7897640000000000,0,0,0,1,0
2021,Italian Grand Prix,FP2,VET,21.0,11.0,clear_violation,326.0,66.0,243.0665290000000,100.0,0.1243240000000000,92,740,304.8954080000000,317.0,1.028391000000000,0.797213000000000,0,0,0,1,0
2021,Italian Grand Prix,FP2,VET,22.0,11.0,clear_violation,323.0,65.0,239.3949880000000,100.0,0.1327080000000000,99,746,304.8954080000000,317.0,1.0189269999999999,0.7851710000000000,0,0,0,1,0
2021,Italian Grand Prix,FP2,MAZ,11.0,11.0,clear_violation,320.0,64.0,236.33051200000000,100.0,0.1488250000000000,114,766,304.8954080000000,317.0,1.0094639999999999,0.7751200000000000,0,0,0,1,0
2021,Italian Grand Prix,FP2,MAZ,12.0,11.0,clear_violation,324.0,54.0,236.21775700000001,100.0,0.1618800000000000,124,766,304.8954080000000,317.0,1.0220819999999999,0.7747500000000000,0,0,0,1,0
2021,Italian Grand Prix,FP2,HAM,23.0,5.0,clear_violation,320.0,65.0,240.02959400000000,100.0,0.1577540000000000,118,748,304.8954080000000,317.0,1.0094639999999999,0.7872520000000000,0,0,0,1,0
2021,Italian Grand Prix,FP2,MSC,3.0,5.0,clear_violation,333.0,68.0,232.56082499999999,100.0,0.1485280000000000,116,781,304.8954080000000,317.0,1.0504730000000000,0.7627560000000000,0,0,0,1,0
2021,Italian Grand Prix,FP2,SAI,12.0,11.0,clear_violation,323.0,65.0,239.40751100000000,100.0,0.129288000000000,98,758,304.8954080000000,317.0,1.0189269999999999,0.7852120000000000,0,0,0,1,0
2021,Italian Grand Prix,FP2,SAI,13.0,11.0,clear_violation,326.0,65.0,222.4603580000000,100.0,0.1496930000000000,122,815,304.8954080000000,317.0,1.028391000000000,0.7296280000000001,0,0,0,1,0
2021,Italian Grand Prix,FP2,BOT,5.0,5.0,clear_violation,324.0,42.0,233.9986650000000,100.0,0.1413750000000000,109,771,304.8954080000000,317.0,1.0220819999999999,0.7674720000000000,0,0,0,1,0
2021,Italian Grand Prix,Q,NOR,5.0,11.0,clear_violation,335.0,66.0,255.6005820000000,100.0,0.1167370000000000,83,711,309.26,318.0,1.0534589999999999,0.8264910000000000,0,1,0,0,0
2021,Italian Grand Prix,Q,STR,3.0,5.0,clear_violation,305.0,59.0,160.34399600000000,100.0,0.2385160000000000,270,1132,309.26,318.0,0.9591190000000001,0.5184760000000000,0,1,0,0,0
2021,Italian Grand Prix,Q,TSU,8.0,11.0,clear_violation,332.0,71.0,254.1574220000000,100.0,0.1104900000000000,79,715,309.26,318.0,1.0440250000000000,0.8218240000000000,0,1,0,0,0
2021,Italian Grand Prix,Q,LEC,6.0,,no_advantage,304.0,72.0,223.5887410000000,100.0,0.1271930000000000,58,456,309.26,318.0,0.9559750000000000,0.7229800000000000,0,1,0,0,0
2021,Italian Grand Prix,R,PER,32.0,5.0,clear_violation,349.0,63.0,239.53194099999999,100.0,0.1688650000000000,128,758,300.6097000000000,327.0,1.0672779999999999,0.7968200000000000,0,0,1,0,0
2021,Italian Grand Prix,R,ALO,44.0,11.0,clear_violation,329.0,65.0,196.33449200000001,100.0,0.1540130000000000,142,922,300.6097000000000,327.0,1.0061160000000000,0.6531210000000000,0,0,1,0,0
2021,Italian Grand Prix,R,ALO,45.0,11.0,clear_violation,332.0,61.0,239.06206399999999,100.0,0.1306070000000000,99,758,300.6097000000000,327.0,1.0152909999999999,0.7952570000000000,0,0,1,0,0
2021,Italian Grand Prix,R,ALO,46.0,11.0,clear_violation,330.0,60.0,239.32601000000000,100.0,0.1311260000000000,99,755,300.6097000000000,327.0,1.0091740000000000,0.796135000000000,0,0,1,0,0
2021,Italian Grand Prix,R,RIC,5.0,11.0,clear_violation,320.0,64.0,239.75179600000001,99.0,0.1178810000000000,89,755,300.6097000000000,327.0,0.9785930000000000,0.7975520000000000,0,0,1,0,0
2021,Italian Grand Prix,R,RIC,6.0,11.0,clear_violation,322.0,64.0,239.58269200000001,99.0,0.1273210000000000,96,754,300.6097000000000,327.0,0.9847089999999999,0.7969889999999999,0,0,1,0,0
2021,Italian Grand Prix,R,NOR,11.0,11.0,clear_violation,329.0,63.0,238.8645700000000,100.0,0.1477570000000000,112,758,300.6097000000000,327.0,1.0061160000000000,0.7946000000000000,0,0,1,0,0
2021,Italian Grand Prix,R,NOR,12.0,11.0,clear_violation,336.0,58.0,236.97870200000000,100.0,0.1585850000000000,121,763,300.6097000000000,327.0,1.0275230000000000,0.7883270000000000,0,0,1,0,0
2021,Italian Grand Prix,R,NOR,31.0,11.0,clear_violation,348.0,54.0,238.95076599999999,100.0,0.1644740000000000,125,760,300.6097000000000,327.0,1.0642199999999999,0.7948870000000000,0,0,1,0,0
2021,Italian Grand Prix,R,MSC,32.0,5.0,clear_violation,337.0,0.0,211.00756300000000,100.0,0.1600930000000000,138,862,300.6097000000000,327.0,1.0305810000000000,0.7019320000000000,0,0,1,0,0
2021,Italian Grand Prix,R,VET,45.0,11.0,clear_violation,353.0,52.0,239.55192199999999,100.0,0.154354000000000,117,758,300.6097000000000,327.0,1.0795110000000001,0.7968870000000000,0,0,1,0,0
2021,Italian Grand Prix,R,VET,46.0,11.0,clear_violation,319.0,60.0,239.3815290000000,100.0,0.1549670000000000,117,755,300.6097000000000,327.0,0.9755350000000000,0.7963200000000000,0,0,1,0,0
2021,Italian Grand Prix,R,RUS,45.0,11.0,clear_violation,345.0,53.0,237.7793380000000,100.0,0.1743120000000000,133,763,300.6097000000000,327.0,1.055046000000000,0.7909900000000000,0,0,1,0,0
2021,Italian Grand Prix,R,RUS,46.0,11.0,clear_violation,337.0,60.0,239.16032100000001,100.0,0.1706350000000000,129,756,300.6097000000000,327.0,1.0305810000000000,0.7955840000000000,0,0,1,0,0
2021,Italian Grand Prix,R,MAZ,2.0,5.0,clear_violation,343.0,51.0,230.33301599999999,100.0,0.2010180000000000,158,786,300.6097000000000,327.0,1.0489299999999999,0.766220000000000,0,0,1,0,0
2021,Italian Grand Prix,R,HAM,4.0,4.0,no_advantage,329.0,64.0,240.2902970000000,100.0,0.1551720000000000,117,754,300.6097000000000,327.0,1.0061160000000000,0.7993430000000000,0,0,1,0,0
2021,Italian Grand Prix,R,ALO,7.0,5.0,no_advantage,326.0,63.0,235.89770999999999,100.0,0.1344650000000000,103,766,300.6097000000000,327.0,0.9969420000000000,0.7847310000000000,0,0,1,0,0
2021,Italian Grand Prix,R,VER,22.0,2.0,no_advantage,333.0,62.0,237.103494000000,100.0,0.1594770000000000,122,765,300.6097000000000,327.0,1.018349000000000,0.7887420000000001,0,0,1,0,0
2021,Italian Grand Prix,S,NOR,6.0,11.0,clear_violation,337.0,65.0,244.189136000000,100.0,0.1376520000000000,102,741,303.78299099999998,328.0,1.0274390000000000,0.8038280000000000,1,0,0,0,0
2021,Italian Grand Prix,S,NOR,7.0,11.0,clear_violation,338.0,61.0,243.9682790000000,100.0,0.1415090000000000,105,742,303.78299099999998,328.0,1.0304880000000001,0.8031010000000000,1,0,0,0,0
2021,Italian Grand Prix,S,TSU,3.0,5.0,no_advantage,319.34166800000003,44.0,160.7084960000000,100.0,0.2059090000000000,230,1117,303.78299099999998,328.0,0.9736030000000000,0.5290240000000000,1,0,0,0,0
2021,Italian Grand Prix,SQ,NOR,6.0,11.0,clear_violation,337.0,65.0,244.189136000000,100.0,0.1376520000000000,102,741,303.78299099999998,328.0,1.0274390000000000,0.8038280000000000,0,1,0,0,0
2021,Italian Grand Prix,SQ,NOR,7.0,11.0,clear_violation,338.0,61.0,243.9682790000000,100.0,0.1415090000000000,105,742,303.78299099999998,328.0,1.0304880000000001,0.8031010000000000,0,1,0,0,0
2021,Italian Grand Prix,SQ,TSU,3.0,5.0,no_advantage,319.34166800000003,44.0,160.7084960000000,100.0,0.2059090000000000,230,1117,303.78299099999998,328.0,0.9736030000000000,0.5290240000000000,0,1,0,0,0
2021,Mexico City Grand Prix,FP1,STR,5.0,11.0,clear_violation,344.0,57.0,186.7776710000000,100.0,0.2472070000000000,177,716,242.83135400000000,254.0,1.3543310000000000,0.7691660000000000,0,0,0,1,0
2021,Mexico City Grand Prix,FP1,MSC,2.0,11.0,clear_violation,339.0,61.0,173.250594000000,100.0,0.2487050000000000,192,772,242.83135400000000,254.0,1.3346460000000000,0.7134610000000000,0,0,0,1,0
2021,Mexico City Grand Prix,FP1,BOT,9.0,12.0,no_advantage,343.0,49.0,177.28081800000001,100.0,0.1494710000000000,113,756,242.83135400000000,254.0,1.3503940000000001,0.7300570000000000,0,0,0,1,0
2021,Mexico City Grand Prix,FP1,ALO,14.0,12.0,no_advantage,339.0,63.0,185.04042000000001,100.0,0.1837020000000000,133,724,242.83135400000000,254.0,1.3346460000000000,0.7620120000000000,0,0,0,1,0
2021,Mexico City Grand Prix,FP1,OCO,10.0,4.0,no_advantage,293.0,38.0,143.9618520000000,100.0,0.19656300000000,183,931,242.83135400000000,254.0,1.1535430000000000,0.5928470000000000,0,0,0,1,0
2021,Mexico City Grand Prix,FP1,STR,13.0,12.0,no_advantage,347.0,44.0,170.9766530000000,100.0,0.2135550000000000,167,782,242.83135400000000,254.0,1.3661420000000000,0.7040960000000001,0,0,0,1,0
2021,Mexico City Grand Prix,FP1,BOT,17.0,13.0,no_advantage,345.0,39.0,168.6536820000000,100.0,0.2233380000000000,178,797,242.83135400000000,254.0,1.358268000000000,0.6945300000000000,0,0,0,1,0
2021,Mexico City Grand Prix,FP1,PER,13.0,12.0,no_advantage,338.0,57.0,182.72442300000,100.0,0.2021860000000000,148,732,242.83135400000000,254.0,1.330709000000000,0.7524750000000000,0,0,0,1,0
2021,Mexico City Grand Prix,FP1,NOR,21.0,4.0,no_advantage,323.0,61.0,182.1814390000000,98.0,0.2182810000000000,160,733,242.83135400000000,254.0,1.2716540000000001,0.7502390000000000,0,0,0,1,0
2021,Mexico City Grand Prix,FP1,LEC,17.0,12.0,no_advantage,339.0,46.0,182.4069660000000,100.0,0.1989100000000000,146,734,242.83135400000000,254.0,1.3346460000000000,0.751167000000000,0,0,0,1,0
2021,Mexico City Grand Prix,FP2,LAT,2.0,11.0,clear_violation,341.0,61.0,189.13485200000000,100.0,0.2292550000000000,163,711,244.94866099999999,255.0,1.3372550000000001,0.7721410000000000,0,0,0,1,0
2021,Mexico City Grand Prix,FP2,MAZ,23.0,11.0,clear_violation,321.0,59.0,180.23687600000000,100.0,0.261456000000000,194,742,244.94866099999999,255.0,1.2588239999999999,0.7358150000000000,0,0,0,1,0
2021,Mexico City Grand Prix,FP2,MAZ,26.0,11.0,clear_violation,321.0,64.0,182.51142800000000,100.0,0.2673940000000000,196,733,244.94866099999999,255.0,1.2588239999999999,0.7451010000000000,0,0,0,1,0
2021,Mexico City Grand Prix,FP2,STR,2.0,12.0,no_advantage,350.0,57.0,189.49259300000000,100.0,0.2372880000000000,168,708,244.94866099999999,255.0,1.3725490000000000,0.7736010000000000,0,0,0,1,0
2021,Mexico City Grand Prix,FP2,BOT,5.0,1.0,no_advantage,302.0,57.0,149.15707800000001,100.0,0.2436040000000000,219,899,244.94866099999999,255.0,1.184314000000000,0.608932000000000,0,0,0,1,0
2021,Mexico City Grand Prix,FP2,HAM,6.0,1.0,no_advantage,300.0,45.0,136.81559100000001,100.0,0.1736470000000000,170,979,244.94866099999999,255.0,1.1764710000000000,0.5585480000000000,0,0,0,1,0
2021,Mexico City Grand Prix,FP2,MAZ,12.0,12.0,no_advantage,345.0,63.0,187.80108200000001,100.0,0.2542610000000000,179,704,244.94866099999999,255.0,1.3529409999999999,0.7666960000000000,0,0,0,1,0
2021,Mexico City Grand Prix,FP2,MSC,17.0,12.0,no_advantage,319.0,62.0,176.96048700000000,100.0,0.2189970000000000,166,758,244.94866099999999,255.0,1.2509800000000000,0.7224390000000001,0,0,0,1,0
2021,Mexico City Grand Prix,FP2,LAT,10.0,16.0,no_advantage,319.0,0.0,139.32081900000000,100.0,0.2814120000000000,271,963,244.94866099999999,255.0,1.2509800000000000,0.5687759999999999,0,0,0,1,0
2021,Mexico City Grand Prix,FP2,VET,24.0,12.0,no_advantage,324.0,62.0,185.86555400000000,100.0,0.2222220000000000,160,720,244.94866099999999,255.0,1.2705880000000001,0.758794000000000,0,0,0,1,0
2021,Mexico City Grand Prix,FP3,NOR,6.0,1.0,clear_violation,339.0,62.0,177.67182299999999,100.0,0.2201590000000000,166,754,244.5,256.0,1.32421900,0.7266740000000000,0,0,0,1,0
2021,Mexico City Grand Prix,FP3,NOR,11.0,1.0,clear_violation,339.0,37.0,142.3677880000000,100.0,0.1627660000000000,153,940,244.5,256.0,1.32421900,0.5822810000000000,0,0,0,1,0
2021,Mexico City Grand Prix,FP3,MAZ,5.0,11.0,clear_violation,302.0,45.0,134.82119399999999,100.0,0.19,190,1000,244.5,256.0,1.1796880,0.5514160000000000,0,0,0,1,0
2021,Mexico City Grand Prix,FP3,ALO,10.0,12.0,clear_violation,361.0,61.0,194.59822600000001,100.0,0.2089990000000000,144,689,244.5,256.0,1.41015600,0.7959030000000000,0,0,0,1,0
2021,Mexico City Grand Prix,FP3,LEC,2.0,8.0,no_advantage,340.0,58.0,171.77119700000000,100.0,0.2206450000000000,171,775,244.5,256.0,1.328125,0.7025410000000000,0,0,0,1,0
2021,Mexico City Grand Prix,FP3,MAZ,2.0,8.0,no_advantage,341.0,59.0,179.49593899999999,100.0,0.2606950000000000,195,748,244.5,256.0,1.33203100,0.7341350000000000,0,0,0,1,0
2021,Mexico City Grand Prix,FP3,GAS,4.0,12.0,no_advantage,306.0,53.0,165.6317110000000,100.0,0.207664000000000,168,809,244.5,256.0,1.1953120,0.6774300000000000,0,0,0,1,0
2021,Mexico City Grand Prix,FP3,STR,10.0,12.0,no_advantage,343.0,61.0,192.10070999999999,100.0,0.2177650000000000,152,698,244.5,256.0,1.33984400,0.7856880000000001,0,0,0,1,0
2021,Mexico City Grand Prix,FP3,VET,7.0,12.0,no_advantage,344.0,57.0,185.4196460000000,100.0,0.1939060000000000,140,722,244.5,256.0,1.34375,0.7583630000000000,0,0,0,1,0
2021,Mexico City Grand Prix,FP3,ALO,10.0,12.0,no_advantage,361.0,61.0,194.59822600000001,100.0,0.2089990000000000,144,689,244.5,256.0,1.41015600,0.7959030000000000,0,0,0,1,0
2021,Mexico City Grand Prix,FP3,VET,16.0,12.0,no_advantage,342.0,60.0,175.7535870000000,100.0,0.1944440000000000,147,756,244.5,256.0,1.3359380,0.7188290000000001,0,0,0,1,0
2021,Mexico City Grand Prix,Q,TSU,15.0,11.0,clear_violation,340.0,60.0,138.89593300000001,100.0,0.1671860000000000,161,963,249.62616800000001,259.0,1.3127409999999999,0.556416000000000,0,1,0,0,0
2021,Mexico City Grand Prix,Q,MSC,2.0,12.0,clear_violation,340.0,58.0,188.4516000000000,100.0,0.2159890000000000,154,713,249.62616800000001,259.0,1.3127409999999999,0.7549350000000000,0,1,0,0,0
2021,Mexico City Grand Prix,Q,SAI,5.0,12.0,no_advantage,344.0,64.0,195.10463700000000,100.0,0.2111440000000000,144,682,249.62616800000001,259.0,1.3281849999999999,0.7815870000000000,0,1,0,0,0
2021,Mexico City Grand Prix,Q,GIO,12.0,7.0,no_advantage,286.0,61.0,143.53605999999999,100.0,0.2242490000000000,209,932,249.62616800000001,259.0,1.1042470000000000,0.5750040000000000,0,1,0,0,0
2021,Mexico City Grand Prix,Q,NOR,17.0,1.0,no_advantage,347.0,60.0,168.3366130000000,99.0,0.2065490000000000,164,794,249.62616800000001,259.0,1.3397680000000001,0.6743550000000000,0,1,0,0,0
2021,Mexico City Grand Prix,R,MAZ,33.0,11.0,clear_violation,326.0,60.0,182.43776299999999,100.0,0.2398880000000000,172,717,244.5162070000000,256.0,1.2734380,0.7461170000000000,0,0,1,0,0
2021,Monaco Grand Prix,FP1,LAT,32.0,10.0,clear_violation,281.0,46.0,151.70144900000000,100.0,0.3049850000000000,208,682,257.3622700000000,273.0,1.0293040000000000,0.5894470000000001,0,0,0,1,0
2021,Monaco Grand Prix,FP1,MAZ,17.0,10.0,clear_violation,268.63333499999999,41.0,120.94427899999999,99.0,0.0,0,855,257.3622700000000,273.0,0.9840050000000000,0.4699380000000000,0,0,0,1,0
2021,Monaco Grand Prix,FP1,MAZ,28.0,10.0,clear_violation,272.0,29.0,125.6207800000000,99.0,0.0,0,820,257.3622700000000,273.0,0.9963370000000000,0.48810900000000002,0,0,0,1,0
2021,Monaco Grand Prix,FP1,PER,27.0,10.0,clear_violation,273.0,39.0,124.18642800000001,100.0,0.2524040000000000,210,832,257.3622700000000,273.0,1.0,0.48253499999999999,0,0,0,1,0
2021,Monaco Grand Prix,FP1,PER,29.0,10.0,clear_violation,271.0,39.0,117.7922500000000,100.0,0.2522830000000000,221,876,257.3622700000000,273.0,0.9926739999999999,0.45768999999999999,0,0,0,1,0
2021,Monaco Grand Prix,FP1,ALO,30.0,10.0,clear_violation,284.0,46.0,148.1408480000000,100.0,0.2818310000000000,197,699,257.3622700000000,273.0,1.0402929999999999,0.575612000000000,0,0,0,1,0
2021,Monaco Grand Prix,FP1,HAM,9.0,10.0,clear_violation,270.43749900000000,46.0,143.12109500000000,100.0,0.3208330000000000,231,720,257.3622700000000,273.0,0.9906140000000000,0.5561080000000000,0,0,0,1,0
2021,Monaco Grand Prix,FP1,SAI,12.0,10.0,clear_violation,281.0,45.0,147.36840699999999,100.0,0.2204840000000000,155,703,257.3622700000000,273.0,1.0293040000000000,0.5726110000000000,0,0,0,1,0
2021,Monaco Grand Prix,FP1,SAI,27.0,10.0,clear_violation,278.0,39.0,126.52817700000000,100.0,0.2053790000000000,168,818,257.3622700000000,273.0,1.0183150000000001,0.49163499999999999,0,0,0,1,0
2021,Monaco Grand Prix,FP1,RUS,14.0,10.0,clear_violation,276.0,41.0,139.9748590000000,100.0,0.2100270000000000,155,738,257.3622700000000,273.0,1.010989000000000,0.543883000000000,0,0,0,1,0
2021,Monaco Grand Prix,FP1,GIO,23.0,10.0,clear_violation,276.0,47.0,137.75702100000001,100.0,0.2931730000000000,219,747,257.3622700000000,273.0,1.010989000000000,0.5352650000000000,0,0,0,1,0
2021,Monaco Grand Prix,FP1,RAI,14.0,1.0,no_advantage,288.0,47.0,138.72486400000000,100.0,0.2768820000000000,206,744,257.3622700000000,273.0,1.054945000000000,0.5390260000000000,0,0,0,1,0
2021,Monaco Grand Prix,FP1,ALO,19.0,1.0,no_advantage,270.0,23.0,137.88504200000000,100.0,0.2663990000000000,199,747,257.3622700000000,273.0,0.989011000000000,0.53576200000000,0,0,0,1,0
2021,Monaco Grand Prix,FP2,NOR,20.0,10.0,clear_violation,279.0,42.0,139.2443230000000,100.0,0.2547170000000000,189,742,262.30526300000002,275.0,1.0145450000000000,0.5308480000000000,0,0,0,1,0
2021,Monaco Grand Prix,FP2,VET,7.0,10.0,clear_violation,279.0,27.0,112.91620100000000,100.0,0.2306010000000000,211,915,262.30526300000002,275.0,1.0145450000000000,0.4304760000000000,0,0,0,1,0
2021,Monaco Grand Prix,FP2,VET,14.0,10.0,clear_violation,285.0,46.0,133.59658800000000,100.0,0.2805190000000000,216,770,262.30526300000002,275.0,1.0363640000000001,0.5093170000000000,0,0,0,1,0
2021,Monaco Grand Prix,FP2,VET,18.0,10.0,clear_violation,269.45,30.0,108.07131099999999,100.0,0.2450260000000000,234,955,262.30526300000002,275.0,0.9798180000000000,0.4120060000000000,0,0,0,1,0
2021,Monaco Grand Prix,FP2,MAZ,15.0,10.0,clear_violation,281.0,32.0,105.2242860000000,98.0,0.0,0,987,262.30526300000002,275.0,1.0218179999999999,0.4011520000000000,0,0,0,1,0
2021,Monaco Grand Prix,FP2,MAZ,22.0,10.0,clear_violation,278.0,45.0,149.3776230000000,99.0,0.0,0,693,262.30526300000002,275.0,1.010909000000000,0.5694800000000000,0,0,0,1,0
2021,Monaco Grand Prix,FP2,PER,7.0,10.0,clear_violation,279.0,37.0,124.71318900000000,100.0,0.2898550000000000,240,828,262.30526300000002,275.0,1.0145450000000000,0.4754510000000000,0,0,0,1,0
2021,Monaco Grand Prix,FP2,PER,14.0,10.0,clear_violation,268.0916670,30.0,127.9260150000000,100.0,0.2855380000000000,231,809,262.30526300000002,275.0,0.9748790000000001,0.48769899999999999,0,0,0,1,0
2021,Monaco Grand Prix,FP2,PER,16.0,10.0,clear_violation,279.0,37.0,112.13865500000000,100.0,0.2383030000000000,219,919,262.30526300000002,275.0,1.0145450000000000,0.4275120000000000,0,0,0,1,0
2021,Monaco Grand Prix,FP2,PER,18.0,10.0,clear_violation,267.28333199999997,34.0,114.19498800000000,100.0,0.2713180000000000,245,903,262.30526300000002,275.0,0.971939000000000,0.4353510000000000,0,0,0,1,0
2021,Monaco Grand Prix,FP2,LEC,6.0,10.0,clear_violation,284.0,31.0,135.15680000000000,100.0,0.3045750000000000,233,765,262.30526300000002,275.0,1.0327270000000000,0.5152650000000000,0,0,0,1,0
2021,Monaco Grand Prix,FP2,LEC,26.0,10.0,clear_violation,277.0,44.0,134.6935690000000,100.0,0.3050850000000000,234,767,262.30526300000002,275.0,1.0072730000000001,0.513499000000000,0,0,0,1,0
2021,Monaco Grand Prix,FP2,STR,8.0,10.0,clear_violation,279.0,37.0,116.17787000000000,100.0,0.2283460000000000,203,889,262.30526300000002,275.0,1.0145450000000000,0.44291100000000000,0,0,0,1,0
2021,Monaco Grand Prix,FP2,STR,17.0,10.0,clear_violation,279.0,33.0,107.79997500000000,100.0,0.1561840000000000,149,954,262.30526300000002,275.0,1.0145450000000000,0.41097099999999998,0,0,0,1,0
2021,Monaco Grand Prix,FP2,TSU,8.0,10.0,clear_violation,284.0,39.0,124.79053999999999,100.0,0.2405830000000000,198,823,262.30526300000002,275.0,1.0327270000000000,0.47574499999999997,0,0,0,1,0
2021,Monaco Grand Prix,FP2,OCO,16.0,10.0,clear_violation,274.0,32.0,105.81053799999999,100.0,0.3138460000000000,306,975,262.30526300000002,275.0,0.9963640000000000,0.4033870000000000,0,0,0,1,0
2021,Monaco Grand Prix,FP2,HAM,4.0,10.0,clear_violation,282.0,42.0,140.32272200000000,100.0,0.2934780000000000,216,736,262.30526300000002,275.0,1.0254550000000000,0.5349600000000000,0,0,0,1,0
2021,Monaco Grand Prix,FP2,HAM,16.0,10.0,clear_violation,283.0,44.0,130.71965700000001,100.0,0.2351450000000000,186,791,262.30526300000002,275.0,1.029091000000000,0.49834899999999999,0,0,0,1,0
2021,Monaco Grand Prix,FP2,HAM,19.0,10.0,clear_violation,278.0,47.0,125.30443800000000,100.0,0.3211680000000000,264,822,262.30526300000002,275.0,1.010909000000000,0.4777050000000000,0,0,0,1,0
2021,Monaco Grand Prix,FP2,HAM,20.0,10.0,clear_violation,282.0,46.0,149.52050800000001,100.0,0.291908000000000,202,692,262.30526300000002,275.0,1.0254550000000000,0.5700250000000000,0,0,0,1,0
2021,Monaco Grand Prix,FP2,HAM,24.0,10.0,clear_violation,277.0,48.0,153.40472600000001,100.0,0.2925370000000000,196,670,262.30526300000002,275.0,1.0072730000000001,0.5848330000000000,0,0,0,1,0
2021,Monaco Grand Prix,FP2,SAI,6.0,10.0,clear_violation,285.0,28.0,139.12083400000000,100.0,0.2255030000000000,168,745,262.30526300000002,275.0,1.0363640000000001,0.5303780000000000,0,0,0,1,0
2021,Monaco Grand Prix,FP2,SAI,10.0,10.0,clear_violation,276.0,37.0,128.51206999999999,100.0,0.241636000000000,195,807,262.30526300000002,275.0,1.0036360000000000,0.4899330000000000,0,0,0,1,0
2021,Monaco Grand Prix,FP2,SAI,20.0,10.0,clear_violation,272.9375010,29.0,114.41097300000000,100.0,0.2397790000000000,217,905,262.30526300000002,275.0,0.9925000000000000,0.4361750000000000,0,0,0,1,0
2021,Monaco Grand Prix,FP2,RUS,4.0,10.0,clear_violation,271.0,43.0,143.0354060000000,100.0,0.2468970000000000,179,725,262.30526300000002,275.0,0.9854550000000000,0.5453010000000000,0,0,0,1,0
2021,Monaco Grand Prix,FP2,RUS,16.0,10.0,clear_violation,270.04166900000001,35.0,122.13716599999999,100.0,0.2056740000000000,174,846,262.30526300000002,275.0,0.9819700000000000,0.46562999999999999,0,0,0,1,0
2021,Monaco Grand Prix,FP2,BOT,17.0,10.0,clear_violation,282.0,48.0,156.68080599999999,100.0,0.2712120000000000,179,660,262.30526300000002,275.0,1.0254550000000000,0.5973220000000000,0,0,0,1,0
2021,Monaco Grand Prix,FP3,RIC,9.0,10.0,clear_violation,281.0,43.0,137.14062999999999,100.0,0.1117020000000000,84,752,264.93384200000003,273.0,1.0293040000000000,0.5176410000000000,0,0,0,1,0
2021,Monaco Grand Prix,FP3,RIC,11.0,10.0,clear_violation,284.0,43.0,129.3090160000000,100.0,0.1360800000000000,109,801,264.93384200000003,273.0,1.0402929999999999,0.48808000000000001,0,0,0,1,0
2021,Monaco Grand Prix,FP3,RIC,15.0,10.0,clear_violation,279.0,45.0,153.9772810000000,100.0,0.180328000000000,121,671,264.93384200000003,273.0,1.021978000000000,0.5811910000000000,0,0,0,1,0
2021,Monaco Grand Prix,FP3,RIC,17.0,10.0,clear_violation,277.0,38.0,125.08340900000000,100.0,0.1426840000000000,118,827,264.93384200000003,273.0,1.0146520000000001,0.47213100000000002,0,0,0,1,0
2021,Monaco Grand Prix,FP3,RIC,23.0,10.0,clear_violation,288.0,44.0,150.045534000000,100.0,0.2122090000000000,146,688,264.93384200000003,273.0,1.054945000000000,0.5663510000000000,0,0,0,1,0
2021,Monaco Grand Prix,FP3,VET,7.0,10.0,clear_violation,270.1714300,35.0,110.06360300000000,100.0,0.2513310000000000,236,939,264.93384200000003,273.0,0.9896390000000000,0.415438000000000,0,0,0,1,0
2021,Monaco Grand Prix,FP3,VET,11.0,10.0,clear_violation,280.0,43.0,129.04525200000000,100.0,0.25625,205,800,264.93384200000003,273.0,1.0256410000000000,0.48708499999999999,0,0,0,1,0
2021,Monaco Grand Prix,FP3,LAT,3.0,10.0,clear_violation,286.0,47.0,147.8500190000000,100.0,0.2928570000000000,205,700,264.93384200000003,273.0,1.0476190000000001,0.5580640000000000,0,0,0,1,0
2021,Monaco Grand Prix,FP3,RAI,8.0,10.0,clear_violation,274.4500010000000,21.0,134.50550300000000,100.0,0.2555410000000000,196,767,264.93384200000003,273.0,1.0053110000000001,0.5076950000000000,0,0,0,1,0
2021,Monaco Grand Prix,FP3,RAI,10.0,10.0,clear_violation,288.0,30.0,120.51041700000000,100.0,0.2983680000000000,256,858,264.93384200000003,273.0,1.054945000000000,0.45487000000000000,0,0,0,1,0
2021,Monaco Grand Prix,FP3,MAZ,15.0,10.0,clear_violation,284.0,47.0,155.1579950000000,100.0,0.0,0,667,264.93384200000003,273.0,1.0402929999999999,0.5856479999999999,0,0,0,1,0
2021,Monaco Grand Prix,FP3,PER,9.0,10.0,clear_violation,277.0,22.0,110.74115500000001,100.0,0.2607300000000000,243,932,264.93384200000003,273.0,1.0146520000000001,0.41799599999999998,0,0,0,1,0
2021,Monaco Grand Prix,FP3,LEC,4.0,10.0,clear_violation,281.0,41.0,128.3249300000000,100.0,0.2779160000000000,224,806,264.93384200000003,273.0,1.0293040000000000,0.4843660000000000,0,0,0,1,0
2021,Monaco Grand Prix,FP3,LEC,10.0,10.0,clear_violation,286.0,34.0,127.580963000000,100.0,0.2428750000000000,196,807,264.93384200000003,273.0,1.0476190000000001,0.48155799999999999,0,0,0,1,0
2021,Monaco Grand Prix,FP3,LEC,14.0,10.0,clear_violation,284.0,32.0,121.712805000000,100.0,0.2702700000000000,230,851,264.93384200000003,273.0,1.0402929999999999,0.45940799999999998,0,0,0,1,0
2021,Monaco Grand Prix,FP3,LEC,19.0,10.0,clear_violation,282.0,30.0,126.94091299999999,100.0,0.2723930000000000,222,815,264.93384200000003,273.0,1.032967000000000,0.47914200000000001,0,0,0,1,0
2021,Monaco Grand Prix,FP3,LEC,25.0,10.0,clear_violation,273.2250020,39.0,114.62349399999999,100.0,0.2364040000000000,213,901,264.93384200000003,273.0,1.0008239999999999,0.43264999999999998,0,0,0,1,0
2021,Monaco Grand Prix,FP3,STR,21.0,10.0,clear_violation,279.0,32.0,118.0160500000000,99.0,0.2365710000000000,207,875,264.93384200000003,273.0,1.021978000000000,0.44545499999999999,0,0,0,1,0
2021,Monaco Grand Prix,FP3,OCO,16.0,10.0,clear_violation,277.0,26.0,124.31312600000000,100.0,0.2777780000000000,230,828,264.93384200000003,273.0,1.0146520000000001,0.46922300000000000,0,0,0,1,0
2021,Monaco Grand Prix,FP3,VER,9.0,10.0,clear_violation,278.0,39.0,121.72097300000000,100.0,0.2237930000000000,190,849,264.93384200000003,273.0,1.0183150000000001,0.45943899999999999,0,0,0,1,0
2021,Monaco Grand Prix,FP3,VER,15.0,10.0,clear_violation,290.0,29.0,149.97111400000000,100.0,0.244928000000000,169,690,264.93384200000003,273.0,1.0622710000000000,0.5660700000000000,0,0,0,1,0
2021,Monaco Grand Prix,FP3,VER,17.0,10.0,clear_violation,279.0,28.0,119.26709000000000,100.0,0.2664360000000000,231,867,264.93384200000003,273.0,1.021978000000000,0.4501770000000000,0,0,0,1,0
2021,Monaco Grand Prix,FP3,HAM,6.0,10.0,clear_violation,274.0,47.0,139.49147400000001,100.0,0.3122480000000000,232,743,264.93384200000003,273.0,1.0036630000000000,0.5265140000000000,0,0,0,1,0
2021,Monaco Grand Prix,FP3,HAM,16.0,10.0,clear_violation,286.0,17.0,143.66945400000000,100.0,0.3005540000000000,217,722,264.93384200000003,273.0,1.0476190000000001,0.5422840000000000,0,0,0,1,0
2021,Monaco Grand Prix,FP3,HAM,18.0,10.0,clear_violation,284.0,47.0,153.5331160000000,100.0,0.2878340000000000,194,674,264.93384200000003,273.0,1.0402929999999999,0.5795150000000000,0,0,0,1,0
2021,Monaco Grand Prix,FP3,SAI,6.0,10.0,clear_violation,277.0,32.0,111.53041700000000,100.0,0.2105260000000000,196,931,264.93384200000003,273.0,1.0146520000000001,0.4209750000000000,0,0,0,1,0
2021,Monaco Grand Prix,FP3,SAI,7.0,10.0,clear_violation,286.0,47.0,150.5936130000000,100.0,0.2441860000000000,168,688,264.93384200000003,273.0,1.0476190000000001,0.5684200000000000,0,0,0,1,0
2021,Monaco Grand Prix,FP3,SAI,18.0,10.0,clear_violation,281.0,28.0,133.6150080000000,100.0,0.2364340000000000,183,774,264.93384200000003,273.0,1.0293040000000000,0.5043330000000000,0,0,0,1,0
2021,Monaco Grand Prix,FP3,SAI,26.0,10.0,clear_violation,277.0,38.0,119.16025300000000,100.0,0.2039170000000000,177,868,264.93384200000003,273.0,1.0146520000000001,0.4497740000000000,0,0,0,1,0
2021,Monaco Grand Prix,FP3,RUS,6.0,10.0,clear_violation,281.0,32.0,113.09238300000000,100.0,0.1956280000000000,179,915,264.93384200000003,273.0,1.0293040000000000,0.42687000000000003,0,0,0,1,0
2021,Monaco Grand Prix,FP3,RUS,21.0,10.0,clear_violation,280.0,41.0,129.1360760000000,100.0,0.1822720000000000,146,801,264.93384200000003,273.0,1.0256410000000000,0.48742799999999997,0,0,0,1,0
2021,Monaco Grand Prix,FP3,BOT,4.0,10.0,clear_violation,275.0,37.0,138.3762980000000,100.0,0.2939600000000000,219,745,264.93384200000003,273.0,1.0073259999999999,0.5223050000000000,0,0,0,1,0
2021,Monaco Grand Prix,FP3,LEC,19.0,1.0,no_advantage,282.0,30.0,126.94091299999999,100.0,0.2723930000000000,222,815,264.93384200000003,273.0,1.032967000000000,0.47914200000000001,0,0,0,1,0
2021,Monaco Grand Prix,FP3,BOT,13.0,1.0,no_advantage,271.57499899999999,45.0,136.84971800000000,100.0,0.309934000000000,234,755,264.93384200000003,273.0,0.9947800000000000,0.5165430000000000,0,0,0,1,0
2021,Monaco Grand Prix,Q,SAI,10.0,10.0,clear_violation,284.0,44.0,144.82632400000000,100.0,0.2343100000000000,168,717,267.9625360000000,277.0,1.0252710000000000,0.5404720000000000,0,1,0,0,0
2021,Monaco Grand Prix,Q,SAI,12.0,10.0,clear_violation,281.0,25.0,119.09013700000,100.0,0.1869270000000000,163,872,267.9625360000000,277.0,1.0144400000000000,0.44442799999999999,0,1,0,0,0
2021,Monaco Grand Prix,Q,SAI,16.0,10.0,clear_violation,286.0,34.0,136.65156400000001,100.0,0.2257220000000000,172,762,267.9625360000000,277.0,1.032491000000000,0.5099650000000000,0,1,0,0,0
2021,Monaco Grand Prix,Q,HAM,10.0,10.0,clear_violation,286.0,37.0,139.04511199999999,100.0,0.3073830000000000,229,745,267.9625360000000,277.0,1.032491000000000,0.5188980000000000,0,1,0,0,0
2021,Monaco Grand Prix,Q,HAM,21.0,10.0,clear_violation,284.0,48.0,155.1166660000000,100.0,0.2878560000000000,192,667,267.9625360000000,277.0,1.0252710000000000,0.5788740000000000,0,1,0,0,0
2021,Monaco Grand Prix,Q,VET,21.0,10.0,clear_violation,268.0,48.0,143.27980400000001,100.0,0.2559110000000000,184,719,267.9625360000000,277.0,0.9675090000000000,0.5347010000000000,0,1,0,0,0
2021,Monaco Grand Prix,Q,RAI,14.0,10.0,clear_violation,287.0,28.0,127.33445200000000,100.0,0.3083540000000000,251,814,267.9625360000000,277.0,1.036101000000000,0.47519499999999998,0,1,0,0,0
2021,Monaco Grand Prix,Q,RUS,13.0,10.0,clear_violation,288.0,48.0,153.56280799999999,100.0,0.2270030000000000,153,674,267.9625360000000,277.0,1.03971100000000,0.5730760000000000,0,1,0,0,0
2021,Monaco Grand Prix,Q,RAI,5.0,1.0,no_advantage,285.0,35.0,116.30850100000001,100.0,0.2895620000000000,258,891,267.9625360000000,277.0,1.0288809999999999,0.4340480000000000,0,1,0,0,0
2021,Monaco Grand Prix,R,NOR,10.0,10.0,clear_violation,282.0,42.0,153.10842299999999,99.0,0.2789320000000000,188,674,257.68334499999997,275.0,1.0254550000000000,0.5941730000000000,0,0,1,0,0
2021,Monaco Grand Prix,R,NOR,18.0,10.0,clear_violation,287.0,42.0,154.26077000000001,99.0,0.2645740000000000,177,669,257.68334499999997,275.0,1.0436360000000000,0.5986450000000000,0,0,1,0,0
2021,Monaco Grand Prix,R,GAS,19.0,10.0,clear_violation,284.0,47.0,152.97079500000001,100.0,0.2806500000000000,190,677,257.68334499999997,275.0,1.0327270000000000,0.5936390000000000,0,0,1,0,0
2021,Monaco Grand Prix,R,HAM,64.0,10.0,clear_violation,284.0,45.0,154.7892850000000,100.0,0.2705530000000000,181,669,257.68334499999997,275.0,1.0327270000000000,0.6006960000000000,0,0,1,0,0
2021,Monaco Grand Prix,R,STR,45.0,10.0,clear_violation,289.0,42.0,151.8997650000000,100.0,0.2781070000000000,188,676,257.68334499999997,275.0,1.050909000000000,0.5894820000000000,0,0,1,0,0
2021,Monaco Grand Prix,R,GIO,37.0,10.0,clear_violation,283.0,44.0,156.50893700000000,100.0,0.2897900000000000,193,666,257.68334499999997,275.0,1.029091000000000,0.6073690000000000,0,0,1,0,0
2021,Monaco Grand Prix,R,RIC,46.0,10.0,clear_violation,288.0,39.0,143.6068800000000,99.0,0.2813370000000000,202,718,257.68334499999997,275.0,1.0472729999999999,0.5573000000000000,0,0,1,0,0
2021,Monaco Grand Prix,R,RUS,56.0,10.0,clear_violation,287.0,46.0,141.7579370000000,100.0,0.2802200000000000,204,728,257.68334499999997,275.0,1.0436360000000000,0.5501250000000000,0,0,1,0,0
2021,Monaco Grand Prix,R,LAT,45.0,10.0,clear_violation,289.0,46.0,155.54159400000000,100.0,0.3063060000000000,204,666,257.68334499999997,275.0,1.050909000000000,0.6036150000000000,0,0,1,0,0
2021,Monaco Grand Prix,R,LAT,56.0,10.0,clear_violation,286.0,47.0,153.22153499999999,100.0,0.3120360000000000,210,673,257.68334499999997,275.0,1.04,0.5946120000000000,0,0,1,0,0
2021,Monaco Grand Prix,R,TSU,34.0,10.0,clear_violation,284.0,48.0,153.65010200000000,100.0,0.263001000000000,177,673,257.68334499999997,275.0,1.0327270000000000,0.5962750000000000,0,0,1,0,0
2021,Monaco Grand Prix,R,TSU,74.0,10.0,clear_violation,294.0,45.0,152.8675970000000,100.0,0.2644870000000000,178,673,257.68334499999997,275.0,1.069091000000000,0.5932380000000000,0,0,1,0,0
2021,Monaco Grand Prix,R,MAZ,7.0,10.0,clear_violation,288.0,47.0,148.54912100000001,100.0,0.0,0,695,257.68334499999997,275.0,1.0472729999999999,0.5764790000000000,0,0,1,0,0
2021,Monaco Grand Prix,R,MAZ,12.0,10.0,clear_violation,287.0,47.0,150.14097400000000,100.0,0.0,0,690,257.68334499999997,275.0,1.0436360000000000,0.5826570000000000,0,0,1,0,0
2021,Monaco Grand Prix,R,MAZ,39.0,10.0,clear_violation,282.0,38.0,145.83923600000000,100.0,0.0,0,710,257.68334499999997,275.0,1.0254550000000000,0.565963000000000,0,0,1,0,0
2021,Monaco Grand Prix,R,MAZ,42.0,10.0,clear_violation,284.0,40.0,146.76492600000000,100.0,0.0,0,703,257.68334499999997,275.0,1.0327270000000000,0.569555000000000,0,0,1,0,0
2021,Monaco Grand Prix,R,MAZ,43.0,10.0,clear_violation,284.0,36.0,143.06160000000000,100.0,0.0,0,723,257.68334499999997,275.0,1.0327270000000000,0.5551840000000000,0,0,1,0,0
2021,Monaco Grand Prix,R,MAZ,46.0,10.0,clear_violation,287.0,46.0,143.25515600000000,100.0,0.0,0,717,257.68334499999997,275.0,1.0436360000000000,0.5559350000000000,0,0,1,0,0
2021,Monaco Grand Prix,R,MAZ,68.0,10.0,clear_violation,285.0,45.0,146.80681300000001,100.0,0.0,0,705,257.68334499999997,275.0,1.0363640000000001,0.5697179999999999,0,0,1,0,0
2021,Monaco Grand Prix,R,MSC,25.0,10.0,clear_violation,284.0,42.0,143.4833310000000,100.0,0.3101530000000000,223,719,257.68334499999997,275.0,1.0327270000000000,0.5568200000000000,0,0,1,0,0
2021,Monaco Grand Prix,R,MSC,26.0,10.0,clear_violation,267.0,44.0,141.59858399999999,100.0,0.3305900000000000,241,729,257.68334499999997,275.0,0.9709090000000000,0.5495060000000000,0,0,1,0,0
2021,Monaco Grand Prix,R,MSC,38.0,10.0,clear_violation,286.0,42.0,136.32285999999999,100.0,0.3311260000000000,250,755,257.68334499999997,275.0,1.04,0.52903200000000,0,0,1,0,0
2021,Monaco Grand Prix,R,MSC,39.0,10.0,clear_violation,284.0,28.0,139.76474200000001,100.0,0.3342320000000000,248,742,257.68334499999997,275.0,1.0327270000000000,0.5423900000000000,0,0,1,0,0
2021,Portuguese Grand Prix,FP1,RIC,7.0,1.0,clear_violation,310.0,69.0,199.0445460000000,99.0,0.1752720000000000,129,736,279.8343690000000,306.0,1.0130720000000000,0.7112940000000000,0,0,0,1,0
2021,Portuguese Grand Prix,FP1,NOR,20.0,4.0,clear_violation,316.0,73.0,206.0860700000000,100.0,0.1745810000000000,125,716,279.8343690000000,306.0,1.0326800000000000,0.7364570000000000,0,0,0,1,0
2021,Portuguese Grand Prix,FP1,VET,25.0,1.0,clear_violation,298.0,72.0,197.4372850000000,100.0,0.215529000000000,161,747,279.8343690000000,306.0,0.9738560000000001,0.7055510000000000,0,0,0,1,0
2021,Portuguese Grand Prix,FP1,VET,29.0,1.0,clear_violation,296.0,75.0,199.81078400000001,100.0,0.1872460000000000,138,737,279.8343690000000,306.0,0.9673200000000000,0.7140320000000000,0,0,0,1,0
2021,Portuguese Grand Prix,FP1,LAT,4.0,4.0,clear_violation,317.0,68.0,195.1780890000000,100.0,0.2290280000000000,172,751,279.8343690000000,306.0,1.0359480000000001,0.6974770000000000,0,0,0,1,0
2021,Portuguese Grand Prix,FP1,LAT,14.0,1.0,clear_violation,321.0,71.0,201.1876840000000,100.0,0.2176310000000000,158,726,279.8343690000000,306.0,1.0490200000000001,0.7189530000000000,0,0,0,1,0
2021,Portuguese Grand Prix,FP1,RAI,16.0,1.0,clear_violation,313.0,70.0,205.277516000000,100.0,0.2033430000000000,146,718,279.8343690000000,306.0,1.022876000000000,0.733568000000000,0,0,0,1,0
2021,Portuguese Grand Prix,FP1,MAZ,15.0,4.0,clear_violation,314.0,62.0,189.0836920000000,100.0,0.229086000000000,178,777,279.8343690000000,306.0,1.026144000000000,0.6756990000000000,0,0,0,1,0
2021,Portuguese Grand Prix,FP1,MAZ,18.0,1.0,clear_violation,312.0,74.0,200.5578140000000,100.0,0.2160330000000000,159,736,279.8343690000000,306.0,1.0196080000000001,0.7167020000000000,0,0,0,1,0
2021,Portuguese Grand Prix,FP1,MAZ,22.0,1.0,clear_violation,293.0,73.0,191.8693450000000,100.0,0.2299740000000000,178,774,279.8343690000000,306.0,0.9575160000000000,0.6856530000000000,0,0,0,1,0
2021,Portuguese Grand Prix,FP1,MAZ,26.0,4.0,clear_violation,297.0,67.0,195.05290099999999,100.0,0.2318840000000000,176,759,279.8343690000000,306.0,0.9705880000000000,0.6970300000000000,0,0,0,1,0
2021,Portuguese Grand Prix,FP1,MAZ,27.0,4.0,clear_violation,297.0,72.0,195.4942590000000,100.0,0.2350600000000000,177,753,279.8343690000000,306.0,0.9705880000000000,0.6986070000000000,0,0,0,1,0
2021,Portuguese Grand Prix,FP1,MAZ,28.0,1.0,clear_violation,299.0,49.0,168.25576200000000,100.0,0.2883300000000000,252,874,279.8343690000000,306.0,0.9771240000000000,0.6012690000000001,0,0,0,1,0
2021,Portuguese Grand Prix,FP1,GAS,2.0,4.0,clear_violation,303.0,68.0,187.92084900000000,100.0,0.2209300000000000,171,774,279.8343690000000,306.0,0.9901960000000000,0.6715430000000000,0,0,0,1,0
2021,Portuguese Grand Prix,FP1,GAS,3.0,4.0,clear_violation,314.0,68.0,198.43173100000001,100.0,0.2068030000000000,152,735,279.8343690000000,306.0,1.026144000000000,0.709104000000000,0,0,0,1,0
2021,Portuguese Grand Prix,FP1,GAS,11.0,4.0,clear_violation,317.0,73.0,204.09343699999999,100.0,0.203626000000000,146,717,279.8343690000000,306.0,1.0359480000000001,0.7293370000000000,0,0,0,1,0
2021,Portuguese Grand Prix,FP1,GAS,13.0,4.0,clear_violation,315.0,73.0,204.91734000000000,100.0,0.1741570000000000,124,712,279.8343690000000,306.0,1.0294120000000000,0.732281000000000,0,0,0,1,0
2021,Portuguese Grand Prix,FP1,GAS,15.0,4.0,clear_violation,319.0,64.0,176.69013200000001,100.0,0.1753330000000000,145,827,279.8343690000000,306.0,1.042484000000000,0.6314100000000000,0,0,0,1,0
2021,Portuguese Grand Prix,FP1,ALO,18.0,1.0,clear_violation,318.0,71.0,197.3536740000000,100.0,0.2077750000000000,155,746,279.8343690000000,306.0,1.0392159999999999,0.7052520000000000,0,0,0,1,0
2021,Portuguese Grand Prix,FP1,ALO,20.0,1.0,clear_violation,317.0,73.0,204.2759560000000,100.0,0.1842110000000000,133,722,279.8343690000000,306.0,1.0359480000000001,0.729989000000000,0,0,0,1,0
2021,Portuguese Grand Prix,FP1,ALO,23.0,1.0,clear_violation,310.0,71.0,199.43838000000,100.0,0.2891890000000000,214,740,279.8343690000000,306.0,1.0130720000000000,0.7127019999999999,0,0,0,1,0
2021,Portuguese Grand Prix,FP1,LEC,3.0,4.0,clear_violation,300.0,70.0,198.35063800000000,100.0,0.2040820000000000,150,735,279.8343690000000,306.0,0.9803920000000000,0.7088140000000001,0,0,0,1,0
2021,Portuguese Grand Prix,FP1,LEC,7.0,1.0,clear_violation,326.0,63.0,185.4426050000000,100.0,0.2401520000000000,189,787,279.8343690000000,306.0,1.065359000000000,0.6626870000000000,0,0,0,1,0
2021,Portuguese Grand Prix,FP1,LEC,11.0,4.0,clear_violation,292.0,74.0,201.3065050000000,100.0,0.1804410000000000,131,726,279.8343690000000,306.0,0.954248000000000,0.7193770000000000,0,0,0,1,0
2021,Portuguese Grand Prix,FP1,LEC,12.0,1.0,clear_violation,295.7083330,74.0,205.02954900000000,100.0,0.185133000000000,132,713,279.8343690000000,306.0,0.9663670000000000,0.7326820000000001,0,0,0,1,0
2021,Portuguese Grand Prix,FP1,LEC,19.0,1.0,clear_violation,309.0,75.0,205.30922500000000,100.0,0.1938630000000000,139,717,279.8343690000000,306.0,1.0098039999999999,0.7336810000000000,0,0,0,1,0
2021,Portuguese Grand Prix,FP1,STR,4.0,4.0,clear_violation,320.0,66.0,198.1571050000000,100.0,0.2228260000000000,164,736,279.8343690000000,306.0,1.0457520000000000,0.7081229999999999,0,0,0,1,0
2021,Portuguese Grand Prix,FP1,TSU,11.0,4.0,clear_violation,314.0,69.0,203.05249499999999,100.0,0.1791670000000000,129,720,279.8343690000000,306.0,1.026144000000000,0.7256170000000000,0,0,0,1,0
2021,Portuguese Grand Prix,FP1,MSC,22.0,4.0,clear_violation,295.0,70.0,193.94565299999999,100.0,0.2117650000000000,162,765,279.8343690000000,306.0,0.9640520000000000,0.6930730000000001,0,0,0,1,0
2021,Portuguese Grand Prix,FP1,SAI,2.0,4.0,clear_violation,298.0,72.0,191.24236000000,100.0,0.2281620000000000,175,767,279.8343690000000,306.0,0.9738560000000001,0.6834130000000000,0,0,0,1,0
2021,Portuguese Grand Prix,FP1,SAI,4.0,4.0,clear_violation,297.0,72.0,200.98116500000000,100.0,0.202201000000000,147,727,279.8343690000000,306.0,0.9705880000000000,0.7182150000000000,0,0,0,1,0
2021,Portuguese Grand Prix,FP1,SAI,25.0,1.0,clear_violation,312.0,71.0,193.4846310000000,100.0,0.2092110000000000,159,760,279.8343690000000,306.0,1.0196080000000001,0.6914260000000000,0,0,0,1,0
2021,Portuguese Grand Prix,FP1,RUS,24.0,1.0,clear_violation,307.0,72.0,199.6336320000000,100.0,0.2010870000000000,148,736,279.8343690000000,306.0,1.0032680000000000,0.7133990000000000,0,0,0,1,0
2021,Portuguese Grand Prix,FP1,BOT,27.0,1.0,clear_violation,314.0,74.0,201.4955100000000,100.0,0.1958900000000000,143,730,279.8343690000000,306.0,1.026144000000000,0.7200530000000001,0,0,0,1,0
2021,Portuguese Grand Prix,FP1,ILO,17.0,1.0,clear_violation,316.0,74.0,201.9923670000000,100.0,0.2216140000000000,162,731,279.8343690000000,306.0,1.0326800000000000,0.7218280000000000,0,0,0,1,0
2021,Portuguese Grand Prix,FP2,RIC,18.0,1.0,clear_violation,314.0,67.0,190.7679140000000,99.0,0.1533420000000000,117,763,280.1771430000000,305.0,1.0295080000000001,0.680883000000000,0,0,0,1,0
2021,Portuguese Grand Prix,FP2,NOR,20.0,1.0,clear_violation,288.0,70.0,196.7563120000000,100.0,0.1911170000000000,142,743,280.1771430000000,305.0,0.9442620000000000,0.7022570000000000,0,0,0,1,0
2021,Portuguese Grand Prix,FP2,VET,16.0,4.0,clear_violation,287.0,73.0,196.123506000000,100.0,0.2083330000000000,155,744,280.1771430000000,305.0,0.940984000000000,0.699998000000000,0,0,0,1,0
2021,Portuguese Grand Prix,FP2,RAI,7.0,1.0,clear_violation,314.0,55.0,179.60274300000000,100.0,0.2127920000000000,173,813,280.1771430000000,305.0,1.0295080000000001,0.6410330000000000,0,0,0,1,0
2021,Portuguese Grand Prix,FP2,RAI,13.0,4.0,clear_violation,315.0,71.0,191.2291320000000,100.0,0.2159690000000000,165,764,280.1771430000000,305.0,1.0327869999999999,0.6825290000000001,0,0,0,1,0
2021,Portuguese Grand Prix,FP2,MAZ,11.0,4.0,clear_violation,316.0,48.0,190.1679480000000,99.0,0.1763940000000000,136,771,280.1771430000000,305.0,1.0360659999999999,0.6787420000000000,0,0,0,1,0
2021,Portuguese Grand Prix,FP2,MAZ,13.0,1.0,clear_violation,313.0,74.0,202.17209500000001,100.0,0.2269600000000000,165,727,280.1771430000000,305.0,1.0262300000000000,0.721587000000000,0,0,0,1,0
2021,Portuguese Grand Prix,FP2,MAZ,17.0,1.0,clear_violation,294.0,72.0,186.8830970000000,100.0,0.2337990000000000,184,787,280.1771430000000,305.0,0.9639340000000000,0.6670180000000000,0,0,0,1,0
2021,Portuguese Grand Prix,FP2,MAZ,20.0,1.0,clear_violation,292.0,70.0,191.19241600000001,100.0,0.2203390000000000,169,767,280.1771430000000,305.0,0.9573770000000000,0.6823979999999999,0,0,0,1,0
2021,Portuguese Grand Prix,FP2,MAZ,21.0,1.0,clear_violation,291.0,73.0,193.63626500000001,100.0,0.23841100000000,180,755,280.1771430000000,305.0,0.9540980000000000,0.6911210000000000,0,0,0,1,0
2021,Portuguese Grand Prix,FP2,MAZ,22.0,1.0,clear_violation,292.0,73.0,191.1788640000000,100.0,0.2415140000000000,185,766,280.1771430000000,305.0,0.9573770000000000,0.6823500000000000,0,0,0,1,0
2021,Portuguese Grand Prix,FP2,MAZ,26.0,1.0,clear_violation,294.0,73.0,193.7491220000000,100.0,0.2370860000000000,179,755,280.1771430000000,305.0,0.9639340000000000,0.6915240000000000,0,0,0,1,0
2021,Portuguese Grand Prix,FP2,ALO,28.0,1.0,clear_violation,294.0,71.0,193.8455680000000,100.0,0.1848400000000000,139,752,280.1771430000000,305.0,0.9639340000000000,0.6918680000000000,0,0,0,1,0
2021,Portuguese Grand Prix,FP2,LEC,21.0,4.0,clear_violation,314.0,69.0,197.7977710000000,100.0,0.2160330000000000,159,736,280.1771430000000,305.0,1.0295080000000001,0.7059740000000000,0,0,0,1,0
2021,Portuguese Grand Prix,FP2,STR,18.0,4.0,clear_violation,313.0,69.0,197.7018480000000,100.0,0.2178620000000000,161,739,280.1771430000000,305.0,1.0262300000000000,0.7056320000000000,0,0,0,1,0
2021,Portuguese Grand Prix,FP2,STR,20.0,1.0,clear_violation,294.0499990000000,71.0,195.3726700000000,100.0,0.2048190000000000,153,747,280.1771430000000,305.0,0.9640980000000000,0.6973180000000000,0,0,0,1,0
2021,Portuguese Grand Prix,FP2,TSU,9.0,4.0,clear_violation,310.0,72.0,204.76763099999999,100.0,0.1820730000000000,130,714,280.1771430000000,305.0,1.0163930000000001,0.7308510000000000,0,0,0,1,0
2021,Portuguese Grand Prix,FP2,TSU,31.0,1.0,clear_violation,292.0,48.0,193.9567030000000,100.0,0.1809780000000000,137,757,280.1771430000000,305.0,0.9573770000000000,0.6922650000000000,0,0,0,1,0
2021,Portuguese Grand Prix,FP2,VER,19.0,4.0,clear_violation,296.0,70.0,195.6428200000000,100.0,0.2032300000000000,151,743,280.1771430000000,305.0,0.9704920000000000,0.6982830000000000,0,0,0,1,0
2021,Portuguese Grand Prix,FP2,VER,21.0,4.0,clear_violation,295.0,69.0,201.16215500000001,100.0,0.1793100000000000,130,725,280.1771430000000,305.0,0.9672130000000000,0.7179820000000000,0,0,0,1,0
2021,Portuguese Grand Prix,FP2,VER,22.0,1.0,clear_violation,298.0,71.0,201.01920300000000,100.0,0.1758240000000000,128,728,280.1771430000000,305.0,0.9770489999999999,0.7174720000000000,0,0,0,1,0
2021,Portuguese Grand Prix,FP2,HAM,22.0,1.0,clear_violation,300.0,75.0,196.9430270000000,100.0,0.1972970000000000,146,740,280.1771430000000,305.0,0.9836070000000000,0.7029230000000000,0,0,0,1,0
2021,Portuguese Grand Prix,FP2,HAM,27.0,1.0,clear_violation,320.0,74.0,200.20192000000000,100.0,0.2043900000000000,149,729,280.1771430000000,305.0,1.0491800000000000,0.7145550000000001,0,0,0,1,0
2021,Portuguese Grand Prix,FP2,MSC,10.0,1.0,clear_violation,316.0,65.0,182.043627000000,100.0,0.2024840000000000,163,805,280.1771430000000,305.0,1.0360659999999999,0.6497450000000000,0,0,0,1,0
2021,Portuguese Grand Prix,FP2,MSC,13.0,1.0,clear_violation,317.0,72.0,206.21509699999999,100.0,0.1985920000000000,141,710,280.1771430000000,305.0,1.039344000000000,0.7360170000000000,0,0,0,1,0
2021,Portuguese Grand Prix,FP2,MSC,23.0,4.0,clear_violation,293.0,71.0,196.90899600000000,100.0,0.2096770000000000,156,744,280.1771430000000,305.0,0.9606560000000000,0.7028020000000000,0,0,0,1,0
2021,Portuguese Grand Prix,FP2,SAI,12.0,1.0,clear_violation,307.0,66.0,159.87817500000000,100.0,0.2054640000000000,188,915,280.1771430000000,305.0,1.0065569999999999,0.5706320000000000,0,0,0,1,0
2021,Portuguese Grand Prix,FP2,RUS,21.0,4.0,clear_violation,298.0,71.0,197.3449940000000,100.0,0.2027030000000000,150,740,280.1771430000000,305.0,0.9770489999999999,0.7043580000000000,0,0,0,1,0
2021,Portuguese Grand Prix,FP2,GIO,19.0,4.0,clear_violation,306.0,71.0,194.29698800000000,100.0,0.2157120000000000,162,751,280.1771430000000,305.0,1.0032790000000000,0.6934790000000000,0,0,0,1,0
2021,Portuguese Grand Prix,FP2,GIO,29.0,4.0,clear_violation,296.0,65.0,173.7832750000000,100.0,0.1947430000000000,163,837,280.1771430000000,305.0,0.9704920000000000,0.6202620000000000,0,0,0,1,0
2021,Portuguese Grand Prix,FP3,NOR,16.0,1.0,clear_violation,291.0,67.0,197.8690960000000,100.0,0.1886020000000000,139,737,275.64431500000001,302.0,0.9635760000000000,0.7178420000000000,0,0,0,1,0
2021,Portuguese Grand Prix,FP3,VET,10.0,1.0,clear_violation,315.0,71.0,208.75372200000001,100.0,0.1940090000000000,136,701,275.64431500000001,302.0,1.0430459999999999,0.7573299999999999,0,0,0,1,0
2021,Portuguese Grand Prix,FP3,VET,14.0,1.0,clear_violation,309.0,73.0,187.44365099999999,100.0,0.2092430000000000,163,779,275.64431500000001,302.0,1.0231790000000001,0.6800200000000000,0,0,0,1,0
2021,Portuguese Grand Prix,FP3,VET,15.0,1.0,clear_violation,312.0,75.0,208.6114770000000,100.0,0.2045780000000000,143,699,275.64431500000001,302.0,1.033113000000000,0.7568140000000000,0,0,0,1,0
2021,Portuguese Grand Prix,FP3,RAI,2.0,1.0,clear_violation,314.0,69.0,171.71189100000001,100.0,0.1917650000000000,163,850,275.64431500000001,302.0,1.0397350000000001,0.6229470000000000,0,0,0,1,0
2021,Portuguese Grand Prix,FP3,RAI,23.0,1.0,clear_violation,300.0,68.0,201.03256600000000,100.0,0.2173310000000000,158,727,275.64431500000001,302.0,0.9933770000000000,0.7293190000000001,0,0,0,1,0
2021,Portuguese Grand Prix,FP3,MAZ,6.0,4.0,clear_violation,311.0,67.0,172.68812900000000,100.0,0.1772300000000000,151,852,275.64431500000001,302.0,1.0298010000000000,0.6264890000000000,0,0,0,1,0
2021,Portuguese Grand Prix,FP3,MAZ,7.0,1.0,clear_violation,315.0,77.0,202.85932500000001,99.0,0.2163660000000000,156,721,275.64431500000001,302.0,1.0430459999999999,0.7359460000000000,0,0,0,1,0
2021,Portuguese Grand Prix,FP3,MAZ,12.0,1.0,clear_violation,318.0,76.0,206.168458000000,100.0,0.2028170000000000,144,710,275.64431500000001,302.0,1.0529800000000000,0.7479510000000000,0,0,0,1,0
2021,Portuguese Grand Prix,FP3,MAZ,14.0,4.0,clear_violation,320.0,73.0,207.55994699999999,100.0,0.1929080000000000,136,705,275.64431500000001,302.0,1.0596030000000001,0.752999000000000,0,0,0,1,0
2021,Portuguese Grand Prix,FP3,MAZ,19.0,1.0,clear_violation,321.0,0.0,155.05494200000001,100.0,0.1671990000000000,157,939,275.64431500000001,302.0,1.0629139999999999,0.5625180000000000,0,0,0,1,0
2021,Portuguese Grand Prix,FP3,GAS,2.0,4.0,clear_violation,315.0,75.0,207.51901000000001,100.0,0.1564720000000000,110,703,275.64431500000001,302.0,1.0430459999999999,0.7528510000000000,0,0,0,1,0
2021,Portuguese Grand Prix,FP3,GAS,14.0,1.0,clear_violation,316.0,77.0,210.28274700000000,100.0,0.1774890000000000,123,693,275.64431500000001,302.0,1.0463579999999999,0.7628770000000000,0,0,0,1,0
2021,Portuguese Grand Prix,FP3,GAS,16.0,1.0,clear_violation,314.0,72.0,208.5430330000000,100.0,0.1657140000000000,116,700,275.64431500000001,302.0,1.0397350000000001,0.7565660000000000,0,0,0,1,0
2021,Portuguese Grand Prix,FP3,PER,15.0,1.0,clear_violation,316.0,66.0,189.2983070000000,100.0,0.2137310000000000,165,772,275.64431500000001,302.0,1.0463579999999999,0.6867480000000000,0,0,0,1,0
2021,Portuguese Grand Prix,FP3,ALO,11.0,1.0,clear_violation,320.0,77.0,212.3675210000000,100.0,0.1991280000000000,137,688,275.64431500000001,302.0,1.0596030000000001,0.7704400000000000,0,0,0,1,0
2021,Portuguese Grand Prix,FP3,ALO,14.0,1.0,clear_violation,315.0,57.0,186.20432400000001,100.0,0.2087070000000000,163,781,275.64431500000001,302.0,1.0430459999999999,0.6755240000000000,0,0,0,1,0
2021,Portuguese Grand Prix,FP3,STR,14.0,1.0,clear_violation,311.0,72.0,209.169914000000,100.0,0.2066000000000000,144,697,275.64431500000001,302.0,1.0298010000000000,0.7588400000000000,0,0,0,1,0
2021,Portuguese Grand Prix,FP3,HAM,6.0,1.0,clear_violation,318.0,62.0,192.7476090000000,100.0,0.2341270000000000,177,756,275.64431500000001,302.0,1.0529800000000000,0.6992620000000001,0,0,0,1,0
2021,Portuguese Grand Prix,FP3,HAM,20.0,1.0,clear_violation,308.0,36.0,168.43366900000001,100.0,0.2716760000000000,235,865,275.64431500000001,302.0,1.0198680000000000,0.6110540000000000,0,0,0,1,0
2021,Portuguese Grand Prix,FP3,MSC,20.0,4.0,clear_violation,323.0,74.0,189.8500300000000,100.0,0.1932560000000000,149,771,275.64431500000001,302.0,1.0695360000000000,0.688750000000000,0,0,0,1,0
2021,Portuguese Grand Prix,FP3,SAI,16.0,1.0,clear_violation,310.0,77.0,210.07321400000,100.0,0.1988470000000000,138,694,275.64431500000001,302.0,1.0264899999999999,0.7621170000000000,0,0,0,1,0
2021,Portuguese Grand Prix,FP3,SAI,22.0,4.0,clear_violation,312.0,75.0,197.18018499999999,100.0,0.217391000000000,160,736,275.64431500000001,302.0,1.033113000000000,0.7153430000000000,0,0,0,1,0
2021,Portuguese Grand Prix,Q,HAM,3.0,1.0,clear_violation,315.0,79.0,212.2925300000000,100.0,0.1773260000000000,122,688,287.65107899999998,302.0,1.0430459999999999,0.7380210000000000,0,1,0,0,0
2021,Portuguese Grand Prix,Q,VER,16.0,4.0,clear_violation,315.0,77.0,213.50884600000001,100.0,0.1774190000000000,121,682,287.65107899999998,302.0,1.0430459999999999,0.7422490000000000,0,1,0,0,0
2021,Portuguese Grand Prix,Q,LEC,3.0,4.0,clear_violation,313.0,58.0,173.44633700000000,100.0,0.195730000000000,165,843,287.65107899999998,302.0,1.0364240000000000,0.6029750000000000,0,1,0,0,0
2021,Portuguese Grand Prix,Q,GAS,25.0,14.0,clear_violation,315.0,74.0,210.6858910000000,100.0,0.1512970000000000,105,694,287.65107899999998,302.0,1.0430459999999999,0.732436000000000,0,1,0,0,0
2021,Portuguese Grand Prix,Q,RAI,4.0,4.0,clear_violation,322.0,70.0,207.3805950000000,100.0,0.201418000000000,142,705,287.65107899999998,302.0,1.0662250000000000,0.7209449999999999,0,1,0,0,0
2021,Portuguese Grand Prix,Q,RAI,12.0,1.0,clear_violation,314.0,62.0,192.74146800000000,100.0,0.2134390000000000,162,759,287.65107899999998,302.0,1.0397350000000001,0.6700530000000000,0,1,0,0,0
2021,Portuguese Grand Prix,Q,MAZ,5.0,1.0,clear_violation,317.0,72.0,205.0212410000000,100.0,0.1924160000000000,137,712,287.65107899999998,302.0,1.0496690000000000,0.7127430000000000,0,1,0,0,0
2021,Portuguese Grand Prix,R,GAS,30.0,4.0,clear_violation,299.0,73.0,200.6300190000000,100.0,0.1878450000000000,136,724,288.8589530000000,307.0,0.9739409999999999,0.6945610000000000,0,0,1,0,0
2021,Portuguese Grand Prix,R,GAS,34.0,1.0,clear_violation,299.0,71.0,197.7968910000000,100.0,0.1964530000000000,144,733,288.8589530000000,307.0,0.9739409999999999,0.6847529999999999,0,0,1,0,0
2021,Portuguese Grand Prix,R,GAS,39.0,1.0,clear_violation,298.0,73.0,200.60668899999999,100.0,0.1833330000000000,132,720,288.8589530000000,307.0,0.9706840000000000,0.69448000000000,0,0,1,0,0
2021,Portuguese Grand Prix,R,ALO,29.0,1.0,clear_violation,296.0,73.0,200.10695300000000,100.0,0.2049520000000000,149,727,288.8589530000000,307.0,0.9641690000000001,0.6927500000000000,0,0,1,0,0
2021,Portuguese Grand Prix,R,ALO,40.0,1.0,clear_violation,297.0,70.0,189.6682150000000,100.0,0.2346810000000000,180,767,288.8589530000000,307.0,0.9674270000000000,0.6566120000000000,0,0,1,0,0
2021,Portuguese Grand Prix,R,STR,19.0,1.0,clear_violation,296.0,72.0,197.96837600000001,100.0,0.2053070000000000,147,716,288.8589530000000,307.0,0.9641690000000001,0.6853460000000000,0,0,1,0,0
2021,Portuguese Grand Prix,R,TSU,10.0,4.0,clear_violation,323.0,69.0,194.26127800000000,100.0,0.2527620000000000,183,724,288.8589530000000,307.0,1.0521170000000000,0.6725130000000000,0,0,1,0,0
2021,Portuguese Grand Prix,R,TSU,11.0,1.0,clear_violation,336.0,69.0,196.7908510000000,100.0,0.2476320000000000,183,739,288.8589530000000,307.0,1.0944630000000000,0.6812700000000000,0,0,1,0,0
2021,Portuguese Grand Prix,R,VER,24.0,4.0,clear_violation,323.0,68.0,201.4809440000000,100.0,0.218232000000000,158,724,288.8589530000000,307.0,1.0521170000000000,0.6975060000000000,0,0,1,0,0
2021,Portuguese Grand Prix,R,VER,66.0,14.0,clear_violation,298.0,73.0,209.5640390000000,100.0,0.2060090000000000,144,699,288.8589530000000,307.0,0.9706840000000000,0.7254890000000001,0,0,1,0,0
2021,Portuguese Grand Prix,R,NOR,18.0,4.0,clear_violation,292.0,74.0,199.48643300000001,100.0,0.1956220000000000,143,731,288.8589530000000,307.0,0.9511400000000000,0.6906020000000000,0,0,1,0,0
2021,Portuguese Grand Prix,R,MSC,11.0,1.0,clear_violation,328.0,67.0,195.96937500000001,100.0,0.2627350000000000,196,746,288.8589530000000,307.0,1.0684039999999999,0.6784260000000000,0,0,1,0,0
2021,Portuguese Grand Prix,R,MSC,25.0,1.0,clear_violation,305.0,69.0,194.485538000000,100.0,0.2281170000000000,172,754,288.8589530000000,307.0,0.993485000000000,0.6732890000000000,0,0,1,0,0
2021,Portuguese Grand Prix,R,VET,26.0,1.0,clear_violation,300.1666690,71.0,200.2610210000000,100.0,0.2071330000000000,151,729,288.8589530000000,307.0,0.9777420000000000,0.693283000000000,0,0,1,0,0
2021,Portuguese Grand Prix,R,VET,56.0,1.0,clear_violation,297.33750099999997,68.0,199.73297600000001,100.0,0.223594000000000,163,729,288.8589530000000,307.0,0.9685260000000000,0.6914550000000000,0,0,1,0,0
2021,Portuguese Grand Prix,R,LAT,30.0,1.0,clear_violation,335.0,69.0,197.876279000000,100.0,0.2527170000000000,186,736,288.8589530000000,307.0,1.0912050000000000,0.6850270000000001,0,0,1,0,0
2021,Portuguese Grand Prix,R,MAZ,8.0,1.0,clear_violation,312.0,60.0,188.9305960000000,99.0,0.276486000000000,214,774,288.8589530000000,307.0,1.01628700000000,0.6540580000000000,0,0,1,0,0
2021,Portuguese Grand Prix,R,MAZ,12.0,1.0,clear_violation,306.0,70.0,195.53615300000001,100.0,0.2416110000000000,180,745,288.8589530000000,307.0,0.996743000000000,0.6769260000000000,0,0,1,0,0
2021,Pre-Season Test,FP1,RIC,3.0,9.0,clear_violation,323.0,74.0,200.461694000000,100.0,0.167644000000000,143,853,202.1625440000000,214.0,1.5093460000000001,0.9915870000000000,0,0,0,1,0
2021,Pre-Season Test,FP1,RIC,4.0,9.0,clear_violation,269.0,62.0,146.96823100000000,99.0,0.0952790000000000,111,1165,202.1625440000000,214.0,1.2570090000000000,0.7269810000000000,0,0,0,1,0
2021,Pre-Season Test,FP1,RIC,11.0,19.0,clear_violation,321.0,74.0,203.7474350000000,99.0,0.178359000000000,150,841,202.1625440000000,214.0,1.5,1.0078400000000001,0,0,0,1,0
2021,Pre-Season Test,FP1,NOR,10.0,19.0,clear_violation,318.0,64.0,199.9073920000000,100.0,0.169965000000000,146,859,202.1625440000000,214.0,1.485981000000000,0.9888450000000000,0,0,0,1,0
2021,Pre-Season Test,FP1,VET,8.0,9.0,clear_violation,320.0,72.0,203.5688250000000,100.0,0.187872000000000,158,841,202.1625440000000,214.0,1.4953270000000001,1.0069560000000000,0,0,0,1,0
2021,Pre-Season Test,FP1,RAI,2.0,9.0,clear_violation,321.0,72.0,196.5837140000000,100.0,0.1791040000000000,156,871,202.1625440000000,214.0,1.5,0.9724040000000000,0,0,0,1,0
2021,Pre-Season Test,FP1,MAZ,6.0,19.0,clear_violation,318.0,45.0,191.7638090000000,100.0,0.2165180000000000,194,896,202.1625440000000,214.0,1.485981000000000,0.9485630000000000,0,0,0,1,0
2021,Pre-Season Test,FP1,MAZ,8.0,19.0,clear_violation,318.0,72.0,193.9331760000000,100.0,0.2395010000000000,211,881,202.1625440000000,214.0,1.485981000000000,0.9592930000000000,0,0,0,1,0
2021,Pre-Season Test,FP1,MAZ,14.0,19.0,clear_violation,299.0,69.0,186.18784700000000,100.0,0.2210180000000000,204,923,202.1625440000000,214.0,1.397196000000000,0.9209810000000000,0,0,0,1,0
2021,Pre-Season Test,FP1,GAS,3.0,9.0,clear_violation,317.0,74.0,199.6184450000000,100.0,0.1590640000000000,136,855,202.1625440000000,214.0,1.4813080000000001,0.9874160000000000,0,0,0,1,0
2021,Pre-Season Test,FP1,PER,5.0,9.0,clear_violation,314.0,55.0,168.63180800000001,100.0,0.1668310000000000,169,1013,202.1625440000000,214.0,1.4672900000000000,0.834140000000000,0,0,0,1,0
2021,Pre-Season Test,FP1,PER,6.0,9.0,clear_violation,317.0,69.0,193.83004099999999,100.0,0.1900450000000000,168,884,202.1625440000000,214.0,1.4813080000000001,0.9587830000000001,0,0,0,1,0
2021,Pre-Season Test,FP1,PER,11.0,19.0,clear_violation,315.0,73.0,204.5574290000000,100.0,0.1599050000000000,134,838,202.1625440000000,214.0,1.47196300000000,1.0118460000000000,0,0,0,1,0
2021,Pre-Season Test,FP1,PER,14.0,9.0,clear_violation,295.0,73.0,192.59563199999999,100.0,0.1732280000000000,154,889,202.1625440000000,214.0,1.3785050000000001,0.9526770000000000,0,0,0,1,0
2021,Pre-Season Test,FP1,PER,16.0,19.0,clear_violation,296.0,71.0,192.09720400000000,100.0,0.1840630000000000,164,891,202.1625440000000,214.0,1.3831780000000000,0.9502119999999999,0,0,0,1,0
2021,Pre-Season Test,FP1,STR,4.0,9.0,clear_violation,316.0,70.0,199.2026090000000,100.0,0.2202800000000000,189,858,202.1625440000000,214.0,1.4766360000000001,0.985359000000000,0,0,0,1,0
2021,Pre-Season Test,FP1,STR,13.0,9.0,clear_violation,320.0,74.0,200.95307299999999,100.0,0.2329410000000000,198,850,202.1625440000000,214.0,1.4953270000000001,0.9940170000000000,0,0,0,1,0
2021,Pre-Season Test,FP1,TSU,11.0,19.0,clear_violation,316.0,70.0,201.43414100000001,100.0,0.1699880000000000,145,853,202.1625440000000,214.0,1.4766360000000001,0.9963970000000000,0,0,0,1,0
2021,Pre-Season Test,FP1,TSU,14.0,19.0,clear_violation,316.0,73.0,201.35389499999999,100.0,0.1647060000000000,140,850,202.1625440000000,214.0,1.4766360000000001,0.9960000000000000,0,0,0,1,0
2021,Pre-Season Test,FP1,TSU,21.0,19.0,clear_violation,323.0,67.0,188.50287700000001,100.0,0.1980090000000000,179,904,202.1625440000000,214.0,1.5093460000000001,0.9324320000000000,0,0,0,1,0
2021,Pre-Season Test,FP1,OCO,4.0,9.0,clear_violation,313.0,74.0,198.60908000000001,100.0,0.2006960000000000,173,862,202.1625440000000,214.0,1.4626170000000001,0.9824230000000000,0,0,0,1,0
2021,Pre-Season Test,FP1,OCO,16.0,9.0,clear_violation,311.0,73.0,201.9900880000000,100.0,0.1863210000000000,158,848,202.1625440000000,214.0,1.4532710000000000,0.9991470000000000,0,0,0,1,0
2021,Pre-Season Test,FP1,VER,13.0,19.0,clear_violation,295.0,66.0,190.2476940000000,100.0,0.1809100000000000,163,901,202.1625440000000,214.0,1.3785050000000001,0.9410630000000000,0,0,0,1,0
2021,Pre-Season Test,FP1,SAI,7.0,19.0,clear_violation,318.0,73.0,201.3489680000000,100.0,0.1711610000000000,146,853,202.1625440000000,214.0,1.485981000000000,0.99597600000000,0,0,0,1,0
2021,Pre-Season Test,FP2,VET,7.0,19.0,clear_violation,293.0,76.0,192.9208950000000,100.0,0.1724920000000000,153,887,202.00511499999999,216.0,1.3564810000000000,0.9550300000000000,0,0,0,1,0
2021,Pre-Season Test,FP2,VET,25.0,9.0,clear_violation,297.0,70.0,191.65361100000001,100.0,0.1912630000000000,162,847,202.00511499999999,216.0,1.375,0.9487560000000000,0,0,0,1,0
2021,Pre-Season Test,FP2,LAT,2.0,19.0,clear_violation,317.0,75.0,199.21232400000000,100.0,0.1916380000000000,165,861,202.00511499999999,216.0,1.4675929999999999,0.9861750000000000,0,0,0,1,0
2021,Pre-Season Test,FP2,RAI,20.0,9.0,clear_violation,328.0,66.0,191.5541330000000,100.0,0.2273260000000000,193,849,202.00511499999999,216.0,1.5185190000000000,0.948264000000000,0,0,0,1,0
2021,Pre-Season Test,FP2,RAI,22.0,19.0,clear_violation,301.0,69.0,190.75461300000001,100.0,0.2041050000000000,179,877,202.00511499999999,216.0,1.3935190000000000,0.944306000000000,0,0,0,1,0
2021,Pre-Season Test,FP2,RAI,24.0,9.0,clear_violation,301.0,68.0,191.1513300000000,100.0,0.203125,182,896,202.00511499999999,216.0,1.3935190000000000,0.9462699999999999,0,0,0,1,0
2021,Pre-Season Test,FP2,MAZ,4.0,19.0,clear_violation,326.0,75.0,198.46627899999999,100.0,0.2209300000000000,190,860,202.00511499999999,216.0,1.5092589999999999,0.9824810000000000,0,0,0,1,0
2021,Pre-Season Test,FP2,MAZ,6.0,19.0,clear_violation,321.0,73.0,196.9769840000000,100.0,0.2096770000000000,182,868,202.00511499999999,216.0,1.4861110000000000,0.975109000000000,0,0,0,1,0
2021,Pre-Season Test,FP2,MAZ,16.0,19.0,clear_violation,298.0,69.0,189.50171399999999,100.0,0.225,198,880,202.00511499999999,216.0,1.3796299999999999,0.9381040000000000,0,0,0,1,0
2021,Pre-Season Test,FP2,MAZ,19.0,19.0,clear_violation,298.0,64.0,184.2076350000000,100.0,0.1842720000000000,157,852,202.00511499999999,216.0,1.3796299999999999,0.9118960000000000,0,0,0,1,0
2021,Pre-Season Test,FP2,GAS,22.0,19.0,clear_violation,297.0,65.0,188.9104680000000,100.0,0.1706210000000000,151,885,202.00511499999999,216.0,1.375,0.9351770000000000,0,0,0,1,0
2021,Pre-Season Test,FP2,PER,22.0,9.0,clear_violation,295.0,73.0,189.8944580000000,100.0,0.1932200000000000,171,885,202.00511499999999,216.0,1.3657410000000001,0.9400480000000000,0,0,0,1,0
2021,Pre-Season Test,FP2,ALO,2.0,9.0,clear_violation,324.0,76.0,203.79134199999999,100.0,0.1821430000000000,153,840,202.00511499999999,216.0,1.5,1.0088420000000000,0,0,0,1,0
2021,Pre-Season Test,FP2,LEC,5.0,9.0,clear_violation,320.0,77.0,203.16409200000001,100.0,0.1876480000000000,158,842,202.00511499999999,216.0,1.4814810000000000,1.0057370000000001,0,0,0,1,0
2021,Pre-Season Test,FP2,LEC,11.0,19.0,clear_violation,319.0,75.0,204.21995899999999,100.0,0.1923540000000000,161,837,202.00511499999999,216.0,1.4768520000000001,1.0109640000000000,0,0,0,1,0
2021,Pre-Season Test,FP2,LEC,16.0,9.0,clear_violation,299.0,70.0,193.4684350000000,100.0,0.2271660000000000,194,854,202.00511499999999,216.0,1.3842589999999999,0.957740000000000,0,0,0,1,0
2021,Pre-Season Test,FP2,STR,15.0,19.0,clear_violation,296.0,69.0,190.5166190000000,100.0,0.1763390000000000,158,896,202.00511499999999,216.0,1.3703700000000001,0.9431280000000000,0,0,0,1,0
2021,Pre-Season Test,FP2,TSU,10.0,19.0,clear_violation,316.0,72.0,202.57946699999999,100.0,0.1621300000000000,137,845,202.00511499999999,216.0,1.462963000000000,1.0028429999999999,0,0,0,1,0
2021,Pre-Season Test,FP2,TSU,18.0,19.0,clear_violation,297.0,68.0,189.364231000000,100.0,0.16878600000000,146,865,202.00511499999999,216.0,1.375,0.9374230000000000,0,0,0,1,0
2021,Pre-Season Test,FP2,TSU,19.0,9.0,clear_violation,298.0,67.0,189.54148900000001,100.0,0.1724140000000000,150,870,202.00511499999999,216.0,1.3796299999999999,0.9383000000000000,0,0,0,1,0
2021,Pre-Season Test,FP2,OCO,19.0,9.0,clear_violation,298.0,68.0,188.37060600000001,100.0,0.1969340000000000,167,848,202.00511499999999,216.0,1.3796299999999999,0.9325040000000000,0,0,0,1,0
2021,Pre-Season Test,FP2,HAM,7.0,19.0,clear_violation,319.0,75.0,206.86861999999999,100.0,0.1717050000000000,142,827,202.00511499999999,216.0,1.4768520000000001,1.024076000000000,0,0,0,1,0
2021,Pre-Season Test,FP2,MSC,2.0,19.0,clear_violation,326.0,75.0,200.10402700000000,100.0,0.2002340000000000,171,854,202.00511499999999,216.0,1.5092589999999999,0.9905890000000001,0,0,0,1,0
2021,Pre-Season Test,FP2,BOT,20.0,9.0,clear_violation,322.0,67.0,188.2295850000000,100.0,0.2324770000000000,199,856,202.00511499999999,216.0,1.4907410000000001,0.9318060000000000,0,0,0,1,0
2021,Pre-Season Test,FP2,VER,3.0,20.0,no_advantage,265.0,51.0,138.66575499999999,100.0,0.2163500000000000,262,1211,202.00511499999999,216.0,1.2268520000000001,0.6864470000000000,0,0,0,1,0
2021,Pre-Season Test,FP2,MSC,3.0,1.0,no_advantage,284.0,50.0,123.4820360000000,100.0,0.1349780000000000,186,1378,202.00511499999999,216.0,1.3148150000000001,0.6112820000000000,0,0,0,1,0
2021,Pre-Season Test,FP2,OCO,5.0,1.0,no_advantage,269.0,56.0,121.75870399999999,100.0,0.0826740000000000,115,1391,202.00511499999999,216.0,1.2453700000000001,0.6027510000000000,0,0,0,1,0
2021,Pre-Season Test,FP2,NOR,4.0,11.0,no_advantage,270.0,48.0,129.86846000000000,100.0,0.1069800000000000,141,1318,202.00511499999999,216.0,1.25,0.642897000000000,0,0,0,1,0
2021,Pre-Season Test,FP3,RAI,10.0,9.0,clear_violation,321.0,70.0,202.13151900000000,100.0,0.1877990000000000,157,836,201.76315800000000,217.0,1.4792630000000000,1.0018260000000001,0,0,0,1,0
2021,Pre-Season Test,FP3,RAI,19.0,9.0,clear_violation,321.0,68.0,202.3307420000000,100.0,0.1900830000000000,161,847,201.76315800000000,217.0,1.4792630000000000,1.0028130000000000,0,0,0,1,0
2021,Pre-Season Test,FP3,MAZ,2.0,19.0,clear_violation,317.0,69.0,198.7663140000000,100.0,0.2046510000000000,176,860,201.76315800000000,217.0,1.4608289999999999,0.9851470000000000,0,0,0,1,0
2021,Pre-Season Test,FP3,MAZ,9.0,9.0,clear_violation,318.0,70.0,201.41573800000000,100.0,0.2058820000000000,175,850,201.76315800000000,217.0,1.4654380000000000,0.9982780000000000,0,0,0,1,0
2021,Pre-Season Test,FP3,MAZ,12.0,19.0,clear_violation,319.0,68.0,201.63304500000001,100.0,0.2084810000000000,177,849,201.76315800000000,217.0,1.4700460000000000,0.9993550000000000,0,0,0,1,0
2021,Pre-Season Test,FP3,GAS,4.0,9.0,clear_violation,322.0,70.0,203.0217710000000,100.0,0.1584040000000000,131,827,201.76315800000000,217.0,1.4838709999999999,1.0062380000000000,0,0,0,1,0
2021,Pre-Season Test,FP3,LEC,10.0,19.0,clear_violation,320.0,74.0,205.61654999999999,100.0,0.1872750000000000,156,833,201.76315800000000,217.0,1.4746539999999999,1.0190990000000000,0,0,0,1,0
2021,Pre-Season Test,FP3,STR,2.0,9.0,clear_violation,312.0,75.0,201.93400500000001,100.0,0.1975610000000000,162,820,201.76315800000000,217.0,1.4377880000000001,1.0008470000000000,0,0,0,1,0
2021,Pre-Season Test,FP3,TSU,2.0,9.0,clear_violation,312.0,64.0,200.1085660000000,100.0,0.1609060000000000,135,839,201.76315800000000,217.0,1.4377880000000001,0.9917990000000000,0,0,0,1,0
2021,Pre-Season Test,FP3,VER,9.0,19.0,clear_violation,315.0,73.0,208.014925000000,100.0,0.1699030000000000,140,824,201.76315800000000,217.0,1.4516130000000000,1.0309860000000000,0,0,0,1,0
2021,Pre-Season Test,FP3,HAM,12.0,9.0,clear_violation,318.0,73.0,207.6370930000000,100.0,0.1709090000000000,141,825,201.76315800000000,217.0,1.4654380000000000,1.0291129999999999,0,0,0,1,0
2021,Pre-Season Test,FP3,MSC,12.0,19.0,clear_violation,318.0,73.0,195.19181900000001,100.0,0.2015950000000000,177,878,201.76315800000000,217.0,1.4654380000000000,0.9674300000000000,0,0,0,1,0
2021,Pre-Season Test,FP3,BOT,2.0,19.0,clear_violation,312.0,74.0,205.5698850000000,100.0,0.1739660000000000,143,822,201.76315800000000,217.0,1.4377880000000001,1.0188670000000000,0,0,0,1,0
2021,Pre-Season Test,Q,PER,8.0,19.0,clear_violation,318.0,72.0,208.3117160000000,100.0,0.1652590000000000,137,829,209.23391799999999,219.0,1.452055000000000,0.9955920000000000,0,1,0,0,0
2021,Pre-Season Test,Q,RIC,5.0,9.0,clear_violation,324.0,73.0,207.7439780000000,99.0,0.1672680000000000,139,831,209.23391799999999,219.0,1.4794520000000000,0.9928790000000000,0,1,0,0,0
2021,Pre-Season Test,Q,RUS,10.0,9.0,clear_violation,322.0,73.0,205.0493000000000,100.0,0.2054630000000000,173,842,209.23391799999999,219.0,1.4703200000000001,0.9800000000000000,0,1,0,0,0
2021,Pre-Season Test,Q,STR,4.0,19.0,clear_violation,318.0,75.0,203.9299810000000,100.0,0.2045180000000000,172,841,209.23391799999999,219.0,1.452055000000000,0.9746510000000000,0,1,0,0,0
2021,Pre-Season Test,Q,RAI,3.0,19.0,clear_violation,326.0,72.0,203.6564650000000,100.0,0.1869050000000000,157,840,209.23391799999999,219.0,1.4885839999999999,0.973343000000000,0,1,0,0,0
2021,Pre-Season Test,Q,MAZ,2.0,19.0,clear_violation,320.0,71.0,200.26716099999999,100.0,0.2096020000000000,179,854,209.23391799999999,219.0,1.461187000000000,0.957145000000000,0,1,0,0,0
2021,Pre-Season Test,Q,MAZ,8.0,3.0,no_advantage,292.0,66.0,159.69818500000000,100.0,0.190253000000000,203,1067,209.23391799999999,219.0,1.3333330000000001,0.7632520000000000,0,1,0,0,0
2021,Pre-Season Test,Q,MAZ,8.0,15.0,no_advantage,292.0,66.0,159.69818500000000,100.0,0.190253000000000,203,1067,209.23391799999999,219.0,1.3333330000000001,0.7632520000000000,0,1,0,0,0
2021,Pre-Season Test,R,VER,4.0,19.0,clear_violation,319.0,69.0,193.44980799999999,100.0,0.2045710000000000,179,875,202.684,212.0,1.5047170000000001,0.9544400000000000,0,0,1,0,0
2021,Pre-Season Test,R,PER,13.0,19.0,clear_violation,296.0,0.0,161.28638599999999,100.0,0.2124650000000000,225,1059,202.684,212.0,1.3962260000000000,0.7957530000000000,0,0,1,0,0
2021,Pre-Season Test,R,TSU,11.0,9.0,clear_violation,316.0,66.0,191.43069600000001,100.0,0.1858900000000000,166,893,202.684,212.0,1.490566000000000,0.9444790000000000,0,0,1,0,0
2021,Pre-Season Test,R,VET,51.0,19.0,clear_violation,292.0,67.0,192.99175800000000,100.0,0.201804000000000,179,887,202.684,212.0,1.3773580000000001,0.952181000000000,0,0,1,0,0
2021,Pre-Season Test,R,VET,55.0,19.0,clear_violation,295.0,69.0,192.98433199999999,100.0,0.1869370000000000,166,888,202.684,212.0,1.3915090000000001,0.9521440000000000,0,0,1,0,0
2021,Pre-Season Test,R,GIO,28.0,9.0,clear_violation,302.0,72.0,194.5346510000000,100.0,0.204778000000000,180,879,202.684,212.0,1.4245280000000000,0.9597930000000,0,0,1,0,0
2021,Pre-Season Test,R,STR,21.0,9.0,clear_violation,295.0,65.0,189.8663220000000,100.0,0.2073170000000000,187,902,202.684,212.0,1.3915090000000001,0.936760000000000,0,0,1,0,0
2021,Pre-Season Test,R,STR,29.0,9.0,clear_violation,327.0,62.0,188.8868450000000,100.0,0.2375690000000000,215,905,202.684,212.0,1.5424530000000001,0.9319280000000000,0,0,1,0,0
2021,Pre-Season Test,R,STR,47.0,9.0,clear_violation,296.0,63.0,193.10662900000000,100.0,0.2101690000000000,186,885,202.684,212.0,1.3962260000000000,0.952747000000000,0,0,1,0,0
2021,Pre-Season Test,R,RAI,13.0,9.0,clear_violation,306.0,0.0,159.69748999999999,100.0,0.2469600000000000,264,1069,202.684,212.0,1.4433959999999999,0.7879140000000000,0,0,1,0,0
2021,Pre-Season Test,R,RAI,16.0,1.0,clear_violation,313.0,64.0,188.62101799999999,100.0,0.2373070000000000,215,906,202.684,212.0,1.4764150000000000,0.9306160000000000,0,0,1,0,0
2021,Pre-Season Test,R,RAI,33.0,19.0,clear_violation,340.0,55.0,189.95051699999999,100.0,0.2449660000000000,219,894,202.684,212.0,1.6037740000000000,0.9371760000000000,0,0,1,0,0
2021,Pre-Season Test,R,RAI,40.0,19.0,clear_violation,311.0,67.0,192.0935610000000,100.0,0.2294710000000000,204,889,202.684,212.0,1.4669810000000001,0.9477490000000000,0,0,1,0,0
2021,Pre-Season Test,R,RUS,14.0,19.0,clear_violation,297.0,69.0,188.48061200000001,100.0,0.2293270000000000,208,907,202.684,212.0,1.400943000000000,0.9299230000000001,0,0,1,0,0
2021,Pre-Season Test,R,RUS,40.0,9.0,clear_violation,299.0,69.0,191.2579910000000,100.0,0.2069350000000000,185,894,202.684,212.0,1.4103770000000000,0.943626000000000,0,0,1,0,0
2021,Pre-Season Test,R,LAT,55.0,9.0,clear_violation,302.0,66.0,188.4225020000000,100.0,0.2,181,905,202.684,212.0,1.4245280000000000,0.9296370000000000,0,0,1,0,0
2021,Pre-Season Test,R,MSC,46.0,19.0,clear_violation,300.0,67.0,192.21241000000001,100.0,0.206047000000000,184,893,202.684,212.0,1.4150940000000001,0.9483350000000000,0,0,1,0,0
2021,Pre-Season Test,R,MAZ,5.0,19.0,clear_violation,298.0,67.0,186.8723620000000,100.0,0.2241760000000000,204,910,202.684,212.0,1.4056599999999999,0.9219889999999999,0,0,1,0,0
2021,Pre-Season Test,R,MAZ,30.0,19.0,clear_violation,323.0,70.0,180.99150599999999,100.0,0.240506000000000,228,948,202.684,212.0,1.5235850000000000,0.892974000000000,0,0,1,0,0
2021,Pre-Season Test,R,MAZ,39.0,9.0,clear_violation,298.0,63.0,184.2659270000000,100.0,0.2623660000000000,244,930,202.684,212.0,1.4056599999999999,0.9091290000000000,0,0,1,0,0
2021,Pre-Season Test,R,OCO,6.0,1.0,clear_violation,297.0,67.0,186.6804950000000,100.0,0.2050160000000000,188,917,202.684,212.0,1.400943000000000,0.9210420000000000,0,0,1,0,0
2021,Pre-Season Test,R,GAS,11.0,9.0,clear_violation,308.0,0.0,159.47015900000000,100.0,0.2070900000000000,222,1072,202.684,212.0,1.4528300000000001,0.7867920000000000,0,0,1,0,0
2021,Qatar Grand Prix,FP1,MSC,20.0,7.0,no_advantage,298.0,85.0,212.90444199999999,100.0,0.1529560000000000,119,778,298.1890410000000,320.0,0.93125,0.7139920000000000,0,0,0,1,0
2021,Qatar Grand Prix,FP2,RIC,18.0,2.0,clear_violation,295.5428570000000,84.0,211.2508370000000,99.0,0.1446380000000000,116,802,295.49242400000003,327.0,0.9038010000000000,0.7149110000000000,0,0,0,1,0
2021,Qatar Grand Prix,FP2,NOR,21.0,2.0,clear_violation,298.0,86.0,215.85757599999999,100.0,0.1617830000000000,127,785,295.49242400000003,327.0,0.9113150000000000,0.7305010000000000,0,0,0,1,0
2021,Qatar Grand Prix,FP2,ALO,18.0,7.0,clear_violation,296.0,89.0,218.6347340000000,100.0,0.1511630000000000,117,774,295.49242400000003,327.0,0.9051990000000000,0.7399000000000000,0,0,0,1,0
2021,Qatar Grand Prix,FP2,ALO,21.0,7.0,clear_violation,322.0,38.0,187.77569800000001,100.0,0.1915370000000000,172,898,295.49242400000003,327.0,0.9847089999999999,0.6354670000000000,0,0,0,1,0
2021,Qatar Grand Prix,FP2,LEC,13.0,8.0,clear_violation,310.0,94.0,224.6440510000000,100.0,0.142668000000000,108,757,295.49242400000003,327.0,0.9480120000000000,0.7602360000000000,0,0,0,1,0
2021,Qatar Grand Prix,FP2,LEC,21.0,7.0,clear_violation,302.0,90.0,215.7420460000000,100.0,0.1692110000000000,133,786,295.49242400000003,327.0,0.9235470000000000,0.730110000000000,0,0,0,1,0
2021,Qatar Grand Prix,FP2,STR,6.0,16.0,clear_violation,313.0,96.0,228.9479760000000,100.0,0.1935050000000000,143,739,295.49242400000003,327.0,0.9571870000000000,0.7748020000000000,0,0,0,1,0
2021,Qatar Grand Prix,FP2,RUS,6.0,2.0,clear_violation,320.0,98.0,227.404584000000,100.0,0.1367290000000000,102,746,295.49242400000003,327.0,0.9785930000000000,0.7695780000000000,0,0,0,1,0
2021,Qatar Grand Prix,FP2,BOT,10.0,7.0,clear_violation,312.0,103.0,233.37259800000001,100.0,0.1253440000000000,91,726,295.49242400000003,327.0,0.9541280000000000,0.7897750000000000,0,0,0,1,0
2021,Qatar Grand Prix,FP2,BOT,18.0,7.0,clear_violation,293.0,84.0,219.2289110000000,100.0,0.1373060000000000,106,772,295.49242400000003,327.0,0.8960240000000000,0.7419100000000000,0,0,0,1,0
2021,Qatar Grand Prix,FP2,GAS,9.0,16.0,no_advantage,310.0,64.0,223.1923050000000,100.0,0.1415470000000000,108,763,295.49242400000003,327.0,0.9480120000000000,0.755323000000000,0,0,0,1,0
2021,Qatar Grand Prix,FP3,GAS,8.0,16.0,clear_violation,320.0,96.0,234.6511680000000,100.0,0.1246540000000000,90,722,305.0396480000000,329.0,0.9726440000000000,0.7692480000000000,0,0,0,1,0
2021,Qatar Grand Prix,FP3,LEC,16.0,16.0,clear_violation,326.0,101.0,226.99089100000000,100.0,0.1415220000000000,106,749,305.0396480000000,329.0,0.9908810000000000,0.7441360000000000,0,0,0,1,0
2021,Qatar Grand Prix,FP3,STR,12.0,16.0,clear_violation,321.0,101.0,227.4734240000000,100.0,0.1780460000000000,133,747,305.0396480000000,329.0,0.9756840000000000,0.7457180000000000,0,0,0,1,0
2021,Qatar Grand Prix,FP3,TSU,19.0,2.0,clear_violation,320.0,96.0,229.4785830000000,100.0,0.1228070000000000,91,741,305.0396480000000,329.0,0.9726440000000000,0.7522910000000000,0,0,0,1,0
2021,Qatar Grand Prix,FP3,OCO,14.0,2.0,clear_violation,327.0,100.0,232.89206100000001,100.0,0.1418830000000000,104,733,305.0396480000000,329.0,0.993921000000000,0.7634810000000000,0,0,0,1,0
2021,Qatar Grand Prix,FP3,PER,2.0,15.0,no_advantage,320.0,103.0,229.69548300000000,100.0,0.1233060000000000,91,738,305.0396480000000,329.0,0.9726440000000000,0.7530019999999999,0,0,0,1,0
2021,Qatar Grand Prix,FP3,NOR,8.0,15.0,no_advantage,317.5750010000000,57.0,163.00685700000000,100.0,0.1310210000000000,136,1038,305.0396480000000,329.0,0.9652740000000000,0.5343790000000000,0,0,0,1,0
2021,Qatar Grand Prix,FP3,LEC,16.0,16.0,no_advantage,326.0,101.0,226.99089100000000,100.0,0.1415220000000000,106,749,305.0396480000000,329.0,0.9908810000000000,0.7441360000000000,0,0,0,1,0
2021,Qatar Grand Prix,Q,NOR,4.0,16.0,clear_violation,329.0,100.0,234.09566599999999,100.0,0.1092440000000000,78,714,309.54545500000000,325.0,1.0123080000000000,0.756256000000000,0,1,0,0,0
2021,Qatar Grand Prix,Q,LEC,5.0,16.0,clear_violation,327.0,99.0,233.8066890000000,100.0,0.1342660000000000,96,715,309.54545500000000,325.0,1.0061540000000000,0.7553230000000000,0,1,0,0,0
2021,Qatar Grand Prix,Q,MSC,2.0,2.0,clear_violation,320.0,96.0,230.1670170000000,100.0,0.1567570000000000,116,740,309.54545500000000,325.0,0.9846150000000000,0.743565000000000,0,1,0,0,0
2021,Qatar Grand Prix,Q,TSU,2.0,1.0,no_advantage,321.0,99.0,234.44282000000001,100.0,0.1109550000000000,79,712,309.54545500000000,325.0,0.9876920000000000,0.7573780000000000,0,1,0,0,0
2021,Qatar Grand Prix,R,GAS,3.0,16.0,clear_violation,306.0,88.0,212.8155020000000,100.0,0.1551070000000000,123,793,298.7310540000000,334.0,0.9161680000000000,0.7123980000000000,0,0,1,0,0
2021,Qatar Grand Prix,R,GAS,4.0,16.0,clear_violation,310.0,90.0,212.0429300000000,100.0,0.1758790000000000,140,796,298.7310540000000,334.0,0.9281440000000000,0.7098120000000000,0,0,1,0,0
2021,Qatar Grand Prix,R,ALO,29.0,2.0,clear_violation,300.0,92.0,215.1915200000000,100.0,0.148850000000000,110,739,298.7310540000000,334.0,0.8982040000000000,0.7203520000000000,0,0,1,0,0
2021,Qatar Grand Prix,R,OCO,47.0,2.0,clear_violation,301.0,88.0,217.58111400000001,100.0,0.1956240000000000,152,777,298.7310540000000,334.0,0.9011980000000001,0.7283510000000000,0,0,1,0,0
2021,Qatar Grand Prix,R,VET,10.0,16.0,clear_violation,329.0,86.0,213.31258800000001,100.0,0.1941620000000000,153,788,298.7310540000000,334.0,0.9850300000000000,0.714062000000000,0,0,1,0,0
2021,Qatar Grand Prix,R,VET,11.0,16.0,clear_violation,326.0,87.0,210.8588920000000,100.0,0.2124680000000000,167,786,298.7310540000000,334.0,0.9760480000000000,0.7058489999999999,0,0,1,0,0
2021,Qatar Grand Prix,R,GIO,49.0,16.0,clear_violation,335.0,91.0,217.9832320000000,100.0,0.204866000000000,160,781,298.7310540000000,334.0,1.0029939999999999,0.7296970000000000,0,0,1,0,0
2021,Qatar Grand Prix,R,GIO,50.0,16.0,clear_violation,328.0,95.0,220.14974100000001,100.0,0.1896550000000000,143,754,298.7310540000000,334.0,0.9820360000000000,0.7369500000000000,0,0,1,0,0
2021,Qatar Grand Prix,R,STR,7.0,15.0,no_advantage,337.0,88.0,209.60881300000000,100.0,0.2544760000000000,199,782,298.7310540000000,334.0,1.0089820000000000,0.7016640000000000,0,0,1,0,0
2021,Qatar Grand Prix,R,BOT,32.0,7.0,no_advantage,303.0,94.0,220.16059000000001,100.0,0.1470200000000000,111,755,298.7310540000000,334.0,0.907186000000000,0.7369860000000000,0,0,1,0,0
2021,Russian Grand Prix,FP1,RAI,8.0,2.0,clear_violation,310.0,67.0,179.84234799999999,100.0,0.1840550000000000,187,1016,157.79301100000001,173.0,1.7919080000000001,1.1397360000000001,0,0,0,1,0
2021,Russian Grand Prix,FP1,GAS,9.0,2.0,clear_violation,311.0,71.0,169.40320100000000,100.0,0.1872100000000000,202,1079,157.79301100000001,173.0,1.7976880000000000,1.073579000000000,0,0,0,1,0
2021,Russian Grand Prix,FP1,GIO,5.0,2.0,clear_violation,313.0,66.0,155.036858000000,100.0,0.2226000000000000,262,1177,157.79301100000001,173.0,1.8092490000000001,0.9825330000000000,0,0,0,1,0
2021,Russian Grand Prix,FP1,RAI,2.0,13.0,no_advantage,326.0,70.0,204.79947000000001,100.0,0.1892500000000000,169,893,157.79301100000001,173.0,1.884393000000000,1.2979000000000001,0,0,0,1,0
2021,Russian Grand Prix,FP1,MAZ,2.0,4.0,no_advantage,321.0,87.0,203.0871990000000,100.0,0.2171490000000000,195,898,157.79301100000001,173.0,1.8554910000000000,1.287048000000000,0,0,0,1,0
2021,Russian Grand Prix,FP1,NOR,16.0,10.0,no_advantage,266.0,79.0,158.0323340000000,100.0,0.1348710000000000,152,1127,157.79301100000001,173.0,1.5375719999999999,1.0015170000000000,0,0,0,1,0
2021,Russian Grand Prix,FP1,GIO,21.0,13.0,no_advantage,300.0,92.0,202.11484600000000,100.0,0.1836280000000000,166,904,157.79301100000001,173.0,1.7341040000000001,1.2808860000000000,0,0,0,1,0
2021,Russian Grand Prix,FP2,PER,19.0,2.0,clear_violation,307.0,83.0,198.93250200000000,100.0,0.1936540000000000,177,914,159.33123000000001,177.0,1.734463000000000,1.2485470000000001,0,0,0,1,0
2021,Russian Grand Prix,FP2,PER,6.0,14.0,no_advantage,318.0,44.0,190.9716200000000,100.0,0.1596190000000000,151,946,159.33123000000001,177.0,1.7966100000000000,1.1985820000000000,0,0,0,1,0
2021,Russian Grand Prix,FP2,HAM,14.0,7.0,no_advantage,299.0,0.0,151.5469420000000,104.0,0.2398000000000000,288,1201,159.33123000000001,177.0,1.689266000000000,0.9511440000000000,0,0,0,1,0
2021,Russian Grand Prix,FP2,VET,17.0,7.0,no_advantage,296.0,98.0,207.8428300000000,100.0,0.1803650000000000,158,876,159.33123000000001,177.0,1.6723159999999999,1.304470000000000,0,0,0,1,0
2021,Russian Grand Prix,Q,NOR,7.0,2.0,clear_violation,294.0,56.0,174.68129500000001,100.0,0.2260540000000000,236,1044,137.90344800000000,156.0,1.8846149999999999,1.266693000000,0,1,0,0,0
2021,Russian Grand Prix,Q,HAM,5.0,2.0,clear_violation,307.0,76.0,161.65025000000000,100.0,0.303887000000000,344,1132,137.90344800000000,156.0,1.9679489999999999,1.1721990000000000,0,1,0,0,0
2021,Russian Grand Prix,Q,BOT,11.0,2.0,clear_violation,300.0,38.0,170.74699000000001,100.0,0.2044820000000000,219,1071,137.90344800000000,156.0,1.9230769999999999,1.238163000000000,0,1,0,0,0
2021,Russian Grand Prix,Q,BOT,4.0,10.0,no_advantage,296.0,37.0,157.24101700000000,100.0,0.2328180000000000,271,1164,137.90344800000000,156.0,1.8974359999999999,1.1402250000000000,0,1,0,0,0
2021,Russian Grand Prix,Q,STR,5.0,10.0,no_advantage,302.0,43.0,158.22909899999999,100.0,0.2309710000000000,264,1143,137.90344800000000,156.0,1.935897000000000,1.1473899999999999,0,1,0,0,0
2021,Russian Grand Prix,Q,LAT,10.0,13.0,no_advantage,287.0,47.0,140.6118540000000,100.0,0.225522000000000,281,1246,137.90344800000000,156.0,1.8397440000000000,1.019640000000000,0,1,0,0,0
2021,Russian Grand Prix,Q,TSU,14.0,4.0,no_advantage,307.0,81.0,192.85175599999999,100.0,0.1853810000000000,175,944,137.90344800000000,156.0,1.9679489999999999,1.3984550000000000,0,1,0,0,0
2021,Russian Grand Prix,Q,VET,18.0,7.0,no_advantage,281.0,44.0,147.22435500000000,100.0,0.275750000000000,340,1233,137.90344800000000,156.0,1.8012820000000000,1.067590000000000,0,1,0,0,0
2021,Russian Grand Prix,Q,PER,21.0,5.0,no_advantage,277.0,40.0,164.03445099999999,100.0,0.2632060000000000,289,1098,137.90344800000000,156.0,1.7756410000000000,1.1894880000000001,0,1,0,0,0
2021,Russian Grand Prix,Q,PER,24.0,15.0,no_advantage,273.0,54.0,152.62527299999999,100.0,0.2805820000000000,328,1169,137.90344800000000,156.0,1.75,1.1067549999999999,0,1,0,0,0
2021,Russian Grand Prix,R,BOT,40.0,2.0,clear_violation,336.0,60.0,205.67320000000001,100.0,0.223392000000000,191,855,158.6849590000000,172.0,1.9534879999999999,1.2961100000000001,0,0,1,0,0
2021,Russian Grand Prix,R,RUS,19.0,2.0,clear_violation,309.0,90.0,204.38874300000001,100.0,0.1849780000000000,165,892,158.6849590000000,172.0,1.7965120000000001,1.288016000000000,0,0,1,0,0
2021,Russian Grand Prix,R,MSC,4.0,2.0,clear_violation,330.0,84.0,199.436470000000,100.0,0.1934430000000000,177,915,158.6849590000000,172.0,1.9186049999999999,1.2568079999999999,0,0,1,0,0
2021,Saudi Arabian Grand Prix,FP2,PER,1.0,4.0,no_advantage,298.4416670,27.0,149.77785000000000,100.0,0.2378600000000000,289,1215,294.4033150000000,312.0,0.956544000000000,0.5087510000000000,0,0,0,1,0
2021,Saudi Arabian Grand Prix,FP2,VER,1.0,8.0,no_advantage,300.85000100000002,29.0,169.16139600000000,100.0,0.2207790000000000,238,1078,294.4033150000000,312.0,0.9642630000000000,0.5745910000000000,0,0,0,1,0
2021,Saudi Arabian Grand Prix,FP2,PER,4.0,2.0,no_advantage,308.0,55.0,157.30005399999999,100.0,0.1687140000000000,206,1221,294.4033150000000,312.0,0.9871790000000000,0.5343010000000000,0,0,0,1,0
2021,Saudi Arabian Grand Prix,FP2,GAS,5.0,2.0,no_advantage,312.0,66.0,163.73823200000001,100.0,0.0964160000000000,113,1172,294.4033150000000,312.0,1.0,0.5561700000000001,0,0,0,1,0
2021,Saudi Arabian Grand Prix,FP2,GAS,10.0,8.0,no_advantage,320.0,93.0,243.8549900000000,100.0,0.0936710000000000,74,790,294.4033150000000,312.0,1.0256410000000000,0.8283020000000000,0,0,0,1,0
2021,Saudi Arabian Grand Prix,FP2,LEC,14.0,8.0,no_advantage,312.0,67.0,152.6883890000000,100.0,0.162291000000000,204,1257,294.4033150000000,312.0,1.0,0.5186370000000000,0,0,0,1,0
2021,Saudi Arabian Grand Prix,FP2,ALO,14.0,5.0,no_advantage,298.0,90.0,231.4500260000000,100.0,0.1157130000000000,95,821,294.4033150000000,312.0,0.9551280000000000,0.7861669999999999,0,0,0,1,0
2021,Saudi Arabian Grand Prix,FP2,MSC,13.0,23.0,no_advantage,310.0,85.0,231.26152200000001,100.0,0.1207730000000000,100,828,294.4033150000000,312.0,0.9935900000000000,0.7855259999999999,0,0,0,1,0
2021,Saudi Arabian Grand Prix,FP2,VET,19.0,11.0,no_advantage,298.0,91.0,218.908726000000,100.0,0.1484020000000000,130,876,294.4033150000000,312.0,0.9551280000000000,0.7435670000000000,0,0,0,1,0
2021,Saudi Arabian Grand Prix,FP3,HAM,4.0,1.0,no_advantage,308.0,66.0,144.4806930000000,100.0,0.146816000000000,196,1335,282.5098040000000,315.0,0.9777780000000000,0.5114180000000000,0,0,0,1,0
2021,Saudi Arabian Grand Prix,Q,SAI,11.0,4.0,clear_violation,323.0,89.0,243.7794190000000,100.0,0.1379750000000000,109,790,302.4432620000000,314.0,1.0286620000000000,0.8060340000000000,0,1,0,0,0
2021,Saudi Arabian Grand Prix,R,STR,3.0,7.0,no_advantage,316.0,84.0,221.04796500000000,100.0,0.2039170000000000,177,868,271.99495600000000,320.0,0.9875,0.8126910000000001,0,0,1,0,0
2021,Saudi Arabian Grand Prix,R,OCO,6.0,,no_advantage,307.0,83.0,229.76618300000,100.0,0.13189400000000,110,834,271.99495600000000,320.0,0.959375,0.8447440000000001,0,0,1,0,0
2021,Saudi Arabian Grand Prix,R,VET,42.0,4.0,no_advantage,303.0,89.0,233.20929000000001,100.0,0.1299640000000000,108,831,271.99495600000000,320.0,0.946875,0.8574030000000000,0,0,1,0,0
2021,Spanish Grand Prix,FP1,LEC,16.0,2.0,clear_violation,314.0,67.0,178.28321900000000,100.0,0.1975760000000000,163,825,276.5561500000000,287.0,1.0940770000000000,0.6446550000000000,0,0,0,1,0
2021,Spanish Grand Prix,FP1,SAI,15.0,2.0,clear_violation,291.0,53.0,152.16698000000000,100.0,0.165631000000000,160,966,276.5561500000000,287.0,1.0139370000000001,0.550221000000000,0,0,0,1,0
2021,Spanish Grand Prix,FP1,MAZ,1.0,7.0,no_advantage,278.0,74.0,152.2863490000000,100.0,0.206858000000000,187,904,276.5561500000000,287.0,0.9686410000000000,0.5506529999999999,0,0,0,1,0
2021,Spanish Grand Prix,FP1,HAM,8.0,2.0,no_advantage,305.0,57.0,146.85093400000000,100.0,0.1815450000000000,181,997,276.5561500000000,287.0,1.0627180000000001,0.5309990000000000,0,0,0,1,0
2021,Spanish Grand Prix,FP1,SAI,14.0,2.0,no_advantage,311.0,83.0,209.0555810000000,100.0,0.1735420000000000,122,703,276.5561500000000,287.0,1.083624000000000,0.7559250000000000,0,0,0,1,0
2021,Spanish Grand Prix,FP1,LEC,15.0,2.0,no_advantage,318.0,42.0,152.73373500000000,100.0,0.1744550000000000,168,963,276.5561500000000,287.0,1.10801400000000,0.552270000000000,0,0,0,1,0
2021,Spanish Grand Prix,FP1,SAI,16.0,13.0,no_advantage,314.0,57.0,189.68260300000000,100.0,0.1761660000000000,136,772,276.5561500000000,287.0,1.0940770000000000,0.685874000000000,0,0,0,1,0
2021,Spanish Grand Prix,FP2,LEC,5.0,2.0,no_advantage,305.0,58.0,142.15416200000001,100.0,0.1645450000000000,168,1021,272.43983400000002,289.0,1.055363000000000,0.5217820000000000,0,0,0,1,0
2021,Spanish Grand Prix,FP3,RIC,5.0,13.0,no_advantage,297.0,77.0,166.5721400000000,99.0,0.0757750000000000,66,871,274.25321900000000,287.0,1.0348430000000000,0.6073660000000000,0,0,0,1,0
2021,Spanish Grand Prix,FP3,RAI,12.0,13.0,no_advantage,298.0,45.0,127.35568200000000,100.0,0.228696000000000,263,1150,274.25321900000000,287.0,1.038328000000000,0.4643730000000000,0,0,0,1,0
2021,Spanish Grand Prix,FP3,NOR,11.0,10.0,no_advantage,294.0,62.0,133.4800800000000,99.0,0.0846220000000000,93,1099,274.25321900000000,287.0,1.024390000000000,0.4867040000000000,0,0,0,1,0
2021,Spanish Grand Prix,Q,STR,3.0,13.0,no_advantage,298.0,69.0,172.61257300000000,100.0,0.2234040000000000,189,846,281.86046499999998,299.0,0.9966560000000000,0.6124039999999999,0,1,0,0,0
2021,Spanish Grand Prix,R,ALO,11.0,2.0,clear_violation,316.0,81.0,190.6054400000000,100.0,0.2158650000000000,166,769,276.1976840000000,296.0,1.0675680000000001,0.6901050000000000,0,0,1,0,0
2021,Spanish Grand Prix,R,STR,60.0,2.0,clear_violation,336.0,78.0,191.3694050000000,100.0,0.2747400000000000,211,768,276.1976840000000,296.0,1.135135000000000,0.6928710000000000,0,0,1,0,0
2021,Spanish Grand Prix,R,MAZ,5.0,2.0,clear_violation,340.0,78.0,192.5384910000000,100.0,0.2308710000000000,175,758,276.1976840000000,296.0,1.1486490000000000,0.6971039999999999,0,0,1,0,0
2021,Styrian Grand Prix,FP1,NOR,16.0,10.0,clear_violation,315.0,65.0,232.1018620000000,100.0,0.1504270000000000,88,585,265.8543860000000,287.0,1.0975610000000000,0.8730410000000000,0,0,0,1,0
2021,Styrian Grand Prix,FP1,NOR,20.0,10.0,clear_violation,284.0,68.0,218.0657430000000,100.0,0.1562000000000000,97,621,265.8543860000000,287.0,0.9895470000000000,0.8202450000000000,0,0,0,1,0
2021,Styrian Grand Prix,FP1,NOR,21.0,10.0,clear_violation,289.0,65.0,218.89704399999999,99.0,0.1766610000000000,109,617,265.8543860000000,287.0,1.0069690000000000,0.8233720000000000,0,0,0,1,0
2021,Styrian Grand Prix,FP1,NOR,27.0,10.0,clear_violation,292.0,64.0,217.94497300000000,99.0,0.1486270000000000,92,619,265.8543860000000,287.0,1.0174220000000000,0.8197910000000000,0,0,0,1,0
2021,Styrian Grand Prix,FP1,NOR,28.0,10.0,clear_violation,297.0,63.0,218.10291500000000,99.0,0.1857840000000000,115,619,265.8543860000000,287.0,1.0348430000000000,0.82038500000000,0,0,0,1,0
2021,Styrian Grand Prix,FP1,NOR,29.0,10.0,clear_violation,293.0,61.0,218.5530800000000,99.0,0.1744750000000000,108,619,265.8543860000000,287.0,1.0209060000000001,0.8220780000000000,0,0,0,1,0
2021,Styrian Grand Prix,FP1,MAZ,11.0,9.0,clear_violation,314.0,62.0,226.0605120000000,100.0,0.1883330000000000,113,600,265.8543860000000,287.0,1.0940770000000000,0.8503170000000000,0,0,0,1,0
2021,Styrian Grand Prix,FP1,MAZ,18.0,9.0,clear_violation,291.0,63.0,214.0987210000000,100.0,0.1795280000000000,114,635,265.8543860000000,287.0,1.0139370000000001,0.8053230000000000,0,0,0,1,0
2021,Styrian Grand Prix,FP1,GAS,7.0,10.0,clear_violation,316.0,67.0,231.31727000000,100.0,0.1618400000000000,95,587,265.8543860000000,287.0,1.1010450000000001,0.8700900000000000,0,0,0,1,0
2021,Styrian Grand Prix,FP1,GAS,17.0,10.0,clear_violation,313.0,67.0,233.3422790000000,100.0,0.1502590000000000,87,579,265.8543860000000,287.0,1.0905920000000000,0.8777070000000000,0,0,0,1,0
2021,Styrian Grand Prix,FP1,ALO,9.0,9.0,clear_violation,315.0,68.0,230.5043880000000,100.0,0.1358230000000000,80,589,265.8543860000000,287.0,1.0975610000000000,0.867032000000000,0,0,0,1,0
2021,Styrian Grand Prix,FP1,ALO,11.0,10.0,clear_violation,312.0,66.0,231.0706590000000,100.0,0.1292520000000000,76,588,265.8543860000000,287.0,1.0871080000000000,0.8691620000000000,0,0,0,1,0
2021,Styrian Grand Prix,FP1,ALO,14.0,9.0,clear_violation,316.0,68.0,233.34114400000001,100.0,0.1362070000000000,79,580,265.8543860000000,287.0,1.1010450000000001,0.8777030000000000,0,0,0,1,0
2021,Styrian Grand Prix,FP1,OCO,6.0,9.0,clear_violation,314.0,64.0,228.70782800000001,100.0,0.1652610000000000,98,593,265.8543860000000,287.0,1.0940770000000000,0.8602750000000000,0,0,0,1,0
2021,Styrian Grand Prix,FP1,VER,6.0,10.0,clear_violation,312.0,71.0,232.74323200000001,100.0,0.1678080000000000,98,584,265.8543860000000,287.0,1.0871080000000000,0.8754540000000000,0,0,0,1,0
2021,Styrian Grand Prix,FP1,HAM,8.0,10.0,clear_violation,312.0,70.0,231.45275599999999,100.0,0.1484640000000000,87,586,265.8543860000000,287.0,1.0871080000000000,0.870600000000000,0,0,0,1,0
2021,Styrian Grand Prix,FP1,HAM,23.0,10.0,clear_violation,289.0,67.0,221.511220000000,100.0,0.1530940000000000,94,614,265.8543860000000,287.0,1.0069690000000000,0.8332050000000000,0,0,0,1,0
2021,Styrian Grand Prix,FP1,HAM,24.0,10.0,clear_violation,289.0,69.0,221.4182200000000,100.0,0.1571190000000000,96,611,265.8543860000000,287.0,1.0069690000000000,0.8328550000000000,0,0,0,1,0
2021,Styrian Grand Prix,FP1,SAI,8.0,10.0,clear_violation,306.0,67.0,229.5135190000000,100.0,0.1561970000000000,92,589,265.8543860000000,287.0,1.0662020000000001,0.8633050000000000,0,0,0,1,0
2021,Styrian Grand Prix,FP1,SAI,9.0,10.0,clear_violation,288.0,60.0,149.3982030000000,100.0,0.1639160000000000,149,909,265.8543860000000,287.0,1.0034840000000000,0.5619550000000000,0,0,0,1,0
2021,Styrian Grand Prix,FP1,BOT,19.0,10.0,clear_violation,315.0,71.0,234.40345500000001,100.0,0.1450780000000000,84,579,265.8543860000000,287.0,1.0975610000000000,0.8816990000000000,0,0,0,1,0
2021,Styrian Grand Prix,FP2,NOR,11.0,10.0,clear_violation,318.0,70.0,233.5711820000000,100.0,0.1519860000000000,88,579,266.075,286.0,1.1118880000000000,0.8778400000000000,0,0,0,1,0
2021,Styrian Grand Prix,FP2,NOR,27.0,10.0,clear_violation,289.0,64.0,219.59652199999999,100.0,0.1655840000000000,102,616,266.075,286.0,1.0104900000000001,0.825318000000000,0,0,0,1,0
2021,Styrian Grand Prix,FP2,NOR,28.0,10.0,clear_violation,289.0,60.0,219.1719370000000,100.0,0.1634300000000000,101,618,266.075,286.0,1.0104900000000001,0.8237220000000000,0,0,0,1,0
2021,Styrian Grand Prix,FP2,NOR,31.0,9.0,clear_violation,296.0,59.0,217.51172299999999,99.0,0.1771340000000000,110,621,266.075,286.0,1.034965000000000,0.8174830000000000,0,0,0,1,0
2021,Styrian Grand Prix,FP2,NOR,33.0,10.0,clear_violation,295.0,0.0,174.5781030000000,100.0,0.2282750000000000,176,771,266.075,286.0,1.0314690000000000,0.6561240000000000,0,0,0,1,0
2021,Styrian Grand Prix,FP2,NOR,34.0,10.0,clear_violation,322.0,51.0,220.6217100000000,100.0,0.1693810000000000,104,614,266.075,286.0,1.1258740000000000,0.8291710000000000,0,0,0,1,0
2021,Styrian Grand Prix,FP2,VET,32.0,10.0,clear_violation,286.0,66.0,217.7392710000000,100.0,0.1591640000000000,99,622,266.075,286.0,1.0,0.8183380000000000,0,0,0,1,0
2021,Styrian Grand Prix,FP2,VET,33.0,10.0,clear_violation,298.0,67.0,220.7350460000000,100.0,0.1517130000000000,93,613,266.075,286.0,1.0419579999999999,0.829597000000000,0,0,0,1,0
2021,Styrian Grand Prix,FP2,MAZ,9.0,9.0,clear_violation,319.0,66.0,230.6009340000000,100.0,0.1839860000000000,108,587,266.075,286.0,1.1153850000000001,0.8666760000000000,0,0,0,1,0
2021,Styrian Grand Prix,FP2,MAZ,15.0,9.0,clear_violation,291.0,63.0,213.56763900000001,100.0,0.1876970000000000,119,634,266.075,286.0,1.0174829999999999,0.8026600000000000,0,0,0,1,0
2021,Styrian Grand Prix,FP2,MAZ,24.0,9.0,clear_violation,298.0,63.0,216.3712830000000,99.0,0.1961720000000000,123,627,266.075,286.0,1.0419579999999999,0.8131969999999999,0,0,0,1,0
2021,Styrian Grand Prix,FP2,ALO,8.0,9.0,clear_violation,314.0,68.0,232.42050000000000,100.0,0.1455480000000000,85,584,266.075,286.0,1.097902000000000,0.8735150000000000,0,0,0,1,0
2021,Styrian Grand Prix,FP2,ALO,21.0,10.0,clear_violation,306.0,67.0,222.17836500000001,100.0,0.174056000000000,106,609,266.075,286.0,1.06993000000000,0.8350220000000000,0,0,0,1,0
2021,Styrian Grand Prix,FP2,ALO,22.0,10.0,clear_violation,309.0,67.0,221.37907500000000,100.0,0.1620290000000000,99,611,266.075,286.0,1.0804199999999999,0.8320180000000000,0,0,0,1,0
2021,Styrian Grand Prix,FP2,TSU,30.0,10.0,clear_violation,296.0,57.0,217.60031000000001,100.0,0.1564520000000000,97,620,266.075,286.0,1.034965000000000,0.8178160000000000,0,0,0,1,0
2021,Styrian Grand Prix,FP2,TSU,31.0,10.0,clear_violation,297.0,61.0,219.621857000000,100.0,0.1542210000000000,95,616,266.075,286.0,1.0384620000000000,0.8254130000000000,0,0,0,1,0
2021,Styrian Grand Prix,FP2,TSU,37.0,10.0,clear_violation,297.0,69.0,217.87020600000000,100.0,0.1723030000000000,107,621,266.075,286.0,1.0384620000000000,0.8188299999999999,0,0,0,1,0
2021,Styrian Grand Prix,FP2,VER,26.0,10.0,clear_violation,299.0,67.0,223.05178900000001,100.0,0.1663920000000000,101,607,266.075,286.0,1.0454550000000000,0.8383040000000000,0,0,0,1,0
2021,Styrian Grand Prix,FP2,VER,27.0,10.0,clear_violation,304.0,65.0,223.0938700000000,100.0,0.1647450000000000,100,607,266.075,286.0,1.062937000000000,0.8384620000000000,0,0,0,1,0
2021,Styrian Grand Prix,FP2,HAM,14.0,10.0,clear_violation,311.0,73.0,236.9778980000000,100.0,0.1190890000000000,68,571,266.075,286.0,1.0874130000000000,0.8906430000000000,0,0,0,1,0
2021,Styrian Grand Prix,FP2,HAM,15.0,10.0,clear_violation,299.0,49.0,148.40852200000000,100.0,0.187019000000000,170,909,266.075,286.0,1.0454550000000000,0.5577700000000000,0,0,0,1,0
2021,Styrian Grand Prix,FP2,HAM,21.0,9.0,clear_violation,291.0,71.0,222.9302920000000,100.0,0.131579000000000,80,608,266.075,286.0,1.0174829999999999,0.8378480000000000,0,0,0,1,0
2021,Styrian Grand Prix,FP2,HAM,27.0,10.0,clear_violation,298.0,70.0,222.7628430000000,100.0,0.1386140000000000,84,606,266.075,286.0,1.0419579999999999,0.8372180000000000,0,0,0,1,0
2021,Styrian Grand Prix,FP2,HAM,28.0,10.0,clear_violation,299.0,70.0,220.9584740000000,100.0,0.1454250000000000,89,612,266.075,286.0,1.0454550000000000,0.8304370000000000,0,0,0,1,0
2021,Styrian Grand Prix,FP2,GIO,8.0,10.0,clear_violation,318.0,66.0,232.8380020000000,100.0,0.1623930000000000,95,585,266.075,286.0,1.1118880000000000,0.8750840000000000,0,0,0,1,0
2021,Styrian Grand Prix,FP3,NOR,8.0,9.0,clear_violation,300.0,67.0,212.5466020000000,99.0,0.1442010000000000,92,638,256.22636100000000,289.0,1.0380620000000000,0.8295270000000000,0,0,0,1,0
2021,Styrian Grand Prix,FP3,NOR,12.0,10.0,clear_violation,316.0,70.0,237.61577399999999,100.0,0.1473680000000000,84,570,256.22636100000000,289.0,1.0934260000000000,0.9273670000000001,0,0,0,1,0
2021,Styrian Grand Prix,FP3,NOR,13.0,10.0,clear_violation,306.0,40.0,124.65770700000000,99.0,0.1168350000000000,127,1087,256.22636100000000,289.0,1.0588240000000000,0.4865140000000000,0,0,0,1,0
2021,Styrian Grand Prix,FP3,RAI,2.0,9.0,clear_violation,312.0,67.0,233.1394900000000,100.0,0.1675300000000000,97,579,256.22636100000000,289.0,1.0795850000000000,0.9098970000000000,0,0,0,1,0
2021,Styrian Grand Prix,FP3,MAZ,3.0,9.0,clear_violation,292.0,66.0,217.8741100000000,100.0,0.1955130000000000,122,624,256.22636100000000,289.0,1.0103810000000000,0.8503190000000000,0,0,0,1,0
2021,Styrian Grand Prix,FP3,MAZ,6.0,10.0,clear_violation,293.0,63.0,217.7060730000000,100.0,0.2003210000000000,125,624,256.22636100000000,289.0,1.013841000000000,0.8496629999999999,0,0,0,1,0
2021,Styrian Grand Prix,FP3,MAZ,11.0,10.0,clear_violation,316.0,71.0,231.45250400000000,100.0,0.1883560000000000,110,584,256.22636100000000,289.0,1.0934260000000000,0.9033130000000000,0,0,0,1,0
2021,Styrian Grand Prix,FP3,MAZ,12.0,10.0,clear_violation,315.0,40.0,132.1093310000000,100.0,0.1333980000000000,137,1027,256.22636100000000,289.0,1.0899650000000001,0.5155960000000001,0,0,0,1,0
2021,Styrian Grand Prix,FP3,ALO,4.0,10.0,clear_violation,309.0,70.0,231.2429690000000,100.0,0.1507800000000000,87,577,256.22636100000000,289.0,1.069204000000000,0.9024950000000000,0,0,0,1,0
2021,Styrian Grand Prix,FP3,ALO,5.0,10.0,clear_violation,288.0,51.0,138.82805099999999,100.0,0.2008410000000000,191,951,256.22636100000000,289.0,0.9965400000000000,0.5418180000000000,0,0,0,1,0
2021,Styrian Grand Prix,FP3,LEC,17.0,9.0,clear_violation,312.0,74.0,236.44213400000001,100.0,0.1436080000000000,82,571,256.22636100000000,289.0,1.0795850000000000,0.922786000000000,0,0,0,1,0
2021,Styrian Grand Prix,FP3,TSU,4.0,10.0,clear_violation,314.0,72.0,233.4779740000000,100.0,0.1465970000000000,84,573,256.22636100000000,289.0,1.0865050000000001,0.9112180000000000,0,0,0,1,0
2021,Styrian Grand Prix,FP3,TSU,5.0,10.0,clear_violation,306.0,56.0,142.1755990000000,100.0,0.1059320000000000,100,944,256.22636100000000,289.0,1.0588240000000000,0.5548830000000000,0,0,0,1,0
2021,Styrian Grand Prix,FP3,VER,13.0,10.0,clear_violation,317.0,73.0,239.91475299999999,100.0,0.1469030000000000,83,565,256.22636100000000,289.0,1.0968860000000000,0.9363390000000000,0,0,0,1,0
2021,Styrian Grand Prix,FP3,VER,14.0,10.0,clear_violation,303.0,48.0,152.6798790000000,100.0,0.1097290000000000,97,884,256.22636100000000,289.0,1.0484430000000000,0.5958790000000000,0,0,0,1,0
2021,Styrian Grand Prix,FP3,MSC,17.0,10.0,clear_violation,316.0,70.0,235.09569800000000,100.0,0.158895000000000,92,579,256.22636100000000,289.0,1.0934260000000000,0.9175310000000000,0,0,0,1,0
2021,Styrian Grand Prix,FP3,MSC,18.0,10.0,clear_violation,308.0,53.0,124.6458510000000,100.0,0.0871560000000000,95,1090,256.22636100000000,289.0,1.065744000000000,0.48646800000000001,0,0,0,1,0
2021,Styrian Grand Prix,FP3,SAI,2.0,9.0,clear_violation,311.0,71.0,231.9204000000000,100.0,0.1690140000000000,96,568,256.22636100000000,289.0,1.0761250000000000,0.9051390000000000,0,0,0,1,0
2021,Styrian Grand Prix,Q,HAM,23.0,9.0,clear_violation,317.0,74.0,233.77566899999999,100.0,0.1450780000000000,84,579,276.07456100000002,292.0,1.0856159999999999,0.8467850000000000,0,1,0,0,0
2021,Styrian Grand Prix,Q,GAS,5.0,10.0,clear_violation,320.0,70.0,239.07625300000001,100.0,0.1362830000000000,77,565,276.07456100000002,292.0,1.095890000000000,0.8659840000000000,0,1,0,0,0
2021,Styrian Grand Prix,Q,TSU,14.0,10.0,clear_violation,318.0,73.0,240.17796500000000,100.0,0.146643000000000,83,566,276.07456100000002,292.0,1.0890409999999999,0.8699750000000001,0,1,0,0,0
2021,Styrian Grand Prix,Q,STR,14.0,10.0,clear_violation,318.0,68.0,239.2790140000000,100.0,0.18342200000000,104,567,276.07456100000002,292.0,1.0890409999999999,0.8667190000000000,0,1,0,0,0
2021,Styrian Grand Prix,Q,SAI,14.0,9.0,clear_violation,315.0,74.0,239.87872600000000,100.0,0.1552030000000000,88,567,276.07456100000002,292.0,1.0787670000000000,0.8688910000000000,0,1,0,0,0
2021,Styrian Grand Prix,Q,VET,14.0,10.0,clear_violation,318.0,74.0,240.05042000000000,100.0,0.1501770000000000,85,566,276.07456100000002,292.0,1.0890409999999999,0.8695130000000000,0,1,0,0,0
2021,Styrian Grand Prix,Q,MAZ,2.0,9.0,clear_violation,317.0,68.0,231.37825799999999,100.0,0.1788760000000000,105,587,276.07456100000002,292.0,1.0856159999999999,0.8381010000000000,0,1,0,0,0
2021,Styrian Grand Prix,R,HAM,5.0,9.0,clear_violation,293.0,68.0,221.54495000000000,100.0,0.1521040000000000,94,618,274.14251999999999,289.0,1.013841000000000,0.8081380000000000,0,0,1,0,0
2021,Styrian Grand Prix,R,HAM,56.0,10.0,clear_violation,296.0,70.0,224.3314800000000,100.0,0.1428570000000000,87,609,274.14251999999999,289.0,1.0242210000000000,0.8183020000000000,0,0,1,0,0
2021,Styrian Grand Prix,R,HAM,57.0,10.0,clear_violation,297.0,68.0,224.30472100000000,100.0,0.1611840000000000,98,608,274.14251999999999,289.0,1.027682000000000,0.8182050000000000,0,0,1,0,0
2021,Styrian Grand Prix,R,NOR,7.0,10.0,clear_violation,296.0,62.0,217.7071070000000,99.0,0.1815290000000000,114,628,274.14251999999999,289.0,1.0242210000000000,0.7941380000000000,0,0,1,0,0
2021,Styrian Grand Prix,R,NOR,8.0,10.0,clear_violation,291.0,60.0,217.29971300000000,99.0,0.1806660000000000,114,631,274.14251999999999,289.0,1.0069200000000000,0.7926520000000000,0,0,1,0,0
2021,Styrian Grand Prix,R,LEC,48.0,10.0,clear_violation,313.0,61.0,222.3101420000000,100.0,0.2019540000000000,124,614,274.14251999999999,289.0,1.0830450000000000,0.81092900000000,0,0,1,0,0
2021,Styrian Grand Prix,R,LEC,49.0,10.0,clear_violation,320.0,59.0,222.68991100000000,100.0,0.2,122,610,274.14251999999999,289.0,1.1072660000000001,0.812314000000000,0,0,1,0,0
2021,Styrian Grand Prix,R,LEC,51.0,10.0,clear_violation,310.0,58.0,220.92998399999999,100.0,0.2025930000000000,125,617,274.14251999999999,289.0,1.0726640000000001,0.8058950000000000,0,0,1,0,0
2021,Styrian Grand Prix,R,LEC,52.0,10.0,clear_violation,315.0,57.0,219.7396390000000,100.0,0.2016130000000000,125,620,274.14251999999999,289.0,1.0899650000000001,0.8015530000000000,0,0,1,0,0
2021,Styrian Grand Prix,R,TSU,28.0,9.0,clear_violation,304.0,66.0,218.4246870000000,100.0,0.1932910000000000,121,626,274.14251999999999,289.0,1.0519030000000000,0.7967560000000000,0,0,1,0,0
2021,Styrian Grand Prix,R,TSU,69.0,9.0,clear_violation,320.0,62.0,220.3283390000000,100.0,0.2094160000000000,129,616,274.14251999999999,289.0,1.1072660000000001,0.8037000000000000,0,0,1,0,0
2021,Styrian Grand Prix,R,RAI,64.0,10.0,clear_violation,316.0,60.0,221.4578590000000,100.0,0.1818180000000000,112,616,274.14251999999999,289.0,1.0934260000000000,0.8078200000000000,0,0,1,0,0
2021,Styrian Grand Prix,R,RAI,65.0,10.0,clear_violation,319.0,61.0,220.5115730000000,100.0,0.2249190000000000,139,618,274.14251999999999,289.0,1.1038060000000001,0.8043680000000000,0,0,1,0,0
2021,Styrian Grand Prix,R,VET,66.0,10.0,clear_violation,295.0,61.0,220.30508599999999,100.0,0.1618120000000000,100,618,274.14251999999999,289.0,1.0207610000000000,0.8036150000000000,0,0,1,0,0
2021,Styrian Grand Prix,R,VET,67.0,10.0,clear_violation,295.0,56.0,217.15739099999999,100.0,0.182109000000000,114,626,274.14251999999999,289.0,1.0207610000000000,0.7921330000000000,0,0,1,0,0
2021,Styrian Grand Prix,R,MAZ,28.0,9.0,clear_violation,295.0,63.0,216.746658000000,100.0,0.1962030000000000,124,632,274.14251999999999,289.0,1.0207610000000000,0.7906350000000000,0,0,1,0,0
2021,São Paulo Grand Prix,FP1,LEC,18.0,4.0,no_advantage,314.0,53.0,147.09678700000001,100.0,0.1463150000000000,133,909,306.8030300000000,331.0,0.9486400000000000,0.47944999999999999,0,0,0,1,0
2021,São Paulo Grand Prix,FP1,RUS,18.0,4.0,no_advantage,312.0,63.0,154.1079660000000,100.0,0.1397230000000000,121,866,306.8030300000000,331.0,0.9425980000000000,0.5023030000000001,0,0,0,1,0
2021,São Paulo Grand Prix,FP1,BOT,28.0,5.0,no_advantage,319.0,57.0,179.69505300000000,100.0,0.2010870000000000,148,736,306.8030300000000,331.0,0.9637460000000000,0.585702000000000,0,0,0,1,0
2021,São Paulo Grand Prix,FP2,NOR,20.0,4.0,clear_violation,326.0,76.0,205.89075600000001,100.0,0.1929010000000000,125,648,301.49514599999998,329.0,0.9908810000000000,0.6828990000000000,0,0,0,1,0
2021,São Paulo Grand Prix,FP2,RAI,29.0,4.0,clear_violation,314.0,77.0,204.02483799999999,100.0,0.1779140000000000,116,652,301.49514599999998,329.0,0.9544070000000000,0.6767100000000000,0,0,0,1,0
2021,São Paulo Grand Prix,FP2,RAI,33.0,4.0,clear_violation,313.0,74.0,204.5023550000000,100.0,0.1929560000000000,126,653,301.49514599999998,329.0,0.9513680000000000,0.6782940000000000,0,0,0,1,0
2021,São Paulo Grand Prix,FP2,MAZ,2.0,4.0,clear_violation,302.0,83.0,200.21843999999999,100.0,0.2020960000000000,135,668,301.49514599999998,329.0,0.9179330000000000,0.6640850000000000,0,0,0,1,0
2021,São Paulo Grand Prix,FP2,GAS,22.0,4.0,clear_violation,306.0,82.0,205.53725299999999,100.0,0.1523080000000000,99,650,301.49514599999998,329.0,0.9300910000000000,0.6817270000000000,0,0,0,1,0
2021,São Paulo Grand Prix,FP2,LEC,8.0,4.0,clear_violation,323.0,78.0,203.63744000000000,100.0,0.1829270000000000,120,656,301.49514599999998,329.0,0.9817630000000001,0.67542500000000,0,0,0,1,0
2021,São Paulo Grand Prix,FP2,LEC,22.0,4.0,clear_violation,319.63333499999999,81.0,208.2098780000000,100.0,0.1934480000000000,124,641,301.49514599999998,329.0,0.9715300000000000,0.6905910000000000,0,0,0,1,0
2021,São Paulo Grand Prix,Q,HAM,11.0,4.0,clear_violation,324.0,94.0,223.1022960000000,100.0,0.1428570000000000,86,602,314.6431720000000,327.0,0.9908260000000000,0.7090640000000000,0,1,0,0,0
2021,São Paulo Grand Prix,Q,LEC,6.0,4.0,clear_violation,326.0,87.0,220.95123100000001,100.0,0.1672190000000000,101,604,314.6431720000000,327.0,0.9969420000000000,0.7022280000000000,0,1,0,0,0
2021,São Paulo Grand Prix,Q,GIO,5.0,4.0,clear_violation,330.0,86.0,218.51775400000000,100.0,0.1729200000000000,106,613,314.6431720000000,327.0,1.0091740000000000,0.6944939999999999,0,1,0,0,0
2021,São Paulo Grand Prix,Q,MSC,10.0,4.0,clear_violation,325.0,81.0,218.6277490000000,100.0,0.1636660000000000,100,611,314.6431720000000,327.0,0.9938840000000000,0.6948430000000000,0,1,0,0,0
2021,São Paulo Grand Prix,R,HAM,48.0,4.0,clear_violation,335.0,82.0,205.7529630000000,100.0,0.184332000000000,120,651,302.65129000000002,344.0,0.9738370000000000,0.6798350000000000,0,0,1,0,0
2021,São Paulo Grand Prix,R,VER,48.0,4.0,clear_violation,308.0,83.0,206.7652910000000,100.0,0.1808350000000000,117,647,302.65129000000002,344.0,0.8953490000000000,0.6831800000000000,0,0,1,0,0
2021,São Paulo Grand Prix,R,GAS,5.0,4.0,clear_violation,333.0,76.0,200.6452020000000,100.0,0.2114800000000000,140,662,302.65129000000002,344.0,0.9680230000000000,0.6629580000000000,0,0,1,0,0
2021,São Paulo Grand Prix,R,NOR,60.0,4.0,clear_violation,310.0,74.0,205.74061900000001,100.0,0.195084000000000,127,651,302.65129000000002,344.0,0.9011630000000000,0.6797940000000000,0,0,1,0,0
2021,São Paulo Grand Prix,R,RAI,64.0,4.0,clear_violation,312.0,79.0,205.9548840000000,100.0,0.1950460000000000,126,646,302.65129000000002,344.0,0.9069770000000000,0.6805020000000001,0,0,1,0,0
2021,São Paulo Grand Prix,R,MSC,43.0,4.0,clear_violation,311.0,80.0,202.1100340000000,100.0,0.1696970000000000,112,660,302.65129000000002,344.0,0.9040700000000000,0.6677980000000000,0,0,1,0,0
2021,São Paulo Grand Prix,R,MSC,65.0,4.0,clear_violation,310.0,81.0,205.70875300000000,100.0,0.1697530000000000,110,648,302.65129000000002,344.0,0.9011630000000000,0.6796890000000000,0,0,1,0,0
2021,São Paulo Grand Prix,S,VET,16.0,4.0,clear_violation,310.0,76.0,205.49509300000000,100.0,0.2076920000000000,135,650,314.44375,347.0,0.8933720000000001,0.6535190000000000,1,0,0,0,0
2021,São Paulo Grand Prix,S,STR,17.0,4.0,clear_violation,336.0,77.0,205.6675040000000,100.0,0.2098770000000000,136,648,314.44375,347.0,0.968300000000000,0.6540680000000000,1,0,0,0,0
2021,São Paulo Grand Prix,S,MSC,21.0,4.0,clear_violation,310.0,81.0,200.51445899999999,100.0,0.190252000000000,121,636,314.44375,347.0,0.8933720000000001,0.6376800000000000,1,0,0,0,0
2021,São Paulo Grand Prix,S,MAZ,7.0,4.0,clear_violation,336.0,77.0,199.00029599999999,100.0,0.2119400000000000,142,670,314.44375,347.0,0.968300000000000,0.6328650000000000,1,0,0,0,0
2021,São Paulo Grand Prix,S,MAZ,22.0,4.0,clear_violation,311.0,80.0,201.44398200000001,100.0,0.1859380,119,640,314.44375,347.0,0.8962540000000000,0.6406360000000000,1,0,0,0,0
2021,São Paulo Grand Prix,S,RAI,3.0,1.0,no_advantage,340.9666670000000,74.0,205.9989480000000,100.0,0.2241110000000000,145,647,314.44375,347.0,0.9826130000000000,0.6551220000000000,1,0,0,0,0
2021,São Paulo Grand Prix,SQ,VET,16.0,4.0,clear_violation,310.0,76.0,205.49509300000000,100.0,0.2076920000000000,135,650,314.44375,347.0,0.8933720000000001,0.6535190000000000,0,1,0,0,0
2021,São Paulo Grand Prix,SQ,STR,17.0,4.0,clear_violation,336.0,77.0,205.6675040000000,100.0,0.2098770000000000,136,648,314.44375,347.0,0.968300000000000,0.6540680000000000,0,1,0,0,0
2021,São Paulo Grand Prix,SQ,MSC,21.0,4.0,clear_violation,310.0,81.0,200.51445899999999,100.0,0.190252000000000,121,636,314.44375,347.0,0.8933720000000001,0.6376800000000000,0,1,0,0,0
2021,São Paulo Grand Prix,SQ,MAZ,7.0,4.0,clear_violation,336.0,77.0,199.00029599999999,100.0,0.2119400000000000,142,670,314.44375,347.0,0.968300000000000,0.6328650000000000,0,1,0,0,0
2021,São Paulo Grand Prix,SQ,MAZ,22.0,4.0,clear_violation,311.0,80.0,201.44398200000001,100.0,0.1859380,119,640,314.44375,347.0,0.8962540000000000,0.6406360000000000,0,1,0,0,0
2021,São Paulo Grand Prix,SQ,RAI,3.0,1.0,no_advantage,340.9666670000000,74.0,205.9989480000000,100.0,0.2241110000000000,145,647,314.44375,347.0,0.9826130000000000,0.6551220000000000,0,1,0,0,0
2021,Turkish Grand Prix,FP1,NOR,9.0,14.0,clear_violation,321.0,86.0,220.9272460000000,100.0,0.1651130000000000,124,751,232.69931700000001,253.0,1.2687750000000000,0.9494110000000000,0,0,0,1,0
2021,Turkish Grand Prix,FP1,VET,21.0,1.0,clear_violation,297.0,34.0,202.6824590000000,100.0,0.1799270000000000,147,817,232.69931700000001,253.0,1.173913000000000,0.8710059999999999,0,0,0,1,0
2021,Turkish Grand Prix,FP1,RAI,4.0,6.0,clear_violation,327.0,80.0,213.8223230000000,100.0,0.161039000000000,124,770,232.69931700000001,253.0,1.2924899999999999,0.9188780000000000,0,0,0,1,0
2021,Turkish Grand Prix,FP1,MAZ,21.0,1.0,clear_violation,302.0,83.0,207.00171800000001,100.0,0.1793280000000000,144,803,232.69931700000001,253.0,1.1936760000000000,0.8895670000000000,0,0,0,1,0
2021,Turkish Grand Prix,FP1,MAZ,25.0,1.0,clear_violation,307.0,75.0,201.627995000000,100.0,0.197320000000000,162,821,232.69931700000001,253.0,1.2134389999999999,0.8664740000000000,0,0,0,1,0
2021,Turkish Grand Prix,FP1,GAS,5.0,14.0,clear_violation,329.0,84.0,217.7008650000000,100.0,0.1220470000000000,93,762,232.69931700000001,253.0,1.300395000000000,0.9355460000000000,0,0,0,1,0
2021,Turkish Grand Prix,FP1,GAS,6.0,14.0,clear_violation,301.0,53.0,160.68930399999999,100.0,0.1117590000000000,115,1029,232.69931700000001,253.0,1.1897230000000001,0.6905450000000000,0,0,0,1,0
2021,Turkish Grand Prix,FP1,GAS,9.0,1.0,clear_violation,323.0,83.0,219.17901900000001,100.0,0.115079000000000,87,756,232.69931700000001,253.0,1.2766800000000000,0.9418980000000000,0,0,0,1,0
2021,Turkish Grand Prix,FP1,GAS,23.0,1.0,clear_violation,304.0,80.0,211.49440000000001,100.0,0.1455940000000000,114,783,232.69931700000001,253.0,1.2015810000000000,0.908874000000000,0,0,0,1,0
2021,Turkish Grand Prix,FP1,GAS,24.0,1.0,clear_violation,307.0,78.0,212.06292800000000,100.0,0.1355500000000000,106,782,232.69931700000001,253.0,1.2134389999999999,0.9113170000000000,0,0,0,1,0
2021,Turkish Grand Prix,FP1,GAS,25.0,14.0,clear_violation,307.0,74.0,210.0840020000000,100.0,0.1204060000000000,95,789,232.69931700000001,253.0,1.2134389999999999,0.9028130000000000,0,0,0,1,0
2021,Turkish Grand Prix,FP1,GAS,26.0,1.0,clear_violation,305.0,76.0,212.14971600000001,100.0,0.1397440000000000,109,780,232.69931700000001,253.0,1.2055340000000001,0.9116900000000000,0,0,0,1,0
2021,Turkish Grand Prix,FP1,PER,21.0,1.0,clear_violation,301.0,78.0,212.98561200000000,100.0,0.1583010000000000,123,777,232.69931700000001,253.0,1.1897230000000001,0.9152820000000000,0,0,0,1,0
2021,Turkish Grand Prix,FP1,ALO,4.0,6.0,clear_violation,312.0,85.0,215.4254760000000,100.0,0.1402600000000000,108,770,232.69931700000001,253.0,1.233202000000000,0.925768000000000,0,0,0,1,0
2021,Turkish Grand Prix,FP1,ALO,23.0,1.0,clear_violation,295.0,82.0,210.95631100000000,100.0,0.1424940000000000,112,786,232.69931700000001,253.0,1.1660079999999999,0.9065620000000000,0,0,0,1,0
2021,Turkish Grand Prix,FP1,LEC,8.0,6.0,clear_violation,294.0,74.0,201.445749000000,100.0,0.1632160000000000,134,821,232.69931700000001,253.0,1.1620550000000001,0.8656910000000000,0,0,0,1,0
2021,Turkish Grand Prix,FP1,LEC,13.0,6.0,clear_violation,327.0,85.0,223.45890900000001,100.0,0.1617250000000000,120,742,232.69931700000001,253.0,1.2924899999999999,0.9602900000000000,0,0,0,1,0
2021,Turkish Grand Prix,FP1,LEC,24.0,1.0,clear_violation,308.0,73.0,210.8261040000000,100.0,0.1566880000000000,123,785,232.69931700000001,253.0,1.2173909999999999,0.9060020000000000,0,0,0,1,0
2021,Turkish Grand Prix,FP1,STR,10.0,1.0,clear_violation,318.0,87.0,220.4140420000000,100.0,0.1591510000000000,120,754,232.69931700000001,253.0,1.256917000000000,0.9472050000000000,0,0,0,1,0
2021,Turkish Grand Prix,FP1,SAI,7.0,14.0,clear_violation,323.0,86.0,220.91882899999999,100.0,0.1546670000000000,116,750,232.69931700000001,253.0,1.2766800000000000,0.9493750000000000,0,0,0,1,0
2021,Turkish Grand Prix,FP1,GIO,15.0,14.0,clear_violation,329.0,81.0,218.88581700000000,100.0,0.1541500000000000,117,759,232.69931700000001,253.0,1.300395000000000,0.9406380000000000,0,0,0,1,0
2021,Turkish Grand Prix,FP1,GIO,18.0,1.0,clear_violation,329.0,83.0,221.5191510000000,100.0,0.1466670000000000,110,750,232.69931700000001,253.0,1.300395000000000,0.9519540000000000,0,0,0,1,0
2021,Turkish Grand Prix,FP1,GIO,20.0,1.0,clear_violation,300.0,72.0,162.47669200000001,100.0,0.1898240000000000,194,1022,232.69931700000001,253.0,1.1857709999999999,0.6982260000000000,0,0,0,1,0
2021,Turkish Grand Prix,FP2,RIC,14.0,1.0,clear_violation,294.0,70.0,196.89010800000000,100.0,0.1186240000000000,100,843,232.830867000000,249.0,1.180723000000000,0.8456360000000001,0,0,0,1,0
2021,Turkish Grand Prix,FP2,RIC,15.0,1.0,clear_violation,321.0,83.0,223.2564110000000,100.0,0.1590300000000000,118,742,232.830867000000,249.0,1.2891570000000001,0.9588780000000000,0,0,0,1,0
2021,Turkish Grand Prix,FP2,VET,22.0,1.0,clear_violation,300.0,85.0,212.42879500000001,100.0,0.1503860000000000,117,778,232.830867000000,249.0,1.2048190000000001,0.9123740000000000,0,0,0,1,0
2021,Turkish Grand Prix,FP2,MAZ,4.0,6.0,clear_violation,329.0,83.0,220.3328370000000,100.0,0.1906670000000000,143,750,232.830867000000,249.0,1.321285000000000,0.9463210000000000,0,0,0,1,0
2021,Turkish Grand Prix,FP2,MAZ,6.0,1.0,clear_violation,327.0,84.0,221.0499040000000,100.0,0.173735000000000,127,731,232.830867000000,249.0,1.3132530000000000,0.9494010000000001,0,0,0,1,0
2021,Turkish Grand Prix,FP2,MAZ,9.0,14.0,clear_violation,332.0,86.0,221.45173399999999,100.0,0.1668890000000000,125,749,232.830867000000,249.0,1.3333330000000001,0.9511269999999999,0,0,0,1,0
2021,Turkish Grand Prix,FP2,MAZ,10.0,14.0,clear_violation,298.0,70.0,150.43602700000000,100.0,0.1051680000000000,116,1103,232.830867000000,249.0,1.1967870000000000,0.6461170000000001,0,0,0,1,0
2021,Turkish Grand Prix,FP2,MAZ,13.0,1.0,clear_violation,328.0,82.0,220.70263299999999,100.0,0.1779550000000000,134,753,232.830867000000,249.0,1.3172690000000000,0.9479100000000000,0,0,0,1,0
2021,Turkish Grand Prix,FP2,GAS,11.0,1.0,clear_violation,325.0,82.0,222.97881400000000,100.0,0.1239890000000000,92,742,232.830867000000,249.0,1.3052210000000000,0.9576860000000000,0,0,0,1,0
2021,Turkish Grand Prix,FP2,GAS,28.0,1.0,clear_violation,306.0,81.0,212.17084199999999,100.0,0.1384220000000000,107,773,232.830867000000,249.0,1.2289159999999999,0.9112660000000000,0,0,0,1,0
2021,Turkish Grand Prix,FP2,PER,19.0,1.0,clear_violation,310.0,81.0,213.7844230000000,100.0,0.1587100000000000,123,775,232.830867000000,249.0,1.2449800000000000,0.918196000000000,0,0,0,1,0
2021,Turkish Grand Prix,FP2,PER,22.0,1.0,clear_violation,306.0,82.0,215.1812970000000,100.0,0.1716510000000000,132,769,232.830867000000,249.0,1.2289159999999999,0.9241960000000000,0,0,0,1,0
2021,Turkish Grand Prix,FP2,LEC,24.0,1.0,clear_violation,315.0,77.0,212.84927600000000,100.0,0.175032000000000,136,777,232.830867000000,249.0,1.2650600000000001,0.914180000000000,0,0,0,1,0
2021,Turkish Grand Prix,FP2,TSU,19.0,1.0,clear_violation,308.0,81.0,212.73597000000001,100.0,0.1476250000000000,115,779,232.830867000000,249.0,1.2369479999999999,0.9136930000000000,0,0,0,1,0
2021,Turkish Grand Prix,FP2,TSU,28.0,1.0,clear_violation,312.0,80.0,211.0116410000000,100.0,0.1495960000000000,111,742,232.830867000000,249.0,1.2530120000000000,0.906287000000000,0,0,0,1,0
2021,Turkish Grand Prix,FP2,OCO,8.0,1.0,clear_violation,324.0,85.0,222.85779199999999,100.0,0.1664430000000000,124,745,232.830867000000,249.0,1.3012049999999999,0.9571660000000000,0,0,0,1,0
2021,Turkish Grand Prix,FP2,HAM,2.0,1.0,clear_violation,305.0,68.0,184.9740520000000,100.0,0.1910610000000000,171,895,232.830867000000,249.0,1.2249000000000001,0.7944570000000000,0,0,0,1,0
2021,Turkish Grand Prix,FP2,MSC,5.0,1.0,clear_violation,304.0,45.0,174.5866700000000,100.0,0.1862430000000000,176,945,232.830867000000,249.0,1.2208840000000001,0.7498430000000000,0,0,0,1,0
2021,Turkish Grand Prix,FP2,SAI,7.0,1.0,clear_violation,291.0,80.0,184.1353130000000,100.0,0.1360620000000000,123,904,232.830867000000,249.0,1.1686749999999999,0.7908539999999999,0,0,0,1,0
2021,Turkish Grand Prix,FP2,SAI,25.0,1.0,clear_violation,321.0,80.0,211.7170530000000,100.0,0.1673050000000000,131,783,232.830867000000,249.0,1.2891570000000001,0.9093170000000000,0,0,0,1,0
2021,Turkish Grand Prix,FP2,SAI,26.0,1.0,clear_violation,310.0,81.0,213.06552199999999,100.0,0.152062000000000,118,776,232.830867000000,249.0,1.2449800000000000,0.9151090000000000,0,0,0,1,0
2021,Turkish Grand Prix,FP2,RUS,2.0,1.0,clear_violation,316.0,88.0,218.57633500000000,100.0,0.1708280000000000,130,761,232.830867000000,249.0,1.2690760000000001,0.938777000000000,0,0,0,1,0
2021,Turkish Grand Prix,FP2,BOT,17.0,1.0,clear_violation,316.0,58.0,196.60635500000001,100.0,0.1834320000000000,155,845,232.830867000000,249.0,1.2690760000000001,0.8444170000000000,0,0,0,1,0
2021,Turkish Grand Prix,FP2,GIO,15.0,1.0,clear_violation,331.0,82.0,223.3455110000000,100.0,0.1451610000000000,108,744,232.830867000000,249.0,1.3293170000000001,0.9592610000000000,0,0,0,1,0
2021,Turkish Grand Prix,FP2,GIO,23.0,1.0,clear_violation,324.0,71.0,207.69951900000001,100.0,0.1752190000000000,140,799,232.830867000000,249.0,1.3012049999999999,0.892062000000000,0,0,0,1,0
2021,Turkish Grand Prix,FP2,MSC,4.0,1.0,no_advantage,313.0,52.0,166.60907700000001,100.0,0.1286140000000000,129,1003,232.830867000000,249.0,1.2570280000000000,0.7155800000000000,0,0,0,1,0
2021,Turkish Grand Prix,FP2,MAZ,5.0,1.0,no_advantage,293.0,73.0,156.67878300000001,100.0,0.1450380000000000,152,1048,232.830867000000,249.0,1.176707000000000,0.6729300000000000,0,0,0,1,0
2021,Turkish Grand Prix,FP2,SAI,6.0,1.0,no_advantage,288.0,48.0,120.4638940000000,100.0,0.1021900000000000,140,1370,232.830867000000,249.0,1.1566270000000001,0.5173880000000000,0,0,0,1,0
2021,Turkish Grand Prix,FP2,TSU,15.0,9.0,no_advantage,305.0,68.0,192.2835100000000,100.0,0.111369000000000,96,862,232.830867000000,249.0,1.2249000000000001,0.8258510000000000,0,0,0,1,0
2021,Turkish Grand Prix,FP2,BOT,16.0,1.0,no_advantage,295.0,0.0,137.478261000000,100.0,0.2191670000000000,263,1200,232.830867000000,249.0,1.1847390000000000,0.5904640000000000,0,0,0,1,0
2021,Turkish Grand Prix,FP2,VER,15.0,7.0,no_advantage,304.0,85.0,214.5633500000000,100.0,0.1539460000000000,119,773,232.830867000000,249.0,1.2208840000000001,0.9215420000000000,0,0,0,1,0
2021,Turkish Grand Prix,FP3,STR,7.0,14.0,clear_violation,302.0,73.0,199.60641400000000,100.0,0.181159000000000,150,828,222.39910300000000,244.0,1.2377050000000001,0.8975140000000000,0,0,0,1,0
2021,Turkish Grand Prix,FP3,GIO,19.0,1.0,clear_violation,285.0,76.0,170.13260800000000,100.0,0.1917950000000000,187,975,222.39910300000000,244.0,1.1680330000000001,0.7649880000000000,0,0,0,1,0
2021,Turkish Grand Prix,FP3,GAS,3.0,11.0,no_advantage,267.0,65.0,151.2440550000000,100.0,0.12073700000000,131,1085,222.39910300000000,244.0,1.0942620000000001,0.6800570000000000,0,0,0,1,0
2021,Turkish Grand Prix,FP3,ALO,11.0,1.0,no_advantage,274.0,47.0,157.72263699999999,100.0,0.1724790000000000,183,1061,222.39910300000000,244.0,1.1229510000000000,0.7091870000000000,0,0,0,1,0
2021,Turkish Grand Prix,FP3,SAI,14.0,8.0,no_advantage,270.0,34.0,133.39377600000000,100.0,0.1168940000000000,146,1249,222.39910300000000,244.0,1.1065570000000000,0.5997950000000000,0,0,0,1,0
2021,Turkish Grand Prix,FP3,GIO,18.0,1.0,no_advantage,274.0,65.0,133.12207799999999,100.0,0.1698720000000000,212,1248,222.39910300000000,244.0,1.1229510000000000,0.5985730000000000,0,0,0,1,0
2021,Turkish Grand Prix,Q,HAM,2.0,1.0,clear_violation,311.0,85.0,207.1698580000000,100.0,0.195,156,800,249.55882399999999,256.0,1.21484400,0.8301440000000000,0,1,0,0,0
2021,Turkish Grand Prix,Q,HAM,6.0,1.0,clear_violation,302.0,78.0,192.7830790000000,100.0,0.176196000000000,151,857,249.55882399999999,256.0,1.1796880,0.7724960000000000,0,1,0,0,0
2021,Turkish Grand Prix,Q,VER,7.0,1.0,clear_violation,319.0,88.0,222.988205000000,100.0,0.1659810000000000,121,729,249.55882399999999,256.0,1.24609400,0.8935300000000000,0,1,0,0,0
2021,Turkish Grand Prix,Q,LEC,2.0,1.0,clear_violation,298.0,66.0,187.23587300000000,100.0,0.1864410000000000,165,885,249.55882399999999,256.0,1.1640620,0.7502670000000000,0,1,0,0,0
2021,Turkish Grand Prix,Q,LEC,3.0,1.0,clear_violation,324.0,84.0,215.25341800000001,100.0,0.165150000000000,127,769,249.55882399999999,256.0,1.265625,0.8625360000000000,0,1,0,0,0
2021,Turkish Grand Prix,Q,LEC,17.0,14.0,clear_violation,325.0,0.0,193.4290480000000,100.0,0.159488000000000,137,859,249.55882399999999,256.0,1.26953100,0.7750840000000000,0,1,0,0,0
2021,Turkish Grand Prix,Q,PER,12.0,1.0,clear_violation,301.0,0.0,146.42143200000001,100.0,0.279320000000000,312,1117,249.55882399999999,256.0,1.17578100,0.5867210000000000,0,1,0,0,0
2021,Turkish Grand Prix,Q,TSU,2.0,1.0,clear_violation,299.0,73.0,178.07937899999999,100.0,0.1905270000000000,177,929,249.55882399999999,256.0,1.16796900,0.7135770000000000,0,1,0,0,0
2021,Turkish Grand Prix,Q,VET,7.0,1.0,clear_violation,303.0,83.0,188.14343600000001,100.0,0.2157770000000000,186,862,249.55882399999999,256.0,1.18359400,0.7539040000000000,0,1,0,0,0
2021,Turkish Grand Prix,Q,RUS,19.0,14.0,clear_violation,316.0,88.0,219.4777000000000,100.0,0.1591510000000000,120,754,249.55882399999999,256.0,1.234375,0.879463000000000,0,1,0,0,0
2021,Turkish Grand Prix,Q,MSC,2.0,1.0,clear_violation,301.0,72.0,192.73649700000001,100.0,0.1832950000000000,158,862,249.55882399999999,256.0,1.17578100,0.7723090000000000,0,1,0,0,0
2021,Turkish Grand Prix,Q,SAI,2.0,1.0,clear_violation,309.0,0.0,165.24090200000001,100.0,0.1880600000000000,189,1005,249.55882399999999,256.0,1.20703100,0.6621320000000001,0,1,0,0,0
2021,Turkish Grand Prix,Q,SAI,3.0,1.0,clear_violation,320.0,76.0,212.39739100000000,100.0,0.1641030000000000,128,780,249.55882399999999,256.0,1.25,0.8510910000000000,0,1,0,0,0
2021,Turkish Grand Prix,Q,LAT,8.0,1.0,clear_violation,305.0,73.0,196.18479199999999,100.0,0.1862980000000000,155,832,249.55882399999999,256.0,1.19140600,0.786126000000000,0,1,0,0,0
2021,Turkish Grand Prix,Q,GIO,2.0,1.0,clear_violation,300.0,50.0,177.1462590000000,100.0,0.1965810000000000,184,936,249.55882399999999,256.0,1.171875,0.7098380000000000,0,1,0,0,0
2021,Turkish Grand Prix,Q,RAI,2.0,1.0,clear_violation,298.0,29.0,177.57823200000001,100.0,0.1837610000000000,172,936,249.55882399999999,256.0,1.1640620,0.7115690000000000,0,1,0,0,0
2021,Turkish Grand Prix,Q,RAI,3.0,1.0,clear_violation,304.0,72.0,178.7393870000000,100.0,0.2257020000000000,209,926,249.55882399999999,256.0,1.1875,0.7162210000000000,0,1,0,0,0
2021,Turkish Grand Prix,Q,RAI,5.0,1.0,clear_violation,301.0,28.0,161.90074600000000,100.0,0.2138670000,219,1024,249.55882399999999,256.0,1.17578100,0.6487480000000000,0,1,0,0,0
2021,Turkish Grand Prix,Q,MAZ,2.0,1.0,clear_violation,303.0,65.0,193.41813600000000,100.0,0.2137850000000000,183,856,249.55882399999999,256.0,1.18359400,0.7750400000000000,0,1,0,0,0
2021,Turkish Grand Prix,Q,MAZ,8.0,1.0,clear_violation,304.0,58.0,179.89298800000000,100.0,0.1955560000000000,176,900,249.55882399999999,256.0,1.1875,0.7208440000000000,0,1,0,0,0
2021,Turkish Grand Prix,Q,SAI,1.0,1.0,no_advantage,269.0,9.0,126.181349000000,100.0,0.1622950000000000,198,1220,249.55882399999999,256.0,1.05078100,0.5056180000000000,0,1,0,0,0
2021,Turkish Grand Prix,Q,TSU,4.0,1.0,no_advantage,286.0,72.0,152.82573800000000,100.0,0.1597410000000000,173,1083,249.55882399999999,256.0,1.1171880,0.6123840000000000,0,1,0,0,0
2021,Turkish Grand Prix,Q,MAZ,7.0,1.0,no_advantage,301.0,0.0,103.86619600000000,104.0,0.2809130000000000,443,1577,249.55882399999999,256.0,1.17578100,0.41619899999999999,0,1,0,0,0
2021,Turkish Grand Prix,Q,LEC,17.0,14.0,no_advantage,325.0,0.0,193.4290480000000,100.0,0.159488000000000,137,859,249.55882399999999,256.0,1.26953100,0.7750840000000000,0,1,0,0,0
2021,Turkish Grand Prix,Q,STR,16.0,1.0,no_advantage,293.0,48.0,154.55819600000001,100.0,0.2072830000000000,222,1071,249.55882399999999,256.0,1.14453100,0.6193260000000000,0,1,0,0,0
2021,Turkish Grand Prix,R,SAI,14.0,12.0,no_advantage,308.0,65.0,201.5594000000000,100.0,0.1990290000000000,164,824,236.52440100000001,245.0,1.2571429999999999,0.8521720000000000,0,0,1,0,0
2021,Turkish Grand Prix,R,VET,36.0,7.0,no_advantage,306.0,69.0,193.36321400000000,100.0,0.2079910000000000,177,851,236.52440100000001,245.0,1.2489800000000000,0.8175190000000000,0,0,1,0,0
2021,United States Grand Prix,FP1,RIC,3.0,9.0,clear_violation,323.0,74.0,200.461694000000,100.0,0.167644000000000,143,853,202.1625440000000,214.0,1.5093460000000001,0.9915870000000000,0,0,0,1,0
2021,United States Grand Prix,FP1,RIC,4.0,9.0,clear_violation,269.0,62.0,146.96823100000000,99.0,0.0952790000000000,111,1165,202.1625440000000,214.0,1.2570090000000000,0.7269810000000000,0,0,0,1,0
2021,United States Grand Prix,FP1,RIC,11.0,19.0,clear_violation,321.0,74.0,203.7474350000000,99.0,0.178359000000000,150,841,202.1625440000000,214.0,1.5,1.0078400000000001,0,0,0,1,0
2021,United States Grand Prix,FP1,NOR,10.0,19.0,clear_violation,318.0,64.0,199.9073920000000,100.0,0.169965000000000,146,859,202.1625440000000,214.0,1.485981000000000,0.9888450000000000,0,0,0,1,0
2021,United States Grand Prix,FP1,VET,8.0,9.0,clear_violation,320.0,72.0,203.5688250000000,100.0,0.187872000000000,158,841,202.1625440000000,214.0,1.4953270000000001,1.0069560000000000,0,0,0,1,0
2021,United States Grand Prix,FP1,RAI,2.0,9.0,clear_violation,321.0,72.0,196.5837140000000,100.0,0.1791040000000000,156,871,202.1625440000000,214.0,1.5,0.9724040000000000,0,0,0,1,0
2021,United States Grand Prix,FP1,MAZ,6.0,19.0,clear_violation,318.0,45.0,191.7638090000000,100.0,0.2165180000000000,194,896,202.1625440000000,214.0,1.485981000000000,0.9485630000000000,0,0,0,1,0
2021,United States Grand Prix,FP1,MAZ,8.0,19.0,clear_violation,318.0,72.0,193.9331760000000,100.0,0.2395010000000000,211,881,202.1625440000000,214.0,1.485981000000000,0.9592930000000000,0,0,0,1,0
2021,United States Grand Prix,FP1,MAZ,14.0,19.0,clear_violation,299.0,69.0,186.18784700000000,100.0,0.2210180000000000,204,923,202.1625440000000,214.0,1.397196000000000,0.9209810000000000,0,0,0,1,0
2021,United States Grand Prix,FP1,GAS,3.0,9.0,clear_violation,317.0,74.0,199.6184450000000,100.0,0.1590640000000000,136,855,202.1625440000000,214.0,1.4813080000000001,0.9874160000000000,0,0,0,1,0
2021,United States Grand Prix,FP1,PER,5.0,9.0,clear_violation,314.0,55.0,168.63180800000001,100.0,0.1668310000000000,169,1013,202.1625440000000,214.0,1.4672900000000000,0.834140000000000,0,0,0,1,0
2021,United States Grand Prix,FP1,PER,6.0,9.0,clear_violation,317.0,69.0,193.83004099999999,100.0,0.1900450000000000,168,884,202.1625440000000,214.0,1.4813080000000001,0.9587830000000001,0,0,0,1,0
2021,United States Grand Prix,FP1,PER,11.0,19.0,clear_violation,315.0,73.0,204.5574290000000,100.0,0.1599050000000000,134,838,202.1625440000000,214.0,1.47196300000000,1.0118460000000000,0,0,0,1,0
2021,United States Grand Prix,FP1,PER,14.0,9.0,clear_violation,295.0,73.0,192.59563199999999,100.0,0.1732280000000000,154,889,202.1625440000000,214.0,1.3785050000000001,0.9526770000000000,0,0,0,1,0
2021,United States Grand Prix,FP1,PER,16.0,19.0,clear_violation,296.0,71.0,192.09720400000000,100.0,0.1840630000000000,164,891,202.1625440000000,214.0,1.3831780000000000,0.9502119999999999,0,0,0,1,0
2021,United States Grand Prix,FP1,STR,4.0,9.0,clear_violation,316.0,70.0,199.2026090000000,100.0,0.2202800000000000,189,858,202.1625440000000,214.0,1.4766360000000001,0.985359000000000,0,0,0,1,0
2021,United States Grand Prix,FP1,STR,13.0,9.0,clear_violation,320.0,74.0,200.95307299999999,100.0,0.2329410000000000,198,850,202.1625440000000,214.0,1.4953270000000001,0.9940170000000000,0,0,0,1,0
2021,United States Grand Prix,FP1,TSU,11.0,19.0,clear_violation,316.0,70.0,201.43414100000001,100.0,0.1699880000000000,145,853,202.1625440000000,214.0,1.4766360000000001,0.9963970000000000,0,0,0,1,0
2021,United States Grand Prix,FP1,TSU,14.0,19.0,clear_violation,316.0,73.0,201.35389499999999,100.0,0.1647060000000000,140,850,202.1625440000000,214.0,1.4766360000000001,0.9960000000000000,0,0,0,1,0
2021,United States Grand Prix,FP1,TSU,21.0,19.0,clear_violation,323.0,67.0,188.50287700000001,100.0,0.1980090000000000,179,904,202.1625440000000,214.0,1.5093460000000001,0.9324320000000000,0,0,0,1,0
2021,United States Grand Prix,FP1,OCO,4.0,9.0,clear_violation,313.0,74.0,198.60908000000001,100.0,0.2006960000000000,173,862,202.1625440000000,214.0,1.4626170000000001,0.9824230000000000,0,0,0,1,0
2021,United States Grand Prix,FP1,OCO,16.0,9.0,clear_violation,311.0,73.0,201.9900880000000,100.0,0.1863210000000000,158,848,202.1625440000000,214.0,1.4532710000000000,0.9991470000000000,0,0,0,1,0
2021,United States Grand Prix,FP1,VER,13.0,19.0,clear_violation,295.0,66.0,190.2476940000000,100.0,0.1809100000000000,163,901,202.1625440000000,214.0,1.3785050000000001,0.9410630000000000,0,0,0,1,0
2021,United States Grand Prix,FP1,SAI,7.0,19.0,clear_violation,318.0,73.0,201.3489680000000,100.0,0.1711610000000000,146,853,202.1625440000000,214.0,1.485981000000000,0.99597600000000,0,0,0,1,0
2021,United States Grand Prix,FP2,VET,7.0,19.0,clear_violation,293.0,76.0,192.9208950000000,100.0,0.1724920000000000,153,887,202.00511499999999,216.0,1.3564810000000000,0.9550300000000000,0,0,0,1,0
2021,United States Grand Prix,FP2,VET,25.0,9.0,clear_violation,297.0,70.0,191.65361100000001,100.0,0.1912630000000000,162,847,202.00511499999999,216.0,1.375,0.9487560000000000,0,0,0,1,0
2021,United States Grand Prix,FP2,LAT,2.0,19.0,clear_violation,317.0,75.0,199.21232400000000,100.0,0.1916380000000000,165,861,202.00511499999999,216.0,1.4675929999999999,0.9861750000000000,0,0,0,1,0
2021,United States Grand Prix,FP2,RAI,20.0,9.0,clear_violation,328.0,66.0,191.5541330000000,100.0,0.2273260000000000,193,849,202.00511499999999,216.0,1.5185190000000000,0.948264000000000,0,0,0,1,0
2021,United States Grand Prix,FP2,RAI,22.0,19.0,clear_violation,301.0,69.0,190.75461300000001,100.0,0.2041050000000000,179,877,202.00511499999999,216.0,1.3935190000000000,0.944306000000000,0,0,0,1,0
2021,United States Grand Prix,FP2,RAI,24.0,9.0,clear_violation,301.0,68.0,191.1513300000000,100.0,0.203125,182,896,202.00511499999999,216.0,1.3935190000000000,0.9462699999999999,0,0,0,1,0
2021,United States Grand Prix,FP2,MAZ,4.0,19.0,clear_violation,326.0,75.0,198.46627899999999,100.0,0.2209300000000000,190,860,202.00511499999999,216.0,1.5092589999999999,0.9824810000000000,0,0,0,1,0
2021,United States Grand Prix,FP2,MAZ,6.0,19.0,clear_violation,321.0,73.0,196.9769840000000,100.0,0.2096770000000000,182,868,202.00511499999999,216.0,1.4861110000000000,0.975109000000000,0,0,0,1,0
2021,United States Grand Prix,FP2,MAZ,16.0,19.0,clear_violation,298.0,69.0,189.50171399999999,100.0,0.225,198,880,202.00511499999999,216.0,1.3796299999999999,0.9381040000000000,0,0,0,1,0
2021,United States Grand Prix,FP2,MAZ,19.0,19.0,clear_violation,298.0,64.0,184.2076350000000,100.0,0.1842720000000000,157,852,202.00511499999999,216.0,1.3796299999999999,0.9118960000000000,0,0,0,1,0
2021,United States Grand Prix,FP2,GAS,22.0,19.0,clear_violation,297.0,65.0,188.9104680000000,100.0,0.1706210000000000,151,885,202.00511499999999,216.0,1.375,0.9351770000000000,0,0,0,1,0
2021,United States Grand Prix,FP2,PER,22.0,9.0,clear_violation,295.0,73.0,189.8944580000000,100.0,0.1932200000000000,171,885,202.00511499999999,216.0,1.3657410000000001,0.9400480000000000,0,0,0,1,0
2021,United States Grand Prix,FP2,ALO,2.0,9.0,clear_violation,324.0,76.0,203.79134199999999,100.0,0.1821430000000000,153,840,202.00511499999999,216.0,1.5,1.0088420000000000,0,0,0,1,0
2021,United States Grand Prix,FP2,LEC,5.0,9.0,clear_violation,320.0,77.0,203.16409200000001,100.0,0.1876480000000000,158,842,202.00511499999999,216.0,1.4814810000000000,1.0057370000000001,0,0,0,1,0
2021,United States Grand Prix,FP2,LEC,11.0,19.0,clear_violation,319.0,75.0,204.21995899999999,100.0,0.1923540000000000,161,837,202.00511499999999,216.0,1.4768520000000001,1.0109640000000000,0,0,0,1,0
2021,United States Grand Prix,FP2,LEC,16.0,9.0,clear_violation,299.0,70.0,193.4684350000000,100.0,0.2271660000000000,194,854,202.00511499999999,216.0,1.3842589999999999,0.957740000000000,0,0,0,1,0
2021,United States Grand Prix,FP2,STR,15.0,19.0,clear_violation,296.0,69.0,190.5166190000000,100.0,0.1763390000000000,158,896,202.00511499999999,216.0,1.3703700000000001,0.9431280000000000,0,0,0,1,0
2021,United States Grand Prix,FP2,TSU,10.0,19.0,clear_violation,316.0,72.0,202.57946699999999,100.0,0.1621300000000000,137,845,202.00511499999999,216.0,1.462963000000000,1.0028429999999999,0,0,0,1,0
2021,United States Grand Prix,FP2,TSU,18.0,19.0,clear_violation,297.0,68.0,189.364231000000,100.0,0.16878600000000,146,865,202.00511499999999,216.0,1.375,0.9374230000000000,0,0,0,1,0
2021,United States Grand Prix,FP2,TSU,19.0,9.0,clear_violation,298.0,67.0,189.54148900000001,100.0,0.1724140000000000,150,870,202.00511499999999,216.0,1.3796299999999999,0.9383000000000000,0,0,0,1,0
2021,United States Grand Prix,FP2,OCO,19.0,9.0,clear_violation,298.0,68.0,188.37060600000001,100.0,0.1969340000000000,167,848,202.00511499999999,216.0,1.3796299999999999,0.9325040000000000,0,0,0,1,0
2021,United States Grand Prix,FP2,HAM,7.0,19.0,clear_violation,319.0,75.0,206.86861999999999,100.0,0.1717050000000000,142,827,202.00511499999999,216.0,1.4768520000000001,1.024076000000000,0,0,0,1,0
2021,United States Grand Prix,FP2,MSC,2.0,19.0,clear_violation,326.0,75.0,200.10402700000000,100.0,0.2002340000000000,171,854,202.00511499999999,216.0,1.5092589999999999,0.9905890000000001,0,0,0,1,0
2021,United States Grand Prix,FP2,BOT,20.0,9.0,clear_violation,322.0,67.0,188.2295850000000,100.0,0.2324770000000000,199,856,202.00511499999999,216.0,1.4907410000000001,0.9318060000000000,0,0,0,1,0
2021,United States Grand Prix,FP2,VER,3.0,20.0,no_advantage,265.0,51.0,138.66575499999999,100.0,0.2163500000000000,262,1211,202.00511499999999,216.0,1.2268520000000001,0.6864470000000000,0,0,0,1,0
2021,United States Grand Prix,FP2,MSC,3.0,1.0,no_advantage,284.0,50.0,123.4820360000000,100.0,0.1349780000000000,186,1378,202.00511499999999,216.0,1.3148150000000001,0.6112820000000000,0,0,0,1,0
2021,United States Grand Prix,FP2,OCO,5.0,1.0,no_advantage,269.0,56.0,121.75870399999999,100.0,0.0826740000000000,115,1391,202.00511499999999,216.0,1.2453700000000001,0.6027510000000000,0,0,0,1,0
2021,United States Grand Prix,FP2,NOR,4.0,11.0,no_advantage,270.0,48.0,129.86846000000000,100.0,0.1069800000000000,141,1318,202.00511499999999,216.0,1.25,0.642897000000000,0,0,0,1,0
2021,United States Grand Prix,FP3,RAI,10.0,9.0,clear_violation,321.0,70.0,202.13151900000000,100.0,0.1877990000000000,157,836,201.76315800000000,217.0,1.4792630000000000,1.0018260000000001,0,0,0,1,0
2021,United States Grand Prix,FP3,RAI,19.0,9.0,clear_violation,321.0,68.0,202.3307420000000,100.0,0.1900830000000000,161,847,201.76315800000000,217.0,1.4792630000000000,1.0028130000000000,0,0,0,1,0
2021,United States Grand Prix,FP3,MAZ,2.0,19.0,clear_violation,317.0,69.0,198.7663140000000,100.0,0.2046510000000000,176,860,201.76315800000000,217.0,1.4608289999999999,0.9851470000000000,0,0,0,1,0
2021,United States Grand Prix,FP3,MAZ,9.0,9.0,clear_violation,318.0,70.0,201.41573800000000,100.0,0.2058820000000000,175,850,201.76315800000000,217.0,1.4654380000000000,0.9982780000000000,0,0,0,1,0
2021,United States Grand Prix,FP3,MAZ,12.0,19.0,clear_violation,319.0,68.0,201.63304500000001,100.0,0.2084810000000000,177,849,201.76315800000000,217.0,1.4700460000000000,0.9993550000000000,0,0,0,1,0
2021,United States Grand Prix,FP3,GAS,4.0,9.0,clear_violation,322.0,70.0,203.0217710000000,100.0,0.1584040000000000,131,827,201.76315800000000,217.0,1.4838709999999999,1.0062380000000000,0,0,0,1,0
2021,United States Grand Prix,FP3,LEC,10.0,19.0,clear_violation,320.0,74.0,205.61654999999999,100.0,0.1872750000000000,156,833,201.76315800000000,217.0,1.4746539999999999,1.0190990000000000,0,0,0,1,0
2021,United States Grand Prix,FP3,STR,2.0,9.0,clear_violation,312.0,75.0,201.93400500000001,100.0,0.1975610000000000,162,820,201.76315800000000,217.0,1.4377880000000001,1.0008470000000000,0,0,0,1,0
2021,United States Grand Prix,FP3,TSU,2.0,9.0,clear_violation,312.0,64.0,200.1085660000000,100.0,0.1609060000000000,135,839,201.76315800000000,217.0,1.4377880000000001,0.9917990000000000,0,0,0,1,0
2021,United States Grand Prix,FP3,VER,9.0,19.0,clear_violation,315.0,73.0,208.014925000000,100.0,0.1699030000000000,140,824,201.76315800000000,217.0,1.4516130000000000,1.0309860000000000,0,0,0,1,0
2021,United States Grand Prix,FP3,HAM,12.0,9.0,clear_violation,318.0,73.0,207.6370930000000,100.0,0.1709090000000000,141,825,201.76315800000000,217.0,1.4654380000000000,1.0291129999999999,0,0,0,1,0
2021,United States Grand Prix,FP3,MSC,12.0,19.0,clear_violation,318.0,73.0,195.19181900000001,100.0,0.2015950000000000,177,878,201.76315800000000,217.0,1.4654380000000000,0.9674300000000000,0,0,0,1,0
2021,United States Grand Prix,FP3,BOT,2.0,19.0,clear_violation,312.0,74.0,205.5698850000000,100.0,0.1739660000000000,143,822,201.76315800000000,217.0,1.4377880000000001,1.0188670000000000,0,0,0,1,0
2021,United States Grand Prix,Q,PER,8.0,19.0,clear_violation,318.0,72.0,208.3117160000000,100.0,0.1652590000000000,137,829,209.23391799999999,219.0,1.452055000000000,0.9955920000000000,0,1,0,0,0
2021,United States Grand Prix,Q,RIC,5.0,9.0,clear_violation,324.0,73.0,207.7439780000000,99.0,0.1672680000000000,139,831,209.23391799999999,219.0,1.4794520000000000,0.9928790000000000,0,1,0,0,0
2021,United States Grand Prix,Q,RUS,10.0,9.0,clear_violation,322.0,73.0,205.0493000000000,100.0,0.2054630000000000,173,842,209.23391799999999,219.0,1.4703200000000001,0.9800000000000000,0,1,0,0,0
2021,United States Grand Prix,Q,STR,4.0,19.0,clear_violation,318.0,75.0,203.9299810000000,100.0,0.2045180000000000,172,841,209.23391799999999,219.0,1.452055000000000,0.9746510000000000,0,1,0,0,0
2021,United States Grand Prix,Q,RAI,3.0,19.0,clear_violation,326.0,72.0,203.6564650000000,100.0,0.1869050000000000,157,840,209.23391799999999,219.0,1.4885839999999999,0.973343000000000,0,1,0,0,0
2021,United States Grand Prix,Q,MAZ,2.0,19.0,clear_violation,320.0,71.0,200.26716099999999,100.0,0.2096020000000000,179,854,209.23391799999999,219.0,1.461187000000000,0.957145000000000,0,1,0,0,0
2021,United States Grand Prix,Q,MAZ,8.0,3.0,no_advantage,292.0,66.0,159.69818500000000,100.0,0.190253000000000,203,1067,209.23391799999999,219.0,1.3333330000000001,0.7632520000000000,0,1,0,0,0
2021,United States Grand Prix,Q,MAZ,8.0,15.0,no_advantage,292.0,66.0,159.69818500000000,100.0,0.190253000000000,203,1067,209.23391799999999,219.0,1.3333330000000001,0.7632520000000000,0,1,0,0,0
2021,United States Grand Prix,R,VER,4.0,19.0,clear_violation,319.0,69.0,193.44980799999999,100.0,0.2045710000000000,179,875,202.684,212.0,1.5047170000000001,0.9544400000000000,0,0,1,0,0
2021,United States Grand Prix,R,PER,13.0,19.0,clear_violation,296.0,0.0,161.28638599999999,100.0,0.2124650000000000,225,1059,202.684,212.0,1.3962260000000000,0.7957530000000000,0,0,1,0,0
2021,United States Grand Prix,R,TSU,11.0,9.0,clear_violation,316.0,66.0,191.43069600000001,100.0,0.1858900000000000,166,893,202.684,212.0,1.490566000000000,0.9444790000000000,0,0,1,0,0
2021,United States Grand Prix,R,VET,51.0,19.0,clear_violation,292.0,67.0,192.99175800000000,100.0,0.201804000000000,179,887,202.684,212.0,1.3773580000000001,0.952181000000000,0,0,1,0,0
2021,United States Grand Prix,R,VET,55.0,19.0,clear_violation,295.0,69.0,192.98433199999999,100.0,0.1869370000000000,166,888,202.684,212.0,1.3915090000000001,0.9521440000000000,0,0,1,0,0
2021,United States Grand Prix,R,GIO,28.0,9.0,clear_violation,302.0,72.0,194.5346510000000,100.0,0.204778000000000,180,879,202.684,212.0,1.4245280000000000,0.9597930000000,0,0,1,0,0
2021,United States Grand Prix,R,STR,21.0,9.0,clear_violation,295.0,65.0,189.8663220000000,100.0,0.2073170000000000,187,902,202.684,212.0,1.3915090000000001,0.936760000000000,0,0,1,0,0
2021,United States Grand Prix,R,STR,29.0,9.0,clear_violation,327.0,62.0,188.8868450000000,100.0,0.2375690000000000,215,905,202.684,212.0,1.5424530000000001,0.9319280000000000,0,0,1,0,0
2021,United States Grand Prix,R,STR,47.0,9.0,clear_violation,296.0,63.0,193.10662900000000,100.0,0.2101690000000000,186,885,202.684,212.0,1.3962260000000000,0.952747000000000,0,0,1,0,0
2021,United States Grand Prix,R,RAI,13.0,9.0,clear_violation,306.0,0.0,159.69748999999999,100.0,0.2469600000000000,264,1069,202.684,212.0,1.4433959999999999,0.7879140000000000,0,0,1,0,0
2021,United States Grand Prix,R,RAI,16.0,1.0,clear_violation,313.0,64.0,188.62101799999999,100.0,0.2373070000000000,215,906,202.684,212.0,1.4764150000000000,0.9306160000000000,0,0,1,0,0
2021,United States Grand Prix,R,RAI,33.0,19.0,clear_violation,340.0,55.0,189.95051699999999,100.0,0.2449660000000000,219,894,202.684,212.0,1.6037740000000000,0.9371760000000000,0,0,1,0,0
2021,United States Grand Prix,R,RAI,40.0,19.0,clear_violation,311.0,67.0,192.0935610000000,100.0,0.2294710000000000,204,889,202.684,212.0,1.4669810000000001,0.9477490000000000,0,0,1,0,0
2021,United States Grand Prix,R,RUS,14.0,19.0,clear_violation,297.0,69.0,188.48061200000001,100.0,0.2293270000000000,208,907,202.684,212.0,1.400943000000000,0.9299230000000001,0,0,1,0,0
2021,United States Grand Prix,R,RUS,40.0,9.0,clear_violation,299.0,69.0,191.2579910000000,100.0,0.2069350000000000,185,894,202.684,212.0,1.4103770000000000,0.943626000000000,0,0,1,0,0
2021,United States Grand Prix,R,LAT,55.0,9.0,clear_violation,302.0,66.0,188.4225020000000,100.0,0.2,181,905,202.684,212.0,1.4245280000000000,0.9296370000000000,0,0,1,0,0
2021,United States Grand Prix,R,MSC,46.0,19.0,clear_violation,300.0,67.0,192.21241000000001,100.0,0.206047000000000,184,893,202.684,212.0,1.4150940000000001,0.9483350000000000,0,0,1,0,0
2021,United States Grand Prix,R,MAZ,5.0,19.0,clear_violation,298.0,67.0,186.8723620000000,100.0,0.2241760000000000,204,910,202.684,212.0,1.4056599999999999,0.9219889999999999,0,0,1,0,0
2021,United States Grand Prix,R,MAZ,30.0,19.0,clear_violation,323.0,70.0,180.99150599999999,100.0,0.240506000000000,228,948,202.684,212.0,1.5235850000000000,0.892974000000000,0,0,1,0,0
2021,United States Grand Prix,R,MAZ,39.0,9.0,clear_violation,298.0,63.0,184.2659270000000,100.0,0.2623660000000000,244,930,202.684,212.0,1.4056599999999999,0.9091290000000000,0,0,1,0,0
2021,United States Grand Prix,R,OCO,6.0,1.0,clear_violation,297.0,67.0,186.6804950000000,100.0,0.2050160000000000,188,917,202.684,212.0,1.400943000000000,0.9210420000000000,0,0,1,0,0
2021,United States Grand Prix,R,GAS,11.0,9.0,clear_violation,308.0,0.0,159.47015900000000,100.0,0.2070900000000000,222,1072,202.684,212.0,1.4528300000000001,0.7867920000000000,0,0,1,0,0
2022,Abu Dhabi Grand Prix,Q,PER,11.0,1.0,clear_violation,331.0,66.0,220.3868050000000,100.0,0.1236310000000000,79,639,217.8080810000000,227.0,1.4581500000000001,1.0118389999999999,0,1,0,0,1
2022,Abu Dhabi Grand Prix,Q,ALB,5.0,1.0,clear_violation,330.0,65.0,216.49900800000000,100.0,0.1721560000000000,115,668,217.8080810000000,227.0,1.4537439999999999,0.9939900000000000,0,1,0,0,1
2022,Abu Dhabi Grand Prix,R,LEC,6.0,1.0,clear_violation,303.0,62.0,206.13500300000001,100.0,0.1673640000000000,120,717,209.2049860000000,217.0,1.3963129999999999,0.9853250000000000,0,0,1,0,1
2022,Abu Dhabi Grand Prix,R,PER,14.0,1.0,clear_violation,305.0,64.0,204.4484950000000,100.0,0.1539570000000000,107,695,209.2049860000000,217.0,1.4055299999999999,0.9772640000000000,0,0,1,0,1
2022,Abu Dhabi Grand Prix,R,PER,38.0,1.0,clear_violation,307.0,67.0,208.48873499999999,100.0,0.1547450000000000,106,685,209.2049860000000,217.0,1.4147470000000000,0.9965760000000000,0,0,1,0,1
2022,Abu Dhabi Grand Prix,R,SAI,5.0,1.0,clear_violation,312.0,56.0,202.92216600000000,100.0,0.2140850000000000,152,710,209.2049860000000,217.0,1.4377880000000001,0.9699680000000001,0,0,1,0,1
2022,Abu Dhabi Grand Prix,R,SAI,25.0,1.0,clear_violation,309.0,63.0,206.8619000000000,100.0,0.1657140000000000,116,700,209.2049860000000,217.0,1.423963000000000,0.9888000000000000,0,0,1,0,1
2022,Abu Dhabi Grand Prix,R,RUS,28.0,1.0,clear_violation,299.0,65.0,208.51651500000,100.0,0.157819000000000,110,697,209.2049860000000,217.0,1.3778800000000000,0.9967090000000000,0,0,1,0,1
2022,Abu Dhabi Grand Prix,R,NOR,5.0,1.0,clear_violation,320.0,60.0,201.9437840000000,100.0,0.2112680000000000,150,710,209.2049860000000,217.0,1.4746539999999999,0.9652910000000000,0,0,1,0,1
2022,Abu Dhabi Grand Prix,R,NOR,42.0,1.0,clear_violation,300.0,56.0,198.78133500000001,100.0,0.2027970000000000,145,715,209.2049860000000,217.0,1.3824879999999999,0.9501750000000000,0,0,1,0,1
2022,Abu Dhabi Grand Prix,R,STR,15.0,1.0,clear_violation,299.0,61.0,203.70638099999999,100.0,0.1707320000000000,119,697,209.2049860000000,217.0,1.3778800000000000,0.9737170000000001,0,0,1,0,1
2022,Abu Dhabi Grand Prix,R,STR,43.0,9.0,clear_violation,322.0,57.0,201.51749599999999,100.0,0.2152970000000000,152,706,209.2049860000000,217.0,1.4838709999999999,0.9632540000000001,0,0,1,0,1
2022,Abu Dhabi Grand Prix,R,VET,8.0,9.0,clear_violation,323.0,60.0,201.133675000000,100.0,0.201418000000000,142,705,209.2049860000000,217.0,1.4884790000000001,0.961419000000000,0,0,1,0,1
2022,Abu Dhabi Grand Prix,R,VET,15.0,1.0,clear_violation,300.0,58.0,204.14290399999999,100.0,0.1822030000000000,129,708,209.2049860000000,217.0,1.3824879999999999,0.9758030000000000,0,0,1,0,1
2022,Abu Dhabi Grand Prix,R,ZHO,38.0,1.0,clear_violation,302.0,68.0,204.23094599999999,100.0,0.1789770000000000,126,704,209.2049860000000,217.0,1.391705000000000,0.9762240000000000,0,0,1,0,1
2022,Abu Dhabi Grand Prix,R,ALB,33.0,3.0,clear_violation,313.0,63.0,202.82074200000000,100.0,0.1757140000000000,123,700,209.2049860000000,217.0,1.4423960000000000,0.9694830000000000,0,0,1,0,1
2022,Abu Dhabi Grand Prix,R,GAS,17.0,16.0,clear_violation,306.0,64.0,207.70573999999999,100.0,0.1514290000000000,106,700,209.2049860000000,217.0,1.4101379999999999,0.9928340000000000,0,0,1,0,1
2022,Abu Dhabi Grand Prix,R,GAS,18.0,16.0,clear_violation,303.0,63.0,206.8732340000000,100.0,0.1459230000000000,102,699,209.2049860000000,217.0,1.3963129999999999,0.9888540000000000,0,0,1,0,1
2022,Abu Dhabi Grand Prix,R,GAS,22.0,3.0,clear_violation,310.0,60.0,204.4137500000000,100.0,0.1576700000000000,111,704,209.2049860000000,217.0,1.4285710000000000,0.9770980000000000,0,0,1,0,1
2022,Abu Dhabi Grand Prix,R,GAS,57.0,6.0,clear_violation,323.0,75.0,201.2238960000000,100.0,0.1870600000000000,133,711,209.2049860000000,217.0,1.4884790000000001,0.96185000000000,0,0,1,0,1
2022,Abu Dhabi Grand Prix,R,MSC,2.0,1.0,clear_violation,300.0,62.0,199.43740000000000,100.0,0.1960230000000000,138,704,209.2049860000000,217.0,1.3824879999999999,0.9533110000000000,0,0,1,0,1
2022,Abu Dhabi Grand Prix,R,MAG,19.0,3.0,clear_violation,301.0,65.0,197.74653100000000,100.0,0.1763890000000000,127,720,209.2049860000000,217.0,1.3870970000000000,0.9452290000000000,0,0,1,0,1
2022,Abu Dhabi Grand Prix,R,MAG,53.0,1.0,clear_violation,302.0,65.0,203.16261299999999,100.0,0.1741650000000000,120,689,209.2049860000000,217.0,1.391705000000000,0.9711170000000000,0,0,1,0,1
2022,Abu Dhabi Grand Prix,R,HAM,7.0,1.0,clear_violation,304.0,62.0,204.3055490000000,100.0,0.1790390000000000,123,687,209.2049860000000,217.0,1.400922000000000,0.9765810000000000,0,0,1,0,1
2022,Abu Dhabi Grand Prix,R,HAM,12.0,1.0,clear_violation,300.0,66.0,203.3071980000000,100.0,0.1712230000000000,119,695,209.2049860000000,217.0,1.3824879999999999,0.9718090000000000,0,0,1,0,1
2022,Abu Dhabi Grand Prix,R,HAM,51.0,1.0,clear_violation,303.0,63.0,206.80091700000000,100.0,0.1693670000000000,115,679,209.2049860000000,217.0,1.3963129999999999,0.9885090000000000,0,0,1,0,1
2022,Abu Dhabi Grand Prix,R,ALO,15.0,1.0,clear_violation,320.0,58.0,203.887679000000,100.0,0.193503000000000,137,708,209.2049860000000,217.0,1.4746539999999999,0.97458300000000,0,0,1,0,1
2022,Australian Grand Prix,FP2,RUS,5.0,1.0,no_advantage,314.0,51.0,196.3845710000000,100.0,0.1631800000000000,117,717,288.5585110000000,303.0,1.0363039999999999,0.6805710000000000,0,0,0,1,1
2022,Australian Grand Prix,FP2,HAM,6.0,12.0,no_advantage,313.0,74.0,214.0910020000000,100.0,0.1487730000000000,97,652,288.5585110000000,303.0,1.033003000000000,0.7419330000000000,0,0,0,1,1
2022,Australian Grand Prix,FP2,MSC,1.0,11.0,no_advantage,297.872182000000,0.0,162.9097870000000,100.0,0.1748010000000000,154,881,288.5585110000000,303.0,0.9830770000000000,0.564564000000000,0,0,0,1,1
2022,Australian Grand Prix,FP2,SAI,10.0,6.0,no_advantage,312.0,98.0,237.62587900000000,100.0,0.147458000000000,87,590,288.5585110000000,303.0,1.0297030000000000,0.823493000000000,0,0,0,1,1
2022,Australian Grand Prix,FP2,BOT,10.0,1.0,no_advantage,312.0,65.0,184.41398599999999,100.0,0.2112300000000000,158,748,288.5585110000000,303.0,1.0297030000000000,0.6390870000000000,0,0,0,1,1
2022,Australian Grand Prix,FP2,LAT,10.0,6.0,no_advantage,312.0,48.0,152.2549870000000,100.0,0.1918860000000000,175,912,288.5585110000000,303.0,1.0297030000000000,0.5276400000000000,0,0,0,1,1
2022,Australian Grand Prix,FP2,HAM,11.0,8.0,no_advantage,301.0,56.0,169.41039599999999,100.0,0.1914890000000000,162,846,288.5585110000000,303.0,0.9933990000000000,0.587092000000000,0,0,0,1,1
2022,Australian Grand Prix,FP2,OCO,13.0,10.0,no_advantage,321.0,95.0,236.52339000000001,100.0,0.1597340000000000,96,601,288.5585110000000,303.0,1.0594060000000001,0.8196720000000000,0,0,0,1,1
2022,Australian Grand Prix,FP2,SAI,23.0,13.0,no_advantage,303.0,63.0,217.37565900000001,100.0,0.1485450000000000,97,653,288.5585110000000,303.0,1.0,0.7533160000000000,0,0,0,1,1
2022,Australian Grand Prix,FP3,VER,13.0,6.0,no_advantage,324.0,0.0,174.50225499999999,100.0,0.2296110000000000,183,797,291.6439020000000,305.0,1.062295000000000,0.5983400000000000,0,0,0,1,1
2022,Australian Grand Prix,FP3,HAM,13.0,9.0,no_advantage,299.0,74.0,202.22461799999999,100.0,0.1966460000000000,129,656,291.6439020000000,305.0,0.980328000000000,0.6933960000000000,0,0,0,1,1
2022,Australian Grand Prix,FP3,SAI,16.0,10.0,no_advantage,298.0,85.0,156.11332300000001,100.0,0.1479420000000000,133,899,291.6439020000000,305.0,0.9770489999999999,0.5352870000000000,0,0,0,1,1
2022,Australian Grand Prix,FP3,NOR,12.0,10.0,no_advantage,310.0,67.0,189.8596830000000,100.0,0.1388100000000000,98,706,291.6439020000000,305.0,1.0163930000000001,0.650998000000000,0,0,0,1,1
2022,Australian Grand Prix,Q,TSU,14.0,11.0,clear_violation,317.0,32.0,192.8286370000000,100.0,0.1120820000000000,77,687,295.48605600000002,305.0,1.039344000000000,0.65258100000000,0,1,0,0,1
2022,Australian Grand Prix,Q,TSU,3.0,11.0,no_advantage,306.0,75.0,166.3477970000000,100.0,0.1152460000000000,96,833,295.48605600000002,305.0,1.0032790000000000,0.5629630000000000,0,1,0,0,1
2022,Australian Grand Prix,Q,TSU,3.0,10.0,no_advantage,306.0,75.0,166.3477970000000,100.0,0.1152460000000000,96,833,295.48605600000002,305.0,1.0032790000000000,0.5629630000000000,0,1,0,0,1
2022,Australian Grand Prix,Q,RUS,9.0,11.0,no_advantage,301.05817100000002,11.0,177.67288099999999,100.0,0.1492540000000000,120,804,295.48605600000002,305.0,0.9870760000000000,0.6012900000000000,0,1,0,0,1
2022,Australian Grand Prix,Q,SAI,21.0,6.0,no_advantage,315.0,95.0,235.22874400000001,100.0,0.1430950000000000,86,601,295.48605600000002,305.0,1.0327869999999999,0.7960739999999999,0,1,0,0,1
2022,Australian Grand Prix,R,LAT,8.0,4.0,no_advantage,313.0,87.0,215.05049900000000,100.0,0.1782480000000000,118,662,276.8078430000000,310.0,1.0096769999999999,0.7768950000000000,0,0,1,0,1
2022,Australian Grand Prix,R,VET,10.0,11.0,no_advantage,314.0,0.0,201.8213740000000,100.0,0.172028000000000,123,715,276.8078430000000,310.0,1.0129030000000001,0.7291029999999999,0,0,1,0,1
2022,Australian Grand Prix,R,MSC,11.0,11.0,no_advantage,310.0,81.0,215.60230999999999,100.0,0.1687120000000000,110,652,276.8078430000000,310.0,1.0,0.7788880000000000,0,0,1,0,1
2022,Australian Grand Prix,R,MAG,15.0,9.0,no_advantage,307.0,88.0,222.09828099999999,100.0,0.1534880000000000,99,645,276.8078430000000,310.0,0.9903230000000000,0.8023550000000000,0,0,1,0,1
2022,Australian Grand Prix,R,BOT,16.0,10.0,no_advantage,321.0,78.0,222.69800400000000,100.0,0.1774690000000000,115,648,276.8078430000000,310.0,1.0354840000000001,0.804522000000000,0,0,1,0,1
2022,Australian Grand Prix,R,MAG,50.0,2.0,no_advantage,307.0,88.0,223.2259470000000,100.0,0.1474360000000000,92,624,276.8078430000000,310.0,0.9903230000000000,0.8064290000000000,0,0,1,0,1
2022,Australian Grand Prix,R,PER,51.0,13.0,no_advantage,308.0,92.0,226.5594950000000,100.0,0.1384360000000000,85,614,276.8078430000000,310.0,0.9935480000000000,0.818472000000000,0,0,1,0,1
2022,Australian Grand Prix,R,GAS,53.0,13.0,no_advantage,305.0,56.0,219.41589400000001,100.0,0.1327300000000000,88,663,276.8078430000000,310.0,0.9838710000000001,0.7926650000000000,0,0,1,0,1
2022,Austrian Grand Prix,FP1,BOT,18.0,9.0,no_advantage,298.0,65.0,180.10687400000000,100.0,0.221311000000000,135,610,261.9409370000000,283.0,1.0530040000000001,0.6875860000000000,0,0,0,1,1
2022,Austrian Grand Prix,FP1,HAM,25.0,1.0,no_advantage,279.01000200,33.0,140.4807320000000,100.0,0.2088310000000000,175,838,261.9409370000000,283.0,0.9859010000000000,0.5363070000000000,0,0,0,1,1
2022,Austrian Grand Prix,FP2,LEC,18.0,3.0,no_advantage,293.0,65.0,221.2335590000000,100.0,0.1722850000000000,92,534,262.0344830000000,283.0,1.0353360000000000,0.8442920000000000,0,0,0,1,1
2022,Austrian Grand Prix,FP2,HAM,6.0,1.0,no_advantage,292.0,67.0,221.1908940000000,100.0,0.1623130000000000,87,536,262.0344830000000,283.0,1.0318020000000001,0.8441290000000000,0,0,0,1,1
2022,Austrian Grand Prix,Q,VER,2.0,10.0,clear_violation,323.0,70.0,234.23634799999999,100.0,0.1828790000000000,94,514,276.6592590000000,287.0,1.1254360000000001,0.8466600000000000,0,1,0,0,1
2022,Austrian Grand Prix,Q,VER,3.0,10.0,clear_violation,297.0,49.0,135.10822400000001,100.0,0.182648000000000,160,876,276.6592590000000,287.0,1.0348430000000000,0.48835600000000001,0,1,0,0,1
2022,Austrian Grand Prix,Q,SAI,2.0,10.0,clear_violation,318.0,71.0,232.56687500000001,100.0,0.1774190000000000,88,496,276.6592590000000,287.0,1.10801400000000,0.8406260000000000,0,1,0,0,1
2022,Austrian Grand Prix,Q,SAI,3.0,10.0,clear_violation,297.0,47.0,122.88135200000001,100.0,0.1995710000000000,186,932,276.6592590000000,287.0,1.0348430000000000,0.44416099999999997,0,1,0,0,1
2022,Austrian Grand Prix,Q,SAI,12.0,1.0,clear_violation,320.0,68.0,233.62760200000000,100.0,0.1734890000000000,89,513,276.6592590000000,287.0,1.1149830000000001,0.8444600000000000,0,1,0,0,1
2022,Austrian Grand Prix,Q,RUS,7.0,1.0,clear_violation,320.0,70.0,233.18465399999999,100.0,0.1339810000000000,69,515,276.6592590000000,287.0,1.1149830000000001,0.8428590000000000,0,1,0,0,1
2022,Austrian Grand Prix,Q,MAG,5.0,10.0,clear_violation,322.0,71.0,231.0921840000000,100.0,0.1783570000000000,89,499,276.6592590000000,287.0,1.1219509999999999,0.8352950000000000,0,1,0,0,1
2022,Austrian Grand Prix,Q,MSC,17.0,10.0,clear_violation,320.0,65.0,231.6125790000000,100.0,0.1646590000000000,82,498,276.6592590000000,287.0,1.1149830000000001,0.8371760000000000,0,1,0,0,1
2022,Austrian Grand Prix,Q,ALO,13.0,10.0,clear_violation,317.0,69.0,233.84099499999999,100.0,0.1798420000000000,91,506,276.6592590000000,287.0,1.1045300000000000,0.8452310000000000,0,1,0,0,1
2022,Austrian Grand Prix,Q,HAM,15.0,10.0,clear_violation,318.0,71.0,236.5162200000000,100.0,0.1297410000000000,65,501,276.6592590000000,287.0,1.10801400000000,0.8549010000000000,0,1,0,0,1
2022,Austrian Grand Prix,Q,ALB,5.0,9.0,clear_violation,323.0,73.0,231.24805799999999,100.0,0.1624760000000000,84,517,276.6592590000000,287.0,1.1254360000000001,0.8358590000000000,0,1,0,0,1
2022,Austrian Grand Prix,Q,PER,14.0,9.0,clear_violation,320.0,69.0,233.5203190000000,100.0,0.1807470000000000,92,509,276.6592590000000,287.0,1.1149830000000001,0.8440720000000000,0,1,0,0,1
2022,Austrian Grand Prix,Q,TSU,13.0,10.0,clear_violation,319.0,70.0,230.19607600000001,100.0,0.1572820000000000,81,515,276.6592590000000,287.0,1.1114980000000001,0.8320560000000000,0,1,0,0,1
2022,Austrian Grand Prix,Q,NOR,17.0,7.0,clear_violation,317.0,68.0,231.74509300000000,99.0,0.1341220000000000,68,507,276.6592590000000,287.0,1.1045300000000000,0.8376550000000000,0,1,0,0,1
2022,Austrian Grand Prix,Q,STR,2.0,10.0,clear_violation,311.0,66.0,229.9534700000000,100.0,0.1791340000000000,91,508,276.6592590000000,287.0,1.083624000000000,0.8311790000000000,0,1,0,0,1
2022,Austrian Grand Prix,Q,STR,3.0,10.0,clear_violation,292.0,49.0,142.93425400000001,100.0,0.1646040000000000,133,808,276.6592590000000,287.0,1.0174220000000000,0.5166440000000000,0,1,0,0,1
2022,Austrian Grand Prix,Q,STR,8.0,1.0,clear_violation,310.0,57.0,158.87428199999999,100.0,0.2401090000000000,176,733,276.6592590000000,287.0,1.0801390000000000,0.5742600000000000,0,1,0,0,1
2022,Austrian Grand Prix,Q,LAT,2.0,10.0,clear_violation,319.0,62.0,226.4144930000000,100.0,0.1809150000000000,91,503,276.6592590000000,287.0,1.1114980000000001,0.818388000000000,0,1,0,0,1
2022,Austrian Grand Prix,Q,VET,11.0,1.0,clear_violation,320.0,72.0,232.40317899999999,100.0,0.1554700000000000,81,521,276.6592590000000,287.0,1.1149830000000001,0.8400339999999999,0,1,0,0,1
2022,Austrian Grand Prix,Q,NOR,14.0,1.0,no_advantage,284.94000100,55.0,166.097520000000,98.0,0.152327000000000,108,709,276.6592590000000,287.0,0.9928220000000000,0.6003690000000000,0,1,0,0,1
2022,Austrian Grand Prix,Q,TSU,18.0,1.0,no_advantage,287.4249980,0.0,72.94745200000000,100.0,0.0938630000000000,156,1662,276.6592590000000,287.0,1.0014810000000001,0.26367299999999999,0,1,0,0,1
2022,Austrian Grand Prix,R,VER,12.0,9.0,clear_violation,297.0,65.0,214.6761210000000,100.0,0.2093460000000000,112,535,269.7482410000000,285.0,1.0421050000000001,0.7958390000000000,0,0,1,0,1
2022,Austrian Grand Prix,R,VER,24.0,10.0,clear_violation,293.0,63.0,218.72215700000001,100.0,0.1883240000000000,100,531,269.7482410000000,285.0,1.0280700000000000,0.8108379999999999,0,0,1,0,1
2022,Austrian Grand Prix,R,VER,25.0,10.0,clear_violation,294.0,67.0,217.00864799999999,100.0,0.1843690000000000,92,499,269.7482410000000,285.0,1.0315790000000000,0.8044860000000000,0,0,1,0,1
2022,Austrian Grand Prix,R,GAS,6.0,9.0,clear_violation,315.0,61.0,213.35775799999999,100.0,0.2014790000000000,109,541,269.7482410000000,285.0,1.105263000000000,0.7909510000000000,0,0,1,0,1
2022,Austrian Grand Prix,R,GAS,18.0,10.0,clear_violation,298.0,65.0,217.4215480000000,100.0,0.1648150000000000,89,540,269.7482410000000,285.0,1.0456140000000000,0.8060170000000000,0,0,1,0,1
2022,Austrian Grand Prix,R,GAS,19.0,10.0,clear_violation,295.0,66.0,216.4346270000000,100.0,0.1794870000000000,98,546,269.7482410000000,285.0,1.0350880000000000,0.8023580000000000,0,0,1,0,1
2022,Austrian Grand Prix,R,GAS,22.0,10.0,clear_violation,302.0,65.0,213.2556110000000,100.0,0.1736750000000000,95,547,269.7482410000000,285.0,1.0596490000000001,0.7905730000000000,0,0,1,0,1
2022,Austrian Grand Prix,R,GAS,23.0,10.0,clear_violation,297.0,63.0,212.3368390000000,100.0,0.191450000000000,103,538,269.7482410000000,285.0,1.0421050000000001,0.7871670000000000,0,0,1,0,1
2022,Austrian Grand Prix,R,GAS,31.0,1.0,clear_violation,298.0,66.0,215.5623630000000,100.0,0.1777780000000000,96,540,269.7482410000000,285.0,1.0456140000000000,0.7991239999999999,0,0,1,0,1
2022,Austrian Grand Prix,R,PER,14.0,10.0,clear_violation,295.0,66.0,214.68702700000000,100.0,0.2084130000000000,109,523,269.7482410000000,285.0,1.0350880000000000,0.7958790000000000,0,0,1,0,1
2022,Austrian Grand Prix,R,PER,15.0,9.0,clear_violation,297.0,65.0,214.058600000000,100.0,0.1912880000000000,101,528,269.7482410000000,285.0,1.0421050000000001,0.7935500000000000,0,0,1,0,1
2022,Austrian Grand Prix,R,LEC,9.0,9.0,clear_violation,304.0,61.0,218.23527999999999,100.0,0.1838240000000000,100,544,269.7482410000000,285.0,1.0666670000000000,0.8090330000000000,0,0,1,0,1
2022,Austrian Grand Prix,R,LEC,10.0,10.0,clear_violation,317.0,51.0,215.3902510000000,100.0,0.2216010000000000,119,537,269.7482410000000,285.0,1.1122810000000001,0.7984860000000000,0,0,1,0,1
2022,Austrian Grand Prix,R,LEC,11.0,10.0,clear_violation,304.0,59.0,216.20789700000000,100.0,0.2152640000000000,110,511,269.7482410000000,285.0,1.0666670000000000,0.8015170000000000,0,0,1,0,1
2022,Austrian Grand Prix,R,STR,17.0,10.0,clear_violation,289.0,63.0,214.8157190000000,100.0,0.1767960000000000,96,543,269.7482410000000,285.0,1.0140350000000000,0.7963560000000000,0,0,1,0,1
2022,Austrian Grand Prix,R,STR,18.0,10.0,clear_violation,290.0,63.0,212.9669460000000,100.0,0.1755030000000000,96,547,269.7482410000000,285.0,1.0175440000000000,0.7895030000000000,0,0,1,0,1
2022,Austrian Grand Prix,R,STR,54.0,10.0,clear_violation,294.0,65.0,220.92813200000001,100.0,0.1647940000000000,88,534,269.7482410000000,285.0,1.0315790000000000,0.8190160000000000,0,0,1,0,1
2022,Austrian Grand Prix,R,STR,55.0,10.0,clear_violation,293.0,65.0,220.9140350000000,100.0,0.1763600000000000,94,533,269.7482410000000,285.0,1.0280700000000000,0.8189640000000000,0,0,1,0,1
2022,Austrian Grand Prix,R,STR,60.0,9.0,clear_violation,294.0,61.0,222.20076599999999,100.0,0.1823310000000000,97,532,269.7482410000000,285.0,1.0315790000000000,0.8237340000000000,0,0,1,0,1
2022,Austrian Grand Prix,R,MAG,23.0,9.0,clear_violation,303.0,62.0,213.1041730000000,100.0,0.1886450000000000,103,546,269.7482410000000,285.0,1.063158000000000,0.7900110000000000,0,0,1,0,1
2022,Austrian Grand Prix,R,MAG,38.0,10.0,clear_violation,291.0,62.0,216.78435800000000,100.0,0.1538460000000000,86,559,269.7482410000000,285.0,1.0210530000000000,0.8036540000000000,0,0,1,0,1
2022,Austrian Grand Prix,R,MAG,39.0,10.0,clear_violation,292.0,61.0,216.7130940000000,100.0,0.1790240000000000,99,553,269.7482410000000,285.0,1.024561000000000,0.8033900000000000,0,0,1,0,1
2022,Austrian Grand Prix,R,TSU,13.0,10.0,clear_violation,298.0,56.0,211.12979700000000,100.0,0.1992690000000000,109,547,269.7482410000000,285.0,1.0456140000000000,0.7826920000000001,0,0,1,0,1
2022,Austrian Grand Prix,R,TSU,14.0,10.0,clear_violation,299.0,64.0,214.26517699999999,100.0,0.1798170000000000,98,545,269.7482410000000,285.0,1.0491230000000000,0.7943150000000000,0,0,1,0,1
2022,Austrian Grand Prix,R,TSU,20.0,1.0,clear_violation,296.0,63.0,211.51241300000001,100.0,0.1703700000000000,92,540,269.7482410000000,285.0,1.03859600000000,0.7841100000000000,0,0,1,0,1
2022,Austrian Grand Prix,R,ALB,22.0,10.0,clear_violation,301.0,64.0,215.3957110000000,100.0,0.2021860000000000,111,549,269.7482410000000,285.0,1.056140000000000,0.7985060000000000,0,0,1,0,1
2022,Austrian Grand Prix,R,ALB,23.0,10.0,clear_violation,299.0,60.0,213.9017920000000,100.0,0.2166670000000000,117,540,269.7482410000000,285.0,1.0491230000000000,0.7929680000000000,0,0,1,0,1
2022,Austrian Grand Prix,R,ALB,65.0,9.0,clear_violation,323.0,59.0,216.36829900000,104.0,0.2504570000000000,137,547,269.7482410000000,285.0,1.1333329999999999,0.8021120000000000,0,0,1,0,1
2022,Austrian Grand Prix,R,ZHO,10.0,10.0,clear_violation,306.0,62.0,212.0738020000000,100.0,0.2146890000000000,114,531,269.7482410000000,285.0,1.0736840000000001,0.7861920000000000,0,0,1,0,1
2022,Austrian Grand Prix,R,ZHO,11.0,10.0,clear_violation,304.0,64.0,214.6109170000000,100.0,0.210821000000000,113,536,269.7482410000000,285.0,1.0666670000000000,0.7955970000000000,0,0,1,0,1
2022,Austrian Grand Prix,R,ZHO,13.0,10.0,clear_violation,315.0,58.0,211.0273420000000,100.0,0.2340040000000000,128,547,269.7482410000000,285.0,1.105263000000000,0.7823120000000000,0,0,1,0,1
2022,Austrian Grand Prix,R,ZHO,14.0,10.0,clear_violation,299.0,64.0,213.9564590000000,100.0,0.2193780000000000,120,547,269.7482410000000,285.0,1.0491230000000000,0.7931710000000000,0,0,1,0,1
2022,Austrian Grand Prix,R,ZHO,35.0,1.0,clear_violation,302.0,64.0,216.1766870000000,100.0,0.2078650000000000,111,534,269.7482410000000,285.0,1.0596490000000001,0.8014019999999999,0,0,1,0,1
2022,Austrian Grand Prix,R,ZHO,37.0,9.0,clear_violation,312.0,49.0,216.45470599999999,100.0,0.1963960000000000,109,555,269.7482410000000,285.0,1.0947370000000001,0.8024320000000000,0,0,1,0,1
2022,Austrian Grand Prix,R,RIC,20.0,10.0,clear_violation,310.0,63.0,219.04368600000001,100.0,0.1587900000000000,84,529,269.7482410000000,285.0,1.087719000000000,0.8120300000000000,0,0,1,0,1
2022,Austrian Grand Prix,R,RIC,21.0,10.0,clear_violation,293.0,64.0,215.91297900000001,100.0,0.1579890000000000,88,557,269.7482410000000,285.0,1.0280700000000000,0.8004240000000000,0,0,1,0,1
2022,Austrian Grand Prix,R,RIC,47.0,9.0,clear_violation,294.0,66.0,219.724878000000,100.0,0.1405410000000000,78,555,269.7482410000000,285.0,1.0315790000000000,0.8145550000000000,0,0,1,0,1
2022,Austrian Grand Prix,R,NOR,7.0,10.0,clear_violation,291.0,65.0,214.96093500000001,99.0,0.1978220000000000,109,551,269.7482410000000,285.0,1.0210530000000000,0.796895000000000,0,0,1,0,1
2022,Austrian Grand Prix,R,NOR,8.0,10.0,clear_violation,294.0,64.0,215.0991770000000,99.0,0.1956120000000000,107,547,269.7482410000000,285.0,1.0315790000000000,0.7974070000000000,0,0,1,0,1
2022,Austrian Grand Prix,R,NOR,9.0,10.0,clear_violation,296.0,65.0,215.95360299999999,99.0,0.1829940000000000,99,541,269.7482410000000,285.0,1.03859600000000,0.8005750000000000,0,0,1,0,1
2022,Austrian Grand Prix,R,NOR,10.0,10.0,clear_violation,296.0,68.0,214.8352920000000,99.0,0.2022680000000000,107,529,269.7482410000000,285.0,1.03859600000000,0.796429000000000,0,0,1,0,1
2022,Austrian Grand Prix,R,NOR,31.0,1.0,clear_violation,297.0,65.0,214.32994600000001,98.0,0.2,108,540,269.7482410000000,285.0,1.0421050000000001,0.7945550000000000,0,0,1,0,1
2022,Austrian Grand Prix,R,NOR,38.0,10.0,clear_violation,295.0,65.0,217.3938250000000,98.0,0.2122300000000000,118,556,269.7482410000000,285.0,1.0350880000000000,0.8059140000000000,0,0,1,0,1
2022,Austrian Grand Prix,R,NOR,39.0,10.0,clear_violation,307.0,61.0,216.38213500000001,98.0,0.1978220000000000,109,551,269.7482410000000,285.0,1.0771930000000001,0.8021630000000000,0,0,1,0,1
2022,Austrian Grand Prix,R,HAM,4.0,1.0,clear_violation,315.0,62.0,214.1347640000000,100.0,0.1930150000000000,105,544,269.7482410000000,285.0,1.105263000000000,0.7938320000000000,0,0,1,0,1
2022,Austrian Grand Prix,R,HAM,22.0,10.0,clear_violation,295.0,67.0,219.9040450000000,100.0,0.1629630000000000,88,540,269.7482410000000,285.0,1.0350880000000000,0.8152199999999999,0,0,1,0,1
2022,Austrian Grand Prix,R,HAM,23.0,10.0,clear_violation,295.0,66.0,216.7881910000000,100.0,0.1811460000000000,98,541,269.7482410000000,285.0,1.0350880000000000,0.8036690000000000,0,0,1,0,1
2022,Austrian Grand Prix,R,HAM,41.0,10.0,clear_violation,295.0,68.0,219.60293300000,100.0,0.1705990000000000,94,551,269.7482410000000,285.0,1.0350880000000000,0.8141030000000000,0,0,1,0,1
2022,Austrian Grand Prix,R,HAM,42.0,10.0,clear_violation,293.0,67.0,217.13022599999999,100.0,0.1691450000000000,91,538,269.7482410000000,285.0,1.0280700000000000,0.8049370000000000,0,0,1,0,1
2022,Austrian Grand Prix,R,MSC,12.0,9.0,clear_violation,312.0,63.0,214.6759160000000,100.0,0.2249530000000000,119,529,269.7482410000000,285.0,1.0947370000000001,0.7958380000000000,0,0,1,0,1
2022,Austrian Grand Prix,R,MSC,13.0,10.0,clear_violation,311.0,61.0,214.553640000000,100.0,0.2195570000000000,119,542,269.7482410000000,285.0,1.0912280000000001,0.7953850000000000,0,0,1,0,1
2022,Austrian Grand Prix,R,MSC,14.0,10.0,clear_violation,308.0,62.0,213.85010600000001,100.0,0.2256320000000000,125,554,269.7482410000000,285.0,1.080702000000000,0.7927770000000000,0,0,1,0,1
2022,Austrian Grand Prix,R,MSC,52.0,1.0,clear_violation,295.0,64.0,219.1616800000000,100.0,0.1821630000000000,96,527,269.7482410000000,285.0,1.0350880000000000,0.8124680000000000,0,0,1,0,1
2022,Austrian Grand Prix,R,VET,13.0,10.0,clear_violation,314.0,60.0,212.88207900000000,100.0,0.2252750000000000,123,546,269.7482410000000,285.0,1.1017539999999999,0.7891880000000000,0,0,1,0,1
2022,Austrian Grand Prix,R,VET,14.0,10.0,clear_violation,303.0,62.0,215.01059500000000,100.0,0.2110090000000000,115,545,269.7482410000000,285.0,1.063158000000000,0.7970790000000000,0,0,1,0,1
2022,Austrian Grand Prix,R,VET,37.0,10.0,clear_violation,316.0,60.0,216.1208740000000,100.0,0.2151900000000000,119,553,269.7482410000000,285.0,1.1087720000000001,0.8011950000000000,0,0,1,0,1
2022,Austrian Grand Prix,R,VET,38.0,10.0,clear_violation,303.0,61.0,214.7694770000000,100.0,0.2114700000000000,118,558,269.7482410000000,285.0,1.063158000000000,0.7961850000000000,0,0,1,0,1
2022,Austrian Grand Prix,R,VET,65.0,9.0,clear_violation,320.0,66.0,215.05789899999999,100.0,0.2105260000000000,116,551,269.7482410000000,285.0,1.1228070000000001,0.7972540000000000,0,0,1,0,1
2022,Austrian Grand Prix,R,VET,70.0,10.0,clear_violation,297.0,65.0,220.0768400000000,100.0,0.1877390000000000,98,522,269.7482410000000,285.0,1.0421050000000001,0.8158600000000000,0,0,1,0,1
2022,Austrian Grand Prix,R,SAI,11.0,9.0,clear_violation,296.0,64.0,217.6241950000000,100.0,0.2120620000000000,109,514,269.7482410000000,285.0,1.03859600000000,0.806768000000000,0,0,1,0,1
2022,Austrian Grand Prix,R,SAI,13.0,10.0,clear_violation,293.0,65.0,216.12097700000001,100.0,0.1818180000000000,96,528,269.7482410000000,285.0,1.0280700000000000,0.8011950000000000,0,0,1,0,1
2022,Austrian Grand Prix,R,SAI,14.0,10.0,clear_violation,305.0,62.0,217.947228000000,100.0,0.1933090000000000,104,538,269.7482410000000,285.0,1.0701750000000001,0.8079650000000000,0,0,1,0,1
2022,Austrian Grand Prix,R,SAI,32.0,1.0,clear_violation,292.0,68.0,223.1424230000000,100.0,0.1669870000000000,87,521,269.7482410000000,285.0,1.024561000000000,0.8272250000000000,0,0,1,0,1
2022,Austrian Grand Prix,R,LAT,10.0,9.0,clear_violation,311.0,58.0,211.18089100000000,100.0,0.2079400000000000,110,529,269.7482410000000,285.0,1.0912280000000001,0.7828810000000000,0,0,1,0,1
2022,Austrian Grand Prix,R,LAT,37.0,1.0,clear_violation,296.0,67.0,215.7745620000000,100.0,0.2,110,550,269.7482410000000,285.0,1.03859600000000,0.799911000000000,0,0,1,0,1
2022,Austrian Grand Prix,S,VER,15.0,10.0,clear_violation,298.0,67.0,225.02480100000000,100.0,0.1761250000000000,90,511,274.6336410000000,285.0,1.0456140000000000,0.8193640000000000,1,0,0,0,1
2022,Austrian Grand Prix,S,VER,16.0,10.0,clear_violation,298.0,69.0,221.64350700000000,100.0,0.167608000000000,89,531,274.6336410000000,285.0,1.0456140000000000,0.8070520000000000,1,0,0,0,1
2022,Austrian Grand Prix,S,LEC,14.0,9.0,clear_violation,297.0,63.0,222.9014000000000,100.0,0.1666670000000000,90,540,274.6336410000000,285.0,1.0421050000000001,0.811632000000000,1,0,0,0,1
2022,Austrian Grand Prix,S,SAI,9.0,9.0,clear_violation,296.0,64.0,221.33431200000001,100.0,0.1840610000000000,97,527,274.6336410000000,285.0,1.03859600000000,0.8059260000000000,1,0,0,0,1
2022,Austrian Grand Prix,S,SAI,16.0,9.0,clear_violation,296.0,67.0,224.0960850000000,100.0,0.1845570000000000,98,531,274.6336410000000,285.0,1.03859600000000,0.8159820000000000,1,0,0,0,1
2022,Austrian Grand Prix,S,PER,16.0,1.0,clear_violation,299.0,66.0,223.1078730000000,100.0,0.1873840000000000,101,539,274.6336410000000,285.0,1.0491230000000000,0.8123840000000000,1,0,0,0,1
2022,Austrian Grand Prix,S,PER,17.0,9.0,clear_violation,300.0,66.0,221.7774300000000,100.0,0.185824000000000,97,522,274.6336410000000,285.0,1.0526320000000000,0.8075390000000000,1,0,0,0,1
2022,Austrian Grand Prix,S,MAG,5.0,10.0,clear_violation,321.0,47.0,220.24243400000000,100.0,0.1976970000000000,103,521,274.6336410000000,285.0,1.1263160000000001,0.8019500000000001,1,0,0,0,1
2022,Austrian Grand Prix,S,MAG,6.0,10.0,clear_violation,307.0,63.0,220.6021250000000,100.0,0.1897530000000000,100,527,274.6336410000000,285.0,1.0771930000000001,0.8032600000000000,1,0,0,0,1
2022,Austrian Grand Prix,S,MAG,11.0,9.0,clear_violation,307.0,65.0,217.9286270000000,100.0,0.1785710000000000,95,532,274.6336410000000,285.0,1.0771930000000001,0.7935250000000000,1,0,0,0,1
2022,Austrian Grand Prix,S,HAM,15.0,9.0,clear_violation,318.0,64.0,216.1655790000000,100.0,0.2022900000000000,106,524,274.6336410000000,285.0,1.1157889999999999,0.787105000000000,1,0,0,0,1
2022,Austrian Grand Prix,S,HAM,17.0,9.0,clear_violation,312.0,59.0,219.7584080000000,100.0,0.1933090000000000,104,538,274.6336410000000,285.0,1.0947370000000001,0.8001880000000000,1,0,0,0,1
2022,Austrian Grand Prix,S,MSC,18.0,10.0,clear_violation,314.0,57.0,216.57500700000000,100.0,0.2176260000000000,121,556,274.6336410000000,285.0,1.1017539999999999,0.7885960000000000,1,0,0,0,1
2022,Austrian Grand Prix,S,MSC,19.0,10.0,clear_violation,313.0,55.0,214.650235000000,100.0,0.1944950000000000,106,545,274.6336410000000,285.0,1.0982460000000001,0.7815879999999999,1,0,0,0,1
2022,Austrian Grand Prix,S,NOR,23.0,10.0,clear_violation,303.0,62.0,217.29801200000000,98.0,0.2051280000000000,112,546,274.6336410000000,285.0,1.063158000000000,0.791229000000000,1,0,0,0,1
2022,Austrian Grand Prix,S,RIC,21.0,9.0,clear_violation,316.0,64.0,217.3609340000000,99.0,0.1840150000000000,99,538,274.6336410000000,285.0,1.1087720000000001,0.7914580000000000,1,0,0,0,1
2022,Austrian Grand Prix,S,RIC,22.0,10.0,clear_violation,315.0,62.0,217.559100000000,99.0,0.1936090000000000,103,532,274.6336410000000,285.0,1.105263000000000,0.7921790000000000,1,0,0,0,1
2022,Austrian Grand Prix,S,RIC,23.0,10.0,clear_violation,314.0,62.0,216.7909870000000,99.0,0.186472000000000,102,547,274.6336410000000,285.0,1.1017539999999999,0.7893820000000000,1,0,0,0,1
2022,Austrian Grand Prix,S,STR,17.0,10.0,clear_violation,313.0,58.0,216.75392500000001,100.0,0.2007370000000000,109,543,274.6336410000000,285.0,1.0982460000000001,0.7892479999999999,1,0,0,0,1
2022,Austrian Grand Prix,S,STR,18.0,10.0,clear_violation,314.0,58.0,217.87712600000000,100.0,0.2039360000000000,114,559,274.6336410000000,285.0,1.1017539999999999,0.7933370000000000,1,0,0,0,1
2022,Austrian Grand Prix,S,ZHO,19.0,1.0,clear_violation,307.0,63.0,217.45829499999999,100.0,0.1977610000000000,106,536,274.6336410000000,285.0,1.0771930000000001,0.7918120000000000,1,0,0,0,1
2022,Austrian Grand Prix,S,ZHO,21.0,1.0,clear_violation,317.0,52.0,218.7146560000000,100.0,0.22181100000000,120,541,274.6336410000000,285.0,1.1122810000000001,0.7963870000000000,1,0,0,0,1
2022,Austrian Grand Prix,S,GAS,14.0,9.0,clear_violation,311.0,63.0,220.19318600000000,100.0,0.1719040000000000,93,541,274.6336410000000,285.0,1.0912280000000001,0.8017710000000000,1,0,0,0,1
2022,Austrian Grand Prix,S,GAS,16.0,10.0,clear_violation,313.0,63.0,218.92992599999999,100.0,0.1952120000000000,106,543,274.6336410000000,285.0,1.0982460000000001,0.7971710000000000,1,0,0,0,1
2022,Austrian Grand Prix,S,GAS,17.0,10.0,clear_violation,299.0,61.0,217.5817490000000,100.0,0.1804790000000000,98,543,274.6336410000000,285.0,1.0491230000000000,0.7922620000000000,1,0,0,0,1
2022,Austrian Grand Prix,S,GAS,21.0,9.0,clear_violation,304.0,48.0,214.31278399999999,100.0,0.1745450000000000,96,550,274.6336410000000,285.0,1.0666670000000000,0.780359000000000,1,0,0,0,1
2022,Austrian Grand Prix,S,ALB,9.0,9.0,clear_violation,310.0,63.0,215.8544810000000,100.0,0.1951220000000000,104,533,274.6336410000000,285.0,1.087719000000000,0.7859720000000000,1,0,0,0,1
2022,Austrian Grand Prix,S,ALB,12.0,9.0,clear_violation,304.0,61.0,215.80320900000001,100.0,0.1890360000000000,100,529,274.6336410000000,285.0,1.0666670000000000,0.7857860000000000,1,0,0,0,1
2022,Austrian Grand Prix,S,TSU,13.0,9.0,clear_violation,302.0,65.0,218.9869370000000,100.0,0.1934310000000000,106,548,274.6336410000000,285.0,1.0596490000000001,0.7973780000000000,1,0,0,0,1
2022,Austrian Grand Prix,S,TSU,17.0,9.0,clear_violation,302.0,65.0,217.69191499999999,100.0,0.1746320000000000,95,544,274.6336410000000,285.0,1.0596490000000001,0.7926630000000000,1,0,0,0,1
2022,Austrian Grand Prix,S,TSU,19.0,1.0,clear_violation,300.0,67.0,217.12383900000000,100.0,0.1937270000000000,105,542,274.6336410000000,285.0,1.0526320000000000,0.7905940000000000,1,0,0,0,1
2022,Austrian Grand Prix,S,VET,19.0,10.0,clear_violation,310.0,61.0,204.66270100000000,100.0,0.196113000000000,111,566,274.6336410000000,285.0,1.087719000000000,0.7452210000000000,1,0,0,0,1
2022,Austrian Grand Prix,S,VET,20.0,10.0,clear_violation,308.0,63.0,211.4049030000000,100.0,0.2284170000000000,127,556,274.6336410000000,285.0,1.080702000000000,0.7697710000000000,1,0,0,0,1
2022,Austrian Grand Prix,SQ,VER,15.0,10.0,clear_violation,298.0,67.0,225.02480100000000,100.0,0.1761250000000000,90,511,274.6336410000000,285.0,1.0456140000000000,0.8193640000000000,0,1,0,0,1
2022,Austrian Grand Prix,SQ,VER,16.0,10.0,clear_violation,298.0,69.0,221.64350700000000,100.0,0.167608000000000,89,531,274.6336410000000,285.0,1.0456140000000000,0.8070520000000000,0,1,0,0,1
2022,Austrian Grand Prix,SQ,LEC,14.0,9.0,clear_violation,297.0,63.0,222.9014000000000,100.0,0.1666670000000000,90,540,274.6336410000000,285.0,1.0421050000000001,0.811632000000000,0,1,0,0,1
2022,Austrian Grand Prix,SQ,SAI,9.0,9.0,clear_violation,296.0,64.0,221.33431200000001,100.0,0.1840610000000000,97,527,274.6336410000000,285.0,1.03859600000000,0.8059260000000000,0,1,0,0,1
2022,Austrian Grand Prix,SQ,SAI,16.0,9.0,clear_violation,296.0,67.0,224.0960850000000,100.0,0.1845570000000000,98,531,274.6336410000000,285.0,1.03859600000000,0.8159820000000000,0,1,0,0,1
2022,Austrian Grand Prix,SQ,PER,16.0,1.0,clear_violation,299.0,66.0,223.1078730000000,100.0,0.1873840000000000,101,539,274.6336410000000,285.0,1.0491230000000000,0.8123840000000000,0,1,0,0,1
2022,Austrian Grand Prix,SQ,PER,17.0,9.0,clear_violation,300.0,66.0,221.7774300000000,100.0,0.185824000000000,97,522,274.6336410000000,285.0,1.0526320000000000,0.8075390000000000,0,1,0,0,1
2022,Austrian Grand Prix,SQ,MAG,5.0,10.0,clear_violation,321.0,47.0,220.24243400000000,100.0,0.1976970000000000,103,521,274.6336410000000,285.0,1.1263160000000001,0.8019500000000001,0,1,0,0,1
2022,Austrian Grand Prix,SQ,MAG,6.0,10.0,clear_violation,307.0,63.0,220.6021250000000,100.0,0.1897530000000000,100,527,274.6336410000000,285.0,1.0771930000000001,0.8032600000000000,0,1,0,0,1
2022,Austrian Grand Prix,SQ,MAG,11.0,9.0,clear_violation,307.0,65.0,217.9286270000000,100.0,0.1785710000000000,95,532,274.6336410000000,285.0,1.0771930000000001,0.7935250000000000,0,1,0,0,1
2022,Austrian Grand Prix,SQ,HAM,15.0,9.0,clear_violation,318.0,64.0,216.1655790000000,100.0,0.2022900000000000,106,524,274.6336410000000,285.0,1.1157889999999999,0.787105000000000,0,1,0,0,1
2022,Austrian Grand Prix,SQ,HAM,17.0,9.0,clear_violation,312.0,59.0,219.7584080000000,100.0,0.1933090000000000,104,538,274.6336410000000,285.0,1.0947370000000001,0.8001880000000000,0,1,0,0,1
2022,Austrian Grand Prix,SQ,MSC,18.0,10.0,clear_violation,314.0,57.0,216.57500700000000,100.0,0.2176260000000000,121,556,274.6336410000000,285.0,1.1017539999999999,0.7885960000000000,0,1,0,0,1
2022,Austrian Grand Prix,SQ,MSC,19.0,10.0,clear_violation,313.0,55.0,214.650235000000,100.0,0.1944950000000000,106,545,274.6336410000000,285.0,1.0982460000000001,0.7815879999999999,0,1,0,0,1
2022,Austrian Grand Prix,SQ,NOR,23.0,10.0,clear_violation,303.0,62.0,217.29801200000000,98.0,0.2051280000000000,112,546,274.6336410000000,285.0,1.063158000000000,0.791229000000000,0,1,0,0,1
2022,Austrian Grand Prix,SQ,RIC,21.0,9.0,clear_violation,316.0,64.0,217.3609340000000,99.0,0.1840150000000000,99,538,274.6336410000000,285.0,1.1087720000000001,0.7914580000000000,0,1,0,0,1
2022,Austrian Grand Prix,SQ,RIC,22.0,10.0,clear_violation,315.0,62.0,217.559100000000,99.0,0.1936090000000000,103,532,274.6336410000000,285.0,1.105263000000000,0.7921790000000000,0,1,0,0,1
2022,Austrian Grand Prix,SQ,RIC,23.0,10.0,clear_violation,314.0,62.0,216.7909870000000,99.0,0.186472000000000,102,547,274.6336410000000,285.0,1.1017539999999999,0.7893820000000000,0,1,0,0,1
2022,Austrian Grand Prix,SQ,STR,17.0,10.0,clear_violation,313.0,58.0,216.75392500000001,100.0,0.2007370000000000,109,543,274.6336410000000,285.0,1.0982460000000001,0.7892479999999999,0,1,0,0,1
2022,Austrian Grand Prix,SQ,STR,18.0,10.0,clear_violation,314.0,58.0,217.87712600000000,100.0,0.2039360000000000,114,559,274.6336410000000,285.0,1.1017539999999999,0.7933370000000000,0,1,0,0,1
2022,Austrian Grand Prix,SQ,ZHO,19.0,1.0,clear_violation,307.0,63.0,217.45829499999999,100.0,0.1977610000000000,106,536,274.6336410000000,285.0,1.0771930000000001,0.7918120000000000,0,1,0,0,1
2022,Austrian Grand Prix,SQ,ZHO,21.0,1.0,clear_violation,317.0,52.0,218.7146560000000,100.0,0.22181100000000,120,541,274.6336410000000,285.0,1.1122810000000001,0.7963870000000000,0,1,0,0,1
2022,Austrian Grand Prix,SQ,GAS,14.0,9.0,clear_violation,311.0,63.0,220.19318600000000,100.0,0.1719040000000000,93,541,274.6336410000000,285.0,1.0912280000000001,0.8017710000000000,0,1,0,0,1
2022,Austrian Grand Prix,SQ,GAS,16.0,10.0,clear_violation,313.0,63.0,218.92992599999999,100.0,0.1952120000000000,106,543,274.6336410000000,285.0,1.0982460000000001,0.7971710000000000,0,1,0,0,1
2022,Austrian Grand Prix,SQ,GAS,17.0,10.0,clear_violation,299.0,61.0,217.5817490000000,100.0,0.1804790000000000,98,543,274.6336410000000,285.0,1.0491230000000000,0.7922620000000000,0,1,0,0,1
2022,Austrian Grand Prix,SQ,GAS,21.0,9.0,clear_violation,304.0,48.0,214.31278399999999,100.0,0.1745450000000000,96,550,274.6336410000000,285.0,1.0666670000000000,0.780359000000000,0,1,0,0,1
2022,Austrian Grand Prix,SQ,ALB,9.0,9.0,clear_violation,310.0,63.0,215.8544810000000,100.0,0.1951220000000000,104,533,274.6336410000000,285.0,1.087719000000000,0.7859720000000000,0,1,0,0,1
2022,Austrian Grand Prix,SQ,ALB,12.0,9.0,clear_violation,304.0,61.0,215.80320900000001,100.0,0.1890360000000000,100,529,274.6336410000000,285.0,1.0666670000000000,0.7857860000000000,0,1,0,0,1
2022,Austrian Grand Prix,SQ,TSU,13.0,9.0,clear_violation,302.0,65.0,218.9869370000000,100.0,0.1934310000000000,106,548,274.6336410000000,285.0,1.0596490000000001,0.7973780000000000,0,1,0,0,1
2022,Austrian Grand Prix,SQ,TSU,17.0,9.0,clear_violation,302.0,65.0,217.69191499999999,100.0,0.1746320000000000,95,544,274.6336410000000,285.0,1.0596490000000001,0.7926630000000000,0,1,0,0,1
2022,Austrian Grand Prix,SQ,TSU,19.0,1.0,clear_violation,300.0,67.0,217.12383900000000,100.0,0.1937270000000000,105,542,274.6336410000000,285.0,1.0526320000000000,0.7905940000000000,0,1,0,0,1
2022,Austrian Grand Prix,SQ,VET,19.0,10.0,clear_violation,310.0,61.0,204.66270100000000,100.0,0.196113000000000,111,566,274.6336410000000,285.0,1.087719000000000,0.7452210000000000,0,1,0,0,1
2022,Austrian Grand Prix,SQ,VET,20.0,10.0,clear_violation,308.0,63.0,211.4049030000000,100.0,0.2284170000000000,127,556,274.6336410000000,285.0,1.080702000000000,0.7697710000000000,0,1,0,0,1
2022,Azerbaijan Grand Prix,FP1,GAS,14.0,16.0,no_advantage,326.0,71.0,179.91790300000000,100.0,0.2159830000000000,200,926,293.79597699999999,334.0,0.9760480000000000,0.6123910000000000,0,0,0,1,1
2022,Azerbaijan Grand Prix,FP1,STR,10.0,4.0,no_advantage,312.0,59.0,158.61606599999999,100.0,0.2913780000000000,294,1009,293.79597699999999,334.0,0.9341320000000000,0.5398849999999999,0,0,0,1,1
2022,Azerbaijan Grand Prix,FP1,GAS,21.0,15.0,no_advantage,323.3142860000000,31.0,147.16952599999999,100.0,0.1668150000000000,188,1127,293.79597699999999,334.0,0.9680070000000000,0.5009240000000000,0,0,0,1,1
2022,Azerbaijan Grand Prix,FP1,OCO,17.0,17.0,no_advantage,330.0,42.0,158.2038180000000,100.0,0.2569250000000000,269,1047,293.79597699999999,334.0,0.9880240000000000,0.5384820000000000,0,0,0,1,1
2022,Azerbaijan Grand Prix,FP1,VER,22.0,15.0,no_advantage,319.0,71.0,195.24129600000001,100.0,0.2193940000000000,181,825,293.79597699999999,334.0,0.9550900000000000,0.6645470000000000,0,0,0,1,1
2022,Azerbaijan Grand Prix,FP2,NOR,1.0,3.0,no_advantage,313.0,0.0,151.58097799999999,100.0,0.2304730000000000,239,1037,303.83709299999998,342.0,0.9152050000000000,0.49888900000000,0,0,0,1,1
2022,Azerbaijan Grand Prix,FP2,PER,11.0,1.0,no_advantage,333.0,49.0,139.23253800000001,100.0,0.2081910000000000,244,1172,303.83709299999998,342.0,0.9736840000000000,0.4582470000000000,0,0,0,1,1
2022,Azerbaijan Grand Prix,FP2,GAS,14.0,1.0,no_advantage,329.0,56.0,156.21678299999999,100.0,0.1443800000000000,149,1032,303.83709299999998,342.0,0.9619880000000000,0.5141470000000000,0,0,0,1,1
2022,Azerbaijan Grand Prix,FP2,LEC,13.0,7.0,no_advantage,318.70499700,0.0,128.08359500000000,100.0,0.3111110000000000,392,1260,303.83709299999998,342.0,0.931886000000000,0.42155399999999998,0,0,0,1,1
2022,Azerbaijan Grand Prix,FP2,PER,12.0,15.0,no_advantage,331.0,0.0,139.4893750000000,100.0,0.2065490000000000,246,1191,303.83709299999998,342.0,0.9678360000000000,0.45909299999999997,0,0,0,1,1
2022,Azerbaijan Grand Prix,FP2,STR,18.0,15.0,no_advantage,317.0,69.0,193.90631600000000,100.0,0.224221000000000,187,834,303.83709299999998,342.0,0.9269010000000000,0.6381920000000000,0,0,0,1,1
2022,Azerbaijan Grand Prix,FP2,SAI,22.0,15.0,no_advantage,313.0,69.0,197.6882250000000,100.0,0.2181370000000000,178,816,303.83709299999998,342.0,0.9152050000000000,0.6506390000000000,0,0,0,1,1
2022,Azerbaijan Grand Prix,FP3,BOT,1.0,1.0,no_advantage,323.4,47.0,158.52319499999999,100.0,0.2402860000000000,235,978,307.3632960000000,347.0,0.9319880000000000,0.5157520000000000,0,0,0,1,1
2022,Azerbaijan Grand Prix,FP3,BOT,12.0,3.0,no_advantage,331.0,56.0,152.6684420000000,100.0,0.22483500000000,239,1063,307.3632960000000,347.0,0.9538900000000000,0.4967040000000000,0,0,0,1,1
2022,Azerbaijan Grand Prix,FP3,LEC,13.0,15.0,no_advantage,326.0250010000000,0.0,121.44507000000000,100.0,0.3209230000000000,431,1343,307.3632960000000,347.0,0.939553000000000,0.39511900000000000,0,0,0,1,1
2022,Azerbaijan Grand Prix,FP3,BOT,16.0,2.0,no_advantage,321.0,44.0,164.69111799999999,100.0,0.2289400000000000,231,1009,307.3632960000000,347.0,0.9250720000000000,0.5358190000000000,0,0,0,1,1
2022,Azerbaijan Grand Prix,Q,RUS,6.0,7.0,clear_violation,329.0,60.0,192.67294899999999,100.0,0.1827710000000000,157,859,327.93693700000000,345.0,0.9536230000000000,0.5875300000000000,0,1,0,0,1
2022,Azerbaijan Grand Prix,Q,BOT,1.0,3.0,no_advantage,326.0716840000000,52.0,168.2328480000000,100.0,0.2424920000000000,218,899,327.93693700000000,345.0,0.945135000000000,0.513004000000000,0,1,0,0,1
2022,Azerbaijan Grand Prix,Q,VET,3.0,3.0,no_advantage,333.66250000000002,39.0,152.5661720000000,100.0,0.2182840000000000,234,1072,327.93693700000000,345.0,0.9671380000000001,0.4652300000000000,0,1,0,0,1
2022,Azerbaijan Grand Prix,Q,STR,5.0,7.0,no_advantage,326.0,0.0,93.53460099999999,104.0,0.4125710000000000,722,1750,327.93693700000000,345.0,0.9449280000000000,0.28522100000000000,0,1,0,0,1
2022,Azerbaijan Grand Prix,Q,VET,10.0,15.0,no_advantage,330.3749990000000,48.0,149.52533299999999,100.0,0.2437900000000000,265,1087,327.93693700000000,345.0,0.95760900000000,0.45595799999999997,0,1,0,0,1
2022,Azerbaijan Grand Prix,Q,NOR,14.0,15.0,no_advantage,324.0,73.0,207.75910300000001,100.0,0.1708230000000000,137,802,327.93693700000000,345.0,0.9391300000000000,0.6335340000000000,0,1,0,0,1
2022,Azerbaijan Grand Prix,R,VET,12.0,3.0,no_advantage,337.0,66.0,191.68297999999999,100.0,0.2496970000000000,206,825,311.76484299999998,349.0,0.9656160000000000,0.6148320000000000,0,0,1,0,1
2022,Bahrain Grand Prix,FP1,ALB,10.0,4.0,no_advantage,287.2300680000000,0.0,123.87555100000000,100.0,0.3035410000000000,360,1186,259.21612900000002,284.0,1.011373000000000,0.47788500000000000,0,0,0,1,1
2022,Bahrain Grand Prix,Q,ZHO,11.0,5.0,clear_violation,317.0,69.0,208.9497450000000,100.0,0.1825960000000000,128,701,285.9360470000000,291.0,1.0893470000000001,0.7307570000000000,0,1,0,0,1
2022,Bahrain Grand Prix,R,ALO,41.0,4.0,clear_violation,301.0,55.0,192.12106399999999,100.0,0.2286870000000000,169,739,273.296992000000,292.0,1.0308219999999999,0.7029750000000000,0,0,1,0,1
2022,Bahrain Grand Prix,R,TSU,25.0,4.0,clear_violation,301.0,62.0,194.2497280000000,100.0,0.1913500000000000,146,763,273.296992000000,292.0,1.0308219999999999,0.7107640000000000,0,0,1,0,1
2022,Bahrain Grand Prix,R,NOR,2.0,4.0,clear_violation,303.0,56.0,190.31030100000001,99.0,0.2270970000000000,176,775,273.296992000000,292.0,1.0376710000000000,0.6963500000000000,0,0,1,0,1
2022,Bahrain Grand Prix,R,HAM,34.0,4.0,clear_violation,296.0,65.0,196.73407399999999,100.0,0.194332000000000,144,741,273.296992000000,292.0,1.0136989999999999,0.7198550000000000,0,0,1,0,1
2022,Bahrain Grand Prix,R,HUL,8.0,1.0,no_advantage,314.0,55.0,189.1962980000000,100.0,0.2286820000000000,177,774,273.296992000000,292.0,1.0753420000000000,0.6922739999999999,0,0,1,0,1
2022,Bahrain Grand Prix,R,ALB,28.0,10.0,no_advantage,321.0,56.0,190.98719299999999,100.0,0.2329840000000000,178,764,273.296992000000,292.0,1.0993150000000000,0.698827000000000,0,0,1,0,1
2022,Belgian Grand Prix,FP2,SAI,3.0,13.0,no_advantage,262.0,56.0,166.267306000000,100.0,0.1334490000000000,154,1154,206.13840800000000,226.0,1.1592920000000000,0.8065810000000000,0,0,0,1,1
2022,Belgian Grand Prix,FP2,GAS,12.0,8.0,no_advantage,279.0,50.0,137.31969400000000,100.0,0.0642600000000000,89,1385,206.13840800000000,226.0,1.2345130000000000,0.6661530000000000,0,0,0,1,1
2022,Belgian Grand Prix,FP2,SAI,15.0,9.0,no_advantage,314.0,65.0,222.18890500000001,100.0,0.1465420000000000,125,853,206.13840800000000,226.0,1.3893810000000000,1.077863000000000,0,0,0,1,1
2022,Belgian Grand Prix,FP2,MSC,19.0,7.0,no_advantage,310.0,63.0,201.99905699999999,100.0,0.1955600000000000,185,946,206.13840800000000,226.0,1.3716809999999999,0.9799200000000000,0,0,0,1,1
2022,Belgian Grand Prix,Q,RIC,5.0,9.0,clear_violation,330.0,69.0,235.93638799999999,100.0,0.1246850000000000,99,794,222.7405060000000,230.0,1.434783000000000,1.0592429999999999,0,1,0,0,1
2022,Belgian Grand Prix,Q,TSU,5.0,18.0,clear_violation,334.0,47.0,230.5316800000000,100.0,0.1259260000000000,102,810,222.7405060000000,230.0,1.4521740000000001,1.0349790000000001,0,1,0,0,1
2022,Belgian Grand Prix,R,GAS,8.0,4.0,clear_violation,347.0,59.0,211.71284299999999,100.0,0.1736730000000000,157,904,208.74335099999999,220.0,1.5772729999999999,1.0142260000000001,0,0,1,0,1
2022,Belgian Grand Prix,R,ALB,9.0,4.0,clear_violation,322.0,60.0,212.8407430000000,100.0,0.1734810000000000,157,905,208.74335099999999,220.0,1.4636359999999999,1.0196289999999999,0,0,1,0,1
2022,Belgian Grand Prix,R,MSC,32.0,4.0,clear_violation,316.0,68.0,221.4440090000000,100.0,0.1428570000000000,121,847,208.74335099999999,220.0,1.4363640000000000,1.0608430000000000,0,0,1,0,1
2022,Belgian Grand Prix,R,VET,39.0,4.0,clear_violation,315.0,64.0,220.94559300000000,100.0,0.1535800000000000,133,866,208.74335099999999,220.0,1.4318180000000000,1.0584560000000001,0,0,1,0,1
2022,Belgian Grand Prix,R,LAT,7.0,4.0,clear_violation,341.0,62.0,215.9469330000000,100.0,0.1953760000000000,169,865,208.74335099999999,220.0,1.55,1.0345089999999999,0,0,1,0,1
2022,British Grand Prix,FP2,BOT,20.0,3.0,no_advantage,299.0,79.0,221.22307599999999,100.0,0.1830790000000000,132,721,237.48379100000000,254.0,1.1771650000000000,0.9315290000000001,0,0,0,1,1
2022,British Grand Prix,FP2,MSC,21.0,9.0,no_advantage,293.0,83.0,220.5694800000000,100.0,0.1343710000000000,95,707,237.48379100000000,254.0,1.1535430000000000,0.9287770000000000,0,0,0,1,1
2022,British Grand Prix,FP2,PER,15.0,3.0,no_advantage,301.0,65.0,215.3547970000000,100.0,0.1686910000000000,125,741,237.48379100000000,254.0,1.18503900000000,0.906819000000000,0,0,0,1,1
2022,British Grand Prix,FP3,VET,12.0,3.0,no_advantage,312.0,87.0,231.3596010000000,100.0,0.1430640000000000,99,692,233.0,254.0,1.2283459999999999,0.9929600000000000,0,0,0,1,1
2022,British Grand Prix,FP3,PER,10.0,3.0,no_advantage,297.0,68.0,206.89976400000,100.0,0.1310620000000000,100,763,233.0,254.0,1.169291000000000,0.8879820000000000,0,0,0,1,1
2022,British Grand Prix,FP3,SAI,16.0,3.0,no_advantage,296.0,73.0,183.9554330000000,100.0,0.1584510000000000,135,852,233.0,254.0,1.1653540000000000,0.7895080000000000,0,0,0,1,1
2022,British Grand Prix,Q,LAT,18.0,3.0,clear_violation,291.0,45.0,166.83612600000001,100.0,0.2232510000000000,217,972,214.91097900000000,235.0,1.2382979999999999,0.7763030000000000,0,1,0,0,1
2022,British Grand Prix,Q,VER,15.0,13.0,no_advantage,297.0,72.0,188.53487400000000,100.0,0.21007400000000,171,814,214.91097900000000,235.0,1.2638300000000000,0.8772700000000000,0,1,0,0,1
2022,British Grand Prix,Q,LAT,17.0,3.0,no_advantage,296.0,70.0,186.2410800000000,100.0,0.2047060000000000,174,850,214.91097900000000,235.0,1.2595740000000000,0.8665960000000000,0,1,0,0,1
2022,British Grand Prix,Q,LAT,19.0,1.0,no_advantage,285.0,67.0,166.77240699999999,100.0,0.2478350000000000,229,924,214.91097900000000,235.0,1.2127660000000000,0.7760070000000000,0,1,0,0,1
2022,British Grand Prix,R,VER,45.0,9.0,clear_violation,306.0,83.0,226.21063300000000,100.0,0.1420450000000000,100,704,237.4448820000000,252.0,1.2142860000000000,0.95268700000000,0,0,1,0,1
2022,British Grand Prix,R,GAS,10.0,15.0,clear_violation,297.0,83.0,215.80113200000000,100.0,0.137063000000000,98,715,237.4448820000000,252.0,1.1785710000000000,0.9088470000000000,0,0,1,0,1
2022,British Grand Prix,R,LEC,45.0,15.0,clear_violation,303.0,77.0,225.9928180000000,100.0,0.1452510000000000,104,716,237.4448820000000,252.0,1.2023809999999999,0.9517700000000000,0,0,1,0,1
2022,British Grand Prix,R,STR,50.0,15.0,clear_violation,298.0,78.0,225.15268699999999,100.0,0.163059000000000,113,693,237.4448820000000,252.0,1.1825399999999999,0.9482310000000000,0,0,1,0,1
2022,British Grand Prix,R,MAG,8.0,9.0,clear_violation,318.0,80.0,217.13514400000000,100.0,0.1633800000000000,116,710,237.4448820000000,252.0,1.2619050000000001,0.9144650000000000,0,0,1,0,1
2022,British Grand Prix,R,MAG,49.0,9.0,clear_violation,296.0,78.0,224.65505099999999,100.0,0.132184000000000,92,696,237.4448820000000,252.0,1.1746030000000001,0.9461360000000000,0,0,1,0,1
2022,British Grand Prix,R,LAT,26.0,15.0,clear_violation,307.0,79.0,220.5836380000000,100.0,0.1974610000000000,140,709,237.4448820000000,252.0,1.2182539999999999,0.9289890000000000,0,0,1,0,1
2022,British Grand Prix,R,LAT,31.0,9.0,clear_violation,306.0,83.0,221.0385150000000,100.0,0.1843580000000000,132,716,237.4448820000000,252.0,1.2142860000000000,0.9309050000000000,0,0,1,0,1
2022,British Grand Prix,R,TSU,10.0,3.0,no_advantage,324.0,76.0,216.8097230000000,100.0,0.156559000000000,111,709,237.4448820000000,252.0,1.2857140000000000,0.9130950000000000,0,0,1,0,1
2022,Canadian Grand Prix,FP1,VET,19.0,1.0,no_advantage,292.0,51.0,143.73860800000000,100.0,0.1670730000000000,137,820,270.48818899999998,291.0,1.0034360000000000,0.5314040000000000,0,0,0,1,1
2022,Canadian Grand Prix,FP1,RUS,22.0,10.0,no_advantage,299.0,53.0,194.24605900000000,100.0,0.1993410000000000,121,607,270.48818899999998,291.0,1.0274909999999999,0.718131000000000,0,0,0,1,1
2022,Canadian Grand Prix,FP2,VER,7.0,1.0,no_advantage,292.90999800,32.0,130.78384100000000,100.0,0.2636260000000000,237,899,271.6467180000000,295.0,0.9929150000000000,0.4814480000000000,0,0,0,1,1
2022,Canadian Grand Prix,FP2,PER,7.0,1.0,no_advantage,330.0,60.0,206.28306400000000,100.0,0.1857640000000000,107,576,271.6467180000000,295.0,1.11864400000000,0.7593800000000001,0,0,0,1,1
2022,Canadian Grand Prix,FP2,VET,8.0,1.0,no_advantage,296.0,59.0,178.96869100000001,100.0,0.2229010000000000,146,655,271.6467180000000,295.0,1.0033900000000000,0.6588290000000000,0,0,0,1,1
2022,Canadian Grand Prix,FP2,GAS,33.0,1.0,no_advantage,282.0,0.0,110.81805100000000,100.0,0.199813000000000,214,1071,271.6467180000000,295.0,0.9559320000000000,0.4079490000000000,0,0,0,1,1
2022,Canadian Grand Prix,FP3,MAG,2.0,3.0,no_advantage,282.0,51.0,150.44873500000000,100.0,0.2427820000000000,185,762,251.38333299999999,268.0,1.0522389999999999,0.5984830000000000,0,0,0,1,1
2022,Canadian Grand Prix,FP3,MSC,3.0,10.0,no_advantage,282.0,40.0,147.2304680000000,100.0,0.2487370000000000,197,792,251.38333299999999,268.0,1.0522389999999999,0.5856810000000000,0,0,0,1,1
2022,Canadian Grand Prix,FP3,VET,2.0,10.0,no_advantage,281.0,41.0,148.1265740000000,99.0,0.3106550000000000,242,779,251.38333299999999,268.0,1.0485070000000001,0.5892460000000000,0,0,0,1,1
2022,Canadian Grand Prix,FP3,VET,3.0,1.0,no_advantage,282.0,41.0,153.58209400000001,99.0,0.2849740000000000,220,772,251.38333299999999,268.0,1.0522389999999999,0.6109480000000000,0,0,0,1,1
2022,Canadian Grand Prix,FP3,TSU,6.0,10.0,no_advantage,294.0,40.0,155.78074200000000,100.0,0.2315650000000000,179,773,251.38333299999999,268.0,1.0970150000000001,0.6196940000000000,0,0,0,1,1
2022,Canadian Grand Prix,FP3,TSU,7.0,1.0,no_advantage,294.0,45.0,158.02591200000001,100.0,0.2291390000000000,173,755,251.38333299999999,268.0,1.0970150000000001,0.6286250000000000,0,0,0,1,1
2022,Canadian Grand Prix,FP3,OCO,2.0,1.0,no_advantage,291.0,48.0,154.47393299999999,100.0,0.2819150000000000,212,752,251.38333299999999,268.0,1.085821000000000,0.6144960000000000,0,0,0,1,1
2022,Canadian Grand Prix,FP3,ALB,1.0,1.0,no_advantage,283.0,50.0,137.41271200000000,100.0,0.2374700000000000,199,838,251.38333299999999,268.0,1.0559700000000001,0.5466259999999999,0,0,0,1,1
2022,Canadian Grand Prix,FP3,GAS,4.0,3.0,no_advantage,294.0,45.0,160.3933110000000,100.0,0.239011000000000,174,728,251.38333299999999,268.0,1.0970150000000001,0.6380430000000000,0,0,0,1,1
2022,Canadian Grand Prix,FP3,MAG,6.0,10.0,no_advantage,285.0,50.0,152.17029800000000,100.0,0.2227910000000000,174,781,251.38333299999999,268.0,1.0634330000000001,0.6053320000000000,0,0,0,1,1
2022,Canadian Grand Prix,FP3,GAS,8.0,1.0,no_advantage,298.0,51.0,151.45447300000001,100.0,0.2223680000000000,169,760,251.38333299999999,268.0,1.1119399999999999,0.6024840000000000,0,0,0,1,1
2022,Canadian Grand Prix,FP3,BOT,8.0,1.0,no_advantage,292.0,50.0,159.8309490000000,100.0,0.2674900000000000,195,729,251.38333299999999,268.0,1.0895520000000001,0.6358060000000000,0,0,0,1,1
2022,Canadian Grand Prix,FP3,SAI,14.0,3.0,no_advantage,292.0,46.0,148.39665600000001,100.0,0.3194970000000000,254,795,251.38333299999999,268.0,1.0895520000000001,0.590320000000000,0,0,0,1,1
2022,Canadian Grand Prix,FP3,MAG,11.0,1.0,no_advantage,292.0,50.0,152.13251099999999,100.0,0.281922000000000,223,791,251.38333299999999,268.0,1.0895520000000001,0.6051810000000000,0,0,0,1,1
2022,Canadian Grand Prix,FP3,VER,6.0,10.0,no_advantage,297.0,44.0,159.64014499999999,100.0,0.2296400000000000,172,749,251.38333299999999,268.0,1.1082090000000000,0.6350470000000000,0,0,0,1,1
2022,Canadian Grand Prix,FP3,VER,6.0,4.0,no_advantage,297.0,44.0,159.64014499999999,100.0,0.2296400000000000,172,749,251.38333299999999,268.0,1.1082090000000000,0.6350470000000000,0,0,0,1,1
2022,Canadian Grand Prix,FP3,ALB,12.0,10.0,no_advantage,282.0,53.0,150.20240500000000,100.0,0.2609250000000000,203,778,251.38333299999999,268.0,1.0522389999999999,0.5975030000000000,0,0,0,1,1
2022,Canadian Grand Prix,FP3,ZHO,10.0,1.0,no_advantage,295.0,52.0,162.62041600000001,100.0,0.2321680000000000,166,715,251.38333299999999,268.0,1.1007460000000000,0.6469020000000000,0,0,0,1,1
2022,Canadian Grand Prix,Q,VER,5.0,2.0,clear_violation,295.0,45.0,152.33711800000000,100.0,0.2612140000000000,198,758,266.7927170000000,279.0,1.0573480000000000,0.5709940000000000,0,1,0,0,1
2022,Canadian Grand Prix,Q,VER,9.0,2.0,clear_violation,291.0,50.0,160.06172200000000,100.0,0.2743480000000000,200,729,266.7927170000000,279.0,1.043011000000000,0.5999480000000000,0,1,0,0,1
2022,Canadian Grand Prix,Q,ALO,8.0,2.0,clear_violation,280.0,39.0,158.1672000000000,100.0,0.2831490000000000,205,724,266.7927170000000,279.0,1.003584000000000,0.5928470000000000,0,1,0,0,1
2022,Canadian Grand Prix,Q,ALO,27.0,10.0,clear_violation,286.0,42.0,155.01985500000001,100.0,0.3171050000000000,241,760,266.7927170000000,279.0,1.025090000000000,0.5810500000000000,0,1,0,0,1
2022,Canadian Grand Prix,Q,SAI,18.0,2.0,clear_violation,304.0,45.0,163.29270000000000,100.0,0.2665730000000000,189,709,266.7927170000000,279.0,1.0896060000000001,0.6120580000000000,0,1,0,0,1
2022,Canadian Grand Prix,Q,HAM,2.0,14.0,clear_violation,294.0,47.0,155.8792690000000,100.0,0.2543510000000000,190,747,266.7927170000000,279.0,1.053763000000000,0.5842710000000000,0,1,0,0,1
2022,Canadian Grand Prix,Q,HAM,5.0,2.0,clear_violation,295.0,44.0,154.4549580000000,100.0,0.2898940000000000,218,752,266.7927170000000,279.0,1.0573480000000000,0.5789320000000000,0,1,0,0,1
2022,Canadian Grand Prix,Q,MAG,3.0,10.0,clear_violation,290.0,45.0,160.9680420000000,100.0,0.2462170000000000,179,727,266.7927170000000,279.0,1.039427000000000,0.6033450000000000,0,1,0,0,1
2022,Canadian Grand Prix,Q,MAG,8.0,2.0,clear_violation,277.0,47.0,151.03224299999999,100.0,0.2666670000000000,200,750,266.7927170000000,279.0,0.992832000000000,0.5661030000000000,0,1,0,0,1
2022,Canadian Grand Prix,Q,RUS,29.0,2.0,clear_violation,281.0,0.0,125.28509800000000,100.0,0.2774260000000000,263,948,266.7927170000000,279.0,1.007168000000000,0.4695970000000000,0,1,0,0,1
2022,Canadian Grand Prix,Q,RIC,23.0,6.0,clear_violation,282.0,50.0,174.1439010000000,100.0,0.207493000000000,144,694,266.7927170000000,279.0,1.010753000000000,0.6527310000000000,0,1,0,0,1
2022,Canadian Grand Prix,Q,BOT,2.0,14.0,clear_violation,288.0,48.0,157.4525920000000,100.0,0.2624500000000000,195,743,266.7927170000000,279.0,1.032258000000000,0.5901680000000000,0,1,0,0,1
2022,Canadian Grand Prix,Q,ALB,2.0,10.0,clear_violation,296.0,45.0,150.69361300000000,100.0,0.2873560000000000,225,783,266.7927170000000,279.0,1.060932000000000,0.5648339999999999,0,1,0,0,1
2022,Canadian Grand Prix,Q,PER,3.0,2.0,clear_violation,294.0,39.0,155.01055299999999,100.0,0.2630870000000000,196,745,266.7927170000000,279.0,1.053763000000000,0.5810149999999999,0,1,0,0,1
2022,Canadian Grand Prix,Q,NOR,4.0,2.0,clear_violation,287.0,40.0,155.9612000000000,99.0,0.2413330000000000,181,750,266.7927170000000,279.0,1.028674000000000,0.5845780000000000,0,1,0,0,1
2022,Canadian Grand Prix,Q,NOR,7.0,7.0,clear_violation,287.0,42.0,155.75640200000001,99.0,0.2323100000000000,174,749,266.7927170000000,279.0,1.028674000000000,0.5838110000000000,0,1,0,0,1
2022,Canadian Grand Prix,Q,LEC,8.0,2.0,clear_violation,295.0,27.0,152.41693500000000,100.0,0.2998680000000000,227,757,266.7927170000000,279.0,1.0573480000000000,0.5712930000000001,0,1,0,0,1
2022,Canadian Grand Prix,Q,GAS,9.0,8.0,clear_violation,297.0,46.0,157.6057130000000,100.0,0.2493260000000000,185,742,266.7927170000000,279.0,1.064516000000000,0.5907420000000000,0,1,0,0,1
2022,Canadian Grand Prix,Q,VET,5.0,10.0,clear_violation,290.0,40.0,151.2040980000000,99.0,0.2860860000000000,220,769,266.7927170000000,279.0,1.039427000000000,0.5667470000000000,0,1,0,0,1
2022,Canadian Grand Prix,Q,ALB,1.0,10.0,no_advantage,262.0,14.0,125.62870800000000,100.0,0.252986000000000,233,921,266.7927170000000,279.0,0.9390680000000000,0.470885000000000,0,1,0,0,1
2022,Canadian Grand Prix,Q,PER,2.0,1.0,no_advantage,294.0,45.0,157.60450900000001,100.0,0.2584570000000000,191,739,266.7927170000000,279.0,1.053763000000000,0.5907380000000000,0,1,0,0,1
2022,Canadian Grand Prix,Q,MAG,2.0,10.0,no_advantage,286.0,43.0,157.40403800000001,100.0,0.2608110000000000,193,740,266.7927170000000,279.0,1.025090000000000,0.5899860000000000,0,1,0,0,1
2022,Canadian Grand Prix,Q,VET,3.0,1.0,no_advantage,293.0,47.0,157.24569199999999,99.0,0.2860930000000000,216,755,266.7927170000000,279.0,1.050179000000000,0.5893929999999999,0,1,0,0,1
2022,Canadian Grand Prix,Q,HAM,4.0,2.0,no_advantage,287.0,41.0,143.77522300000001,104.0,0.296970000000000,245,825,266.7927170000000,279.0,1.028674000000000,0.5389020000000000,0,1,0,0,1
2022,Canadian Grand Prix,Q,VER,4.0,1.0,no_advantage,292.0,32.0,150.76351199999999,100.0,0.2735370000000000,215,786,266.7927170000000,279.0,1.0465949999999999,0.565096000000000,0,1,0,0,1
2022,Canadian Grand Prix,Q,TSU,4.0,10.0,no_advantage,297.0,42.0,156.80320900000001,100.0,0.3117650000000000,212,680,266.7927170000000,279.0,1.064516000000000,0.5877340000000000,0,1,0,0,1
2022,Canadian Grand Prix,Q,VET,4.0,10.0,no_advantage,293.0,48.0,160.29618700000000,99.0,0.2594590000000000,192,740,266.7927170000000,279.0,1.050179000000000,0.6008270000000000,0,1,0,0,1
2022,Canadian Grand Prix,Q,LAT,5.0,1.0,no_advantage,299.0,48.0,158.19130400000000,100.0,0.2608110000000000,193,740,266.7927170000000,279.0,1.07168500000000,0.592937000000000,0,1,0,0,1
2022,Canadian Grand Prix,Q,OCO,6.0,3.0,no_advantage,288.0,48.0,151.5954820000000,100.0,0.2890320000000000,224,775,266.7927170000000,279.0,1.032258000000000,0.5682140000000000,0,1,0,0,1
2022,Canadian Grand Prix,Q,NOR,6.0,7.0,no_advantage,287.0,46.0,151.13712699999999,99.0,0.2432430000000000,189,777,266.7927170000000,279.0,1.028674000000000,0.566496000000000,0,1,0,0,1
2022,Canadian Grand Prix,Q,NOR,7.0,1.0,no_advantage,287.0,42.0,155.75640200000001,99.0,0.2323100000000000,174,749,266.7927170000000,279.0,1.028674000000000,0.5838110000000000,0,1,0,0,1
2022,Canadian Grand Prix,Q,MAG,7.0,1.0,no_advantage,297.0,48.0,164.1607120000000,100.0,0.273876000000000,195,712,266.7927170000000,279.0,1.064516000000000,0.6153120000000000,0,1,0,0,1
2022,Canadian Grand Prix,Q,ALO,7.0,1.0,no_advantage,277.0,42.0,144.16025700000000,100.0,0.2518520000000000,204,810,266.7927170000000,279.0,0.992832000000000,0.5403460000000000,0,1,0,0,1
2022,Canadian Grand Prix,Q,LEC,7.0,1.0,no_advantage,300.0,45.0,164.99429100000000,100.0,0.2446350000000000,171,699,266.7927170000000,279.0,1.075269000000000,0.6184360000000000,0,1,0,0,1
2022,Canadian Grand Prix,Q,MSC,8.0,1.0,no_advantage,295.0,48.0,166.21612600000000,100.0,0.2629310000000000,183,696,266.7927170000000,279.0,1.0573480000000000,0.6230160000000000,0,1,0,0,1
2022,Canadian Grand Prix,Q,OCO,9.0,10.0,no_advantage,297.0,49.0,165.2376830000000,100.0,0.2403430000000000,168,699,266.7927170000000,279.0,1.064516000000000,0.6193490000000000,0,1,0,0,1
2022,Canadian Grand Prix,Q,RUS,10.0,1.0,no_advantage,296.0,42.0,163.66324499999999,100.0,0.2401130000000000,170,708,266.7927170000000,279.0,1.060932000000000,0.6134470000000000,0,1,0,0,1
2022,Canadian Grand Prix,Q,ZHO,13.0,1.0,no_advantage,292.0,47.0,165.9610710000000,100.0,0.2371130000000000,161,679,266.7927170000000,279.0,1.0465949999999999,0.6220599999999999,0,1,0,0,1
2022,Canadian Grand Prix,Q,SAI,17.0,1.0,no_advantage,290.0,54.0,175.20918699999999,100.0,0.2292900000000000,155,676,266.7927170000000,279.0,1.039427000000000,0.6567240000000000,0,1,0,0,1
2022,Canadian Grand Prix,Q,RIC,22.0,6.0,no_advantage,275.1750020,22.0,131.11547500000000,100.0,0.1772430000000000,162,914,266.7927170000000,279.0,0.9862900000000000,0.4914510000000000,0,1,0,0,1
2022,Canadian Grand Prix,Q,RUS,28.0,2.0,no_advantage,280.0,57.0,152.81335000000001,100.0,0.2506430000000000,195,778,266.7927170000000,279.0,1.003584000000000,0.5727790000000000,0,1,0,0,1
2022,Canadian Grand Prix,Q,ALO,26.0,10.0,no_advantage,279.375,32.0,141.7641850000000,100.0,0.2956420000000000,251,849,266.7927170000000,279.0,1.0013440000000000,0.5313650000000000,0,1,0,0,1
2022,Canadian Grand Prix,R,GAS,32.0,14.0,clear_violation,313.0,58.0,197.09686900000000,100.0,0.3288360000000000,195,593,275.21463399999999,300.0,1.0433330000000001,0.7161570000000000,0,0,1,0,1
2022,Canadian Grand Prix,R,GAS,67.0,14.0,clear_violation,340.0,51.0,198.1505370000000,100.0,0.236088000000000,140,593,275.21463399999999,300.0,1.1333329999999999,0.7199850000000000,0,0,1,0,1
2022,Canadian Grand Prix,R,LEC,59.0,14.0,clear_violation,330.0,54.0,196.98915600000001,99.0,0.215,129,600,275.21463399999999,300.0,1.1,0.7157660000000000,0,0,1,0,1
2022,Canadian Grand Prix,R,MAG,47.0,14.0,clear_violation,310.0,61.0,194.463755000000,100.0,0.1996700000000000,121,606,275.21463399999999,300.0,1.0333330000000001,0.7065890000000000,0,0,1,0,1
2022,Canadian Grand Prix,R,TSU,10.0,14.0,clear_violation,310.0,64.0,160.69649699999999,100.0,0.1468530000000000,105,715,275.21463399999999,300.0,1.0333330000000001,0.5838950000000001,0,0,1,0,1
2022,Canadian Grand Prix,R,NOR,47.0,14.0,clear_violation,308.0,60.0,197.6018290000000,99.0,0.1917810000000000,112,584,275.21463399999999,300.0,1.0266670000000000,0.717992000000000,0,0,1,0,1
2022,Canadian Grand Prix,R,LAT,7.0,14.0,clear_violation,314.0,58.0,190.50344400000000,100.0,0.2411580000000000,150,622,275.21463399999999,300.0,1.0466670000000000,0.6922000000000000,0,0,1,0,1
2022,Canadian Grand Prix,R,RUS,8.0,14.0,clear_violation,303.0,61.0,195.0086220000000,100.0,0.2107930000000000,125,593,275.21463399999999,300.0,1.01,0.708569000000000,0,0,1,0,1
2022,Canadian Grand Prix,R,BOT,1.0,14.0,no_advantage,311.0,0.0,173.6894720000000,100.0,0.3065900000000000,214,698,275.21463399999999,300.0,1.0366670000000000,0.6311059999999999,0,0,1,0,1
2022,Dutch Grand Prix,FP1,ALO,6.0,11.0,no_advantage,315.0,53.0,191.599868000000,100.0,0.2263840000000000,139,614,284.28991600000001,316.0,0.9968350000000000,0.6739590000000000,0,0,0,1,1
2022,Dutch Grand Prix,FP1,MAG,5.0,11.0,no_advantage,311.0,95.0,199.8346110000000,100.0,0.2016950000000000,119,590,284.28991600000001,316.0,0.9841770000000000,0.7029250000000000,0,0,0,1,1
2022,Dutch Grand Prix,FP1,PER,15.0,9.0,no_advantage,320.0,78.0,180.26198500000001,100.0,0.1608830000000000,102,634,284.28991600000001,316.0,1.0126580000000001,0.6340780000000000,0,0,0,1,1
2022,Dutch Grand Prix,Q,TSU,2.0,3.0,clear_violation,319.0,96.0,208.9709040000000,100.0,0.1678320000000000,96,572,306.37113399999998,321.0,0.9937690000000000,0.6820840000000000,0,1,0,0,1
2022,Dutch Grand Prix,Q,MAG,8.0,3.0,clear_violation,321.0,93.0,211.3366340000000,100.0,0.1835210000000000,98,534,306.37113399999998,321.0,1.0,0.689806000000000,0,1,0,0,1
2022,Dutch Grand Prix,Q,VET,8.0,13.0,no_advantage,319.0,50.0,168.24491200000000,100.0,0.2002950000000000,136,679,306.37113399999998,321.0,0.9937690000000000,0.5491540000000000,0,1,0,0,1
2022,Dutch Grand Prix,R,VER,41.0,3.0,clear_violation,306.0,88.0,200.8490520000000,100.0,0.2058320000000000,120,583,291.83320700000002,324.0,0.9444440000000000,0.6882320000000000,0,0,1,0,1
2022,Dutch Grand Prix,R,GAS,12.0,3.0,clear_violation,289.0249990000000,0.0,159.81967599999999,100.0,0.1900140000000000,137,721,291.83320700000002,324.0,0.8920520000000000,0.5476400000000000,0,0,1,0,1
2022,Dutch Grand Prix,R,LEC,27.0,3.0,clear_violation,300.0,90.0,198.68994100000000,100.0,0.1993190000000000,117,587,291.83320700000002,324.0,0.9259260000000000,0.6808340000000001,0,0,1,0,1
2022,Dutch Grand Prix,R,LEC,36.0,3.0,clear_violation,302.0,90.0,199.7377530000000,100.0,0.2216490000000000,129,582,291.83320700000002,324.0,0.9320990000000000,0.6844240000000000,0,0,1,0,1
2022,Dutch Grand Prix,R,OCO,20.0,3.0,clear_violation,297.0,90.0,197.16379800000001,100.0,0.2442880000000000,139,569,291.83320700000002,324.0,0.9166670000000000,0.6756040000000000,0,0,1,0,1
2022,Dutch Grand Prix,R,MSC,30.0,3.0,clear_violation,300.0,88.0,194.7920870000000,100.0,0.1926300000000000,115,597,291.83320700000002,324.0,0.9259260000000000,0.6674770000000000,0,0,1,0,1
2022,Dutch Grand Prix,R,VET,11.0,3.0,clear_violation,294.0,89.0,197.1574540000000,100.0,0.2003510000000000,114,569,291.83320700000002,324.0,0.9074070000000000,0.6755830000000000,0,0,1,0,1
2022,Dutch Grand Prix,R,LAT,17.0,3.0,clear_violation,303.0,95.0,194.88362400000000,100.0,0.2342950000000000,138,589,291.83320700000002,324.0,0.9351850000000000,0.6677910000000000,0,0,1,0,1
2022,Dutch Grand Prix,R,MAG,1.0,2.0,no_advantage,297.0,0.0,172.5339600000000,100.0,0.2815670000000000,194,689,291.83320700000002,324.0,0.9166670000000000,0.591207000000000,0,0,1,0,1
2022,Emilia Romagna Grand Prix,FP1,MAG,2.0,12.0,no_advantage,276.0,66.0,169.36623100000000,100.0,0.2971290000000000,238,801,251.07142899999999,270.0,1.0222220000000000,0.6745740000000000,0,0,0,1,1
2022,Emilia Romagna Grand Prix,FP1,STR,2.0,12.0,no_advantage,280.0,66.0,160.60220899999999,100.0,0.2865850000000000,235,820,251.07142899999999,270.0,1.037037000000000,0.639667000000000,0,0,0,1,1
2022,Emilia Romagna Grand Prix,FP1,NOR,5.0,17.0,no_advantage,281.0,68.0,177.83103299999999,100.0,0.2476700000000000,186,751,251.07142899999999,270.0,1.0407409999999999,0.7082889999999999,0,0,0,1,1
2022,Emilia Romagna Grand Prix,FP1,OCO,9.0,17.0,no_advantage,287.0,25.0,160.4089820000000,100.0,0.249080000000000,203,815,251.07142899999999,270.0,1.0629630000000001,0.6388980000000000,0,0,0,1,1
2022,Emilia Romagna Grand Prix,FP1,STR,12.0,18.0,no_advantage,279.0,50.0,166.62196499999999,100.0,0.2677460000000000,215,803,251.07142899999999,270.0,1.0333330000000001,0.6636440000000000,0,0,0,1,1
2022,Emilia Romagna Grand Prix,FP1,SAI,14.0,13.0,no_advantage,291.0,46.0,173.45946499999999,100.0,0.2626900000000000,207,788,251.07142899999999,270.0,1.0777779999999999,0.6908770000000000,0,0,0,1,1
2022,Emilia Romagna Grand Prix,FP1,MAG,15.0,18.0,no_advantage,288.0,61.0,183.79192800000001,100.0,0.2804530000000000,198,706,251.07142899999999,270.0,1.0666670000000000,0.7320300000000000,0,0,0,1,1
2022,Emilia Romagna Grand Prix,FP1,VET,14.0,2.0,no_advantage,289.0,76.0,185.18826999999999,100.0,0.2428980000000000,171,704,251.07142899999999,270.0,1.0703700000000000,0.7375920000000000,0,0,0,1,1
2022,Emilia Romagna Grand Prix,FP1,VER,11.0,13.0,no_advantage,292.0,75.0,186.0654570000000,100.0,0.242468000000000,169,697,251.07142899999999,270.0,1.0814809999999999,0.7410860000000000,0,0,0,1,1
2022,Emilia Romagna Grand Prix,FP1,VET,17.0,13.0,no_advantage,292.0,75.0,186.15206699999999,100.0,0.260432000000000,181,695,251.07142899999999,270.0,1.0814809999999999,0.7414310000000000,0,0,0,1,1
2022,Emilia Romagna Grand Prix,FP1,RUS,15.0,13.0,no_advantage,282.0,65.0,184.089419000000,100.0,0.2362870000000000,168,711,251.07142899999999,270.0,1.0444439999999999,0.733215000000000,0,0,0,1,1
2022,Emilia Romagna Grand Prix,FP1,GAS,17.0,13.0,no_advantage,292.0,0.0,75.13916300000000,100.0,0.1471950000000000,286,1943,251.07142899999999,270.0,1.0814809999999999,0.2992740000000000,0,0,0,1,1
2022,Emilia Romagna Grand Prix,FP2,MAG,24.0,13.0,no_advantage,298.0,92.0,216.6178110000000,100.0,0.1642970000000000,104,633,261.6128360000000,286.0,1.0419579999999999,0.8280090000000000,0,0,0,1,1
2022,Emilia Romagna Grand Prix,Q,ALO,22.0,13.0,clear_violation,289.0,54.0,173.0464850000000,100.0,0.2506530000000000,192,766,268.7119340000000,277.0,1.0433209999999999,0.6439850000000000,0,1,0,0,1
2022,Emilia Romagna Grand Prix,Q,PER,21.0,2.0,clear_violation,300.0,82.0,189.74317300000001,100.0,0.234621000000000,164,699,268.7119340000000,277.0,1.0830320000000000,0.7061210000000000,0,1,0,0,1
2022,Emilia Romagna Grand Prix,Q,VET,23.0,2.0,clear_violation,296.0,75.0,174.97659400000001,100.0,0.2750680000000000,203,738,268.7119340000000,277.0,1.068592000000000,0.6511680000000000,0,1,0,0,1
2022,Emilia Romagna Grand Prix,Q,MSC,6.0,14.0,clear_violation,293.0,70.0,191.79838300000000,100.0,0.1963530000000000,140,713,268.7119340000000,277.0,1.0577620000000001,0.7137700000000000,0,1,0,0,1
2022,Emilia Romagna Grand Prix,Q,PER,20.0,2.0,no_advantage,274.0,46.0,160.23709500000001,100.0,0.2452320000000000,180,734,268.7119340000000,277.0,0.9891700000000000,0.5963160000000000,0,1,0,0,1
2022,Emilia Romagna Grand Prix,Q,ALO,21.0,11.0,no_advantage,265.65,32.55,160.3999780000000,100.0,0.2455900000000000,181,737,268.7119340000000,277.0,0.9590250000000000,0.5969220000000000,0,1,0,0,1
2022,Emilia Romagna Grand Prix,Q,VET,22.0,2.0,no_advantage,296.0,74.0,193.8966640000000,100.0,0.2619390000000000,181,691,268.7119340000000,277.0,1.068592000000000,0.7215780000000001,0,1,0,0,1
2022,Emilia Romagna Grand Prix,Q,BOT,22.0,12.0,no_advantage,292.0,76.0,192.63226000000000,100.0,0.2558480000000000,175,684,268.7119340000000,277.0,1.0541520000000000,0.716873000000000,0,1,0,0,1
2022,Emilia Romagna Grand Prix,R,PER,28.0,14.0,clear_violation,308.0,94.0,210.4805830000000,100.0,0.1946620000000000,124,637,268.86696799999999,288.0,1.0694440000000001,0.7828430000000000,0,0,1,0,1
2022,Emilia Romagna Grand Prix,R,LEC,14.0,9.0,clear_violation,302.0,73.0,189.81326700000000,100.0,0.2539450000000000,177,697,268.86696799999999,288.0,1.0486110000000000,0.7059750000000000,0,0,1,0,1
2022,Emilia Romagna Grand Prix,R,VET,13.0,14.0,clear_violation,300.0,61.0,186.770692000000,100.0,0.2877090000000000,206,716,268.86696799999999,288.0,1.0416669999999999,0.694658000000000,0,0,1,0,1
2022,Emilia Romagna Grand Prix,R,LAT,13.0,14.0,clear_violation,304.0,77.0,182.7686490000000,100.0,0.2538350000000000,182,717,268.86696799999999,288.0,1.0555559999999999,0.6797740000000000,0,0,1,0,1
2022,Emilia Romagna Grand Prix,R,MSC,16.0,14.0,clear_violation,301.0,63.0,183.0162240000000,100.0,0.2650600000000000,198,747,268.86696799999999,288.0,1.0451390000000000,0.6806940000000000,0,0,1,0,1
2022,Emilia Romagna Grand Prix,R,MSC,24.0,14.0,clear_violation,303.0,0.0,186.56972900000000,100.0,0.2124650000000000,150,706,268.86696799999999,288.0,1.0520830000000001,0.6939109999999999,0,0,1,0,1
2022,Emilia Romagna Grand Prix,R,MSC,27.0,9.0,clear_violation,302.0,97.0,211.59488600000000,100.0,0.1912230000000000,122,638,268.86696799999999,288.0,1.0486110000000000,0.7869870000000000,0,0,1,0,1
2022,Emilia Romagna Grand Prix,R,RIC,54.0,15.0,clear_violation,303.0,93.0,211.4966100000000,100.0,0.1677020000000000,108,644,268.86696799999999,288.0,1.0520830000000001,0.7866220000000000,0,0,1,0,1
2022,French Grand Prix,FP1,VER,11.0,10.0,no_advantage,334.0,74.0,219.73940800000000,100.0,0.1771980000000000,129,728,278.5977010000000,300.0,1.1133329999999999,0.7887340000000000,0,0,0,1,1
2022,French Grand Prix,FP1,GAS,16.0,11.0,no_advantage,299.0,57.0,143.31207000000001,100.0,0.1068220000000000,119,1114,278.5977010000000,300.0,0.9966670000000000,0.5144050000000000,0,0,0,1,1
2022,French Grand Prix,FP1,VET,18.0,11.0,no_advantage,302.0,75.0,204.1459030000000,100.0,0.1922110000000000,153,796,278.5977010000000,300.0,1.0066670000000000,0.7327620000000000,0,0,0,1,1
2022,French Grand Prix,FP2,MSC,5.0,11.0,no_advantage,305.0,60.0,137.74743400000000,100.0,0.1096720000000000,127,1158,280.7921050000000,301.0,1.0132890000000001,0.49056699999999998,0,0,0,1,1
2022,French Grand Prix,FP2,RUS,7.0,11.0,no_advantage,294.0,52.0,145.331684000000,100.0,0.1532030000000000,165,1077,280.7921050000000,301.0,0.9767439999999999,0.5175780000000000,0,0,0,1,1
2022,French Grand Prix,FP2,MAG,12.0,2.0,no_advantage,319.0,60.0,150.860501000000,100.0,0.1098380000000000,115,1047,280.7921050000000,301.0,1.0598010000000000,0.5372680000000000,0,0,0,1,1
2022,French Grand Prix,FP3,MAG,4.0,11.0,no_advantage,326.0,58.0,203.53721300000001,100.0,0.1782950000000000,138,774,279.65625,304.0,1.0723680000000000,0.7278120000000000,0,0,0,1,1
2022,French Grand Prix,FP3,LEC,3.0,12.0,no_advantage,310.0,51.0,142.99406999999999,100.0,0.1662020000000000,179,1077,279.65625,304.0,1.019737000000000,0.5113210000000000,0,0,0,1,1
2022,French Grand Prix,FP3,PER,8.0,11.0,no_advantage,314.0,75.0,209.64276599999999,100.0,0.1772150000000000,126,711,279.65625,304.0,1.0328949999999999,0.749644000000000,0,0,0,1,1
2022,French Grand Prix,FP3,NOR,4.0,3.0,no_advantage,293.5000010000000,60.0,156.38487200000000,100.0,0.0884150000000000,87,984,279.65625,304.0,0.9654610000000000,0.5592040000000000,0,0,0,1,1
2022,French Grand Prix,FP3,SAI,4.0,11.0,no_advantage,296.85427199999998,0.0,121.37099100000000,100.0,0.2441500000000000,313,1282,279.65625,304.0,0.9764940000000000,0.43400100000000003,0,0,0,1,1
2022,French Grand Prix,FP3,ALB,8.0,3.0,no_advantage,324.0,81.0,219.80345500000001,100.0,0.1763090000000000,128,726,279.65625,304.0,1.0657890000000001,0.7859770000000000,0,0,0,1,1
2022,French Grand Prix,FP3,PER,15.0,3.0,no_advantage,315.0,72.0,208.2397920000000,100.0,0.1923580000000000,146,759,279.65625,304.0,1.0361840000000000,0.7446280000000000,0,0,0,1,1
2022,French Grand Prix,FP3,BOT,16.0,9.0,no_advantage,292.0,0.0,141.71008300000000,100.0,0.2620510000000000,299,1141,279.65625,304.0,0.9605260000000000,0.5067300000000000,0,0,0,1,1
2022,French Grand Prix,Q,TSU,7.0,3.0,clear_violation,336.0,76.0,223.06319199999999,100.0,0.1473830000000000,107,726,295.93888900000002,305.0,1.1016390000000000,0.75374700000000,0,1,0,0,1
2022,French Grand Prix,Q,RIC,5.0,6.0,clear_violation,331.0,80.0,222.57341500000001,100.0,0.1542700000000000,112,726,295.93888900000002,305.0,1.0852459999999999,0.7520920000000000,0,1,0,0,1
2022,French Grand Prix,Q,MSC,8.0,3.0,clear_violation,336.0,79.0,223.0552080000000,100.0,0.2112680000000000,150,710,295.93888900000002,305.0,1.1016390000000000,0.7537210000000000,0,1,0,0,1
2022,French Grand Prix,Q,ALB,4.0,8.0,no_advantage,303.78911399999998,31.0,156.88281900000001,100.0,0.1691690000000000,169,999,295.93888900000002,305.0,0.9960300000000000,0.5301190000000000,0,1,0,0,1
2022,French Grand Prix,R,VER,9.0,6.0,clear_violation,335.0,71.0,207.6007210000000,100.0,0.2230970000000000,170,762,287.7758620000000,307.0,1.0912050000000000,0.7213970000000000,0,0,1,0,1
2022,French Grand Prix,R,GAS,44.0,3.0,clear_violation,331.0,67.0,207.60636299999999,100.0,0.1653650000000000,127,768,287.7758620000000,307.0,1.0781760000000000,0.7214170000000000,0,0,1,0,1
2022,French Grand Prix,R,PER,5.0,3.0,clear_violation,339.0,75.0,206.6228800000000,100.0,0.2250670000000000,167,742,287.7758620000000,307.0,1.1042350000000001,0.7179990000000001,0,0,1,0,1
2022,French Grand Prix,R,PER,6.0,3.0,clear_violation,337.0,72.0,207.8101880000000,100.0,0.2190080000000000,159,726,287.7758620000000,307.0,1.0977200000000000,0.722125000000000,0,0,1,0,1
2022,French Grand Prix,R,STR,3.0,3.0,clear_violation,322.0,67.0,206.60195700000000,100.0,0.2,154,770,287.7758620000000,307.0,1.0488599999999999,0.7179270000000000,0,0,1,0,1
2022,French Grand Prix,R,ALB,44.0,3.0,clear_violation,309.0,73.0,207.0159020000000,100.0,0.2213540000000000,170,768,287.7758620000000,307.0,1.006515000000000,0.7193650000000000,0,0,1,0,1
2022,French Grand Prix,R,NOR,28.0,6.0,clear_violation,319.0,73.0,207.8600380000000,100.0,0.2066670000000000,155,750,287.7758620000000,307.0,1.0390880000000000,0.7222980000000000,0,0,1,0,1
2022,French Grand Prix,R,NOR,29.0,6.0,clear_violation,318.0,76.0,207.72196000000000,100.0,0.1989390000000000,150,754,287.7758620000000,307.0,1.0358309999999999,0.7218190000000000,0,0,1,0,1
2022,French Grand Prix,R,SAI,30.0,3.0,clear_violation,339.0,73.0,211.2190240000000,100.0,0.2423840000000000,183,755,287.7758620000000,307.0,1.1042350000000001,0.7339710000000000,0,0,1,0,1
2022,French Grand Prix,R,LAT,36.0,3.0,clear_violation,332.0,67.0,205.2610980000000,100.0,0.2172190000000000,164,755,287.7758620000000,307.0,1.0814330000000001,0.7132670000000000,0,0,1,0,1
2022,French Grand Prix,R,HAM,31.0,2.0,no_advantage,308.0,74.0,211.3688670000000,100.0,0.1917440000000000,144,751,287.7758620000000,307.0,1.003257000000000,0.7344910000000000,0,0,1,0,1
2022,Hungarian Grand Prix,FP1,MSC,4.0,12.0,no_advantage,289.0,56.0,124.159021000000,100.0,0.2006760000000000,178,887,235.95693800000001,256.0,1.12890600,0.5261940000000001,0,0,0,1,1
2022,Hungarian Grand Prix,FP1,MSC,12.0,3.0,no_advantage,315.0,56.0,140.37749199999999,100.0,0.2067310000000000,172,832,235.95693800000001,256.0,1.23046900,0.59492800000000,0,0,0,1,1
2022,Hungarian Grand Prix,FP1,HAM,12.0,12.0,no_advantage,310.0,77.0,176.95936500000,100.0,0.1659260000000000,112,675,235.95693800000001,256.0,1.2109380,0.7499650000000000,0,0,0,1,1
2022,Hungarian Grand Prix,FP1,TSU,14.0,1.0,no_advantage,257.1375010,59.0,114.53472400000000,100.0,0.0522240000000000,54,1034,235.95693800000001,256.0,1.0044430000,0.4854050000000000,0,0,0,1,1
2022,Hungarian Grand Prix,FP2,MSC,15.0,12.0,no_advantage,318.0,71.0,178.84413799999999,100.0,0.23206100000000,152,655,237.06521699999999,258.0,1.2325580000000000,0.7544090000000000,0,0,0,1,1
2022,Hungarian Grand Prix,FP2,LEC,21.0,4.0,no_advantage,297.0,80.0,187.2340330000000,100.0,0.2069510000000000,131,633,237.06521699999999,258.0,1.1511629999999999,0.7897999999999999,0,0,0,1,1
2022,Hungarian Grand Prix,FP2,OCO,22.0,4.0,no_advantage,293.0,85.0,185.49088399999999,100.0,0.2488480000000000,162,651,237.06521699999999,258.0,1.1356590000000000,0.7824470000000000,0,0,0,1,1
2022,Hungarian Grand Prix,FP3,GAS,3.0,4.0,no_advantage,285.0,64.0,140.1360040000000,100.0,0.2175930000000000,188,864,213.1359650000000,237.0,1.2025319999999999,0.6574960000000000,0,0,0,1,1
2022,Hungarian Grand Prix,FP3,LAT,3.0,4.0,no_advantage,277.0,66.0,145.68426900000000,100.0,0.2743470000000000,231,842,213.1359650000000,237.0,1.1687760000000000,0.6835270000000000,0,0,0,1,1
2022,Hungarian Grand Prix,FP3,ZHO,7.0,4.0,no_advantage,278.0,65.0,142.40365499999999,100.0,0.2692310000000000,224,832,213.1359650000000,237.0,1.1729959999999999,0.6681350000000000,0,0,0,1,1
2022,Hungarian Grand Prix,FP3,ALB,6.0,4.0,no_advantage,277.0,64.0,141.6605290000000,100.0,0.2810620000000000,233,829,213.1359650000000,237.0,1.1687760000000000,0.6646490000000000,0,0,0,1,1
2022,Hungarian Grand Prix,FP3,MAG,6.0,4.0,no_advantage,271.0,69.0,144.70916199999999,100.0,0.2414630000000000,198,820,213.1359650000000,237.0,1.1434599999999999,0.6789520000000000,0,0,0,1,1
2022,Hungarian Grand Prix,FP3,VET,8.0,11.0,no_advantage,256.0,61.0,129.5993470000000,99.0,0.2615380000000000,238,910,213.1359650000000,237.0,1.080169000000000,0.6080590000000000,0,0,0,1,1
2022,Hungarian Grand Prix,FP3,MSC,11.0,12.0,no_advantage,276.0,64.0,140.16777700000000,100.0,0.2654760000000000,223,840,213.1359650000000,237.0,1.1645570000000001,0.65764500000000,0,0,0,1,1
2022,Hungarian Grand Prix,FP3,PER,6.0,2.0,no_advantage,287.0,62.0,138.47532799999999,100.0,0.2189350000000000,185,845,213.1359650000000,237.0,1.2109700000000001,0.6497039999999999,0,0,0,1,1
2022,Hungarian Grand Prix,Q,VER,9.0,11.0,clear_violation,313.0,91.0,198.53696800000000,100.0,0.205686000000000,123,598,253.54918000000001,259.0,1.2084940000000000,0.7830310000000000,0,1,0,0,1
2022,Hungarian Grand Prix,Q,MSC,2.0,5.0,clear_violation,313.0,93.0,191.0258260000000,100.0,0.2260160000000000,139,615,253.54918000000001,259.0,1.2084940000000000,0.7534070000000000,0,1,0,0,1
2022,Hungarian Grand Prix,Q,TSU,5.0,5.0,clear_violation,311.0,93.0,194.7437760000000,100.0,0.1993410000000000,121,607,253.54918000000001,259.0,1.2007720000000000,0.7680709999999999,0,1,0,0,1
2022,Hungarian Grand Prix,Q,GAS,8.0,5.0,clear_violation,313.0,91.0,199.6194100000000,100.0,0.1844330000000000,109,591,253.54918000000001,259.0,1.2084940000000000,0.7873010000000000,0,1,0,0,1
2022,Hungarian Grand Prix,R,MAG,4.0,4.0,clear_violation,293.0,91.0,183.3041490000000,100.0,0.2747250000000000,175,637,239.83880600000001,255.0,1.1490199999999999,0.7642810000000000,0,0,1,0,1
2022,Hungarian Grand Prix,R,MAG,52.0,4.0,clear_violation,288.0,89.0,179.28008500000001,100.0,0.2288260000000000,154,673,239.83880600000001,255.0,1.1294120000000001,0.7475020000000000,0,0,1,0,1
2022,Hungarian Grand Prix,R,MAG,55.0,12.0,clear_violation,290.0,88.0,185.00177400000001,100.0,0.2367150000000000,147,621,239.83880600000001,255.0,1.1372549999999999,0.7713590000000000,0,0,1,0,1
2022,Hungarian Grand Prix,R,TSU,52.0,7.0,clear_violation,258.0,0.0,140.40232399999999,100.0,0.2771800000000000,232,837,239.83880600000001,255.0,1.011765000000000,0.5854030000000000,0,0,1,0,1
2022,Hungarian Grand Prix,R,ALB,57.0,7.0,clear_violation,290.0,85.0,180.7271090000000,100.0,0.2559620000000000,161,629,239.83880600000001,255.0,1.1372549999999999,0.7535360000000000,0,0,1,0,1
2022,Hungarian Grand Prix,R,ZHO,65.0,4.0,clear_violation,285.0,86.0,189.4268990000000,100.0,0.2170420000000000,135,622,239.83880600000001,255.0,1.1176470000000001,0.7898090000000000,0,0,1,0,1
2022,Hungarian Grand Prix,R,ZHO,69.0,13.0,clear_violation,292.0,69.0,177.3243600000000,100.0,0.2582580000000000,172,666,239.83880600000001,255.0,1.1450979999999999,0.7393480000000000,0,0,1,0,1
2022,Hungarian Grand Prix,R,RIC,64.0,4.0,clear_violation,288.0,86.0,188.6834710000000,100.0,0.2112680000000000,135,639,239.83880600000001,255.0,1.1294120000000001,0.7867100000000000,0,0,1,0,1
2022,Hungarian Grand Prix,R,HAM,15.0,12.0,clear_violation,282.0,87.0,184.2776630000000,100.0,0.2264150000000000,144,636,239.83880600000001,255.0,1.1058820000000000,0.7683400000000000,0,0,1,0,1
2022,Hungarian Grand Prix,R,HAM,24.0,12.0,clear_violation,296.0,91.0,185.4725700000000,100.0,0.2296650000000000,144,627,239.83880600000001,255.0,1.1607840000000000,0.773322000000000,0,0,1,0,1
2022,Hungarian Grand Prix,R,VET,35.0,7.0,clear_violation,306.0,79.0,181.87924300000000,100.0,0.2852710000000000,184,645,239.83880600000001,255.0,1.2,0.7583400000000000,0,0,1,0,1
2022,Hungarian Grand Prix,R,LAT,52.0,11.0,clear_violation,292.0,84.0,180.99486800000,100.0,0.2874430000000000,190,661,239.83880600000001,255.0,1.1450979999999999,0.754652000000000,0,0,1,0,1
2022,Hungarian Grand Prix,R,LAT,58.0,13.0,clear_violation,289.0,89.0,185.8756590000000,100.0,0.2679430000000000,168,627,239.83880600000001,255.0,1.1333329999999999,0.7750020000000000,0,0,1,0,1
2022,Hungarian Grand Prix,R,LAT,62.0,4.0,clear_violation,288.0,88.0,186.01857999999999,100.0,0.2839120000000000,180,634,239.83880600000001,255.0,1.1294120000000001,0.7755980000000000,0,0,1,0,1
2022,Hungarian Grand Prix,R,HAM,15.0,12.0,no_advantage,282.0,87.0,184.2776630000000,100.0,0.2264150000000000,144,636,239.83880600000001,255.0,1.1058820000000000,0.7683400000000000,0,0,1,0,1
2022,Hungarian Grand Prix,R,MAG,51.0,4.0,no_advantage,290.0,87.0,186.1652980000000,100.0,0.2243590000000000,140,624,239.83880600000001,255.0,1.1372549999999999,0.7762100000000000,0,0,1,0,1
2022,Hungarian Grand Prix,R,LAT,58.0,13.0,no_advantage,289.0,89.0,185.8756590000000,100.0,0.2679430000000000,168,627,239.83880600000001,255.0,1.1333329999999999,0.7750020000000000,0,0,1,0,1
2022,Italian Grand Prix,Q,LEC,5.0,2.0,clear_violation,345.0,36.0,172.57164800000001,100.0,0.206746000000000,190,919,302.2912090000000,314.0,1.0987260000000001,0.5708790000000000,0,1,0,0,1
2022,Italian Grand Prix,Q,NOR,4.0,7.0,clear_violation,336.0,69.0,249.58614399999999,100.0,0.124402000000000,78,627,302.2912090000000,314.0,1.070064000000000,0.8256480000000000,0,1,0,0,1
2022,Italian Grand Prix,Q,GAS,17.0,6.0,clear_violation,342.0,68.0,253.45473799999999,100.0,0.121260000000000,77,635,302.2912090000000,314.0,1.089172000000000,0.8384460000000000,0,1,0,0,1
2022,Italian Grand Prix,Q,ALO,16.0,7.0,clear_violation,339.0,72.0,254.542143000000,100.0,0.1374410000000000,87,633,302.2912090000000,314.0,1.0796180000000000,0.8420430000000000,0,1,0,0,1
2022,Italian Grand Prix,Q,DEV,7.0,10.0,clear_violation,346.0,58.0,252.8073290000000,100.0,0.1475670000000000,94,637,302.2912090000000,314.0,1.1019110000000001,0.8363040000000000,0,1,0,0,1
2022,Italian Grand Prix,Q,MAG,7.0,7.0,clear_violation,336.0,70.0,251.8652910000000,100.0,0.128527000000000,82,638,302.2912090000000,314.0,1.070064000000000,0.8331880000000000,0,1,0,0,1
2022,Italian Grand Prix,Q,MAG,9.0,7.0,clear_violation,340.0,69.0,251.19539499999999,100.0,0.139937000000000,89,636,302.2912090000000,314.0,1.0828030000000000,0.830972000000000,0,1,0,0,1
2022,Italian Grand Prix,R,VER,15.0,7.0,clear_violation,319.0,67.0,240.9698200000000,100.0,0.131579000000000,85,646,298.0425990000000,315.0,1.0126980000000001,0.8085080000000000,0,0,1,0,1
2022,Italian Grand Prix,R,GAS,14.0,2.0,clear_violation,354.0,64.0,234.0109830000000,100.0,0.1766470000000000,118,668,298.0425990000000,315.0,1.1238100000000000,0.7851600000000000,0,0,1,0,1
2022,Italian Grand Prix,R,PER,24.0,7.0,clear_violation,332.0,64.0,237.18589200000000,100.0,0.1407620000000000,96,682,298.0425990000000,315.0,1.053968000000000,0.7958120000000000,0,0,1,0,1
2022,Italian Grand Prix,R,ALO,21.0,5.0,clear_violation,322.0,69.0,235.5006830000000,100.0,0.155689000000000,104,668,298.0425990000000,315.0,1.0222220000000000,0.7901580000000000,0,0,1,0,1
2022,Italian Grand Prix,R,STR,22.0,7.0,clear_violation,329.0,68.0,235.7798880000000,99.0,0.0,0,680,298.0425990000000,315.0,1.0444439999999999,0.7910950000000000,0,0,1,0,1
2022,Italian Grand Prix,R,MAG,17.0,7.0,clear_violation,320.0,72.0,235.423522000000,100.0,0.1507460000000000,101,670,298.0425990000000,315.0,1.0158730000000000,0.7898990000000000,0,0,1,0,1
2022,Italian Grand Prix,R,MAG,18.0,10.0,clear_violation,321.0,66.0,232.92569499999999,100.0,0.1505850000000000,103,684,298.0425990000000,315.0,1.019048000000000,0.7815180000000000,0,0,1,0,1
2022,Italian Grand Prix,R,RIC,41.0,7.0,clear_violation,325.0,70.0,238.21639800000000,99.0,0.1169420000000000,78,667,298.0425990000000,315.0,1.0317460000000001,0.7992700000000000,0,0,1,0,1
2022,Italian Grand Prix,R,RIC,43.0,7.0,clear_violation,323.0,67.0,237.9438020000000,99.0,0.1357250000000000,87,641,298.0425990000000,315.0,1.0253969999999999,0.7983550000000000,0,0,1,0,1
2022,Italian Grand Prix,R,NOR,13.0,2.0,clear_violation,331.0,52.0,231.4406570000000,100.0,0.1892700000000000,127,671,298.0425990000000,315.0,1.0507940000000000,0.7765350000000000,0,0,1,0,1
2022,Italian Grand Prix,R,DEV,11.0,7.0,clear_violation,342.0,67.0,234.34935100000001,100.0,0.1958150000000000,131,669,298.0425990000000,315.0,1.0857140000000001,0.7862950000000000,0,0,1,0,1
2022,Italian Grand Prix,R,DEV,16.0,10.0,clear_violation,339.0,64.0,235.14637600000000,100.0,0.1942340000000000,128,659,298.0425990000000,315.0,1.0761900000000000,0.7889690000000000,0,0,1,0,1
2022,Italian Grand Prix,R,DEV,18.0,7.0,clear_violation,336.0,63.0,235.4496610000000,100.0,0.1866670000000000,126,675,298.0425990000000,315.0,1.0666670000000000,0.789987000000000,0,0,1,0,1
2022,Italian Grand Prix,R,MSC,16.0,7.0,clear_violation,330.0,62.0,237.7633450000000,100.0,0.1396050000000000,92,659,298.0425990000000,315.0,1.0476190000000001,0.7977500000000000,0,0,1,0,1
2022,Italian Grand Prix,R,SAI,39.0,7.0,clear_violation,324.0,69.0,244.2744500000000,100.0,0.1455400000000000,93,639,298.0425990000000,315.0,1.0285709999999999,0.81959600000000,0,0,1,0,1
2022,Japanese Grand Prix,FP1,LAT,4.0,11.0,no_advantage,293.0,61.0,186.90363400000001,100.0,0.2200730000000000,182,827,227.8881120000000,251.0,1.1673309999999999,0.8201550000000000,0,0,0,1,1
2022,Japanese Grand Prix,FP2,LAT,4.0,16.0,no_advantage,279.0,0.0,127.93050500000000,100.0,0.251793000000000,316,1255,237.18490600000001,255.0,1.0941179999999999,0.5393700000000000,0,0,0,1,1
2022,Japanese Grand Prix,FP2,TSU,5.0,9.0,no_advantage,291.0,64.0,197.4896600000000,100.0,0.17375,139,800,237.18490600000001,255.0,1.1411760000000000,0.8326400000000000,0,0,0,1,1
2022,Japanese Grand Prix,Q,ALB,2.0,14.0,clear_violation,332.0,73.0,226.2578580000000,100.0,0.1762180000000000,123,698,261.36046499999998,269.0,1.2342010000000001,0.8656930000000000,0,1,0,0,1
2022,Mexico City Grand Prix,FP1,LAW,16.0,4.0,no_advantage,291.0,58.0,153.76616000000001,100.0,0.147410000000000,111,753,239.65384599999999,249.0,1.1686749999999999,0.6416180000000000,0,0,0,1,1
2022,Mexico City Grand Prix,FP3,MSC,4.0,4.0,no_advantage,342.0,67.0,189.3261920000000,100.0,0.2100980000000000,129,614,233.65449400000000,253.0,1.3517790000000001,0.8102830000000000,0,0,0,1,1
2022,Mexico City Grand Prix,FP3,TSU,21.0,1.0,no_advantage,311.0,51.0,126.3376500000000,100.0,0.0928270000000000,88,948,233.65449400000000,253.0,1.2292490000000000,0.5407030000000000,0,0,0,1,1
2022,Mexico City Grand Prix,Q,RUS,17.0,12.0,clear_violation,344.0,64.0,194.06608100000000,100.0,0.2043190000000000,123,602,248.41037700000001,254.0,1.3543310000000000,0.7812320000000000,0,1,0,0,1
2022,Mexico City Grand Prix,Q,HAM,15.0,3.0,clear_violation,347.0,62.0,195.1675470000000,100.0,0.2069540000000000,125,604,248.41037700000001,254.0,1.3661420000000000,0.7856660000000000,0,1,0,0,1
2022,Mexico City Grand Prix,Q,MSC,8.0,2.0,clear_violation,348.0,64.0,191.2685600000000,100.0,0.2287580000000000,140,612,248.41037700000001,254.0,1.3700790000000000,0.7699700000000000,0,1,0,0,1
2022,Mexico City Grand Prix,Q,ALB,9.0,8.0,clear_violation,351.0,62.0,186.0776340000000,100.0,0.2294020000000000,142,619,248.41037700000001,254.0,1.3818900000000001,0.7490740000000000,0,1,0,0,1
2022,Mexico City Grand Prix,R,ALO,58.0,14.0,clear_violation,302.0,63.0,181.07233199999999,100.0,0.2138460000000000,139,650,242.3936480000000,249.0,1.21285100000000,0.7470180000000000,0,0,1,0,1
2022,Mexico City Grand Prix,R,LEC,11.0,2.0,clear_violation,323.0,61.0,178.9218600000000,100.0,0.2492260000000000,161,646,242.3936480000000,249.0,1.2971889999999999,0.7381460000000000,0,0,1,0,1
2022,Miami Grand Prix,FP1,PER,1.0,1.0,no_advantage,287.0,42.0,151.96129400000001,100.0,0.1868740000000000,168,899,263.83502499999997,283.0,1.0141340000000001,0.5759710000000000,0,0,0,1,1
2022,Miami Grand Prix,FP2,STR,2.0,17.0,no_advantage,326.0,16.0,185.2034230000000,100.0,0.2050310000000000,163,795,262.3170730000000,286.0,1.1398600000000001,0.706029000000000,0,0,0,1,1
2022,Miami Grand Prix,Q,VER,16.0,5.0,clear_violation,322.0,38.0,154.78666300000000,100.0,0.2295970000000000,211,919,279.9016390000000,289.0,1.1141870000000000,0.5530040000000001,0,1,0,0,1
2022,Miami Grand Prix,Q,HAM,5.0,15.0,clear_violation,337.0,42.0,194.16739899999999,100.0,0.2070770000000000,158,763,279.9016390000000,289.0,1.166090000000000,0.6936990000000000,0,1,0,0,1
2022,Miami Grand Prix,Q,GAS,2.0,15.0,clear_violation,336.0,63.0,208.2963340000000,100.0,0.1807750000000000,126,697,279.9016390000000,289.0,1.1626300000000001,0.7441770000000000,0,1,0,0,1
2022,Miami Grand Prix,R,GAS,24.0,5.0,clear_violation,320.0,59.0,197.79955200000001,100.0,0.1829270000000000,135,738,267.06913300000002,287.0,1.1149830000000001,0.7406310000000000,0,0,1,0,1
2022,Miami Grand Prix,R,ALO,3.0,6.0,clear_violation,320.0,62.0,198.82742999999999,100.0,0.1972790000000000,145,735,267.06913300000002,287.0,1.1149830000000001,0.7444790000000000,0,0,1,0,1
2022,Miami Grand Prix,R,ALO,56.0,15.0,clear_violation,317.0,62.0,206.5777360000000,100.0,0.2093020000000000,144,688,267.06913300000002,287.0,1.1045300000000000,0.7734990000000000,0,0,1,0,1
2022,Miami Grand Prix,R,MAG,20.0,12.0,clear_violation,336.0,64.0,201.2921990000000,100.0,0.2166210000000000,159,734,267.06913300000002,287.0,1.170732000000000,0.7537080000000000,0,0,1,0,1
2022,Miami Grand Prix,R,VET,5.0,15.0,clear_violation,317.0,55.0,197.8735850000000,100.0,0.2077750000000000,155,746,267.06913300000002,287.0,1.1045300000000000,0.7409080000000000,0,0,1,0,1
2022,Miami Grand Prix,R,LAT,34.0,15.0,clear_violation,317.0,63.0,188.8747540000000,100.0,0.2188330000000000,165,754,267.06913300000002,287.0,1.1045300000000000,0.7072130000000000,0,0,1,0,1
2022,Miami Grand Prix,R,MAG,20.0,11.0,no_advantage,336.0,64.0,201.2921990000000,100.0,0.2166210000000000,159,734,267.06913300000002,287.0,1.170732000000000,0.7537080000000000,0,0,1,0,1
2022,Monaco Grand Prix,FP1,LEC,10.0,1.0,no_advantage,281.0,45.0,155.15185500000001,100.0,0.3101050000000000,178,574,251.27698599999999,268.0,1.0485070000000001,0.6174539999999999,0,0,0,1,1
2022,Monaco Grand Prix,Q,SAI,1.0,10.0,clear_violation,271.9166680000000,29.0,100.52184699999999,100.0,0.2984230000000000,265,888,264.61386099999999,275.0,0.9887880000000000,0.3798810000000000,0,1,0,0,1
2022,Monaco Grand Prix,Q,SAI,4.0,10.0,clear_violation,277.0,43.0,122.18468100000000,100.0,0.268595000000000,195,726,264.61386099999999,275.0,1.0072730000000001,0.4617470000000000,0,1,0,0,1
2022,Monaco Grand Prix,Q,PER,7.0,10.0,clear_violation,275.8285710000000,37.0,126.87062200000000,100.0,0.2517390000000000,181,719,264.61386099999999,275.0,1.003013000000000,0.4794560000000000,0,1,0,0,1
2022,Monaco Grand Prix,Q,RUS,13.0,10.0,clear_violation,274.91666300000003,39.0,125.9383100000000,100.0,0.2104520000000000,149,708,264.61386099999999,275.0,0.999697000000000,0.47593200000000002,0,1,0,0,1
2022,Monaco Grand Prix,Q,RUS,22.0,10.0,clear_violation,275.3,42.0,131.5685890000000,100.0,0.2205660000000000,148,671,264.61386099999999,275.0,1.001091000000000,0.4972100000000000,0,1,0,0,1
2022,Monaco Grand Prix,R,GAS,4.0,10.0,clear_violation,249.0,36.0,115.92940500000000,100.0,0.3128210000000000,244,780,245.53339300000,272.0,0.9154409999999999,0.47215299999999999,0,0,1,0,1
2022,Monaco Grand Prix,R,GAS,63.0,10.0,clear_violation,288.0,42.0,148.02903100000000,100.0,0.2907560000000000,173,595,245.53339300000,272.0,1.0588240000000000,0.6028880000000000,0,0,1,0,1
2022,Monaco Grand Prix,R,STR,11.0,10.0,clear_violation,268.0,38.0,122.7526430000000,100.0,0.3410960000000000,249,730,245.53339300000,272.0,0.9852940000000000,0.4999430000000000,0,0,1,0,1
2022,Monaco Grand Prix,R,MAG,19.0,11.0,clear_violation,257.0,36.0,120.09101500000000,100.0,0.2736980000000000,205,749,245.53339300000,272.0,0.9448530000000001,0.4891030000000000,0,0,1,0,1
2022,Monaco Grand Prix,R,TSU,44.0,10.0,clear_violation,286.0,44.0,146.72783300000000,100.0,0.3021000000000000,187,619,245.53339300000,272.0,1.0514710000000000,0.5975880000000000,0,0,1,0,1
2022,Monaco Grand Prix,R,ALB,15.0,10.0,clear_violation,266.0,37.0,122.6412750000000,100.0,0.3825140000000000,280,732,245.53339300000,272.0,0.9779409999999999,0.499489000000000,0,0,1,0,1
2022,Monaco Grand Prix,R,ALB,17.0,10.0,clear_violation,267.0,40.0,120.82442200000000,100.0,0.3857730000000000,282,731,245.53339300000,272.0,0.9816180000000000,0.49209000000000003,0,0,1,0,1
2022,Monaco Grand Prix,R,ALB,22.0,10.0,clear_violation,247.0,0.0,90.79380500000001,100.0,0.3615540000000000,363,1004,245.53339300000,272.0,0.9080880000000000,0.3697820000000000,0,0,1,0,1
2022,Monaco Grand Prix,R,ZHO,11.0,10.0,clear_violation,271.0,38.0,119.2378560000000,100.0,0.2945110000000000,220,747,245.53339300000,272.0,0.9963240000000000,0.48562800000000000,0,0,1,0,1
2022,Monaco Grand Prix,R,ZHO,49.0,11.0,clear_violation,293.0,45.0,141.3557370000000,100.0,0.3476870000000000,218,627,245.53339300000,272.0,1.0772060000000001,0.5757090000000000,0,0,1,0,1
2022,Monaco Grand Prix,R,HAM,13.0,10.0,clear_violation,263.0,38.0,120.38760800000000,100.0,0.322237000000000,242,751,245.53339300000,272.0,0.9669120000000000,0.4903110000000000,0,0,1,0,1
2022,Monaco Grand Prix,R,SAI,48.0,10.0,clear_violation,284.0,46.0,151.49565799999999,100.0,0.3377700000000000,203,601,245.53339300000,272.0,1.0441180000000001,0.6170060000000001,0,0,1,0,1
2022,Monaco Grand Prix,R,RUS,8.0,10.0,clear_violation,263.0,36.0,117.89305000000000,100.0,0.3184800000000000,243,763,245.53339300000,272.0,0.9669120000000000,0.4801510000000000,0,0,1,0,1
2022,Monaco Grand Prix,R,RUS,12.0,10.0,clear_violation,258.0,38.0,121.8484650000000,100.0,0.319061000000000,231,724,245.53339300000,272.0,0.9485290000000000,0.4962600000000000,0,0,1,0,1
2022,Pre-Season Test,Q,HAM,5.0,19.0,clear_violation,317.0,72.0,204.1257090000000,100.0,0.186014000000000,133,715,205.6011240000000,215.0,1.4744189999999999,0.9928240000000000,0,1,0,0,1
2022,Pre-Season Test,Q,VET,8.0,9.0,clear_violation,315.0,70.0,201.28446800000000,100.0,0.197875000000000,149,753,205.6011240000000,215.0,1.4651160000000001,0.9790050000000000,0,1,0,0,1
2022,Pre-Season Test,Q,ZHO,5.0,12.0,clear_violation,324.0,70.0,201.67026600000,100.0,0.1903450000000000,138,725,205.6011240000000,215.0,1.5069770000000000,0.9808810000000000,0,1,0,0,1
2022,Pre-Season Test,Q,ZHO,14.0,12.0,clear_violation,322.0,71.0,203.0801920000000,100.0,0.1814460000000000,133,733,205.6011240000000,215.0,1.4976739999999999,0.9877390000000000,0,1,0,0,1
2022,Pre-Season Test,Q,TSU,11.0,9.0,clear_violation,321.0,74.0,203.7105730000000,100.0,0.1546810000000000,114,737,205.6011240000000,215.0,1.4930230000000000,0.9908050000000000,0,1,0,0,1
2022,Pre-Season Test,R,VER,48.0,9.0,clear_violation,308.0,65.0,195.165287000000,100.0,0.2041610000000000,157,769,193.09443899999999,206.0,1.4951460000000001,1.0107250000000001,0,0,1,0,1
2022,Pre-Season Test,R,VER,51.0,9.0,clear_violation,309.0,67.0,194.9443910000000,100.0,0.2058430000000000,155,753,193.09443899999999,206.0,1.5,1.0095810000000001,0,0,1,0,1
2022,Pre-Season Test,R,GAS,9.0,11.0,clear_violation,300.0,63.0,186.56374400000001,100.0,0.1859610000000000,151,812,193.09443899999999,206.0,1.4563109999999999,0.9661790000000000,0,0,1,0,1
2022,Pre-Season Test,R,GAS,31.0,19.0,clear_violation,299.0,69.0,190.9329200000000,100.0,0.1564890000000000,123,786,193.09443899999999,206.0,1.4514560000000001,0.9888060000000000,0,0,1,0,1
2022,Pre-Season Test,R,GAS,34.0,19.0,clear_violation,297.0,72.0,189.5695660000000,100.0,0.1647060000000000,126,765,193.09443899999999,206.0,1.441748000000000,0.9817450000000000,0,0,1,0,1
2022,Pre-Season Test,R,PER,8.0,19.0,clear_violation,325.0,66.0,189.7045630000000,100.0,0.2279790000000000,176,772,193.09443899999999,206.0,1.5776699999999999,0.9824440000000000,0,0,1,0,1
2022,Pre-Season Test,R,PER,47.0,6.0,clear_violation,307.0,69.0,196.014593000000,100.0,0.2013250000000000,152,755,193.09443899999999,206.0,1.4902910000000000,1.0151230000000000,0,0,1,0,1
2022,Pre-Season Test,R,PER,54.0,6.0,clear_violation,308.0,63.0,193.85110000000000,100.0,0.202276000000000,160,791,193.09443899999999,206.0,1.4951460000000001,1.0039190000000000,0,0,1,0,1
2022,Pre-Season Test,R,ALO,3.0,19.0,clear_violation,305.0,69.0,187.6124500000000,100.0,0.2029890000000000,163,803,193.09443899999999,206.0,1.4805830000000000,0.9716100000000000,0,0,1,0,1
2022,Pre-Season Test,R,MAG,26.0,19.0,clear_violation,296.0,69.0,187.9324910000000,100.0,0.2197370000000000,167,760,193.09443899999999,206.0,1.4368930000000000,0.9732670000000000,0,0,1,0,1
2022,Pre-Season Test,R,TSU,15.0,19.0,clear_violation,326.0,65.0,187.2783740000000,100.0,0.1881310000000000,149,792,193.09443899999999,206.0,1.5825240000000000,0.9698800000000000,0,0,1,0,1
2022,Pre-Season Test,R,ALB,6.0,19.0,clear_violation,325.0,64.0,187.63217100000000,100.0,0.2369080000000000,190,802,193.09443899999999,206.0,1.5776699999999999,0.9717120000000000,0,0,1,0,1
2022,Pre-Season Test,R,ALB,8.0,12.0,clear_violation,302.0,65.0,185.1240420000000,100.0,0.2205510000000000,176,798,193.09443899999999,206.0,1.4660190000000000,0.9587230000000000,0,0,1,0,1
2022,Pre-Season Test,R,ALB,12.0,19.0,clear_violation,305.0,70.0,188.9306110000000,100.0,0.22544100000000,179,794,193.09443899999999,206.0,1.4805830000000000,0.9784360000000000,0,0,1,0,1
2022,Pre-Season Test,R,ZHO,32.0,12.0,clear_violation,325.0,67.0,186.9820610000000,100.0,0.2515720000000000,200,795,193.09443899999999,206.0,1.5776699999999999,0.9683450000000000,0,0,1,0,1
2022,Pre-Season Test,R,ZHO,33.0,12.0,clear_violation,321.0,67.0,188.23125800000000,100.0,0.2344740000000000,185,789,193.09443899999999,206.0,1.558252000000000,0.9748140000000000,0,0,1,0,1
2022,Pre-Season Test,R,ZHO,36.0,19.0,clear_violation,297.0,68.0,190.77503899999999,100.0,0.2151090000000000,168,781,193.09443899999999,206.0,1.441748000000000,0.9879880000000000,0,0,1,0,1
2022,Pre-Season Test,R,RIC,7.0,19.0,clear_violation,316.0,67.0,186.3853830000000,99.0,0.1779450000000000,142,798,193.09443899999999,206.0,1.5339810000000000,0.9652550000000000,0,0,1,0,1
2022,Pre-Season Test,R,RIC,33.0,19.0,clear_violation,297.0,65.0,185.44256300000001,99.0,0.1756590000000000,140,797,193.09443899999999,206.0,1.441748000000000,0.9603720000000000,0,0,1,0,1
2022,Pre-Season Test,R,NOR,15.0,19.0,clear_violation,296.0,0.0,158.6925550000000,100.0,0.2143620000000000,200,933,193.09443899999999,206.0,1.4368930000000000,0.8218390000000000,0,0,1,0,1
2022,Pre-Season Test,R,NOR,51.0,19.0,clear_violation,302.0,62.0,191.66004500000000,100.0,0.2225130000000000,170,764,193.09443899999999,206.0,1.4660190000000000,0.9925720000000000,0,0,1,0,1
2022,Pre-Season Test,R,HAM,13.0,19.0,clear_violation,293.0,0.0,160.06161399999999,100.0,0.2415250000000000,228,944,193.09443899999999,206.0,1.4223300000000001,0.8289290000000000,0,0,1,0,1
2022,Pre-Season Test,R,HAM,43.0,9.0,clear_violation,299.0,74.0,195.1352120000000,100.0,0.1877500000000000,141,751,193.09443899999999,206.0,1.4514560000000001,1.0105690000000001,0,0,1,0,1
2022,Pre-Season Test,R,HAM,52.0,9.0,clear_violation,324.0,71.0,195.48843700000000,100.0,0.2204720000000000,168,762,193.09443899999999,206.0,1.5728160000000000,1.0123979999999999,0,0,1,0,1
2022,Pre-Season Test,R,MSC,3.0,19.0,clear_violation,318.0,68.0,186.01523100000000,100.0,0.2381550000000000,191,802,193.09443899999999,206.0,1.5436890000000001,0.9633380000000000,0,0,1,0,1
2022,Pre-Season Test,R,MSC,10.0,19.0,clear_violation,323.0,66.0,183.8619620000000,100.0,0.2432430000000000,198,814,193.09443899999999,206.0,1.5679609999999999,0.9521870000000000,0,0,1,0,1
2022,Pre-Season Test,R,MSC,39.0,19.0,clear_violation,298.0,67.0,189.5983840000000,100.0,0.2195120000000000,171,779,193.09443899999999,206.0,1.4466019999999999,0.9818950000000000,0,0,1,0,1
2022,Pre-Season Test,R,MSC,53.0,19.0,clear_violation,303.0,68.0,189.97736599999999,100.0,0.2066830000000000,167,808,193.09443899999999,206.0,1.470874000000000,0.9838570000000000,0,0,1,0,1
2022,Pre-Season Test,R,RUS,35.0,19.0,clear_violation,322.0,63.0,191.9246770000000,100.0,0.2088200000000000,161,771,193.09443899999999,206.0,1.5631070000000000,0.9939420000000000,0,0,1,0,1
2022,Pre-Season Track Session,FP2,BOT,20.0,3.0,no_advantage,299.0,79.0,221.22307599999999,100.0,0.1830790000000000,132,721,237.48379100000000,254.0,1.1771650000000000,0.9315290000000001,0,0,0,1,1
2022,Pre-Season Track Session,FP2,MSC,21.0,9.0,no_advantage,293.0,83.0,220.5694800000000,100.0,0.1343710000000000,95,707,237.48379100000000,254.0,1.1535430000000000,0.9287770000000000,0,0,0,1,1
2022,Pre-Season Track Session,FP2,PER,15.0,3.0,no_advantage,301.0,65.0,215.3547970000000,100.0,0.1686910000000000,125,741,237.48379100000000,254.0,1.18503900000000,0.906819000000000,0,0,0,1,1
2022,Pre-Season Track Session,FP3,VET,12.0,3.0,no_advantage,312.0,87.0,231.3596010000000,100.0,0.1430640000000000,99,692,233.0,254.0,1.2283459999999999,0.9929600000000000,0,0,0,1,1
2022,Pre-Season Track Session,FP3,PER,10.0,3.0,no_advantage,297.0,68.0,206.89976400000,100.0,0.1310620000000000,100,763,233.0,254.0,1.169291000000000,0.8879820000000000,0,0,0,1,1
2022,Pre-Season Track Session,FP3,SAI,16.0,3.0,no_advantage,296.0,73.0,183.9554330000000,100.0,0.1584510000000000,135,852,233.0,254.0,1.1653540000000000,0.7895080000000000,0,0,0,1,1
2022,Pre-Season Track Session,Q,LAT,18.0,3.0,clear_violation,291.0,45.0,166.83612600000001,100.0,0.2232510000000000,217,972,214.91097900000000,235.0,1.2382979999999999,0.7763030000000000,0,1,0,0,1
2022,Pre-Season Track Session,Q,VER,15.0,13.0,no_advantage,297.0,72.0,188.53487400000000,100.0,0.21007400000000,171,814,214.91097900000000,235.0,1.2638300000000000,0.8772700000000000,0,1,0,0,1
2022,Pre-Season Track Session,Q,LAT,17.0,3.0,no_advantage,296.0,70.0,186.2410800000000,100.0,0.2047060000000000,174,850,214.91097900000000,235.0,1.2595740000000000,0.8665960000000000,0,1,0,0,1
2022,Pre-Season Track Session,Q,LAT,19.0,1.0,no_advantage,285.0,67.0,166.77240699999999,100.0,0.2478350000000000,229,924,214.91097900000000,235.0,1.2127660000000000,0.7760070000000000,0,1,0,0,1
2022,Pre-Season Track Session,R,VER,45.0,9.0,clear_violation,306.0,83.0,226.21063300000000,100.0,0.1420450000000000,100,704,237.4448820000000,252.0,1.2142860000000000,0.95268700000000,0,0,1,0,1
2022,Pre-Season Track Session,R,GAS,10.0,15.0,clear_violation,297.0,83.0,215.80113200000000,100.0,0.137063000000000,98,715,237.4448820000000,252.0,1.1785710000000000,0.9088470000000000,0,0,1,0,1
2022,Pre-Season Track Session,R,LEC,45.0,15.0,clear_violation,303.0,77.0,225.9928180000000,100.0,0.1452510000000000,104,716,237.4448820000000,252.0,1.2023809999999999,0.9517700000000000,0,0,1,0,1
2022,Pre-Season Track Session,R,STR,50.0,15.0,clear_violation,298.0,78.0,225.15268699999999,100.0,0.163059000000000,113,693,237.4448820000000,252.0,1.1825399999999999,0.9482310000000000,0,0,1,0,1
2022,Pre-Season Track Session,R,MAG,8.0,9.0,clear_violation,318.0,80.0,217.13514400000000,100.0,0.1633800000000000,116,710,237.4448820000000,252.0,1.2619050000000001,0.9144650000000000,0,0,1,0,1
2022,Pre-Season Track Session,R,MAG,49.0,9.0,clear_violation,296.0,78.0,224.65505099999999,100.0,0.132184000000000,92,696,237.4448820000000,252.0,1.1746030000000001,0.9461360000000000,0,0,1,0,1
2022,Pre-Season Track Session,R,LAT,26.0,15.0,clear_violation,307.0,79.0,220.5836380000000,100.0,0.1974610000000000,140,709,237.4448820000000,252.0,1.2182539999999999,0.9289890000000000,0,0,1,0,1
2022,Pre-Season Track Session,R,LAT,31.0,9.0,clear_violation,306.0,83.0,221.0385150000000,100.0,0.1843580000000000,132,716,237.4448820000000,252.0,1.2142860000000000,0.9309050000000000,0,0,1,0,1
2022,Pre-Season Track Session,R,TSU,10.0,3.0,no_advantage,324.0,76.0,216.8097230000000,100.0,0.156559000000000,111,709,237.4448820000000,252.0,1.2857140000000000,0.9130950000000000,0,0,1,0,1
2022,Saudi Arabian Grand Prix,FP1,VER,12.0,8.0,no_advantage,299.2937500,60.0,153.63211200000001,100.0,0.2583030000000000,280,1084,275.12938000000003,304.0,0.9845190000000000,0.5584000000000000,0,0,0,1,1
2022,Saudi Arabian Grand Prix,FP1,TSU,20.0,8.0,no_advantage,293.0,67.0,171.3639760000000,100.0,0.1568630000000000,152,969,275.12938000000003,304.0,0.9638160000000000,0.6228490000000000,0,0,0,1,1
2022,Saudi Arabian Grand Prix,R,PER,35.0,2.0,clear_violation,315.0,76.0,233.55891500000001,100.0,0.1508380000000000,108,716,285.04397000000000,311.0,1.0128619999999999,0.8193790000000000,0,0,1,0,1
2022,Saudi Arabian Grand Prix,R,LEC,47.0,2.0,clear_violation,315.0,72.0,238.33029700000000,100.0,0.1631210000000000,115,705,285.04397000000000,311.0,1.0128619999999999,0.8361180000000000,0,0,1,0,1
2022,Saudi Arabian Grand Prix,R,MAG,11.0,2.0,clear_violation,330.0,64.0,225.5718190000000,100.0,0.1563340000000000,116,742,285.04397000000000,311.0,1.0610930000000001,0.7913580000000000,0,0,1,0,1
2022,Saudi Arabian Grand Prix,R,ALB,4.0,2.0,clear_violation,315.0,75.0,223.83313799999999,100.0,0.1576820000000000,117,742,285.04397000000000,311.0,1.0128619999999999,0.7852580000000000,0,0,1,0,1
2022,Saudi Arabian Grand Prix,R,ALB,8.0,2.0,clear_violation,312.0,76.0,221.79306199999999,100.0,0.1608300000000000,124,771,285.04397000000000,311.0,1.0032150000000000,0.7781010000000000,0,0,1,0,1
2022,Saudi Arabian Grand Prix,R,ZHO,5.0,2.0,clear_violation,327.0,60.0,223.6932320000000,100.0,0.1648940000000000,124,752,285.04397000000000,311.0,1.0514470000000000,0.784767000000000,0,0,1,0,1
2022,Saudi Arabian Grand Prix,R,ZHO,48.0,2.0,clear_violation,305.0,67.0,227.11813300000000,100.0,0.1459170000000000,109,747,285.04397000000000,311.0,0.9807070000000000,0.7967830000000000,0,0,1,0,1
2022,Saudi Arabian Grand Prix,R,OCO,8.0,2.0,clear_violation,325.0,79.0,222.54764599999999,100.0,0.188557000000000,145,769,285.04397000000000,311.0,1.045016000000000,0.7807480000000000,0,0,1,0,1
2022,Saudi Arabian Grand Prix,R,OCO,12.0,2.0,clear_violation,326.0,69.0,228.06168600000001,100.0,0.1734970000000000,127,732,285.04397000000000,311.0,1.0482320000000001,0.8000930000000001,0,0,1,0,1
2022,Saudi Arabian Grand Prix,R,NOR,4.0,2.0,clear_violation,304.0,70.0,223.02607300000000,99.0,0.1517620000000000,112,738,285.04397000000000,311.0,0.977492000000000,0.7824270000000000,0,0,1,0,1
2022,Saudi Arabian Grand Prix,R,LAT,5.0,2.0,clear_violation,313.0,82.0,224.06418099999999,100.0,0.1655630000000000,125,755,285.04397000000000,311.0,1.0064310000000001,0.7860690000000000,0,0,1,0,1
2022,Singapore Grand Prix,FP1,RUS,3.0,11.0,no_advantage,294.0,65.0,149.09316300000000,104.0,0.6477000000000001,535,826,234.64553300000000,255.0,1.1529410000000000,0.6353970000000000,0,0,0,1,1
2022,Singapore Grand Prix,FP2,VET,2.0,13.0,no_advantage,303.0,9.0,149.9661390000000,100.0,0.2294180000000000,209,911,232.38165699999999,256.0,1.18359400,0.6453440000000000,0,0,0,1,1
2022,Singapore Grand Prix,FP2,RUS,4.0,11.0,no_advantage,265.0,55.0,121.02773800000000,100.0,0.2344580000000000,264,1126,232.38165699999999,256.0,1.03515600,0.5208150000000000,0,0,0,1,1
2022,Singapore Grand Prix,FP2,GAS,7.0,18.0,no_advantage,307.0,62.0,172.3170200000000,100.0,0.2020330000000000,159,787,232.38165699999999,256.0,1.19921900,0.7415260000000000,0,0,0,1,1
2022,Singapore Grand Prix,FP2,BOT,13.0,16.0,no_advantage,300.0,38.0,144.16767800000000,100.0,0.2934900000000000,275,937,232.38165699999999,256.0,1.171875,0.6203920000000001,0,0,0,1,1
2022,Singapore Grand Prix,FP3,LAT,5.0,7.0,no_advantage,279.0,53.0,136.1660300000000,100.0,0.2934560000000000,287,978,212.7422680000000,243.0,1.1481479999999999,0.6400520000000000,0,0,0,1,1
2022,Singapore Grand Prix,FP3,GAS,12.0,18.0,no_advantage,291.0,53.0,144.0701180000000,100.0,0.2593380000000000,243,937,212.7422680000000,243.0,1.1975309999999999,0.67720500000000,0,0,0,1,1
2022,Singapore Grand Prix,Q,MSC,1.0,16.0,no_advantage,268.0,37.0,108.2175450000000,100.0,0.3012450000000000,363,1205,241.22556399999999,253.0,1.0592889999999999,0.4486160000000000,0,1,0,0,1
2022,Singapore Grand Prix,Q,LEC,2.0,8.0,no_advantage,291.0,57.0,157.01027600000000,100.0,0.2399540000000000,209,871,241.22556399999999,253.0,1.150198000000000,0.6508860000000000,0,1,0,0,1
2022,Singapore Grand Prix,Q,ALB,3.0,18.0,no_advantage,296.0,53.0,151.15309600000001,100.0,0.3227920000000000,296,917,241.22556399999999,253.0,1.1699600000000001,0.6266050000000000,0,1,0,0,1
2022,Singapore Grand Prix,Q,GAS,19.0,18.0,no_advantage,291.0,53.0,151.628970000000,100.0,0.2662340000000000,246,924,241.22556399999999,253.0,1.150198000000000,0.6285780000000000,0,1,0,0,1
2022,Spanish Grand Prix,FP1,DEV,24.0,2.0,clear_violation,275.0,0.0,115.70677400000000,100.0,0.2067700000000000,226,1093,262.86386099999999,284.0,0.9683100000000000,0.4401780000000000,0,0,0,1,1
2022,Spanish Grand Prix,FP2,NOR,3.0,7.0,no_advantage,310.0,33.0,157.17176100000000,99.0,0.1796780000000000,145,807,262.49645400000003,284.0,1.091549000000000,0.5987580000000000,0,0,0,1,1
2022,Spanish Grand Prix,FP2,PER,26.0,8.0,no_advantage,298.0,60.0,179.50786800000000,100.0,0.2137830000000000,152,711,262.49645400000003,284.0,1.0492960000000000,0.6838490000000000,0,0,0,1,1
2022,Spanish Grand Prix,Q,PER,10.0,12.0,clear_violation,320.0,83.0,207.6283140000000,100.0,0.1831210000000000,115,628,278.09302300000002,289.0,1.1072660000000001,0.7466150000000000,0,1,0,0,1
2022,Spanish Grand Prix,Q,NOR,11.0,12.0,clear_violation,317.0,82.0,207.74324700000000,100.0,0.1781700000000000,111,623,278.09302300000002,289.0,1.0968860000000000,0.7470280000000000,0,1,0,0,1
2022,Spanish Grand Prix,Q,TSU,2.0,12.0,clear_violation,320.0,84.0,204.18443400000001,100.0,0.1701440000000000,106,623,278.09302300000002,289.0,1.1072660000000001,0.7342310000000000,0,1,0,0,1
2022,Spanish Grand Prix,Q,PER,5.0,8.0,no_advantage,321.0,70.0,174.19111699999999,100.0,0.2186630000000000,157,718,278.09302300000002,289.0,1.1107270000000000,0.6263770000000000,0,1,0,0,1
2022,Spanish Grand Prix,R,VER,24.0,12.0,clear_violation,330.0,74.0,186.53204299999999,100.0,0.2454820000000000,163,664,270.67148900000001,284.0,1.1619720000000000,0.6891460000000000,0,0,1,0,1
2022,Spanish Grand Prix,R,PER,50.0,9.0,clear_violation,305.0,79.0,189.9801160000000,100.0,0.2426040000000000,164,676,270.67148900000001,284.0,1.073944000000000,0.7018840000000000,0,0,1,0,1
2022,Spanish Grand Prix,R,HAM,12.0,12.0,clear_violation,300.0,76.0,189.97917100000001,100.0,0.1973490000000000,134,679,270.67148900000001,284.0,1.056338000000000,0.7018810000000000,0,0,1,0,1
2022,Spanish Grand Prix,R,HAM,35.0,12.0,clear_violation,296.0,75.0,190.03513699999999,100.0,0.1812870000000000,124,684,270.67148900000001,284.0,1.0422540000000000,0.702088000000000,0,0,1,0,1
2022,Spanish Grand Prix,R,HAM,41.0,12.0,clear_violation,296.0,77.0,191.785636000000,100.0,0.1711310000000000,115,672,270.67148900000001,284.0,1.0422540000000000,0.7085550000000000,0,0,1,0,1
2022,Spanish Grand Prix,R,ALO,25.0,12.0,clear_violation,297.0,76.0,184.7362710000000,100.0,0.2881600000000000,202,701,270.67148900000001,284.0,1.045775000000000,0.6825110000000000,0,0,1,0,1
2022,Spanish Grand Prix,R,ALO,26.0,12.0,clear_violation,295.0,73.0,184.73260700000000,100.0,0.2310980000000000,162,701,270.67148900000001,284.0,1.0387320000000000,0.6824970000000000,0,0,1,0,1
2022,Spanish Grand Prix,R,TSU,8.0,9.0,clear_violation,305.0,78.0,186.51875699999999,100.0,0.2014600000000000,138,685,270.67148900000001,284.0,1.073944000000000,0.6890960000000000,0,0,1,0,1
2022,Spanish Grand Prix,R,VET,14.0,9.0,clear_violation,296.0,73.0,182.5492630000000,100.0,0.2352070000000000,159,676,270.67148900000001,284.0,1.0422540000000000,0.674431000000000,0,0,1,0,1
2022,Spanish Grand Prix,R,VET,38.0,9.0,clear_violation,297.0,77.0,188.1222360000000,100.0,0.2167630000000000,150,692,270.67148900000001,284.0,1.045775000000000,0.6950210000000000,0,0,1,0,1
2022,Spanish Grand Prix,R,MSC,31.0,12.0,clear_violation,283.0,0.0,156.69678700000000,100.0,0.234375,195,832,270.67148900000001,284.0,0.9964790000000000,0.5789190000000000,0,0,1,0,1
2022,Spanish Grand Prix,R,MAG,30.0,9.0,clear_violation,279.0,0.0,150.62574300000000,100.0,0.2779740000000000,236,849,270.67148900000001,284.0,0.9823940000000000,0.5564890000000000,0,0,1,0,1
2022,Spanish Grand Prix,R,ALB,16.0,12.0,clear_violation,305.0,80.0,181.88059899999999,100.0,0.2325580000000000,160,688,270.67148900000001,284.0,1.073944000000000,0.671961000000000,0,0,1,0,1
2022,Spanish Grand Prix,R,ALB,36.0,12.0,clear_violation,303.0,76.0,184.14328800000001,100.0,0.2206100000000000,152,689,270.67148900000001,284.0,1.0669010000000001,0.680320000000000,0,0,1,0,1
2022,Spanish Grand Prix,R,ALB,39.0,12.0,clear_violation,303.0,73.0,183.41119800000001,100.0,0.2255750000000000,157,696,270.67148900000001,284.0,1.0669010000000001,0.6776160000000000,0,0,1,0,1
2022,Spanish Grand Prix,R,ALB,62.0,9.0,clear_violation,299.0,78.0,184.52176800000001,100.0,0.2416790000000000,167,691,270.67148900000001,284.0,1.0528169999999999,0.6817190000000000,0,0,1,0,1
2022,Spanish Grand Prix,R,SAI,6.0,4.0,no_advantage,304.0,75.0,187.818881000000,100.0,0.2154290000000000,148,687,270.67148900000001,284.0,1.0704229999999999,0.6939000000000000,0,0,1,0,1
2022,Spanish Grand Prix,R,VER,8.0,4.0,no_advantage,299.0,77.0,189.2703840000000,100.0,0.18797000000000,125,665,270.67148900000001,284.0,1.0528169999999999,0.6992620000000001,0,0,1,0,1
2022,São Paulo Grand Prix,Q,MAG,6.0,8.0,clear_violation,300.0,70.0,193.86660800000001,100.0,0.207071000000000,123,594,305.8936170000000,332.0,0.9036140000000000,0.6337710000000000,0,1,0,0,1
2022,São Paulo Grand Prix,R,STR,23.0,4.0,clear_violation,304.0,75.0,193.5348620000000,100.0,0.2125850000000000,125,588,290.676834000000,338.0,0.8994080000000000,0.66580800000000,0,0,1,0,1
2022,São Paulo Grand Prix,R,STR,24.0,4.0,clear_violation,305.0,75.0,192.71570199999999,100.0,0.2171720000000000,129,594,290.676834000000,338.0,0.9023670000000000,0.6629900000000000,0,0,1,0,1
2022,São Paulo Grand Prix,R,STR,42.0,4.0,clear_violation,317.0,73.0,196.5226770000000,99.0,0.1932620000000000,109,564,290.676834000000,338.0,0.9378700000000000,0.6760860000000000,0,0,1,0,1
2022,São Paulo Grand Prix,R,STR,60.0,4.0,clear_violation,310.0,77.0,199.2118970000000,99.0,0.2347830000000000,135,575,290.676834000000,338.0,0.9171600000000000,0.6853380000000000,0,0,1,0,1
2022,São Paulo Grand Prix,R,HAM,7.0,4.0,clear_violation,306.0,78.0,188.3509010000000,100.0,0.2306480000000000,146,633,290.676834000000,338.0,0.9053250000000000,0.6479740000000000,0,0,1,0,1
2022,São Paulo Grand Prix,R,VET,70.0,4.0,clear_violation,309.0,74.0,200.6097430000000,100.0,0.2017090000000000,118,585,290.676834000000,338.0,0.9142010000000000,0.6901470000000000,0,0,1,0,1
2022,São Paulo Grand Prix,S,VER,7.0,4.0,clear_violation,307.0,77.0,203.91453100000001,100.0,0.1957670000000000,111,567,310.9400430000000,336.0,0.9136900000000000,0.6558000000000000,1,0,0,0,1
2022,São Paulo Grand Prix,SQ,VER,7.0,4.0,clear_violation,307.0,77.0,203.91453100000001,100.0,0.1957670000000000,111,567,310.9400430000000,336.0,0.9136900000000000,0.6558000000000000,0,1,0,0,1
2022,United States Grand Prix,Q,HAM,5.0,19.0,clear_violation,317.0,72.0,204.1257090000000,100.0,0.186014000000000,133,715,205.6011240000000,215.0,1.4744189999999999,0.9928240000000000,0,1,0,0,1
2022,United States Grand Prix,Q,VET,8.0,9.0,clear_violation,315.0,70.0,201.28446800000000,100.0,0.197875000000000,149,753,205.6011240000000,215.0,1.4651160000000001,0.9790050000000000,0,1,0,0,1
2022,United States Grand Prix,Q,ZHO,5.0,12.0,clear_violation,324.0,70.0,201.67026600000,100.0,0.1903450000000000,138,725,205.6011240000000,215.0,1.5069770000000000,0.9808810000000000,0,1,0,0,1
2022,United States Grand Prix,Q,ZHO,14.0,12.0,clear_violation,322.0,71.0,203.0801920000000,100.0,0.1814460000000000,133,733,205.6011240000000,215.0,1.4976739999999999,0.9877390000000000,0,1,0,0,1
2022,United States Grand Prix,Q,TSU,11.0,9.0,clear_violation,321.0,74.0,203.7105730000000,100.0,0.1546810000000000,114,737,205.6011240000000,215.0,1.4930230000000000,0.9908050000000000,0,1,0,0,1
2022,United States Grand Prix,R,VER,48.0,9.0,clear_violation,308.0,65.0,195.165287000000,100.0,0.2041610000000000,157,769,193.09443899999999,206.0,1.4951460000000001,1.0107250000000001,0,0,1,0,1
2022,United States Grand Prix,R,VER,51.0,9.0,clear_violation,309.0,67.0,194.9443910000000,100.0,0.2058430000000000,155,753,193.09443899999999,206.0,1.5,1.0095810000000001,0,0,1,0,1
2022,United States Grand Prix,R,GAS,9.0,11.0,clear_violation,300.0,63.0,186.56374400000001,100.0,0.1859610000000000,151,812,193.09443899999999,206.0,1.4563109999999999,0.9661790000000000,0,0,1,0,1
2022,United States Grand Prix,R,GAS,31.0,19.0,clear_violation,299.0,69.0,190.9329200000000,100.0,0.1564890000000000,123,786,193.09443899999999,206.0,1.4514560000000001,0.9888060000000000,0,0,1,0,1
2022,United States Grand Prix,R,GAS,34.0,19.0,clear_violation,297.0,72.0,189.5695660000000,100.0,0.1647060000000000,126,765,193.09443899999999,206.0,1.441748000000000,0.9817450000000000,0,0,1,0,1
2022,United States Grand Prix,R,PER,8.0,19.0,clear_violation,325.0,66.0,189.7045630000000,100.0,0.2279790000000000,176,772,193.09443899999999,206.0,1.5776699999999999,0.9824440000000000,0,0,1,0,1
2022,United States Grand Prix,R,PER,47.0,6.0,clear_violation,307.0,69.0,196.014593000000,100.0,0.2013250000000000,152,755,193.09443899999999,206.0,1.4902910000000000,1.0151230000000000,0,0,1,0,1
2022,United States Grand Prix,R,PER,54.0,6.0,clear_violation,308.0,63.0,193.85110000000000,100.0,0.202276000000000,160,791,193.09443899999999,206.0,1.4951460000000001,1.0039190000000000,0,0,1,0,1
2022,United States Grand Prix,R,ALO,3.0,19.0,clear_violation,305.0,69.0,187.6124500000000,100.0,0.2029890000000000,163,803,193.09443899999999,206.0,1.4805830000000000,0.9716100000000000,0,0,1,0,1
2022,United States Grand Prix,R,MAG,26.0,19.0,clear_violation,296.0,69.0,187.9324910000000,100.0,0.2197370000000000,167,760,193.09443899999999,206.0,1.4368930000000000,0.9732670000000000,0,0,1,0,1
2022,United States Grand Prix,R,TSU,15.0,19.0,clear_violation,326.0,65.0,187.2783740000000,100.0,0.1881310000000000,149,792,193.09443899999999,206.0,1.5825240000000000,0.9698800000000000,0,0,1,0,1
2022,United States Grand Prix,R,ALB,6.0,19.0,clear_violation,325.0,64.0,187.63217100000000,100.0,0.2369080000000000,190,802,193.09443899999999,206.0,1.5776699999999999,0.9717120000000000,0,0,1,0,1
2022,United States Grand Prix,R,ALB,8.0,12.0,clear_violation,302.0,65.0,185.1240420000000,100.0,0.2205510000000000,176,798,193.09443899999999,206.0,1.4660190000000000,0.9587230000000000,0,0,1,0,1
2022,United States Grand Prix,R,ALB,12.0,19.0,clear_violation,305.0,70.0,188.9306110000000,100.0,0.22544100000000,179,794,193.09443899999999,206.0,1.4805830000000000,0.9784360000000000,0,0,1,0,1
2022,United States Grand Prix,R,ZHO,32.0,12.0,clear_violation,325.0,67.0,186.9820610000000,100.0,0.2515720000000000,200,795,193.09443899999999,206.0,1.5776699999999999,0.9683450000000000,0,0,1,0,1
2022,United States Grand Prix,R,ZHO,33.0,12.0,clear_violation,321.0,67.0,188.23125800000000,100.0,0.2344740000000000,185,789,193.09443899999999,206.0,1.558252000000000,0.9748140000000000,0,0,1,0,1
2022,United States Grand Prix,R,ZHO,36.0,19.0,clear_violation,297.0,68.0,190.77503899999999,100.0,0.2151090000000000,168,781,193.09443899999999,206.0,1.441748000000000,0.9879880000000000,0,0,1,0,1
2022,United States Grand Prix,R,RIC,7.0,19.0,clear_violation,316.0,67.0,186.3853830000000,99.0,0.1779450000000000,142,798,193.09443899999999,206.0,1.5339810000000000,0.9652550000000000,0,0,1,0,1
2022,United States Grand Prix,R,RIC,33.0,19.0,clear_violation,297.0,65.0,185.44256300000001,99.0,0.1756590000000000,140,797,193.09443899999999,206.0,1.441748000000000,0.9603720000000000,0,0,1,0,1
2022,United States Grand Prix,R,NOR,15.0,19.0,clear_violation,296.0,0.0,158.6925550000000,100.0,0.2143620000000000,200,933,193.09443899999999,206.0,1.4368930000000000,0.8218390000000000,0,0,1,0,1
2022,United States Grand Prix,R,NOR,51.0,19.0,clear_violation,302.0,62.0,191.66004500000000,100.0,0.2225130000000000,170,764,193.09443899999999,206.0,1.4660190000000000,0.9925720000000000,0,0,1,0,1
2022,United States Grand Prix,R,HAM,13.0,19.0,clear_violation,293.0,0.0,160.06161399999999,100.0,0.2415250000000000,228,944,193.09443899999999,206.0,1.4223300000000001,0.8289290000000000,0,0,1,0,1
2022,United States Grand Prix,R,HAM,43.0,9.0,clear_violation,299.0,74.0,195.1352120000000,100.0,0.1877500000000000,141,751,193.09443899999999,206.0,1.4514560000000001,1.0105690000000001,0,0,1,0,1
2022,United States Grand Prix,R,HAM,52.0,9.0,clear_violation,324.0,71.0,195.48843700000000,100.0,0.2204720000000000,168,762,193.09443899999999,206.0,1.5728160000000000,1.0123979999999999,0,0,1,0,1
2022,United States Grand Prix,R,MSC,3.0,19.0,clear_violation,318.0,68.0,186.01523100000000,100.0,0.2381550000000000,191,802,193.09443899999999,206.0,1.5436890000000001,0.9633380000000000,0,0,1,0,1
2022,United States Grand Prix,R,MSC,10.0,19.0,clear_violation,323.0,66.0,183.8619620000000,100.0,0.2432430000000000,198,814,193.09443899999999,206.0,1.5679609999999999,0.9521870000000000,0,0,1,0,1
2022,United States Grand Prix,R,MSC,39.0,19.0,clear_violation,298.0,67.0,189.5983840000000,100.0,0.2195120000000000,171,779,193.09443899999999,206.0,1.4466019999999999,0.9818950000000000,0,0,1,0,1
2022,United States Grand Prix,R,MSC,53.0,19.0,clear_violation,303.0,68.0,189.97736599999999,100.0,0.2066830000000000,167,808,193.09443899999999,206.0,1.470874000000000,0.9838570000000000,0,0,1,0,1
2022,United States Grand Prix,R,RUS,35.0,19.0,clear_violation,322.0,63.0,191.9246770000000,100.0,0.2088200000000000,161,771,193.09443899999999,206.0,1.5631070000000000,0.9939420000000000,0,0,1,0,1
2023,Abu Dhabi Grand Prix,Q,VER,5.0,16.0,clear_violation,333.0,68.0,222.24945299999999,100.0,0.1546710000000000,101,653,221.61494300000001,227.0,1.4669600000000000,1.0028630000000001,0,1,0,0,1
2023,Abu Dhabi Grand Prix,Q,HUL,2.0,16.0,clear_violation,331.0,68.0,221.8595490000000,100.0,0.1600610000000000,105,656,221.61494300000001,227.0,1.4581500000000001,1.0011040000000000,0,1,0,0,1
2023,Abu Dhabi Grand Prix,Q,HUL,8.0,16.0,clear_violation,326.0,70.0,223.35363699999999,100.0,0.1279250000000000,82,641,221.61494300000001,227.0,1.4361230000000000,1.0078460000000000,0,1,0,0,1
2023,Abu Dhabi Grand Prix,Q,PER,16.0,1.0,clear_violation,331.0,72.0,225.47189399999999,100.0,0.1332310000000000,87,653,221.61494300000001,227.0,1.4581500000000001,1.0174040000000000,0,1,0,0,1
2023,Abu Dhabi Grand Prix,Q,GAS,17.0,1.0,clear_violation,327.0,68.0,224.02781600000000,100.0,0.1238670000000000,82,662,221.61494300000001,227.0,1.4405289999999999,1.0108880000000000,0,1,0,0,1
2023,Abu Dhabi Grand Prix,Q,ZHO,2.0,16.0,clear_violation,327.0,70.0,222.96250699999999,100.0,0.1401870000000000,90,642,221.61494300000001,227.0,1.4405289999999999,1.0060810000000000,0,1,0,0,1
2023,Abu Dhabi Grand Prix,Q,SAR,2.0,1.0,clear_violation,332.0,68.0,222.4846470000000,100.0,0.1470140000000000,96,653,221.61494300000001,227.0,1.4625550000000000,1.0039240000000000,0,1,0,0,1
2023,Abu Dhabi Grand Prix,Q,SAR,5.0,1.0,clear_violation,330.0,70.0,222.41022899999999,100.0,0.1674350000000000,109,651,221.61494300000001,227.0,1.4537439999999999,1.0035890000000001,0,1,0,0,1
2023,Abu Dhabi Grand Prix,R,VER,23.0,1.0,clear_violation,306.0,66.0,208.65349499999999,100.0,0.1582000000000000,109,689,210.42269899999999,219.0,1.3972599999999999,0.9915920000000000,0,0,1,0,1
2023,Abu Dhabi Grand Prix,R,LEC,10.0,1.0,clear_violation,309.0,61.0,208.7193750000000,100.0,0.1840940000000000,125,679,210.42269899999999,219.0,1.4109590000000001,0.9919050000000000,0,0,1,0,1
2023,Abu Dhabi Grand Prix,R,LEC,28.0,16.0,clear_violation,308.0,60.0,210.90986599999999,100.0,0.1790390000000000,123,687,210.42269899999999,219.0,1.4063930000000000,1.0023150000000001,0,0,1,0,1
2023,Abu Dhabi Grand Prix,R,LEC,29.0,16.0,clear_violation,310.0,60.0,209.6641760000000,100.0,0.1759530000000000,120,682,210.42269899999999,219.0,1.4155249999999999,0.9963950000000000,0,0,1,0,1
2023,Abu Dhabi Grand Prix,R,RUS,54.0,1.0,clear_violation,309.0,59.0,209.54086300000000,100.0,0.1411590000000000,95,673,210.42269899999999,219.0,1.4109590000000001,0.9958090000000001,0,0,1,0,1
2023,Abu Dhabi Grand Prix,R,PER,41.0,1.0,clear_violation,308.0,62.0,211.115415000000,100.0,0.1578950000000000,108,684,210.42269899999999,219.0,1.4063930000000000,1.003292000000000,0,0,1,0,1
2023,Abu Dhabi Grand Prix,R,NOR,9.0,1.0,clear_violation,322.0,60.0,205.557440000000,99.0,0.1875900000000000,130,693,210.42269899999999,219.0,1.4703200000000001,0.976879000000000,0,0,1,0,1
2023,Abu Dhabi Grand Prix,R,NOR,31.0,12.0,clear_violation,309.0,60.0,208.58995700000000,100.0,0.1787790000000000,123,688,210.42269899999999,219.0,1.4109590000000001,0.9912900000000000,0,0,1,0,1
2023,Abu Dhabi Grand Prix,R,NOR,47.0,6.0,clear_violation,310.0,61.0,211.3459080000000,100.0,0.1516520000000000,101,666,210.42269899999999,219.0,1.4155249999999999,1.004387000000000,0,0,1,0,1
2023,Abu Dhabi Grand Prix,R,PIA,15.0,4.0,clear_violation,327.0,64.0,208.5681940000000,99.0,0.1698390000000000,116,683,210.42269899999999,219.0,1.4931509999999999,0.9911870000000000,0,0,1,0,1
2023,Abu Dhabi Grand Prix,R,PIA,31.0,1.0,clear_violation,311.0,60.0,209.1068670000000,99.0,0.1661810000000000,114,686,210.42269899999999,219.0,1.4200910000000000,0.993747000000000,0,0,1,0,1
2023,Abu Dhabi Grand Prix,R,ALO,33.0,1.0,clear_violation,306.0,60.0,207.8121740000000,100.0,0.1548300000000000,109,704,210.42269899999999,219.0,1.3972599999999999,0.9875940000000000,0,0,1,0,1
2023,Abu Dhabi Grand Prix,R,TSU,15.0,16.0,clear_violation,304.0,61.0,207.09454199999999,100.0,0.1629960000000000,111,681,210.42269899999999,219.0,1.3881280000000000,0.9841830000000000,0,0,1,0,1
2023,Abu Dhabi Grand Prix,R,TSU,16.0,16.0,clear_violation,302.0,61.0,204.28332000000000,100.0,0.150074000000000,101,673,210.42269899999999,219.0,1.3789950000000000,0.9708240000000000,0,0,1,0,1
2023,Abu Dhabi Grand Prix,R,TSU,17.0,1.0,clear_violation,302.0,60.0,207.88651400000001,100.0,0.1683030000000000,120,713,210.42269899999999,219.0,1.3789950000000000,0.9879470000000000,0,0,1,0,1
2023,Abu Dhabi Grand Prix,R,HAM,14.0,1.0,clear_violation,325.0,65.0,205.4202850000000,100.0,0.1831190000000000,128,699,210.42269899999999,219.0,1.4840180000000001,0.9762270000000000,0,0,1,0,1
2023,Abu Dhabi Grand Prix,R,STR,14.0,1.0,clear_violation,332.0,59.0,205.60167300000001,100.0,0.1816880000000000,127,699,210.42269899999999,219.0,1.5159819999999999,0.9770890000000000,0,0,1,0,1
2023,Abu Dhabi Grand Prix,R,STR,32.0,1.0,clear_violation,305.0,60.0,208.7546840000000,100.0,0.150355000000000,106,705,210.42269899999999,219.0,1.3926940000000001,0.9920730000000000,0,0,1,0,1
2023,Abu Dhabi Grand Prix,R,RIC,5.0,1.0,clear_violation,332.0,61.0,206.001693000000,100.0,0.1753890000000000,124,707,210.42269899999999,219.0,1.5159819999999999,0.9789900000000000,0,0,1,0,1
2023,Abu Dhabi Grand Prix,R,RIC,31.0,1.0,clear_violation,305.0,60.0,201.83605499999999,100.0,0.1711460000000000,121,707,210.42269899999999,219.0,1.3926940000000001,0.9591930000000000,0,0,1,0,1
2023,Abu Dhabi Grand Prix,R,GAS,41.0,4.0,clear_violation,305.0,63.0,211.7850360000000,100.0,0.1346700000000000,94,698,210.42269899999999,219.0,1.3926940000000001,1.0064740000000001,0,0,1,0,1
2023,Abu Dhabi Grand Prix,R,GAS,43.0,4.0,clear_violation,306.0,63.0,210.05171999999999,100.0,0.1440920000000000,100,694,210.42269899999999,219.0,1.3972599999999999,0.9982370000000000,0,0,1,0,1
2023,Abu Dhabi Grand Prix,R,ALB,2.0,7.0,clear_violation,320.0,56.0,201.14084099999999,100.0,0.1811890000000000,131,723,210.42269899999999,219.0,1.461187000000000,0.9558890000000000,0,0,1,0,1
2023,Abu Dhabi Grand Prix,R,ALB,14.0,4.0,clear_violation,311.0,62.0,205.63061800000000,100.0,0.167622000000000,117,698,210.42269899999999,219.0,1.4200910000000000,0.9772260000000000,0,0,1,0,1
2023,Abu Dhabi Grand Prix,R,ALB,31.0,4.0,clear_violation,313.0,63.0,206.1087840000000,100.0,0.1814290000000000,127,700,210.42269899999999,219.0,1.4292240000000000,0.979499000000000,0,0,1,0,1
2023,Abu Dhabi Grand Prix,R,ALB,32.0,4.0,clear_violation,314.0,63.0,207.92788999999999,100.0,0.1726110000000000,121,701,210.42269899999999,219.0,1.4337899999999999,0.9881440000000000,0,0,1,0,1
2023,Abu Dhabi Grand Prix,R,HUL,11.0,1.0,clear_violation,311.0,64.0,202.7881240000000,100.0,0.1562950000000000,108,691,210.42269899999999,219.0,1.4200910000000000,0.9637180000000000,0,0,1,0,1
2023,Abu Dhabi Grand Prix,R,SAR,2.0,7.0,clear_violation,322.0,57.0,200.74711700000000,100.0,0.1900140000000000,137,721,210.42269899999999,219.0,1.4703200000000001,0.9540180000000000,0,0,1,0,1
2023,Abu Dhabi Grand Prix,R,SAR,10.0,4.0,clear_violation,313.0,62.0,204.33238399999999,100.0,0.1605840000000000,110,685,210.42269899999999,219.0,1.4292240000000000,0.9710569999999999,0,0,1,0,1
2023,Abu Dhabi Grand Prix,R,ZHO,12.0,1.0,clear_violation,311.0,67.0,204.17137700000001,100.0,0.171875,121,704,210.42269899999999,219.0,1.4200910000000000,0.9702920000000000,0,0,1,0,1
2023,Abu Dhabi Grand Prix,R,SAI,6.0,1.0,clear_violation,310.0,63.0,204.15672499999999,100.0,0.191027000000000,132,691,210.42269899999999,219.0,1.4155249999999999,0.9702220000000000,0,0,1,0,1
2023,Abu Dhabi Grand Prix,R,SAI,30.0,1.0,clear_violation,305.0,63.0,209.83668700000001,100.0,0.1654360000000000,112,677,210.42269899999999,219.0,1.3926940000000001,0.9972150000000000,0,0,1,0,1
2023,Abu Dhabi Grand Prix,R,MAG,23.0,4.0,clear_violation,300.0,0.0,169.08147500000001,100.0,0.1905330000000000,161,845,210.42269899999999,219.0,1.36986300000000,0.8035320000000000,0,0,1,0,1
2023,Australian Grand Prix,FP1,MAG,5.0,3.0,no_advantage,318.0,67.0,183.2692650000000,100.0,0.1744630000000000,138,791,292.14814799999999,306.0,1.0392159999999999,0.6273160000000000,0,0,0,1,1
2023,Australian Grand Prix,FP1,TSU,13.0,1.0,no_advantage,297.7406260,39.0,144.1787300000000,100.0,0.0727820000000000,73,1003,292.14814799999999,306.0,0.9730090000000000,0.4935120000000000,0,0,0,1,1
2023,Australian Grand Prix,FP1,DEV,22.0,13.0,no_advantage,294.0,85.0,221.06913000000000,100.0,0.1335400000000000,86,644,292.14814799999999,306.0,0.9607840000000000,0.7567020000000000,0,0,0,1,1
2023,Australian Grand Prix,FP2,NOR,8.0,1.0,no_advantage,303.06666700000000,79.0,192.1003460000000,99.0,0.1782440000000000,136,763,274.06276200000002,309.0,0.9807979999999999,0.7009360000000000,0,0,0,1,1
2023,Australian Grand Prix,FP2,STR,10.0,3.0,no_advantage,292.0,76.0,196.4506230000000,100.0,0.2208330000000000,159,720,274.06276200000002,309.0,0.9449840000000000,0.716809000000000,0,0,0,1,1
2023,Australian Grand Prix,FP3,MAG,14.0,13.0,no_advantage,296.0,0.0,185.57296800000000,100.0,0.1292350000000000,103,797,287.65866699999998,310.0,0.9548390000000000,0.6451150000000000,0,0,0,1,1
2023,Australian Grand Prix,FP3,PER,6.0,3.0,no_advantage,311.0999980000000,21.55000200,205.92039500000001,100.0,0.1347830000000000,93,690,287.65866699999998,310.0,1.0035480000000001,0.7158500000000000,0,0,0,1,1
2023,Australian Grand Prix,FP3,PER,16.0,1.0,no_advantage,315.0,82.0,173.1496850000000,100.0,0.1541350000000000,123,798,287.65866699999998,310.0,1.0161290000000001,0.6019280000000000,0,0,0,1,1
2023,Australian Grand Prix,Q,VER,11.0,1.0,clear_violation,326.0,83.0,196.36648900000,100.0,0.1922040000000000,143,744,301.2166170000000,311.0,1.0482320000000001,0.6519110000000000,0,1,0,0,1
2023,Australian Grand Prix,Q,HAM,7.0,9.0,clear_violation,314.0,69.0,167.24332899999999,100.0,0.2006840000000000,176,877,301.2166170000000,311.0,1.0096460000000000,0.5552260000000000,0,1,0,0,1
2023,Australian Grand Prix,Q,NOR,9.0,6.0,clear_violation,319.0,71.0,193.4212460000000,99.0,0.134641000000000,103,765,301.2166170000000,311.0,1.0257229999999999,0.642133000000000,0,1,0,0,1
2023,Australian Grand Prix,Q,NOR,16.0,3.0,clear_violation,319.0,48.0,187.7888260000000,99.0,0.155440000000000,120,772,301.2166170000000,311.0,1.0257229999999999,0.6234340000000000,0,1,0,0,1
2023,Australian Grand Prix,R,VER,47.0,13.0,clear_violation,303.0,48.0,224.56454500000001,100.0,0.1456,91,625,280.4161290000000,308.0,0.9837660000000000,0.8008260000000000,0,0,1,0,1
2023,Australian Grand Prix,R,VER,47.0,13.0,no_advantage,303.0,48.0,224.56454500000001,100.0,0.1456,91,625,280.4161290000000,308.0,0.9837660000000000,0.8008260000000000,0,0,1,0,1
2023,Australian Grand Prix,R,HUL,51.0,12.0,no_advantage,305.0,76.0,224.29322800000000,100.0,0.146032000000000,92,630,280.4161290000000,308.0,0.9902600000000000,0.799859000000000,0,0,1,0,1
2023,Austrian Grand Prix,Q,VER,2.0,10.0,clear_violation,326.0,68.0,238.5808300000000,100.0,0.1670020000000000,83,497,276.01476000000002,290.0,1.1241380000000001,0.8643770000000000,0,1,0,0,1
2023,Austrian Grand Prix,Q,VER,3.0,10.0,clear_violation,296.0,48.0,113.24739200000000,100.0,0.0609280000000000,63,1034,276.01476000000002,290.0,1.0206900000000001,0.41029500000000002,0,1,0,0,1
2023,Austrian Grand Prix,Q,VER,14.0,10.0,clear_violation,324.0,69.0,239.64206500000000,100.0,0.1636730000000000,82,501,276.01476000000002,290.0,1.1172409999999999,0.8682220000000000,0,1,0,0,1
2023,Austrian Grand Prix,Q,VER,15.0,10.0,clear_violation,299.0,33.0,118.8422480000000,100.0,0.1029260000000000,102,991,276.01476000000002,290.0,1.0310340000000000,0.4305650000000000,0,1,0,0,1
2023,Austrian Grand Prix,Q,SAI,2.0,6.0,clear_violation,321.0,63.0,233.8299530000000,100.0,0.1752990000000000,88,502,276.01476000000002,290.0,1.106897000000000,0.8471649999999999,0,1,0,0,1
2023,Austrian Grand Prix,Q,SAI,9.0,9.0,clear_violation,323.0,68.0,234.0655880000000,100.0,0.1744190000000000,90,516,276.01476000000002,290.0,1.1137930000000000,0.8480180000000000,0,1,0,0,1
2023,Austrian Grand Prix,Q,NOR,2.0,10.0,clear_violation,322.0,67.0,235.9416380000000,100.0,0.1491050000000000,75,503,276.01476000000002,290.0,1.110345000000000,0.8548150000000000,0,1,0,0,1
2023,Austrian Grand Prix,Q,NOR,3.0,10.0,clear_violation,294.0,46.0,116.01950300000000,99.0,0.1479640000000000,149,1007,276.01476000000002,290.0,1.013793000000000,0.4203380000000000,0,1,0,0,1
2023,Austrian Grand Prix,Q,NOR,9.0,10.0,clear_violation,324.0,71.0,237.37383100000000,99.0,0.1348090000000000,67,497,276.01476000000002,290.0,1.1172409999999999,0.8600040000000000,0,1,0,0,1
2023,Austrian Grand Prix,Q,NOR,10.0,10.0,clear_violation,295.0,54.0,123.0626400000000,99.0,0.1313030000000000,125,952,276.01476000000002,290.0,1.0172410000000001,0.44585500000000000,0,1,0,0,1
2023,Austrian Grand Prix,Q,HAM,3.0,10.0,clear_violation,324.0,67.0,232.3663470000000,100.0,0.1473480000000000,75,509,276.01476000000002,290.0,1.1172409999999999,0.8418620000000000,0,1,0,0,1
2023,Austrian Grand Prix,Q,STR,12.0,9.0,clear_violation,323.0,68.0,236.9103080000000,100.0,0.1737370000000000,86,495,276.01476000000002,290.0,1.1137930000000000,0.8583250000000000,0,1,0,0,1
2023,Austrian Grand Prix,Q,STR,21.0,9.0,clear_violation,321.0,64.0,236.55987900000000,100.0,0.1755420000000000,89,507,276.01476000000002,290.0,1.106897000000000,0.857055000000000,0,1,0,0,1
2023,Austrian Grand Prix,Q,ALO,17.0,9.0,clear_violation,321.0,67.0,237.30058299999999,100.0,0.1488930000000000,74,497,276.01476000000002,290.0,1.106897000000000,0.8597390000000000,0,1,0,0,1
2023,Austrian Grand Prix,Q,HUL,2.0,9.0,clear_violation,323.0,69.0,236.44905399999999,100.0,0.1405620000000000,70,498,276.01476000000002,290.0,1.1137930000000000,0.8566540000000000,0,1,0,0,1
2023,Austrian Grand Prix,Q,HUL,17.0,6.0,clear_violation,326.0,66.0,238.38046700000001,100.0,0.1442690000000000,73,506,276.01476000000002,290.0,1.1241380000000001,0.8636509999999999,0,1,0,0,1
2023,Austrian Grand Prix,Q,GAS,5.0,10.0,clear_violation,321.0,64.0,236.77580599999999,100.0,0.1509050000000000,75,497,276.01476000000002,290.0,1.106897000000000,0.8578370000000000,0,1,0,0,1
2023,Austrian Grand Prix,Q,GAS,14.0,10.0,clear_violation,323.0,68.0,238.5404510000000,100.0,0.1351890000000000,68,503,276.01476000000002,290.0,1.1137930000000000,0.8642310000000000,0,1,0,0,1
2023,Austrian Grand Prix,Q,ALB,14.0,10.0,clear_violation,330.0,68.0,235.17558000000000,100.0,0.178,89,500,276.01476000000002,290.0,1.1379310000000000,0.8520400000000000,0,1,0,0,1
2023,Austrian Grand Prix,Q,ALB,20.0,9.0,clear_violation,325.0,68.0,236.28236000000001,100.0,0.1612240000000000,79,490,276.01476000000002,290.0,1.1206900000000000,0.8560500000000000,0,1,0,0,1
2023,Austrian Grand Prix,Q,RUS,17.0,9.0,clear_violation,323.0,68.0,238.0631510000000,100.0,0.1614910000000000,78,483,276.01476000000002,290.0,1.1137930000000000,0.8625020000000000,0,1,0,0,1
2023,Austrian Grand Prix,Q,OCO,5.0,10.0,clear_violation,320.0,61.0,233.23039199999999,100.0,0.1876250000000000,94,501,276.01476000000002,290.0,1.103448000000000,0.8449920000000000,0,1,0,0,1
2023,Austrian Grand Prix,Q,OCO,14.0,10.0,clear_violation,323.0,68.0,238.34095300000001,100.0,0.1883500000000000,97,515,276.01476000000002,290.0,1.1137930000000000,0.8635080000000001,0,1,0,0,1
2023,Austrian Grand Prix,Q,PIA,18.0,9.0,clear_violation,322.0,69.0,236.86227400000001,99.0,0.1317370000000000,66,501,276.01476000000002,290.0,1.110345000000000,0.8581510000000000,0,1,0,0,1
2023,Austrian Grand Prix,Q,BOT,13.0,10.0,clear_violation,325.0,70.0,235.53946400000001,100.0,0.1702540000000000,87,511,276.01476000000002,290.0,1.1206900000000000,0.8533579999999999,0,1,0,0,1
2023,Austrian Grand Prix,Q,PER,12.0,9.0,clear_violation,326.0,65.0,238.69463800000000,100.0,0.1477050000000000,74,501,276.01476000000002,290.0,1.1241380000000001,0.8647890000000000,0,1,0,0,1
2023,Austrian Grand Prix,Q,PER,15.0,9.0,clear_violation,325.0,66.0,236.8295290000000,100.0,0.1501010000000000,74,493,276.01476000000002,290.0,1.1206900000000000,0.8580320000000000,0,1,0,0,1
2023,Austrian Grand Prix,Q,PER,18.0,10.0,clear_violation,327.0,69.0,237.72240800000000,100.0,0.1568630000000000,80,510,276.01476000000002,290.0,1.1275860000000000,0.8612670000000000,0,1,0,0,1
2023,Austrian Grand Prix,Q,TSU,9.0,10.0,clear_violation,321.0,66.0,234.7295400000000,100.0,0.1465860000000000,73,498,276.01476000000002,290.0,1.106897000000000,0.8504240000000000,0,1,0,0,1
2023,Austrian Grand Prix,Q,ZHO,2.0,10.0,clear_violation,323.0,69.0,234.36547100000001,100.0,0.1861390000000000,94,505,276.01476000000002,290.0,1.1137930000000000,0.8491050000000000,0,1,0,0,1
2023,Austrian Grand Prix,Q,MAG,6.0,10.0,clear_violation,321.0,67.0,234.83219500000001,100.0,0.1588240000000000,81,510,276.01476000000002,290.0,1.106897000000000,0.8507960000000000,0,1,0,0,1
2023,Austrian Grand Prix,Q,MAG,7.0,10.0,clear_violation,308.0,49.0,125.72770700000000,100.0,0.1267020000000000,121,955,276.01476000000002,290.0,1.0620689999999999,0.45551100000000000,0,1,0,0,1
2023,Austrian Grand Prix,Q,DEV,6.0,10.0,clear_violation,318.0,59.0,232.63141100000001,100.0,0.1842110000000000,91,494,276.01476000000002,290.0,1.096552000000000,0.8428220000000000,0,1,0,0,1
2023,Austrian Grand Prix,R,VER,65.0,10.0,clear_violation,307.0,64.0,223.62130600000000,100.0,0.1854550000000000,102,550,270.7643410000000,285.0,1.0771930000000001,0.8258890000000000,0,0,1,0,1
2023,Austrian Grand Prix,R,VER,66.0,10.0,clear_violation,317.0,63.0,225.7125850000000,100.0,0.1717560000000000,90,524,270.7643410000000,285.0,1.1122810000000001,0.8336130000000000,0,0,1,0,1
2023,Austrian Grand Prix,R,GAS,6.0,10.0,clear_violation,308.0,67.0,216.99946100000000,100.0,0.1808120000000000,98,542,270.7643410000000,285.0,1.080702000000000,0.8014330000000000,0,0,1,0,1
2023,Austrian Grand Prix,R,GAS,7.0,10.0,clear_violation,311.0,63.0,216.0005780000000,100.0,0.1941920000000000,107,551,270.7643410000000,285.0,1.0912280000000001,0.7977440000000000,0,0,1,0,1
2023,Austrian Grand Prix,R,GAS,22.0,9.0,clear_violation,293.0,66.0,219.26293100000001,100.0,0.1486990000000000,80,538,270.7643410000000,285.0,1.0280700000000000,0.8097920000000000,0,0,1,0,1
2023,Austrian Grand Prix,R,GAS,25.0,10.0,clear_violation,295.0,65.0,220.11361500000001,100.0,0.1537000000000000,81,527,270.7643410000000,285.0,1.0350880000000000,0.8129340000000000,0,0,1,0,1
2023,Austrian Grand Prix,R,GAS,26.0,10.0,clear_violation,294.0,65.0,219.14449999999999,100.0,0.1615380000000000,84,520,270.7643410000000,285.0,1.0315790000000000,0.8093550000000000,0,0,1,0,1
2023,Austrian Grand Prix,R,GAS,27.0,10.0,clear_violation,294.0,65.0,218.88903900000000,100.0,0.1594750000000000,85,533,270.7643410000000,285.0,1.0315790000000000,0.8084120000000000,0,0,1,0,1
2023,Austrian Grand Prix,R,GAS,28.0,10.0,clear_violation,293.0,63.0,218.21616399999999,100.0,0.150376000000000,80,532,270.7643410000000,285.0,1.0280700000000000,0.8059269999999999,0,0,1,0,1
2023,Austrian Grand Prix,R,GAS,29.0,10.0,clear_violation,293.0,58.0,217.0498970000000,100.0,0.1542750000000000,83,538,270.7643410000000,285.0,1.0280700000000000,0.8016190000000000,0,0,1,0,1
2023,Austrian Grand Prix,R,PER,11.0,9.0,clear_violation,321.0,64.0,214.45328599999999,100.0,0.2125240000000000,112,527,270.7643410000000,285.0,1.1263160000000001,0.792029000000000,0,0,1,0,1
2023,Austrian Grand Prix,R,PER,17.0,10.0,clear_violation,301.0,66.0,220.0140400000000,100.0,0.177449000000000,96,541,270.7643410000000,285.0,1.056140000000000,0.8125670000000000,0,0,1,0,1
2023,Austrian Grand Prix,R,PER,18.0,10.0,clear_violation,300.0,66.0,219.26609800000000,100.0,0.1900190000000000,99,521,270.7643410000000,285.0,1.0526320000000000,0.8098040000000000,0,0,1,0,1
2023,Austrian Grand Prix,R,PER,61.0,9.0,clear_violation,324.0,53.0,224.95999900000001,100.0,0.1765800000000000,95,538,270.7643410000000,285.0,1.1368419999999999,0.8308330000000000,0,0,1,0,1
2023,Austrian Grand Prix,R,ALO,4.0,10.0,clear_violation,297.0,63.0,215.7487240000000,100.0,0.1608780000000000,88,547,270.7643410000000,285.0,1.0421050000000001,0.7968140000000000,0,0,1,0,1
2023,Austrian Grand Prix,R,ALO,5.0,10.0,clear_violation,298.0,64.0,217.26812200000001,100.0,0.169173000000000,90,532,270.7643410000000,285.0,1.0456140000000000,0.8024250000000001,0,0,1,0,1
2023,Austrian Grand Prix,R,LEC,5.0,9.0,clear_violation,299.0,65.0,220.819937000000,99.0,0.1864410000000000,99,531,270.7643410000000,285.0,1.0491230000000000,0.8155430000000000,0,0,1,0,1
2023,Austrian Grand Prix,R,LEC,8.0,9.0,clear_violation,298.0,66.0,221.41616400000001,99.0,0.1771220000000000,96,542,270.7643410000000,285.0,1.0456140000000000,0.8177450000000001,0,0,1,0,1
2023,Austrian Grand Prix,R,LEC,32.0,9.0,clear_violation,302.0,62.0,219.47175500000000,100.0,0.1611110000000000,87,540,270.7643410000000,285.0,1.0596490000000001,0.8105640000000000,0,0,1,0,1
2023,Austrian Grand Prix,R,STR,6.0,9.0,clear_violation,312.0,60.0,216.078896000000,100.0,0.2077210000000000,113,544,270.7643410000000,285.0,1.0947370000000001,0.7980330000000000,0,0,1,0,1
2023,Austrian Grand Prix,R,STR,10.0,9.0,clear_violation,301.0,61.0,217.7062580000000,100.0,0.1940850000000000,105,541,270.7643410000000,285.0,1.056140000000000,0.8040430000000000,0,0,1,0,1
2023,Austrian Grand Prix,R,STR,33.0,10.0,clear_violation,320.0,57.0,216.60870800000001,100.0,0.2256880000000000,123,545,270.7643410000000,285.0,1.1228070000000001,0.7999900000000000,0,0,1,0,1
2023,Austrian Grand Prix,R,STR,34.0,10.0,clear_violation,319.0,55.0,217.6797910000000,100.0,0.2097380000000000,112,534,270.7643410000000,285.0,1.119298000000000,0.8039460000000000,0,0,1,0,1
2023,Austrian Grand Prix,R,SAR,15.0,9.0,clear_violation,282.0,0.0,145.31769800000001,100.0,0.2487680000000000,202,812,270.7643410000000,285.0,0.9894740000000000,0.5366940000000000,0,0,1,0,1
2023,Austrian Grand Prix,R,SAR,54.0,10.0,clear_violation,306.0,64.0,220.4774420000000,100.0,0.1736750000000000,95,547,270.7643410000000,285.0,1.0736840000000001,0.8142779999999999,0,0,1,0,1
2023,Austrian Grand Prix,R,SAR,55.0,10.0,clear_violation,306.0,63.0,218.941968000000,100.0,0.1718460000000000,94,547,270.7643410000000,285.0,1.0736840000000001,0.8086070000000000,0,0,1,0,1
2023,Austrian Grand Prix,R,SAR,57.0,9.0,clear_violation,309.0,63.0,219.88235599999999,100.0,0.1826570000000000,99,542,270.7643410000000,285.0,1.0842110000000000,0.8120800000000000,0,0,1,0,1
2023,Austrian Grand Prix,R,MAG,28.0,10.0,clear_violation,303.0,64.0,213.14563500000000,100.0,0.1938410000000000,107,552,270.7643410000000,285.0,1.063158000000000,0.7872000000000000,0,0,1,0,1
2023,Austrian Grand Prix,R,MAG,29.0,10.0,clear_violation,302.0,64.0,214.1659060000000,100.0,0.1786370000000000,97,543,270.7643410000000,285.0,1.0596490000000001,0.7909680000000000,0,0,1,0,1
2023,Austrian Grand Prix,R,MAG,42.0,9.0,clear_violation,301.0,65.0,217.6208190000000,100.0,0.1860040000000000,101,543,270.7643410000000,285.0,1.056140000000000,0.8037280000000000,0,0,1,0,1
2023,Austrian Grand Prix,R,MAG,43.0,10.0,clear_violation,300.0,64.0,218.9206150000000,100.0,0.1851150000000000,97,524,270.7643410000000,285.0,1.0526320000000000,0.8085280000000000,0,0,1,0,1
2023,Austrian Grand Prix,R,MAG,44.0,10.0,clear_violation,299.0,66.0,218.90449100000001,100.0,0.2,109,545,270.7643410000000,285.0,1.0491230000000000,0.8084690000000000,0,0,1,0,1
2023,Austrian Grand Prix,R,MAG,57.0,9.0,clear_violation,298.0,61.0,209.286624000000,100.0,0.1961810000000000,113,576,270.7643410000000,285.0,1.0456140000000000,0.772948000000000,0,0,1,0,1
2023,Austrian Grand Prix,R,DEV,5.0,9.0,clear_violation,302.0,59.0,212.4882300000000,100.0,0.1974410000000000,108,547,270.7643410000000,285.0,1.0596490000000001,0.7847720000000000,0,0,1,0,1
2023,Austrian Grand Prix,R,DEV,21.0,9.0,clear_violation,300.0,61.0,218.8090130000000,100.0,0.1877320000000000,101,538,270.7643410000000,285.0,1.0526320000000000,0.8081159999999999,0,0,1,0,1
2023,Austrian Grand Prix,R,TSU,5.0,10.0,clear_violation,300.0,60.0,213.62535900000000,100.0,0.1813190000000000,99,546,270.7643410000000,285.0,1.0526320000000000,0.7889720000000000,0,0,1,0,1
2023,Austrian Grand Prix,R,TSU,6.0,9.0,clear_violation,318.0,60.0,215.7637610000000,100.0,0.1959710000000000,107,546,270.7643410000000,285.0,1.1157889999999999,0.7968690000000000,0,0,1,0,1
2023,Austrian Grand Prix,R,TSU,8.0,9.0,clear_violation,317.0,64.0,215.6613900000000,100.0,0.1930150000000000,105,544,270.7643410000000,285.0,1.1122810000000001,0.7964909999999999,0,0,1,0,1
2023,Austrian Grand Prix,R,TSU,9.0,10.0,clear_violation,315.0,64.0,217.56310700000000,100.0,0.1746320000000000,95,544,270.7643410000000,285.0,1.105263000000000,0.803515000000000,0,0,1,0,1
2023,Austrian Grand Prix,R,TSU,10.0,10.0,clear_violation,316.0,61.0,214.87108499999999,100.0,0.1955720000000000,106,542,270.7643410000000,285.0,1.1087720000000001,0.7935720000000001,0,0,1,0,1
2023,Austrian Grand Prix,R,TSU,22.0,9.0,clear_violation,310.0,54.0,211.6687700000000,100.0,0.1765770000000000,98,555,270.7643410000000,285.0,1.087719000000000,0.7817450000000000,0,0,1,0,1
2023,Austrian Grand Prix,R,TSU,47.0,10.0,clear_violation,313.0,65.0,219.40360200000001,100.0,0.1831780000000000,98,535,270.7643410000000,285.0,1.0982460000000001,0.8103120000000000,0,0,1,0,1
2023,Austrian Grand Prix,R,TSU,48.0,10.0,clear_violation,302.0,69.0,219.9829380000000,100.0,0.1597740000000000,85,532,270.7643410000000,285.0,1.0596490000000001,0.8124520000000000,0,0,1,0,1
2023,Austrian Grand Prix,R,TSU,49.0,10.0,clear_violation,301.0,67.0,220.2615400000000,100.0,0.1496210000000000,79,528,270.7643410000000,285.0,1.056140000000000,0.8134810000000000,0,0,1,0,1
2023,Austrian Grand Prix,R,TSU,62.0,10.0,clear_violation,319.0,58.0,217.64806700000000,100.0,0.2003780000000000,106,529,270.7643410000000,285.0,1.119298000000000,0.8038280000000000,0,0,1,0,1
2023,Austrian Grand Prix,R,TSU,63.0,10.0,clear_violation,322.0,60.0,214.9864140000000,100.0,0.1829480000000000,103,563,270.7643410000000,285.0,1.1298250000000001,0.7939980000000000,0,0,1,0,1
2023,Austrian Grand Prix,R,ALB,19.0,9.0,clear_violation,324.0,55.0,217.09247600000000,100.0,0.2158670000000000,117,542,270.7643410000000,285.0,1.1368419999999999,0.8017760000000000,0,0,1,0,1
2023,Austrian Grand Prix,R,ALB,20.0,9.0,clear_violation,323.0,56.0,216.94279200000000,100.0,0.2240440000000000,123,549,270.7643410000000,285.0,1.1333329999999999,0.8012240000000000,0,0,1,0,1
2023,Austrian Grand Prix,R,ALB,25.0,10.0,clear_violation,301.0,62.0,216.1584450000000,100.0,0.2041590000000000,108,529,270.7643410000000,285.0,1.056140000000000,0.798327000000000,0,0,1,0,1
2023,Austrian Grand Prix,R,ALB,26.0,10.0,clear_violation,305.0,62.0,218.15058600000000,100.0,0.1931820000000000,102,528,270.7643410000000,285.0,1.0701750000000001,0.8056840000000000,0,0,1,0,1
2023,Austrian Grand Prix,R,ALB,27.0,10.0,clear_violation,307.0,58.0,218.48729700000001,100.0,0.1894930000000000,101,533,270.7643410000000,285.0,1.0771930000000001,0.8069280000000000,0,0,1,0,1
2023,Austrian Grand Prix,R,ALB,28.0,10.0,clear_violation,306.0,60.0,216.9667930000000,100.0,0.2014790000000000,109,541,270.7643410000000,285.0,1.0736840000000001,0.8013120000000000,0,0,1,0,1
2023,Austrian Grand Prix,R,ALB,29.0,10.0,clear_violation,304.0,63.0,217.03379100000001,100.0,0.1977610000000000,106,536,270.7643410000000,285.0,1.0666670000000000,0.8015600000000001,0,0,1,0,1
2023,Austrian Grand Prix,R,HUL,8.0,10.0,clear_violation,313.0,52.0,216.3202200000000,100.0,0.1795330000000000,100,557,270.7643410000000,285.0,1.0982460000000001,0.7989240000000000,0,0,1,0,1
2023,Austrian Grand Prix,R,HUL,9.0,9.0,clear_violation,315.0,61.0,215.9495030000000,100.0,0.1836730000000000,99,539,270.7643410000000,285.0,1.105263000000000,0.7975550000000000,0,0,1,0,1
2023,Austrian Grand Prix,R,HUL,10.0,10.0,clear_violation,314.0,59.0,217.44444300000001,100.0,0.199630000000000,108,541,270.7643410000000,285.0,1.1017539999999999,0.8030760000000000,0,0,1,0,1
2023,Austrian Grand Prix,R,OCO,27.0,10.0,clear_violation,310.0,60.0,220.0174420000000,100.0,0.2278720000000000,121,531,270.7643410000000,285.0,1.087719000000000,0.8125790000000001,0,0,1,0,1
2023,Austrian Grand Prix,R,OCO,28.0,10.0,clear_violation,308.0,63.0,217.6465650000000,100.0,0.2055560000000000,111,540,270.7643410000000,285.0,1.080702000000000,0.8038230000000000,0,0,1,0,1
2023,Austrian Grand Prix,R,OCO,38.0,9.0,clear_violation,297.0,61.0,215.17219100000000,100.0,0.2135040000000000,117,548,270.7643410000000,285.0,1.0421050000000001,0.794684000000000,0,0,1,0,1
2023,Austrian Grand Prix,R,OCO,58.0,10.0,clear_violation,297.0,63.0,219.91406300000000,100.0,0.1962960000000000,106,540,270.7643410000000,285.0,1.0421050000000001,0.8121969999999999,0,0,1,0,1
2023,Austrian Grand Prix,R,OCO,59.0,10.0,clear_violation,297.0,64.0,221.07824700000000,100.0,0.1895910000000000,102,538,270.7643410000000,285.0,1.0421050000000001,0.8164970000000,0,0,1,0,1
2023,Austrian Grand Prix,R,NOR,28.0,10.0,clear_violation,318.0,59.0,221.65509399999999,100.0,0.2106260000000000,111,527,270.7643410000000,285.0,1.1157889999999999,0.8186270000000000,0,0,1,0,1
2023,Austrian Grand Prix,R,NOR,29.0,10.0,clear_violation,298.0,62.0,218.23017800000000,100.0,0.1883240000000000,100,531,270.7643410000000,285.0,1.0456140000000000,0.8059780000000000,0,0,1,0,1
2023,Austrian Grand Prix,R,NOR,64.0,10.0,clear_violation,305.0,63.0,221.8192120000000,100.0,0.1831500000000000,100,546,270.7643410000000,285.0,1.0701750000000001,0.8192330000000000,0,0,1,0,1
2023,Austrian Grand Prix,R,NOR,65.0,10.0,clear_violation,305.0,62.0,220.45526899999999,100.0,0.1687840000000000,93,551,270.7643410000000,285.0,1.0701750000000001,0.8141960000000000,0,0,1,0,1
2023,Austrian Grand Prix,R,HAM,4.0,10.0,clear_violation,301.0,64.0,219.12505500000000,100.0,0.3277470000000000,176,537,270.7643410000000,285.0,1.056140000000000,0.8092830000000000,0,0,1,0,1
2023,Austrian Grand Prix,R,HAM,5.0,10.0,clear_violation,300.0,67.0,219.43361800000000,100.0,0.1913700000000000,102,533,270.7643410000000,285.0,1.0526320000000000,0.8104230000000000,0,0,1,0,1
2023,Austrian Grand Prix,R,HAM,6.0,10.0,clear_violation,295.0,68.0,219.096660000000,100.0,0.1629630000000000,88,540,270.7643410000000,285.0,1.0350880000000000,0.8091780000000000,0,0,1,0,1
2023,Austrian Grand Prix,R,HAM,7.0,10.0,clear_violation,300.0,65.0,219.3066690000000,100.0,0.1721610000000000,94,546,270.7643410000000,285.0,1.0526320000000000,0.8099540000000000,0,0,1,0,1
2023,Austrian Grand Prix,R,HAM,8.0,10.0,clear_violation,299.0,66.0,219.4418880000000,100.0,0.1460260000000000,79,541,270.7643410000000,285.0,1.0491230000000000,0.810453000000000,0,0,1,0,1
2023,Austrian Grand Prix,R,HAM,9.0,10.0,clear_violation,301.0,67.0,220.97478300000000,100.0,0.1651030000000000,88,533,270.7643410000000,285.0,1.056140000000000,0.8161150000000000,0,0,1,0,1
2023,Austrian Grand Prix,R,HAM,10.0,10.0,clear_violation,301.0,65.0,217.9398230000000,100.0,0.1626620000000000,88,541,270.7643410000000,285.0,1.056140000000000,0.8049060000000000,0,0,1,0,1
2023,Austrian Grand Prix,R,HAM,31.0,10.0,clear_violation,316.0,62.0,217.670148000000,100.0,0.1797320000000000,94,523,270.7643410000000,285.0,1.1087720000000001,0.8039100000000000,0,0,1,0,1
2023,Austrian Grand Prix,R,SAI,5.0,10.0,clear_violation,304.0,64.0,220.80637100000001,100.0,0.1936090000000000,103,532,270.7643410000000,285.0,1.0666670000000000,0.8154930000000000,0,0,1,0,1
2023,Austrian Grand Prix,R,SAI,6.0,10.0,clear_violation,310.0,60.0,219.54525400000000,100.0,0.2011170000000000,108,537,270.7643410000000,285.0,1.087719000000000,0.8108350000000000,0,0,1,0,1
2023,Austrian Grand Prix,R,SAI,8.0,10.0,clear_violation,313.0,59.0,220.9076330000000,100.0,0.1829940000000000,99,541,270.7643410000000,285.0,1.0982460000000001,0.815867000000000,0,0,1,0,1
2023,Austrian Grand Prix,R,SAI,9.0,10.0,clear_violation,314.0,59.0,221.0928040000000,100.0,0.1977400000000000,105,531,270.7643410000000,285.0,1.1017539999999999,0.8165510000000000,0,0,1,0,1
2023,Austrian Grand Prix,R,SAI,10.0,9.0,clear_violation,314.0,62.0,218.95648199999999,100.0,0.1985160000000000,107,539,270.7643410000000,285.0,1.1017539999999999,0.808661000000000,0,0,1,0,1
2023,Austrian Grand Prix,R,SAI,11.0,9.0,clear_violation,313.0,61.0,219.8481780000000,100.0,0.2175570000000000,114,524,270.7643410000000,285.0,1.0982460000000001,0.8119540000000000,0,0,1,0,1
2023,Austrian Grand Prix,R,SAI,17.0,9.0,clear_violation,325.0,62.0,223.4425700000000,100.0,0.2258060000000000,119,527,270.7643410000000,285.0,1.1403509999999999,0.8252290000000000,0,0,1,0,1
2023,Austrian Grand Prix,R,BOT,5.0,9.0,clear_violation,307.0,59.0,213.0827110000000,100.0,0.2522850000000000,138,547,270.7643410000000,285.0,1.0771930000000001,0.7869670000000000,0,0,1,0,1
2023,Austrian Grand Prix,R,PIA,12.0,9.0,clear_violation,317.0,61.0,215.70130000000000,99.0,0.2278720000000000,121,531,270.7643410000000,285.0,1.1122810000000001,0.7966390000000000,0,0,1,0,1
2023,Austrian Grand Prix,S,SAI,18.0,9.0,clear_violation,296.0,56.0,203.0832150000000,100.0,0.2371680000000000,134,565,267.43283600000001,292.0,1.0136989999999999,0.7593800000000001,1,0,0,0,1
2023,Austrian Grand Prix,S,NOR,16.0,9.0,clear_violation,298.0,55.0,204.8404600000000,100.0,0.1968910000000000,114,579,267.43283600000001,292.0,1.0205480000000000,0.7659510000000000,1,0,0,0,1
2023,Austrian Grand Prix,S,HAM,13.0,9.0,clear_violation,301.0,59.0,200.6594540000000,100.0,0.2188610000000000,123,562,267.43283600000001,292.0,1.0308219999999999,0.7503170000000000,1,0,0,0,1
2023,Austrian Grand Prix,S,HAM,16.0,9.0,clear_violation,298.0,56.0,204.50376499999999,100.0,0.2305030000000000,133,577,267.43283600000001,292.0,1.0205480000000000,0.7646920000000000,1,0,0,0,1
2023,Austrian Grand Prix,S,LEC,15.0,10.0,clear_violation,302.0,51.0,202.16881599999999,100.0,0.2054330000000000,121,589,267.43283600000001,292.0,1.0342469999999999,0.7559610000000000,1,0,0,0,1
2023,Austrian Grand Prix,S,LEC,16.0,10.0,clear_violation,305.0,48.0,203.2216760000000,100.0,0.236615000000000,137,579,267.43283600000001,292.0,1.0445210000000000,0.7598980000000000,1,0,0,0,1
2023,Austrian Grand Prix,S,GAS,23.0,9.0,clear_violation,296.0,54.0,199.6917200000000,100.0,0.1848740000000000,110,595,267.43283600000001,292.0,1.0136989999999999,0.7466990000000000,1,0,0,0,1
2023,Azerbaijan Grand Prix,FP1,NOR,1.0,1.0,no_advantage,322.0,0.0,139.09944100000001,100.0,0.2525440000000000,273,1081,310.76276300000001,344.0,0.936047000000000,0.4476070000000000,0,0,0,1,1
2023,Azerbaijan Grand Prix,FP1,MAG,2.0,1.0,no_advantage,333.0,62.0,186.6654670000000,100.0,0.2717650000000000,231,850,310.76276300000001,344.0,0.9680230000000000,0.600669000000000,0,0,0,1,1
2023,Azerbaijan Grand Prix,FP1,SAR,2.0,1.0,no_advantage,329.0,69.0,196.80383499999999,104.0,0.2806800000000000,231,823,310.76276300000001,344.0,0.9563950000000000,0.633293000000000,0,0,0,1,1
2023,Azerbaijan Grand Prix,FP1,GAS,6.0,1.0,no_advantage,332.90909099999999,69.0,200.1989490000000,100.0,0.2009990000000000,161,801,310.76276300000001,344.0,0.9677590000000000,0.6442180000000000,0,0,0,1,1
2023,Azerbaijan Grand Prix,FP1,LEC,12.0,7.0,no_advantage,333.0,49.0,186.9511210000000,100.0,0.2404060000000000,213,886,310.76276300000001,344.0,0.9680230000000000,0.601588000000000,0,0,0,1,1
2023,Azerbaijan Grand Prix,Q,BOT,17.0,3.0,clear_violation,331.6909090000000,52.0,171.10295700000000,100.0,0.274793000000000,266,968,329.7098040000000,340.0,0.9755610000000000,0.5189500000000000,0,1,0,0,1
2023,Azerbaijan Grand Prix,Q,ZHO,1.0,1.0,no_advantage,329.8333330000000,35.73214300000000,163.09742299999999,100.0,0.2471440000000000,238,963,329.7098040000000,340.0,0.9700980000000000,0.49467000000000000,0,1,0,0,1
2023,Azerbaijan Grand Prix,Q,SAI,15.0,3.0,no_advantage,327.6305560000000,55.0,144.15924999999999,100.0,0.2737580000000000,314,1147,329.7098040000000,340.0,0.9636190000000000,0.43723099999999998,0,1,0,0,1
2023,Azerbaijan Grand Prix,R,STR,19.0,16.0,clear_violation,342.0,65.0,196.68466300000000,100.0,0.2251820000000000,186,826,321.906083000000,355.0,0.9633800000000000,0.6110000000000000,0,0,1,0,1
2023,Bahrain Grand Prix,FP1,ALO,9.0,4.0,no_advantage,310.0,60.0,201.844144000000,100.0,0.184932000000000,135,730,261.8018580000000,288.0,1.0763890000000000,0.7709810000000000,0,0,0,1,1
2023,Bahrain Grand Prix,FP2,PIA,5.0,1.0,no_advantage,299.0,57.0,144.73942700000001,100.0,0.1587150000000000,163,1027,266.8820860000000,290.0,1.0310340000000000,0.5423350000000000,0,0,0,1,1
2023,Bahrain Grand Prix,FP2,SAR,14.0,10.0,no_advantage,300.0,66.0,194.47496200000000,100.0,0.1923080000000000,150,780,266.8820860000000,290.0,1.0344830000000000,0.7286920000000000,0,0,0,1,1
2023,Bahrain Grand Prix,FP2,ALO,13.0,10.0,no_advantage,292.0,0.0,161.57867999999999,99.0,0.2004310000000000,186,928,266.8820860000000,290.0,1.006897000000000,0.605431000000000,0,0,0,1,1
2023,Bahrain Grand Prix,Q,SAI,2.0,8.0,clear_violation,327.0,65.0,211.43314100000001,100.0,0.180939000000000,131,724,286.75757599999997,291.0,1.1237109999999999,0.7373240000000000,0,1,0,0,1
2023,Bahrain Grand Prix,Q,STR,2.0,13.0,clear_violation,318.0,68.0,211.6198610000000,99.0,0.1838760000000000,130,707,286.75757599999997,291.0,1.092784000000000,0.7379750000000000,0,1,0,0,1
2023,Bahrain Grand Prix,Q,HUL,16.0,4.0,clear_violation,319.0,64.0,214.29221600000000,100.0,0.1912180000000000,135,706,286.75757599999997,291.0,1.0962200000000000,0.7472940000000000,0,1,0,0,1
2023,Bahrain Grand Prix,Q,GAS,5.0,15.0,clear_violation,323.0,67.0,211.9593330000000,100.0,0.1803050000000000,130,721,286.75757599999997,291.0,1.1099660000000000,0.7391590000000000,0,1,0,0,1
2023,Bahrain Grand Prix,R,GAS,43.0,4.0,clear_violation,303.0,66.0,201.9239240000000,100.0,0.195055000000000,142,728,281.3738780000000,293.0,1.0341300000000000,0.7176360000000001,0,0,1,0,1
2023,Bahrain Grand Prix,R,GAS,44.0,4.0,clear_violation,303.0,63.0,202.4914530000000,100.0,0.1815680000000000,132,727,281.3738780000000,293.0,1.0341300000000000,0.7196530000000000,0,0,1,0,1
2023,Bahrain Grand Prix,R,LEC,8.0,4.0,clear_violation,306.0,56.0,195.4141720000000,100.0,0.1997350000000000,151,756,281.3738780000000,293.0,1.0443690000000001,0.6945000000000000,0,0,1,0,1
2023,Bahrain Grand Prix,R,MAG,28.0,4.0,clear_violation,305.0,59.0,194.5801030000000,100.0,0.2128780000000000,162,761,281.3738780000000,293.0,1.0409560000000000,0.6915360000000000,0,0,1,0,1
2023,Bahrain Grand Prix,R,DEV,19.0,13.0,clear_violation,304.0,59.0,194.8902300000000,100.0,0.1946310000000000,145,745,281.3738780000000,293.0,1.0375430000000001,0.6926380000000000,0,0,1,0,1
2023,Bahrain Grand Prix,R,DEV,50.0,4.0,clear_violation,305.0,56.0,195.2669710000000,100.0,0.205922000000000,153,743,281.3738780000000,293.0,1.0409560000000000,0.6939770000000000,0,0,1,0,1
2023,Bahrain Grand Prix,R,HUL,21.0,4.0,clear_violation,309.0,62.0,196.8260410000000,100.0,0.2114360000000000,159,752,281.3738780000000,293.0,1.0546080000000000,0.6995180000000000,0,0,1,0,1
2023,Bahrain Grand Prix,R,HUL,39.0,4.0,clear_violation,305.0,60.0,197.156212000000,100.0,0.1873320000000000,139,742,281.3738780000000,293.0,1.0409560000000000,0.7006910000000000,0,0,1,0,1
2023,Bahrain Grand Prix,R,HUL,47.0,4.0,clear_violation,307.0,63.0,198.68813000000000,100.0,0.1950210000000000,141,723,281.3738780000000,293.0,1.0477820000000000,0.7061360000000000,0,0,1,0,1
2023,Bahrain Grand Prix,R,HUL,52.0,4.0,clear_violation,307.0,61.0,197.82019099999999,100.0,0.2027210000000000,149,735,281.3738780000000,293.0,1.0477820000000000,0.7030510000000000,0,0,1,0,1
2023,Bahrain Grand Prix,R,HUL,56.0,13.0,clear_violation,309.0,61.0,193.86923400000001,100.0,0.2002580000000000,155,774,281.3738780000000,293.0,1.0546080000000000,0.689009000000000,0,0,1,0,1
2023,Bahrain Grand Prix,R,NOR,3.0,4.0,clear_violation,304.0,53.0,192.75924900000001,100.0,0.2340430000000000,176,752,281.3738780000000,293.0,1.0375430000000001,0.6850640000000000,0,0,1,0,1
2023,Bahrain Grand Prix,R,NOR,15.0,4.0,clear_violation,304.0,57.0,195.7795340000000,100.0,0.2310870000000000,168,727,281.3738780000000,293.0,1.0375430000000001,0.6957989999999999,0,0,1,0,1
2023,Bahrain Grand Prix,R,NOR,50.0,7.0,clear_violation,302.0,64.0,200.74079399999999,100.0,0.2066570000000000,149,721,281.3738780000000,293.0,1.030717000000000,0.7134310000000000,0,0,1,0,1
2023,Bahrain Grand Prix,R,HAM,50.0,8.0,clear_violation,326.0,60.0,197.251546000000,100.0,0.2233010000000000,161,721,281.3738780000000,293.0,1.1126280000000000,0.7010300000000000,0,0,1,0,1
2023,Bahrain Grand Prix,R,RUS,42.0,13.0,clear_violation,311.0,61.0,198.05424199999999,100.0,0.2301260000000000,165,717,281.3738780000000,293.0,1.0614330000000001,0.7038830000000000,0,0,1,0,1
2023,Bahrain Grand Prix,R,BOT,7.0,4.0,clear_violation,300.0,60.0,192.31363800000000,100.0,0.2237200000000000,166,742,281.3738780000000,293.0,1.023891000000000,0.6834810000000000,0,0,1,0,1
2023,Bahrain Grand Prix,R,RUS,8.0,10.0,no_advantage,324.0,57.0,190.7539850000000,100.0,0.2307690000000000,177,767,281.3738780000000,293.0,1.10580200000000,0.6779380000000000,0,0,1,0,1
2023,Bahrain Grand Prix,R,STR,51.0,10.0,no_advantage,304.0,59.0,197.56702200000001,99.0,0.1978170000000000,145,733,281.3738780000000,293.0,1.0375430000000001,0.702151000000000,0,0,1,0,1
2023,Belgian Grand Prix,Q,VER,13.0,9.0,clear_violation,317.0,59.0,204.4245480000000,100.0,0.1840960000000000,169,918,210.80237199999999,228.0,1.3903509999999999,0.9697450000000000,0,1,0,0,1
2023,Belgian Grand Prix,Q,NOR,3.0,15.0,clear_violation,299.0,50.0,199.0336170000000,100.0,0.1694390000000000,163,962,210.80237199999999,228.0,1.3114040000000000,0.9441720000000000,0,1,0,0,1
2023,Belgian Grand Prix,Q,MAG,2.0,10.0,clear_violation,310.0,53.0,204.3330730000000,100.0,0.1876310000000000,179,954,210.80237199999999,228.0,1.3596490000000001,0.9693110000000000,0,1,0,0,1
2023,Belgian Grand Prix,Q,MAG,15.0,9.0,clear_violation,310.0,36.0,197.57288500000001,100.0,0.2202870000000000,215,976,210.80237199999999,228.0,1.3596490000000001,0.9372420000000000,0,1,0,0,1
2023,Belgian Grand Prix,Q,RIC,7.0,4.0,clear_violation,316.0,57.0,208.03665300000000,100.0,0.1815180000000000,165,909,210.80237199999999,228.0,1.3859649999999999,0.9868800000000000,0,1,0,0,1
2023,Belgian Grand Prix,Q,ALB,8.0,8.0,no_advantage,318.0,34.0,167.95370299999999,100.0,0.2743520000000000,307,1119,210.80237199999999,228.0,1.394737000000000,0.7967350000000000,0,1,0,0,1
2023,Belgian Grand Prix,R,VER,21.0,4.0,clear_violation,312.0,67.0,216.74781899999999,100.0,0.1691090000000000,150,887,210.1042470000000,223.0,1.399103000000000,1.0316200000000000,0,0,1,0,1
2023,Belgian Grand Prix,R,PER,22.0,11.0,clear_violation,313.0,64.0,216.87081400000000,100.0,0.1708430000000000,150,878,210.1042470000000,223.0,1.4035869999999999,1.0322060000000000,0,0,1,0,1
2023,Belgian Grand Prix,R,HAM,37.0,9.0,clear_violation,320.0,65.0,224.08695000000000,100.0,0.1514080000000000,129,852,210.1042470000000,223.0,1.4349780000000001,1.0665510000000000,0,0,1,0,1
2023,Belgian Grand Prix,R,NOR,36.0,4.0,clear_violation,311.0,61.0,220.6189140000000,100.0,0.1310510000000000,111,847,210.1042470000000,223.0,1.3946190000000001,1.0500449999999999,0,0,1,0,1
2023,Belgian Grand Prix,R,TSU,13.0,9.0,clear_violation,319.0,67.0,221.5155570000000,100.0,0.1230590000000000,103,837,210.1042470000000,223.0,1.4304930000000000,1.0543130000000001,0,0,1,0,1
2023,Belgian Grand Prix,R,TSU,14.0,9.0,clear_violation,319.0,65.0,221.48443000000000,100.0,0.144,126,875,210.1042470000000,223.0,1.4304930000000000,1.0541640000000001,0,0,1,0,1
2023,Belgian Grand Prix,R,ALB,28.0,9.0,clear_violation,333.0,65.0,224.32321600000000,100.0,0.1644970000000000,139,845,210.1042470000000,223.0,1.493274000000000,1.067676000000000,0,0,1,0,1
2023,Belgian Grand Prix,R,RIC,37.0,15.0,clear_violation,338.0,61.0,220.31699699999999,100.0,0.1543700000000000,136,881,210.1042470000000,223.0,1.515695000000000,1.0486080000000000,0,0,1,0,1
2023,Belgian Grand Prix,R,SAR,9.0,9.0,clear_violation,351.0,0.0,194.22641500000000,100.0,0.1735540000000000,168,968,210.1042470000000,223.0,1.5739909999999999,0.9244289999999999,0,0,1,0,1
2023,Belgian Grand Prix,R,SAR,33.0,4.0,clear_violation,328.0,64.0,219.4236980000000,100.0,0.1629280000000000,138,847,210.1042470000000,223.0,1.4708520000000000,1.0443560000000001,0,0,1,0,1
2023,Belgian Grand Prix,R,SAR,36.0,4.0,clear_violation,331.0,67.0,227.5862960000000,100.0,0.1605230000000000,135,841,210.1042470000000,223.0,1.484305000000000,1.0832070000000000,0,0,1,0,1
2023,Belgian Grand Prix,R,HUL,10.0,11.0,clear_violation,318.0,63.0,218.7113510000000,100.0,0.1503420000000000,132,878,210.1042470000000,223.0,1.4260090000000001,1.0409660000000001,0,0,1,0,1
2023,Belgian Grand Prix,R,SAI,10.0,4.0,clear_violation,327.0,63.0,219.5690950000000,100.0,0.1818180000000000,158,869,210.1042470000000,223.0,1.4663679999999999,1.0450480000000000,0,0,1,0,1
2023,Belgian Grand Prix,R,SAI,21.0,11.0,clear_violation,318.0,66.0,206.6952380000000,100.0,0.2130240000000000,193,906,210.1042470000000,223.0,1.4260090000000001,0.9837750000000000,0,0,1,0,1
2023,British Grand Prix,FP1,ALB,7.0,15.0,no_advantage,322.0,88.0,229.54624400000000,100.0,0.158590000000000,108,681,233.5978840000000,254.0,1.2677170000000000,0.9826549999999999,0,0,0,1,1
2023,British Grand Prix,FP2,HAM,2.0,16.0,no_advantage,319.0,74.0,228.39925199999999,100.0,0.1346700000000000,94,698,234.55990800000001,255.0,1.2509800000000000,0.9737350000000000,0,0,0,1,1
2023,British Grand Prix,Q,VER,2.0,15.0,clear_violation,304.0,62.0,223.8672180000000,100.0,0.1576700000000000,111,704,244.76156599999999,258.0,1.178295000000000,0.9146339999999999,0,1,0,0,1
2023,British Grand Prix,Q,NOR,3.0,15.0,clear_violation,285.0,54.0,174.75223800000001,100.0,0.1399780000000000,125,893,244.76156599999999,258.0,1.1046510000000000,0.7139690000000000,0,1,0,0,1
2023,British Grand Prix,Q,NOR,19.0,15.0,clear_violation,303.0,93.0,235.9181730000000,100.0,0.117391000000000,81,690,244.76156599999999,258.0,1.1744190000000001,0.963869000000000,0,1,0,0,1
2023,British Grand Prix,Q,PIA,3.0,15.0,clear_violation,305.0,85.0,222.8925710000000,100.0,0.146552000000000,102,696,244.76156599999999,258.0,1.182171000000000,0.9106520000000000,0,1,0,0,1
2023,British Grand Prix,Q,SAI,2.0,15.0,clear_violation,294.0,0.0,162.5276300000000,100.0,0.2278740000000000,224,983,244.76156599999999,258.0,1.1395350000000000,0.66402400000000,0,1,0,0,1
2023,British Grand Prix,Q,HAM,2.0,15.0,clear_violation,301.0,0.0,183.259719000000,100.0,0.1506230000000000,133,883,244.76156599999999,258.0,1.1666669999999999,0.7487279999999999,0,1,0,0,1
2023,British Grand Prix,Q,ALB,6.0,15.0,clear_violation,308.0,92.0,229.47292800000000,100.0,0.1815560000000000,126,694,244.76156599999999,258.0,1.193798000000000,0.9375370000000000,0,1,0,0,1
2023,British Grand Prix,Q,HUL,5.0,15.0,clear_violation,303.0,87.0,228.2219550000000,100.0,0.1338030000000000,95,710,244.76156599999999,258.0,1.1744190000000001,0.9324260000000000,0,1,0,0,1
2023,British Grand Prix,Q,STR,15.0,15.0,clear_violation,308.0,87.0,232.7878490000000,100.0,0.1496400000000000,104,695,244.76156599999999,258.0,1.193798000000000,0.9510800000000000,0,1,0,0,1
2023,British Grand Prix,Q,SAR,3.0,15.0,clear_violation,306.0,74.0,221.40396200000001,100.0,0.1734840000000000,123,709,244.76156599999999,258.0,1.186047000000000,0.9045700000000000,0,1,0,0,1
2023,British Grand Prix,Q,SAR,13.0,15.0,clear_violation,308.0,76.0,230.85700499999999,100.0,0.1592260000000000,107,672,244.76156599999999,258.0,1.193798000000000,0.9431910000000000,0,1,0,0,1
2023,British Grand Prix,Q,SAR,15.0,9.0,clear_violation,307.0,89.0,232.2798260000000,100.0,0.1563850000000000,109,697,244.76156599999999,258.0,1.189922000000000,0.9490040000000000,0,1,0,0,1
2023,British Grand Prix,Q,DEV,2.0,15.0,clear_violation,304.0,79.0,217.92492300000001,100.0,0.2067110000000000,154,745,244.76156599999999,258.0,1.178295000000000,0.8903560000000000,0,1,0,0,1
2023,British Grand Prix,Q,SAR,6.0,11.0,no_advantage,307.0,72.0,198.19434899999999,100.0,0.1979170000000000,152,768,244.76156599999999,258.0,1.189922000000000,0.8097450000000000,0,1,0,0,1
2023,British Grand Prix,R,PER,38.0,15.0,clear_violation,277.0,51.0,153.03501700000001,100.0,0.2437380000000000,253,1038,237.15678000000000,253.0,1.0948620000000000,0.6452900000000000,0,0,1,0,1
2023,British Grand Prix,R,STR,10.0,15.0,clear_violation,318.0,83.0,222.75236300000000,100.0,0.1544120000000000,105,680,237.15678000000000,253.0,1.256917000000000,0.9392620000000000,0,0,1,0,1
2023,British Grand Prix,R,STR,11.0,15.0,clear_violation,305.0,88.0,220.2449620000000,100.0,0.1384180000000000,98,708,237.15678000000000,253.0,1.2055340000000001,0.9286890000000000,0,0,1,0,1
2023,British Grand Prix,R,STR,39.0,15.0,clear_violation,319.0,74.0,228.08698300000000,100.0,0.1730500000000000,122,705,237.15678000000000,253.0,1.2608699999999999,0.9617560000000001,0,0,1,0,1
2023,British Grand Prix,R,SAR,16.0,9.0,clear_violation,304.0,79.0,223.1712610000000,100.0,0.1541730000000000,109,707,237.15678000000000,253.0,1.2015810000000000,0.9410280000000000,0,0,1,0,1
2023,British Grand Prix,R,MAG,14.0,9.0,clear_violation,299.0,79.0,220.24272600000000,100.0,0.128134000000000,92,718,237.15678000000000,253.0,1.1818180000000000,0.9286799999999999,0,0,1,0,1
2023,British Grand Prix,R,MAG,20.0,15.0,clear_violation,299.0,82.0,223.24806699999999,100.0,0.145631000000000,105,721,237.15678000000000,253.0,1.1818180000000000,0.9413520000000000,0,0,1,0,1
2023,British Grand Prix,R,MAG,27.0,15.0,clear_violation,299.0,84.0,222.7140730000000,100.0,0.1346420000000000,96,713,237.15678000000000,253.0,1.1818180000000000,0.9391010000000000,0,0,1,0,1
2023,British Grand Prix,R,DEV,10.0,15.0,clear_violation,305.0,81.0,223.18492200000000,100.0,0.1852940000000000,126,680,237.15678000000000,253.0,1.2055340000000001,0.9410860000000000,0,0,1,0,1
2023,British Grand Prix,R,ALB,10.0,15.0,clear_violation,303.0,83.0,223.27132599999999,100.0,0.1522690000000000,104,683,237.15678000000000,253.0,1.1976279999999999,0.9414500000000000,0,0,1,0,1
2023,British Grand Prix,R,HUL,7.0,15.0,clear_violation,310.0,78.0,214.6742810000000,100.0,0.1902100000000000,136,715,237.15678000000000,253.0,1.225296000000000,0.9052000000000000,0,0,1,0,1
2023,British Grand Prix,R,NOR,13.0,15.0,clear_violation,303.0,82.0,224.31702000000001,100.0,0.1326680000000000,93,701,237.15678000000000,253.0,1.1976279999999999,0.9458600000000000,0,0,1,0,1
2023,British Grand Prix,R,NOR,14.0,9.0,clear_violation,303.0,77.0,225.3896170000000,100.0,0.1448660000000000,103,711,237.15678000000000,253.0,1.1976279999999999,0.9503819999999999,0,0,1,0,1
2023,British Grand Prix,R,NOR,47.0,15.0,clear_violation,305.0,86.0,226.5645950000000,100.0,0.1289400000000000,90,698,237.15678000000000,253.0,1.2055340000000001,0.9553370000000000,0,0,1,0,1
2023,British Grand Prix,R,RUS,14.0,9.0,clear_violation,311.0,75.0,224.43376300000000,100.0,0.1614730000000000,114,706,237.15678000000000,253.0,1.2292490000000000,0.9463520000000000,0,0,1,0,1
2023,British Grand Prix,R,RUS,45.0,15.0,clear_violation,310.0,81.0,227.6150810000000,100.0,0.1530760000000000,107,699,237.15678000000000,253.0,1.225296000000000,0.9597660000000000,0,0,1,0,1
2023,British Grand Prix,R,RUS,46.0,15.0,clear_violation,302.0,82.0,226.95510200000001,100.0,0.1392050000000000,98,704,237.15678000000000,253.0,1.1936760000000000,0.9569830000000000,0,0,1,0,1
2023,Canadian Grand Prix,FP2,NOR,25.0,1.0,no_advantage,297.0,56.0,196.48958200000001,99.0,0.2059800000000000,124,602,279.87188600000002,295.0,1.006780000000000,0.7020700000000000,0,0,0,1,1
2023,Canadian Grand Prix,FP2,ALB,32.0,1.0,no_advantage,310.0,61.0,201.5350430000000,100.0,0.1943520000000000,117,602,279.87188600000002,295.0,1.0508470000000001,0.7200970000000000,0,0,0,1,1
2023,Canadian Grand Prix,FP2,SAI,34.0,13.0,no_advantage,304.0,61.0,199.62427500000001,100.0,0.2218600000000000,136,613,279.87188600000002,295.0,1.0305080000000000,0.7132700000000000,0,0,0,1,1
2023,Canadian Grand Prix,FP2,NOR,35.0,13.0,no_advantage,306.0,62.0,198.0186540000000,99.0,0.1986750000000000,120,604,279.87188600000002,295.0,1.0372880000000000,0.7075330000000000,0,0,0,1,1
2023,Canadian Grand Prix,FP3,ALB,2.0,13.0,no_advantage,289.0,50.0,154.47596300000001,100.0,0.2906090000000000,229,788,268.10434800000002,278.0,1.039568000000000,0.5761790000000000,0,0,0,1,1
2023,Canadian Grand Prix,FP3,STR,5.0,13.0,no_advantage,297.0,51.0,162.24218900000000,100.0,0.2514120000000000,178,708,268.10434800000002,278.0,1.0683450000000001,0.6051460000000000,0,0,0,1,1
2023,Canadian Grand Prix,FP3,ALO,6.0,13.0,no_advantage,305.0,51.0,168.30854199999999,100.0,0.2225480000000000,152,683,268.10434800000002,278.0,1.0971219999999999,0.6277730000000000,0,0,0,1,1
2023,Canadian Grand Prix,FP3,HUL,10.0,9.0,no_advantage,299.0,54.0,177.93360699999999,100.0,0.2347700000000000,158,673,268.10434800000002,278.0,1.0755399999999999,0.6636730000000000,0,0,0,1,1
2023,Canadian Grand Prix,FP3,GAS,6.0,10.0,no_advantage,296.0,30.0,140.5458750000000,100.0,0.2586830000000000,216,835,268.10434800000002,278.0,1.064748000000000,0.5242210000000000,0,0,0,1,1
2023,Canadian Grand Prix,FP3,PER,11.0,1.0,no_advantage,281.0,22.0,139.59521899999999,100.0,0.2771930000000000,237,855,268.10434800000002,278.0,1.0107910000000000,0.5206750000000000,0,0,0,1,1
2023,Canadian Grand Prix,FP3,OCO,8.0,3.0,no_advantage,280.0,55.0,166.476951000000,100.0,0.2576420000000000,177,687,268.10434800000002,278.0,1.0071939999999999,0.620941000000000,0,0,0,1,1
2023,Canadian Grand Prix,FP3,HAM,11.0,1.0,no_advantage,297.0,23.86785100000000,141.3237120000000,100.0,0.2451690000000000,203,828,268.10434800000002,278.0,1.0683450000000001,0.527122000000000,0,0,0,1,1
2023,Canadian Grand Prix,FP3,ALB,19.0,2.0,no_advantage,308.0,53.0,177.86200700000001,100.0,0.2507420000000000,169,674,268.10434800000002,278.0,1.1079140000000001,0.6634060000000001,0,0,0,1,1
2023,Canadian Grand Prix,FP3,ZHO,19.0,3.0,no_advantage,284.0,55.0,171.29797900000000,100.0,0.2318630000000000,163,703,268.10434800000002,278.0,1.0215829999999999,0.6389230000000000,0,0,0,1,1
2023,Canadian Grand Prix,FP3,RUS,18.0,9.0,no_advantage,303.0,54.0,176.18221399999999,100.0,0.2148150000000000,145,675,268.10434800000002,278.0,1.089928000000000,0.6571399999999999,0,0,0,1,1
2023,Canadian Grand Prix,Q,HAM,5.0,4.0,clear_violation,297.0,52.0,178.63184799999999,100.0,0.227630000000000,145,637,278.6284830000000,296.0,1.0033780000000001,0.6411110000000000,0,1,0,0,1
2023,Canadian Grand Prix,Q,HAM,14.0,14.0,clear_violation,325.0,55.0,186.7120090000000,100.0,0.1959880000000000,127,648,278.6284830000000,296.0,1.097973000000000,0.67011100000000,0,1,0,0,1
2023,Canadian Grand Prix,Q,SAI,7.0,9.0,clear_violation,288.0,49.0,166.6855700000000,100.0,0.2679080000000000,187,698,278.6284830000000,296.0,0.972973000000000,0.5982360000000000,0,1,0,0,1
2023,Canadian Grand Prix,Q,SAI,25.0,2.0,clear_violation,299.0,27.0,160.6141070000000,100.0,0.2764230000000000,204,738,278.6284830000000,296.0,1.010135000000000,0.5764450000000000,0,1,0,0,1
2023,Canadian Grand Prix,Q,ALB,21.0,14.0,clear_violation,310.0,57.0,171.692053000000,100.0,0.2680120000000000,186,694,278.6284830000000,296.0,1.0472969999999999,0.6162040000000000,0,1,0,0,1
2023,Canadian Grand Prix,Q,ALB,23.0,13.0,clear_violation,303.0,36.0,148.45846800000001,100.0,0.270544000000000,214,791,278.6284830000000,296.0,1.0236490000000000,0.5328190000000000,0,1,0,0,1
2023,Canadian Grand Prix,Q,LEC,3.0,9.0,clear_violation,307.0,47.0,169.4933630000000,100.0,0.2753620000000000,190,690,278.6284830000000,296.0,1.037162000000000,0.608313000000000,0,1,0,0,1
2023,Canadian Grand Prix,Q,LEC,18.0,14.0,clear_violation,334.0,58.0,189.88069500000000,100.0,0.2327040000000000,148,636,278.6284830000000,296.0,1.1283780000000001,0.6814829999999999,0,1,0,0,1
2023,Canadian Grand Prix,Q,PER,4.0,9.0,clear_violation,307.0,55.0,178.29410200000001,100.0,0.2372370000000000,158,666,278.6284830000000,296.0,1.037162000000000,0.6398990000000000,0,1,0,0,1
2023,Canadian Grand Prix,Q,PER,21.0,14.0,clear_violation,333.0,53.0,182.6926200000000,100.0,0.213953000000000,138,645,278.6284830000000,296.0,1.125,0.6556850000000000,0,1,0,0,1
2023,Canadian Grand Prix,Q,MAG,7.0,9.0,clear_violation,288.0,47.0,151.6658930000000,100.0,0.3047490000000000,231,758,278.6284830000000,296.0,0.972973000000000,0.5443300000000000,0,1,0,0,1
2023,Canadian Grand Prix,Q,MAG,18.0,,clear_violation,333.0,59.0,186.25870300000000,100.0,0.2553520000000000,167,654,278.6284830000000,296.0,1.125,0.6684840000000000,0,1,0,0,1
2023,Canadian Grand Prix,Q,GAS,9.0,14.0,clear_violation,308.0,53.0,184.23519800000000,100.0,0.2143970000000000,137,639,278.6284830000000,296.0,1.0405409999999999,0.6612220000000000,0,1,0,0,1
2023,Canadian Grand Prix,Q,DEV,3.0,9.0,clear_violation,313.0,35.0,145.2135310000000,100.0,0.25,203,812,278.6284830000000,296.0,1.0574319999999999,0.5211730000000000,0,1,0,0,1
2023,Canadian Grand Prix,R,ALO,47.0,9.0,clear_violation,303.0,62.0,200.20866699999999,100.0,0.1834710000000000,111,605,279.4204370000000,301.0,1.0066450000000000,0.7165140000000000,0,0,1,0,1
2023,Canadian Grand Prix,R,DEV,4.0,13.0,clear_violation,336.0,59.0,197.4192680000000,100.0,0.2487390000000000,148,595,279.4204370000000,301.0,1.1162790000000000,0.7065310000000000,0,0,1,0,1
2023,Canadian Grand Prix,R,ALB,22.0,13.0,clear_violation,345.0,57.0,197.73751200000001,100.0,0.2303840000000000,138,599,279.4204370000000,301.0,1.1461790000000001,0.7076700000000000,0,0,1,0,1
2023,Canadian Grand Prix,R,ZHO,42.0,13.0,clear_violation,312.0,61.0,193.3328590000000,100.0,0.2238810000000000,135,603,279.4204370000000,301.0,1.0365450000000000,0.691907000000000,0,0,1,0,1
2023,Canadian Grand Prix,R,NOR,70.0,13.0,clear_violation,326.0,60.0,196.4985660000000,99.0,0.2528930000000000,153,605,279.4204370000000,301.0,1.0830560000000000,0.7032360000000000,0,0,1,0,1
2023,Canadian Grand Prix,R,SAI,56.0,9.0,clear_violation,313.0,56.0,204.2038650000000,100.0,0.204778000000000,120,586,279.4204370000000,301.0,1.0398670000000001,0.730812000000000,0,0,1,0,1
2023,Canadian Grand Prix,R,PIA,19.0,13.0,clear_violation,330.0,59.0,198.870409000000,99.0,0.2139300000000000,129,603,279.4204370000000,301.0,1.0963460000000000,0.711725000000000,0,0,1,0,1
2023,Canadian Grand Prix,R,PIA,70.0,13.0,clear_violation,334.0,58.0,200.5497300000000,99.0,0.207071000000000,123,594,279.4204370000000,301.0,1.1096349999999999,0.7177350000000000,0,0,1,0,1
2023,Dutch Grand Prix,FP1,ALO,6.0,12.0,no_advantage,311.0,43.0,146.66399500000000,100.0,0.1732480000000000,136,785,283.2238810000000,315.0,0.9873020000000000,0.517838000000000,0,0,0,1,1
2023,Dutch Grand Prix,FP1,VER,28.0,11.0,no_advantage,323.0,9.0,102.4141370000000,100.0,0.1468470000000000,163,1110,283.2238810000000,315.0,1.0253969999999999,0.3616010000000000,0,0,0,1,1
2023,Dutch Grand Prix,FP2,SAI,13.0,11.0,no_advantage,310.53750000000002,72.0,141.60803100000001,100.0,0.0954150000000000,77,807,284.580376000000,320.0,0.9704300000000000,0.49760300000000002,0,0,0,1,1
2023,Dutch Grand Prix,FP2,STR,17.0,11.0,no_advantage,299.0,52.0,189.0274240000000,100.0,0.1786310000000000,107,599,284.580376000000,320.0,0.934375,0.6642320000000000,0,0,0,1,1
2023,Dutch Grand Prix,FP2,SAI,28.0,13.0,no_advantage,300.0,15.0,173.0213480000000,100.0,0.2129910000000000,141,662,284.580376000000,320.0,0.9375,0.6079880000000000,0,0,0,1,1
2023,Dutch Grand Prix,FP3,NOR,1.0,11.0,no_advantage,279.5968110000000,27.0,143.55678100000000,100.0,0.1591510000000000,120,754,270.74436100000003,301.0,0.9288930000000000,0.5302300000000000,0,0,0,1,1
2023,Dutch Grand Prix,FP3,VER,3.0,3.0,no_advantage,287.0,47.0,139.81171200000000,100.0,0.2410820000000000,196,813,270.74436100000003,301.0,0.9534880000000000,0.5163980000000000,0,0,0,1,1
2023,Dutch Grand Prix,FP3,PER,1.0,11.0,no_advantage,280.1916670,33.0,135.57957700000000,100.0,0.1284630000000000,102,794,270.74436100000003,301.0,0.9308689999999999,0.500766000000000,0,0,0,1,1
2023,Dutch Grand Prix,FP3,LEC,2.0,1.0,no_advantage,295.0,66.0,175.1280090000000,100.0,0.1996950000000000,131,656,270.74436100000003,301.0,0.9800660000000000,0.6468390000000001,0,0,0,1,1
2023,Dutch Grand Prix,FP3,SAI,2.0,1.0,no_advantage,290.12083300000000,32.0,143.00515899999999,100.0,0.1913270000000000,150,784,270.74436100000003,301.0,0.963857000000000,0.528193000000000,0,0,0,1,1
2023,Dutch Grand Prix,FP3,ALO,4.0,1.0,no_advantage,294.0,33.0,156.30224999999999,100.0,0.2064340000000000,154,746,270.74436100000003,301.0,0.9767439999999999,0.5773060000000000,0,0,0,1,1
2023,Dutch Grand Prix,FP3,OCO,4.0,1.0,no_advantage,296.0,74.0,170.67860300000001,100.0,0.2713640000000000,181,667,270.74436100000003,301.0,0.9833890000000000,0.6304050000000000,0,0,0,1,1
2023,Dutch Grand Prix,FP3,VER,16.0,11.0,no_advantage,305.0,29.0,176.2521420000000,100.0,0.2163010000000000,138,638,270.74436100000003,301.0,1.0132890000000001,0.6509910000000000,0,0,0,1,1
2023,Dutch Grand Prix,Q,VER,2.0,1.0,clear_violation,295.0,8.0,144.15463500000001,100.0,0.2259620000000000,188,832,294.7161800000000,319.0,0.9247649999999999,0.4891300000000000,0,1,0,0,1
2023,Dutch Grand Prix,Q,VER,21.0,3.0,clear_violation,297.9636360000000,0.0,133.18664300000000,100.0,0.235225000000000,199,846,294.7161800000000,319.0,0.9340550000000000,0.4519150000000000,0,1,0,0,1
2023,Dutch Grand Prix,Q,ALB,2.0,11.0,clear_violation,293.0,19.0,165.73201399999999,100.0,0.2751090000000000,189,687,294.7161800000000,319.0,0.9184950000000000,0.5623440000000000,0,1,0,0,1
2023,Dutch Grand Prix,Q,LEC,2.0,11.0,clear_violation,299.0,34.0,172.15496700000000,100.0,0.2345860000000000,156,665,294.7161800000000,319.0,0.9373040000000000,0.5841380000000000,0,1,0,0,1
2023,Dutch Grand Prix,Q,LEC,5.0,1.0,clear_violation,299.0,45.0,154.70170300000001,100.0,0.2302720000000000,178,773,294.7161800000000,319.0,0.9373040000000000,0.5249180000000000,0,1,0,0,1
2023,Dutch Grand Prix,Q,LEC,6.0,1.0,clear_violation,299.0,9.0,164.28220700000000,100.0,0.223944000000000,159,710,294.7161800000000,319.0,0.9373040000000000,0.5574249999999999,0,1,0,0,1
2023,Dutch Grand Prix,Q,LEC,20.0,1.0,clear_violation,304.0,47.0,171.81945800000000,100.0,0.2102940000000000,143,680,294.7161800000000,319.0,0.9529780000000000,0.583000000000000,0,1,0,0,1
2023,Dutch Grand Prix,Q,STR,19.0,3.0,clear_violation,300.0,74.0,168.3084700000000,100.0,0.1929820000000000,132,684,294.7161800000000,319.0,0.9404390000000000,0.5710870000000000,0,1,0,0,1
2023,Dutch Grand Prix,Q,GAS,5.0,1.0,clear_violation,300.0,38.0,143.3106310000000,100.0,0.1719510000000000,141,820,294.7161800000000,319.0,0.9404390000000000,0.486267000000000,0,1,0,0,1
2023,Dutch Grand Prix,Q,GAS,13.0,3.0,clear_violation,296.0,73.0,163.69478699999999,100.0,0.181058000000000,130,718,294.7161800000000,319.0,0.9278999999999999,0.5554320000000000,0,1,0,0,1
2023,Dutch Grand Prix,Q,TSU,3.0,11.0,clear_violation,295.0,25.0,164.5263960000000,100.0,0.2082740000000000,146,701,294.7161800000000,319.0,0.9247649999999999,0.5582540000000000,0,1,0,0,1
2023,Dutch Grand Prix,Q,HUL,2.0,1.0,clear_violation,294.0,38.0,162.78491399999999,100.0,0.2169680000000000,156,719,294.7161800000000,319.0,0.9216299999999999,0.5523450000000000,0,1,0,0,1
2023,Dutch Grand Prix,Q,MAG,10.0,1.0,clear_violation,305.0,44.0,133.00921500000001,100.0,0.2202450000000000,198,899,294.7161800000000,319.0,0.9561130000000000,0.45131300000000002,0,1,0,0,1
2023,Dutch Grand Prix,Q,ALB,1.0,11.0,no_advantage,289.6852370000000,44.91666800000000,155.84988500000000,100.0,0.2268190000000000,159,701,294.7161800000000,319.0,0.9081040000000000,0.5288130000000000,0,1,0,0,1
2023,Dutch Grand Prix,Q,HUL,1.0,1.0,no_advantage,289.0,20.0,125.34698200000000,100.0,0.182648000000000,160,876,294.7161800000000,319.0,0.9059560000000000,0.42531400000000003,0,1,0,0,1
2023,Dutch Grand Prix,Q,VER,1.0,1.0,no_advantage,290.6055550,20.0,136.43871600000000,100.0,0.2037970000000000,161,790,294.7161800000000,319.0,0.9109890000000000,0.46294999999999997,0,1,0,0,1
2023,Dutch Grand Prix,Q,LEC,4.0,1.0,no_advantage,298.0,74.0,184.0503260000000,100.0,0.2345480000000000,148,631,294.7161800000000,319.0,0.9341690000000000,0.624500000000000,0,1,0,0,1
2023,Dutch Grand Prix,Q,GAS,4.0,1.0,no_advantage,297.0,47.0,157.92350300000001,100.0,0.1801930000000000,131,727,294.7161800000000,319.0,0.9310340000000000,0.5358490000000000,0,1,0,0,1
2023,Dutch Grand Prix,R,GAS,6.0,3.0,clear_violation,297.0,79.0,177.4110670000000,100.0,0.2138360000000000,136,636,288.8135590000000,328.0,0.9054880000000000,0.6142750000000000,0,0,1,0,1
2023,Dutch Grand Prix,R,LEC,3.0,11.0,no_advantage,302.0,62.0,170.61154999999999,100.0,0.2680120000000000,186,694,288.8135590000000,328.0,0.9207320000000000,0.5907320000000000,0,0,1,0,1
2023,Dutch Grand Prix,R,ALB,4.0,11.0,no_advantage,269.0,57.0,139.59121600000000,100.0,0.293399000000000,240,818,288.8135590000000,328.0,0.8201220000000000,0.48332599999999998,0,0,1,0,1
2023,Dutch Grand Prix,R,GAS,5.0,3.0,no_advantage,292.0,78.0,179.42227199999999,100.0,0.2176,136,625,288.8135590000000,328.0,0.8902440000000000,0.6212390000000000,0,0,1,0,1
2023,Hungarian Grand Prix,FP1,HUL,6.0,4.0,no_advantage,76.0,76.0,76.0,104.0,1.0,756,756,215.11818199999999,253.0,0.30039500000000002,0.3532940000000000,0,0,0,1,1
2023,Hungarian Grand Prix,FP1,SAR,10.0,4.0,no_advantage,221.0,221.0,221.0,104.0,1.0,764,764,215.11818199999999,253.0,0.8735180000000000,1.027342000000000,0,0,0,1,1
2023,Hungarian Grand Prix,FP1,NOR,9.0,3.0,no_advantage,66.0,66.0,66.0,104.0,1.0,757,757,215.11818199999999,253.0,0.2608700000000000,0.30680800000000003,0,0,0,1,1
2023,Hungarian Grand Prix,FP3,LEC,7.0,14.0,no_advantage,288.0,74.0,181.4169220000000,100.0,0.2307690000000000,147,637,230.19832400000001,259.0,1.111969000000000,0.7880900000000000,0,0,0,1,1
2023,Hungarian Grand Prix,Q,VER,11.0,5.0,clear_violation,312.0,96.0,202.5321510000000,100.0,0.2130870000000000,127,596,254.28692000000001,261.0,1.1954020000000001,0.7964710000000000,0,1,0,0,1
2023,Hungarian Grand Prix,Q,NOR,8.0,5.0,clear_violation,309.0,93.0,199.1729070000000,100.0,0.1903970000000000,115,604,254.28692000000001,261.0,1.1839080000000000,0.7832610000000000,0,1,0,0,1
2023,Hungarian Grand Prix,Q,PIA,2.0,12.0,clear_violation,314.0,89.0,198.26384500000000,100.0,0.1983470000000000,120,605,254.28692000000001,261.0,1.2030650000000001,0.7796860000000000,0,1,0,0,1
2023,Hungarian Grand Prix,Q,ZHO,4.0,5.0,clear_violation,310.0,92.0,197.92652400000000,100.0,0.2025930000000000,125,617,254.28692000000001,261.0,1.1877390000000001,0.7783590000000000,0,1,0,0,1
2023,Hungarian Grand Prix,Q,ZHO,9.0,4.0,clear_violation,310.0,92.0,196.219397000000,100.0,0.2203670000000000,132,599,254.28692000000001,261.0,1.1877390000000001,0.7716460000000001,0,1,0,0,1
2023,Hungarian Grand Prix,Q,ZHO,18.0,12.0,clear_violation,314.0,97.0,203.2184280000000,100.0,0.2180580000000000,128,587,254.28692000000001,261.0,1.2030650000000001,0.7991700000000000,0,1,0,0,1
2023,Hungarian Grand Prix,Q,PER,16.0,4.0,clear_violation,316.0,93.0,193.7655140000000,100.0,0.1951220000000000,120,615,254.28692000000001,261.0,1.210728000000000,0.7619960000000000,0,1,0,0,1
2023,Hungarian Grand Prix,Q,STR,12.0,12.0,clear_violation,313.0,93.0,200.18166400000001,100.0,0.2068970000000000,120,580,254.28692000000001,261.0,1.1992339999999999,0.7872280000000000,0,1,0,0,1
2023,Hungarian Grand Prix,Q,GAS,15.0,4.0,clear_violation,314.0,89.0,199.9944820000000,100.0,0.2154880000000000,128,594,254.28692000000001,261.0,1.2030650000000001,0.7864910000000001,0,1,0,0,1
2023,Hungarian Grand Prix,Q,ALB,2.0,4.0,clear_violation,314.0,92.0,196.6144500000000,100.0,0.2356790000000000,144,611,254.28692000000001,261.0,1.2030650000000001,0.7731990000000000,0,1,0,0,1
2023,Hungarian Grand Prix,Q,MAG,2.0,5.0,clear_violation,316.0,93.0,195.6387100000000,100.0,0.2298850000000000,140,609,254.28692000000001,261.0,1.210728000000000,0.7693620000000000,0,1,0,0,1
2023,Hungarian Grand Prix,Q,SAR,2.0,11.0,clear_violation,314.0,96.0,198.7729710000000,100.0,0.2107840000000000,129,612,254.28692000000001,261.0,1.2030650000000001,0.7816880000000000,0,1,0,0,1
2023,Hungarian Grand Prix,R,NOR,31.0,4.0,clear_violation,297.0,79.0,185.3735430000000,100.0,0.2535430000000000,161,635,246.2052760000000,258.0,1.1511629999999999,0.7529230000000000,0,0,1,0,1
2023,Hungarian Grand Prix,R,NOR,62.0,5.0,clear_violation,303.0,74.0,186.650168000000,100.0,0.2488260000000000,159,639,246.2052760000000,258.0,1.1744190000000001,0.7581080000000000,0,0,1,0,1
2023,Hungarian Grand Prix,R,PER,6.0,4.0,clear_violation,320.0,69.0,182.38892999999999,100.0,0.2372880000000000,154,649,246.2052760000000,258.0,1.2403100000000000,0.7408000000000000,0,0,1,0,1
2023,Hungarian Grand Prix,R,PER,27.0,4.0,clear_violation,315.0,72.0,180.70018800000000,100.0,0.2688,168,625,246.2052760000000,258.0,1.2209300000000001,0.7339410000000000,0,0,1,0,1
2023,Hungarian Grand Prix,R,HAM,11.0,4.0,clear_violation,292.0,86.0,183.2054420000000,100.0,0.2156860000000000,143,663,246.2052760000000,258.0,1.1317830000000000,0.7441170000000000,0,0,1,0,1
2023,Hungarian Grand Prix,R,PIA,21.0,4.0,clear_violation,297.0,83.0,186.6787120000000,100.0,0.2230890000000000,143,641,246.2052760000000,258.0,1.1511629999999999,0.7582240000000000,0,0,1,0,1
2023,Hungarian Grand Prix,R,PIA,33.0,4.0,clear_violation,300.0,81.0,183.3347430000000,100.0,0.2122640000000000,135,636,246.2052760000000,258.0,1.1627909999999999,0.7446420000000000,0,0,1,0,1
2023,Hungarian Grand Prix,R,PIA,46.0,4.0,clear_violation,301.0,85.0,187.30743799999999,100.0,0.2273450000000000,143,629,246.2052760000000,258.0,1.1666669999999999,0.7607780000000000,0,0,1,0,1
2023,Hungarian Grand Prix,R,RUS,43.0,11.0,clear_violation,296.0,78.0,186.5890610000000,100.0,0.2403850000000000,150,624,246.2052760000000,258.0,1.1472869999999999,0.7578600000000000,0,0,1,0,1
2023,Hungarian Grand Prix,R,LEC,32.0,4.0,clear_violation,305.0,78.0,184.53887800000001,100.0,0.2394370000000000,153,639,246.2052760000000,258.0,1.182171000000000,0.7495330000000000,0,0,1,0,1
2023,Hungarian Grand Prix,R,SAI,15.0,4.0,clear_violation,301.0,69.0,174.2021030000000,100.0,0.2684370000000000,182,678,246.2052760000000,258.0,1.1666669999999999,0.7075480000000000,0,0,1,0,1
2023,Hungarian Grand Prix,R,STR,26.0,4.0,clear_violation,300.0,78.0,184.6490590000000,100.0,0.2573190000000000,167,649,246.2052760000000,258.0,1.1627909999999999,0.749980000000000,0,0,1,0,1
2023,Hungarian Grand Prix,R,ALB,8.0,4.0,clear_violation,319.0,75.0,176.29014500000000,100.0,0.2774480000000000,187,674,246.2052760000000,258.0,1.2364340000000000,0.7160290000000000,0,0,1,0,1
2023,Hungarian Grand Prix,R,RIC,7.0,4.0,clear_violation,313.0,80.0,183.0637770000000,100.0,0.2141780000000000,142,663,246.2052760000000,258.0,1.2131780000000001,0.7435410000000000,0,0,1,0,1
2023,Hungarian Grand Prix,R,HUL,12.0,4.0,clear_violation,297.0,79.0,181.6471750000000,100.0,0.2201830000000000,144,654,246.2052760000000,258.0,1.1511629999999999,0.737787000000000,0,0,1,0,1
2023,Hungarian Grand Prix,R,MAG,22.0,4.0,clear_violation,300.0,82.0,181.85235299999999,100.0,0.2302940000000000,149,647,246.2052760000000,258.0,1.1627909999999999,0.738621000000000,0,0,1,0,1
2023,Hungarian Grand Prix,R,MAG,60.0,7.0,clear_violation,299.0,81.0,179.10666399999999,100.0,0.2029200000000000,139,685,246.2052760000000,258.0,1.1589149999999999,0.7274690000000000,0,0,1,0,1
2023,Hungarian Grand Prix,R,SAR,22.0,4.0,clear_violation,302.0,80.0,181.0168830000000,100.0,0.2484570000000000,161,648,246.2052760000000,258.0,1.1705429999999999,0.7352270000000000,0,0,1,0,1
2023,Italian Grand Prix,FP1,SAR,8.0,10.0,no_advantage,324.0,55.0,159.7108460000000,100.0,0.1601690000000000,152,949,288.3121950000000,311.0,1.0418010000000000,0.5539510000000000,0,0,0,1,1
2023,Italian Grand Prix,FP1,ALB,8.0,10.0,no_advantage,338.0,66.0,219.4375340000000,100.0,0.1594410000000000,114,715,288.3121950000000,311.0,1.0868169999999999,0.7611110000000000,0,0,0,1,1
2023,Italian Grand Prix,FP1,OCO,21.0,10.0,no_advantage,320.0,62.0,232.4104210000000,100.0,0.1686220000000000,115,682,288.3121950000000,311.0,1.0289390000000000,0.8061070000000000,0,0,0,1,1
2023,Italian Grand Prix,FP1,LAW,26.0,9.0,no_advantage,327.0,63.0,234.7761150000000,100.0,0.1545450000000000,102,660,288.3121950000000,311.0,1.0514470000000000,0.8143120000000000,0,0,0,1,1
2023,Italian Grand Prix,FP3,NOR,17.0,4.0,no_advantage,324.0,67.0,238.48557000000000,100.0,0.1220290000000000,77,631,290.7135420000000,314.0,1.0318470000000000,0.8203460000000000,0,0,0,1,1
2023,Italian Grand Prix,FP3,HUL,16.0,4.0,no_advantage,336.0,70.0,251.3530340000000,100.0,0.1313630000000000,80,609,290.7135420000000,314.0,1.070064000000000,0.8646070000000000,0,0,0,1,1
2023,Italian Grand Prix,FP3,BOT,22.0,8.0,no_advantage,315.0,56.0,194.3409260000000,100.0,0.187423000000000,152,811,290.7135420000000,314.0,1.0031850000000000,0.6684960000000000,0,0,0,1,1
2023,Italian Grand Prix,FP3,SAI,19.0,4.0,no_advantage,320.0,48.0,132.993625000000,100.0,0.1612900000000000,195,1209,290.7135420000000,314.0,1.019108000000000,0.45747300000000002,0,0,0,1,1
2023,Italian Grand Prix,FP3,HAM,20.0,4.0,no_advantage,317.0,60.0,180.3645540000000,100.0,0.1497750000000000,133,888,290.7135420000000,314.0,1.0095540000000001,0.6204200000000000,0,0,0,1,1
2023,Italian Grand Prix,Q,VER,2.0,7.0,clear_violation,341.0,66.0,252.3288240000000,100.0,0.1233970000000000,77,624,309.65800899999999,317.0,1.0757099999999999,0.8148630000000000,0,1,0,0,1
2023,Italian Grand Prix,Q,PIA,7.0,7.0,clear_violation,335.0,71.0,251.28630500000000,100.0,0.1060360000000000,65,613,309.65800899999999,317.0,1.0567820000000001,0.8114960000000000,0,1,0,0,1
2023,Italian Grand Prix,Q,ALO,2.0,7.0,clear_violation,341.0,70.0,251.42322799999999,100.0,0.1291870000000000,81,627,309.65800899999999,317.0,1.0757099999999999,0.8119380000000000,0,1,0,0,1
2023,Italian Grand Prix,Q,ZHO,7.0,7.0,clear_violation,350.0,68.0,251.5721920000000,100.0,0.1469650000000000,92,626,309.65800899999999,317.0,1.1041010000000000,0.8124190000000000,0,1,0,0,1
2023,Italian Grand Prix,Q,OCO,4.0,10.0,clear_violation,340.0,67.0,248.7099840000000,100.0,0.1354840000000000,84,620,309.65800899999999,317.0,1.0725549999999999,0.803176000000000,0,1,0,0,1
2023,Italian Grand Prix,Q,STR,2.0,2.0,clear_violation,344.0,55.0,212.04558900000001,100.0,0.2073670000000000,152,733,309.65800899999999,317.0,1.085174000000000,0.6847730000000000,0,1,0,0,1
2023,Italian Grand Prix,R,PER,14.0,2.0,clear_violation,350.0,65.0,236.90026399999999,100.0,0.1529050000000000,100,654,308.21041200000002,322.0,1.0869570000000000,0.7686320000000000,0,0,1,0,1
2023,Italian Grand Prix,R,PER,43.0,2.0,clear_violation,349.0,63.0,237.30751100000001,100.0,0.1679510000000000,109,649,308.21041200000002,322.0,1.0838509999999999,0.7699530000000000,0,0,1,0,1
2023,Italian Grand Prix,R,PER,45.0,2.0,clear_violation,349.0,71.0,237.6623580000000,100.0,0.1621620000000000,102,629,308.21041200000002,322.0,1.0838509999999999,0.7711040000000000,0,0,1,0,1
2023,Italian Grand Prix,R,ALO,3.0,10.0,clear_violation,331.0,65.0,236.79531499999999,100.0,0.1547620000000000,104,672,308.21041200000002,322.0,1.0279499999999999,0.768291000000000,0,0,1,0,1
2023,Italian Grand Prix,R,LEC,47.0,5.0,clear_violation,339.0,51.0,235.7031770000000,100.0,0.1628960000000000,108,663,308.21041200000002,322.0,1.0527949999999999,0.7647480000000000,0,0,1,0,1
2023,Italian Grand Prix,R,SAR,43.0,5.0,clear_violation,334.0,53.0,232.76508000000001,100.0,0.1582090000000000,106,670,308.21041200000002,322.0,1.0372669999999999,0.7552150000000000,0,0,1,0,1
2023,Italian Grand Prix,R,NOR,5.0,7.0,clear_violation,332.0,69.0,236.84846700000000,99.0,0.1623280000000000,106,653,308.21041200000002,322.0,1.031056000000000,0.7684640000000000,0,0,1,0,1
2023,Italian Grand Prix,R,NOR,38.0,2.0,clear_violation,346.0,52.0,237.75053800000001,99.0,0.1592650000000000,104,653,308.21041200000002,322.0,1.0745340000000001,0.7713900000000000,0,0,1,0,1
2023,Italian Grand Prix,R,HAM,40.0,5.0,clear_violation,344.0,62.0,238.1059600000000,100.0,0.1792890000000000,116,647,308.21041200000002,322.0,1.0683229999999999,0.7725440000000000,0,0,1,0,1
2023,Italian Grand Prix,R,HAM,41.0,4.0,clear_violation,359.0,54.0,236.2285930000000,100.0,0.1501500000000000,100,666,308.21041200000002,322.0,1.1149070000000001,0.7664520000000,0,0,1,0,1
2023,Italian Grand Prix,R,SAI,47.0,5.0,clear_violation,335.0,45.0,237.31279900000001,100.0,0.1696970000000000,112,660,308.21041200000002,322.0,1.0403730000000000,0.7699700000000000,0,0,1,0,1
2023,Italian Grand Prix,R,RUS,14.0,2.0,clear_violation,331.0,56.0,238.48215999999999,100.0,0.1257670000000000,82,652,308.21041200000002,322.0,1.0279499999999999,0.7737640000000000,0,0,1,0,1
2023,Italian Grand Prix,R,BOT,43.0,5.0,clear_violation,353.0,51.0,237.4036450000000,100.0,0.1811260000000000,119,657,308.21041200000002,322.0,1.0962730000000001,0.7702650000000000,0,0,1,0,1
2023,Italian Grand Prix,R,PIA,40.0,5.0,clear_violation,340.0,63.0,237.31245999999999,100.0,0.1466050000000000,95,648,308.21041200000002,322.0,1.0559010000000000,0.7699690000000000,0,0,1,0,1
2023,Japanese Grand Prix,FP1,SAR,7.0,17.0,no_advantage,295.0,59.0,143.75882899999999,100.0,0.1837490000000000,199,1083,244.31392399999999,267.0,1.104869000000000,0.5884180000000000,0,0,0,1,1
2023,Japanese Grand Prix,FP1,SAR,9.0,9.0,no_advantage,323.0,70.0,214.7476140000000,100.0,0.1814570000000000,137,755,244.31392399999999,267.0,1.2097380000000000,0.8789820000000000,0,0,0,1,1
2023,Japanese Grand Prix,FP1,ZHO,11.0,13.0,no_advantage,319.0,47.0,160.5189270000000,100.0,0.185336000000000,182,982,244.31392399999999,267.0,1.1947570000000001,0.6570190000000000,0,0,0,1,1
2023,Japanese Grand Prix,FP1,PER,21.0,17.0,no_advantage,307.0,59.0,203.8250160000000,100.0,0.1422980000000000,109,766,244.31392399999999,267.0,1.149813000000000,0.8342750000000000,0,0,0,1,1
2023,Japanese Grand Prix,FP1,LEC,25.0,11.0,no_advantage,303.0,0.0,146.38691600000001,100.0,0.2532350000000000,274,1082,244.31392399999999,267.0,1.1348309999999999,0.5991750000000000,0,0,0,1,1
2023,Japanese Grand Prix,Q,GAS,2.0,2.0,clear_violation,329.0,72.0,227.26329000000001,100.0,0.1162120000000000,81,697,266.89677399999999,272.0,1.2095590000000001,0.8515030000000000,0,1,0,0,1
2023,Japanese Grand Prix,Q,ALB,2.0,8.0,clear_violation,334.0,74.0,228.1682110000000,100.0,0.1606370000000000,111,691,266.89677399999999,272.0,1.2279409999999999,0.8548930000000000,0,1,0,0,1
2023,Japanese Grand Prix,Q,HUL,2.0,2.0,clear_violation,333.0,70.0,226.9271970000000,100.0,0.1488440000000000,103,692,266.89677399999999,272.0,1.224265000000000,0.8502430000000000,0,1,0,0,1
2023,Japanese Grand Prix,Q,ZHO,5.0,9.0,clear_violation,327.0,73.0,229.58934500000001,100.0,0.1311950000000000,90,686,266.89677399999999,272.0,1.2022060000000001,0.8602180000000000,0,1,0,0,1
2023,Japanese Grand Prix,R,NOR,28.0,2.0,clear_violation,306.0,63.0,212.3925860000000,100.0,0.1484590000000000,106,714,248.13581700000000,266.0,1.150376000000000,0.855953000000000,0,0,1,0,1
2023,Japanese Grand Prix,R,PIA,31.0,14.0,clear_violation,308.0,63.0,210.0045570000000,100.0,0.1476060000000000,111,752,248.13581700000000,266.0,1.1578949999999999,0.8463290000000000,0,0,1,0,1
2023,Japanese Grand Prix,R,PIA,44.0,9.0,clear_violation,307.0,64.0,211.673098000000,99.0,0.1304950000000000,95,728,248.13581700000000,266.0,1.1541349999999999,0.8530530000000000,0,0,1,0,1
2023,Japanese Grand Prix,R,LEC,45.0,2.0,clear_violation,323.0,66.0,214.0839650000000,100.0,0.176955000000000,129,729,248.13581700000000,266.0,1.2142860000000000,0.8627690000000000,0,0,1,0,1
2023,Japanese Grand Prix,R,HAM,16.0,14.0,clear_violation,304.0,61.0,202.4907320000000,100.0,0.1881580000000000,143,760,248.13581700000000,266.0,1.1428570000000000,0.8160480000000000,0,0,1,0,1
2023,Japanese Grand Prix,R,HAM,53.0,14.0,clear_violation,302.0,66.0,212.366285000000,100.0,0.1698630000000000,124,730,248.13581700000000,266.0,1.1353380000000000,0.8558470000000000,0,0,1,0,1
2023,Japanese Grand Prix,R,RUS,16.0,13.0,clear_violation,311.0,63.0,209.3405950000000,100.0,0.1596750000000000,118,739,248.13581700000000,266.0,1.169173000000000,0.8436530000000000,0,0,1,0,1
2023,Japanese Grand Prix,R,RUS,28.0,14.0,clear_violation,305.0,66.0,214.53649300000001,100.0,0.1251720000000000,91,727,248.13581700000000,266.0,1.1466170000000000,0.8645929999999999,0,0,1,0,1
2023,Japanese Grand Prix,R,RUS,33.0,14.0,clear_violation,304.0,67.0,212.8355360000000,100.0,0.1349860000000000,98,726,248.13581700000000,266.0,1.1428570000000000,0.8577380000000000,0,0,1,0,1
2023,Japanese Grand Prix,R,ALO,9.0,9.0,clear_violation,319.0,61.0,208.5199180000000,100.0,0.1911170000000000,142,743,248.13581700000000,266.0,1.199248000000000,0.8403460000000000,0,0,1,0,1
2023,Japanese Grand Prix,R,TSU,46.0,14.0,clear_violation,323.0,62.0,210.89504800000000,100.0,0.1651250000000000,125,757,248.13581700000000,266.0,1.2142860000000000,0.8499180000000000,0,0,1,0,1
2023,Japanese Grand Prix,R,MAG,10.0,9.0,clear_violation,308.0,59.0,204.830975000000,100.0,0.1777780000000000,136,765,248.13581700000000,266.0,1.1578949999999999,0.8254790000000000,0,0,1,0,1
2023,Japanese Grand Prix,R,ALB,21.0,14.0,clear_violation,309.0,65.0,209.07284700000000,100.0,0.1766300000000000,130,736,248.13581700000000,266.0,1.1616540000000000,0.84257400000000,0,0,1,0,1
2023,Japanese Grand Prix,R,PER,11.0,14.0,clear_violation,321.0,51.0,205.72513900000001,100.0,0.1818180000000000,140,770,248.13581700000000,266.0,1.2067669999999999,0.8290830000000000,0,0,1,0,1
2023,Japanese Grand Prix,R,BOT,4.0,11.0,no_advantage,270.2428580000000,59.0,135.98244500000001,100.0,0.2233770000000000,258,1155,248.13581700000000,266.0,1.0159510000000000,0.5480159999999999,0,0,1,0,1
2023,Las Vegas Grand Prix,FP2,PER,1.0,12.0,no_advantage,332.0,32.0,183.79450399999999,100.0,0.2108840000000000,186,882,296.99695600000001,325.0,1.0215380000000001,0.6188430000000000,0,0,0,1,1
2023,Las Vegas Grand Prix,FP2,MAG,2.0,12.0,no_advantage,343.0,73.0,217.0924650000000,100.0,0.196078000000000,150,765,296.99695600000001,325.0,1.0553850000000000,0.7309590000000000,0,0,0,1,1
2023,Las Vegas Grand Prix,FP2,STR,6.0,14.0,no_advantage,330.0,0.0,178.85602499999999,100.0,0.2233010000000000,207,927,296.99695600000001,325.0,1.0153850000000000,0.6022149999999999,0,0,0,1,1
2023,Las Vegas Grand Prix,FP2,VER,11.0,12.0,no_advantage,313.0,71.0,202.23986199999999,100.0,0.2112680000000000,180,852,296.99695600000001,325.0,0.963077000000000,0.6809490000000000,0,0,0,1,1
2023,Las Vegas Grand Prix,FP2,HUL,12.0,12.0,no_advantage,338.0,80.0,214.62010100000001,100.0,0.1940870000000000,151,778,296.99695600000001,325.0,1.04,0.7226340000000000,0,0,0,1,1
2023,Las Vegas Grand Prix,FP2,GAS,13.0,12.0,no_advantage,330.0,0.0,194.10202000000001,100.0,0.1765380000000000,155,878,296.99695600000001,325.0,1.0153850000000000,0.6535490000000000,0,0,0,1,1
2023,Las Vegas Grand Prix,FP2,ALB,18.0,14.0,no_advantage,329.0,53.0,159.50715099999999,100.0,0.2069610000000000,220,1063,296.99695600000001,325.0,1.0123080000000000,0.5370670000000000,0,0,0,1,1
2023,Las Vegas Grand Prix,FP2,RUS,19.0,5.0,no_advantage,320.0,75.0,173.0648140000000,100.0,0.1968910000000000,190,965,296.99695600000001,325.0,0.9846150000000000,0.5827160000000000,0,0,0,1,1
2023,Las Vegas Grand Prix,FP2,SAR,21.0,12.0,no_advantage,331.0,74.0,188.60754900000001,100.0,0.2096220000000000,183,873,296.99695600000001,325.0,1.0184620000000000,0.6350490000000000,0,0,0,1,1
2023,Las Vegas Grand Prix,FP2,RUS,31.0,14.0,no_advantage,331.0,14.0,208.7757300000000,100.0,0.1936270000000000,158,816,296.99695600000001,325.0,1.0184620000000000,0.702956000000000,0,0,0,1,1
2023,Las Vegas Grand Prix,FP2,SAR,36.0,5.0,no_advantage,350.0,53.0,215.6780040000000,100.0,0.2023200000000000,157,776,296.99695600000001,325.0,1.0769230000000001,0.726196000000000,0,0,0,1,1
2023,Las Vegas Grand Prix,FP2,VER,34.0,5.0,no_advantage,328.0,79.0,223.706463000000,100.0,0.1747700000000000,133,761,296.99695600000001,325.0,1.0092310000000000,0.7532280000000000,0,0,0,1,1
2023,Las Vegas Grand Prix,FP3,MAG,5.0,5.0,no_advantage,320.0,50.0,165.00331499999999,100.0,0.2057650000000000,207,1006,307.80555600000002,323.0,0.9907120000000000,0.53606300000000,0,0,0,1,1
2023,Las Vegas Grand Prix,FP3,BOT,10.0,14.0,no_advantage,327.0,67.0,215.3460670000000,100.0,0.1731010000000000,139,803,307.80555600000002,323.0,1.0123840000000000,0.6996170000000000,0,0,0,1,1
2023,Las Vegas Grand Prix,FP3,SAR,2.0,5.0,no_advantage,338.0,64.0,193.34860300000000,100.0,0.1832760000000000,160,873,307.80555600000002,323.0,1.0464400000000000,0.6281520000000000,0,0,0,1,1
2023,Las Vegas Grand Prix,FP3,ZHO,11.0,1.0,no_advantage,323.0,63.0,177.7101930000000,100.0,0.2577640000000000,249,966,307.80555600000002,323.0,1.0,0.5773460000000000,0,0,0,1,1
2023,Las Vegas Grand Prix,FP3,RUS,19.0,12.0,no_advantage,323.0,50.0,136.16566900000001,100.0,0.1218350000000000,154,1264,307.80555600000002,323.0,1.0,0.4423760000000000,0,0,0,1,1
2023,Las Vegas Grand Prix,FP3,ALB,12.0,5.0,no_advantage,325.0,53.0,139.89085700000001,100.0,0.1697170000000000,204,1202,307.80555600000002,323.0,1.0061920000000000,0.4544780000000000,0,0,0,1,1
2023,Las Vegas Grand Prix,Q,RUS,3.0,8.0,clear_violation,336.0,69.0,207.9669800000000,100.0,0.174489000000000,145,831,307.15884499999999,323.0,1.0402480000000001,0.6770670000000000,0,1,0,0,1
2023,Las Vegas Grand Prix,Q,RUS,6.0,8.0,clear_violation,324.0,41.0,187.05543499999999,100.0,0.1681510000000000,151,898,307.15884499999999,323.0,1.0030960000000000,0.6089860000000000,0,1,0,0,1
2023,Las Vegas Grand Prix,Q,HAM,5.0,8.0,clear_violation,336.0,63.0,185.17464600000000,100.0,0.1663070000000000,154,926,307.15884499999999,323.0,1.0402480000000001,0.6028630000000000,0,1,0,0,1
2023,Las Vegas Grand Prix,Q,NOR,7.0,8.0,clear_violation,333.0,75.0,196.19474000000000,99.0,0.1575900000000000,136,863,307.15884499999999,323.0,1.0309600000000001,0.6387400000000000,0,1,0,0,1
2023,Las Vegas Grand Prix,Q,TSU,5.0,8.0,clear_violation,349.0,78.0,229.18774400000001,100.0,0.1796250000000000,134,746,307.15884499999999,323.0,1.0804950000000000,0.7461540000000000,0,1,0,0,1
2023,Las Vegas Grand Prix,Q,TSU,8.0,5.0,no_advantage,325.0,29.0,182.93772899999999,100.0,0.2375690000000000,215,905,307.15884499999999,323.0,1.0061920000000000,0.5955800000000000,0,1,0,0,1
2023,Las Vegas Grand Prix,R,GAS,29.0,17.0,clear_violation,336.0,76.0,217.02043100000000,100.0,0.1976280000000000,150,759,303.1019740000000,330.0,1.018182000000000,0.7159980000000000,0,0,1,0,1
2023,Las Vegas Grand Prix,R,ALO,47.0,8.0,clear_violation,344.0,78.0,226.59921800000001,100.0,0.18707000000000,136,727,303.1019740000000,330.0,1.0424240000000000,0.747601000000000,0,0,1,0,1
2023,Las Vegas Grand Prix,R,LEC,43.0,12.0,clear_violation,336.0,43.0,226.21005400000001,100.0,0.1939310000000000,147,758,303.1019740000000,330.0,1.018182000000000,0.7463170000000000,0,0,1,0,1
2023,Las Vegas Grand Prix,R,STR,20.0,8.0,clear_violation,329.0,73.0,222.5688590000000,100.0,0.1896100000000000,146,770,303.1019740000000,330.0,0.996970000000000,0.7343040000000000,0,0,1,0,1
2023,Las Vegas Grand Prix,R,SAR,40.0,8.0,clear_violation,353.0,68.0,223.3610620000000,100.0,0.2002650000000000,151,754,303.1019740000000,330.0,1.0696969999999999,0.7369170000000000,0,0,1,0,1
2023,Las Vegas Grand Prix,R,MAG,13.0,7.0,clear_violation,333.0,80.0,219.8616400000000,100.0,0.1714660000000000,131,764,303.1019740000000,330.0,1.009091000000000,0.7253720000000000,0,0,1,0,1
2023,Las Vegas Grand Prix,R,ALB,40.0,4.0,clear_violation,341.0,64.0,218.4429930000000,100.0,0.2139110000000000,163,762,303.1019740000000,330.0,1.0333330000000001,0.7206910000000000,0,0,1,0,1
2023,Las Vegas Grand Prix,R,OCO,8.0,17.0,clear_violation,348.0,81.0,219.81982199999999,104.0,0.2407170000000000,188,781,303.1019740000000,330.0,1.0545450000000001,0.7252340000000000,0,0,1,0,1
2023,Las Vegas Grand Prix,R,OCO,9.0,17.0,clear_violation,349.0,81.0,221.18629300000001,100.0,0.2310760000000000,174,753,303.1019740000000,330.0,1.0575760000000001,0.7297420000000000,0,0,1,0,1
2023,Las Vegas Grand Prix,R,HAM,17.0,7.0,clear_violation,297.0,69.0,185.75446299999999,100.0,0.2339960000000000,212,906,303.1019740000000,330.0,0.9,0.6128450000000000,0,0,1,0,1
2023,Las Vegas Grand Prix,R,HAM,47.0,8.0,clear_violation,337.0,82.0,227.8340600000000,104.0,0.1756570000000000,127,723,303.1019740000000,330.0,1.0212120000000000,0.7516750000000000,0,0,1,0,1
2023,Las Vegas Grand Prix,R,BOT,2.0,8.0,clear_violation,327.0,0.0,148.43447800000001,100.0,0.3117480000000000,337,1081,303.1019740000000,330.0,0.990909000000000,0.4897180000000000,0,0,1,0,1
2023,Las Vegas Grand Prix,R,BOT,14.0,1.0,clear_violation,331.0,64.0,213.57619700000001,100.0,0.215080000000000,174,809,303.1019740000000,330.0,1.003030000000000,0.7046350000000000,0,0,1,0,1
2023,Mexico City Grand Prix,FP1,SAI,6.0,1.0,no_advantage,341.0,63.0,185.34683999999999,100.0,0.2292990000000000,144,628,236.00905000000000,250.0,1.364,0.7853380000000000,0,0,0,1,1
2023,Mexico City Grand Prix,FP3,STR,14.0,9.0,no_advantage,346.0,47.0,135.69046299999999,100.0,0.145933000000000,122,836,227.29807700000001,254.0,1.3622050000000001,0.5969710000000000,0,0,0,1,1
2023,Mexico City Grand Prix,Q,ALB,11.0,2.0,clear_violation,347.0,64.0,196.1424400000000,100.0,0.2397260000000000,140,584,250.4034090000000,255.0,1.3607840000000000,0.7833059999999999,0,1,0,0,1
2023,Mexico City Grand Prix,Q,SAR,2.0,12.0,clear_violation,346.0,62.0,189.8977220000000,100.0,0.2335530000000000,142,608,250.4034090000000,255.0,1.3568629999999999,0.7583670000000000,0,1,0,0,1
2023,Mexico City Grand Prix,Q,SAR,5.0,11.0,clear_violation,348.0,62.0,191.4124270000000,100.0,0.2282430000000000,139,609,250.4034090000000,255.0,1.3647060000000000,0.7644160000000000,0,1,0,0,1
2023,Mexico City Grand Prix,R,SAR,54.0,2.0,clear_violation,335.0,62.0,180.76892799999999,100.0,0.2220470000000000,141,635,240.77401100000000,251.0,1.3346610000000001,0.7507830000000000,0,0,1,0,1
2023,Mexico City Grand Prix,R,SAR,65.0,2.0,clear_violation,355.0,57.0,180.53355900000000,100.0,0.2390950000000000,148,619,240.77401100000000,251.0,1.4143429999999999,0.7498050000000001,0,0,1,0,1
2023,Mexico City Grand Prix,R,MAG,24.0,2.0,clear_violation,315.0,0.0,146.7126900000000,100.0,0.2442000000000000,200,819,240.77401100000000,251.0,1.254980000000000,0.6093380000000000,0,0,1,0,1
2023,Mexico City Grand Prix,R,MAG,29.0,17.0,clear_violation,332.0,64.0,182.64991100000000,100.0,0.2322270000000000,147,633,240.77401100000000,251.0,1.3227089999999999,0.7585950000000000,0,0,1,0,1
2023,Mexico City Grand Prix,R,TSU,8.0,1.0,clear_violation,353.0,65.0,175.8855930000000,100.0,0.2615380000000000,170,650,240.77401100000000,251.0,1.406375000000000,0.7305010000000000,0,0,1,0,1
2023,Mexico City Grand Prix,R,TSU,49.0,1.0,clear_violation,352.0,0.0,155.11219399999999,100.0,0.2023350000000000,156,771,240.77401100000000,251.0,1.402390000000000,0.6442230000000000,0,0,1,0,1
2023,Mexico City Grand Prix,R,TSU,53.0,12.0,clear_violation,330.0,58.0,182.2180050000000,100.0,0.2093020000000000,135,645,240.77401100000000,251.0,1.3147409999999999,0.7568009999999999,0,0,1,0,1
2023,Mexico City Grand Prix,R,SAI,28.0,2.0,clear_violation,322.0,59.0,178.5193980000000,100.0,0.2377300000000000,155,652,240.77401100000000,251.0,1.2828690000000000,0.7414400000000000,0,0,1,0,1
2023,Mexico City Grand Prix,R,RUS,16.0,12.0,clear_violation,324.0,55.0,181.1544750000000,100.0,0.1956860000000000,127,649,240.77401100000000,251.0,1.2908370000000000,0.7523840000000001,0,0,1,0,1
2023,Mexico City Grand Prix,R,TSU,48.0,1.0,no_advantage,356.0,56.0,179.34621000000001,100.0,0.2272730000000000,150,660,240.77401100000000,251.0,1.4183269999999999,0.7448740000000000,0,0,1,0,1
2023,Miami Grand Prix,FP1,HAM,3.0,4.0,no_advantage,334.0,61.0,204.22623200000001,100.0,0.1914010000000000,138,721,261.7071240000000,283.0,1.1802120000000000,0.7803620000000000,0,0,0,1,1
2023,Miami Grand Prix,FP1,PIA,6.0,15.0,no_advantage,333.0,55.0,200.2491030000000,99.0,0.1942540000000000,142,731,261.7071240000000,283.0,1.176678000000000,0.7651650000000000,0,0,0,1,1
2023,Miami Grand Prix,FP1,TSU,15.0,6.0,no_advantage,333.0,63.0,207.6137450000000,100.0,0.1483050000000000,105,708,261.7071240000000,283.0,1.176678000000000,0.7933060000000000,0,0,0,1,1
2023,Miami Grand Prix,FP1,ALB,17.0,17.0,no_advantage,337.0,0.0,191.54551300000000,100.0,0.2040560000000000,161,789,261.7071240000000,283.0,1.1908129999999999,0.7319080000000000,0,0,0,1,1
2023,Miami Grand Prix,FP1,GAS,13.0,7.0,no_advantage,310.0,35.0,144.52391299999999,100.0,0.1411650000000000,143,1013,261.7071240000000,283.0,1.0954060000000001,0.5522350000000000,0,0,0,1,1
2023,Miami Grand Prix,FP1,STR,20.0,6.0,no_advantage,311.0,39.0,143.67509799999999,100.0,0.1646940000000000,167,1014,261.7071240000000,283.0,1.098940000000000,0.5489920000000000,0,0,0,1,1
2023,Miami Grand Prix,FP2,ALB,15.0,17.0,no_advantage,335.0,0.0,196.9106420000000,100.0,0.2002650000000000,151,754,261.9922080000000,283.0,1.1837460000000000,0.7515900000000000,0,0,0,1,1
2023,Miami Grand Prix,FP3,ALB,4.0,17.0,no_advantage,340.0,6.0,200.9426780000000,100.0,0.2199170000000000,159,723,253.9452890000000,285.0,1.1929820000000000,0.7912830000000000,0,0,0,1,1
2023,Miami Grand Prix,FP3,ALO,10.0,17.0,no_advantage,333.0,34.0,204.86492400000000,100.0,0.1743380000000000,125,717,253.9452890000000,285.0,1.168421000000000,0.8067290000000000,0,0,0,1,1
2023,Miami Grand Prix,FP3,HUL,4.0,7.0,no_advantage,312.0,60.0,165.48796400000001,100.0,0.1227270000000000,108,880,253.9452890000000,285.0,1.0947370000000001,0.6516680000000000,0,0,0,1,1
2023,Miami Grand Prix,FP3,NOR,9.0,4.0,no_advantage,309.0,34.0,150.25140600000000,99.0,0.1463660000000000,143,977,253.9452890000000,285.0,1.0842110000000000,0.5916680000000000,0,0,0,1,1
2023,Miami Grand Prix,R,SAI,33.0,7.0,clear_violation,331.0,62.0,203.7841070000000,100.0,0.2305590000000000,169,733,275.15474100000000,287.0,1.1533100000000001,0.7406160000000001,0,0,1,0,1
2023,Miami Grand Prix,R,OCO,5.0,15.0,clear_violation,343.0,66.0,203.7761960000000,100.0,0.2173310000000000,158,727,275.15474100000000,287.0,1.1951220000000000,0.7405880000000000,0,0,1,0,1
2023,Miami Grand Prix,R,MAG,35.0,15.0,clear_violation,338.0,63.0,207.39554000000001,100.0,0.2032970000000000,148,728,275.15474100000000,287.0,1.1777000000000000,0.753741000000000,0,0,1,0,1
2023,Miami Grand Prix,R,STR,22.0,11.0,clear_violation,337.0,63.0,208.10512600000001,100.0,0.1944440000000000,140,720,275.15474100000000,287.0,1.1742159999999999,0.7563200000000000,0,0,1,0,1
2023,Miami Grand Prix,R,ALB,27.0,6.0,clear_violation,337.0,68.0,210.0145570000000,100.0,0.1949150000000000,138,708,275.15474100000000,287.0,1.1742159999999999,0.7632600000000000,0,0,1,0,1
2023,Miami Grand Prix,R,ALB,33.0,6.0,clear_violation,324.0,66.0,206.511412000000,100.0,0.2083330000000000,150,720,275.15474100000000,287.0,1.1289199999999999,0.7505280000000000,0,0,1,0,1
2023,Miami Grand Prix,R,SAR,34.0,15.0,clear_violation,323.0,64.0,207.13633899999999,100.0,0.1876750000000000,134,714,275.15474100000000,287.0,1.1254360000000001,0.7527990000000000,0,0,1,0,1
2023,Monaco Grand Prix,Q,LEC,10.0,11.0,clear_violation,272.71000200,27.0,109.70223900000001,100.0,0.2906700000000000,243,836,266.16975300000001,274.0,0.995292000000000,0.4121510000000000,0,1,0,0,1
2023,Monaco Grand Prix,Q,SAI,1.0,10.0,clear_violation,278.0,28.0,107.1271710000000,100.0,0.2455300000000000,206,839,266.16975300000001,274.0,1.0145990000000000,0.4024770000000000,0,1,0,0,1
2023,Monaco Grand Prix,Q,HAM,11.0,10.0,clear_violation,290.0,34.0,130.45217600000001,100.0,0.2049060000000000,142,693,266.16975300000001,274.0,1.0583940000000001,0.4901090000000000,0,1,0,0,1
2023,Monaco Grand Prix,Q,GAS,20.0,10.0,clear_violation,274.65,37.0,125.43082500000000,100.0,0.2347950000000000,166,707,266.16975300000001,274.0,1.0023720000000000,0.4712440000000000,0,1,0,0,1
2023,Monaco Grand Prix,Q,RUS,10.0,10.0,clear_violation,280.0,40.0,136.74260100000001,100.0,0.2721710000000000,178,654,266.16975300000001,274.0,1.0218980000000000,0.5137420000000000,0,1,0,0,1
2023,Monaco Grand Prix,Q,TSU,14.0,10.0,clear_violation,271.7875010,33.0,121.0453730000000,100.0,0.2068030000000000,152,735,266.16975300000001,274.0,0.9919249999999999,0.45476800000000001,0,1,0,0,1
2023,Monaco Grand Prix,Q,PER,3.0,10.0,clear_violation,277.0,31.0,102.33893800000000,100.0,0.1802910000000000,161,893,266.16975300000001,274.0,1.010949000000000,0.3844870000000000,0,1,0,0,1
2023,Monaco Grand Prix,R,GAS,53.0,10.0,clear_violation,275.0,35.0,124.99721599999999,100.0,0.3191200000000000,232,727,257.08062300000000,272.0,1.0110290000000000,0.4862180000000000,0,0,1,0,1
2023,Monaco Grand Prix,R,GAS,66.0,10.0,clear_violation,277.0,38.0,121.55680200000000,100.0,0.2990900000000000,230,769,257.08062300000000,272.0,1.0183819999999999,0.47283500000000001,0,0,1,0,1
2023,Monaco Grand Prix,R,PER,31.0,10.0,clear_violation,282.0,38.0,149.19928899999999,100.0,0.2903750000000000,178,613,257.08062300000000,272.0,1.036765000000000,0.5803600000000000,0,0,1,0,1
2023,Monaco Grand Prix,R,PER,59.0,10.0,clear_violation,266.0,36.0,117.08925800000000,100.0,0.3148150000000000,238,756,257.08062300000000,272.0,0.9779409999999999,0.45545700000000000,0,0,1,0,1
2023,Monaco Grand Prix,R,ALO,53.0,10.0,clear_violation,279.0,37.0,130.9540380000000,100.0,0.3169320000000000,219,691,257.08062300000000,272.0,1.025735000000000,0.5093890000000000,0,0,1,0,1
2023,Monaco Grand Prix,R,ALO,55.0,10.0,clear_violation,256.0,0.0,93.0507520000000,100.0,0.257172000000000,251,976,257.08062300000000,272.0,0.9411760000000000,0.36195200000000000,0,0,1,0,1
2023,Monaco Grand Prix,R,ALO,57.0,16.0,clear_violation,270.0,37.0,115.18033600000000,100.0,0.3251300000000000,251,772,257.08062300000000,272.0,0.9926469999999999,0.4480320000000000,0,0,1,0,1
2023,Monaco Grand Prix,R,SAR,69.0,10.0,clear_violation,274.0,33.0,127.86919600000000,100.0,0.3490700000000000,244,699,257.08062300000000,272.0,1.0073529999999999,0.49738900000000003,0,0,1,0,1
2023,Monaco Grand Prix,R,MAG,36.0,10.0,clear_violation,284.0,45.0,147.43662599999999,100.0,0.3060560000000000,187,611,257.08062300000000,272.0,1.0441180000000001,0.5735030000000000,0,0,1,0,1
2023,Monaco Grand Prix,R,MAG,45.0,10.0,clear_violation,289.0,42.0,149.36905200000001,100.0,0.320786000000000,196,611,257.08062300000000,272.0,1.0625,0.5810200000000000,0,0,1,0,1
2023,Monaco Grand Prix,R,MAG,55.0,11.0,clear_violation,224.0,32.0,93.48268400000001,100.0,0.2481980000000000,241,971,257.08062300000000,272.0,0.8235290000000000,0.36363200000000001,0,0,1,0,1
2023,Monaco Grand Prix,R,DEV,58.0,10.0,clear_violation,263.0,34.0,113.25840200000000,100.0,0.3052760000000000,243,796,257.08062300000000,272.0,0.9669120000000000,0.4405560000000000,0,0,1,0,1
2023,Monaco Grand Prix,R,DEV,65.0,10.0,clear_violation,277.0,37.0,122.52270200000000,100.0,0.26657800000000,201,754,257.08062300000000,272.0,1.0183819999999999,0.47659299999999999,0,0,1,0,1
2023,Monaco Grand Prix,R,ALB,15.0,10.0,clear_violation,283.0,43.0,144.5749380000000,100.0,0.3,186,620,257.08062300000000,272.0,1.0404409999999999,0.5623720000000000,0,0,1,0,1
2023,Monaco Grand Prix,R,ALB,51.0,11.0,clear_violation,283.0,37.0,131.2978470000000,100.0,0.3357660000000000,230,685,257.08062300000000,272.0,1.0404409999999999,0.5107260000000000,0,0,1,0,1
2023,Monaco Grand Prix,R,ALB,58.0,11.0,clear_violation,263.0,35.0,110.67649000000000,100.0,0.3802470000000000,308,810,257.08062300000000,272.0,0.9669120000000000,0.43051299999999998,0,0,1,0,1
2023,Monaco Grand Prix,R,ALB,73.0,10.0,clear_violation,283.0,34.0,126.99293100000000,100.0,0.3539570000000000,246,695,257.08062300000000,272.0,1.0404409999999999,0.49398100000000000,0,0,1,0,1
2023,Monaco Grand Prix,R,ZHO,19.0,1.0,clear_violation,285.0,43.0,143.099099000000,100.0,0.3349210000000000,211,630,257.08062300000000,272.0,1.0477939999999999,0.556631000000000,0,0,1,0,1
2023,Monaco Grand Prix,R,ZHO,51.0,10.0,clear_violation,281.0,32.0,131.77587299999999,100.0,0.3357560000000000,231,688,257.08062300000000,272.0,1.0330880000000000,0.5125860000000000,0,0,1,0,1
2023,Monaco Grand Prix,R,HUL,3.0,10.0,clear_violation,287.0,44.0,153.267700000000,100.0,0.3025640000000000,177,585,257.08062300000000,272.0,1.0551470000000001,0.5961850000000000,0,0,1,0,1
2023,Monaco Grand Prix,R,HUL,53.0,10.0,clear_violation,271.0,35.0,118.00345400000000,100.0,0.3311690000000000,255,770,257.08062300000000,272.0,0.9963240000000000,0.45901300000000000,0,0,1,0,1
2023,Monaco Grand Prix,R,OCO,11.0,10.0,clear_violation,277.0,44.0,151.65758199999999,100.0,0.3060200000000000,183,598,257.08062300000000,272.0,1.0183819999999999,0.5899219999999999,0,0,1,0,1
2023,Monaco Grand Prix,R,OCO,52.0,10.0,clear_violation,280.0,36.0,134.6758330000000,100.0,0.4132730000000000,274,663,257.08062300000000,272.0,1.0294120000000000,0.5238660000000001,0,0,1,0,1
2023,Monaco Grand Prix,R,NOR,60.0,11.0,clear_violation,272.0,34.0,116.21116000000001,104.0,0.2385320000000000,182,763,257.08062300000000,272.0,1.0,0.4520420000000000,0,0,1,0,1
2023,Monaco Grand Prix,R,SAI,11.0,11.0,clear_violation,288.0,43.0,151.0811250000000,100.0,0.3444260000000000,207,601,257.08062300000000,272.0,1.0588240000000000,0.5876800000000000,0,0,1,0,1
2023,Monaco Grand Prix,R,SAI,52.0,10.0,clear_violation,289.0,39.0,135.91162000000000,100.0,0.3302890000000000,217,657,257.08062300000000,272.0,1.0625,0.528673000000000,0,0,1,0,1
2023,Monaco Grand Prix,R,PIA,61.0,10.0,clear_violation,272.0,35.0,118.3466930000000,100.0,0.2652010000000000,205,773,257.08062300000000,272.0,1.0,0.46034900000000001,0,0,1,0,1
2023,Qatar Grand Prix,Q,LEC,4.0,4.0,clear_violation,319.0,93.0,225.2676020000000,100.0,0.1595090000000000,104,652,281.9,294.0,1.0850340000000001,0.7991050000000000,0,1,0,0,1
2023,Qatar Grand Prix,Q,LEC,15.0,4.0,clear_violation,317.0,75.0,186.98973599999999,100.0,0.166018000000000,128,771,281.9,294.0,1.0782309999999999,0.6633190000000000,0,1,0,0,1
2023,Qatar Grand Prix,Q,LEC,21.0,5.0,clear_violation,318.0,78.0,174.45402700000000,100.0,0.203125,169,832,281.9,294.0,1.0816330000000001,0.618851000000000,0,1,0,0,1
2023,Qatar Grand Prix,Q,PIA,22.0,14.0,clear_violation,317.0,99.0,231.1123590000000,99.0,0.1305730000000000,82,628,281.9,294.0,1.0782309999999999,0.819838000000000,0,1,0,0,1
2023,Qatar Grand Prix,Q,GAS,4.0,14.0,clear_violation,314.0,85.0,217.55625900000001,100.0,0.1795250000000000,121,674,281.9,294.0,1.0680270000000001,0.7717500000000000,0,1,0,0,1
2023,Qatar Grand Prix,Q,OCO,12.0,5.0,clear_violation,314.0,89.0,223.5609250000000,100.0,0.217391000000000,145,667,281.9,294.0,1.0680270000000001,0.793050000000000,0,1,0,0,1
2023,Qatar Grand Prix,Q,NOR,2.0,5.0,clear_violation,317.0,84.0,225.8207260000000,100.0,0.1257490000000000,84,668,281.9,294.0,1.0782309999999999,0.8010670000000000,0,1,0,0,1
2023,Qatar Grand Prix,Q,NOR,17.0,5.0,clear_violation,316.0,94.0,230.88095999999999,99.0,0.1239800000000000,76,613,281.9,294.0,1.0748300000000000,0.8190170000000000,0,1,0,0,1
2023,Qatar Grand Prix,Q,NOR,20.0,10.0,clear_violation,319.0,97.0,231.4001270000000,100.0,0.1322830000000000,84,635,281.9,294.0,1.0850340000000001,0.8208590000000000,0,1,0,0,1
2023,Qatar Grand Prix,Q,SAI,7.0,5.0,clear_violation,318.0,68.0,188.2101380000000,100.0,0.2126580000000000,168,790,281.9,294.0,1.0816330000000001,0.6676490000000000,0,1,0,0,1
2023,Qatar Grand Prix,Q,SAI,15.0,5.0,clear_violation,319.0,88.0,183.85368299999999,100.0,0.18625,149,800,281.9,294.0,1.0850340000000001,0.6521950000000000,0,1,0,0,1
2023,Qatar Grand Prix,Q,SAI,16.0,12.0,clear_violation,287.0250020,62.0,159.3568770000000,100.0,0.1715530000000000,158,921,281.9,294.0,0.9762760000000000,0.5652960000000000,0,1,0,0,1
2023,Qatar Grand Prix,Q,PER,15.0,5.0,clear_violation,323.0,91.0,226.87973700000001,100.0,0.1400300000000000,92,657,281.9,294.0,1.098639000000000,0.8048230000000000,0,1,0,0,1
2023,Qatar Grand Prix,Q,ALB,2.0,5.0,clear_violation,322.0,93.0,223.68452400000001,100.0,0.1720590000000000,117,680,281.9,294.0,1.0952379999999999,0.7934890000000000,0,1,0,0,1
2023,Qatar Grand Prix,Q,HUL,11.0,5.0,clear_violation,322.0,95.0,226.8432190000000,100.0,0.1487100000000000,98,659,281.9,294.0,1.0952379999999999,0.8046940000000000,0,1,0,0,1
2023,Qatar Grand Prix,Q,STR,2.0,5.0,clear_violation,320.0,87.0,221.08292700000001,100.0,0.158284000000000,107,676,281.9,294.0,1.08843500000000,0.784260000000000,0,1,0,0,1
2023,Qatar Grand Prix,Q,STR,7.0,2.0,clear_violation,326.0,83.0,178.65626800000001,100.0,0.2054960000000000,172,837,281.9,294.0,1.1088439999999999,0.6337580000000000,0,1,0,0,1
2023,Qatar Grand Prix,Q,MAG,5.0,15.0,clear_violation,318.0,87.0,222.16837500000000,100.0,0.1696430000000000,114,672,281.9,294.0,1.0816330000000001,0.7881110000000000,0,1,0,0,1
2023,Qatar Grand Prix,R,PIA,16.0,12.0,clear_violation,309.0,93.0,217.4635760000000,99.0,0.1535150000000000,107,697,275.22105299999998,291.0,1.0618559999999999,0.7901420000000000,0,0,1,0,1
2023,Qatar Grand Prix,R,PIA,21.0,16.0,clear_violation,304.0,95.0,220.49820500000001,99.0,0.1318180000000000,87,660,275.22105299999998,291.0,1.0446740000000001,0.8011680000000000,0,0,1,0,1
2023,Qatar Grand Prix,R,PIA,22.0,16.0,clear_violation,304.0,95.0,218.7382540000000,99.0,0.1414140000000000,98,693,275.22105299999998,291.0,1.0446740000000001,0.7947730000000000,0,0,1,0,1
2023,Qatar Grand Prix,R,NOR,30.0,5.0,clear_violation,329.0,91.0,223.68310900000000,100.0,0.1493710000000000,95,636,275.22105299999998,291.0,1.1305840000000000,0.8127400000000000,0,0,1,0,1
2023,Qatar Grand Prix,R,NOR,50.0,4.0,clear_violation,310.0,88.0,225.86180200000001,100.0,0.1409300000000000,94,667,275.22105299999998,291.0,1.0652919999999999,0.8206560000000001,0,0,1,0,1
2023,Qatar Grand Prix,R,RUS,8.0,12.0,clear_violation,322.0,80.0,214.83690600000000,100.0,0.1854600000000000,125,674,275.22105299999998,291.0,1.1065290000000001,0.7805980000000000,0,0,1,0,1
2023,Qatar Grand Prix,R,RUS,10.0,12.0,clear_violation,328.0,86.0,214.8103720000000,104.0,0.2008610000000000,140,697,275.22105299999998,291.0,1.127148000000000,0.780501000000000,0,0,1,0,1
2023,Qatar Grand Prix,R,RUS,55.0,4.0,clear_violation,301.0,91.0,222.2336150000000,100.0,0.1565350000000000,103,658,275.22105299999998,291.0,1.034364000000000,0.8074730000000000,0,0,1,0,1
2023,Qatar Grand Prix,R,LEC,18.0,5.0,clear_violation,310.0,93.0,215.92253600000001,100.0,0.2060960000000000,142,689,275.22105299999998,291.0,1.0652919999999999,0.7845420000000000,0,0,1,0,1
2023,Qatar Grand Prix,R,ALO,7.0,4.0,clear_violation,311.0,87.0,214.69242399999999,100.0,0.1733520000000000,121,698,275.22105299999998,291.0,1.0687290000000000,0.7800730000000000,0,0,1,0,1
2023,Qatar Grand Prix,R,ALO,17.0,15.0,clear_violation,313.0,91.0,217.6069510000000,100.0,0.1686220000000000,115,682,275.22105299999998,291.0,1.0756010000000000,0.7906620000000000,0,0,1,0,1
2023,Qatar Grand Prix,R,ALO,33.0,2.0,clear_violation,309.0,45.0,203.1222110000000,100.0,0.1790630000000000,130,726,275.22105299999998,291.0,1.0618559999999999,0.7380330000000001,0,0,1,0,1
2023,Qatar Grand Prix,R,OCO,5.0,12.0,clear_violation,306.0,87.0,211.20295500000000,100.0,0.2510820000000000,174,693,275.22105299999998,291.0,1.0515460000000001,0.7673940000000000,0,0,1,0,1
2023,Qatar Grand Prix,R,BOT,9.0,4.0,clear_violation,305.0,87.0,212.5688180000000,100.0,0.2266290000000000,160,706,275.22105299999998,291.0,1.0481100000000001,0.7723570000000000,0,0,1,0,1
2023,Qatar Grand Prix,R,BOT,10.0,5.0,clear_violation,309.0,86.0,213.14677200000000,100.0,0.2151000000000000,151,702,275.22105299999998,291.0,1.0618559999999999,0.7744570000000000,0,0,1,0,1
2023,Qatar Grand Prix,R,BOT,13.0,5.0,clear_violation,301.0,89.0,211.7459740000000,100.0,0.1867650000000000,127,680,275.22105299999998,291.0,1.034364000000000,0.7693670000000000,0,0,1,0,1
2023,Qatar Grand Prix,R,ZHO,5.0,1.0,clear_violation,310.0,88.0,207.6669520000000,100.0,0.1855520000000000,131,706,275.22105299999998,291.0,1.0652919999999999,0.754546000000000,0,0,1,0,1
2023,Qatar Grand Prix,R,ZHO,15.0,5.0,clear_violation,300.0,90.0,213.3669540000000,100.0,0.1706230000000000,115,674,275.22105299999998,291.0,1.0309280000000001,0.775257000000000,0,0,1,0,1
2023,Qatar Grand Prix,R,PER,14.0,4.0,clear_violation,330.0,86.0,211.9254130000000,100.0,0.1866860000000000,129,691,275.22105299999998,291.0,1.134021000000000,0.7700190000000000,0,0,1,0,1
2023,Qatar Grand Prix,R,PER,22.0,12.0,clear_violation,325.0,93.0,219.80333600000000,100.0,0.1684050000000000,113,671,275.22105299999998,291.0,1.1168380000000000,0.7986430000000000,0,0,1,0,1
2023,Qatar Grand Prix,R,PER,23.0,15.0,clear_violation,305.0,93.0,220.54311500000000,100.0,0.1664170000000000,111,667,275.22105299999998,291.0,1.0481100000000001,0.8013310000000000,0,0,1,0,1
2023,Qatar Grand Prix,R,PER,25.0,12.0,clear_violation,305.0,89.0,216.66710499999999,100.0,0.1622810000000000,111,684,275.22105299999998,291.0,1.0481100000000001,0.7872479999999999,0,0,1,0,1
2023,Qatar Grand Prix,R,PER,36.0,12.0,clear_violation,301.0,97.0,220.1199040000000,100.0,0.1477610000000000,99,670,275.22105299999998,291.0,1.034364000000000,0.7997930000000000,0,0,1,0,1
2023,Qatar Grand Prix,R,PER,55.0,12.0,clear_violation,308.0,89.0,219.81074599999999,100.0,0.1511450000000000,99,655,275.22105299999998,291.0,1.0584190000000000,0.7986700000000000,0,0,1,0,1
2023,Qatar Grand Prix,R,STR,20.0,15.0,clear_violation,313.0,92.0,214.0733960000000,100.0,0.1636110000000000,116,709,275.22105299999998,291.0,1.0756010000000000,0.7778230000000000,0,0,1,0,1
2023,Qatar Grand Prix,R,STR,36.0,5.0,clear_violation,313.0,83.0,215.7232580000000,100.0,0.1874080000000000,128,683,275.22105299999998,291.0,1.0756010000000000,0.7838180000000000,0,0,1,0,1
2023,Qatar Grand Prix,R,STR,39.0,2.0,clear_violation,313.0,68.0,210.730483000000,100.0,0.1877730000000000,129,687,275.22105299999998,291.0,1.0756010000000000,0.7656770000000001,0,0,1,0,1
2023,Qatar Grand Prix,R,STR,52.0,4.0,clear_violation,309.0,87.0,216.202654000000,100.0,0.2029410000000000,138,680,275.22105299999998,291.0,1.0618559999999999,0.7855600000000000,0,0,1,0,1
2023,Qatar Grand Prix,R,GAS,5.0,12.0,clear_violation,306.0,87.0,209.86889099999999,100.0,0.1840230000000000,129,701,275.22105299999998,291.0,1.0515460000000001,0.7625470000000000,0,0,1,0,1
2023,Qatar Grand Prix,R,GAS,16.0,5.0,clear_violation,318.0,93.0,215.19671600000001,100.0,0.1721190000000000,121,703,275.22105299999998,291.0,1.092784000000000,0.7819050000000000,0,0,1,0,1
2023,Qatar Grand Prix,R,GAS,28.0,13.0,clear_violation,301.0,96.0,221.5662690000000,100.0,0.1505380000000000,98,651,275.22105299999998,291.0,1.034364000000000,0.8050480000000000,0,0,1,0,1
2023,Qatar Grand Prix,R,GAS,42.0,13.0,clear_violation,301.0,93.0,222.99634599999999,100.0,0.1502280000000000,99,659,275.22105299999998,291.0,1.034364000000000,0.8102450000000000,0,0,1,0,1
2023,Qatar Grand Prix,R,GAS,43.0,12.0,clear_violation,300.0,83.0,221.4538280000000,100.0,0.1415530000000000,93,657,275.22105299999998,291.0,1.0309280000000001,0.8046400000000000,0,0,1,0,1
2023,Qatar Grand Prix,R,GAS,52.0,1.0,clear_violation,332.0,91.0,218.7893550000000,100.0,0.1354170000000000,91,672,275.22105299999998,291.0,1.140893000000000,0.7949590000000000,0,0,1,0,1
2023,Qatar Grand Prix,R,GAS,55.0,2.0,clear_violation,332.0,91.0,226.54616799999999,100.0,0.1415090000000000,90,636,275.22105299999998,291.0,1.140893000000000,0.8231430000000000,0,0,1,0,1
2023,Qatar Grand Prix,R,ALB,11.0,15.0,clear_violation,328.0,87.0,213.43634700000001,100.0,0.1935930000000000,139,718,275.22105299999998,291.0,1.127148000000000,0.7755090000000000,0,0,1,0,1
2023,Qatar Grand Prix,R,ALB,12.0,5.0,clear_violation,331.0,81.0,211.09594500000000,100.0,0.2093350000000000,148,707,275.22105299999998,291.0,1.1374569999999999,0.7670050000000000,0,0,1,0,1
2023,Qatar Grand Prix,R,ALB,21.0,12.0,clear_violation,308.0,92.0,216.56577700000000,100.0,0.1926470000000000,131,680,275.22105299999998,291.0,1.0584190000000000,0.7868790000000000,0,0,1,0,1
2023,Qatar Grand Prix,R,ALB,45.0,12.0,clear_violation,285.42000100,0.0,175.38864899999999,100.0,0.2016410000000000,172,853,275.22105299999998,291.0,0.9808249999999999,0.6372650000000000,0,0,1,0,1
2023,Qatar Grand Prix,R,ALB,46.0,15.0,clear_violation,307.0,96.0,223.771446000000,100.0,0.1727270000000000,114,660,275.22105299999998,291.0,1.0549830000000000,0.8130610000000000,0,0,1,0,1
2023,Qatar Grand Prix,R,MAG,5.0,1.0,clear_violation,315.0,82.0,206.5090960000000,100.0,0.2278480000000000,162,711,275.22105299999998,291.0,1.0824739999999999,0.7503390000000000,0,0,1,0,1
2023,Qatar Grand Prix,R,TSU,29.0,15.0,clear_violation,325.0,88.0,217.8868190000000,100.0,0.14540100000000,98,674,275.22105299999998,291.0,1.1168380000000000,0.7916790000000000,0,0,1,0,1
2023,Qatar Grand Prix,R,HUL,18.0,12.0,clear_violation,304.0,93.0,220.4351440000000,100.0,0.1601160000000000,110,687,275.22105299999998,291.0,1.0446740000000001,0.8009390000000000,0,0,1,0,1
2023,Qatar Grand Prix,R,HUL,56.0,5.0,clear_violation,306.0,88.0,223.29350400000001,100.0,0.1563470000000000,101,646,275.22105299999998,291.0,1.0515460000000001,0.8113240000000000,0,0,1,0,1
2023,Qatar Grand Prix,R,LAW,9.0,12.0,clear_violation,305.0,91.0,212.8015570000000,100.0,0.1875,132,704,275.22105299999998,291.0,1.0481100000000001,0.7732019999999999,0,0,1,0,1
2023,Qatar Grand Prix,R,LAW,10.0,13.0,clear_violation,324.0,88.0,213.42088400000000,100.0,0.1829790000000000,129,705,275.22105299999998,291.0,1.1134020000000000,0.775453000000000,0,0,1,0,1
2023,Qatar Grand Prix,R,LAW,11.0,13.0,clear_violation,330.0,90.0,213.39344000000000,100.0,0.1861110000000000,134,720,275.22105299999998,291.0,1.134021000000000,0.7753530000000000,0,0,1,0,1
2023,Qatar Grand Prix,R,SAR,9.0,15.0,clear_violation,315.0,89.0,212.05652000000001,100.0,0.1626590000000000,115,707,275.22105299999998,291.0,1.0824739999999999,0.7704950000000000,0,0,1,0,1
2023,Qatar Grand Prix,R,SAR,38.0,2.0,clear_violation,314.0,90.0,217.40152000000000,100.0,0.180723000000000,120,664,275.22105299999998,291.0,1.0790379999999999,0.7899160000000000,0,0,1,0,1
2023,Qatar Grand Prix,R,ALO,32.0,2.0,no_advantage,333.0,92.0,223.3475070000000,100.0,0.1540830000000000,100,649,275.22105299999998,291.0,1.1443300000000001,0.8115200000000000,0,0,1,0,1
2023,Qatar Grand Prix,S,GAS,7.0,15.0,clear_violation,310.0,88.0,215.19881699999999,100.0,0.1776120000000000,119,670,250.0796180000000,295.0,1.0508470000000001,0.8605210000000000,1,0,0,0,1
2023,Qatar Grand Prix,S,ALO,3.0,15.0,clear_violation,304.0,63.0,186.91928799999999,100.0,0.2090110000000000,167,799,250.0796180000000,295.0,1.0305080000000000,0.747439000000000,1,0,0,0,1
2023,Qatar Grand Prix,S,ALO,7.0,15.0,clear_violation,311.0,87.0,217.1353190000000,100.0,0.1578950000000000,105,665,250.0796180000000,295.0,1.0542370000000001,0.8682650000000000,1,0,0,0,1
2023,Qatar Grand Prix,S,LEC,19.0,15.0,clear_violation,327.0,84.0,212.3754250000000,100.0,0.2020650000000000,137,678,250.0796180000000,295.0,1.1084750000000001,0.8492310000000000,1,0,0,0,1
2023,Qatar Grand Prix,S,STR,8.0,15.0,clear_violation,312.0,88.0,215.97386299999999,100.0,0.1301170000000000,89,684,250.0796180000000,295.0,1.0576270000000001,0.863620000000000,1,0,0,0,1
2023,Qatar Grand Prix,S,STR,15.0,4.0,clear_violation,316.0,76.0,211.9832200000000,100.0,0.1961930000000000,134,683,250.0796180000000,295.0,1.071186000000000,0.8476630000000001,1,0,0,0,1
2023,Qatar Grand Prix,S,STR,18.0,15.0,clear_violation,318.0,81.0,215.08503300000001,100.0,0.1489970000000000,104,698,250.0796180000000,295.0,1.0779660000000000,0.8600660000000000,1,0,0,0,1
2023,Qatar Grand Prix,S,STR,19.0,15.0,clear_violation,318.0,80.0,215.3187770000000,100.0,0.1572700000000000,106,674,250.0796180000000,295.0,1.0779660000000000,0.8610010000000000,1,0,0,0,1
2023,Qatar Grand Prix,S,MAG,3.0,2.0,clear_violation,315.0,74.0,174.1330550000000,100.0,0.2664320000000000,227,852,250.0796180000000,295.0,1.0677970000000001,0.6963100000000000,1,0,0,0,1
2023,Qatar Grand Prix,S,MAG,19.0,15.0,clear_violation,344.0,85.0,216.2372660000000,100.0,0.1875,126,672,250.0796180000000,295.0,1.1661020000000000,0.8646740000000001,1,0,0,0,1
2023,Qatar Grand Prix,S,TSU,9.0,13.0,clear_violation,307.0,86.0,213.59190799999999,100.0,0.1625180000000000,111,683,250.0796180000000,295.0,1.040678000000000,0.8540960000000000,1,0,0,0,1
2023,Qatar Grand Prix,S,ALB,19.0,13.0,clear_violation,336.0,82.0,218.29245599999999,100.0,0.2078310000000000,138,664,250.0796180000000,295.0,1.1389830000000001,0.8728920000000000,1,0,0,0,1
2023,Qatar Grand Prix,S,ZHO,18.0,13.0,clear_violation,329.0,88.0,214.61506100000000,100.0,0.1810340000000000,126,696,250.0796180000000,295.0,1.1152540000000000,0.8581870000000000,1,0,0,0,1
2023,Qatar Grand Prix,S,ZHO,19.0,5.0,clear_violation,331.0,85.0,211.453708000000,100.0,0.1715120000000000,118,688,250.0796180000000,295.0,1.1220340000000000,0.8455460000000000,1,0,0,0,1
2023,Qatar Grand Prix,S,HUL,3.0,15.0,clear_violation,313.0,73.0,186.39011900000000,100.0,0.236613000000000,190,803,250.0796180000000,295.0,1.0610170000000001,0.7453230000000000,1,0,0,0,1
2023,Qatar Grand Prix,S,NOR,9.0,5.0,clear_violation,309.0,91.0,217.6897960000000,99.0,0.1523380000000000,101,663,250.0796180000000,295.0,1.047458000000000,0.8704820000000000,1,0,0,0,1
2023,Qatar Grand Prix,S,HAM,7.0,5.0,clear_violation,305.0,84.0,212.59356800000000,100.0,0.2392270000000000,161,673,250.0796180000000,295.0,1.0338980000000000,0.8501040000000000,1,0,0,0,1
2023,Qatar Grand Prix,S,SAI,8.0,15.0,clear_violation,310.0,88.0,218.8599350000000,100.0,0.225854000000000,152,673,250.0796180000000,295.0,1.0508470000000001,0.8751610000000000,1,0,0,0,1
2023,Qatar Grand Prix,S,BOT,15.0,15.0,clear_violation,308.0,86.0,212.58689100000001,100.0,0.2117650000000000,144,680,250.0796180000000,295.0,1.0440680000000000,0.8500770000000000,1,0,0,0,1
2023,Saudi Arabian Grand Prix,FP1,ALB,5.0,8.0,no_advantage,334.0,88.0,237.7762110000000,100.0,0.1592800000000000,115,722,278.82474200000001,307.0,1.0879479999999999,0.852780000000000,0,0,0,1,1
2023,Saudi Arabian Grand Prix,Q,HAM,20.0,27.0,clear_violation,329.0,89.0,247.16711400000000,104.0,0.1116070000000000,75,672,299.4096390000000,315.0,1.0444439999999999,0.8255150000000000,0,1,0,0,1
2023,Saudi Arabian Grand Prix,Q,HUL,13.0,27.0,clear_violation,336.0,88.0,248.10287299999999,100.0,0.1510260000000000,103,682,299.4096390000000,315.0,1.0666670000000000,0.8286400000000000,0,1,0,0,1
2023,Saudi Arabian Grand Prix,Q,MAG,16.0,27.0,clear_violation,334.0,95.0,246.80362700000001,100.0,0.1331360000000000,90,676,299.4096390000000,315.0,1.0603170000000000,0.8243010000000000,0,1,0,0,1
2023,Saudi Arabian Grand Prix,Q,SAR,2.0,27.0,clear_violation,333.0,87.0,245.45231300000000,100.0,0.1445090000000000,100,692,299.4096390000000,315.0,1.0571429999999999,0.8197880000000000,0,1,0,0,1
2023,Saudi Arabian Grand Prix,R,VER,5.0,23.0,clear_violation,329.0,84.0,230.3915630000000,100.0,0.1469390000000000,108,735,291.70883300000003,314.0,1.0477710000000000,0.7897999999999999,0,0,1,0,1
2023,Saudi Arabian Grand Prix,R,VER,37.0,23.0,clear_violation,316.0,84.0,237.3462940000000,100.0,0.1514730000000000,108,713,291.70883300000003,314.0,1.0063690000000001,0.8136409999999999,0,0,1,0,1
2023,Saudi Arabian Grand Prix,R,PER,37.0,23.0,clear_violation,315.0,88.0,237.147738000000,100.0,0.1165730000000000,83,712,291.70883300000003,314.0,1.0031850000000000,0.8129600000000000,0,0,1,0,1
2023,Saudi Arabian Grand Prix,R,LEC,31.0,23.0,clear_violation,314.0,85.0,233.24276200000000,100.0,0.1348310000000000,96,712,291.70883300000003,314.0,1.0,0.7995740000000000,0,0,1,0,1
2023,Saudi Arabian Grand Prix,R,LEC,32.0,2.0,clear_violation,315.0,76.0,231.9333910000000,100.0,0.1367400000000000,99,724,291.70883300000003,314.0,1.0031850000000000,0.7950850000000000,0,0,1,0,1
2023,Saudi Arabian Grand Prix,R,STR,12.0,5.0,clear_violation,303.0,82.0,228.67630299999999,100.0,0.1552450000000000,111,715,291.70883300000003,314.0,0.964968000000000,0.7839200000000000,0,0,1,0,1
2023,Saudi Arabian Grand Prix,R,SAR,5.0,23.0,clear_violation,317.0,82.0,225.75057500000000,100.0,0.163564000000000,123,752,291.70883300000003,314.0,1.0095540000000001,0.7738900000000000,0,0,1,0,1
2023,Saudi Arabian Grand Prix,R,MAG,4.0,23.0,clear_violation,317.0,75.0,225.4173820000000,100.0,0.1578950000000000,114,722,291.70883300000003,314.0,1.0095540000000001,0.7727480000000000,0,0,1,0,1
2023,Saudi Arabian Grand Prix,R,MAG,23.0,23.0,clear_violation,332.0,83.0,229.2633080000000,100.0,0.1436540000000000,103,717,291.70883300000003,314.0,1.0573250000000001,0.7859320000000000,0,0,1,0,1
2023,Saudi Arabian Grand Prix,R,ALB,5.0,23.0,clear_violation,340.0,75.0,224.95777500000000,100.0,0.1899070000000000,143,753,291.70883300000003,314.0,1.0828030000000000,0.7711720000000000,0,0,1,0,1
2023,Saudi Arabian Grand Prix,R,ALB,26.0,23.0,clear_violation,327.0,79.0,223.08652200000000,100.0,0.179384000000000,134,747,291.70883300000003,314.0,1.0414010000000000,0.7647580000000000,0,0,1,0,1
2023,Saudi Arabian Grand Prix,R,ZHO,22.0,2.0,clear_violation,324.0,70.0,225.9585090000000,100.0,0.1752430000000000,126,719,291.70883300000003,314.0,1.0318470000000000,0.7746030000000000,0,0,1,0,1
2023,Saudi Arabian Grand Prix,R,HUL,9.0,23.0,clear_violation,311.0,82.0,228.4756250000000,100.0,0.1502730000000000,110,732,291.70883300000003,314.0,0.9904460000000000,0.7832320000000000,0,0,1,0,1
2023,Saudi Arabian Grand Prix,R,NOR,32.0,23.0,clear_violation,325.0,75.0,231.55180200000001,99.0,0.1580380000000000,116,734,291.70883300000003,314.0,1.035032000000000,0.793777000000000,0,0,1,0,1
2023,Saudi Arabian Grand Prix,R,SAI,16.0,23.0,clear_violation,307.0,0.0,193.5719760000000,100.0,0.1898150000000000,164,864,291.70883300000003,314.0,0.9777070000000000,0.663579000000000,0,0,1,0,1
2023,Saudi Arabian Grand Prix,R,PIA,43.0,23.0,clear_violation,328.0,78.0,229.92401500000000,99.0,0.1587080000000000,113,712,291.70883300000003,314.0,1.0445860000000000,0.7881970000000000,0,0,1,0,1
2023,Singapore Grand Prix,FP2,SAR,11.0,19.0,no_advantage,262.0,53.0,128.27075099999999,100.0,0.2281750000000000,230,1008,232.25124400000001,258.0,1.0155040000000000,0.5522930000000000,0,0,0,1,1
2023,Singapore Grand Prix,FP3,VER,3.0,14.0,no_advantage,271.0,4.0,95.087620000000,100.0,0.1151940000000000,163,1415,229.19480500000000,259.0,1.0463320000000000,0.41487700000000000,0,0,0,1,1
2023,Singapore Grand Prix,FP3,ALB,11.0,14.0,no_advantage,265.0,0.0,98.51230200000001,100.0,0.1795250000000000,242,1348,229.19480500000000,259.0,1.0231660000000000,0.42981900000000001,0,0,0,1,1
2023,Singapore Grand Prix,Q,ALB,11.0,19.0,clear_violation,317.0,65.0,187.0161890000000,100.0,0.222065000000000,157,707,248.33170699999999,261.0,1.21455900000000,0.7530900000000000,0,1,0,0,1
2023,Singapore Grand Prix,R,GAS,6.0,7.0,clear_violation,306.0,62.0,171.2502450000000,100.0,0.2503210000000000,195,779,243.06043399999999,253.0,1.209486000000000,0.7045580000000000,0,0,1,0,1
2023,Singapore Grand Prix,R,PER,60.0,7.0,clear_violation,317.0,54.0,175.93280700000000,100.0,0.2433940000000000,175,719,243.06043399999999,253.0,1.2529640000000000,0.7238230000000000,0,0,1,0,1
2023,Singapore Grand Prix,R,ALO,29.0,2.0,clear_violation,313.0,59.0,171.93923699999999,100.0,0.2467530000000000,190,770,243.06043399999999,253.0,1.2371540000000001,0.7073930000000000,0,0,1,0,1
2023,Singapore Grand Prix,R,LEC,23.0,7.0,clear_violation,298.0,58.0,170.22653900000000,100.0,0.2729590000000000,214,784,243.06043399999999,253.0,1.1778660000000001,0.7003470000000001,0,0,1,0,1
2023,Singapore Grand Prix,R,MAG,35.0,7.0,clear_violation,295.0,57.0,172.40020400000000,100.0,0.2461540000000000,192,780,243.06043399999999,253.0,1.1660079999999999,0.7092889999999999,0,0,1,0,1
2023,Singapore Grand Prix,R,MAG,36.0,2.0,clear_violation,299.0,40.0,163.4714560000000,100.0,0.2873270000000000,229,797,243.06043399999999,253.0,1.1818180000000000,0.6725550000000000,0,0,1,0,1
2023,Singapore Grand Prix,R,HUL,39.0,7.0,clear_violation,326.0,62.0,175.92011800000000,100.0,0.25578200000000,188,735,243.06043399999999,253.0,1.2885380000000000,0.7237710000000001,0,0,1,0,1
2023,Singapore Grand Prix,R,HUL,53.0,7.0,clear_violation,299.0,61.0,169.90634399999999,100.0,0.2421190000000000,192,793,243.06043399999999,253.0,1.1818180000000000,0.6990290000000000,0,0,1,0,1
2023,Singapore Grand Prix,R,HAM,24.0,7.0,clear_violation,301.0,65.0,174.37910700000000,100.0,0.2376620000000000,183,770,243.06043399999999,253.0,1.1897230000000001,0.7174310000000000,0,0,1,0,1
2023,Singapore Grand Prix,R,RUS,51.0,19.0,clear_violation,293.0,61.0,182.4365740000000,100.0,0.2377720000000000,175,736,243.06043399999999,253.0,1.158103000000000,0.7505810000000001,0,0,1,0,1
2023,Singapore Grand Prix,R,ALO,46.0,14.0,no_advantage,297.0,0.0,155.84073500000000,100.0,0.2204180000000000,190,862,243.06043399999999,253.0,1.173913000000000,0.6411600000000000,0,0,1,0,1
2023,Spanish Grand Prix,FP2,RUS,7.0,10.0,no_advantage,317.0,40.0,175.57450200000000,100.0,0.1197770000000000,86,718,268.18546800000001,294.0,1.0782309999999999,0.6546760000000000,0,0,0,1,1
2023,Spanish Grand Prix,FP3,STR,9.0,5.0,no_advantage,295.0,8.0,137.63986800000001,100.0,0.1927710000000000,176,913,256.9497720000000,296.0,0.9966220000000000,0.5356680000000000,0,0,0,1,1
2023,Spanish Grand Prix,Q,HUL,2.0,5.0,clear_violation,334.0,99.0,226.74851899999999,100.0,0.1678450000000000,95,566,289.4192140000000,298.0,1.1208050000000001,0.7834600000000000,0,1,0,0,1
2023,Spanish Grand Prix,Q,PER,15.0,5.0,clear_violation,326.0,0.0,130.18606700000001,100.0,0.1127050000000000,110,976,289.4192140000000,298.0,1.0939600000000000,0.4498180000000000,0,1,0,0,1
2023,Spanish Grand Prix,Q,TSU,18.0,5.0,clear_violation,327.0,101.0,228.78390500000000,100.0,0.1137180000000000,63,554,289.4192140000000,298.0,1.0973150000000000,0.7904930000000000,0,1,0,0,1
2023,Spanish Grand Prix,Q,LEC,4.0,2.0,clear_violation,318.0,73.0,151.1725630000000,100.0,0.1981240000000000,169,853,289.4192140000000,298.0,1.0671139999999999,0.5223310000000000,0,1,0,0,1
2023,Spanish Grand Prix,Q,ALO,1.0,14.0,no_advantage,280.0,33.94285700000000,169.74963199999999,100.0,0.1535210000000000,109,710,289.4192140000000,298.0,0.9395970000000000,0.5865180000000000,0,1,0,0,1
2023,Spanish Grand Prix,Q,DEV,4.0,12.0,no_advantage,324.0,0.0,163.17305899999999,100.0,0.2213740000000000,174,786,289.4192140000000,298.0,1.087248000000000,0.5637950000000000,0,1,0,0,1
2023,Spanish Grand Prix,R,VER,39.0,5.0,clear_violation,312.0,96.0,210.96850699999999,100.0,0.1619830000000000,98,605,279.07328600000000,294.0,1.0612239999999999,0.7559610000000000,0,0,1,0,1
2023,Spanish Grand Prix,R,VER,45.0,5.0,clear_violation,308.0,97.0,208.8732290000000,100.0,0.1556290000000000,94,604,279.07328600000000,294.0,1.0476190000000001,0.7484530000000000,0,0,1,0,1
2023,Spanish Grand Prix,R,VER,56.0,10.0,clear_violation,309.0,101.0,216.4425030000000,100.0,0.1747900000000000,104,595,279.07328600000000,294.0,1.0510200000000001,0.7755760000000000,0,0,1,0,1
2023,Spanish Grand Prix,R,ALO,34.0,13.0,clear_violation,308.0,94.0,206.19532899999999,100.0,0.1806450000000000,112,620,279.07328600000000,294.0,1.0476190000000001,0.7388570000000000,0,0,1,0,1
2023,Spanish Grand Prix,R,ZHO,56.0,2.0,clear_violation,335.0,92.0,207.79375899999999,100.0,0.1816690000000000,111,611,279.07328600000000,294.0,1.1394560000000000,0.7445850000000001,0,0,1,0,1
2023,Spanish Grand Prix,R,HUL,22.0,9.0,clear_violation,314.0,91.0,205.72852000000000,100.0,0.1980830000000000,124,626,279.07328600000000,294.0,1.0680270000000001,0.7371850000000000,0,0,1,0,1
2023,Spanish Grand Prix,R,NOR,41.0,9.0,clear_violation,301.0,90.0,205.6068960000000,100.0,0.2077290000000000,129,621,279.07328600000000,294.0,1.0238100000000001,0.7367490000000000,0,0,1,0,1
2023,Spanish Grand Prix,R,MAG,4.0,2.0,clear_violation,348.0,93.0,202.9611300000000,100.0,0.1965410000000000,125,636,279.07328600000000,294.0,1.183673000000000,0.7272680000000000,0,0,1,0,1
2023,Spanish Grand Prix,R,MAG,37.0,9.0,clear_violation,337.0,86.0,203.0708840000000,100.0,0.2113820000000000,130,615,279.07328600000000,294.0,1.1462589999999999,0.7276610000000000,0,0,1,0,1
2023,São Paulo Grand Prix,FP1,BOT,28.0,1.0,no_advantage,332.0,83.0,209.7889940000000,100.0,0.1805310000000000,102,565,302.47843899999998,338.0,0.9822490000000000,0.6935670000000000,0,0,0,1,1
2023,São Paulo Grand Prix,Q,ALB,14.0,4.0,clear_violation,327.0,83.0,216.6220740000000,100.0,0.1909090000000000,105,550,322.71938799999998,334.0,0.9790420000000000,0.6712399999999999,0,1,0,0,1
2023,São Paulo Grand Prix,S,SAR,5.0,1.0,clear_violation,342.0,78.0,196.08562100000000,100.0,0.1960130000000000,118,602,320.75,341.0,1.002933000000000,0.6113350000000000,1,0,0,0,1
2023,São Paulo Grand Prix,S,SAR,4.0,1.0,no_advantage,336.0,77.0,200.89844500000001,100.0,0.1868510000000000,108,578,320.75,341.0,0.9853370000000000,0.6263400000000000,1,0,0,0,1
2023,United States Grand Prix,Q,NOR,10.0,19.0,clear_violation,323.0,74.0,205.99397600000000,99.0,0.1607630000000000,118,734,207.90954800000000,215.0,1.5023260000000001,0.9907870000000000,0,1,0,0,1
2023,United States Grand Prix,Q,RUS,14.0,9.0,clear_violation,317.0,72.0,204.11917099999999,100.0,0.1938630000000000,139,717,207.90954800000000,215.0,1.4744189999999999,0.9817690000000000,0,1,0,0,1
2023,United States Grand Prix,Q,VER,17.0,19.0,clear_violation,325.0,75.0,207.8796260000000,100.0,0.1864410000000000,132,708,207.90954800000000,215.0,1.5116280000000000,0.9998560000000000,0,1,0,0,1
2023,United States Grand Prix,Q,ZHO,5.0,20.0,clear_violation,323.0,73.0,201.7408650000000,100.0,0.1840320000000000,136,739,207.90954800000000,215.0,1.5023260000000001,0.9703300000000000,0,1,0,0,1
2023,United States Grand Prix,Q,RIC,11.0,19.0,clear_violation,320.0,74.0,203.87837800000000,100.0,0.1830790000000000,132,721,207.90954800000000,215.0,1.4883720000000000,0.980611000000000,0,1,0,0,1
2023,United States Grand Prix,Q,HUL,5.0,19.0,clear_violation,328.0,70.0,203.3431640000000,100.0,0.2137100000000000,159,744,207.90954800000000,215.0,1.5255810000000001,0.9780370000000000,0,1,0,0,1
2023,United States Grand Prix,Q,SAR,4.0,12.0,clear_violation,324.0,71.0,198.01891300000000,100.0,0.2093020000000000,153,731,207.90954800000000,215.0,1.5069770000000000,0.952428000000000,0,1,0,0,1
2023,United States Grand Prix,R,NOR,16.0,19.0,clear_violation,297.0,65.0,191.08464300000000,99.0,0.1925470000000000,155,805,199.99692300000001,208.0,1.4278850000000001,0.9554380000000000,0,0,1,0,1
2023,United States Grand Prix,R,NOR,26.0,19.0,clear_violation,296.0,67.0,190.08955599999999,99.0,0.2075470000000000,165,795,199.99692300000001,208.0,1.4230769999999999,0.950462000000000,0,0,1,0,1
2023,United States Grand Prix,R,SAI,41.0,19.0,clear_violation,307.0,67.0,195.56308799999999,100.0,0.2176100000000000,173,795,199.99692300000001,208.0,1.4759620000000000,0.9778300000000000,0,0,1,0,1
2023,United States Grand Prix,R,PER,41.0,12.0,clear_violation,303.0,70.0,194.4466530000000,100.0,0.1957070000000000,155,792,199.99692300000001,208.0,1.4567310000000000,0.9722480000000000,0,0,1,0,1
2023,United States Grand Prix,R,RUS,11.0,12.0,clear_violation,295.0,67.0,191.91125700000001,100.0,0.1959800000000000,156,796,199.99692300000001,208.0,1.4182690000000000,0.9595710000000000,0,0,1,0,1
2023,United States Grand Prix,R,GAS,22.0,12.0,clear_violation,324.0,69.0,191.73947899999999,100.0,0.1944090000000000,153,787,199.99692300000001,208.0,1.5576920000000001,0.9587120000000000,0,0,1,0,1
2023,United States Grand Prix,R,STR,26.0,12.0,clear_violation,332.0,63.0,191.9696040000000,100.0,0.2141950000000000,169,789,199.99692300000001,208.0,1.5961540000000001,0.959863000000000,0,0,1,0,1
2023,United States Grand Prix,R,TSU,3.0,20.0,clear_violation,328.0,68.0,183.8426710000000,100.0,0.2069830000000000,166,802,199.99692300000001,208.0,1.5769230000000001,0.9192270000000000,0,0,1,0,1
2023,United States Grand Prix,R,ALB,20.0,20.0,clear_violation,303.0,68.0,190.4620730000000,100.0,0.2167740000000000,168,775,199.99692300000001,208.0,1.4567310000000000,0.9523250000000000,0,0,1,0,1
2023,United States Grand Prix,R,ALB,21.0,20.0,clear_violation,302.0,69.0,190.08108500000000,100.0,0.2144640000000000,172,802,199.99692300000001,208.0,1.4519230000000001,0.9504200000000000,0,0,1,0,1
2023,United States Grand Prix,R,ALB,45.0,6.0,clear_violation,301.0,71.0,191.4244000000000,100.0,0.2110090000000000,161,763,199.99692300000001,208.0,1.4471149999999999,0.9571370000000000,0,0,1,0,1
2023,United States Grand Prix,R,ALB,47.0,6.0,clear_violation,300.0,68.0,191.80095399999999,100.0,0.2262680000000000,174,769,199.99692300000001,208.0,1.4423079999999999,0.9590200000000000,0,0,1,0,1
2023,United States Grand Prix,R,ALB,48.0,6.0,clear_violation,301.0,69.0,193.91957500000001,100.0,0.2083880000000000,159,763,199.99692300000001,208.0,1.4471149999999999,0.9696129999999999,0,0,1,0,1
2023,United States Grand Prix,R,ALB,49.0,19.0,clear_violation,302.0,66.0,192.7085040000000,100.0,0.1915460000000000,145,757,199.99692300000001,208.0,1.4519230000000001,0.9635570000000000,0,0,1,0,1
2023,United States Grand Prix,R,SAR,12.0,19.0,clear_violation,326.0,0.0,157.97122400000001,100.0,0.2356080000000000,221,938,199.99692300000001,208.0,1.5673079999999999,0.7898680000000000,0,0,1,0,1
2023,United States Grand Prix,R,SAR,32.0,11.0,clear_violation,302.0,65.0,185.12144100000000,100.0,0.2314580000000000,181,782,199.99692300000001,208.0,1.4519230000000001,0.925621000000000,0,0,1,0,1
2023,United States Grand Prix,R,SAR,41.0,19.0,clear_violation,308.0,68.0,192.5112290000000,100.0,0.2012900000000000,156,775,199.99692300000001,208.0,1.4807690000000000,0.9625710000000000,0,0,1,0,1
2023,United States Grand Prix,R,HUL,5.0,19.0,clear_violation,329.0,62.0,187.4248900000000,100.0,0.2432780000000000,190,781,199.99692300000001,208.0,1.5817310000000000,0.9371390000000001,0,0,1,0,1
2023,United States Grand Prix,R,HUL,13.0,13.0,clear_violation,296.0,67.0,187.9393620000000,100.0,0.2051950000000000,158,770,199.99692300000001,208.0,1.4230769999999999,0.9397110000000000,0,0,1,0,1
2023,United States Grand Prix,R,MAG,2.0,11.0,clear_violation,310.0,66.0,184.30387200000001,100.0,0.2101360000000000,170,809,199.99692300000001,208.0,1.4903850000000001,0.9215340000000000,0,0,1,0,1
2023,United States Grand Prix,R,MAG,5.0,19.0,clear_violation,319.0,70.0,187.63072800000000,100.0,0.2046940000000000,157,767,199.99692300000001,208.0,1.5336540000000001,0.938168000000000,0,0,1,0,1
2023,United States Grand Prix,R,MAG,10.0,12.0,clear_violation,304.0,69.0,185.53423100000001,100.0,0.2209880000000000,179,810,199.99692300000001,208.0,1.4615380000000000,0.9276850000000000,0,0,1,0,1
2023,United States Grand Prix,R,MAG,22.0,19.0,clear_violation,302.0,67.0,189.4332490000000,100.0,0.1905370000000000,149,782,199.99692300000001,208.0,1.4519230000000001,0.9471810000000001,0,0,1,0,1
2023,United States Grand Prix,R,MAG,55.0,19.0,clear_violation,307.0,66.0,186.8492940000000,100.0,0.1959290000000000,154,786,199.99692300000001,208.0,1.4759620000000000,0.9342610000000000,0,0,1,0,1
2023,United States Grand Prix,R,ALO,2.0,11.0,clear_violation,301.0,64.0,185.11185499999999,100.0,0.2230480000000000,180,807,199.99692300000001,208.0,1.4471149999999999,0.9255740000000000,0,0,1,0,1
2023,United States Grand Prix,R,ALO,18.0,9.0,clear_violation,319.0,63.0,188.32975800000000,100.0,0.2158090000000000,172,797,199.99692300000001,208.0,1.5336540000000001,0.9416630000000000,0,0,1,0,1
2023,United States Grand Prix,R,OCO,5.0,19.0,clear_violation,307.0,68.0,179.55402599999999,100.0,0.2457000000000000,200,814,199.99692300000001,208.0,1.4759620000000000,0.897784000000000,0,0,1,0,1
2023,United States Grand Prix,R,HAM,6.0,19.0,clear_violation,321.0,67.0,191.71961899999999,100.0,0.2173350000000000,168,773,199.99692300000001,208.0,1.5432690000000000,0.9586130000000000,0,0,1,0,1
2023,United States Grand Prix,R,HAM,16.0,19.0,clear_violation,296.0,68.0,191.66585100000000,100.0,0.2082290000000000,167,802,199.99692300000001,208.0,1.4230769999999999,0.9583440000000000,0,0,1,0,1
2023,United States Grand Prix,R,HAM,56.0,9.0,clear_violation,306.0,69.0,193.2187790000000,100.0,0.2156080000000000,163,756,199.99692300000001,208.0,1.4711540000000001,0.9661090000000000,0,0,1,0,1
2023,United States Grand Prix,R,LEC,11.0,12.0,clear_violation,307.0,62.0,187.51446700000000,100.0,0.2375,190,800,199.99692300000001,208.0,1.4759620000000000,0.9375869999999999,0,0,1,0,1
2023,United States Grand Prix,R,LEC,49.0,20.0,clear_violation,304.0,62.0,192.42281199999999,100.0,0.2569170000000000,195,759,199.99692300000001,208.0,1.4615380000000000,0.9621290000000000,0,0,1,0,1
2023,United States Grand Prix,R,LEC,50.0,20.0,clear_violation,303.0,64.0,193.4920520000000,100.0,0.2341530000000000,181,773,199.99692300000001,208.0,1.4567310000000000,0.9674750000000000,0,0,1,0,1
2023,United States Grand Prix,R,LEC,52.0,19.0,clear_violation,306.0,59.0,190.83836700000001,100.0,0.2240930000000000,173,772,199.99692300000001,208.0,1.4711540000000001,0.9542070000000000,0,0,1,0,1
2023,United States Grand Prix,S,NOR,18.0,12.0,clear_violation,302.0,67.0,193.41194400000001,99.0,0.1763160000000000,134,760,201.9840430000000,210.0,1.438095000000000,0.9575610000000000,1,0,0,0,1
2023,United States Grand Prix,S,NOR,19.0,11.0,clear_violation,304.0,67.0,193.43725100000000,99.0,0.1849940000000000,143,773,201.9840430000000,210.0,1.4476190000000000,0.9576860000000000,1,0,0,0,1
2023,United States Grand Prix,S,PER,2.0,12.0,clear_violation,332.0,72.0,191.1946480000000,100.0,0.2067180000000000,160,774,201.9840430000000,210.0,1.5809519999999999,0.9465830000000000,1,0,0,0,1
2023,United States Grand Prix,S,RUS,3.0,15.0,clear_violation,317.0,67.0,193.52182199999999,100.0,0.2132820000000000,167,783,201.9840430000000,210.0,1.5095240000000001,0.9581050000000000,1,0,0,0,1
2023,United States Grand Prix,S,ALB,7.0,1.0,clear_violation,304.0,70.0,192.70097500000000,100.0,0.2234850000000000,177,792,201.9840430000000,210.0,1.4476190000000000,0.9540410000000000,1,0,0,0,1
2023,United States Grand Prix,S,ALB,19.0,19.0,clear_violation,305.0,66.0,195.91707900000000,100.0,0.2171650000000000,167,769,201.9840430000000,210.0,1.4523809999999999,0.9699630000000000,1,0,0,0,1
2023,United States Grand Prix,S,PIA,3.0,9.0,clear_violation,301.0,66.0,190.1129370000000,99.0,0.1874210000000000,149,795,201.9840430000000,210.0,1.4333330000000000,0.9412280000000000,1,0,0,0,1
2023,United States Grand Prix,S,PIA,6.0,20.0,clear_violation,300.0,68.0,190.2799720000000,99.0,0.1767680000000000,140,792,201.9840430000000,210.0,1.4285710000000000,0.9420539999999999,1,0,0,0,1
2023,United States Grand Prix,S,PIA,7.0,20.0,clear_violation,316.0,66.0,191.2525230000000,99.0,0.1773580000000000,141,795,201.9840430000000,210.0,1.5047619999999999,0.9468690000000000,1,0,0,0,1
2023,United States Grand Prix,S,RIC,4.0,12.0,clear_violation,328.0,68.0,191.2345220000000,100.0,0.192258000000000,149,775,201.9840430000000,210.0,1.561905000000000,0.946780000000000,1,0,0,0,1
2023,United States Grand Prix,S,ZHO,13.0,15.0,clear_violation,327.0,66.0,191.1101010000000,100.0,0.2357410000000000,186,789,201.9840430000000,210.0,1.5571429999999999,0.9461640000000000,1,0,0,0,1
2023,United States Grand Prix,S,MAG,8.0,19.0,clear_violation,313.0,67.0,190.08122000000000,100.0,0.2266500000000000,182,803,201.9840430000000,210.0,1.4904759999999999,0.9410700000000000,1,0,0,0,1
2023,United States Grand Prix,S,MAG,9.0,12.0,clear_violation,311.0,65.0,190.16298699999999,100.0,0.215,172,800,201.9840430000000,210.0,1.480952000000000,0.9414750000000000,1,0,0,0,1
2023,United States Grand Prix,S,MAG,12.0,1.0,clear_violation,306.0,67.0,187.5682040000000,100.0,0.2049290000000000,158,771,201.9840430000000,210.0,1.457143000000000,0.9286290000000000,1,0,0,0,1
2023,United States Grand Prix,S,MAG,13.0,15.0,clear_violation,310.0,55.0,188.19631899999999,100.0,0.2151740000000000,173,804,201.9840430000000,210.0,1.4761899999999999,0.9317390000000000,1,0,0,0,1
2023,United States Grand Prix,S,SAR,12.0,19.0,clear_violation,333.0,63.0,186.42077399999999,100.0,0.2387100000000000,185,775,201.9840430000000,210.0,1.5857140000000001,0.9229480000000000,1,0,0,0,1
2024,Abu Dhabi Grand Prix,Q,LEC,11.0,1.0,clear_violation,327.0,67.0,227.42244700000001,100.0,0.1136,71,625,222.58579900000001,230.0,1.4217390000000001,1.021729000000000,0,1,0,0,1
2024,Abu Dhabi Grand Prix,Q,COL,2.0,1.0,clear_violation,333.0,69.0,222.49676299999999,100.0,0.1695720000000000,107,631,222.58579900000001,230.0,1.4478260000000001,0.9996000000000000,0,1,0,0,1
2024,Abu Dhabi Grand Prix,R,VER,9.0,1.0,clear_violation,337.0,58.0,210.6395730000000,100.0,0.1613370000000000,111,688,211.3320040000000,222.0,1.518018000000000,0.9967230000000000,0,0,1,0,1
2024,Abu Dhabi Grand Prix,R,GAS,37.0,1.0,clear_violation,306.0,62.0,211.20227700000001,100.0,0.1464500000000000,99,676,211.3320040000000,222.0,1.3783780000000001,0.9993860000000000,0,0,1,0,1
2024,Abu Dhabi Grand Prix,R,ALO,10.0,1.0,clear_violation,315.0,59.0,207.6145160000000,99.0,0.1841000000000000,132,717,211.3320040000000,222.0,1.4189190000000000,0.9824090000000000,0,0,1,0,1
2024,Abu Dhabi Grand Prix,R,LEC,10.0,1.0,clear_violation,330.0,60.0,210.641575000000,100.0,0.175887000000000,124,705,211.3320040000000,222.0,1.4864860000000000,0.9967330000000000,0,0,1,0,1
2024,Abu Dhabi Grand Prix,R,LEC,56.0,1.0,clear_violation,316.0,56.0,215.0519140000000,100.0,0.1561560000000000,104,666,211.3320040000000,222.0,1.4234230000000001,1.0176019999999999,0,0,1,0,1
2024,Abu Dhabi Grand Prix,R,STR,9.0,1.0,clear_violation,312.0,62.0,207.9785660000000,99.0,0.1664280000000000,116,697,211.3320040000000,222.0,1.4054050000000000,0.9841320000000000,0,0,1,0,1
2024,Abu Dhabi Grand Prix,R,STR,15.0,1.0,clear_violation,330.0,60.0,209.80537400000000,99.0,0.181022000000000,124,685,211.3320040000000,222.0,1.4864860000000000,0.9927760000000000,0,0,1,0,1
2024,Abu Dhabi Grand Prix,R,STR,16.0,1.0,clear_violation,330.0,56.0,208.22026299999999,99.0,0.1824820000000000,125,685,211.3320040000000,222.0,1.4864860000000000,0.9852760000000000,0,0,1,0,1
2024,Abu Dhabi Grand Prix,R,STR,56.0,1.0,clear_violation,309.0,59.0,210.35464999999999,99.0,0.146552000000000,102,696,211.3320040000000,222.0,1.3918919999999999,0.9953750000000000,0,0,1,0,1
2024,Abu Dhabi Grand Prix,R,MAG,30.0,6.0,clear_violation,335.0,0.0,156.07696700000000,100.0,0.2341770000000000,222,948,211.3320040000000,222.0,1.509009000000000,0.7385389999999999,0,0,1,0,1
2024,Abu Dhabi Grand Prix,R,MAG,46.0,1.0,clear_violation,311.0,64.0,210.93157299999999,100.0,0.1592540000000000,111,697,211.3320040000000,222.0,1.4009010000000000,0.9981050000000000,0,0,1,0,1
2024,Abu Dhabi Grand Prix,R,TSU,4.0,1.0,clear_violation,316.0,62.0,208.67711700000001,100.0,0.1712230000000000,119,695,211.3320040000000,222.0,1.4234230000000001,0.987437000000000,0,0,1,0,1
2024,Abu Dhabi Grand Prix,R,TSU,13.0,1.0,clear_violation,311.0,59.0,208.9344840000000,100.0,0.172464000000000,119,690,211.3320040000000,222.0,1.4009010000000000,0.9886550000000000,0,0,1,0,1
2024,Abu Dhabi Grand Prix,R,TSU,28.0,1.0,clear_violation,309.0,61.0,209.2356520000000,100.0,0.1510790000000000,105,695,211.3320040000000,222.0,1.3918919999999999,0.9900800000000000,0,0,1,0,1
2024,Abu Dhabi Grand Prix,R,ALB,24.0,1.0,clear_violation,315.0,60.0,209.7981360000000,100.0,0.1804950000000000,124,687,211.3320040000000,222.0,1.4189190000000000,0.9927420000000000,0,0,1,0,1
2024,Abu Dhabi Grand Prix,R,LAW,9.0,1.0,clear_violation,313.0,60.0,207.27359999999999,100.0,0.1693200000000000,117,691,211.3320040000000,222.0,1.40991000000000,0.9807960000000000,0,0,1,0,1
2024,Abu Dhabi Grand Prix,R,LAW,10.0,1.0,clear_violation,314.0,58.0,207.74289999999999,100.0,0.1711080000000000,122,713,211.3320040000000,222.0,1.4144140000000001,0.9830170000000000,0,0,1,0,1
2024,Abu Dhabi Grand Prix,R,HAM,49.0,1.0,clear_violation,313.0,63.0,213.92795500000000,100.0,0.1769910000000000,120,678,211.3320040000000,222.0,1.40991000000000,1.012284000000000,0,0,1,0,1
2024,Abu Dhabi Grand Prix,R,SAI,24.0,1.0,clear_violation,311.0,61.0,209.9270990000000,100.0,0.178624000000000,122,683,211.3320040000000,222.0,1.4009010000000000,0.9933520000000000,0,0,1,0,1
2024,Abu Dhabi Grand Prix,R,DOO,10.0,1.0,clear_violation,309.0,59.0,206.58170500000,100.0,0.1778710000000000,127,714,211.3320040000000,222.0,1.3918919999999999,0.9775220000000000,0,0,1,0,1
2024,Abu Dhabi Grand Prix,R,DOO,24.0,1.0,clear_violation,332.0,57.0,211.05339900000001,100.0,0.1941180000000000,132,680,211.3320040000000,222.0,1.4954950000000000,0.9986820000000000,0,0,1,0,1
2024,Abu Dhabi Grand Prix,R,DOO,42.0,1.0,clear_violation,312.0,61.0,208.53064200000000,100.0,0.1635040000000000,112,685,211.3320040000000,222.0,1.4054050000000000,0.9867440000000000,0,0,1,0,1
2024,Abu Dhabi Grand Prix,R,RUS,36.0,1.0,clear_violation,312.0,59.0,210.8794240000000,100.0,0.1531790000000000,106,692,211.3320040000000,222.0,1.4054050000000000,0.9978580000000000,0,0,1,0,1
2024,Abu Dhabi Grand Prix,R,RUS,52.0,1.0,clear_violation,312.0,60.0,213.7149220000000,100.0,0.1526160000000000,105,688,211.3320040000000,222.0,1.4054050000000000,1.011276000000000,0,0,1,0,1
2024,Abu Dhabi Grand Prix,R,PIA,14.0,1.0,clear_violation,337.0,58.0,210.36334700000000,100.0,0.1610040000000000,109,677,211.3320040000000,222.0,1.518018000000000,0.9954160000000000,0,0,1,0,1
2024,Abu Dhabi Grand Prix,R,PIA,29.0,1.0,clear_violation,313.0,60.0,208.1756180000000,100.0,0.1445090000000000,100,692,211.3320040000000,222.0,1.40991000000000,0.9850640000000001,0,0,1,0,1
2024,Abu Dhabi Grand Prix,R,PIA,45.0,11.0,clear_violation,336.0,58.0,209.40902800000001,100.0,0.1673880000000000,116,693,211.3320040000000,222.0,1.5135140000000000,0.990901000000000,0,0,1,0,1
2024,Australian Grand Prix,FP1,ALO,9.0,10.0,no_advantage,304.8071440000000,33.0,186.23830599999999,100.0,0.1777490000000000,139,782,283.816384000000,307.0,0.9928570000000000,0.6561930000000000,0,0,0,1,1
2024,Australian Grand Prix,FP1,HAM,13.0,2.0,no_advantage,304.0673060000000,15.775,183.30095700000001,100.0,0.1400520000000000,107,764,283.816384000000,307.0,0.9904470000000000,0.6458429999999999,0,0,0,1,1
2024,Australian Grand Prix,FP2,SAR,17.0,1.0,no_advantage,323.0,81.0,210.70395400000001,100.0,0.1512480000000000,103,681,282.1929820000000,308.0,1.0487010000000001,0.7466660000000001,0,0,0,1,1
2024,Australian Grand Prix,FP2,LEC,19.0,2.0,no_advantage,296.0,93.0,227.3151130000000,100.0,0.1475160000000000,95,644,282.1929820000000,308.0,0.961039000000000,0.8055310000000000,0,0,0,1,1
2024,Australian Grand Prix,FP2,STR,24.0,13.0,no_advantage,298.0,38.0,204.6834600000,100.0,0.1037870000000000,74,713,282.1929820000000,308.0,0.9675319999999999,0.7253320000000000,0,0,0,1,1
2024,Australian Grand Prix,Q,ALB,2.0,10.0,clear_violation,322.0,97.0,239.35818000000000,100.0,0.1269040000000000,75,591,300.39565199999998,311.0,1.0353699999999999,0.7968100000000000,0,1,0,0,1
2024,Australian Grand Prix,Q,RIC,5.0,5.0,clear_violation,322.0,96.0,243.61633000000000,100.0,0.1064190000000000,63,592,300.39565199999998,311.0,1.0353699999999999,0.8109850000000000,0,1,0,0,1
2024,Australian Grand Prix,Q,ALO,16.0,6.0,no_advantage,311.1678560000000,27.0,166.03254400000000,100.0,0.1148110000000000,100,871,300.39565199999998,311.0,1.0005400000000000,0.5527130000000000,0,1,0,0,1
2024,Australian Grand Prix,R,HAM,10.0,2.0,clear_violation,320.0,88.0,224.58252700000000,100.0,0.1742420000000000,115,660,289.33993700000002,311.0,1.0289390000000000,0.7761890000000000,0,0,1,0,1
2024,Austrian Grand Prix,Q,LEC,21.0,9.0,clear_violation,323.0,71.0,219.1065270000000,100.0,0.1857140000000000,104,560,284.2122640000000,291.0,1.1099660000000000,0.7709260000000000,0,1,0,0,1
2024,Austrian Grand Prix,Q,PIA,16.0,6.0,clear_violation,319.0,68.0,237.56460000000001,99.0,0.1332010000000000,67,503,284.2122640000000,291.0,1.0962200000000000,0.8358700000000000,0,1,0,0,1
2024,Austrian Grand Prix,Q,GAS,17.0,6.0,clear_violation,319.0,66.0,237.3682550000000,100.0,0.1342410000000000,69,514,284.2122640000000,291.0,1.0962200000000000,0.8351790000000000,0,1,0,0,1
2024,Austrian Grand Prix,Q,TSU,5.0,6.0,clear_violation,325.0,65.0,235.213211000000,100.0,0.1594200000000000,77,483,284.2122640000000,291.0,1.1168380000000000,0.8275970000000000,0,1,0,0,1
2024,Austrian Grand Prix,R,PIA,70.0,1.0,clear_violation,310.0,58.0,221.72162900000001,99.0,0.1713220000000000,92,537,272.26176500000003,286.0,1.083916000000000,0.8143690000000000,0,0,1,0,1
2024,Austrian Grand Prix,R,VER,63.0,3.0,clear_violation,304.0,65.0,220.50867400000001,100.0,0.1865670000000000,100,536,272.26176500000003,286.0,1.062937000000000,0.8099140000000000,0,0,1,0,1
2024,Austrian Grand Prix,R,VER,64.0,3.0,clear_violation,299.0,45.0,156.04870700000001,100.0,0.2312930000000000,170,735,272.26176500000003,286.0,1.0454550000000000,0.5731570000000000,0,0,1,0,1
2024,Austrian Grand Prix,R,HUL,12.0,3.0,clear_violation,308.0,0.0,173.3760260000000,100.0,0.2631580000000000,180,684,272.26176500000003,286.0,1.0769230000000001,0.6367990000000000,0,0,1,0,1
2024,Austrian Grand Prix,R,PER,21.0,1.0,clear_violation,297.0,60.0,198.4293910000000,100.0,0.256993000000000,147,572,272.26176500000003,286.0,1.0384620000000000,0.7288180000000000,0,0,1,0,1
2024,Austrian Grand Prix,R,GAS,35.0,3.0,clear_violation,321.0,54.0,210.65134599999999,100.0,0.2401430000000000,134,558,272.26176500000003,286.0,1.1223780000000001,0.7737090000000000,0,0,1,0,1
2024,Austrian Grand Prix,R,LEC,46.0,6.0,clear_violation,314.0,65.0,219.21104399999999,100.0,0.2222220000000000,124,558,272.26176500000003,286.0,1.097902000000000,0.8051480000000000,0,0,1,0,1
2024,Austrian Grand Prix,R,TSU,36.0,1.0,clear_violation,318.0,61.0,215.38592900000000,100.0,0.2022470000000000,108,534,272.26176500000003,286.0,1.1118880000000000,0.7910990000000000,0,0,1,0,1
2024,Austrian Grand Prix,R,ZHO,20.0,3.0,clear_violation,302.0,48.0,203.95330500000000,100.0,0.2163120000000000,122,564,272.26176500000003,286.0,1.055944000000000,0.7491070000000000,0,0,1,0,1
2024,Austrian Grand Prix,R,SAR,58.0,6.0,clear_violation,306.0,63.0,218.6018640000000,100.0,0.1903880000000000,103,541,272.26176500000003,286.0,1.06993000000000,0.80291100000000,0,0,1,0,1
2024,Austrian Grand Prix,R,NOR,10.0,3.0,clear_violation,302.0,58.0,215.4069240000000,100.0,0.1929500000000000,104,539,272.26176500000003,286.0,1.055944000000000,0.7911760000000000,0,0,1,0,1
2024,Austrian Grand Prix,R,NOR,56.0,1.0,clear_violation,318.0,59.0,224.87322700000001,100.0,0.1864410000000000,99,531,272.26176500000003,286.0,1.1118880000000000,0.8259450000000000,0,0,1,0,1
2024,Austrian Grand Prix,R,NOR,59.0,3.0,clear_violation,322.0,48.0,220.5792640000000,100.0,0.2152130000000000,116,539,272.26176500000003,286.0,1.1258740000000000,0.8101730000000000,0,0,1,0,1
2024,Austrian Grand Prix,R,NOR,64.0,3.0,clear_violation,318.0,33.0,128.2989050000000,100.0,0.1191540000000000,107,898,272.26176500000003,286.0,1.1118880000000000,0.4712340000000000,0,0,1,0,1
2024,Austrian Grand Prix,S,NOR,6.0,1.0,clear_violation,316.0,62.0,220.9442530000000,100.0,0.1821710000000000,94,516,278.3195650000000,286.0,1.1048950000000000,0.7938510000000000,1,0,0,0,1
2024,Austrian Grand Prix,S,NOR,16.0,1.0,clear_violation,322.0,61.0,220.8745030000000,100.0,0.1910950000000000,103,539,278.3195650000000,286.0,1.1258740000000000,0.7936000000000000,1,0,0,0,1
2024,Austrian Grand Prix,S,ALO,7.0,1.0,clear_violation,323.0,60.0,220.6047770000000,100.0,0.1759080000000000,92,523,278.3195650000000,286.0,1.1293709999999999,0.7926310000000000,1,0,0,0,1
2024,Austrian Grand Prix,S,ALO,21.0,3.0,clear_violation,304.0,43.0,209.80420500000000,99.0,0.2089290000000000,117,560,278.3195650000000,286.0,1.062937000000000,0.7538250000000000,1,0,0,0,1
2024,Austrian Grand Prix,SQ,PIA,7.0,6.0,clear_violation,324.0,68.0,231.0901630000000,99.0,0.1465860000000000,73,498,280.25373100000002,290.0,1.1172409999999999,0.8245749999999999,0,1,0,0,1
2024,Austrian Grand Prix,SQ,HAM,2.0,6.0,clear_violation,318.0,63.0,232.13503700000001,100.0,0.1732280000000000,88,508,280.25373100000002,290.0,1.096552000000000,0.8283030000000000,0,1,0,0,1
2024,Austrian Grand Prix,SQ,TSU,5.0,9.0,clear_violation,322.0,0.0,207.61102800000000,100.0,0.1472730000000000,81,550,280.25373100000002,290.0,1.110345000000000,0.7407970000000000,0,1,0,0,1
2024,Austrian Grand Prix,SQ,ZHO,2.0,9.0,clear_violation,322.0,69.0,229.5922820000000,100.0,0.1802330000000000,93,516,280.25373100000002,290.0,1.110345000000000,0.8192300000000000,0,1,0,0,1
2024,Austrian Grand Prix,SQ,BOT,5.0,6.0,clear_violation,320.0,66.0,230.97117900000001,100.0,0.1603960000000000,81,505,280.25373100000002,290.0,1.103448000000000,0.8241500000000000,0,1,0,0,1
2024,Austrian Grand Prix,SQ,SAR,8.0,6.0,clear_violation,325.0,64.0,234.21078700000001,100.0,0.1765870000000000,89,504,280.25373100000002,290.0,1.1206900000000000,0.8357100000000000,0,1,0,0,1
2024,Azerbaijan Grand Prix,Q,SAI,2.0,15.0,clear_violation,342.0142850,49.0,169.05070499999999,100.0,0.2157070000000000,206,955,334.82959599999998,350.0,0.9771840000000001,0.5048859999999999,0,1,0,0,1
2024,Azerbaijan Grand Prix,R,VER,24.0,15.0,clear_violation,351.68333200000001,66.0,193.3803290000000,100.0,0.2517400000000000,217,862,321.1932420000000,357.0,0.985107000000000,0.6020680000000000,0,0,1,0,1
2024,Azerbaijan Grand Prix,R,OCO,36.0,1.0,clear_violation,322.0,42.0,188.0330330000000,100.0,0.2233560000000000,197,882,321.1932420000000,357.0,0.9019610000000000,0.5854200000000001,0,0,1,0,1
2024,Bahrain Grand Prix,Q,MAG,8.0,7.0,clear_violation,320.0,73.0,211.7345740000000,100.0,0.1957140000000000,137,700,286.18857100000002,293.0,1.0921500000000000,0.7398430000000000,0,1,0,0,1
2024,Bahrain Grand Prix,Q,GAS,2.0,13.0,clear_violation,310.0,65.0,210.2248190000000,100.0,0.1733150000000000,126,727,286.18857100000002,293.0,1.0580200000000000,0.7345670000000000,0,1,0,0,1
2024,Bahrain Grand Prix,R,VER,46.0,4.0,clear_violation,303.0,63.0,204.3571450000000,100.0,0.2025320000000000,144,711,280.73204399999997,293.0,1.0341300000000000,0.7279440000000000,0,0,1,0,1
2024,Bahrain Grand Prix,R,LEC,4.0,10.0,clear_violation,320.0,64.0,197.2893030000000,100.0,0.225131000000000,172,764,280.73204399999997,293.0,1.0921500000000000,0.7027670000000000,0,0,1,0,1
2024,Bahrain Grand Prix,R,RUS,46.0,10.0,clear_violation,304.0,60.0,201.87260100000000,100.0,0.1991870000000000,147,738,280.73204399999997,293.0,1.0375430000000001,0.7190940000000000,0,0,1,0,1
2024,Bahrain Grand Prix,R,NOR,3.0,15.0,clear_violation,323.0,57.0,196.5529320000000,98.0,0.2051280000000000,152,741,280.73204399999997,293.0,1.1023890000000001,0.7001440000000000,0,0,1,0,1
2024,Bahrain Grand Prix,R,NOR,4.0,15.0,clear_violation,300.0,62.0,197.44479699999999,98.0,0.2,153,765,280.73204399999997,293.0,1.023891000000000,0.703321000000000,0,0,1,0,1
2024,Bahrain Grand Prix,R,NOR,56.0,13.0,clear_violation,306.0,63.0,201.85221100000001,99.0,0.2127370000000000,157,738,280.73204399999997,293.0,1.0443690000000001,0.7190210000000000,0,0,1,0,1
2024,Bahrain Grand Prix,R,HAM,27.0,10.0,clear_violation,303.0,63.0,197.9616850000000,100.0,0.236242000000000,176,745,280.73204399999997,293.0,1.0341300000000000,0.705162000000000,0,0,1,0,1
2024,Bahrain Grand Prix,R,HAM,47.0,4.0,clear_violation,305.0,65.0,203.333094000000,100.0,0.2088950000000000,155,742,280.73204399999997,293.0,1.0409560000000000,0.7242960000000001,0,0,1,0,1
2024,Bahrain Grand Prix,R,PIA,37.0,15.0,clear_violation,304.0,66.0,203.0211130000000,99.0,0.1939060000000000,140,722,280.73204399999997,293.0,1.0375430000000001,0.7231850000000000,0,0,1,0,1
2024,Bahrain Grand Prix,R,PIA,38.0,15.0,clear_violation,308.0,64.0,203.73738299999999,99.0,0.2047030000000000,148,723,280.73204399999997,293.0,1.0511950000000001,0.7257360000000000,0,0,1,0,1
2024,Bahrain Grand Prix,R,PIA,50.0,4.0,clear_violation,305.0,64.0,201.74177000000000,99.0,0.202446000000000,149,736,280.73204399999997,293.0,1.0409560000000000,0.7186280000000000,0,0,1,0,1
2024,Bahrain Grand Prix,R,RIC,51.0,13.0,clear_violation,326.0,60.0,197.60100900000000,100.0,0.1937670000000000,143,738,280.73204399999997,293.0,1.1126280000000000,0.7038780000000000,0,0,1,0,1
2024,Bahrain Grand Prix,R,RIC,55.0,4.0,clear_violation,327.0,62.0,198.7792400000000,100.0,0.2113820000000000,156,738,280.73204399999997,293.0,1.1160410000000001,0.7080750000000000,0,0,1,0,1
2024,Bahrain Grand Prix,R,RIC,56.0,4.0,clear_violation,327.0,59.0,198.3004810000000,100.0,0.2179140000000000,163,748,280.73204399999997,293.0,1.1160410000000001,0.7063690000000000,0,0,1,0,1
2024,Bahrain Grand Prix,R,TSU,10.0,4.0,clear_violation,307.0,62.0,193.867972000000,100.0,0.1949930000000000,148,759,280.73204399999997,293.0,1.0477820000000000,0.6905800000000000,0,0,1,0,1
2024,Bahrain Grand Prix,R,TSU,27.0,13.0,clear_violation,324.0,62.0,198.133011000000,100.0,0.2126820000000000,161,757,280.73204399999997,293.0,1.10580200000000,0.7057730000000000,0,0,1,0,1
2024,Bahrain Grand Prix,R,ALB,47.0,4.0,clear_violation,305.0,62.0,201.5024560000000,100.0,0.2079890000000000,151,726,280.73204399999997,293.0,1.0409560000000000,0.7177750000000001,0,0,1,0,1
2024,Bahrain Grand Prix,R,ALB,49.0,10.0,clear_violation,306.0,61.0,199.6316430000000,100.0,0.2024130000000000,151,746,280.73204399999997,293.0,1.0443690000000001,0.711111000000000,0,0,1,0,1
2024,Bahrain Grand Prix,R,GAS,44.0,4.0,clear_violation,288.0,0.0,167.6155400000000,100.0,0.2189940000000000,196,895,280.73204399999997,293.0,0.9829350000000000,0.5970660000000000,0,0,1,0,1
2024,Bahrain Grand Prix,R,GAS,55.0,4.0,clear_violation,301.0,62.0,200.82032400000000,100.0,0.2032740000000000,149,733,280.73204399999997,293.0,1.0273040000000000,0.7153450000000000,0,0,1,0,1
2024,Bahrain Grand Prix,R,SAR,9.0,4.0,no_advantage,315.0,57.0,191.525019000000,100.0,0.2217800000000000,167,753,280.73204399999997,293.0,1.075085000000000,0.6822340000000000,0,0,1,0,1
2024,Belgian Grand Prix,Q,ZHO,8.0,4.0,clear_violation,315.0,57.0,209.0487790000000,100.0,0.1764060000000000,160,907,214.8219700000000,223.0,1.4125559999999999,0.9731260000000000,0,1,0,0,1
2024,Belgian Grand Prix,R,HAM,13.0,4.0,clear_violation,323.0,73.0,231.24399900000000,100.0,0.1506850000000000,121,803,218.6228290000000,226.0,1.4292039999999999,1.0577300000000001,0,0,1,0,1
2024,Belgian Grand Prix,R,NOR,2.0,6.0,clear_violation,355.0,71.0,226.05736400000001,99.0,0.2040820000000000,170,833,218.6228290000000,226.0,1.5707960000000001,1.0340060000000000,0,0,1,0,1
2024,Belgian Grand Prix,R,NOR,23.0,19.0,clear_violation,338.0,53.0,230.11708100000001,99.0,0.1597630000000000,135,845,218.6228290000000,226.0,1.4955750000000001,1.0525760000000000,0,0,1,0,1
2024,Belgian Grand Prix,R,SAI,15.0,14.0,clear_violation,321.0,68.0,225.20391000000001,100.0,0.1712570000000000,143,835,218.6228290000000,226.0,1.420354000000000,1.03010200000000,0,0,1,0,1
2024,Belgian Grand Prix,R,SAI,36.0,4.0,clear_violation,327.0,71.0,231.08752799999999,100.0,0.1714290000000000,138,805,218.6228290000000,226.0,1.4469030000000001,1.0570150000000000,0,0,1,0,1
2024,Belgian Grand Prix,R,SAI,41.0,4.0,clear_violation,322.0,68.0,231.7073560000000,100.0,0.1642510000000000,136,828,218.6228290000000,226.0,1.424779000000000,1.0598500000000000,0,0,1,0,1
2024,Belgian Grand Prix,R,STR,2.0,4.0,clear_violation,356.0,62.0,223.89492200000001,100.0,0.1807370000000000,152,841,218.6228290000000,226.0,1.575221000000000,1.0241150000000001,0,0,1,0,1
2024,Belgian Grand Prix,R,MAG,23.0,4.0,clear_violation,321.0,73.0,227.77303400000000,100.0,0.1304350000000000,111,851,218.6228290000000,226.0,1.420354000000000,1.0418540000000001,0,0,1,0,1
2024,Belgian Grand Prix,R,SAR,33.0,4.0,clear_violation,324.0,70.0,229.11663600000000,100.0,0.1389580000000000,112,806,218.6228290000000,226.0,1.4336279999999999,1.0480000000000000,0,0,1,0,1
2024,Belgian Grand Prix,R,HUL,14.0,6.0,clear_violation,351.0,68.0,225.500199000000,100.0,0.1562870000000000,133,851,218.6228290000000,226.0,1.5530969999999999,1.031458000000000,0,0,1,0,1
2024,British Grand Prix,Q,RUS,8.0,9.0,clear_violation,303.0,90.0,215.8557160000000,100.0,0.1696070000000000,125,737,240.30711600000001,257.0,1.178988000000000,0.898249000000000,0,1,0,0,1
2024,British Grand Prix,Q,NOR,4.0,3.0,clear_violation,297.0,57.0,182.62064100000001,99.0,0.1721780000000000,151,877,240.30711600000001,257.0,1.1556420000000001,0.7599470000000000,0,1,0,0,1
2024,British Grand Prix,Q,VER,7.0,9.0,clear_violation,307.0,64.0,193.4258950000000,100.0,0.2011900000000000,169,840,240.30711600000001,257.0,1.1945530000000000,0.8049110000000000,0,1,0,0,1
2024,British Grand Prix,Q,SAI,7.0,9.0,clear_violation,308.0,74.0,217.86088899999999,100.0,0.1980740000000000,144,727,240.30711600000001,257.0,1.198444000000000,0.9065940000000000,0,1,0,0,1
2024,British Grand Prix,Q,ALB,7.0,9.0,clear_violation,310.0,81.0,206.6924410000000,100.0,0.227331000000000,178,783,240.30711600000001,257.0,1.206226000000000,0.8601180000000000,0,1,0,0,1
2024,British Grand Prix,Q,ALO,9.0,4.0,clear_violation,285.0,28.0,165.6644060000000,100.0,0.190428000000000,187,982,240.30711600000001,257.0,1.1089490000000000,0.6893860000000001,0,1,0,0,1
2024,British Grand Prix,Q,TSU,7.0,9.0,clear_violation,308.0,63.0,205.08564699999999,100.0,0.2055840000000000,162,788,240.30711600000001,257.0,1.198444000000000,0.8534310000000001,0,1,0,0,1
2024,British Grand Prix,Q,ZHO,9.0,9.0,clear_violation,305.0,88.0,198.6954420000000,100.0,0.1791980000000000,143,798,240.30711600000001,257.0,1.1867700000000001,0.8268400000000000,0,1,0,0,1
2024,British Grand Prix,R,HAM,19.0,2.0,clear_violation,300.0,74.0,201.7304790000000,100.0,0.2141950000000000,169,789,239.80525200000000,254.0,1.1811020000000001,0.8412260000000000,0,0,1,0,1
2024,British Grand Prix,R,NOR,20.0,12.0,clear_violation,305.0,81.0,215.69102599999999,99.0,0.1720990000000000,132,767,239.80525200000000,254.0,1.2007870000000000,0.8994420000000000,0,0,1,0,1
2024,British Grand Prix,R,SAI,28.0,3.0,clear_violation,301.0,63.0,205.38209499999999,100.0,0.2101910000000000,165,785,239.80525200000000,254.0,1.18503900000000,0.8564540000000000,0,0,1,0,1
2024,British Grand Prix,R,ALB,35.0,18.0,clear_violation,304.0,68.0,200.41194100000001,100.0,0.1976740000000000,153,774,239.80525200000000,254.0,1.1968500000000000,0.8357280000000000,0,0,1,0,1
2024,British Grand Prix,R,ALB,36.0,18.0,clear_violation,304.0,68.0,204.5707470000000,100.0,0.2036080000000000,158,776,239.80525200000000,254.0,1.1968500000000000,0.8530700000000000,0,0,1,0,1
2024,British Grand Prix,R,SAR,16.0,15.0,clear_violation,306.0,81.0,224.8505760000000,100.0,0.1711080000000000,122,713,239.80525200000000,254.0,1.204724000000000,0.9376380000000000,0,0,1,0,1
2024,British Grand Prix,R,RIC,31.0,9.0,clear_violation,298.0,73.0,204.5623870000000,100.0,0.1835990000000000,150,817,239.80525200000000,254.0,1.1732279999999999,0.8530350000000000,0,0,1,0,1
2024,British Grand Prix,R,LEC,24.0,14.0,clear_violation,292.0,66.0,189.8639440000000,100.0,0.1794290000000000,157,875,239.80525200000000,254.0,1.1496059999999999,0.7917419999999999,0,0,1,0,1
2024,British Grand Prix,R,RUS,19.0,2.0,clear_violation,302.0,63.0,200.20493500000001,100.0,0.2032830000000000,161,792,239.80525200000000,254.0,1.188976000000000,0.8348650000000000,0,0,1,0,1
2024,Canadian Grand Prix,Q,RUS,4.0,4.0,clear_violation,307.0,54.0,179.0765880000000,100.0,0.1921920000000000,128,666,289.37854900000002,299.0,1.0267560000000000,0.6188320000000000,0,1,0,0,1
2024,Canadian Grand Prix,Q,HAM,4.0,1.0,clear_violation,306.0,46.0,158.42704200000000,104.0,0.2320220000000000,171,737,289.37854900000002,299.0,1.0234110000000001,0.5474730000000000,0,1,0,0,1
2024,Canadian Grand Prix,Q,SAI,2.0,2.0,clear_violation,303.0,46.0,189.88893200000001,100.0,0.2391650000000000,149,623,289.37854900000002,299.0,1.0133779999999999,0.6561960000000000,0,1,0,0,1
2024,Canadian Grand Prix,Q,SAI,15.0,13.0,clear_violation,308.0,47.0,149.22722300000001,100.0,0.2595910000000000,203,782,289.37854900000002,299.0,1.0301000000000000,0.5156820000000000,0,1,0,0,1
2024,Canadian Grand Prix,Q,MAG,2.0,8.0,clear_violation,309.0,54.0,187.523675000000,100.0,0.2305300000000000,148,642,289.37854900000002,299.0,1.0334449999999999,0.6480220000000000,0,1,0,0,1
2024,Canadian Grand Prix,R,VER,17.0,2.0,clear_violation,307.0,37.0,172.8051250000000,100.0,0.2600300000000000,175,673,269.48979600000001,300.0,1.0233330000000000,0.6412310000000000,0,0,1,0,1
2024,Canadian Grand Prix,R,GAS,41.0,6.0,clear_violation,298.0,43.0,154.23729499999999,100.0,0.2059970000000000,158,767,269.48979600000001,300.0,0.9933330000000000,0.5723310000000000,0,0,1,0,1
2024,Canadian Grand Prix,R,GAS,44.0,14.0,clear_violation,329.0,54.0,182.37468999999999,100.0,0.2230770000000000,145,650,269.48979600000001,300.0,1.0966670000000001,0.6767410000000000,0,0,1,0,1
2024,Canadian Grand Prix,R,PER,21.0,9.0,clear_violation,312.0,52.0,170.2106430000000,100.0,0.2543100000000000,177,696,269.48979600000001,300.0,1.04,0.6316030000000000,0,0,1,0,1
2024,Canadian Grand Prix,R,PER,32.0,14.0,clear_violation,317.0,48.0,167.86498300000000,100.0,0.3004350000000000,207,689,269.48979600000001,300.0,1.0566670000000000,0.6228990000000000,0,0,1,0,1
2024,Canadian Grand Prix,R,ALO,6.0,,clear_violation,304.0,45.0,161.5618300000000,100.0,0.2405410000000000,178,740,269.48979600000001,300.0,1.0133330000000000,0.5995100000000000,0,0,1,0,1
2024,Canadian Grand Prix,R,ALO,32.0,14.0,clear_violation,309.0,47.0,169.03248300000001,100.0,0.2638480000000000,181,686,269.48979600000001,300.0,1.03,0.6272310000000000,0,0,1,0,1
2024,Canadian Grand Prix,R,LEC,30.0,4.0,clear_violation,300.0,44.0,152.18527499999999,100.0,0.26875,215,800,269.48979600000001,300.0,1.0,0.5647160000000000,0,0,1,0,1
2024,Canadian Grand Prix,R,LEC,32.0,14.0,clear_violation,298.0,52.0,168.68975000000000,100.0,0.2125,153,720,269.48979600000001,300.0,0.9933330000000000,0.6259600000000000,0,0,1,0,1
2024,Canadian Grand Prix,R,STR,34.0,14.0,clear_violation,310.0,53.0,171.5234660000000,100.0,0.2263310000000000,153,676,269.48979600000001,300.0,1.0333330000000001,0.6364750000000000,0,0,1,0,1
2024,Canadian Grand Prix,R,SAR,3.0,14.0,clear_violation,309.0,45.0,151.37317999999999,100.0,0.2953370000000000,228,772,269.48979600000001,300.0,1.03,0.5617030000000000,0,0,1,0,1
2024,Canadian Grand Prix,R,SAR,5.0,2.0,clear_violation,306.0,33.0,157.4362820000000,100.0,0.2971890000000000,222,747,269.48979600000001,300.0,1.02,0.5842010000000000,0,0,1,0,1
2024,Canadian Grand Prix,R,SAR,6.0,6.0,clear_violation,303.0,0.0,132.9864210000000,100.0,0.2825850000000000,258,913,269.48979600000001,300.0,1.01,0.49347500000000000,0,0,1,0,1
2024,Canadian Grand Prix,R,SAR,13.0,1.0,clear_violation,316.0,35.0,163.57324800000001,100.0,0.2975680000000000,208,699,269.48979600000001,300.0,1.0533330000000001,0.6069740000000000,0,0,1,0,1
2024,Canadian Grand Prix,R,MAG,32.0,14.0,clear_violation,318.0,48.0,169.2249510000000,100.0,0.3072460000000000,212,690,269.48979600000001,300.0,1.06,0.6279460000000000,0,0,1,0,1
2024,Canadian Grand Prix,R,MAG,52.0,14.0,clear_violation,335.0,56.0,185.8083610000000,100.0,0.2841610000000000,183,644,269.48979600000001,300.0,1.1166670000000001,0.6894820000000000,0,0,1,0,1
2024,Canadian Grand Prix,R,MAG,60.0,9.0,clear_violation,311.0,60.0,190.16876099999999,100.0,0.2375600000000000,148,623,269.48979600000001,300.0,1.0366670000000000,0.7056620000000000,0,0,1,0,1
2024,Canadian Grand Prix,R,TSU,66.0,9.0,clear_violation,311.0,0.0,158.01401799999999,100.0,0.256545000000000,196,764,269.48979600000001,300.0,1.0366670000000000,0.5863450000000000,0,0,1,0,1
2024,Canadian Grand Prix,R,ALB,17.0,14.0,clear_violation,330.0,48.0,175.79289000000000,100.0,0.282090000000000,189,670,269.48979600000001,300.0,1.1,0.6523170000000000,0,0,1,0,1
2024,Canadian Grand Prix,R,ALB,34.0,14.0,clear_violation,310.0,50.0,170.58758499999999,100.0,0.2878340000000000,194,674,269.48979600000001,300.0,1.0333330000000001,0.6330020000000000,0,0,1,0,1
2024,Canadian Grand Prix,R,HUL,31.0,14.0,clear_violation,310.0,47.0,164.06551200000001,100.0,0.3029050000000000,219,723,269.48979600000001,300.0,1.0333330000000001,0.6088000000000000,0,0,1,0,1
2024,Canadian Grand Prix,R,RIC,48.0,1.0,clear_violation,313.0,42.0,183.57257000000001,100.0,0.25,153,612,269.48979600000001,300.0,1.0433330000000001,0.6811860000000000,0,0,1,0,1
2024,Canadian Grand Prix,R,NOR,42.0,1.0,clear_violation,320.0,38.0,180.8720870000000,100.0,0.2398120000000000,153,638,269.48979600000001,300.0,1.0666670000000000,0.6711650000000000,0,0,1,0,1
2024,Canadian Grand Prix,R,HAM,7.0,2.0,clear_violation,307.0,40.0,162.73379399999999,100.0,0.311050000000000,228,733,269.48979600000001,300.0,1.0233330000000000,0.6038590000000000,0,0,1,0,1
2024,Canadian Grand Prix,R,HAM,49.0,7.0,clear_violation,305.0,53.0,187.83738199999999,100.0,0.2155310000000000,136,631,269.48979600000001,300.0,1.0166670000000000,0.6970110000000000,0,0,1,0,1
2024,Canadian Grand Prix,R,RUS,2.0,14.0,clear_violation,293.0,49.0,161.8210050000000,100.0,0.2506810000000000,184,734,269.48979600000001,300.0,0.9766670000000000,0.6004720000000000,0,0,1,0,1
2024,Canadian Grand Prix,R,RUS,21.0,14.0,clear_violation,305.0,51.0,175.8038350000000,100.0,0.2263870000000000,151,667,269.48979600000001,300.0,1.0166670000000000,0.652358000000000,0,0,1,0,1
2024,Canadian Grand Prix,R,RUS,51.0,8.0,clear_violation,328.0,53.0,192.1433450000000,100.0,0.2445560000000000,146,597,269.48979600000001,300.0,1.0933330000000001,0.7129890000000000,0,0,1,0,1
2024,Canadian Grand Prix,R,RUS,63.0,14.0,clear_violation,334.0,58.0,196.71261600000000,100.0,0.2262300000000000,138,610,269.48979600000001,300.0,1.1133329999999999,0.7299450000000000,0,0,1,0,1
2024,Chinese Grand Prix,FP1,HAM,19.0,6.0,no_advantage,301.0,61.0,191.7260590000000,100.0,0.2061860000000000,160,776,246.10471200000001,269.0,1.1189590000000000,0.7790430000000000,0,0,0,1,1
2024,Chinese Grand Prix,R,GAS,4.0,14.0,clear_violation,336.0,62.0,188.4328420000000,100.0,0.2091840000000000,164,784,248.06976700000001,266.0,1.263158000000000,0.7595960000000000,0,0,1,0,1
2024,Chinese Grand Prix,R,GAS,48.0,6.0,clear_violation,326.0,56.0,191.6745040000000,100.0,0.1964510000000000,155,789,248.06976700000001,266.0,1.2255640000000001,0.7726640000000000,0,0,1,0,1
2024,Chinese Grand Prix,R,SAR,8.0,6.0,clear_violation,333.0,52.0,186.02852400000000,100.0,0.2280490000000000,187,820,248.06976700000001,266.0,1.2518800000000001,0.7499040000000000,0,0,1,0,1
2024,Chinese Grand Prix,R,ALB,54.0,6.0,clear_violation,314.0,57.0,189.18532200000001,100.0,0.2071610000000000,162,782,248.06976700000001,266.0,1.1804509999999999,0.7626290000000000,0,0,1,0,1
2024,Chinese Grand Prix,R,HUL,2.0,6.0,clear_violation,340.0,55.0,188.24741100000000,100.0,0.2395960000000000,190,793,248.06976700000001,266.0,1.2781950000000000,0.7588490000000000,0,0,1,0,1
2024,Chinese Grand Prix,S,LEC,16.0,14.0,clear_violation,337.0,58.0,185.4295280000000,99.0,0.2484320000000000,198,797,259.3909570000000,268.0,1.257463000000000,0.7148650000000000,1,0,0,0,1
2024,Chinese Grand Prix,S,RIC,15.0,14.0,clear_violation,339.0,44.0,187.3237380000000,100.0,0.2012580000000000,160,795,259.3909570000000,268.0,1.2649250000000001,0.7221680000000000,1,0,0,0,1
2024,Chinese Grand Prix,S,STR,8.0,14.0,clear_violation,339.0,51.0,186.32772900000001,100.0,0.1828950000000000,139,760,259.3909570000000,268.0,1.2649250000000001,0.7183280000000000,1,0,0,0,1
2024,Chinese Grand Prix,SQ,VER,9.0,6.0,clear_violation,291.0,42.0,160.92432199999999,100.0,0.1956070000000000,187,956,254.1676650000000,269.0,1.0817840000000001,0.6331420000000000,0,1,0,0,1
2024,Chinese Grand Prix,SQ,VER,10.0,16.0,clear_violation,293.0,51.0,162.13448399999999,100.0,0.1730980000000000,157,907,254.1676650000000,269.0,1.0892189999999999,0.6379040000000000,0,1,0,0,1
2024,Chinese Grand Prix,SQ,PER,11.0,16.0,clear_violation,295.0,49.0,160.1969170000000,100.0,0.1958200000000000,178,909,254.1676650000000,269.0,1.096654000000000,0.6302800000000000,0,1,0,0,1
2024,Chinese Grand Prix,SQ,ZHO,13.0,6.0,clear_violation,291.0,52.0,155.25572199999999,100.0,0.2425490000000000,236,973,254.1676650000000,269.0,1.0817840000000001,0.610840000000000,0,1,0,0,1
2024,Chinese Grand Prix,SQ,NOR,11.0,16.0,clear_violation,295.0,53.0,161.7272350000000,100.0,0.1843580000000000,165,895,254.1676650000000,269.0,1.096654000000000,0.636301000000000,0,1,0,0,1
2024,Chinese Grand Prix,SQ,HAM,12.0,6.0,clear_violation,277.0,0.0,133.21611200000001,100.0,0.2824360000000000,320,1133,254.1676650000000,269.0,1.029740000000000,0.524127000000000,0,1,0,0,1
2024,Dutch Grand Prix,R,SAI,45.0,1.0,clear_violation,334.0,84.0,203.9709480000000,100.0,0.2758620000000000,160,580,305.1714290000000,330.0,1.0121210000000000,0.6683820000000000,0,0,1,0,1
2024,Dutch Grand Prix,R,GAS,36.0,3.0,clear_violation,310.0,95.0,201.51551599999999,100.0,0.2387540000000000,138,578,305.1714290000000,330.0,0.9393940000000000,0.6603350000000000,0,0,1,0,1
2024,Dutch Grand Prix,R,MAG,3.0,1.0,clear_violation,343.0,27.0,185.2709590000000,100.0,0.219626000000000,141,642,305.1714290000000,330.0,1.0393939999999999,0.607105000000000,0,0,1,0,1
2024,Dutch Grand Prix,R,ZHO,64.0,3.0,clear_violation,301.4187500,90.0,192.05029500000001,100.0,0.2491800000000000,152,610,305.1714290000000,330.0,0.9133900000000000,0.6293190000000000,0,0,1,0,1
2024,Emilia Romagna Grand Prix,Q,ALB,2.0,18.0,clear_violation,335.0,103.0,227.3146610000000,100.0,0.1788190000000000,103,576,283.97849500000001,290.0,1.1551720000000001,0.8004640000000000,0,1,0,0,1
2024,Emilia Romagna Grand Prix,Q,GAS,13.0,17.0,clear_violation,328.0,108.0,230.8002440000000,100.0,0.1362860000000000,80,587,283.97849500000001,290.0,1.1310340000000001,0.8127380000000000,0,1,0,0,1
2024,Emilia Romagna Grand Prix,Q,SAR,2.0,18.0,clear_violation,335.0,97.0,229.3753640000000,100.0,0.160622000000000,93,579,283.97849500000001,290.0,1.1551720000000001,0.8077210000000000,0,1,0,0,1
2024,Emilia Romagna Grand Prix,Q,SAR,7.0,9.0,clear_violation,336.0,98.0,229.17605699999999,100.0,0.1821310000000000,106,582,283.97849500000001,290.0,1.1586209999999999,0.8070190000000000,0,1,0,0,1
2024,Emilia Romagna Grand Prix,R,VER,11.0,17.0,clear_violation,311.0,93.0,216.49038200000001,100.0,0.1877020000000000,116,618,279.11239699999999,289.0,1.0761250000000000,0.7756390000000000,0,0,1,0,1
2024,Emilia Romagna Grand Prix,R,VER,15.0,18.0,clear_violation,310.0,95.0,214.8050820000000,100.0,0.1938610000000000,120,619,279.11239699999999,289.0,1.0726640000000001,0.7696010000000000,0,0,1,0,1
2024,Emilia Romagna Grand Prix,R,VER,20.0,6.0,clear_violation,311.0,92.0,215.50990400000001,100.0,0.2026140000000000,124,612,279.11239699999999,289.0,1.0761250000000000,0.7721260000000000,0,0,1,0,1
2024,Emilia Romagna Grand Prix,R,NOR,62.0,6.0,clear_violation,319.0,88.0,218.0542540000000,100.0,0.1786310000000000,107,599,279.11239699999999,289.0,1.1038060000000001,0.7812420000000000,0,0,1,0,1
2024,Emilia Romagna Grand Prix,R,LEC,47.0,15.0,clear_violation,332.0,81.0,215.46025599999999,100.0,0.1919350000000000,119,620,279.11239699999999,289.0,1.1487890000000001,0.7719480000000000,0,0,1,0,1
2024,Emilia Romagna Grand Prix,R,HAM,26.0,13.0,clear_violation,311.0,77.0,203.71901800000001,100.0,0.2126700000000000,141,663,279.11239699999999,289.0,1.0761250000000000,0.7298820000000000,0,0,1,0,1
2024,Emilia Romagna Grand Prix,R,PER,17.0,17.0,clear_violation,315.0,47.0,201.78730600000000,100.0,0.18797000000000,125,665,279.11239699999999,289.0,1.0899650000000001,0.7229610000000000,0,0,1,0,1
2024,Emilia Romagna Grand Prix,R,TSU,23.0,6.0,clear_violation,334.0,86.0,210.41130500000000,100.0,0.2091920000000000,132,631,279.11239699999999,289.0,1.1557090000000001,0.7538589999999999,0,0,1,0,1
2024,Emilia Romagna Grand Prix,R,HUL,56.0,17.0,clear_violation,314.0,89.0,212.3165700000000,100.0,0.2038220000000000,128,628,279.11239699999999,289.0,1.0865050000000001,0.7606849999999999,0,0,1,0,1
2024,Emilia Romagna Grand Prix,R,HUL,59.0,17.0,clear_violation,316.0,85.0,212.61156399999999,100.0,0.2265370000000000,140,618,279.11239699999999,289.0,1.0934260000000000,0.761742000000000,0,0,1,0,1
2024,Emilia Romagna Grand Prix,R,BOT,61.0,18.0,clear_violation,311.0,83.0,202.8021110000000,100.0,0.2557430000000000,167,653,279.11239699999999,289.0,1.0761250000000000,0.7265970000000000,0,0,1,0,1
2024,Hungarian Grand Prix,R,PIA,33.0,11.0,clear_violation,295.0,84.0,182.9063670000000,99.0,0.2247710000000000,147,654,246.7572300000000,258.0,1.1434110000000000,0.7412400000000000,0,0,1,0,1
2024,Hungarian Grand Prix,R,VER,35.0,2.0,clear_violation,322.0,68.0,181.7278390000000,100.0,0.25625,164,640,246.7572300000000,258.0,1.248062000000000,0.7364640000000000,0,0,1,0,1
2024,Hungarian Grand Prix,R,VER,66.0,7.0,clear_violation,303.0,82.0,188.38481100000001,100.0,0.2434510000000000,158,649,246.7572300000000,258.0,1.1744190000000001,0.7634420000000000,0,0,1,0,1
2024,Hungarian Grand Prix,R,TSU,33.0,1.0,clear_violation,295.0,82.0,181.26671600000000,100.0,0.2099360000000000,131,624,246.7572300000000,258.0,1.1434110000000000,0.7345950000000000,0,0,1,0,1
2024,Hungarian Grand Prix,R,GAS,11.0,11.0,clear_violation,299.0,85.0,180.69781499999999,100.0,0.2138460000000000,139,650,246.7572300000000,258.0,1.1589149999999999,0.7322900000000000,0,0,1,0,1
2024,Italian Grand Prix,Q,PIA,2.0,2.0,clear_violation,344.0,52.0,187.19310500000000,99.0,0.1239670000000000,105,847,312.3641300000000,320.0,1.075,0.599278000000000,0,1,0,0,1
2024,Italian Grand Prix,Q,COL,5.0,7.0,clear_violation,348.0,69.0,250.3134800000000,100.0,0.1490020000000000,97,651,312.3641300000000,320.0,1.0875,0.8013520000000000,0,1,0,0,1
2024,Italian Grand Prix,R,NOR,31.0,4.0,clear_violation,334.0,67.0,243.06945200000001,100.0,0.1517570000000000,95,626,312.37768699999998,324.0,1.0308640000000000,0.7781270000000000,0,0,1,0,1
2024,Italian Grand Prix,R,SAI,13.0,2.0,clear_violation,330.0,64.0,241.5963810000000,100.0,0.1718270000000000,111,646,312.37768699999998,324.0,1.0185190000000000,0.7734110000000000,0,0,1,0,1
2024,Italian Grand Prix,R,RUS,31.0,2.0,clear_violation,347.0,52.0,239.62016399999999,100.0,0.184,115,625,312.37768699999998,324.0,1.0709880000000001,0.767085000000000,0,0,1,0,1
2024,Italian Grand Prix,R,ALB,3.0,2.0,clear_violation,350.0,65.0,239.78786800000000,100.0,0.1850150000000000,121,654,312.37768699999998,324.0,1.0802470000000000,0.7676220000000000,0,0,1,0,1
2024,Italian Grand Prix,R,ALB,33.0,2.0,clear_violation,332.0,46.0,239.69460799999999,100.0,0.1767440000000000,114,645,312.37768699999998,324.0,1.0246910000000000,0.7673230000000000,0,0,1,0,1
2024,Italian Grand Prix,R,ALB,37.0,2.0,clear_violation,336.0,50.0,240.065689000000,100.0,0.17984500000000,116,645,312.37768699999998,324.0,1.037037000000000,0.7685110000000001,0,0,1,0,1
2024,Italian Grand Prix,R,MAG,18.0,5.0,clear_violation,355.0,60.0,240.12389700000000,100.0,0.1820990000000000,118,648,312.37768699999998,324.0,1.095679000000000,0.7686970000000000,0,0,1,0,1
2024,Italian Grand Prix,R,ALO,18.0,4.0,clear_violation,346.0,70.0,243.34250100000000,100.0,0.1536050000000000,98,638,312.37768699999998,324.0,1.0679010000000000,0.7790010000000001,0,0,1,0,1
2024,Italian Grand Prix,R,RIC,10.0,2.0,clear_violation,347.0,50.0,238.11459700000000,100.0,0.1851290000000000,122,659,312.37768699999998,324.0,1.0709880000000001,0.7622650000000000,0,0,1,0,1
2024,Italian Grand Prix,R,GAS,18.0,5.0,clear_violation,337.0,61.0,240.09624400000001,100.0,0.1671830000000000,108,646,312.37768699999998,324.0,1.0401229999999999,0.768609000000000,0,0,1,0,1
2024,Italian Grand Prix,R,GAS,27.0,4.0,clear_violation,342.0,60.0,237.04629299999999,100.0,0.1897590000000000,126,664,312.37768699999998,324.0,1.0555559999999999,0.7588450000000000,0,0,1,0,1
2024,Italian Grand Prix,R,STR,40.0,2.0,clear_violation,356.0,39.0,240.13923700000001,100.0,0.1625,104,640,312.37768699999998,324.0,1.0987650000000000,0.7687460000000000,0,0,1,0,1
2024,Italian Grand Prix,R,TSU,5.0,2.0,clear_violation,353.0,53.0,224.00338099999999,100.0,0.2101550000000000,149,709,312.37768699999998,324.0,1.0895060000000001,0.7170910000000000,0,0,1,0,1
2024,Japanese Grand Prix,FP3,MAG,1.0,11.0,no_advantage,276.437504,33.0,160.6740260000000,100.0,0.1797870000000000,169,940,243.84958200000000,269.0,1.0276490000000000,0.6589060000000000,0,0,0,1,1
2024,Japanese Grand Prix,Q,HUL,8.0,13.0,clear_violation,325.0,70.0,228.1339580000000,100.0,0.1508620000000000,105,696,265.0067570000000,269.0,1.20817800000000,0.8608610000000000,0,1,0,0,1
2024,Japanese Grand Prix,R,PER,6.0,9.0,clear_violation,303.0,64.0,211.6992810000000,100.0,0.1614170000000000,123,762,251.93882400000001,267.0,1.1348309999999999,0.8402809999999999,0,0,1,0,1
2024,Japanese Grand Prix,R,SAI,35.0,17.0,clear_violation,305.0,62.0,215.7677440000000,100.0,0.1705960000000000,123,721,251.93882400000001,267.0,1.142322000000000,0.8564290000000000,0,0,1,0,1
2024,Japanese Grand Prix,R,LEC,26.0,9.0,clear_violation,305.0,58.0,199.5962830000000,100.0,0.2086050000000000,160,767,251.93882400000001,267.0,1.142322000000000,0.7922410000000000,0,0,1,0,1
2024,Japanese Grand Prix,R,NOR,22.0,9.0,clear_violation,303.0,63.0,212.3016220000000,99.0,0.1535330000000000,113,736,251.93882400000001,267.0,1.1348309999999999,0.8426709999999999,0,0,1,0,1
2024,Japanese Grand Prix,R,PIA,30.0,17.0,clear_violation,304.0,63.0,212.591841000000,99.0,0.1258280000000000,95,755,251.93882400000001,267.0,1.1385770000000000,0.8438230000000000,0,0,1,0,1
2024,Japanese Grand Prix,R,PIA,49.0,17.0,clear_violation,322.0,65.0,216.1658920000000,99.0,0.157104000000000,115,732,251.93882400000001,267.0,1.205993000000000,0.858009000000000,0,0,1,0,1
2024,Japanese Grand Prix,R,HAM,45.0,14.0,clear_violation,305.0,67.0,218.70978199999999,100.0,0.162534000000000,118,726,251.93882400000001,267.0,1.142322000000000,0.8681070000000000,0,0,1,0,1
2024,Japanese Grand Prix,R,SAR,11.0,14.0,clear_violation,324.0,65.0,209.10104300000000,100.0,0.1802400000000000,135,749,251.93882400000001,267.0,1.2134830000000001,0.8299680000000000,0,0,1,0,1
2024,Japanese Grand Prix,R,SAR,41.0,9.0,clear_violation,302.0,0.0,143.5630380000000,100.0,0.1868030000000000,201,1076,251.93882400000001,267.0,1.1310860000000000,0.5698330000000000,0,0,1,0,1
2024,Japanese Grand Prix,R,SAR,52.0,9.0,clear_violation,308.0,64.0,214.0038160000000,100.0,0.1702700000000000,126,740,251.93882400000001,267.0,1.1535580000000001,0.8494280000000000,0,0,1,0,1
2024,Las Vegas Grand Prix,Q,HAM,23.0,4.0,clear_violation,347.0,81.0,232.39540400000001,100.0,0.1828100000000000,134,733,315.7207550000000,328.0,1.0579270000000001,0.7360790000000000,0,1,0,0,1
2024,Las Vegas Grand Prix,Q,ALB,9.0,4.0,clear_violation,352.0,89.0,232.8532360000000,104.0,0.180328000000000,132,732,315.7207550000000,328.0,1.0731710000000001,0.7375290000000000,0,1,0,0,1
2024,Las Vegas Grand Prix,R,HAM,22.0,8.0,clear_violation,351.0,85.0,227.83113000000000,100.0,0.196159000000000,143,729,318.03010000000000,334.0,1.0508980000000001,0.7163820000000000,0,0,1,0,1
2024,Las Vegas Grand Prix,R,HAM,47.0,8.0,clear_violation,339.0,75.0,228.65126100000001,100.0,0.1889340000000000,140,741,318.03010000000000,334.0,1.0149699999999999,0.7189610000000000,0,0,1,0,1
2024,Las Vegas Grand Prix,R,SAI,27.0,17.0,clear_violation,337.0,69.0,217.8477120000000,100.0,0.2357410000000000,186,789,318.03010000000000,334.0,1.0089820000000000,0.6849910000000000,0,0,1,0,1
2024,Las Vegas Grand Prix,R,LEC,50.0,8.0,clear_violation,345.0,68.0,227.1407650000000,100.0,0.2102430000000000,156,742,318.03010000000000,334.0,1.032934000000000,0.7142120000000000,0,0,1,0,1
2024,Las Vegas Grand Prix,R,VER,26.0,8.0,clear_violation,334.0,81.0,225.34843100000001,100.0,0.1774830000000000,134,755,318.03010000000000,334.0,1.0,0.7085760000000000,0,0,1,0,1
2024,Las Vegas Grand Prix,R,PIA,11.0,8.0,clear_violation,336.0,0.0,179.49853100000001,100.0,0.2316810000000000,215,928,318.03010000000000,334.0,1.0059880000000001,0.5644070000000000,0,0,1,0,1
2024,Las Vegas Grand Prix,R,HUL,15.0,8.0,clear_violation,341.0,0.0,188.82358400000001,100.0,0.2140350000000000,183,855,318.03010000000000,334.0,1.0209580000000000,0.5937290000000000,0,0,1,0,1
2024,Las Vegas Grand Prix,R,STR,10.0,8.0,clear_violation,337.0,0.0,169.4729760000000,104.0,0.2861510000000000,281,982,318.03010000000000,334.0,1.0089820000000000,0.5328830000000000,0,0,1,0,1
2024,Las Vegas Grand Prix,R,STR,39.0,8.0,clear_violation,340.0,68.0,223.77305899999999,100.0,0.2155060000000000,164,761,318.03010000000000,334.0,1.0179640000000001,0.703622000000000,0,0,1,0,1
2024,Mexico City Grand Prix,Q,PIA,5.0,12.0,clear_violation,344.0,67.0,197.00353999999999,99.0,0.2091500000000000,128,612,253.06842100000000,257.0,1.33852100000000,0.7784600000000000,0,1,0,0,1
2024,Mexico City Grand Prix,Q,VER,14.0,2.0,clear_violation,348.0,65.0,201.1723000000000,100.0,0.2240530000000000,136,607,253.06842100000000,257.0,1.3540859999999999,0.794932000000000,0,1,0,0,1
2024,Mexico City Grand Prix,Q,LEC,11.0,2.0,clear_violation,346.0,65.0,197.5690990000000,100.0,0.2139300000000000,129,603,253.06842100000000,257.0,1.3463039999999999,0.7806940000000000,0,1,0,0,1
2024,Mexico City Grand Prix,R,NOR,10.0,8.0,clear_violation,353.0,56.0,179.7134420000000,100.0,0.2622430000000000,166,633,243.2863140000000,255.0,1.384314000000000,0.7386910000000000,0,0,1,0,1
2024,Mexico City Grand Prix,R,LEC,63.0,17.0,clear_violation,343.0,65.0,184.90184700000000,100.0,0.2378640000000000,147,618,243.2863140000000,255.0,1.3450979999999999,0.7600170000000001,0,0,1,0,1
2024,Mexico City Grand Prix,R,HAM,65.0,2.0,clear_violation,356.0,60.0,187.4617760000000,100.0,0.2721310000000000,166,610,243.2863140000000,255.0,1.396078000000000,0.7705400000000000,0,0,1,0,1
2024,Mexico City Grand Prix,R,VER,10.0,8.0,clear_violation,345.0,52.0,181.2468270000000,100.0,0.2527650000000000,160,633,243.2863140000000,255.0,1.3529409999999999,0.7449940000000000,0,0,1,0,1
2024,Mexico City Grand Prix,R,PIA,32.0,2.0,clear_violation,349.0,62.0,186.0544860000000,99.0,0.2089780000000000,135,646,243.2863140000000,255.0,1.3686270000000000,0.7647550000000000,0,0,1,0,1
2024,Mexico City Grand Prix,R,PIA,38.0,2.0,clear_violation,327.0,62.0,183.3348220000000,99.0,0.2365420000000000,145,613,243.2863140000000,255.0,1.2823530000000001,0.7535760000000000,0,0,1,0,1
2024,Mexico City Grand Prix,R,STR,19.0,4.0,clear_violation,341.0,38.0,180.208077000000,100.0,0.2619410000000000,170,649,243.2863140000000,255.0,1.3372550000000001,0.7407240000000000,0,0,1,0,1
2024,Mexico City Grand Prix,R,COL,65.0,1.0,clear_violation,352.0,54.0,183.0677720000000,100.0,0.2325950000000000,147,632,243.2863140000000,255.0,1.380392000000000,0.752479000000000,0,0,1,0,1
2024,Mexico City Grand Prix,R,PER,16.0,2.0,clear_violation,351.0,58.0,180.85696400000000,100.0,0.2480380000000000,158,637,243.2863140000000,255.0,1.3764710000000000,0.7433910000000000,0,0,1,0,1
2024,Mexico City Grand Prix,R,PER,18.0,6.0,clear_violation,352.0,51.0,173.4189650000000,100.0,0.2366410000000000,155,655,243.2863140000000,255.0,1.380392000000000,0.7128180000000000,0,0,1,0,1
2024,Miami Grand Prix,R,VER,21.0,15.0,clear_violation,318.0,65.0,208.03962600000000,100.0,0.1916080000000000,137,715,275.01940900000000,290.0,1.096552000000000,0.7564540000000000,0,0,1,0,1
2024,Miami Grand Prix,R,GAS,26.0,12.0,clear_violation,342.0,61.0,205.8092780000000,100.0,0.2008490000000000,142,707,275.01940900000000,290.0,1.1793100000000001,0.7483450000000000,0,0,1,0,1
2024,Miami Grand Prix,R,ALO,14.0,5.0,clear_violation,321.0,60.0,201.7473020000000,100.0,0.2097220000000000,151,720,275.01940900000000,290.0,1.106897000000000,0.7335750000000000,0,0,1,0,1
2024,Miami Grand Prix,R,ALO,33.0,7.0,clear_violation,330.0,62.0,200.94738200000000,100.0,0.2165960000000000,154,711,275.01940900000000,290.0,1.1379310000000000,0.7306660000000000,0,0,1,0,1
2024,Miami Grand Prix,R,STR,18.0,5.0,clear_violation,325.0,59.0,203.78383199999999,100.0,0.2027970000000000,145,715,275.01940900000000,290.0,1.1206900000000000,0.7409800000000000,0,0,1,0,1
2024,Miami Grand Prix,R,STR,27.0,5.0,clear_violation,329.0,58.0,204.1654470000000,100.0,0.2013890000000000,145,720,275.01940900000000,290.0,1.1344829999999999,0.7423670000000000,0,0,1,0,1
2024,Miami Grand Prix,R,STR,42.0,5.0,clear_violation,353.0,51.0,208.4171410000000,100.0,0.2053820000000000,145,706,275.01940900000000,290.0,1.217241000000000,0.7578270000000000,0,0,1,0,1
2024,Miami Grand Prix,R,STR,43.0,5.0,clear_violation,344.0,59.0,205.1798340000000,100.0,0.2215910000000000,156,704,275.01940900000000,290.0,1.186207000000000,0.7460560000000001,0,0,1,0,1
2024,Miami Grand Prix,R,STR,52.0,2.0,clear_violation,321.0,60.0,206.95696200000000,100.0,0.2074390000000000,145,699,275.01940900000000,290.0,1.106897000000000,0.7525180000000000,0,0,1,0,1
2024,Miami Grand Prix,R,TSU,5.0,7.0,clear_violation,341.0,60.0,202.3895080000000,100.0,0.2081630000000000,153,735,275.01940900000000,290.0,1.1758620000000000,0.7359100000000000,0,0,1,0,1
2024,Miami Grand Prix,R,ALB,8.0,5.0,clear_violation,347.0,63.0,205.31329500000001,100.0,0.2048360000000000,144,703,275.01940900000000,290.0,1.196552000000000,0.7465410000000000,0,0,1,0,1
2024,Miami Grand Prix,R,ALB,12.0,12.0,clear_violation,334.0,52.0,204.958487000000,100.0,0.2005570000000000,144,718,275.01940900000000,290.0,1.1517240000000000,0.7452510000000000,0,0,1,0,1
2024,Miami Grand Prix,R,ALB,50.0,15.0,clear_violation,339.0,62.0,207.4079470000000,100.0,0.2196770000000000,163,742,275.01940900000000,290.0,1.1689659999999999,0.7541570000000000,0,0,1,0,1
2024,Miami Grand Prix,R,ZHO,2.0,12.0,clear_violation,345.0,54.0,199.93788100000000,100.0,0.2301370000000000,168,730,275.01940900000000,290.0,1.1896549999999999,0.7269960000000000,0,0,1,0,1
2024,Miami Grand Prix,R,ZHO,39.0,12.0,clear_violation,340.0,61.0,206.29631599999999,100.0,0.2022470000000000,144,712,275.01940900000000,290.0,1.1724140000000001,0.7501150000000000,0,0,1,0,1
2024,Miami Grand Prix,R,HUL,25.0,12.0,clear_violation,339.0,61.0,203.87359300000000,100.0,0.2030810000000000,145,714,275.01940900000000,290.0,1.1689659999999999,0.7413060000000000,0,0,1,0,1
2024,Miami Grand Prix,R,HUL,27.0,12.0,clear_violation,338.0,61.0,202.4190470000000,100.0,0.2118290000000000,154,727,275.01940900000000,290.0,1.1655169999999999,0.7360170000000000,0,0,1,0,1
2024,Miami Grand Prix,R,HAM,26.0,12.0,clear_violation,323.0,64.0,196.79895999999999,100.0,0.2241850000000000,165,736,275.01940900000000,290.0,1.1137930000000000,0.715582000000000,0,0,1,0,1
2024,Miami Grand Prix,R,SAI,34.0,12.0,clear_violation,337.0,60.0,210.7832090000000,100.0,0.2178930000000000,151,693,275.01940900000000,290.0,1.1620690000000000,0.7664299999999999,0,0,1,0,1
2024,Miami Grand Prix,R,RUS,44.0,17.0,clear_violation,326.0,44.0,208.12178299999999,100.0,0.1765560000000000,122,691,275.01940900000000,290.0,1.1241380000000001,0.7567530000000000,0,0,1,0,1
2024,Miami Grand Prix,S,HUL,6.0,15.0,clear_violation,328.0,65.0,207.3116830000000,100.0,0.1940090000000000,136,701,281.5704920000000,290.0,1.1310340000000001,0.7362690000000000,1,0,0,0,1
2024,Miami Grand Prix,S,HAM,14.0,11.0,clear_violation,342.0,48.0,201.3889500000000,100.0,0.22475100000000,158,703,281.5704920000000,290.0,1.1793100000000001,0.7152350000000000,1,0,0,0,1
2024,Miami Grand Prix,S,MAG,8.0,15.0,clear_violation,325.0,66.0,207.3010250000000,100.0,0.2048710000000000,143,698,281.5704920000000,290.0,1.1206900000000000,0.7362310000000000,1,0,0,0,1
2024,Miami Grand Prix,S,MAG,11.0,11.0,clear_violation,328.0,64.0,206.1984760000000,100.0,0.1916670000000000,138,720,281.5704920000000,290.0,1.1310340000000001,0.7323160000000000,1,0,0,0,1
2024,Miami Grand Prix,S,MAG,12.0,11.0,clear_violation,324.0,65.0,207.09641400000001,100.0,0.1794160000000000,129,719,281.5704920000000,290.0,1.1172409999999999,0.7355050000000000,1,0,0,0,1
2024,Miami Grand Prix,S,MAG,14.0,11.0,clear_violation,323.0,55.0,203.14536300000000,100.0,0.1840230000000000,129,701,281.5704920000000,290.0,1.1137930000000000,0.7214720000000000,1,0,0,0,1
2024,Miami Grand Prix,SQ,PIA,4.0,1.0,clear_violation,318.0,62.0,166.75265099999999,100.0,0.1279730000000000,113,883,275.9767440000000,288.0,1.1041669999999999,0.6042270000000000,0,1,0,0,1
2024,Miami Grand Prix,SQ,TSU,8.0,5.0,clear_violation,338.0,62.0,217.8604550000000,100.0,0.1403250000000000,95,677,275.9767440000000,288.0,1.1736110000000000,0.7894160000000000,0,1,0,0,1
2024,Miami Grand Prix,SQ,ALB,5.0,15.0,clear_violation,344.0,65.0,217.7449140000000,100.0,0.2210830000000000,151,683,275.9767440000000,288.0,1.1944440000000001,0.7889969999999999,0,1,0,0,1
2024,Miami Grand Prix,SQ,BOT,5.0,1.0,clear_violation,311.0,33.0,160.81194500000001,100.0,0.1984730000000000,182,917,275.9767440000000,288.0,1.0798610000000000,0.5827010000000000,0,1,0,0,1
2024,Monaco Grand Prix,Q,PIA,8.0,10.0,clear_violation,275.3888870000000,38.0,117.1370950000000,100.0,0.1883870000000000,146,775,264.79041899999999,274.0,1.0050690000000000,0.4423770000000000,0,1,0,0,1
2024,Monaco Grand Prix,Q,SAI,5.0,10.0,clear_violation,274.45714099999998,37.0,112.77254800000000,100.0,0.220715000000000,179,811,264.79041899999999,274.0,1.0016680000000000,0.42589399999999999,0,1,0,0,1
2024,Monaco Grand Prix,Q,SAI,17.0,1.0,clear_violation,274.0,31.0,113.66721400000000,74.0,0.2644110000000000,211,798,264.79041899999999,274.0,1.0,0.4292720000000000,0,1,0,0,1
2024,Monaco Grand Prix,Q,SAI,22.0,10.0,clear_violation,279.0,27.0,147.00720100000001,100.0,0.3295820000000000,205,622,264.79041899999999,274.0,1.0182480000000000,0.5551830000000000,0,1,0,0,1
2024,Monaco Grand Prix,Q,NOR,5.0,1.0,clear_violation,274.0,16.0,119.11350600000000,100.0,0.2115640000000000,161,761,264.79041899999999,274.0,1.0,0.4498410000000000,0,1,0,0,1
2024,Monaco Grand Prix,Q,NOR,7.0,16.0,clear_violation,275.0,11.0,113.71659400000000,100.0,0.2481110000000000,197,794,264.79041899999999,274.0,1.0036499999999999,0.42945899999999998,0,1,0,0,1
2024,Monaco Grand Prix,Q,RUS,4.0,10.0,clear_violation,275.1666670000000,40.0,120.67268000000000,100.0,0.2286500000000000,166,726,264.79041899999999,274.0,1.004258000000000,0.4557290000000000,0,1,0,0,1
2024,Monaco Grand Prix,Q,RUS,6.0,1.0,clear_violation,277.0,39.0,105.20205100000000,104.0,0.1737590000000000,147,846,264.79041899999999,274.0,1.010949000000000,0.39730300000000002,0,1,0,0,1
2024,Monaco Grand Prix,Q,RUS,13.0,10.0,clear_violation,264.0,33.014287000000003,113.863664000000,100.0,0.1800770000000000,141,783,264.79041899999999,274.0,0.9635040000000000,0.43001400000000001,0,1,0,0,1
2024,Monaco Grand Prix,Q,RUS,23.0,10.0,clear_violation,290.0,43.0,138.45465200000001,100.0,0.2400610000000000,157,654,264.79041899999999,274.0,1.0583940000000001,0.5228840000000000,0,1,0,0,1
2024,Monaco Grand Prix,Q,HAM,2.0,10.0,clear_violation,273.6249980,46.0,147.53687400000001,100.0,0.313953000000000,189,602,264.79041899999999,274.0,0.9986310000000000,0.5571840000000000,0,1,0,0,1
2024,Monaco Grand Prix,Q,RIC,4.0,10.0,clear_violation,285.0,12.0,120.95636200000000,100.0,0.1959460000000000,145,740,264.79041899999999,274.0,1.0401460000000000,0.4568000000000000,0,1,0,0,1
2024,Monaco Grand Prix,Q,RIC,9.0,10.0,clear_violation,280.0,47.0,110.43402900000000,100.0,0.147914000000000,117,791,264.79041899999999,274.0,1.0218980000000000,0.4170620000000000,0,1,0,0,1
2024,Monaco Grand Prix,Q,RIC,15.0,10.0,clear_violation,280.0,48.0,125.136517000000,100.0,0.1305560000000000,94,720,264.79041899999999,274.0,1.0218980000000000,0.47258699999999998,0,1,0,0,1
2024,Monaco Grand Prix,Q,RIC,16.0,10.0,clear_violation,272.4,30.0,109.67487600000000,100.0,0.1416670000000000,119,840,264.79041899999999,274.0,0.9941610000000000,0.4141950000000000,0,1,0,0,1
2024,Monaco Grand Prix,Q,STR,9.0,10.0,clear_violation,278.2581450000000,24.0,105.8519030000000,100.0,0.1860190000000000,157,844,264.79041899999999,274.0,1.0155410000000000,0.3997570000000000,0,1,0,0,1
2024,Monaco Grand Prix,Q,HUL,8.0,10.0,clear_violation,278.6749980,39.0,116.56640200000000,100.0,0.1822990000000000,138,757,264.79041899999999,274.0,1.0170619999999999,0.44022099999999997,0,1,0,0,1
2024,Monaco Grand Prix,Q,HUL,13.0,10.0,clear_violation,279.0,36.0,123.71769900000000,100.0,0.2210100000000000,162,733,264.79041899999999,274.0,1.0182480000000000,0.46722900000000001,0,1,0,0,1
2024,Monaco Grand Prix,Q,PER,1.0,10.0,clear_violation,273.0,21.0,110.57524300000000,100.0,0.2056650000000000,167,812,264.79041899999999,274.0,0.9963500000000000,0.41759499999999999,0,1,0,0,1
2024,Monaco Grand Prix,Q,PER,10.0,10.0,clear_violation,281.0,33.0,114.14594900000000,100.0,0.2032620000000000,162,797,264.79041899999999,274.0,1.0255470000000000,0.4310800000000000,0,1,0,0,1
2024,Monaco Grand Prix,Q,ZHO,3.0,1.0,clear_violation,277.0,17.0,110.86853000000001,100.0,0.3390450000000000,277,817,264.79041899999999,274.0,1.010949000000000,0.4187030000000000,0,1,0,0,1
2024,Monaco Grand Prix,R,NOR,78.0,10.0,clear_violation,290.0,40.0,152.34840600000001,100.0,0.3083480000000000,181,587,257.3504130000000,274.0,1.0583940000000001,0.5919880000000000,0,0,1,0,1
2024,Monaco Grand Prix,R,HAM,58.0,10.0,clear_violation,287.0,43.0,153.03618499999999,100.0,0.3003410000000000,176,586,257.3504130000000,274.0,1.0474450000000000,0.5946610000000000,0,0,1,0,1
2024,Monaco Grand Prix,R,ALO,52.0,10.0,clear_violation,280.0,43.0,142.26858600000000,100.0,0.2857140000000000,188,658,257.3504130000000,274.0,1.0218980000000000,0.5528210000000000,0,0,1,0,1
2024,Monaco Grand Prix,R,BOT,19.0,10.0,clear_violation,286.0,46.0,152.64993000000001,100.0,0.341421000000000,197,577,257.3504130000000,274.0,1.0437959999999999,0.5931600000000000,0,0,1,0,1
2024,Monaco Grand Prix,R,STR,48.0,16.0,clear_violation,282.0,0.0,107.3475540000000,100.0,0.2567730000000000,218,849,257.3504130000000,274.0,1.0291969999999999,0.41712600000000000,0,0,1,0,1
2024,Qatar Grand Prix,Q,NOR,8.0,6.0,clear_violation,316.0,100.0,238.75041400000001,100.0,0.1030110000000000,65,631,273.3992810000000,286.0,1.1048950000000000,0.873266000000000,0,1,0,0,1
2024,Qatar Grand Prix,Q,ALB,2.0,6.0,clear_violation,318.0,98.0,234.3949950000000,100.0,0.1544460000000000,99,641,273.3992810000000,286.0,1.1118880000000000,0.8573360000000000,0,1,0,0,1
2024,Qatar Grand Prix,Q,ALO,15.0,10.0,clear_violation,321.0,99.0,237.7984900000000,100.0,0.1419460000000000,89,627,273.3992810000000,286.0,1.1223780000000001,0.8697850000000000,0,1,0,0,1
2024,Qatar Grand Prix,Q,MAG,2.0,1.0,clear_violation,318.0,100.0,232.92017400000000,100.0,0.135671000000000,89,656,273.3992810000000,286.0,1.1118880000000000,0.8519409999999999,0,1,0,0,1
2024,Qatar Grand Prix,Q,COL,2.0,6.0,clear_violation,315.0,98.0,233.4408310000000,100.0,0.1503160000000000,95,632,273.3992810000000,286.0,1.1013990000000000,0.8538460000000000,0,1,0,0,1
2024,Qatar Grand Prix,R,GAS,11.0,7.0,clear_violation,332.0,92.0,218.3051200000000,100.0,0.1787300000000000,121,677,269.380410000000,287.0,1.156794000000000,0.8103970000000000,0,0,1,0,1
2024,Qatar Grand Prix,R,GAS,39.0,14.0,clear_violation,286.0,37.0,138.5947930000000,100.0,0.3050370000000000,327,1072,269.380410000000,287.0,0.9965160000000000,0.514495000000000,0,0,1,0,1
2024,Qatar Grand Prix,R,GAS,44.0,16.0,clear_violation,306.0,96.0,227.42202800000001,100.0,0.1336340000000000,89,666,269.380410000000,287.0,1.0662020000000001,0.8442410000000000,0,0,1,0,1
2024,Qatar Grand Prix,R,GAS,45.0,16.0,clear_violation,307.0,96.0,229.19469200000000,100.0,0.1419660000000000,91,641,269.380410000000,287.0,1.0696859999999999,0.8508220000000000,0,0,1,0,1
2024,Qatar Grand Prix,R,ALO,5.0,13.0,clear_violation,305.0,84.0,209.66867900000000,100.0,0.1988640000000000,140,704,269.380410000000,287.0,1.0627180000000001,0.7783369999999999,0,0,1,0,1
2024,Qatar Grand Prix,R,ALO,40.0,6.0,clear_violation,306.0,65.0,173.9873470000000,100.0,0.3091790000000000,256,828,269.380410000000,287.0,1.0662020000000001,0.645880000000000,0,0,1,0,1
2024,Qatar Grand Prix,R,MAG,10.0,1.0,clear_violation,331.0,94.0,220.62140900000000,100.0,0.1782030000000000,121,679,269.380410000000,287.0,1.1533100000000001,0.8189959999999999,0,0,1,0,1
2024,Qatar Grand Prix,R,MAG,46.0,1.0,clear_violation,333.0,88.0,227.18216200000001,100.0,0.1526720000000000,100,655,269.380410000000,287.0,1.1602790000000001,0.8433510000000000,0,0,1,0,1
2024,Qatar Grand Prix,R,LAW,43.0,6.0,clear_violation,309.0,89.0,216.3819950000000,100.0,0.1889060000000000,126,667,269.380410000000,287.0,1.0766549999999999,0.8032580000000000,0,0,1,0,1
2024,Qatar Grand Prix,R,LAW,51.0,16.0,clear_violation,303.0,94.0,219.6810320000000,100.0,0.1530760000000000,107,699,269.380410000000,287.0,1.0557490000000000,0.8155050000000000,0,0,1,0,1
2024,Qatar Grand Prix,R,LAW,52.0,16.0,clear_violation,305.0,93.0,220.2547310000000,100.0,0.1445970000000000,95,657,269.380410000000,287.0,1.0627180000000001,0.8176350000000000,0,0,1,0,1
2024,Qatar Grand Prix,R,NOR,55.0,1.0,clear_violation,303.0,100.0,232.35503399999999,100.0,0.1228350000000000,78,635,269.380410000000,287.0,1.0557490000000000,0.8625540000000000,0,0,1,0,1
2024,Qatar Grand Prix,R,NOR,57.0,4.0,clear_violation,305.0,95.0,234.02107899999999,100.0,0.1240060000000000,78,629,269.380410000000,287.0,1.0627180000000001,0.8687380000000000,0,0,1,0,1
2024,Qatar Grand Prix,R,HAM,33.0,7.0,clear_violation,308.0,94.0,225.8010820000000,100.0,0.1393570000000000,91,653,269.380410000000,287.0,1.0731710000000001,0.83822400000000,0,0,1,0,1
2024,Qatar Grand Prix,R,BOT,52.0,1.0,clear_violation,328.0,88.0,222.3763420000000,100.0,0.209480000000000,137,654,269.380410000000,287.0,1.1428570000000000,0.8255100000000000,0,0,1,0,1
2024,Qatar Grand Prix,R,PIA,16.0,16.0,clear_violation,325.0,91.0,224.52840399999999,100.0,0.1334360000000000,87,652,269.380410000000,287.0,1.132404000000000,0.8334990000000000,0,0,1,0,1
2024,Qatar Grand Prix,R,PIA,17.0,16.0,clear_violation,323.0,94.0,224.5997630000000,99.0,0.1189760000000000,79,664,269.380410000000,287.0,1.1254360000000001,0.8337639999999999,0,0,1,0,1
2024,Qatar Grand Prix,R,PIA,48.0,6.0,clear_violation,306.0,94.0,232.04162299999999,99.0,0.1136,71,625,269.380410000000,287.0,1.0662020000000001,0.8613900000000000,0,0,1,0,1
2024,Qatar Grand Prix,S,PIA,18.0,7.0,clear_violation,301.0,93.0,229.54905900000000,100.0,0.1212120000000000,80,660,278.32804199999998,285.0,1.056140000000000,0.8247430000000000,1,0,0,0,1
2024,Qatar Grand Prix,S,MAG,5.0,7.0,clear_violation,330.0,98.0,225.48043100000001,100.0,0.1338460000000000,87,650,278.32804199999998,285.0,1.1578949999999999,0.8101250000000000,1,0,0,0,1
2024,Qatar Grand Prix,SQ,MAG,10.0,6.0,clear_violation,323.0,104.0,234.5434240000000,100.0,0.1302330000000000,84,645,277.3406110000000,285.0,1.1333329999999999,0.8456870000000000,0,1,0,0,1
2024,Qatar Grand Prix,SQ,LAW,2.0,5.0,clear_violation,321.0,99.0,230.0914420000000,100.0,0.1417680000000000,93,656,277.3406110000000,285.0,1.1263160000000001,0.8296350000000000,0,1,0,0,1
2024,Qatar Grand Prix,SQ,LAW,19.0,6.0,clear_violation,321.0,101.0,235.34427700000001,100.0,0.1264370000000000,77,609,277.3406110000000,285.0,1.1263160000000001,0.8485750000000000,0,1,0,0,1
2024,Qatar Grand Prix,SQ,PIA,8.0,2.0,clear_violation,320.0,98.0,236.74821600000001,99.0,0.1210190000000000,76,628,277.3406110000000,285.0,1.1228070000000001,0.8536370000000000,0,1,0,0,1
2024,Qatar Grand Prix,SQ,PIA,15.0,6.0,clear_violation,320.0,102.0,239.28113600000000,100.0,0.1362130000000000,82,602,277.3406110000000,285.0,1.1228070000000001,0.8627700000000000,0,1,0,0,1
2024,Saudi Arabian Grand Prix,FP3,VER,2.0,9.0,no_advantage,332.0,86.0,245.0170980000000,100.0,0.1343070000000000,92,685,272.3333330000000,313.0,1.060703000000000,0.8996960000000001,0,0,0,1,1
2024,Saudi Arabian Grand Prix,FP3,MAG,3.0,14.0,no_advantage,311.0,32.0,124.992828000000,100.0,0.0949180000000000,127,1338,272.3333330000000,313.0,0.9936100000000000,0.4589700000000000,0,0,0,1,1
2024,Saudi Arabian Grand Prix,Q,MAG,3.0,8.0,clear_violation,320.0,66.0,189.34020000000001,100.0,0.1860470000000000,168,903,302.4304930000000,315.0,1.0158730000000000,0.6260620000000000,0,1,0,0,1
2024,Saudi Arabian Grand Prix,R,VER,29.0,23.0,clear_violation,311.0,84.0,236.07258300000001,100.0,0.1213390000000000,87,717,296.67045500000000,315.0,0.9873020000000000,0.7957400000000000,0,0,1,0,1
2024,Saudi Arabian Grand Prix,R,MAG,10.0,4.0,clear_violation,317.0,74.0,221.899603000000,100.0,0.2093330000000000,157,750,296.67045500000000,315.0,1.0063489999999999,0.7479670000000000,0,0,1,0,1
2024,Saudi Arabian Grand Prix,R,MAG,16.0,23.0,clear_violation,328.0,77.0,228.28855100000001,100.0,0.1797600000000000,135,751,296.67045500000000,315.0,1.0412699999999999,0.7695020000000000,0,0,1,0,1
2024,Saudi Arabian Grand Prix,R,MAG,17.0,5.0,clear_violation,327.0,79.0,228.86367000000001,100.0,0.1516780000000000,113,745,296.67045500000000,315.0,1.0380950000000000,0.7714410000000000,0,0,1,0,1
2024,Saudi Arabian Grand Prix,R,MAG,48.0,4.0,clear_violation,313.0,74.0,236.08431600000000,100.0,0.125174000000000,90,719,296.67045500000000,315.0,0.9936510000000000,0.795780000000000,0,0,1,0,1
2024,Saudi Arabian Grand Prix,R,TSU,29.0,2.0,clear_violation,337.0,76.0,225.5157120000000,100.0,0.174863000000000,128,732,296.67045500000000,315.0,1.0698410000000000,0.7601560000000001,0,0,1,0,1
2024,Saudi Arabian Grand Prix,R,ALB,10.0,4.0,clear_violation,323.0,65.0,220.36112299999999,100.0,0.1981510000000000,150,757,296.67045500000000,315.0,1.0253969999999999,0.7427810000000000,0,0,1,0,1
2024,Saudi Arabian Grand Prix,R,ALB,22.0,2.0,clear_violation,325.0,64.0,228.9696150000000,100.0,0.1595740000000000,120,752,296.67045500000000,315.0,1.0317460000000001,0.7717980000000000,0,0,1,0,1
2024,Saudi Arabian Grand Prix,R,ALB,35.0,2.0,clear_violation,322.0,68.0,230.86964300000000,100.0,0.162534000000000,118,726,296.67045500000000,315.0,1.0222220000000000,0.7782019999999999,0,0,1,0,1
2024,Saudi Arabian Grand Prix,R,HUL,2.0,2.0,clear_violation,327.0,60.0,224.8170740000000,100.0,0.1962860000000000,148,754,296.67045500000000,315.0,1.0380950000000000,0.7578009999999999,0,0,1,0,1
2024,Saudi Arabian Grand Prix,R,RIC,41.0,4.0,clear_violation,318.0,84.0,230.87381300000001,100.0,0.1307370000000000,94,719,296.67045500000000,315.0,1.0095240000000001,0.778216000000000,0,0,1,0,1
2024,Saudi Arabian Grand Prix,R,NOR,18.0,23.0,clear_violation,311.0,85.0,228.0963550000000,99.0,0.1478970000000000,109,737,296.67045500000000,315.0,0.9873020000000000,0.7688540000000000,0,0,1,0,1
2024,Saudi Arabian Grand Prix,R,RUS,48.0,2.0,clear_violation,321.0,82.0,235.5355220000000,100.0,0.1470180000000000,106,721,296.67045500000000,315.0,1.019048000000000,0.793930000000000,0,0,1,0,1
2024,Saudi Arabian Grand Prix,R,BOT,23.0,,clear_violation,313.0,74.0,227.8716340000000,100.0,0.1585370000000000,117,738,296.67045500000000,315.0,0.9936510000000000,0.7680970000000000,0,0,1,0,1
2024,Saudi Arabian Grand Prix,R,PIA,17.0,2.0,clear_violation,332.0,73.0,230.84764800000,99.0,0.1552200000000000,113,728,296.67045500000000,315.0,1.053968000000000,0.7781280000000000,0,0,1,0,1
2024,Saudi Arabian Grand Prix,R,PIA,35.0,2.0,clear_violation,333.0,70.0,230.9425320000000,99.0,0.1246500000000000,89,714,296.67045500000000,315.0,1.0571429999999999,0.7784480000000000,0,0,1,0,1
2024,Singapore Grand Prix,Q,VER,8.0,19.0,clear_violation,315.0,68.0,195.9725580000000,100.0,0.1985400000000000,136,685,256.6775960000000,263.0,1.1977190000000000,0.7634970000000000,0,1,0,0,1
2024,Singapore Grand Prix,Q,LEC,18.0,2.0,clear_violation,314.0,69.0,195.3024310000000,100.0,0.2127350000000000,147,691,256.6775960000000,263.0,1.193916000000000,0.7608860000000000,0,1,0,0,1
2024,Singapore Grand Prix,Q,SAI,2.0,2.0,clear_violation,306.0,54.0,142.40712400000001,100.0,0.2458160000000000,235,956,256.6775960000000,263.0,1.1634979999999999,0.554809000000000,0,1,0,0,1
2024,Singapore Grand Prix,R,RUS,35.0,17.0,clear_violation,311.0,59.0,176.65693700000000,100.0,0.2431370000000000,186,765,246.92708300000001,256.0,1.21484400,0.7154210000000000,0,0,1,0,1
2024,Singapore Grand Prix,R,RUS,60.0,19.0,clear_violation,290.0,56.0,180.1668880000000,100.0,0.2289160000000000,171,747,246.92708300000001,256.0,1.1328120,0.7296360000000000,0,0,1,0,1
2024,Singapore Grand Prix,R,LEC,35.0,2.0,clear_violation,294.0,57.0,177.35430099999999,100.0,0.2490220000000000,191,767,246.92708300000001,256.0,1.1484380,0.7182460000000001,0,0,1,0,1
2024,Singapore Grand Prix,R,LEC,62.0,2.0,clear_violation,319.0,56.0,177.2277340000000,100.0,0.2757700000000000,206,747,246.92708300000001,256.0,1.24609400,0.7177330000000000,0,0,1,0,1
2024,Singapore Grand Prix,R,HAM,25.0,17.0,clear_violation,311.0,64.0,175.5790600000000,100.0,0.2765400000000000,211,763,246.92708300000001,256.0,1.21484400,0.7110560000000000,0,0,1,0,1
2024,Singapore Grand Prix,R,ALO,42.0,7.0,clear_violation,296.0,60.0,175.98823400000001,100.0,0.2572940000000000,194,754,246.92708300000001,256.0,1.15625,0.7127130000000000,0,0,1,0,1
2024,Singapore Grand Prix,R,HUL,30.0,7.0,clear_violation,321.0,0.0,144.8005590000000,100.0,0.2725320000000000,254,932,246.92708300000001,256.0,1.25390600,0.5864100000000000,0,0,1,0,1
2024,Singapore Grand Prix,R,PER,45.0,2.0,clear_violation,310.0,57.0,179.81369599999999,100.0,0.2700530000000000,202,748,246.92708300000001,256.0,1.2109380,0.7282060000000000,0,0,1,0,1
2024,Singapore Grand Prix,R,PER,47.0,2.0,clear_violation,309.0,62.0,180.1775360000000,100.0,0.2711860000000000,208,767,246.92708300000001,256.0,1.20703100,0.7296790000000000,0,0,1,0,1
2024,Singapore Grand Prix,R,COL,30.0,17.0,clear_violation,309.0,0.0,143.1616240000000,100.0,0.2773020000000000,259,934,246.92708300000001,256.0,1.20703100,0.5797730000000000,0,0,1,0,1
2024,Singapore Grand Prix,R,COL,31.0,2.0,clear_violation,313.0,62.0,174.10620399999999,100.0,0.2966440000000000,221,745,246.92708300000001,256.0,1.22265600,0.7050920000000001,0,0,1,0,1
2024,Singapore Grand Prix,R,TSU,61.0,2.0,clear_violation,293.0,64.0,176.61280900000000,100.0,0.2353740000000000,173,735,246.92708300000001,256.0,1.14453100,0.7152430000000000,0,0,1,0,1
2024,Singapore Grand Prix,R,GAS,9.0,2.0,clear_violation,290.0,60.0,174.01996299999999,100.0,0.2496730000000000,191,765,246.92708300000001,256.0,1.1328120,0.7047420000000000,0,0,1,0,1
2024,Singapore Grand Prix,R,MAG,51.0,2.0,clear_violation,301.0,65.0,185.06057000000001,100.0,0.2551160000000000,187,733,246.92708300000001,256.0,1.17578100,0.7494540000000000,0,0,1,0,1
2024,Spanish Grand Prix,Q,PIA,13.0,10.0,clear_violation,322.0,109.0,231.78712500000000,100.0,0.1373240000000000,78,568,289.75882400000000,296.0,1.087838000000000,0.7999309999999999,0,1,0,0,1
2024,Spanish Grand Prix,R,NOR,66.0,14.0,clear_violation,312.0,93.0,210.9855160000000,100.0,0.1786890000000000,109,610,278.7539430000000,289.0,1.0795850000000000,0.7568880000000000,0,0,1,0,1
2024,Spanish Grand Prix,R,HAM,21.0,5.0,clear_violation,307.0,96.0,208.7826910000000,100.0,0.1782820000000000,110,617,278.7539430000000,289.0,1.0622840000000000,0.7489860000000000,0,0,1,0,1
2024,Spanish Grand Prix,R,HAM,26.0,5.0,clear_violation,310.0,94.0,209.0881160000000,100.0,0.1734200000000000,107,617,278.7539430000000,289.0,1.0726640000000001,0.7500810000000000,0,0,1,0,1
2024,Spanish Grand Prix,R,HAM,28.0,5.0,clear_violation,308.0,95.0,207.6667840000000,100.0,0.19,114,600,278.7539430000000,289.0,1.065744000000000,0.744982000000000,0,0,1,0,1
2024,Spanish Grand Prix,R,SAI,3.0,2.0,clear_violation,337.0,92.0,208.626374000000,100.0,0.1955020000000000,113,578,278.7539430000000,289.0,1.166090000000000,0.7484250000000000,0,0,1,0,1
2024,Spanish Grand Prix,R,SAI,19.0,2.0,clear_violation,309.0,91.0,204.87466699999999,100.0,0.2101810000000000,128,609,278.7539430000000,289.0,1.069204000000000,0.7349660000000000,0,0,1,0,1
2024,Spanish Grand Prix,R,ALO,10.0,12.0,clear_violation,324.0,92.0,201.1251230000000,99.0,0.2047620000000000,129,630,278.7539430000000,289.0,1.1211070000000001,0.7215150000000000,0,0,1,0,1
2024,Spanish Grand Prix,R,RIC,31.0,9.0,clear_violation,307.0,93.0,203.76948600000000,100.0,0.1642040000000000,100,609,278.7539430000000,289.0,1.0622840000000000,0.7310010000000000,0,0,1,0,1
2024,Spanish Grand Prix,R,ALB,42.0,14.0,clear_violation,303.0,92.0,197.93179499999999,100.0,0.1894410000000000,122,644,278.7539430000000,289.0,1.0484430000000000,0.710059000000000,0,0,1,0,1
2024,Spanish Grand Prix,R,ALB,58.0,4.0,clear_violation,309.0,35.0,185.82096200000001,100.0,0.2031930000000000,140,689,278.7539430000000,289.0,1.069204000000000,0.6666130000000000,0,0,1,0,1
2024,Spanish Grand Prix,R,TSU,7.0,2.0,clear_violation,329.0,88.0,199.45761100000001,100.0,0.2112,132,625,278.7539430000000,289.0,1.1384080000000001,0.7155330000000000,0,0,1,0,1
2024,Spanish Grand Prix,R,TSU,12.0,2.0,clear_violation,331.0,91.0,202.68342799999999,100.0,0.1996830000000000,126,631,278.7539430000000,289.0,1.1453290000000000,0.7271050000000000,0,0,1,0,1
2024,Spanish Grand Prix,R,SAR,3.0,13.0,clear_violation,330.0,92.0,201.9823990000000,100.0,0.1830280000000000,110,601,278.7539430000000,289.0,1.1418690000000000,0.724590000000000,0,0,1,0,1
2024,Spanish Grand Prix,R,SAR,46.0,9.0,clear_violation,302.0,94.0,204.29066100000000,100.0,0.1857840000000000,115,619,278.7539430000000,289.0,1.0449830000000000,0.7328710000000001,0,0,1,0,1
2024,São Paulo Grand Prix,Q,NOR,4.0,2.0,clear_violation,300.13778600000001,54.0,142.8898060000000,100.0,0.2356610000000000,189,802,297.8867920000000,310.0,0.968186000000000,0.47967799999999999,0,1,0,0,1
2024,São Paulo Grand Prix,Q,RUS,7.0,2.0,clear_violation,303.0,54.0,154.50226400000000,100.0,0.1918530000000000,146,761,297.8867920000000,310.0,0.9774190000000000,0.5186610000000000,0,1,0,0,1
2024,São Paulo Grand Prix,Q,RUS,19.0,2.0,clear_violation,310.0,65.0,169.4509990000000,100.0,0.2356320000000000,164,696,297.8867920000000,310.0,1.0,0.5688440000000000,0,1,0,0,1
2024,São Paulo Grand Prix,Q,RUS,25.0,4.0,clear_violation,308.0,66.0,173.97723999999999,100.0,0.2015270000000000,132,655,297.8867920000000,310.0,0.9935480000000000,0.5840379999999999,0,1,0,0,1
2024,São Paulo Grand Prix,Q,ALB,5.0,2.0,clear_violation,307.21250000,65.0,166.2118650000000,100.0,0.2410330000000000,168,697,297.8867920000000,310.0,0.9910080000000000,0.5579700000000000,0,1,0,0,1
2024,São Paulo Grand Prix,Q,ALB,10.0,2.0,clear_violation,306.0,49.0,136.29414900000000,100.0,0.2476420000000000,210,848,297.8867920000000,310.0,0.9870970000000000,0.4575370000000000,0,1,0,0,1
2024,São Paulo Grand Prix,Q,ALB,23.0,4.0,clear_violation,310.2583330,43.0,157.53768299999999,100.0,0.2690220000000000,198,736,297.8867920000000,310.0,1.0008330000000001,0.5288510000000000,0,1,0,0,1
2024,São Paulo Grand Prix,Q,LEC,4.0,4.0,clear_violation,303.85,57.0,156.8820140000000,100.0,0.1986490000000000,147,740,297.8867920000000,310.0,0.9801609999999999,0.5266500000000000,0,1,0,0,1
2024,São Paulo Grand Prix,Q,SAI,7.0,2.0,clear_violation,300.0,52.0,157.76316000000000,100.0,0.2579370000000000,195,756,297.8867920000000,310.0,0.967742000000000,0.5296080000000000,0,1,0,0,1
2024,São Paulo Grand Prix,Q,HUL,9.0,12.0,clear_violation,302.0,41.0,155.42806800000000,100.0,0.2090550000000000,157,751,297.8867920000000,310.0,0.9741940000000000,0.5217690000000,0,1,0,0,1
2024,São Paulo Grand Prix,Q,ALO,4.0,2.0,clear_violation,301.0,58.0,158.45716100000001,100.0,0.20109400000000,147,731,297.8867920000000,310.0,0.9709680000000001,0.531938000000000,0,1,0,0,1
2024,São Paulo Grand Prix,Q,TSU,4.0,2.0,clear_violation,301.1880880000000,28.0,148.824091000000,100.0,0.26171900,201,768,297.8867920000000,310.0,0.9715740000000000,0.4995990000000000,0,1,0,0,1
2024,São Paulo Grand Prix,Q,TSU,14.0,4.0,clear_violation,300.0,63.0,158.1367880000000,100.0,0.2209940000000000,160,724,297.8867920000000,310.0,0.967742000000000,0.5308619999999999,0,1,0,0,1
2024,São Paulo Grand Prix,Q,BOT,4.0,4.0,clear_violation,297.0,62.0,156.2664350000000,100.0,0.2503330000000000,188,751,297.8867920000000,310.0,0.9580650000000001,0.5245830000000000,0,1,0,0,1
2024,São Paulo Grand Prix,Q,HAM,4.0,2.0,clear_violation,307.0,58.0,156.8491670000000,100.0,0.2351350000000000,174,740,297.8867920000000,310.0,0.9903230000000000,0.5265400000000000,0,1,0,0,1
2024,São Paulo Grand Prix,Q,HAM,9.0,4.0,clear_violation,306.0,69.0,164.602561000000,100.0,0.229901000000000,163,709,297.8867920000000,310.0,0.9870970000000000,0.5525679999999999,0,1,0,0,1
2024,São Paulo Grand Prix,Q,STR,2.0,12.0,clear_violation,296.0,36.0,156.29668100000001,100.0,0.2530610000000000,186,735,297.8867920000000,310.0,0.9548390000000000,0.5246850000000000,0,1,0,0,1
2024,São Paulo Grand Prix,Q,STR,3.0,4.0,clear_violation,302.0,40.0,158.78208799999999,100.0,0.2386830000000000,174,729,297.8867920000000,310.0,0.9741940000000000,0.5330279999999999,0,1,0,0,1
2024,São Paulo Grand Prix,Q,OCO,15.0,4.0,clear_violation,299.0,64.0,168.9930330000000,100.0,0.2435160000000000,169,694,297.8867920000000,310.0,0.964516000000000,0.5673060000000000,0,1,0,0,1
2024,São Paulo Grand Prix,Q,PER,17.0,4.0,clear_violation,308.0,55.0,163.86829599999999,100.0,0.2171510000000000,157,723,297.8867920000000,310.0,0.9935480000000000,0.5501030000000000,0,1,0,0,1
2024,São Paulo Grand Prix,R,ALO,16.0,2.0,clear_violation,308.0,67.0,171.36129600000001,100.0,0.2429630000000000,164,675,295.32269800000000,316.0,0.9746840000000000,0.5802510000000000,0,0,1,0,1
2024,São Paulo Grand Prix,R,ALO,43.0,12.0,clear_violation,297.0,1.0,142.79472400000000,100.0,0.2479820000000000,215,867,295.32269800000000,316.0,0.939873000000000,0.48352099999999998,0,0,1,0,1
2024,São Paulo Grand Prix,R,ALO,60.0,2.0,clear_violation,308.0,68.0,182.202213000000,99.0,0.2222220000000000,144,648,295.32269800000000,316.0,0.9746840000000000,0.6169600000000000,0,0,1,0,1
2024,São Paulo Grand Prix,R,LEC,34.0,8.0,clear_violation,295.7812510,55.0,158.2764930000000,100.0,0.2282610000000000,168,736,295.32269800000000,316.0,0.9360170000000000,0.5359440000000000,0,0,1,0,1
2024,São Paulo Grand Prix,R,LEC,46.0,4.0,clear_violation,307.0,68.0,175.85904500000001,100.0,0.2222220000000000,148,666,295.32269800000000,316.0,0.9715190000000000,0.5954810000000000,0,0,1,0,1
2024,São Paulo Grand Prix,R,ZHO,5.0,4.0,clear_violation,305.0,65.0,171.5197830000000,100.0,0.3002920000000000,206,686,295.32269800000000,316.0,0.9651900000000000,0.5807880000000000,0,0,1,0,1
2024,São Paulo Grand Prix,R,LAW,26.0,2.0,clear_violation,310.06388900000002,0.0,165.16591399999999,100.0,0.2665730000000000,189,709,295.32269800000000,316.0,0.9812149999999999,0.5592730000000000,0,0,1,0,1
2024,São Paulo Grand Prix,R,LAW,29.0,5.0,clear_violation,279.1892860,0.0,121.23357600000000,100.0,0.2606840000000000,244,936,295.32269800000000,316.0,0.8835100,0.41051199999999999,0,0,1,0,1
2024,São Paulo Grand Prix,R,NOR,34.0,4.0,clear_violation,295.0,66.0,157.6584870000000,100.0,0.2472830000000000,182,736,295.32269800000000,316.0,0.9335440000000000,0.5338520000000000,0,0,1,0,1
2024,São Paulo Grand Prix,R,NOR,43.0,2.0,clear_violation,308.0,69.0,170.3174130000000,100.0,0.2564840000000000,178,694,295.32269800000000,316.0,0.9746840000000000,0.5767160000000000,0,0,1,0,1
2024,São Paulo Grand Prix,R,COL,6.0,2.0,clear_violation,313.0,64.0,176.0785170000000,100.0,0.2746910000000000,178,648,295.32269800000000,316.0,0.990506000000000,0.5962240000000000,0,0,1,0,1
2024,São Paulo Grand Prix,R,COL,14.0,2.0,clear_violation,313.0,67.0,181.17679799999999,100.0,0.2585670000000000,166,642,295.32269800000000,316.0,0.990506000000000,0.6134880000000000,0,0,1,0,1
2024,São Paulo Grand Prix,R,COL,18.0,2.0,clear_violation,313.0,65.0,180.90232200000000,100.0,0.2386900000000000,153,641,295.32269800000000,316.0,0.990506000000000,0.6125580000000000,0,0,1,0,1
2024,São Paulo Grand Prix,R,COL,23.0,4.0,clear_violation,312.42812500000002,65.0,172.3420370000000,100.0,0.2565690000000000,166,647,295.32269800000000,316.0,0.9886970000000000,0.5835720000000000,0,0,1,0,1
2024,São Paulo Grand Prix,R,HAM,11.0,12.0,clear_violation,315.0,41.0,167.94112999999999,100.0,0.2418210000000000,170,703,295.32269800000000,316.0,0.9968350000000000,0.5686700000000000,0,0,1,0,1
2024,São Paulo Grand Prix,R,HAM,19.0,2.0,clear_violation,316.1527780000000,67.0,177.2409140000000,100.0,0.2537760000000000,168,662,295.32269800000000,316.0,1.0004830000000000,0.6001600000000000,0,0,1,0,1
2024,São Paulo Grand Prix,R,BEA,36.0,7.0,clear_violation,308.0,0.0,140.20182199999999,100.0,0.2721820000000000,227,834,295.32269800000000,316.0,0.9746840000000000,0.47474100000000002,0,0,1,0,1
2024,São Paulo Grand Prix,R,BEA,37.0,12.0,clear_violation,306.0,38.0,169.95125800000000,100.0,0.2373370000000000,164,691,295.32269800000000,316.0,0.9683540000000000,0.5754760000000000,0,0,1,0,1
2024,São Paulo Grand Prix,R,SAI,22.0,4.0,clear_violation,313.0,66.0,174.75722600000000,100.0,0.258160000000000,174,674,295.32269800000000,316.0,0.990506000000000,0.591750000000000,0,0,1,0,1
2024,São Paulo Grand Prix,R,RUS,31.0,2.0,clear_violation,192.0,65.0,121.58960999999999,65.0,0.1516100000000000,146,963,295.32269800000000,316.0,0.6075950000000000,0.411718000000000,0,0,1,0,1
2024,São Paulo Grand Prix,R,PIA,51.0,12.0,clear_violation,315.0,54.0,178.2582040000000,100.0,0.22782900000000,149,654,295.32269800000000,316.0,0.9968350000000000,0.6036049999999999,0,0,1,0,1
2024,São Paulo Grand Prix,S,BEA,11.0,4.0,clear_violation,324.0,84.0,207.5870720000000,100.0,0.2188070000000000,121,553,318.86105300000003,347.0,0.9337180000000000,0.6510270000000000,1,0,0,0,1
2024,São Paulo Grand Prix,S,RUS,3.0,2.0,clear_violation,343.0,85.0,205.86103000000000,100.0,0.1917100000000000,111,579,318.86105300000003,347.0,0.9884730000000000,0.6456140000000000,1,0,0,0,1
2024,São Paulo Grand Prix,SQ,BEA,11.0,2.0,clear_violation,330.0,89.0,218.2856110000000,100.0,0.2177120000000000,118,542,314.68,333.0,0.990991000000000,0.6936750000000000,0,1,0,0,1
2024,São Paulo Grand Prix,SQ,COL,2.0,4.0,clear_violation,331.0,77.0,207.33272800000000,100.0,0.2128800000000000,119,559,314.68,333.0,0.993994000000000,0.6588680000000000,0,1,0,0,1
2024,United States Grand Prix,Q,LEC,2.0,9.0,clear_violation,331.0,74.0,207.54121900000001,100.0,0.1816940000000000,133,732,210.15300500000001,218.0,1.518349000000000,0.9875720000000000,0,1,0,0,1
2024,United States Grand Prix,Q,GAS,2.0,12.0,clear_violation,330.0,80.0,207.01967900000000,100.0,0.2083900000000000,154,739,210.15300500000001,218.0,1.5137609999999999,0.9850900000000000,0,1,0,0,1
2024,United States Grand Prix,Q,GAS,8.0,19.0,clear_violation,332.0,81.0,208.7390450000000,100.0,0.1549300000000000,110,710,210.15300500000001,218.0,1.5229360000000001,0.99327200000000,0,1,0,0,1
2024,United States Grand Prix,Q,PER,14.0,9.0,clear_violation,329.0,81.0,210.0926710000000,100.0,0.1795580000000000,130,724,210.15300500000001,218.0,1.5091740000000000,0.9997130000000000,0,1,0,0,1
2024,United States Grand Prix,Q,TSU,4.0,12.0,clear_violation,331.0,78.0,210.5808530000000,100.0,0.1815680000000000,132,727,210.15300500000001,218.0,1.518349000000000,1.0020359999999999,0,1,0,0,1
2024,United States Grand Prix,Q,OCO,8.0,9.0,clear_violation,330.0,80.0,209.3374760000000,100.0,0.2315340000000000,163,704,210.15300500000001,218.0,1.5137609999999999,0.9961190000000000,0,1,0,0,1
2024,United States Grand Prix,Q,ZHO,5.0,12.0,clear_violation,330.0,79.0,207.2680940000000,100.0,0.1820650000000000,134,736,210.15300500000001,218.0,1.5137609999999999,0.9862720000000000,0,1,0,0,1
2024,United States Grand Prix,R,VER,52.0,12.0,clear_violation,308.0,61.0,193.0572780000000,100.0,0.2100520000000000,163,776,199.4,210.0,1.4666669999999999,0.9681910000000000,0,0,1,0,1
2024,United States Grand Prix,R,VER,56.0,12.0,clear_violation,309.0,74.0,198.24227600000000,100.0,0.2090550000000000,157,751,199.4,210.0,1.4714290000000001,0.9941940000000000,0,0,1,0,1
2024,United States Grand Prix,R,GAS,6.0,20.0,clear_violation,312.0,75.0,190.85263000000000,100.0,0.1864620000000000,146,783,199.4,210.0,1.4857140000000000,0.957135000000000,0,0,1,0,1
2024,United States Grand Prix,R,GAS,27.0,12.0,clear_violation,333.0,74.0,189.1150860000000,100.0,0.2108590000000000,167,792,199.4,210.0,1.5857140000000001,0.9484210000000000,0,0,1,0,1
2024,United States Grand Prix,R,ALO,11.0,19.0,clear_violation,305.0,67.0,189.4652180000000,99.0,0.2172280000000000,174,801,199.4,210.0,1.4523809999999999,0.9501770000000000,0,0,1,0,1
2024,United States Grand Prix,R,ALO,39.0,12.0,clear_violation,311.0,74.0,195.4706560000000,99.0,0.1925550000000000,150,779,199.4,210.0,1.480952000000000,0.9802940000000000,0,0,1,0,1
2024,United States Grand Prix,R,STR,2.0,19.0,clear_violation,330.0,73.0,190.61004399999999,100.0,0.2030260000000000,161,793,199.4,210.0,1.5714290000000000,0.9559180000000000,0,0,1,0,1
2024,United States Grand Prix,R,STR,6.0,11.0,clear_violation,316.0,55.0,183.3156290000000,100.0,0.2343560000000000,191,815,199.4,210.0,1.5047619999999999,0.9193360000000000,0,0,1,0,1
2024,United States Grand Prix,R,STR,15.0,19.0,clear_violation,307.0,69.0,189.3231290000000,100.0,0.2189870000000000,173,790,199.4,210.0,1.4619050000000000,0.9494640000000000,0,0,1,0,1
2024,United States Grand Prix,R,MAG,21.0,12.0,clear_violation,338.0,65.0,194.29113799999999,100.0,0.2223630000000000,175,787,199.4,210.0,1.6095240000000000,0.9743790000000000,0,0,1,0,1
2024,United States Grand Prix,R,MAG,40.0,12.0,clear_violation,338.0,57.0,196.7699940000000,100.0,0.2010510000000000,153,761,199.4,210.0,1.6095240000000000,0.9868100000000000,0,0,1,0,1
2024,United States Grand Prix,R,TSU,41.0,1.0,clear_violation,312.0,0.0,173.1092720000000,100.0,0.2055870000000000,184,895,199.4,210.0,1.4857140000000000,0.8681510000000000,0,0,1,0,1
2024,United States Grand Prix,R,TSU,52.0,20.0,clear_violation,310.0,69.0,196.4823600000000,100.0,0.1830070000000000,140,765,199.4,210.0,1.4761899999999999,0.9853680000000000,0,0,1,0,1
2024,United States Grand Prix,R,TSU,53.0,20.0,clear_violation,313.0,68.0,193.46745600000000,100.0,0.182176000000000,139,763,199.4,210.0,1.4904759999999999,0.9702480000000000,0,0,1,0,1
2024,United States Grand Prix,R,ALB,14.0,12.0,clear_violation,308.0,71.0,190.37122299999999,100.0,0.2126580000000000,168,790,199.4,210.0,1.4666669999999999,0.9547200000000000,0,0,1,0,1
2024,United States Grand Prix,R,ALB,28.0,12.0,clear_violation,307.0,72.0,190.45778500000000,100.0,0.22125,177,800,199.4,210.0,1.4619050000000000,0.9551539999999999,0,0,1,0,1
2024,United States Grand Prix,R,ALB,44.0,11.0,clear_violation,311.0,73.0,193.0918810000000,100.0,0.2115380000000000,165,780,199.4,210.0,1.480952000000000,0.9683650000000000,0,0,1,0,1
2024,United States Grand Prix,R,ZHO,13.0,12.0,clear_violation,307.0,65.0,189.3049780000000,100.0,0.2307690000000000,177,767,199.4,210.0,1.4619050000000000,0.9493730000000000,0,0,1,0,1
2024,United States Grand Prix,R,ZHO,19.0,12.0,clear_violation,306.0,75.0,192.6892280000000,100.0,0.2178340000000000,171,785,199.4,210.0,1.457143000000000,0.966345000000000,0,0,1,0,1
2024,United States Grand Prix,R,HUL,17.0,19.0,clear_violation,309.0,73.0,193.3682380000000,100.0,0.2215190000000000,175,790,199.4,210.0,1.4714290000000001,0.9697500000000000,0,0,1,0,1
2024,United States Grand Prix,R,HUL,18.0,16.0,clear_violation,328.0,72.0,190.9198340000000,100.0,0.2509510000000000,198,789,199.4,210.0,1.561905000000000,0.9574720000000000,0,0,1,0,1
2024,United States Grand Prix,R,HUL,40.0,9.0,clear_violation,310.0,73.0,197.37722400000001,100.0,0.2021000000000000,154,762,199.4,210.0,1.4761899999999999,0.9898560000000000,0,0,1,0,1
2024,United States Grand Prix,R,LAW,2.0,12.0,clear_violation,338.0,72.0,189.7784780000000,100.0,0.2295080000000000,182,793,199.4,210.0,1.6095240000000000,0.9517480000000000,0,0,1,0,1
2024,United States Grand Prix,R,NOR,27.0,12.0,clear_violation,307.0,74.0,196.2503820000000,100.0,0.1870030000000000,141,754,199.4,210.0,1.4619050000000000,0.9842050000000000,0,0,1,0,1
2024,United States Grand Prix,R,NOR,31.0,12.0,clear_violation,305.0,73.0,189.8554060000000,100.0,0.2119290000000000,167,788,199.4,210.0,1.4523809999999999,0.9521330000000000,0,0,1,0,1
2024,United States Grand Prix,R,NOR,51.0,20.0,clear_violation,332.0,69.0,198.38431000000000,100.0,0.2089360000000000,159,761,199.4,210.0,1.5809519999999999,0.9949060000000000,0,0,1,0,1
2024,United States Grand Prix,R,NOR,52.0,20.0,clear_violation,329.0,71.0,195.00344500000000,100.0,0.2210660000000000,170,769,199.4,210.0,1.5666670000000000,0.9779510000000000,0,0,1,0,1
2024,United States Grand Prix,R,COL,6.0,20.0,clear_violation,313.0,69.0,188.8370970000000,100.0,0.2681070000000000,211,787,199.4,210.0,1.4904759999999999,0.9470270000000000,0,0,1,0,1
2024,United States Grand Prix,R,COL,7.0,20.0,clear_violation,337.0,73.0,191.2835810000000,100.0,0.2265420000000000,169,746,199.4,210.0,1.6047620000000000,0.9592960000000000,0,0,1,0,1
2024,United States Grand Prix,R,COL,14.0,9.0,clear_violation,313.0,65.0,189.7388720000000,100.0,0.2408580000000000,191,793,199.4,210.0,1.4904759999999999,0.9515490000000000,0,0,1,0,1
2024,United States Grand Prix,R,COL,41.0,1.0,clear_violation,310.0,64.0,196.105710000000,100.0,0.2134690000000000,168,787,199.4,210.0,1.4761899999999999,0.9834790000000000,0,0,1,0,1
2024,United States Grand Prix,R,RUS,16.0,11.0,clear_violation,332.0,72.0,192.6767460000000,100.0,0.2148340000000000,168,782,199.4,210.0,1.5809519999999999,0.9662830000000000,0,0,1,0,1
2024,United States Grand Prix,R,RUS,40.0,12.0,clear_violation,315.0,74.0,193.6694220000000,100.0,0.191958000000000,148,771,199.4,210.0,1.5,0.971261000000000,0,0,1,0,1
2024,United States Grand Prix,R,RUS,53.0,13.0,clear_violation,337.0,71.0,197.4768570000000,100.0,0.1935060000000000,149,770,199.4,210.0,1.6047620000000000,0.9903550000000000,0,0,1,0,1
2024,United States Grand Prix,R,BOT,13.0,12.0,clear_violation,332.0,66.0,191.6242230000000,100.0,0.2693300000000000,209,776,199.4,210.0,1.5809519999999999,0.9610040000000000,0,0,1,0,1
2024,United States Grand Prix,R,BOT,15.0,9.0,clear_violation,310.0,56.0,185.4221690000000,100.0,0.3472220000000000,275,792,199.4,210.0,1.4761899999999999,0.9299010000000000,0,0,1,0,1
2024,United States Grand Prix,R,PIA,14.0,9.0,clear_violation,305.0,72.0,195.5349420000000,100.0,0.1866150000000000,145,777,199.4,210.0,1.4523809999999999,0.9806170000000000,0,0,1,0,1
2024,United States Grand Prix,R,PIA,39.0,12.0,clear_violation,310.0,75.0,200.63427300000001,100.0,0.1894330000000000,147,776,199.4,210.0,1.4761899999999999,1.0061899999999999,0,0,1,0,1
2024,United States Grand Prix,R,PIA,43.0,19.0,clear_violation,309.0,76.0,200.20907500000001,100.0,0.1788510000000000,137,766,199.4,210.0,1.4714290000000001,1.0040579999999999,0,0,1,0,1
2024,United States Grand Prix,S,RUS,3.0,9.0,clear_violation,336.0,72.0,197.4172680000000,100.0,0.1882510000000000,141,749,204.2342110000000,210.0,1.6,0.966622000000000,1,0,0,0,1
2024,United States Grand Prix,S,LEC,14.0,20.0,clear_violation,314.0,62.0,198.7829360000000,100.0,0.2115640000000000,161,761,204.2342110000000,210.0,1.4952380000000001,0.9733090000000000,1,0,0,0,1
2024,United States Grand Prix,S,LEC,15.0,20.0,clear_violation,327.0,73.0,199.061684000000,100.0,0.2116690000000000,156,737,204.2342110000000,210.0,1.5571429999999999,0.9746740000000000,1,0,0,0,1
2024,United States Grand Prix,S,NOR,14.0,12.0,clear_violation,309.0,73.0,198.5037280000000,100.0,0.1934210000000000,147,760,204.2342110000000,210.0,1.4714290000000001,0.9719420000000000,1,0,0,0,1
2024,United States Grand Prix,S,NOR,19.0,12.0,clear_violation,331.0,59.0,196.54328899999999,100.0,0.2037740000000000,162,795,204.2342110000000,210.0,1.5761900000000000,0.962343000000000,1,0,0,0,1
2024,United States Grand Prix,S,SAI,13.0,20.0,clear_violation,312.0,73.0,200.4771630000000,100.0,0.2362200000000000,180,762,204.2342110000000,210.0,1.4857140000000000,0.9816040000000000,1,0,0,0,1
2024,United States Grand Prix,S,SAI,14.0,20.0,clear_violation,310.0,70.0,199.1321090000000,100.0,0.2216360000000000,168,758,204.2342110000000,210.0,1.4761899999999999,0.9750180000000001,1,0,0,0,1
2024,United States Grand Prix,S,HUL,2.0,12.0,clear_violation,351.0,58.0,194.526510000000,100.0,0.2178480000000000,166,762,204.2342110000000,210.0,1.6714290000000001,0.9524680000000000,1,0,0,0,1
2024,United States Grand Prix,S,HAM,9.0,12.0,clear_violation,312.0,69.0,194.79502600000001,100.0,0.2099870000000000,164,781,204.2342110000000,210.0,1.4857140000000000,0.9537830000000000,1,0,0,0,1
2024,United States Grand Prix,S,HAM,11.0,12.0,clear_violation,311.0,74.0,198.65098599999999,100.0,0.204485000000000,155,758,204.2342110000000,210.0,1.480952000000000,0.9726630000000001,1,0,0,0,1
2024,United States Grand Prix,S,TSU,13.0,12.0,clear_violation,331.0,69.0,193.54098600000000,100.0,0.1908400000000000,150,786,204.2342110000000,210.0,1.5761900000000000,0.9476420000000000,1,0,0,0,1
2024,United States Grand Prix,S,TSU,16.0,1.0,clear_violation,330.0,69.0,195.4276140000000,100.0,0.1944810000000000,148,761,204.2342110000000,210.0,1.5714290000000000,0.9568800000000000,1,0,0,0,1
2024,United States Grand Prix,S,COL,2.0,12.0,clear_violation,336.0,70.0,193.8898720000000,100.0,0.2322830000000000,177,762,204.2342110000000,210.0,1.6,0.949351000000000,1,0,0,0,1
2024,United States Grand Prix,S,COL,10.0,12.0,clear_violation,332.0,72.0,194.5095940000000,100.0,0.224,168,750,204.2342110000000,210.0,1.5809519999999999,0.9523850000000000,1,0,0,0,1
2024,United States Grand Prix,S,PER,2.0,12.0,clear_violation,336.0,66.0,193.8334750000000,100.0,0.2047240000000000,156,762,204.2342110000000,210.0,1.6,0.9490740000000000,1,0,0,0,1
2024,United States Grand Prix,S,PER,18.0,12.0,clear_violation,311.0,72.0,196.89510600000000,100.0,0.2099600000000000,156,743,204.2342110000000,210.0,1.480952000000000,0.9640649999999999,1,0,0,0,1
2024,United States Grand Prix,S,GAS,4.0,12.0,clear_violation,336.0,73.0,193.6939800000000,100.0,0.202114000000000,153,757,204.2342110000000,210.0,1.6,0.9483910000000000,1,0,0,0,1
2024,United States Grand Prix,S,GAS,10.0,19.0,clear_violation,311.0,72.0,196.0125220000000,100.0,0.1717310000000000,130,757,204.2342110000000,210.0,1.480952000000000,0.9597440000000000,1,0,0,0,1
2024,United States Grand Prix,S,GAS,11.0,9.0,clear_violation,313.0,76.0,195.4087990000000,100.0,0.1705730000000000,131,768,204.2342110000000,210.0,1.4904759999999999,0.9567880000000000,1,0,0,0,1
2024,United States Grand Prix,S,GAS,13.0,9.0,clear_violation,314.0,73.0,194.8966760000000,100.0,0.1804320000000000,142,787,204.2342110000000,210.0,1.4952380000000001,0.9542800000000000,1,0,0,0,1
2024,United States Grand Prix,S,LAW,5.0,12.0,clear_violation,335.0,71.0,193.99012400000001,100.0,0.2420210000000000,182,752,204.2342110000000,210.0,1.5952379999999999,0.9498410000000000,1,0,0,0,1
2024,United States Grand Prix,S,LAW,10.0,20.0,clear_violation,312.0,73.0,194.744126000000,100.0,0.2179660000000000,165,757,204.2342110000000,210.0,1.4857140000000000,0.9535330000000000,1,0,0,0,1
2024,United States Grand Prix,S,LAW,11.0,20.0,clear_violation,313.0,72.0,194.85471999999999,100.0,0.2189120000000000,169,772,204.2342110000000,210.0,1.4904759999999999,0.9540750000000000,1,0,0,0,1
2024,United States Grand Prix,S,PIA,6.0,12.0,clear_violation,337.0,73.0,197.17382400000000,100.0,0.1863520000000000,142,762,204.2342110000000,210.0,1.6047620000000000,0.9654300000000000,1,0,0,0,1
2024,United States Grand Prix,S,PIA,13.0,20.0,clear_violation,342.0,60.0,193.531011000000,100.0,0.1956520000000000,153,782,204.2342110000000,210.0,1.6285710000000000,0.9475940000000000,1,0,0,0,1
2024,United States Grand Prix,S,PIA,14.0,20.0,clear_violation,331.0,73.0,191.5470370000000,100.0,0.178988000000000,138,771,204.2342110000000,210.0,1.5761900000000000,0.9378790000000000,1,0,0,0,1
2024,United States Grand Prix,S,ALB,18.0,12.0,clear_violation,339.0,71.0,194.42996400000001,100.0,0.2387860000000000,181,758,204.2342110000000,210.0,1.6142860000000001,0.9519950000000000,1,0,0,0,1
2024,United States Grand Prix,SQ,PIA,5.0,19.0,clear_violation,324.0,75.0,206.05711099999999,100.0,0.1830790000000000,132,721,207.07638900000001,217.0,1.4930880000000000,0.9950780000000000,0,1,0,0,1
2024,United States Grand Prix,SQ,ALO,5.0,19.0,clear_violation,330.0,71.0,207.6950030000000,100.0,0.1799450000000000,131,728,207.07638900000001,217.0,1.5207370000000000,1.0029870000000001,0,1,0,0,1
2024,United States Grand Prix,SQ,ALO,8.0,19.0,clear_violation,329.0,76.0,206.39195000000001,100.0,0.1801150000000000,125,694,207.07638900000001,217.0,1.5161290000000001,0.9966950000000000,0,1,0,0,1
2024,United States Grand Prix,SQ,LAW,8.0,1.0,clear_violation,328.0,82.0,208.32810000000001,100.0,0.1875,129,688,207.07638900000001,217.0,1.5115209999999999,1.0060450000000001,0,1,0,0,1
2024,United States Grand Prix,SQ,STR,8.0,19.0,clear_violation,326.0,73.0,208.1465540000000,100.0,0.1853450000000000,129,696,207.07638900000001,217.0,1.5023040000000001,1.0051680000000001,0,1,0,0,1
2024,United States Grand Prix,SQ,PER,2.0,9.0,clear_violation,329.0,77.0,207.3287520000000,100.0,0.185596000000000,134,722,207.07638900000001,217.0,1.5161290000000001,1.0012190000000001,0,1,0,0,1
2024,United States Grand Prix,SQ,ZHO,5.0,19.0,clear_violation,326.0,73.0,205.5333110000000,100.0,0.2043900000000000,149,729,207.07638900000001,217.0,1.5023040000000001,0.9925480000000000,0,1,0,0,1
2025,Abu Dhabi Grand Prix,Q,STR,2.0,16.0,clear_violation,327.0,70.0,225.9001600000000,99.0,0.1245950000000000,77,618,222.17368400000001,230.0,1.4217390000000001,1.0167729999999999,0,1,0,0,1
2025,Abu Dhabi Grand Prix,Q,STR,3.0,16.0,clear_violation,280.0,56.0,156.27346000000000,99.0,0.1700680000000000,150,882,222.17368400000001,230.0,1.2173909999999999,0.7033840000000000,0,1,0,0,1
2025,Abu Dhabi Grand Prix,Q,GAS,5.0,1.0,clear_violation,328.0,68.0,225.4863900000000,100.0,0.1399050000000000,88,629,222.17368400000001,230.0,1.4260870000000001,1.0149100000000000,0,1,0,0,1
2025,Abu Dhabi Grand Prix,Q,COL,2.0,1.0,clear_violation,327.0,67.0,223.8278970000000,100.0,0.1578950000000000,99,627,222.17368400000001,230.0,1.4217390000000001,1.0074460000000001,0,1,0,0,1
2025,Abu Dhabi Grand Prix,Q,COL,5.0,1.0,clear_violation,329.0,67.0,225.8421200000000,100.0,0.1428570000000000,90,630,222.17368400000001,230.0,1.4304349999999999,1.0165120000000001,0,1,0,0,1
2025,Abu Dhabi Grand Prix,Q,TSU,16.0,1.0,clear_violation,330.0,65.0,226.78424799999999,100.0,0.1228350000000000,78,635,222.17368400000001,230.0,1.434783000000000,1.0207520000000001,0,1,0,0,1
2025,Abu Dhabi Grand Prix,R,VER,45.0,1.0,clear_violation,311.0,59.0,213.54898600000001,100.0,0.1471030000000000,99,673,211.58724500000000,218.0,1.426606000000000,1.0092719999999999,0,0,1,0,1
2025,Abu Dhabi Grand Prix,R,VER,51.0,1.0,clear_violation,310.0,59.0,215.3285280000000,100.0,0.1483250000000000,93,627,211.58724500000000,218.0,1.4220180000000000,1.0176820000000000,0,0,1,0,1
2025,Abu Dhabi Grand Prix,R,PIA,30.0,1.0,clear_violation,311.0,59.0,210.51020300000,100.0,0.1609540000000000,108,671,211.58724500000000,218.0,1.426606000000000,0.994910000000000,0,0,1,0,1
2025,Abu Dhabi Grand Prix,R,LEC,9.0,1.0,clear_violation,314.0,63.0,208.9394310000000,100.0,0.1686390000000000,114,676,211.58724500000000,218.0,1.4403670000000000,0.9874860000000000,0,0,1,0,1
2025,Abu Dhabi Grand Prix,R,LEC,52.0,6.0,clear_violation,312.0,66.0,216.158377000000,100.0,0.1554880000000000,102,656,211.58724500000000,218.0,1.4311929999999999,1.021604000000000,0,0,1,0,1
2025,Abu Dhabi Grand Prix,R,OCO,42.0,1.0,clear_violation,324.0,62.0,211.15326700000000,100.0,0.2078910000000000,137,659,211.58724500000000,218.0,1.4862390000000001,0.997949000000000,0,0,1,0,1
2025,Abu Dhabi Grand Prix,R,OCO,44.0,1.0,clear_violation,310.0,63.0,211.17820699999999,100.0,0.2142860000000000,144,672,211.58724500000000,218.0,1.4220180000000000,0.9980670000000000,0,0,1,0,1
2025,Abu Dhabi Grand Prix,R,HAM,5.0,1.0,clear_violation,335.0,60.0,206.4263690000000,100.0,0.2108350000000000,144,683,211.58724500000000,218.0,1.536697000000000,0.975609000000000,0,0,1,0,1
2025,Abu Dhabi Grand Prix,R,HAM,25.0,1.0,clear_violation,307.0,63.0,209.3837690000000,100.0,0.1962210000000000,135,688,211.58724500000000,218.0,1.408257000000000,0.9895860000000000,0,0,1,0,1
2025,Abu Dhabi Grand Prix,R,HAM,27.0,1.0,clear_violation,309.0,63.0,209.58448400000000,100.0,0.1966970000000000,131,666,211.58724500000000,218.0,1.4174310000000001,0.9905350000000001,0,0,1,0,1
2025,Abu Dhabi Grand Prix,R,HUL,4.0,1.0,clear_violation,335.0,62.0,206.8741100000000,100.0,0.1760360000000000,119,676,211.58724500000000,218.0,1.536697000000000,0.977725000000000,0,0,1,0,1
2025,Abu Dhabi Grand Prix,R,HUL,22.0,1.0,clear_violation,334.0,61.0,208.3713790000000,100.0,0.1761280000000000,121,687,211.58724500000000,218.0,1.5321100000000001,0.9848010000000000,0,0,1,0,1
2025,Abu Dhabi Grand Prix,R,HUL,29.0,1.0,clear_violation,335.0,57.0,208.22674300000000,100.0,0.1741010000000000,121,695,211.58724500000000,218.0,1.536697000000000,0.9841180000000000,0,0,1,0,1
2025,Abu Dhabi Grand Prix,R,STR,28.0,1.0,clear_violation,308.0,56.0,208.64754900000000,99.0,0.1739130000000000,116,667,211.58724500000000,218.0,1.4128440000000000,0.9861060000000000,0,0,1,0,1
2025,Abu Dhabi Grand Prix,R,BOR,39.0,1.0,clear_violation,334.0,56.0,208.92229399999999,100.0,0.1820900000000000,122,670,211.58724500000000,218.0,1.5321100000000001,0.9874050000000000,0,0,1,0,1
2025,Abu Dhabi Grand Prix,R,BOR,46.0,1.0,clear_violation,314.0,56.0,211.4158540000000,100.0,0.175595000000000,118,672,211.58724500000000,218.0,1.4403670000000000,0.9991900000000000,0,0,1,0,1
2025,Abu Dhabi Grand Prix,R,BEA,11.0,1.0,clear_violation,329.0,56.0,205.06103100000001,100.0,0.2045780000000000,143,699,211.58724500000000,218.0,1.5091740000000000,0.9691560000000000,0,0,1,0,1
2025,Abu Dhabi Grand Prix,R,SAI,14.0,1.0,clear_violation,332.0,57.0,205.6472540000000,100.0,0.2043480000000000,141,690,211.58724500000000,218.0,1.5229360000000001,0.971927000000000,0,0,1,0,1
2025,Abu Dhabi Grand Prix,R,TSU,8.0,1.0,clear_violation,336.0,60.0,207.12484699999999,100.0,0.1991400000000000,139,698,211.58724500000000,218.0,1.5412840000000001,0.978910000000000,0,0,1,0,1
2025,Abu Dhabi Grand Prix,R,TSU,9.0,1.0,clear_violation,336.0,61.0,207.6442500000000,100.0,0.1896300000000000,128,675,211.58724500000000,218.0,1.5412840000000001,0.981365000000000,0,0,1,0,1
2025,Abu Dhabi Grand Prix,R,ANT,19.0,1.0,clear_violation,321.0,60.0,206.86816099999999,104.0,0.2818990000000000,190,674,211.58724500000000,218.0,1.4724770000000000,0.9776970000000000,0,0,1,0,1
2025,Abu Dhabi Grand Prix,R,ANT,25.0,1.0,clear_violation,327.0,56.0,211.7613280000000,104.0,0.2557800000000000,177,692,211.58724500000000,218.0,1.5,1.0008230000000000,0,0,1,0,1
2025,Abu Dhabi Grand Prix,R,ANT,26.0,1.0,clear_violation,315.0,60.0,216.19915700000001,104.0,0.2373130000000000,159,670,211.58724500000000,218.0,1.444954000000000,1.021797000000000,0,0,1,0,1
2025,Abu Dhabi Grand Prix,R,ALB,17.0,1.0,clear_violation,317.0,60.0,205.98110800000001,100.0,0.1811490000000000,123,679,211.58724500000000,218.0,1.4541280000000001,0.9735040000000000,0,0,1,0,1
2025,Abu Dhabi Grand Prix,R,ALB,19.0,1.0,clear_violation,319.0,62.0,206.4963990000000,100.0,0.1766470000000000,118,668,211.58724500000000,218.0,1.463303000000000,0.9759400000000000,0,0,1,0,1
2025,Abu Dhabi Grand Prix,R,ALB,53.0,1.0,clear_violation,336.0,53.0,209.76507400000000,100.0,0.1762050000000000,117,664,211.58724500000000,218.0,1.5412840000000001,0.9913880000000000,0,0,1,0,1
2025,Abu Dhabi Grand Prix,R,HAD,9.0,6.0,clear_violation,331.0,57.0,207.5451400000000,100.0,0.1952660000000000,132,676,211.58724500000000,218.0,1.518349000000000,0.980896000000000,0,0,1,0,1
2025,Abu Dhabi Grand Prix,R,HAD,23.0,6.0,clear_violation,313.0,56.0,208.6788050000000,100.0,0.1751820000000000,120,685,211.58724500000000,218.0,1.4357800000000001,0.9862540000000000,0,0,1,0,1
2025,Abu Dhabi Grand Prix,R,HAD,41.0,1.0,clear_violation,310.0,55.0,208.7020700000000,100.0,0.1697840000000000,118,695,211.58724500000000,218.0,1.4220180000000000,0.9863640000000000,0,0,1,0,1
2025,Abu Dhabi Grand Prix,R,LAW,4.0,1.0,clear_violation,337.0,63.0,208.7627200000000,100.0,0.1698670000000000,115,677,211.58724500000000,218.0,1.5458719999999999,0.9866509999999999,0,0,1,0,1
2025,Abu Dhabi Grand Prix,R,LAW,5.0,1.0,clear_violation,327.0,62.0,206.05899400000001,100.0,0.1620440000000000,111,685,211.58724500000000,218.0,1.5,0.9738720000000000,0,0,1,0,1
2025,Abu Dhabi Grand Prix,R,LAW,21.0,7.0,clear_violation,324.0,47.0,196.5143200000000,100.0,0.2279010000000000,165,724,211.58724500000000,218.0,1.4862390000000001,0.9287630000000000,0,0,1,0,1
2025,Abu Dhabi Grand Prix,R,GAS,2.0,6.0,clear_violation,333.0,82.0,202.72345500000000,100.0,0.2037300000000000,142,697,211.58724500000000,218.0,1.5275230000000000,0.958108000000000,0,0,1,0,1
2025,Abu Dhabi Grand Prix,R,GAS,11.0,1.0,clear_violation,307.0,60.0,206.852970000000,100.0,0.1583450000000000,111,701,211.58724500000000,218.0,1.408257000000000,0.9776250000000000,0,0,1,0,1
2025,Abu Dhabi Grand Prix,R,GAS,24.0,4.0,clear_violation,307.0,63.0,208.40181300000000,100.0,0.2831590000000000,190,671,211.58724500000000,218.0,1.408257000000000,0.9849450000000000,0,0,1,0,1
2025,Abu Dhabi Grand Prix,R,GAS,44.0,4.0,clear_violation,310.0,63.0,212.44168999999999,100.0,0.2020800000000000,136,673,211.58724500000000,218.0,1.4220180000000000,1.0040380000000000,0,0,1,0,1
2025,Abu Dhabi Grand Prix,R,COL,25.0,1.0,clear_violation,308.0,61.0,207.22370500000000,100.0,0.1612900000000000,110,682,211.58724500000000,218.0,1.4128440000000000,0.9793770000000001,0,0,1,0,1
2025,Abu Dhabi Grand Prix,R,COL,26.0,1.0,clear_violation,306.0,60.0,210.86210900000000,100.0,0.1505220000000000,101,671,211.58724500000000,218.0,1.4036700000000000,0.9965730000000000,0,0,1,0,1
2025,Abu Dhabi Grand Prix,R,COL,29.0,1.0,clear_violation,307.0,60.0,212.30748299999999,100.0,0.1569770000000000,108,688,211.58724500000000,218.0,1.408257000000000,1.0034040000000000,0,0,1,0,1
2025,Australian Grand Prix,Q,NOR,16.0,4.0,clear_violation,328.0,94.0,248.97361100000001,100.0,0.1245670000000000,72,578,303.8019800000000,315.0,1.0412699999999999,0.8195260000000000,0,1,0,0,1
2025,Australian Grand Prix,Q,DOO,11.0,12.0,clear_violation,329.0,85.0,242.30672799999999,100.0,0.1225580000000000,69,563,303.8019800000000,315.0,1.0444439999999999,0.7975810000000000,0,1,0,0,1
2025,Australian Grand Prix,Q,HUL,4.0,9.0,clear_violation,314.48333400000001,10.0,146.94067300000000,100.0,0.1825640000000000,178,975,303.8019800000000,315.0,0.9983600000000000,0.48367300000000002,0,1,0,0,1
2025,Australian Grand Prix,Q,HUL,5.0,11.0,clear_violation,332.0,77.0,229.06536299999999,100.0,0.1700470000000000,109,641,303.8019800000000,315.0,1.053968000000000,0.7539960000000000,0,1,0,0,1
2025,Australian Grand Prix,Q,OCO,8.0,4.0,clear_violation,323.0,94.0,244.2585100000000,100.0,0.1938250000000000,113,583,303.8019800000000,315.0,1.0253969999999999,0.8040060000000000,0,1,0,0,1
2025,Australian Grand Prix,R,GAS,54.0,1.0,clear_violation,305.0,71.0,198.49596500000001,100.0,0.2214290000000000,155,700,270.4743740000000,310.0,0.9838710000000001,0.7338810000000000,0,0,1,0,1
2025,Australian Grand Prix,R,ANT,16.0,4.0,clear_violation,307.0,0.0,193.24970600000000,100.0,0.1841060000000000,139,755,270.4743740000000,310.0,0.9903230000000000,0.7144840000000000,0,0,1,0,1
2025,Australian Grand Prix,R,TSU,45.0,12.0,clear_violation,313.0,44.0,198.5799700000000,100.0,0.2090550000000000,157,751,270.4743740000000,310.0,1.0096769999999999,0.7341910000000000,0,0,1,0,1
2025,Australian Grand Prix,R,LAW,28.0,6.0,clear_violation,303.0,76.0,206.4460760000000,100.0,0.1895040000000000,130,686,270.4743740000000,310.0,0.9774190000000000,0.7632740000000000,0,0,1,0,1
2025,Australian Grand Prix,R,NOR,44.0,12.0,clear_violation,306.0,0.0,179.0028150000000,100.0,0.2196970000000000,174,792,270.4743740000000,310.0,0.9870970000000000,0.6618110000000000,0,0,1,0,1
2025,Australian Grand Prix,R,PIA,32.0,6.0,clear_violation,317.0,77.0,211.79188300000001,100.0,0.1685880000000000,117,694,270.4743740000000,310.0,1.0225810000000000,0.7830390000000000,0,0,1,0,1
2025,Austrian Grand Prix,Q,GAS,20.0,10.0,clear_violation,323.0,0.0,207.6707310000000,100.0,0.1672660000000000,93,556,282.66341499999999,288.0,1.1215280000000001,0.734693000000000,0,1,0,0,1
2025,Austrian Grand Prix,Q,COL,2.0,6.0,clear_violation,321.0,69.0,235.0618590000000,100.0,0.1746990000000000,87,498,282.66341499999999,288.0,1.1145830000000001,0.8315960000000000,0,1,0,0,1
2025,Austrian Grand Prix,R,NOR,14.0,10.0,clear_violation,301.0,64.0,218.68259900000001,100.0,0.1766850000000000,97,549,271.4417970000000,285.0,1.056140000000000,0.8056330000000000,0,0,1,0,1
2025,Austrian Grand Prix,R,PIA,48.0,1.0,clear_violation,303.0,63.0,218.0380050000000,99.0,0.188540000000000,102,541,271.4417970000000,285.0,1.063158000000000,0.8032589999999999,0,0,1,0,1
2025,Austrian Grand Prix,R,PIA,70.0,1.0,clear_violation,330.0,62.0,217.2231550000000,99.0,0.2199630000000000,119,541,271.4417970000000,285.0,1.1578949999999999,0.8002570000000000,0,0,1,0,1
2025,Austrian Grand Prix,R,LEC,17.0,1.0,clear_violation,302.0,65.0,216.2620060000000,100.0,0.1936690000000000,104,537,271.4417970000000,285.0,1.0596490000000001,0.7967160000000000,0,0,1,0,1
2025,Austrian Grand Prix,R,HAM,48.0,3.0,clear_violation,307.0,51.0,215.3777990000000,99.0,0.2303470000000000,126,547,271.4417970000000,285.0,1.0771930000000001,0.7934580000000000,0,0,1,0,1
2025,Austrian Grand Prix,R,ALO,29.0,1.0,clear_violation,310.0,63.0,211.18984900000001,100.0,0.2276870000000000,125,549,271.4417970000000,285.0,1.087719000000000,0.778030000000000,0,0,1,0,1
2025,Austrian Grand Prix,R,OCO,27.0,3.0,clear_violation,314.0,71.0,214.3687340000000,100.0,0.2688170000000000,150,558,271.4417970000000,285.0,1.1017539999999999,0.7897410000000000,0,0,1,0,1
2025,Austrian Grand Prix,R,BEA,4.0,3.0,clear_violation,309.0,70.0,212.0219180000000,100.0,0.2010770000000000,112,557,271.4417970000000,285.0,1.0842110000000000,0.7810950000000000,0,0,1,0,1
2025,Austrian Grand Prix,R,BEA,29.0,1.0,clear_violation,312.0,56.0,212.17564800000000,100.0,0.2242650000000000,122,544,271.4417970000000,285.0,1.0947370000000001,0.7816620000000000,0,0,1,0,1
2025,Austrian Grand Prix,R,STR,15.0,3.0,clear_violation,304.0,65.0,210.92617799999999,99.0,0.2054050000000000,114,555,271.4417970000000,285.0,1.0666670000000000,0.7770590000000001,0,0,1,0,1
2025,Austrian Grand Prix,R,COL,31.0,1.0,clear_violation,303.0,62.0,214.16786500000001,100.0,0.1958570000000000,104,531,271.4417970000000,285.0,1.063158000000000,0.7890010000000000,0,0,1,0,1
2025,Azerbaijan Grand Prix,Q,ANT,4.0,16.0,clear_violation,337.0,75.0,207.11567400000001,104.0,0.2094510000000000,164,783,332.99532699999997,344.0,0.9796510000000000,0.6219780000000000,0,1,0,0,1
2025,Azerbaijan Grand Prix,Q,LEC,13.0,1.0,clear_violation,337.5603640000000,34.0,157.14916199999999,100.0,0.3016330000000000,314,1041,332.99532699999997,344.0,0.9812800000000000,0.47192600000000001,0,1,0,0,1
2025,Azerbaijan Grand Prix,R,ALO,7.0,16.0,clear_violation,332.0,68.0,196.3897850000000,100.0,0.231722000000000,187,807,320.4630020000000,359.0,0.924791000000000,0.6128310000000000,0,0,1,0,1
2025,Bahrain Grand Prix,Q,ANT,16.0,11.0,clear_violation,317.0,66.0,211.6974180000000,100.0,0.1877730000000000,129,687,286.867816000000,292.0,1.0856159999999999,0.7379620000000,0,1,0,0,1
2025,Bahrain Grand Prix,Q,HAM,14.0,13.0,clear_violation,319.0,70.0,212.370043000000,100.0,0.2034880000000000,140,688,286.867816000000,292.0,1.0924659999999999,0.7403060000000000,0,1,0,0,1
2025,Bahrain Grand Prix,Q,TSU,2.0,15.0,clear_violation,313.0,66.0,212.4867880000000,100.0,0.1732950000000000,122,704,286.867816000000,292.0,1.071918000000000,0.7407130000000000,0,1,0,0,1
2025,Bahrain Grand Prix,Q,HUL,8.0,11.0,clear_violation,327.0,66.0,210.8801770000000,100.0,0.212339000000000,148,697,286.867816000000,292.0,1.11986300000000,0.7351130000000000,0,1,0,0,1
2025,Bahrain Grand Prix,Q,STR,2.0,13.0,clear_violation,316.0,62.0,209.5432090000000,100.0,0.1956520000000000,135,690,286.867816000000,292.0,1.082192000000000,0.7304520000000000,0,1,0,0,1
2025,Bahrain Grand Prix,R,PIA,23.0,11.0,clear_violation,300.0,61.0,199.3952920000000,99.0,0.2093330000000000,157,750,279.3889400000000,293.0,1.023891000000000,0.7136840000000000,0,0,1,0,1
2025,Bahrain Grand Prix,R,NOR,10.0,13.0,clear_violation,319.0,57.0,192.38503399999999,100.0,0.2454310000000000,188,766,279.3889400000000,293.0,1.0887370000000001,0.6885920000000000,0,0,1,0,1
2025,Bahrain Grand Prix,R,NOR,36.0,4.0,clear_violation,314.0,47.0,202.0216220000000,100.0,0.2066570000000000,149,721,279.3889400000000,293.0,1.0716720000000000,0.7230839999999999,0,0,1,0,1
2025,Bahrain Grand Prix,R,NOR,49.0,4.0,clear_violation,331.0,53.0,199.28194600000000,100.0,0.2383560000000000,174,730,279.3889400000000,293.0,1.129693000000000,0.7132780000000000,0,0,1,0,1
2025,Bahrain Grand Prix,R,LEC,38.0,13.0,clear_violation,302.0,65.0,201.9772450000000,100.0,0.208,156,750,279.3889400000000,293.0,1.030717000000000,0.7229250000000000,0,0,1,0,1
2025,Bahrain Grand Prix,R,HAM,42.0,4.0,clear_violation,308.0,66.0,199.5454560000000,100.0,0.2155530000000000,158,733,279.3889400000000,293.0,1.0511950000000001,0.7142210000000000,0,0,1,0,1
2025,Bahrain Grand Prix,R,VER,45.0,13.0,clear_violation,308.0,66.0,198.3749260000000,100.0,0.2225270000000000,162,728,279.3889400000000,293.0,1.0511950000000001,0.7100310000000000,0,0,1,0,1
2025,Bahrain Grand Prix,R,VER,48.0,13.0,clear_violation,309.0,58.0,196.58248499999999,100.0,0.2061280000000000,148,718,279.3889400000000,293.0,1.0546080000000000,0.7036160000000000,0,0,1,0,1
2025,Bahrain Grand Prix,R,VER,55.0,4.0,clear_violation,330.0,53.0,195.2103910000000,100.0,0.2264150000000000,168,742,279.3889400000000,293.0,1.1262799999999999,0.6987050000000000,0,0,1,0,1
2025,Bahrain Grand Prix,R,TSU,9.0,13.0,clear_violation,319.0,56.0,188.65950799999999,100.0,0.247012000000000,186,753,279.3889400000000,293.0,1.0887370000000001,0.6752580000000000,0,0,1,0,1
2025,Bahrain Grand Prix,R,TSU,50.0,13.0,clear_violation,307.0,60.0,197.55536000000001,100.0,0.2,146,730,279.3889400000000,293.0,1.0477820000000000,0.7070980000000000,0,0,1,0,1
2025,Bahrain Grand Prix,R,TSU,52.0,13.0,clear_violation,327.0,55.0,194.0584960000000,100.0,0.2069890000000000,154,744,279.3889400000000,293.0,1.1160410000000001,0.6945820000000000,0,0,1,0,1
2025,Bahrain Grand Prix,R,BEA,52.0,13.0,clear_violation,332.0,52.0,194.413636000000,100.0,0.2201340000000000,164,745,279.3889400000000,293.0,1.1331059999999999,0.6958530000000001,0,0,1,0,1
2025,Bahrain Grand Prix,R,BEA,54.0,13.0,clear_violation,332.0,55.0,196.69221300000001,100.0,0.1853860000000000,137,739,279.3889400000000,293.0,1.1331059999999999,0.7040090000000000,0,0,1,0,1
2025,Bahrain Grand Prix,R,ANT,8.0,13.0,clear_violation,304.0,59.0,194.14386600000000,100.0,0.2135140000000000,158,740,279.3889400000000,293.0,1.0375430000000001,0.6948870000000000,0,0,1,0,1
2025,Bahrain Grand Prix,R,ANT,10.0,13.0,clear_violation,327.0,55.0,191.4724650000000,100.0,0.2188330000000000,165,754,279.3889400000000,293.0,1.1160410000000001,0.6853260000000000,0,0,1,0,1
2025,Bahrain Grand Prix,R,ANT,13.0,11.0,clear_violation,305.0,0.0,160.31511200000000,100.0,0.2335600000000000,206,882,279.3889400000000,293.0,1.0409560000000000,0.5738060000000000,0,0,1,0,1
2025,Bahrain Grand Prix,R,ANT,36.0,10.0,clear_violation,311.0,50.0,191.95475600000000,100.0,0.2281880000000000,170,745,279.3889400000000,293.0,1.0614330000000001,0.6870520000000000,0,0,1,0,1
2025,Bahrain Grand Prix,R,HAD,2.0,13.0,clear_violation,306.0,55.0,194.07515599999999,100.0,0.2213540000000000,170,768,279.3889400000000,293.0,1.0443690000000001,0.6946420000000000,0,0,1,0,1
2025,Bahrain Grand Prix,R,HAD,8.0,13.0,clear_violation,327.0,58.0,199.5681480000000,100.0,0.2011100000000000,145,721,279.3889400000000,293.0,1.1160410000000001,0.7143020000000000,0,0,1,0,1
2025,Bahrain Grand Prix,R,HAD,11.0,13.0,clear_violation,305.0,58.0,196.8965130000000,100.0,0.1884250000000000,140,743,279.3889400000000,293.0,1.0409560000000000,0.7047400000000000,0,0,1,0,1
2025,Bahrain Grand Prix,R,DOO,11.0,13.0,clear_violation,301.0,66.0,198.4479830000000,100.0,0.2136050000000000,157,735,279.3889400000000,293.0,1.0273040000000000,0.7102930000000000,0,0,1,0,1
2025,Bahrain Grand Prix,R,DOO,27.0,13.0,clear_violation,302.0,57.0,194.0279340000000,100.0,0.2114360000000000,159,752,279.3889400000000,293.0,1.030717000000000,0.6944720000000000,0,0,1,0,1
2025,Bahrain Grand Prix,R,DOO,42.0,13.0,clear_violation,305.0,63.0,198.1681230000000,100.0,0.2113820000000000,156,738,279.3889400000000,293.0,1.0409560000000000,0.7092910000000000,0,0,1,0,1
2025,Bahrain Grand Prix,R,DOO,56.0,13.0,clear_violation,307.0,56.0,194.29928600000000,100.0,0.2053330000000000,154,750,279.3889400000000,293.0,1.0477820000000000,0.6954440000000000,0,0,1,0,1
2025,Bahrain Grand Prix,R,ALO,36.0,1.0,clear_violation,309.0,57.0,190.8844630000000,100.0,0.2250330000000000,169,751,279.3889400000000,293.0,1.0546080000000000,0.6832210000000000,0,0,1,0,1
2025,Bahrain Grand Prix,R,LAW,14.0,13.0,clear_violation,307.0,58.0,185.18662000000000,100.0,0.2426940000000000,191,787,279.3889400000000,293.0,1.0477820000000000,0.662827000000000,0,0,1,0,1
2025,Bahrain Grand Prix,R,LAW,18.0,13.0,clear_violation,311.0,55.0,192.7463060000000,100.0,0.2432430000000000,180,740,279.3889400000000,293.0,1.0614330000000001,0.6898850000000000,0,0,1,0,1
2025,Bahrain Grand Prix,R,STR,57.0,13.0,clear_violation,304.0,59.0,194.1494540000000,100.0,0.2,145,725,279.3889400000000,293.0,1.0375430000000001,0.694907000000000,0,0,1,0,1
2025,Bahrain Grand Prix,R,SAI,36.0,10.0,clear_violation,312.0,52.0,189.89705499999999,100.0,0.2284200000000000,172,753,279.3889400000000,293.0,1.0648460000000000,0.6796870000000000,0,0,1,0,1
2025,Bahrain Grand Prix,R,HUL,36.0,13.0,clear_violation,313.0,62.0,193.77810099999999,100.0,0.2347350000000000,173,737,279.3889400000000,293.0,1.068259000000000,0.6935780000000000,0,0,1,0,1
2025,Belgian Grand Prix,Q,BOR,14.0,10.0,clear_violation,342.0,74.0,242.4627200000000,100.0,0.1362470000000000,106,778,227.75263200000001,234.0,1.4615380000000000,1.0645880000000001,0,1,0,0,1
2025,Belgian Grand Prix,Q,HAM,7.0,4.0,clear_violation,343.0,75.0,246.9134770000000,100.0,0.1470590000000000,110,748,227.75263200000001,234.0,1.4658119999999999,1.0841300000000000,0,1,0,0,1
2025,Belgian Grand Prix,R,NOR,26.0,10.0,clear_violation,322.0,74.0,230.1343500000000,100.0,0.1455220000000000,117,804,214.89566199999999,225.0,1.431111000000000,1.0709120000000001,0,0,1,0,1
2025,Belgian Grand Prix,R,ALB,44.0,10.0,clear_violation,325.0,69.0,231.76555300000001,100.0,0.1575680000000000,127,806,214.89566199999999,225.0,1.4444440000000001,1.0785030000000000,0,0,1,0,1
2025,Belgian Grand Prix,R,BOR,9.0,4.0,clear_violation,319.0,57.0,202.16626500000001,100.0,0.2070820000000000,193,932,214.89566199999999,225.0,1.4177780000000000,0.9407650000000000,0,0,1,0,1
2025,Belgian Grand Prix,R,GAS,7.0,4.0,clear_violation,320.0,56.0,200.3980780000000,100.0,0.193059000000000,178,922,214.89566199999999,225.0,1.4222220000000001,0.9325369999999999,0,0,1,0,1
2025,Belgian Grand Prix,R,TSU,44.0,4.0,clear_violation,320.0,71.0,229.6701960000000,100.0,0.1440990000000000,116,805,214.89566199999999,225.0,1.4222220000000001,1.068752000000000,0,0,1,0,1
2025,Belgian Grand Prix,R,ANT,7.0,18.0,clear_violation,319.0,41.0,201.07693699999999,104.0,0.2154520000000000,198,919,214.89566199999999,225.0,1.4177780000000000,0.9356960000000000,0,0,1,0,1
2025,Belgian Grand Prix,R,ALO,28.0,6.0,clear_violation,324.0,68.0,228.7334020000000,100.0,0.1705240000000000,140,821,214.89566199999999,225.0,1.44,1.0643929999999999,0,0,1,0,1
2025,Belgian Grand Prix,R,SAI,5.0,6.0,clear_violation,315.0,52.0,200.9364650000000,100.0,0.2707420000000000,248,916,214.89566199999999,225.0,1.4,0.9350420000000000,0,0,1,0,1
2025,Belgian Grand Prix,R,SAI,11.0,4.0,clear_violation,311.0,53.0,198.4580140000000,100.0,0.2071880000000000,196,946,214.89566199999999,225.0,1.3822220000000001,0.9235090000000000,0,0,1,0,1
2025,Belgian Grand Prix,R,COL,8.0,4.0,clear_violation,321.0,51.0,200.20235199999999,100.0,0.2006400000000000,188,937,214.89566199999999,225.0,1.4266669999999999,0.9316260000000000,0,0,1,0,1
2025,Belgian Grand Prix,R,COL,17.0,4.0,clear_violation,334.0,70.0,226.7833720000000,100.0,0.1674760000000000,138,824,214.89566199999999,225.0,1.4844440000000001,1.0553189999999999,0,0,1,0,1
2025,Belgian Grand Prix,R,HAD,8.0,4.0,clear_violation,311.0,57.0,203.579269000000,100.0,0.1905270000000000,177,929,214.89566199999999,225.0,1.3822220000000001,0.9473400000000000,0,0,1,0,1
2025,Belgian Grand Prix,R,HAD,12.0,4.0,clear_violation,318.0,58.0,201.85024400000000,100.0,0.1853810000000000,175,944,214.89566199999999,225.0,1.4133330000000000,0.9392940000000000,0,0,1,0,1
2025,Belgian Grand Prix,S,GAS,9.0,4.0,clear_violation,326.0,70.0,233.19647800000001,100.0,0.1480580000000000,122,824,220.84797300000000,227.0,1.4361230000000000,1.0559140000000000,1,0,0,0,1
2025,Belgian Grand Prix,S,BOR,10.0,9.0,clear_violation,328.0,69.0,232.1262150000000,100.0,0.1656370000000000,134,809,220.84797300000000,227.0,1.4449339999999999,1.0510679999999999,1,0,0,0,1
2025,Belgian Grand Prix,SQ,PIA,5.0,4.0,clear_violation,341.0,76.0,245.2774370000000,100.0,0.102497000000000,78,761,218.9469700000000,234.0,1.4572650000000000,1.120260000000000,0,1,0,0,1
2025,Belgian Grand Prix,SQ,ANT,2.0,15.0,clear_violation,342.0,0.0,198.8817150000000,100.0,0.1503680000000000,143,951,218.9469700000000,234.0,1.4615380000000000,0.908356000000000,0,1,0,0,1
2025,Belgian Grand Prix,SQ,TSU,4.0,19.0,clear_violation,344.0,74.0,243.769943000000,100.0,0.1181820000000000,91,770,218.9469700000000,234.0,1.4700850000000001,1.1133740000000001,0,1,0,0,1
2025,Belgian Grand Prix,SQ,BEA,2.0,4.0,clear_violation,344.0,72.0,243.53166100000001,100.0,0.1554990000000000,123,791,218.9469700000000,234.0,1.4700850000000001,1.1122860000000001,0,1,0,0,1
2025,British Grand Prix,R,VER,43.0,1.0,clear_violation,316.0,67.0,212.6117410000000,100.0,0.2286870000000000,169,739,203.51653899999999,255.0,1.2392160000000001,1.0446899999999999,0,0,1,0,1
2025,British Grand Prix,R,LEC,5.0,1.0,clear_violation,294.0,72.0,177.6690520000000,100.0,0.2542570000000000,224,881,203.51653899999999,255.0,1.1529410000000000,0.8729960000000000,0,0,1,0,1
2025,British Grand Prix,R,LEC,13.0,12.0,clear_violation,304.0,67.0,173.15685500000001,100.0,0.2549890000000000,230,902,203.51653899999999,255.0,1.192157000000000,0.8508240000000000,0,0,1,0,1
2025,British Grand Prix,R,LEC,32.0,9.0,clear_violation,305.0,66.0,200.3309650000000,100.0,0.1979030000000000,151,763,203.51653899999999,255.0,1.196078000000000,0.9843470000000000,0,0,1,0,1
2025,British Grand Prix,R,NOR,5.0,6.0,clear_violation,307.0,70.0,200.4248890000000,100.0,0.2204030000000000,175,794,203.51653899999999,255.0,1.203922000000000,0.9848090000000000,0,0,1,0,1
2025,British Grand Prix,R,HAM,12.0,6.0,clear_violation,304.0,0.0,165.90431500000000,100.0,0.2462010000000000,243,987,203.51653899999999,255.0,1.192157000000000,0.8151880000000000,0,0,1,0,1
2025,British Grand Prix,R,HAM,24.0,9.0,clear_violation,301.0,68.0,197.64246000000000,100.0,0.2563130000000000,203,792,203.51653899999999,255.0,1.1803920000000001,0.9711370000000000,0,0,1,0,1
2025,British Grand Prix,R,HAM,42.0,3.0,clear_violation,303.0,0.0,160.704095000000,100.0,0.2759340000000000,266,964,203.51653899999999,255.0,1.188235000000000,0.7896370000000000,0,0,1,0,1
2025,British Grand Prix,R,SAI,46.0,6.0,clear_violation,315.0,79.0,222.1127590000000,100.0,0.1988720000000000,141,709,203.51653899999999,255.0,1.2352939999999999,1.0913740000000001,0,0,1,0,1
2025,British Grand Prix,R,PIA,45.0,11.0,clear_violation,309.0,73.0,222.0648240000000,100.0,0.1858530000000000,134,721,203.51653899999999,255.0,1.2117650000000000,1.091139000000000,0,0,1,0,1
2025,British Grand Prix,R,PIA,52.0,6.0,clear_violation,316.0,74.0,226.54219599999999,100.0,0.150355000000000,106,705,203.51653899999999,255.0,1.2392160000000001,1.1131390000000001,0,0,1,0,1
2025,British Grand Prix,R,BEA,5.0,1.0,clear_violation,297.0,67.0,174.52426299999999,100.0,0.2340430000000000,209,893,203.51653899999999,255.0,1.1647060000000000,0.8575430000000001,0,0,1,0,1
2025,British Grand Prix,R,BEA,37.0,9.0,clear_violation,308.0,64.0,202.235602000000,100.0,0.238276000000000,188,789,203.51653899999999,255.0,1.2078430000000000,0.9937060000000000,0,0,1,0,1
2025,Canadian Grand Prix,Q,NOR,16.0,14.0,clear_violation,332.0,61.0,216.5200210000000,100.0,0.1850470000000000,99,535,290.65156800000000,300.0,1.1066670000000001,0.7449470000000000,0,1,0,0,1
2025,Canadian Grand Prix,Q,HAM,2.0,2.0,clear_violation,314.0,54.0,161.99564100000001,100.0,0.2669430000000000,193,723,290.65156800000000,300.0,1.0466670000000000,0.5573530000000000,0,1,0,0,1
2025,Canadian Grand Prix,Q,HAM,3.0,9.0,clear_violation,337.0,61.0,212.9865710000000,100.0,0.1857140000000000,104,560,290.65156800000000,300.0,1.1233329999999999,0.7327900000000001,0,1,0,0,1
2025,Canadian Grand Prix,Q,VER,13.0,14.0,clear_violation,335.0,60.0,205.25985299999999,100.0,0.1861250000000000,110,591,290.65156800000000,300.0,1.1166670000000001,0.7062060000000000,0,1,0,0,1
2025,Canadian Grand Prix,Q,ALB,8.0,14.0,clear_violation,333.0,64.0,203.73850800000000,100.0,0.2003610000000000,111,554,290.65156800000000,300.0,1.11,0.7009720000000000,0,1,0,0,1
2025,Canadian Grand Prix,Q,BEA,3.0,2.0,clear_violation,310.0,41.0,167.72918100000001,100.0,0.2387640000000000,170,712,290.65156800000000,300.0,1.0333330000000001,0.5770800000000000,0,1,0,0,1
2025,Canadian Grand Prix,R,GAS,44.0,14.0,clear_violation,345.0,53.0,199.4496720000000,100.0,0.202680000000000,121,597,283.37974700000001,301.0,1.1461790000000001,0.7038250000000000,0,0,1,0,1
2025,Canadian Grand Prix,R,ANT,3.0,14.0,clear_violation,315.0,62.0,200.91461600000000,104.0,0.1832460000000000,105,573,283.37974700000001,301.0,1.0465120000000001,0.7089940000000000,0,0,1,0,1
2025,Canadian Grand Prix,R,LEC,65.0,14.0,clear_violation,314.0,56.0,207.8317440000000,100.0,0.1906410000000000,110,577,283.37974700000001,301.0,1.043189000000000,0.733404000000000,0,0,1,0,1
2025,Canadian Grand Prix,R,SAI,56.0,14.0,clear_violation,310.0,50.0,201.40108400000000,100.0,0.2191100000000000,133,607,283.37974700000001,301.0,1.0299000000000000,0.7107110000000000,0,0,1,0,1
2025,Canadian Grand Prix,R,HAD,45.0,14.0,clear_violation,333.0,57.0,199.08336800000001,100.0,0.2439450000000000,141,578,283.37974700000001,301.0,1.106312000000000,0.702532000000000,0,0,1,0,1
2025,Canadian Grand Prix,R,HAD,47.0,14.0,clear_violation,335.0,55.0,200.59621400000000,100.0,0.2152540000000000,127,590,283.37974700000001,301.0,1.1129570000000000,0.7078710000000000,0,0,1,0,1
2025,Canadian Grand Prix,R,BEA,41.0,14.0,clear_violation,332.0,53.0,203.79837699999999,100.0,0.2367070000000000,138,583,283.37974700000001,301.0,1.1029899999999999,0.719171000000000,0,0,1,0,1
2025,Canadian Grand Prix,R,BEA,47.0,14.0,clear_violation,310.0,56.0,201.16305100000000,100.0,0.1728810000000000,102,590,283.37974700000001,301.0,1.0299000000000000,0.7098710000000000,0,0,1,0,1
2025,Canadian Grand Prix,R,BEA,55.0,14.0,clear_violation,332.0,55.0,203.1787800000000,100.0,0.2282230000000000,131,574,283.37974700000001,301.0,1.1029899999999999,0.7169840000000000,0,0,1,0,1
2025,Chinese Grand Prix,Q,NOR,2.0,9.0,clear_violation,334.0,59.0,211.02328100000000,100.0,0.1771430000000000,124,700,265.2206570000000,276.0,1.210145000000000,0.7956520000000000,0,1,0,0,1
2025,Chinese Grand Prix,Q,ANT,18.0,16.0,clear_violation,333.0,68.0,208.9426270000000,100.0,0.1587300000000000,110,693,265.2206570000000,276.0,1.2065220000000001,0.7878070000000000,0,1,0,0,1
2025,Chinese Grand Prix,R,HAD,45.0,14.0,clear_violation,336.0,51.0,197.2706210000000,100.0,0.2231400000000000,162,726,261.8075070000000,271.0,1.2398520000000000,0.7534950000000000,0,0,1,0,1
2025,Chinese Grand Prix,R,DOO,45.0,14.0,clear_violation,311.0,47.0,198.13205199999999,100.0,0.3103450000000000,225,725,261.8075070000000,271.0,1.1476010000000001,0.7567850000000000,0,0,1,0,1
2025,Chinese Grand Prix,R,TSU,16.0,14.0,clear_violation,339.0,56.0,194.21415700000000,100.0,0.2411070000000000,183,759,261.8075070000000,271.0,1.2509230000000000,0.7418200000000000,0,0,1,0,1
2025,Chinese Grand Prix,S,DOO,4.0,14.0,clear_violation,339.0,66.0,195.44501500000001,100.0,0.1953230000000000,142,727,264.33509199999997,272.0,1.2463240000000000,0.7393840000000000,1,0,0,0,1
2025,Dutch Grand Prix,R,GAS,4.0,12.0,clear_violation,330.0,89.0,197.62023500000001,100.0,0.2291670000000000,132,576,295.24735199999998,335.0,0.9850750000000000,0.6693380000000000,0,0,1,0,1
2025,Dutch Grand Prix,R,GAS,69.0,12.0,clear_violation,307.0,72.0,196.22004000000001,100.0,0.2258620000000000,131,580,295.24735199999998,335.0,0.9164180000000000,0.6645950000000000,0,0,1,0,1
2025,Dutch Grand Prix,R,ALO,19.0,3.0,clear_violation,300.375,0.0,168.476155000000,100.0,0.225037000000000,151,671,295.24735199999998,335.0,0.8966420000000001,0.5706270000000000,0,0,1,0,1
2025,Dutch Grand Prix,R,LEC,2.0,3.0,clear_violation,319.55555600000002,88.0,198.54335100000000,100.0,0.268761000000000,154,573,295.24735199999998,335.0,0.9538970000000000,0.6724640000000000,0,0,1,0,1
2025,Dutch Grand Prix,R,LEC,32.0,12.0,clear_violation,303.35000100000002,82.0,175.8895890000000,100.0,0.2570090000000000,165,642,295.24735199999998,335.0,0.9055220000000000,0.5957360000000000,0,0,1,0,1
2025,Dutch Grand Prix,R,HUL,69.0,3.0,clear_violation,309.4333310,87.0,194.3274880000000,100.0,0.2226030000000000,130,584,295.24735199999998,335.0,0.9236820000000000,0.6581850000000000,0,0,1,0,1
2025,Dutch Grand Prix,R,COL,21.0,3.0,clear_violation,305.0,91.0,201.7905430000000,100.0,0.2126930000000000,124,583,295.24735199999998,335.0,0.9104480000000000,0.6834630000000000,0,0,1,0,1
2025,Dutch Grand Prix,R,SAI,69.0,3.0,clear_violation,320.0,90.0,194.70471499999999,100.0,0.3044980000000000,176,578,295.24735199999998,335.0,0.9552240000000000,0.6594630000000000,0,0,1,0,1
2025,Dutch Grand Prix,R,RUS,13.0,3.0,clear_violation,307.0,89.0,200.3754450000000,100.0,0.2081130000000000,118,567,295.24735199999998,335.0,0.9164180000000000,0.6786700000000000,0,0,1,0,1
2025,Emilia Romagna Grand Prix,Q,HUL,8.0,17.0,clear_violation,328.0,100.0,231.78626299999999,100.0,0.1465970000000000,84,573,280.0833330000000,285.0,1.1508769999999999,0.8275620000000000,0,1,0,0,1
2025,Emilia Romagna Grand Prix,R,GAS,3.0,10.0,clear_violation,332.0,85.0,202.8418390000000,100.0,0.2169810000000000,138,636,269.3125,286.0,1.1608390000000000,0.7531840000000000,0,0,1,0,1
2025,Emilia Romagna Grand Prix,R,GAS,7.0,17.0,clear_violation,329.0,92.0,214.8248420000000,100.0,0.2019540000000000,124,614,269.3125,286.0,1.1503500000000000,0.7976790000000000,0,0,1,0,1
2025,Emilia Romagna Grand Prix,R,ALB,60.0,3.0,clear_violation,335.0,91.0,214.31670299999999,100.0,0.1933880000000000,117,605,269.3125,286.0,1.1713290000000001,0.7957920000000001,0,0,1,0,1
2025,Hungarian Grand Prix,Q,STR,14.0,9.0,clear_violation,312.0,95.0,204.93616800000001,99.0,0.1828860000000000,109,596,260.52840900000001,265.0,1.1773579999999999,0.7866170000000000,0,1,0,0,1
2025,Hungarian Grand Prix,Q,COL,8.0,9.0,clear_violation,317.0,96.0,202.9862110000000,100.0,0.2013650000000000,118,586,260.52840900000001,265.0,1.1962260000000000,0.7791330000000000,0,1,0,0,1
2025,Hungarian Grand Prix,Q,ANT,8.0,14.0,clear_violation,319.0,96.0,207.9947050000000,100.0,0.1935480000000000,108,558,260.52840900000001,265.0,1.2037739999999999,0.7983570000000000,0,1,0,0,1
2025,Hungarian Grand Prix,R,NOR,29.0,7.0,clear_violation,288.0,86.0,188.5293860000000,100.0,0.2327870000000000,142,610,248.5979070000000,261.0,1.103448000000000,0.7583710000000000,0,0,1,0,1
2025,Hungarian Grand Prix,R,RUS,29.0,7.0,clear_violation,292.0,88.0,193.3002510000000,100.0,0.2082640000000000,126,605,248.5979070000000,261.0,1.1187739999999999,0.7775620000000000,0,0,1,0,1
2025,Hungarian Grand Prix,R,ANT,22.0,7.0,clear_violation,278.0,0.0,151.45978400000001,100.0,0.2307690000000000,180,780,248.5979070000000,261.0,1.0651340000000000,0.6092560000000000,0,0,1,0,1
2025,Hungarian Grand Prix,R,ANT,55.0,7.0,clear_violation,302.0,88.0,190.90827100000001,100.0,0.2302740000000000,143,621,248.5979070000000,261.0,1.157088000000000,0.7679400000000000,0,0,1,0,1
2025,Hungarian Grand Prix,R,HAM,29.0,4.0,clear_violation,316.0,81.0,183.65822399999999,100.0,0.3025080000000000,193,638,248.5979070000000,261.0,1.210728000000000,0.7387760000000000,0,0,1,0,1
2025,Hungarian Grand Prix,R,HUL,4.0,1.0,clear_violation,331.0,88.0,185.4831770000000,100.0,0.2317260000000000,149,643,248.5979070000000,261.0,1.2681990000000001,0.7461170000000000,0,0,1,0,1
2025,Hungarian Grand Prix,R,HUL,22.0,7.0,clear_violation,300.0,82.0,185.3112280000000,100.0,0.2625,168,640,248.5979070000000,261.0,1.1494249999999999,0.7454260000000000,0,0,1,0,1
2025,Hungarian Grand Prix,R,HUL,49.0,1.0,clear_violation,320.0,86.0,192.3735050000000,100.0,0.2067850000000000,128,619,248.5979070000000,261.0,1.2260540000000000,0.7738340000000000,0,0,1,0,1
2025,Hungarian Grand Prix,R,SAI,61.0,2.0,clear_violation,323.0,65.0,187.6768690000000,100.0,0.3082940000000000,197,639,248.5979070000000,261.0,1.2375480000000001,0.7549410000000000,0,0,1,0,1
2025,Hungarian Grand Prix,R,ALB,30.0,7.0,clear_violation,300.0,81.0,185.7945870000000,100.0,0.2589150000000000,167,645,248.5979070000000,261.0,1.1494249999999999,0.747370000000000,0,0,1,0,1
2025,Hungarian Grand Prix,R,COL,27.0,7.0,clear_violation,294.0,88.0,188.14812100000000,100.0,0.2141730000000000,136,635,248.5979070000000,261.0,1.1264369999999999,0.7568370000000000,0,0,1,0,1
2025,Hungarian Grand Prix,R,COL,47.0,7.0,clear_violation,295.0,79.0,186.47157200000001,100.0,0.2307690000000000,147,637,248.5979070000000,261.0,1.1302680000000001,0.7500930000000000,0,0,1,0,1
2025,Hungarian Grand Prix,R,GAS,2.0,1.0,clear_violation,304.0,92.0,182.53416200000001,100.0,0.284375,182,640,248.5979070000000,261.0,1.1647510000000001,0.7342550000000000,0,0,1,0,1
2025,Hungarian Grand Prix,R,GAS,64.0,1.0,clear_violation,301.0,87.0,185.4019330000000,100.0,0.2492010000000000,156,626,248.5979070000000,261.0,1.1532570000000000,0.7457900000000000,0,0,1,0,1
2025,Hungarian Grand Prix,R,BEA,21.0,14.0,clear_violation,296.0,87.0,186.12528100000000,100.0,0.2361110000000000,153,648,248.5979070000000,261.0,1.1341000000000001,0.7487000000000000,0,0,1,0,1
2025,Italian Grand Prix,Q,NOR,5.0,1.0,clear_violation,343.0,68.0,207.1010620000000,100.0,0.1266490000000000,96,758,314.16037699999998,320.0,1.071875,0.6592209999999999,0,1,0,0,1
2025,Italian Grand Prix,Q,ALB,2.0,1.0,clear_violation,344.0,47.0,202.55011300000001,100.0,0.194125000000000,152,783,314.16037699999998,320.0,1.075,0.644735000000000,0,1,0,0,1
2025,Italian Grand Prix,Q,SAI,2.0,7.0,clear_violation,344.0,69.0,257.4970190000000,100.0,0.1386620000000000,85,613,314.16037699999998,320.0,1.075,0.8196360000000000,0,1,0,0,1
2025,Italian Grand Prix,R,LEC,4.0,1.0,clear_violation,334.0,62.0,244.8016720000000,100.0,0.1516590000000000,96,633,313.80922399999997,322.0,1.0372669999999999,0.7800970000000000,0,0,1,0,1
2025,Italian Grand Prix,R,RUS,48.0,2.0,clear_violation,336.0,69.0,252.15504500000000,100.0,0.1449750000000000,88,607,313.80922399999997,322.0,1.0434779999999999,0.8035300000000000,0,0,1,0,1
2025,Italian Grand Prix,R,ALB,27.0,2.0,clear_violation,338.0,65.0,250.4505060000000,100.0,0.1510670000000000,92,609,313.80922399999997,322.0,1.049689000000000,0.7980980000000000,0,0,1,0,1
2025,Italian Grand Prix,R,BOR,52.0,1.0,clear_violation,342.0,69.0,250.48604300000000,100.0,0.1516130000000000,94,620,313.80922399999997,322.0,1.062112000000000,0.7982110000000000,0,0,1,0,1
2025,Italian Grand Prix,R,ANT,6.0,5.0,clear_violation,357.0,68.0,242.46561199999999,100.0,0.1742540000000000,111,637,313.80922399999997,322.0,1.108696000000000,0.7726530000000000,0,0,1,0,1
2025,Italian Grand Prix,R,ANT,23.0,5.0,clear_violation,336.0,69.0,247.2401470000000,100.0,0.136,85,625,313.80922399999997,322.0,1.0434779999999999,0.7878680000000000,0,0,1,0,1
2025,Italian Grand Prix,R,ANT,26.0,2.0,clear_violation,335.0,56.0,243.96648999999999,100.0,0.1505380000000000,98,651,313.80922399999997,322.0,1.0403730000000000,0.7774360000000000,0,0,1,0,1
2025,Italian Grand Prix,R,HAD,8.0,1.0,clear_violation,361.0,52.0,239.4717540000000,100.0,0.1795280000000000,114,635,313.80922399999997,322.0,1.1211180000000001,0.7631130000000000,0,0,1,0,1
2025,Italian Grand Prix,R,SAI,17.0,4.0,clear_violation,353.0,68.0,245.18076800000000,100.0,0.1915890000000000,123,642,313.80922399999997,322.0,1.0962730000000001,0.7813050000000000,0,0,1,0,1
2025,Italian Grand Prix,R,SAI,23.0,5.0,clear_violation,336.0,70.0,245.1804520000000,100.0,0.1738440000000000,109,627,313.80922399999997,322.0,1.0434779999999999,0.7813040000000000,0,0,1,0,1
2025,Italian Grand Prix,R,SAI,40.0,5.0,clear_violation,358.0,0.0,231.09664699999999,100.0,0.1875,129,688,313.80922399999997,322.0,1.1118010000000000,0.7364240000000000,0,0,1,0,1
2025,Italian Grand Prix,R,BEA,40.0,5.0,clear_violation,342.0,0.0,221.89324600000000,100.0,0.1638660000000000,117,714,313.80922399999997,322.0,1.062112000000000,0.7070959999999999,0,0,1,0,1
2025,Italian Grand Prix,R,TSU,27.0,5.0,clear_violation,355.0,62.0,243.43896799999999,100.0,0.1835750000000000,114,621,313.80922399999997,322.0,1.1024840000000000,0.7757550000000000,0,0,1,0,1
2025,Italian Grand Prix,R,LAW,27.0,5.0,clear_violation,340.0,56.0,239.5717350000000,100.0,0.1844200000000000,116,629,313.80922399999997,322.0,1.0559010000000000,0.7634310000000000,0,0,1,0,1
2025,Italian Grand Prix,R,GAS,15.0,5.0,clear_violation,333.0,69.0,240.88304900000000,100.0,0.15,99,660,313.80922399999997,322.0,1.0341610000000001,0.7676100000000000,0,0,1,0,1
2025,Italian Grand Prix,R,GAS,18.0,7.0,clear_violation,333.0,71.0,244.44260100000000,100.0,0.1439870000000000,91,632,313.80922399999997,322.0,1.0341610000000001,0.778953000000000,0,0,1,0,1
2025,Italian Grand Prix,R,GAS,33.0,5.0,clear_violation,329.0,71.0,244.6557920000000,100.0,0.1501600000000000,94,626,313.80922399999997,322.0,1.0217390000000000,0.7796320000000000,0,0,1,0,1
2025,Italian Grand Prix,R,COL,9.0,5.0,clear_violation,337.0,66.0,243.72493000000000,100.0,0.1477990000000000,94,636,313.80922399999997,322.0,1.046584000000000,0.7766660000000000,0,0,1,0,1
2025,Italian Grand Prix,R,COL,30.0,1.0,clear_violation,330.0,60.0,240.63040699999999,100.0,0.1458970000000000,96,658,313.80922399999997,322.0,1.0248450000000000,0.7668050000000000,0,0,1,0,1
2025,Italian Grand Prix,R,COL,50.0,5.0,clear_violation,317.0,67.0,245.31369500000000,100.0,0.1340520000000000,87,649,313.80922399999997,322.0,0.984472000000000,0.7817290000000000,0,0,1,0,1
2025,Italian Grand Prix,R,STR,2.0,4.0,clear_violation,338.0,61.0,239.0055010000000,99.0,0.1595580000000000,101,633,313.80922399999997,322.0,1.049689000000000,0.7616270000000001,0,0,1,0,1
2025,Japanese Grand Prix,R,NOR,53.0,17.0,clear_violation,313.0,63.0,226.54315399999999,100.0,0.1407840000000000,97,689,266.84104000000002,280.0,1.1178570000000001,0.8489820000000000,0,0,1,0,1
2025,Japanese Grand Prix,R,RUS,33.0,17.0,clear_violation,311.0,67.0,223.748653000000,100.0,0.1513350000000000,102,674,266.84104000000002,280.0,1.1107140000000000,0.8385089999999999,0,0,1,0,1
2025,Japanese Grand Prix,R,ANT,2.0,17.0,clear_violation,307.0,71.0,218.3354050000000,100.0,0.1474930000000000,100,678,266.84104000000002,280.0,1.0964290000000001,0.8182230000000000,0,0,1,0,1
2025,Japanese Grand Prix,R,ANT,47.0,17.0,clear_violation,311.0,70.0,226.1336570000000,100.0,0.1434780000000000,99,690,266.84104000000002,280.0,1.1107140000000000,0.847447000000000,0,0,1,0,1
2025,Japanese Grand Prix,R,TSU,26.0,17.0,clear_violation,333.0,69.0,222.04122599999999,100.0,0.1576760000000000,114,723,266.84104000000002,280.0,1.1892860000000001,0.8321100000000000,0,0,1,0,1
2025,Japanese Grand Prix,R,GAS,53.0,17.0,clear_violation,309.0,62.0,224.48389700000,100.0,0.1387280000000000,96,692,266.84104000000002,280.0,1.1035710000000001,0.8412650000000000,0,0,1,0,1
2025,Japanese Grand Prix,R,SAI,15.0,17.0,clear_violation,310.0,62.0,218.9360930000000,100.0,0.1825730000000000,132,723,266.84104000000002,280.0,1.1071430000000000,0.820474000000000,0,0,1,0,1
2025,Japanese Grand Prix,R,SAI,25.0,17.0,clear_violation,330.0,60.0,220.70255499999999,100.0,0.1787230000000000,126,705,266.84104000000002,280.0,1.1785710000000000,0.8270940000000000,0,0,1,0,1
2025,Las Vegas Grand Prix,Q,RUS,12.0,12.0,clear_violation,330.0,0.0,183.0701950000000,100.0,0.2269270000000000,209,921,274.8789810000000,318.0,1.0377360000000000,0.6660030000000000,0,1,0,0,1
2025,Las Vegas Grand Prix,Q,RUS,14.0,14.0,clear_violation,332.0,21.0,184.4134560000000,100.0,0.2212490000000000,202,913,274.8789810000000,318.0,1.0440250000000000,0.6708900000000000,0,1,0,0,1
2025,Las Vegas Grand Prix,Q,RUS,22.0,12.0,clear_violation,323.0,37.0,188.5137320000000,100.0,0.209989000000000,185,881,274.8789810000000,318.0,1.0157229999999999,0.6858060000000000,0,1,0,0,1
2025,Las Vegas Grand Prix,Q,VER,3.0,1.0,clear_violation,321.0,30.0,171.55973599999999,100.0,0.2691530000000000,267,992,274.8789810000000,318.0,1.009434000000000,0.6241280000000000,0,1,0,0,1
2025,Las Vegas Grand Prix,Q,VER,4.0,8.0,clear_violation,316.0,0.0,167.59036200000000,100.0,0.2641880000000000,270,1022,274.8789810000000,318.0,0.9937110000000000,0.6096880000000000,0,1,0,0,1
2025,Las Vegas Grand Prix,Q,HAD,21.0,8.0,clear_violation,336.0,67.0,200.0482920000000,100.0,0.2179030000000000,185,849,274.8789810000000,318.0,1.0566040000000001,0.7277690000000000,0,1,0,0,1
2025,Las Vegas Grand Prix,Q,HAM,7.0,12.0,clear_violation,333.0,31.0,172.51191200000000,100.0,0.3007140000000000,295,981,274.8789810000000,318.0,1.0471699999999999,0.627592000000000,0,1,0,0,1
2025,Las Vegas Grand Prix,Q,STR,2.0,14.0,clear_violation,320.0,34.0,177.2776150000000,100.0,0.2393620000000000,225,940,274.8789810000000,318.0,1.0062890000000000,0.644930000000000,0,1,0,0,1
2025,Las Vegas Grand Prix,Q,STR,17.0,1.0,clear_violation,329.0,63.0,195.51609099999999,100.0,0.230324000000000,199,864,274.8789810000000,318.0,1.0345910000000000,0.7112810000000001,0,1,0,0,1
2025,Las Vegas Grand Prix,Q,GAS,6.0,14.0,clear_violation,328.0,0.0,172.25062800000001,100.0,0.2567430000000000,257,1001,274.8789810000000,318.0,1.0314470000000000,0.626642000000000,0,1,0,0,1
2025,Las Vegas Grand Prix,Q,SAI,4.0,5.0,clear_violation,324.0,0.0,164.7373060000000,100.0,0.3127380000000000,329,1052,274.8789810000000,318.0,1.0188680000000001,0.5993080000000000,0,1,0,0,1
2025,Las Vegas Grand Prix,Q,BOR,4.0,14.0,clear_violation,330.0,3.0,164.97834200000000,100.0,0.2400390000000000,247,1029,274.8789810000000,318.0,1.0377360000000000,0.6001850000000000,0,1,0,0,1
2025,Las Vegas Grand Prix,Q,OCO,4.0,14.0,clear_violation,327.0,40.0,183.16732800000,100.0,0.2963360000000000,275,928,274.8789810000000,318.0,1.028302000000000,0.6663559999999999,0,1,0,0,1
2025,Las Vegas Grand Prix,Q,LEC,4.0,14.0,clear_violation,319.0,37.0,181.08437900000001,100.0,0.2433300000000000,228,937,274.8789810000000,318.0,1.0031450000000000,0.6587790000000000,0,1,0,0,1
2025,Las Vegas Grand Prix,Q,LEC,16.0,8.0,clear_violation,322.0,62.0,192.0963420000000,100.0,0.2371130000000000,207,873,274.8789810000000,318.0,1.0125789999999999,0.6988400000000000,0,1,0,0,1
2025,Las Vegas Grand Prix,Q,LEC,20.0,14.0,clear_violation,327.0,19.0,188.97109200000000,100.0,0.237880000000000,211,887,274.8789810000000,318.0,1.028302000000000,0.6874700000000000,0,1,0,0,1
2025,Las Vegas Grand Prix,Q,HUL,5.0,1.0,clear_violation,328.0,53.0,185.112784000000,100.0,0.2312570000000000,219,947,274.8789810000000,318.0,1.0314470000000000,0.6734340000000000,0,1,0,0,1
2025,Las Vegas Grand Prix,Q,HUL,13.0,14.0,clear_violation,331.0,41.0,190.1404930000000,100.0,0.2065830000000000,182,881,274.8789810000000,318.0,1.0408809999999999,0.691724000000000,0,1,0,0,1
2025,Las Vegas Grand Prix,Q,TSU,4.0,12.0,clear_violation,321.0,0.0,161.30225200000001,100.0,0.2339020000000000,247,1056,274.8789810000000,318.0,1.009434000000000,0.5868120000000000,0,1,0,0,1
2025,Las Vegas Grand Prix,Q,PIA,20.0,5.0,clear_violation,323.0,1.0,164.797906000000,100.0,0.2031870000000000,204,1004,274.8789810000000,318.0,1.0157229999999999,0.599529000000000,0,1,0,0,1
2025,Mexico City Grand Prix,Q,BOR,2.0,12.0,clear_violation,346.0,66.0,195.0752890000000,100.0,0.2368870000000000,140,591,251.256039000000,257.0,1.3463039999999999,0.776400000000000,0,1,0,0,1
2025,Mexico City Grand Prix,R,VER,6.0,5.0,clear_violation,352.0,48.0,174.95719199999999,100.0,0.2436090000000000,162,665,244.67694800000001,252.0,1.3968250000000000,0.7150540000000000,0,0,1,0,1
2025,Mexico City Grand Prix,R,ANT,51.0,14.0,clear_violation,333.0,64.0,190.51513199999999,100.0,0.2072370000000000,126,608,244.67694800000001,252.0,1.3214290000000000,0.778639000000000,0,0,1,0,1
2025,Mexico City Grand Prix,R,ANT,62.0,14.0,clear_violation,335.0,66.0,188.5844730000000,100.0,0.2204210000000000,136,617,244.67694800000001,252.0,1.3293649999999999,0.7707490000000000,0,0,1,0,1
2025,Mexico City Grand Prix,R,STR,44.0,1.0,clear_violation,311.0,0.0,149.52823500000000,99.0,0.2268040000000000,176,776,244.67694800000001,252.0,1.2341270000000000,0.6111250000000000,0,0,1,0,1
2025,Mexico City Grand Prix,R,HAM,6.0,4.0,clear_violation,329.0,53.0,177.6236550000000,100.0,0.2647060000000000,171,646,244.67694800000001,252.0,1.3055559999999999,0.7259520000000000,0,0,1,0,1
2025,Mexico City Grand Prix,R,HAM,62.0,3.0,clear_violation,331.0,61.0,184.3990670000000,100.0,0.2700160000000000,172,637,244.67694800000001,252.0,1.3134920000000001,0.7536430000000000,0,0,1,0,1
2025,Mexico City Grand Prix,R,SAI,18.0,1.0,clear_violation,309.0,0.0,151.51396500000001,100.0,0.2619970000000000,202,771,244.67694800000001,252.0,1.2261899999999999,0.6192410000000000,0,0,1,0,1
2025,Mexico City Grand Prix,R,RUS,6.0,5.0,clear_violation,332.0,53.0,174.87928600000001,100.0,0.2563720000000000,171,667,244.67694800000001,252.0,1.3174600000000001,0.7147350000000000,0,0,1,0,1
2025,Mexico City Grand Prix,R,BEA,6.0,8.0,clear_violation,347.0,55.0,179.78958499999999,100.0,0.2546580000000000,164,644,244.67694800000001,252.0,1.376984000000000,0.7348040000000000,0,0,1,0,1
2025,Miami Grand Prix,R,VER,17.0,11.0,clear_violation,334.0,57.0,204.75021799999999,100.0,0.1737890000000000,122,702,276.9471010000000,289.0,1.1557090000000001,0.7393120000000000,0,0,1,0,1
2025,Miami Grand Prix,R,NOR,17.0,11.0,clear_violation,336.0,51.0,204.20890600000001,100.0,0.1991470000000000,140,703,276.9471010000000,289.0,1.1626300000000001,0.7373570000000000,0,0,1,0,1
2025,Miami Grand Prix,R,BOR,30.0,6.0,clear_violation,261.0,65.0,165.11731700000001,100.0,0.1870010000000000,164,877,276.9471010000000,289.0,0.903114000000000,0.5962050000000000,0,0,1,0,1
2025,Miami Grand Prix,R,SAI,16.0,15.0,clear_violation,324.0,60.0,208.736730000000,100.0,0.1949510000000000,139,713,276.9471010000000,289.0,1.1211070000000001,0.7537060000000000,0,0,1,0,1
2025,Miami Grand Prix,S,SAI,7.0,17.0,clear_violation,331.0,42.0,183.0372220000000,100.0,0.2440320000000000,184,754,239.48709700000001,286.0,1.1573430000000000,0.7642880000000000,1,0,0,0,1
2025,Miami Grand Prix,S,DOO,3.0,11.0,clear_violation,321.0,0.0,146.5427690000000,100.0,0.330604000000000,323,977,239.48709700000001,286.0,1.1223780000000001,0.6119030000000000,1,0,0,0,1
2025,Miami Grand Prix,S,TSU,12.0,15.0,clear_violation,320.0,51.0,193.1322600000000,100.0,0.2172740000000000,161,741,239.48709700000001,286.0,1.118881000000000,0.8064410000000000,1,0,0,0,1
2025,Miami Grand Prix,SQ,HAD,2.0,17.0,clear_violation,337.0,46.0,214.2504470000000,100.0,0.1629960000000000,111,681,276.11486500000001,293.0,1.1501710000000001,0.7759470000000001,0,1,0,0,1
2025,Monaco Grand Prix,Q,LEC,5.0,10.0,clear_violation,283.0,30.0,117.3002480000000,100.0,0.36,270,750,264.7105260000000,274.0,1.032847000000000,0.443126000000000,0,1,0,0,1
2025,Monaco Grand Prix,Q,HAM,5.0,10.0,clear_violation,276.8142880000000,32.0,118.347997000000,100.0,0.3655630000000000,276,755,264.7105260000000,274.0,1.0102709999999999,0.44708500000000001,0,1,0,0,1
2025,Monaco Grand Prix,Q,HAM,13.0,10.0,clear_violation,276.0,21.0,113.22031100000000,100.0,0.2869900000000000,225,784,264.7105260000000,274.0,1.0072989999999999,0.42771399999999998,0,1,0,0,1
2025,Monaco Grand Prix,Q,ALB,6.0,1.0,clear_violation,275.6111120000000,36.0,113.6754020000000,100.0,0.2324390000000000,182,783,264.7105260000000,274.0,1.0058800000000001,0.4294330000000000,0,1,0,0,1
2025,Monaco Grand Prix,Q,SAI,4.0,16.0,clear_violation,276.72857199999999,16.0,114.76437600000000,100.0,0.3228350000000000,246,762,264.7105260000000,274.0,1.0099579999999999,0.43354700000000002,0,1,0,0,1
2025,Monaco Grand Prix,Q,SAI,6.0,1.0,clear_violation,274.468752,34.0,114.83616400000000,100.0,0.300771000000000,234,778,264.7105260000000,274.0,1.0017110000000000,0.43381799999999998,0,1,0,0,1
2025,Monaco Grand Prix,Q,SAI,22.0,10.0,clear_violation,276.0,32.0,124.6680120000000,100.0,0.2737750000000000,190,694,264.7105260000000,274.0,1.0072989999999999,0.4709600000000000,0,1,0,0,1
2025,Monaco Grand Prix,Q,TSU,18.0,1.0,clear_violation,278.203128,43.0,117.83379400000000,100.0,0.1939480000000000,141,727,264.7105260000000,274.0,1.015340000000000,0.44514199999999998,0,1,0,0,1
2025,Monaco Grand Prix,Q,ANT,3.0,1.0,clear_violation,268.0,41.0,117.5494330000000,104.0,0.1866840000000000,143,766,264.7105260000000,274.0,0.9781020000000000,0.44406800000000002,0,1,0,0,1
2025,Monaco Grand Prix,Q,ANT,4.0,1.0,clear_violation,271.94643500000001,42.0,112.67434000000000,100.0,0.2005080000000000,158,788,264.7105260000000,274.0,0.9925050000000000,0.4256510000000000,0,1,0,0,1
2025,Monaco Grand Prix,Q,ANT,10.0,16.0,clear_violation,270.2795440000000,13.0,109.196954000000,100.0,0.2295480000000000,188,819,264.7105260000000,274.0,0.9864220000000000,0.4125150000000000,0,1,0,0,1
2025,Monaco Grand Prix,Q,RUS,4.0,1.0,clear_violation,269.0,34.0,107.63536700000000,100.0,0.2327270000000000,192,825,264.7105260000000,274.0,0.9817520000000000,0.4066150000000000,0,1,0,0,1
2025,Monaco Grand Prix,Q,RUS,5.0,10.0,clear_violation,277.2071440000000,44.0,128.29426500000000,100.0,0.1929080000000000,136,705,264.7105260000000,274.0,1.0117050000000001,0.4846590000000000,0,1,0,0,1
2025,Monaco Grand Prix,Q,RUS,7.0,10.0,clear_violation,276.16388799999999,32.0,112.5135820000000,88.05553800000000,0.1738040000000000,138,794,264.7105260000000,274.0,1.007897000000000,0.42504399999999998,0,1,0,0,1
2025,Monaco Grand Prix,Q,RUS,8.0,1.0,clear_violation,221.9124990,36.0,108.63071800000000,84.0,0.222766000000000,182,817,264.7105260000000,274.0,0.8099000000000000,0.4103760000000000,0,1,0,0,1
2025,Monaco Grand Prix,Q,RUS,9.0,1.0,clear_violation,277.57142900000002,34.0,113.45996400000000,100.0,0.2269860000000000,180,793,264.7105260000000,274.0,1.0130340000000000,0.4286190000000000,0,1,0,0,1
2025,Monaco Grand Prix,Q,RUS,12.0,10.0,clear_violation,279.88499700,45.0,141.3880900000000,100.0,0.2610060000000000,166,636,264.7105260000000,274.0,1.021478000000000,0.5341230000000000,0,1,0,0,1
2025,Monaco Grand Prix,Q,ALO,15.0,1.0,clear_violation,277.5863620,43.0,120.19268000000000,100.0,0.2486190000000000,180,724,264.7105260000000,274.0,1.013089000000000,0.4540530000000000,0,1,0,0,1
2025,Monaco Grand Prix,Q,GAS,3.0,1.0,clear_violation,274.56999900,32.0,119.58553999999999,100.0,0.2270190000000000,163,718,264.7105260000000,274.0,1.0020800000000001,0.45175999999999999,0,1,0,0,1
2025,Monaco Grand Prix,Q,GAS,7.0,10.0,clear_violation,279.0,29.0,114.48922800000000,100.0,0.2619650000000000,208,794,264.7105260000000,274.0,1.0182480000000000,0.4325070000000000,0,1,0,0,1
2025,Monaco Grand Prix,Q,STR,5.0,10.0,clear_violation,291.0,22.0,109.72680800000001,99.0,0.2533830000000000,206,813,264.7105260000000,274.0,1.062044000000000,0.4145160000000000,0,1,0,0,1
2025,Monaco Grand Prix,Q,HAD,23.0,10.0,clear_violation,286.0,46.0,166.3892330000000,100.0,0.2575760000000000,136,528,264.7105260000000,274.0,1.0437959999999999,0.6285710000000000,0,1,0,0,1
2025,Monaco Grand Prix,Q,OCO,16.0,1.0,clear_violation,277.2499970,42.0,125.0261090000000,100.0,0.4054050000000000,285,703,264.7105260000000,274.0,1.011861000000000,0.47231299999999998,0,1,0,0,1
2025,Monaco Grand Prix,Q,BOR,4.0,10.0,clear_violation,287.0,44.0,155.71476400000000,100.0,0.2668980000000000,154,577,264.7105260000000,274.0,1.0474450000000000,0.5882450000000000,0,1,0,0,1
2025,Monaco Grand Prix,R,VER,53.0,10.0,clear_violation,283.0,45.0,153.07886700000000,100.0,0.3063970000000000,182,594,257.30802599999998,273.0,1.0366299999999999,0.5949250000000000,0,0,1,0,1
2025,Monaco Grand Prix,R,ANT,41.0,10.0,clear_violation,285.0,43.0,151.16455700000000,100.0,0.2689660000000000,156,580,257.30802599999998,273.0,1.043956000000000,0.5874850000000000,0,0,1,0,1
2025,Monaco Grand Prix,R,ANT,51.0,10.0,clear_violation,286.0,41.0,147.31513799999999,100.0,0.2882740000000000,177,614,257.30802599999998,273.0,1.0476190000000001,0.5725240000000000,0,0,1,0,1
2025,Monaco Grand Prix,R,LEC,21.0,10.0,clear_violation,282.0,42.0,156.15764200000001,100.0,0.2693660000000000,153,568,257.30802599999998,273.0,1.032967000000000,0.6068900000000000,0,0,1,0,1
2025,Monaco Grand Prix,R,STR,74.0,10.0,clear_violation,294.0,42.0,153.10906100000000,99.0,0.2886250000000000,170,589,257.30802599999998,273.0,1.0769230000000001,0.5950420000000000,0,0,1,0,1
2025,Monaco Grand Prix,R,TSU,8.0,10.0,clear_violation,289.0,44.0,140.54871700000001,100.0,0.2914010000000000,183,628,257.30802599999998,273.0,1.0586080000000000,0.5462270000000000,0,0,1,0,1
2025,Monaco Grand Prix,R,HUL,52.0,10.0,clear_violation,289.0,41.0,147.80014399999999,100.0,0.3344100000000000,207,619,257.30802599999998,273.0,1.0586080000000000,0.5744089999999999,0,0,1,0,1
2025,Monaco Grand Prix,R,HUL,64.0,10.0,clear_violation,289.0,43.0,147.99306500000000,100.0,0.2880520000000000,176,611,257.30802599999998,273.0,1.0586080000000000,0.5751590000000000,0,0,1,0,1
2025,Monaco Grand Prix,R,LAW,9.0,10.0,clear_violation,274.0,45.0,139.96247700000001,100.0,0.2928800000000000,181,618,257.30802599999998,273.0,1.0036630000000000,0.5439490000000000,0,0,1,0,1
2025,Monaco Grand Prix,R,HAM,35.0,10.0,clear_violation,284.0,43.0,151.54010600000001,100.0,0.3448870000000000,199,577,257.30802599999998,273.0,1.0402929999999999,0.5889440000000000,0,0,1,0,1
2025,Monaco Grand Prix,R,RUS,47.0,10.0,clear_violation,284.0,46.0,147.55896899999999,100.0,0.3187920000000000,190,596,257.30802599999998,273.0,1.0402929999999999,0.5734720000000000,0,0,1,0,1
2025,Monaco Grand Prix,R,RUS,48.0,10.0,clear_violation,288.0,43.0,153.50529800000001,100.0,0.3001690000000000,178,593,257.30802599999998,273.0,1.054945000000000,0.5965819999999999,0,0,1,0,1
2025,Monaco Grand Prix,R,BEA,51.0,10.0,clear_violation,286.0,41.0,144.1408730000000,100.0,0.3011090000000000,190,631,257.30802599999998,273.0,1.0476190000000001,0.5601880000000000,0,0,1,0,1
2025,Monaco Grand Prix,R,BEA,76.0,10.0,clear_violation,285.0,43.0,152.80793499999999,100.0,0.3008700000000000,173,575,257.30802599999998,273.0,1.043956000000000,0.5938720000000000,0,0,1,0,1
2025,Qatar Grand Prix,Q,NOR,8.0,10.0,clear_violation,326.0,99.0,242.60300300000000,100.0,0.1121950000000000,69,615,275.6459140000000,288.0,1.1319440000000001,0.8801260000000000,0,1,0,0,1
2025,Qatar Grand Prix,Q,HAD,8.0,10.0,clear_violation,324.0,97.0,239.9470470000000,100.0,0.1256040000000000,78,621,275.6459140000000,288.0,1.125,0.8704900000000000,0,1,0,0,1
2025,Qatar Grand Prix,Q,ALB,2.0,15.0,clear_violation,323.0,96.0,236.06250299999999,100.0,0.1383150000000000,87,629,275.6459140000000,288.0,1.1215280000000001,0.8563980000000000,0,1,0,0,1
2025,Qatar Grand Prix,Q,ANT,9.0,10.0,clear_violation,329.0,98.0,241.05387500000001,100.0,0.1430920000000000,87,608,275.6459140000000,288.0,1.1423610000000000,0.8745060000000000,0,1,0,0,1
2025,Qatar Grand Prix,Q,RUS,17.0,10.0,clear_violation,330.0,97.0,242.7112320000000,100.0,0.1372550000000000,84,612,275.6459140000000,288.0,1.1458330000000001,0.8805180000000000,0,1,0,0,1
2025,Qatar Grand Prix,Q,BEA,16.0,15.0,clear_violation,321.0,96.0,240.84009200000000,100.0,0.1644950000000000,101,614,275.6459140000000,288.0,1.1145830000000001,0.8737300000000000,0,1,0,0,1
2025,Qatar Grand Prix,Q,OCO,4.0,15.0,clear_violation,326.0,96.0,237.87353400000001,100.0,0.2083330000000000,125,600,275.6459140000000,288.0,1.1319440000000001,0.8629680000000000,0,1,0,0,1
2025,Qatar Grand Prix,Q,GAS,8.0,8.0,clear_violation,329.0,100.0,241.10260800000000,100.0,0.1414470000000000,86,608,275.6459140000000,288.0,1.1423610000000000,0.8746820000000000,0,1,0,0,1
2025,Qatar Grand Prix,Q,COL,2.0,15.0,clear_violation,328.0,100.0,237.5645660000000,100.0,0.1525970000000000,94,616,275.6459140000000,288.0,1.1388890000000000,0.8618470000000000,0,1,0,0,1
2025,Qatar Grand Prix,R,GAS,2.0,14.0,clear_violation,308.0,93.0,215.81815399999999,104.0,0.2077150000000000,140,674,276.73776900000001,287.0,1.0731710000000001,0.779865000000000,0,0,1,0,1
2025,Qatar Grand Prix,R,ANT,3.0,10.0,clear_violation,329.0,90.0,217.6738400000000,100.0,0.1874040000000000,122,651,276.73776900000001,287.0,1.146341000000000,0.7865710000000000,0,0,1,0,1
2025,Qatar Grand Prix,R,ANT,56.0,10.0,clear_violation,318.0,90.0,223.1882460000000,100.0,0.1608830000000000,102,634,276.73776900000001,287.0,1.10801400000000,0.8064970000000000,0,0,1,0,1
2025,Qatar Grand Prix,R,LEC,53.0,14.0,clear_violation,314.0,89.0,229.13288900000001,100.0,0.1396050000000000,92,659,276.73776900000001,287.0,1.0940770000000000,0.82797800000000,0,0,1,0,1
2025,Qatar Grand Prix,R,TSU,2.0,10.0,clear_violation,314.0,92.0,217.7372010000000,100.0,0.1866670000000000,126,675,276.73776900000001,287.0,1.0940770000000000,0.7868000000000001,0,0,1,0,1
2025,Qatar Grand Prix,R,TSU,17.0,10.0,clear_violation,338.0,88.0,221.43361100000001,100.0,0.1927160000000000,127,659,276.73776900000001,287.0,1.1777000000000000,0.8001570000000000,0,0,1,0,1
2025,Qatar Grand Prix,R,ALB,11.0,10.0,clear_violation,312.0,90.0,218.93227700000000,100.0,0.1603050000000000,105,655,276.73776900000001,287.0,1.0871080000000000,0.7911180000000000,0,0,1,0,1
2025,Qatar Grand Prix,R,ALB,13.0,10.0,clear_violation,333.0,90.0,218.5053330000000,100.0,0.1845240000000000,124,672,276.73776900000001,287.0,1.1602790000000001,0.7895750000000000,0,0,1,0,1
2025,Qatar Grand Prix,R,ALB,20.0,10.0,clear_violation,336.0,88.0,219.3755810000000,100.0,0.1904050000000000,127,667,276.73776900000001,287.0,1.170732000000000,0.7927200000000000,0,0,1,0,1
2025,Qatar Grand Prix,R,LAW,20.0,8.0,clear_violation,333.0,88.0,221.5363090000000,100.0,0.1601800000000000,107,668,276.73776900000001,287.0,1.1602790000000001,0.8005280000000000,0,0,1,0,1
2025,Qatar Grand Prix,R,NOR,11.0,10.0,clear_violation,309.0,93.0,225.4915470000000,100.0,0.1528660000000000,96,628,276.73776900000001,287.0,1.0766549999999999,0.8148200000000000,0,0,1,0,1
2025,Qatar Grand Prix,R,NOR,29.0,10.0,clear_violation,309.0,95.0,225.8020530000000,100.0,0.143317000000000,89,621,276.73776900000001,287.0,1.0766549999999999,0.8159419999999999,0,0,1,0,1
2025,Qatar Grand Prix,R,COL,47.0,10.0,clear_violation,306.0,89.0,224.7699830000000,100.0,0.1603050000000000,105,655,276.73776900000001,287.0,1.0662020000000001,0.8122130000000000,0,0,1,0,1
2025,Qatar Grand Prix,R,HAD,49.0,10.0,clear_violation,305.0,94.0,230.8381330000000,100.0,0.138801000000000,88,634,276.73776900000001,287.0,1.0627180000000001,0.8341400000000000,0,0,1,0,1
2025,Qatar Grand Prix,R,RUS,31.0,10.0,clear_violation,315.0,87.0,223.8088190000000,100.0,0.1590550000000000,101,635,276.73776900000001,287.0,1.0975610000000000,0.8087400000000000,0,0,1,0,1
2025,Qatar Grand Prix,R,RUS,36.0,10.0,clear_violation,315.0,91.0,226.75676799999999,100.0,0.1756550000000000,114,649,276.73776900000001,287.0,1.0975610000000000,0.8193920000000000,0,0,1,0,1
2025,Qatar Grand Prix,R,RUS,42.0,1.0,clear_violation,334.0,92.0,223.84969699999999,100.0,0.1639100000000000,109,665,276.73776900000001,287.0,1.1637630000000001,0.808887000000000,0,0,1,0,1
2025,Qatar Grand Prix,R,PIA,54.0,10.0,clear_violation,313.0,93.0,231.02859900000001,100.0,0.1450860000000000,93,641,276.73776900000001,287.0,1.0905920000000000,0.8348290000000000,0,0,1,0,1
2025,Qatar Grand Prix,S,RUS,9.0,10.0,clear_violation,312.0,90.0,225.85816199999999,100.0,0.1659190000000000,111,669,281.0371350000000,287.0,1.0871080000000000,0.803659000000000,1,0,0,0,1
2025,Qatar Grand Prix,S,TSU,6.0,10.0,clear_violation,308.0,88.0,224.96926700000000,100.0,0.1555210000000000,100,643,281.0371350000000,287.0,1.0731710000000001,0.8004970000000000,1,0,0,0,1
2025,Qatar Grand Prix,S,TSU,7.0,10.0,clear_violation,310.0,89.0,225.13014300000000,100.0,0.1471050000000000,94,639,281.0371350000000,287.0,1.0801390000000000,0.8010690000000000,1,0,0,0,1
2025,Qatar Grand Prix,S,TSU,8.0,10.0,clear_violation,308.0,86.0,224.4987540000000,100.0,0.160377000000000,102,636,281.0371350000000,287.0,1.0731710000000001,0.7988220000000000,1,0,0,0,1
2025,Qatar Grand Prix,S,TSU,9.0,10.0,clear_violation,308.0,87.0,227.0120400000000,100.0,0.1315400000000000,88,669,281.0371350000000,287.0,1.0731710000000001,0.8077650000000000,1,0,0,0,1
2025,Qatar Grand Prix,S,ANT,6.0,10.0,clear_violation,330.0,89.0,223.6779160000000,100.0,0.1646150000000000,107,650,281.0371350000000,287.0,1.1498260000000000,0.7959020000000000,1,0,0,0,1
2025,Qatar Grand Prix,S,ANT,8.0,10.0,clear_violation,332.0,88.0,225.49706900000001,100.0,0.1742540000000000,111,637,281.0371350000000,287.0,1.156794000000000,0.8023749999999999,1,0,0,0,1
2025,Qatar Grand Prix,S,ANT,16.0,10.0,clear_violation,314.0,87.0,227.3685530000000,100.0,0.1703130,109,640,281.0371350000000,287.0,1.0940770000000000,0.8090340000000000,1,0,0,0,1
2025,Qatar Grand Prix,S,ALO,12.0,16.0,clear_violation,307.0,89.0,222.44317799999999,100.0,0.1569230000000000,102,650,281.0371350000000,287.0,1.0696859999999999,0.7915080000000000,1,0,0,0,1
2025,Qatar Grand Prix,S,HAD,7.0,10.0,clear_violation,330.0,83.0,223.9704040000000,100.0,0.166407000000000,107,643,281.0371350000000,287.0,1.1498260000000000,0.7969420000000000,1,0,0,0,1
2025,Qatar Grand Prix,S,HAD,9.0,10.0,clear_violation,306.0,87.0,225.0161960000000,100.0,0.1311480000000000,88,671,281.0371350000000,287.0,1.0662020000000001,0.8006640000000000,1,0,0,0,1
2025,Qatar Grand Prix,S,BEA,17.0,5.0,clear_violation,327.0,80.0,223.1143440000000,100.0,0.1801530000000000,118,655,281.0371350000000,287.0,1.1393730000000000,0.7938960000000000,1,0,0,0,1
2025,Qatar Grand Prix,S,LEC,3.0,5.0,clear_violation,336.0,89.0,225.5818800000000,100.0,0.1754920000000000,116,661,281.0371350000000,287.0,1.170732000000000,0.802676000000000,1,0,0,0,1
2025,Qatar Grand Prix,S,LEC,11.0,4.0,clear_violation,329.0,90.0,217.6064210000000,100.0,0.1902590000000000,125,657,281.0371350000000,287.0,1.146341000000000,0.7742980000000000,1,0,0,0,1
2025,Qatar Grand Prix,S,LAW,11.0,6.0,clear_violation,330.0,96.0,221.57634300000001,100.0,0.1576510000000000,102,647,281.0371350000000,287.0,1.1498260000000000,0.7884240000000000,1,0,0,0,1
2025,Qatar Grand Prix,S,OCO,12.0,5.0,clear_violation,334.0,85.0,219.0725130000000,100.0,0.2651520000000000,175,660,281.0371350000000,287.0,1.1637630000000001,0.779514000000000,1,0,0,0,1
2025,Qatar Grand Prix,S,COL,8.0,10.0,clear_violation,309.0,86.0,222.26439900000000,100.0,0.1573210000000000,101,642,281.0371350000000,287.0,1.0766549999999999,0.7908720000000000,1,0,0,0,1
2025,Qatar Grand Prix,S,COL,9.0,10.0,clear_violation,311.0,87.0,224.2671690000000,100.0,0.1364990000000000,92,674,281.0371350000000,287.0,1.083624000000000,0.7979980000000000,1,0,0,0,1
2025,Qatar Grand Prix,S,COL,10.0,10.0,clear_violation,309.0,89.0,222.9034800000000,100.0,0.1571000000000000,104,662,281.0371350000000,287.0,1.0766549999999999,0.7931460000000000,1,0,0,0,1
2025,Qatar Grand Prix,SQ,VER,16.0,4.0,clear_violation,325.0,48.0,181.87298500000000,100.0,0.1869720000000000,155,829,271.9218110000000,288.0,1.1284719999999999,0.6688430000000000,0,1,0,0,1
2025,Qatar Grand Prix,SQ,NOR,17.0,16.0,clear_violation,330.0,98.0,240.67334299999999,100.0,0.1163930000000000,71,610,271.9218110000000,288.0,1.1458330000000001,0.8850830000000000,0,1,0,0,1
2025,Qatar Grand Prix,SQ,HAD,13.0,8.0,clear_violation,326.0,96.0,238.43827700000000,100.0,0.1227200000000000,74,603,271.9218110000000,288.0,1.1319440000000001,0.8768629999999999,0,1,0,0,1
2025,Qatar Grand Prix,SQ,ANT,8.0,4.0,clear_violation,330.0,70.0,175.9081400000000,100.0,0.1358310000000000,116,854,271.9218110000000,288.0,1.1458330000000001,0.6469070000000000,0,1,0,0,1
2025,Qatar Grand Prix,SQ,HUL,13.0,16.0,clear_violation,326.0,100.0,236.14264800000001,100.0,0.1272140000000000,79,621,271.9218110000000,288.0,1.1319440000000001,0.8684210000000000,0,1,0,0,1
2025,Saudi Arabian Grand Prix,Q,DOO,3.0,7.0,clear_violation,318.0,36.0,186.83870200000001,100.0,0.1897890000000000,171,901,305.25,318.0,1.0,0.6120840000000000,0,1,0,0,1
2025,Saudi Arabian Grand Prix,Q,BOR,5.0,2.0,clear_violation,336.0,78.0,245.3020250000000,100.0,0.1486880000000000,102,686,305.25,318.0,1.0566040000000001,0.8036100000000000,0,1,0,0,1
2025,Saudi Arabian Grand Prix,R,NOR,27.0,4.0,clear_violation,315.0,79.0,233.8661780000000,99.0,0.1434720000000000,100,697,297.58951000000002,316.0,0.9968350000000000,0.7858680000000000,0,0,1,0,1
2025,Saudi Arabian Grand Prix,R,ANT,25.0,15.0,clear_violation,317.0,79.0,234.81846200000001,100.0,0.1349430000000000,95,704,297.58951000000002,316.0,1.0031650000000001,0.7890680000000000,0,0,1,0,1
2025,Saudi Arabian Grand Prix,R,HAM,31.0,22.0,clear_violation,313.0,83.0,234.27448200000001,100.0,0.1400830000000000,101,721,297.58951000000002,316.0,0.990506000000000,0.7872400000000001,0,0,1,0,1
2025,Saudi Arabian Grand Prix,R,ALB,19.0,2.0,clear_violation,321.0,64.0,230.47944300000000,100.0,0.1760660000000000,128,727,297.58951000000002,316.0,1.0158229999999999,0.7744880000000000,0,0,1,0,1
2025,Saudi Arabian Grand Prix,R,HAD,22.0,2.0,clear_violation,328.0,67.0,228.26802799999999,100.0,0.1666670000000000,122,732,297.58951000000002,316.0,1.0379750000000001,0.767057000000000,0,0,1,0,1
2025,Saudi Arabian Grand Prix,R,HAD,31.0,22.0,clear_violation,318.0,80.0,229.3152000000000,100.0,0.1509700000000000,109,722,297.58951000000002,316.0,1.0063290000000000,0.7705760000000000,0,0,1,0,1
2025,Saudi Arabian Grand Prix,R,ALO,25.0,2.0,clear_violation,331.0,65.0,226.99567200000001,100.0,0.1770400000000000,128,723,297.58951000000002,316.0,1.0474680000000001,0.7627810000000000,0,0,1,0,1
2025,Saudi Arabian Grand Prix,R,LAW,18.0,11.0,clear_violation,313.0,84.0,231.1557790000000,100.0,0.131579000000000,95,722,297.58951000000002,316.0,0.990506000000000,0.7767610000000000,0,0,1,0,1
2025,Saudi Arabian Grand Prix,R,LAW,28.0,2.0,clear_violation,334.0,54.0,229.5425340000000,100.0,0.1638660000000000,117,714,297.58951000000002,316.0,1.0569620000000000,0.7713390000000000,0,0,1,0,1
2025,Saudi Arabian Grand Prix,R,STR,12.0,22.0,clear_violation,316.0,82.0,226.5928770000000,99.0,0.1432580000000000,102,712,297.58951000000002,316.0,1.0,0.7614280000000000,0,0,1,0,1
2025,Saudi Arabian Grand Prix,R,BOR,8.0,17.0,clear_violation,318.0,83.0,224.8172040000000,100.0,0.1664410000000000,123,739,297.58951000000002,316.0,1.0063290000000000,0.7554610000000000,0,0,1,0,1
2025,Saudi Arabian Grand Prix,R,BOR,21.0,2.0,clear_violation,319.0,79.0,225.8785750000000,100.0,0.1771120000000000,130,734,297.58951000000002,316.0,1.009494000000000,0.7590270000000000,0,0,1,0,1
2025,Singapore Grand Prix,Q,ANT,7.0,2.0,clear_violation,317.0,62.0,195.1219120000000,104.0,0.2244320000000000,158,704,255.77722800000001,264.0,1.2007580000000000,0.7628590000000000,0,1,0,0,1
2025,Singapore Grand Prix,Q,HAM,2.0,2.0,clear_violation,308.0,53.0,143.00965900000000,100.0,0.2556390000000000,238,931,255.77722800000001,264.0,1.1666669999999999,0.5591180000000000,0,1,0,0,1
2025,Singapore Grand Prix,Q,HAM,11.0,2.0,clear_violation,309.0,57.0,149.94325900000001,100.0,0.2628140000000000,241,917,255.77722800000001,264.0,1.1704550000000000,0.5862260000000000,0,1,0,0,1
2025,Singapore Grand Prix,R,VER,37.0,2.0,clear_violation,289.0,63.0,181.5143880000000,100.0,0.2176970000000000,155,712,249.0016580000000,259.0,1.1158300000000001,0.7289690000000000,0,0,1,0,1
2025,Singapore Grand Prix,R,VER,38.0,2.0,clear_violation,288.0,61.0,183.53190100000000,100.0,0.2142860000000000,156,728,249.0016580000000,259.0,1.111969000000000,0.7370710000000000,0,0,1,0,1
2025,Singapore Grand Prix,R,NOR,55.0,2.0,clear_violation,299.0,60.0,181.23870299999999,100.0,0.2249320000000000,166,738,249.0016580000000,259.0,1.1544399999999999,0.7278610000000000,0,0,1,0,1
2025,Singapore Grand Prix,R,ANT,4.0,2.0,clear_violation,307.0,60.0,179.7624080000000,100.0,0.2373810000000000,174,733,249.0016580000000,259.0,1.1853279999999999,0.7219330000000000,0,0,1,0,1
2025,Singapore Grand Prix,R,ANT,49.0,2.0,clear_violation,300.0,60.0,179.8605090000000,100.0,0.2404530000000000,170,707,249.0016580000000,259.0,1.1583010000000000,0.7223270000000001,0,0,1,0,1
2025,Singapore Grand Prix,R,LEC,61.0,2.0,clear_violation,298.0,60.0,171.839825000000,100.0,0.3030710000000000,227,749,249.0016580000000,259.0,1.1505790000000000,0.6901150000000000,0,0,1,0,1
2025,Singapore Grand Prix,R,HAM,60.0,16.0,clear_violation,295.0,65.0,175.34040600000000,100.0,0.3028260000000000,225,743,249.0016580000000,259.0,1.138996000000000,0.7041740000000000,0,0,1,0,1
2025,Singapore Grand Prix,R,HAM,61.0,5.0,clear_violation,217.0,62.0,137.14191900000000,83.0,0.1948190000000000,188,965,249.0016580000000,259.0,0.8378380000000000,0.5507670000000000,0,0,1,0,1
2025,Singapore Grand Prix,R,BEA,14.0,19.0,clear_violation,294.0,60.0,178.0256920000000,100.0,0.2688170000000000,200,744,249.0016580000000,259.0,1.135135000000000,0.7149580000000000,0,0,1,0,1
2025,Singapore Grand Prix,R,BEA,44.0,2.0,clear_violation,307.0,60.0,175.53411299999999,100.0,0.2553480000000000,191,748,249.0016580000000,259.0,1.1853279999999999,0.7049520000000000,0,0,1,0,1
2025,Singapore Grand Prix,R,BEA,57.0,2.0,clear_violation,293.0,62.0,183.8049720000000,100.0,0.2475930000000000,180,727,249.0016580000000,259.0,1.1312739999999999,0.7381680000000000,0,0,1,0,1
2025,Singapore Grand Prix,R,SAI,43.0,17.0,clear_violation,290.0,59.0,178.91775799999999,100.0,0.2691260000000000,197,732,249.0016580000000,259.0,1.1196910000000000,0.7185400000000000,0,0,1,0,1
2025,Singapore Grand Prix,R,STR,55.0,7.0,clear_violation,296.0,54.0,180.2625450000000,100.0,0.2389260000000000,178,745,249.0016580000000,259.0,1.1428570000000000,0.7239409999999999,0,0,1,0,1
2025,Singapore Grand Prix,R,ALB,48.0,2.0,clear_violation,307.0,57.0,177.0679400000000,100.0,0.2776240000000000,201,724,249.0016580000000,259.0,1.1853279999999999,0.7111110000000000,0,0,1,0,1
2025,Singapore Grand Prix,R,COL,42.0,7.0,clear_violation,295.0,52.0,173.48312400000000,104.0,0.2676770000000000,212,792,249.0016580000000,259.0,1.138996000000000,0.696715000000000,0,0,1,0,1
2025,Singapore Grand Prix,R,COL,60.0,2.0,clear_violation,295.0,56.0,174.43792199999999,100.0,0.2226720000000000,165,741,249.0016580000000,259.0,1.138996000000000,0.7005490000000000,0,0,1,0,1
2025,Singapore Grand Prix,R,OCO,50.0,19.0,clear_violation,318.0,57.0,175.40880899999999,100.0,0.316273000000000,241,762,249.0016580000000,259.0,1.2277990000000001,0.7044480000000000,0,0,1,0,1
2025,Singapore Grand Prix,R,OCO,51.0,2.0,clear_violation,310.0,58.0,176.1186450000000,100.0,0.2808400000000000,214,762,249.0016580000000,259.0,1.196911000000000,0.7072990000000000,0,0,1,0,1
2025,Singapore Grand Prix,R,GAS,50.0,18.0,clear_violation,312.0,55.0,173.4428640000000,100.0,0.247074000000000,190,769,249.0016580000000,259.0,1.2046330000000001,0.6965530000000000,0,0,1,0,1
2025,Spanish Grand Prix,R,VER,61.0,2.0,clear_violation,306.0,95.0,210.1161070000000,100.0,0.1614500000000000,98,607,275.00871799999999,294.0,1.0408160000000000,0.7640340000000000,0,0,1,0,1
2025,Spanish Grand Prix,R,ANT,14.0,10.0,clear_violation,313.0,92.0,202.4589410000000,100.0,0.1520380000000000,97,638,275.00871799999999,294.0,1.064626000000000,0.7361910000000000,0,0,1,0,1
2025,Spanish Grand Prix,R,ANT,37.0,10.0,clear_violation,311.0,93.0,206.99667400000001,100.0,0.1539740000000000,93,604,275.00871799999999,294.0,1.0578230000000000,0.7526910000000000,0,0,1,0,1
2025,Spanish Grand Prix,R,ALO,13.0,5.0,clear_violation,306.0,32.0,184.064542000000,99.0,0.1901310000000000,131,689,275.00871799999999,294.0,1.0408160000000000,0.6693040000000000,0,0,1,0,1
2025,Spanish Grand Prix,R,ALB,24.0,2.0,clear_violation,330.0,86.0,199.37590299999999,100.0,0.1832540000000000,116,633,275.00871799999999,294.0,1.1224490000000000,0.7249800000000000,0,0,1,0,1
2025,Spanish Grand Prix,R,LAW,52.0,5.0,clear_violation,335.0,97.0,210.1024040000000,100.0,0.1593500000000000,98,615,275.00871799999999,294.0,1.1394560000000000,0.7639850000000000,0,0,1,0,1
2025,Spanish Grand Prix,R,COL,12.0,13.0,clear_violation,312.0,88.0,199.49089499999999,100.0,0.1750790000000000,111,634,275.00871799999999,294.0,1.0612239999999999,0.7253980000000000,0,0,1,0,1
2025,Spanish Grand Prix,R,BEA,31.0,2.0,clear_violation,309.0,91.0,201.9062420000000,100.0,0.1924880000000000,123,639,275.00871799999999,294.0,1.0510200000000001,0.7341810000000000,0,0,1,0,1
2025,Spanish Grand Prix,R,BEA,51.0,2.0,clear_violation,314.0,77.0,200.1767880000000,100.0,0.211039000000000,130,616,275.00871799999999,294.0,1.0680270000000001,0.7278930000000000,0,0,1,0,1
2025,São Paulo Grand Prix,R,ANT,6.0,2.0,clear_violation,308.0,77.0,199.9044720000000,104.0,0.1805560000000000,104,576,307.50701900000001,339.0,0.9085550000000000,0.6500810000000000,0,0,1,0,1
2025,United States Grand Prix,Q,GAS,10.0,20.0,clear_violation,327.0,80.0,206.6386890000000,100.0,0.1759000000000000,127,722,211.6703910000000,220.0,1.4863640000000000,0.9762290000000000,0,1,0,0,1
2025,United States Grand Prix,Q,STR,6.0,12.0,clear_violation,323.0,73.0,209.3744510000000,99.0,0.1908080000000000,137,718,211.6703910000000,220.0,1.4681820000000001,0.9891529999999999,0,1,0,0,1
2025,United States Grand Prix,Q,ALB,8.0,15.0,clear_violation,326.0,77.0,209.4933020000000,100.0,0.2101550000000000,149,709,211.6703910000000,220.0,1.481818000000000,0.9897150000000000,0,1,0,0,1
2025,United States Grand Prix,Q,HUL,13.0,19.0,clear_violation,327.0,79.0,211.31833499999999,100.0,0.1770830000000000,119,672,211.6703910000000,220.0,1.4863640000000000,0.9983370000000000,0,1,0,0,1
2025,United States Grand Prix,Q,LAW,13.0,19.0,clear_violation,327.0,78.0,207.92793599999999,100.0,0.1854010000000000,127,685,211.6703910000000,220.0,1.4863640000000000,0.9823190000000001,0,1,0,0,1
2025,United States Grand Prix,Q,NOR,4.0,9.0,clear_violation,310.0,62.0,162.3697940000000,100.0,0.1112330000000000,101,908,211.6703910000000,220.0,1.4090910000000001,0.7670880000000000,0,1,0,0,1
2025,United States Grand Prix,Q,SAI,13.0,19.0,clear_violation,326.0,77.0,212.14625899999999,100.0,0.2156570000000000,146,677,211.6703910000000,220.0,1.481818000000000,1.0022480000000000,0,1,0,0,1
2025,United States Grand Prix,Q,BEA,18.0,15.0,clear_violation,323.0,72.0,209.54873100000000,100.0,0.2031030000000000,144,709,211.6703910000000,220.0,1.4681820000000001,0.9899770000000000,0,1,0,0,1
2025,United States Grand Prix,R,GAS,54.0,1.0,clear_violation,316.0,67.0,192.35253200000000,100.0,0.2168980000000000,172,793,200.67655500000001,208.0,1.5192310000000000,0.9585200000000000,0,0,1,0,1
2025,United States Grand Prix,R,ANT,4.0,12.0,clear_violation,328.0,76.0,190.52976400000000,104.0,0.2223680000000000,169,760,200.67655500000001,208.0,1.5769230000000001,0.9494370000000000,0,0,1,0,1
2025,United States Grand Prix,R,ANT,20.0,20.0,clear_violation,333.0,68.0,194.1831820000000,100.0,0.2120420000000000,162,764,200.67655500000001,208.0,1.6009620000000000,0.9676430000000000,0,0,1,0,1
2025,United States Grand Prix,R,ANT,39.0,9.0,clear_violation,313.0,74.0,196.7969050000000,100.0,0.2031450000000000,155,763,200.67655500000001,208.0,1.5048079999999999,0.9806670000000000,0,0,1,0,1
2025,United States Grand Prix,R,ALO,20.0,13.0,clear_violation,307.0,73.0,193.10892500000000,100.0,0.2253890000000000,174,772,200.67655500000001,208.0,1.4759620000000000,0.9622889999999999,0,0,1,0,1
2025,United States Grand Prix,R,LEC,21.0,9.0,clear_violation,309.0,65.0,191.0399780000000,100.0,0.2320950000000000,175,754,200.67655500000001,208.0,1.4855769999999999,0.9519800000000000,0,0,1,0,1
2025,United States Grand Prix,R,STR,6.0,19.0,clear_violation,323.0,68.0,190.67862800000000,99.0,0.1866330000000000,148,793,200.67655500000001,208.0,1.5528850000000001,0.9501790000000000,0,0,1,0,1
2025,United States Grand Prix,R,STR,36.0,20.0,clear_violation,311.0,71.0,197.63198900000000,99.0,0.2047560000000000,155,757,200.67655500000001,208.0,1.4951920000000001,0.9848280000000000,0,0,1,0,1
2025,United States Grand Prix,R,TSU,55.0,20.0,clear_violation,307.0,75.0,198.3082150000000,100.0,0.1910990000000000,146,764,200.67655500000001,208.0,1.4759620000000000,0.9881980000000000,0,0,1,0,1
2025,United States Grand Prix,R,ALB,28.0,12.0,clear_violation,311.0,74.0,197.209767000000,100.0,0.2244090000000000,171,762,200.67655500000001,208.0,1.4951920000000001,0.9827240000000000,0,0,1,0,1
2025,United States Grand Prix,R,ALB,35.0,12.0,clear_violation,316.0,72.0,192.67943900000000,100.0,0.2340700000000000,180,769,200.67655500000001,208.0,1.5192310000000000,0.960149000000000,0,0,1,0,1
2025,United States Grand Prix,R,OCO,3.0,12.0,clear_violation,330.0,74.0,190.15638899999999,100.0,0.2878790000000000,228,792,200.67655500000001,208.0,1.5865380000000000,0.9475770000000000,0,0,1,0,1
2025,United States Grand Prix,R,NOR,13.0,20.0,clear_violation,311.0,75.0,195.6012560000000,100.0,0.2141880000000000,157,733,200.67655500000001,208.0,1.4951920000000001,0.9747090000000000,0,0,1,0,1
2025,United States Grand Prix,R,NOR,15.0,9.0,clear_violation,330.0,69.0,194.7358170000000,100.0,0.2232500000000000,169,757,200.67655500000001,208.0,1.5865380000000000,0.970396000000000,0,0,1,0,1
2025,United States Grand Prix,R,NOR,19.0,13.0,clear_violation,334.0,70.0,193.97820600000000,100.0,0.2198680000000000,166,755,200.67655500000001,208.0,1.6057690000000000,0.9666210000000000,0,0,1,0,1
2025,United States Grand Prix,R,COL,4.0,12.0,clear_violation,315.0,73.0,190.0279190000000,100.0,0.2172770000000000,166,764,200.67655500000001,208.0,1.5144230000000001,0.9469360000000000,0,0,1,0,1
2025,United States Grand Prix,R,COL,6.0,19.0,clear_violation,310.0,72.0,191.540293000000,100.0,0.202020000000000,160,792,200.67655500000001,208.0,1.4903850000000001,0.954473000000000,0,0,1,0,1
2025,United States Grand Prix,R,HAM,24.0,19.0,clear_violation,309.0,72.0,194.9357090000000,100.0,0.2346000000000000,179,763,200.67655500000001,208.0,1.4855769999999999,0.9713930000000000,0,0,1,0,1
2025,United States Grand Prix,R,HAM,46.0,19.0,clear_violation,310.0,75.0,199.2201190000000,100.0,0.2455660000000000,180,733,200.67655500000001,208.0,1.4903850000000001,0.992742000000000,0,0,1,0,1
2025,United States Grand Prix,R,HAM,56.0,19.0,clear_violation,309.0,69.0,190.0640560000000,100.0,0.2679250000000000,213,795,200.67655500000001,208.0,1.4855769999999999,0.9471160000000000,0,0,1,0,1
2025,United States Grand Prix,R,BOR,3.0,12.0,clear_violation,334.0,75.0,190.8604900000000,100.0,0.262484000000000,205,781,200.67655500000001,208.0,1.6057690000000000,0.9510850000000000,0,0,1,0,1
2025,United States Grand Prix,R,BOR,31.0,20.0,clear_violation,310.0,75.0,194.55121000000000,100.0,0.2392720000000000,184,769,200.67655500000001,208.0,1.4903850000000001,0.9694770000000000,0,0,1,0,1
2025,United States Grand Prix,R,BOR,35.0,12.0,clear_violation,314.0,70.0,194.2802930000000,100.0,0.2210930000000000,174,787,200.67655500000001,208.0,1.5096149999999999,0.9681270000000000,0,0,1,0,1
2025,United States Grand Prix,R,HAD,2.0,12.0,clear_violation,332.0,70.0,189.62319600000001,100.0,0.2323490000000000,181,779,200.67655500000001,208.0,1.5961540000000001,0.9449200000000000,0,0,1,0,1
2025,United States Grand Prix,R,HAD,3.0,12.0,clear_violation,333.0,70.0,190.4814090000000,100.0,0.2219420000000000,176,793,200.67655500000001,208.0,1.6009620000000000,0.9491960000000000,0,0,1,0,1
2025,United States Grand Prix,R,RUS,30.0,12.0,clear_violation,311.0,72.0,193.43146100000001,100.0,0.2198680000000000,166,755,200.67655500000001,208.0,1.4951920000000001,0.9638970000000000,0,0,1,0,1
2025,United States Grand Prix,R,PIA,3.0,9.0,clear_violation,333.0,73.0,195.02006499999999,100.0,0.1916010000000000,146,762,200.67655500000001,208.0,1.6009620000000000,0.9718130000000000,0,0,1,0,1
2025,United States Grand Prix,R,PIA,5.0,13.0,clear_violation,309.0,74.0,195.3008390000000,100.0,0.194301000000000,150,772,200.67655500000001,208.0,1.4855769999999999,0.9732120000000000,0,0,1,0,1
2025,United States Grand Prix,R,PIA,12.0,13.0,clear_violation,307.0,77.0,192.9372530000000,100.0,0.1974030000000000,152,770,200.67655500000001,208.0,1.4759620000000000,0.9614340000000000,0,0,1,0,1
2025,United States Grand Prix,R,BEA,13.0,19.0,clear_violation,314.0,69.0,195.81417900000000,100.0,0.2373810000000000,174,733,200.67655500000001,208.0,1.5096149999999999,0.9757700000000000,0,0,1,0,1
2025,United States Grand Prix,R,BEA,34.0,15.0,clear_violation,335.0,0.0,186.5148760000000,100.0,0.247074000000000,190,769,200.67655500000001,208.0,1.6105769999999999,0.9294300000000000,0,0,1,0,1
2025,United States Grand Prix,S,VER,8.0,12.0,clear_violation,304.0,74.0,201.51045700000000,100.0,0.1953550000000000,143,732,179.97115400000001,210.0,1.4476190000000000,1.1196820000000001,1,0,0,0,1
2025,United States Grand Prix,S,VER,12.0,12.0,clear_violation,301.0,73.0,199.89694800000001,100.0,0.1752720000000000,129,736,179.97115400000001,210.0,1.4333330000000000,1.1107170000000000,1,0,0,0,1
2025,United States Grand Prix,S,GAS,9.0,12.0,clear_violation,308.0,73.0,194.6552330000000,100.0,0.1971280000000000,151,766,179.97115400000001,210.0,1.4666669999999999,1.081591000000000,1,0,0,0,1
2025,United States Grand Prix,S,ANT,16.0,12.0,clear_violation,315.0,63.0,154.82334000000000,100.0,0.180380000000000,171,948,179.97115400000001,210.0,1.5,0.8602680000000000,1,0,0,0,1
2025,United States Grand Prix,S,HUL,8.0,9.0,clear_violation,323.0,71.0,200.44737900000001,100.0,0.2289160000000000,171,747,179.97115400000001,210.0,1.5380950000000000,1.113775000000000,1,0,0,0,1
2025,United States Grand Prix,S,HUL,12.0,11.0,clear_violation,317.0,71.0,191.15057500000000,100.0,0.2389610000000000,184,770,179.97115400000001,210.0,1.5095240000000001,1.062118000000000,1,0,0,0,1
2025,United States Grand Prix,S,LAW,9.0,11.0,clear_violation,331.0,66.0,197.30757299999999,100.0,0.1915460000000000,145,757,179.97115400000001,210.0,1.5761900000000000,1.096329000000000,1,0,0,0,1
2025,United States Grand Prix,S,OCO,14.0,11.0,clear_violation,323.0,71.0,196.82716300000001,100.0,0.2838200000000000,214,754,179.97115400000001,210.0,1.5380950000000000,1.0936600000000001,1,0,0,0,1
2025,United States Grand Prix,S,COL,8.0,12.0,clear_violation,309.0,74.0,198.1012090000000,100.0,0.1826670000000000,137,750,179.97115400000001,210.0,1.4714290000000001,1.1007389999999999,1,0,0,0,1
2025,United States Grand Prix,S,COL,13.0,12.0,clear_violation,307.0,69.0,196.82158899999999,100.0,0.1966150000000000,151,768,179.97115400000001,210.0,1.4619050000000000,1.093629000000000,1,0,0,0,1
2025,United States Grand Prix,S,HAM,12.0,9.0,clear_violation,307.0,73.0,198.3664490000000,100.0,0.2513300000000000,189,752,179.97115400000001,210.0,1.4619050000000000,1.1022120000000000,1,0,0,0,1
2025,United States Grand Prix,S,HAM,13.0,9.0,clear_violation,309.0,74.0,197.35367600000001,100.0,0.2458790000000000,179,728,179.97115400000001,210.0,1.4714290000000001,1.0965849999999999,1,0,0,0,1
2025,United States Grand Prix,S,BOR,6.0,9.0,clear_violation,312.0,70.0,197.09737300000000,100.0,0.2631580000000000,200,760,179.97115400000001,210.0,1.4857140000000000,1.095161000000000,1,0,0,0,1
2025,United States Grand Prix,S,BOR,7.0,9.0,clear_violation,332.0,70.0,198.39306600000,100.0,0.2405410000000000,178,740,179.97115400000001,210.0,1.5809519999999999,1.102360000000000,1,0,0,0,1
2025,United States Grand Prix,S,HAD,9.0,15.0,clear_violation,326.0,68.0,199.7108430000000,100.0,0.2156080000000000,163,756,179.97115400000001,210.0,1.5523810000000000,1.1096830000000000,1,0,0,0,1
2025,United States Grand Prix,S,HAD,11.0,9.0,clear_violation,310.0,65.0,195.86260200000001,100.0,0.2148880000000000,153,712,179.97115400000001,210.0,1.4761899999999999,1.0883000000000000,1,0,0,0,1
2025,United States Grand Prix,S,RUS,7.0,15.0,clear_violation,327.0,72.0,201.6651750000000,100.0,0.1953230000000000,142,727,179.97115400000001,210.0,1.5571429999999999,1.1205419999999999,1,0,0,0,1
2025,United States Grand Prix,S,RUS,8.0,12.0,clear_violation,327.0,58.0,200.35691199999999,100.0,0.1937240000000000,142,733,179.97115400000001,210.0,1.5571429999999999,1.1132720000000000,1,0,0,0,1
2025,United States Grand Prix,S,BEA,14.0,15.0,clear_violation,309.0,63.0,198.12069000000000,100.0,0.2523000000000000,192,761,179.97115400000001,210.0,1.4714290000000001,1.1008469999999999,1,0,0,0,1
2025,United States Grand Prix,SQ,BOR,2.0,19.0,clear_violation,327.0,75.0,203.61512900000000,100.0,0.2094310000000000,151,721,202.10416699999999,221.0,1.4796380000000000,1.0074760000000000,0,1,0,0,1
2025,United States Grand Prix,SQ,LAW,7.0,19.0,clear_violation,323.0,79.0,207.94518299999999,100.0,0.1762960000000000,119,675,202.10416699999999,221.0,1.4615380000000000,1.0289010000000001,0,1,0,0,1
