year,race,session,driver,lap,turn,label,max_speed,min_speed,avg_speed,max_throttle,avg_brake,brake_points,num_points
2018,Abu Dhabi Grand Prix,FP2,LEC,15.0,5.0,no_advantage,320.0,67.0,198.01525970782785,100.0,0.1917443408788282,144,751
2018,Austrian Grand Prix,FP1,LEC,22.0,1.0,no_advantage,281.4749984,62.0,182.8732291343126,100.0,0.2084639498432602,133,638
2018,Austrian Grand Prix,FP2,ERI,7.0,4.0,no_advantage,286.39166720000003,55.0,156.94123009765832,100.0,0.1914323962516733,143,747
2018,Austrian Grand Prix,FP2,SAI,10.0,4.0,no_advantage,294.0,61.0,203.52610587672157,100.0,0.2291666666666666,132,576
2018,Austrian Grand Prix,FP2,MAG,14.0,4.0,no_advantage,301.0,60.0,162.16576335665337,100.0,0.1632088520055325,118,723
2018,Austrian Grand Prix,FP2,ALO,12.0,10.0,no_advantage,317.0,62.0,230.2664063527855,100.0,0.1647058823529411,84,510
2018,Austrian Grand Prix,FP2,MAG,32.0,9.0,no_advantage,299.0,69.0,216.2930035701764,100.0,0.1992619926199262,108,542
2018,Austrian Grand Prix,FP3,VER,5.0,4.0,no_advantage,301.0,46.0,177.39615024723224,100.0,0.2750373692077728,184,669
2018,Austrian Grand Prix,Q,STR,4.0,9.0,no_advantage,328.0,47.0,214.8484118005865,100.0,0.2201834862385321,120,545
2018,Austrian Grand Prix,Q,LEC,10.0,4.0,no_advantage,307.0,54.0,155.49000048911438,100.0,0.2174496644295302,162,745
2018,Austrian Grand Prix,R,GAS,12.0,3.0,no_advantage,323.0,58.0,217.72526614605852,100.0,0.20817843866171,112,538
2018,Austrian Grand Prix,R,HAR,53.0,9.0,no_advantage,315.0,62.0,222.47724072514072,100.0,0.1650853889943074,87,527
2018,Azerbaijan Grand Prix,FP1,HAR,1.0,8.0,no_advantage,261.0,48.0,150.1631750010728,100.0,0.2473118279569892,253,1023
2018,Azerbaijan Grand Prix,FP1,HAR,16.0,1.0,no_advantage,325.0,64.0,182.2522007052046,100.0,0.1935483870967742,174,899
2018,Azerbaijan Grand Prix,FP1,ALO,17.0,2.0,no_advantage,319.0041664,40.0,172.2856331607181,99.0,0.2733964248159832,260,951
2018,Azerbaijan Grand Prix,FP1,SIR,21.0,3.0,no_advantage,320.0,60.0,176.278394682455,100.0,0.2650862068965517,246,928
2018,Azerbaijan Grand Prix,FP1,BOT,23.0,1.0,no_advantage,320.0,66.0,184.7910483242671,100.0,0.2067363530778165,178,861
2018,Azerbaijan Grand Prix,FP1,GRO,19.0,1.0,no_advantage,329.0,65.0,201.61343235213636,100.0,0.1871127633209417,151,807
2018,Azerbaijan Grand Prix,FP2,VET,2.0,2.0,no_advantage,327.0,65.0,182.195796653297,100.0,0.2266666666666666,204,900
2018,Azerbaijan Grand Prix,FP2,VET,3.0,3.0,no_advantage,327.0,2.0,171.928103069936,100.0,0.2279792746113989,220,965
2018,Azerbaijan Grand Prix,FP2,RAI,1.0,2.0,no_advantage,325.0,58.0,177.8013196421555,100.0,0.1997716894977169,175,876
2018,Azerbaijan Grand Prix,FP2,GRO,4.0,1.0,no_advantage,330.0,68.0,204.2569099207528,100.0,0.1945137157107231,156,802
2018,Azerbaijan Grand Prix,FP2,PER,2.0,3.0,no_advantage,330.6394983043013,58.0,190.2177998626303,100.0,0.2232558139534883,192,860
2018,Azerbaijan Grand Prix,FP2,MAG,5.0,3.0,no_advantage,333.0,55.0,180.0344876292243,100.0,0.2206366630076838,201,911
2018,Azerbaijan Grand Prix,FP2,HAR,5.0,15.0,no_advantage,339.0,60.0,178.35660009872825,100.0,0.193058568329718,178,922
2018,Azerbaijan Grand Prix,FP2,BOT,2.0,1.0,no_advantage,334.0,64.0,185.41909791035383,100.0,0.252262443438914,223,884
2018,Azerbaijan Grand Prix,FP2,HAM,2.0,8.0,no_advantage,330.0,73.0,204.90213250260757,100.0,0.1897627965043695,152,801
2018,Azerbaijan Grand Prix,FP2,VER,1.0,3.0,no_advantage,322.38749973333336,59.0,176.25556970929168,100.0,0.2109464082098061,185,877
2018,Azerbaijan Grand Prix,FP2,VET,14.0,15.0,no_advantage,328.0,64.0,160.96384910279275,100.0,0.2044088176352705,204,998
2018,Azerbaijan Grand Prix,FP2,LEC,16.0,1.0,no_advantage,311.3833344,70.0,199.2784813426604,100.0,0.1853658536585365,152,820
2018,Azerbaijan Grand Prix,FP2,GAS,27.0,15.0,no_advantage,309.0,65.0,192.93558039956412,100.0,0.1844311377245509,154,835
2018,Azerbaijan Grand Prix,FP2,GRO,18.0,15.0,no_advantage,339.0,63.0,189.26458167721685,100.0,0.2009237875288683,174,866
2018,Azerbaijan Grand Prix,FP2,ALO,25.0,15.0,no_advantage,314.0,69.0,198.3599973760969,100.0,0.2206060606060606,182,825
2018,Azerbaijan Grand Prix,FP2,SAI,30.0,1.0,no_advantage,315.0,68.0,197.27666626121845,100.0,0.226779252110977,188,829
2018,Azerbaijan Grand Prix,FP2,MAG,26.0,15.0,no_advantage,322.0,0.0,169.76628167576362,100.0,0.2354166666666666,226,960
2018,Azerbaijan Grand Prix,FP2,SAI,35.0,2.0,no_advantage,315.0,70.0,198.2726341861066,100.0,0.2092457420924574,172,822
2018,Azerbaijan Grand Prix,FP3,BOT,2.0,1.0,no_advantage,332.0,60.0,195.62686608693076,100.0,0.2129963898916967,177,831
2018,Azerbaijan Grand Prix,FP3,HAR,3.0,15.0,no_advantage,327.0,62.0,181.72432797326965,100.0,0.1843575418994413,165,895
2018,Azerbaijan Grand Prix,FP3,STR,3.0,3.0,no_advantage,326.0,65.0,184.1863606573237,100.0,0.2622020431328036,231,881
2018,Azerbaijan Grand Prix,FP3,GRO,3.0,15.0,no_advantage,326.4541664,67.0,188.18070120619768,100.0,0.2213209733487833,191,863
2018,Azerbaijan Grand Prix,FP3,BOT,10.0,7.0,no_advantage,335.0,66.0,178.90401880231644,100.0,0.2622576966932725,230,877
2018,Azerbaijan Grand Prix,FP3,HAR,10.0,3.0,no_advantage,326.3785709714286,44.0,165.74396290546713,100.0,0.2036836403033586,188,923
2018,Azerbaijan Grand Prix,FP3,PER,8.0,15.0,no_advantage,335.0,46.941666133333335,162.1852880513079,100.0,0.2582010582010582,244,945
2018,Azerbaijan Grand Prix,Q,PER,3.0,15.0,no_advantage,332.0,62.0,175.39541563315257,100.0,0.2626480086114101,244,929
2018,Azerbaijan Grand Prix,Q,MAG,6.0,4.0,no_advantage,328.0,0.0,101.69123306749938,104.0,0.3174404015056462,506,1594
2018,Azerbaijan Grand Prix,Q,ERI,7.0,2.0,no_advantage,326.0,52.0,162.99798870804955,100.0,0.2424547283702213,241,994
2018,Azerbaijan Grand Prix,Q,GAS,6.0,15.0,no_advantage,329.0,0.0,89.63286292086877,104.0,0.4288876591034864,775,1807
2018,Azerbaijan Grand Prix,Q,GAS,9.0,,no_advantage,317.0,58.0,161.26744982914352,100.0,0.2472799208704253,250,1011
2018,Azerbaijan Grand Prix,Q,MAG,9.0,15.0,no_advantage,335.9249984,63.0,174.87712000520855,100.0,0.2319309600862999,215,927
2018,Azerbaijan Grand Prix,Q,RAI,10.0,3.0,no_advantage,327.0,68.0,186.57306182669552,100.0,0.2133027522935779,186,872
2018,Azerbaijan Grand Prix,Q,MAG,13.0,3.0,no_advantage,331.0,0.0,83.16486693644121,104.0,0.427465152297367,828,1937
2018,Azerbaijan Grand Prix,R,ALO,18.0,2.0,no_advantage,313.0,58.0,197.0701783545366,100.0,0.2187120291616039,180,823
2018,Bahrain Grand Prix,FP2,HAM,3.0,1.0,no_advantage,297.0,61.0,157.89697156621688,100.0,0.2002164502164502,185,924
2018,Bahrain Grand Prix,FP3,GRO,13.0,1.0,no_advantage,295.44166613333334,35.0,143.37886310874427,100.0,0.2409756097560975,247,1025
2018,Belgian Grand Prix,FP3,ALO,9.0,5.0,no_advantage,280.0,63.0,200.05146086925308,100.0,0.1531914893617021,144,940
2018,Belgian Grand Prix,R,RIC,4.0,1.0,no_advantage,333.0,65.0,219.69430246908863,100.0,0.1625730994152046,139,855
2018,British Grand Prix,FP2,MAG,4.0,15.0,no_advantage,321.0,81.0,221.79798089597077,100.0,0.1608391608391608,115,715
2018,British Grand Prix,Q,SIR,3.0,15.0,no_advantage,292.0,68.0,153.4615259697259,100.0,0.213764337851929,205,959
2018,Canadian Grand Prix,FP2,MAG,16.0,1.0,no_advantage,298.0,52.0,150.26620068228294,100.0,0.2156611039794608,168,779
2018,Canadian Grand Prix,FP2,ERI,26.0,1.0,no_advantage,305.0,57.0,199.70477314063328,100.0,0.1711864406779661,101,590
2018,Canadian Grand Prix,FP2,HAR,27.0,1.0,no_advantage,302.0,55.0,201.02108217787907,100.0,0.167235494880546,98,586
2018,Canadian Grand Prix,FP3,VAN,3.0,3.0,no_advantage,298.0,50.0,166.01649854175926,100.0,0.2709219858156028,191,705
2018,Canadian Grand Prix,FP3,HAR,7.0,1.0,no_advantage,295.67916693333336,57.0,176.45717821739296,100.0,0.1893939393939394,125,660
2018,Canadian Grand Prix,Q,LEC,3.0,1.0,no_advantage,299.0,39.0,157.24538097677518,100.0,0.2439678284182305,182,746
2018,Canadian Grand Prix,R,GRO,50.0,13.0,no_advantage,330.0,57.0,199.5701283230519,100.0,0.1969439728353141,116,589
2018,Chinese Grand Prix,FP1,ALO,18.0,10.0,no_advantage,294.0,61.0,170.70177750910773,100.0,0.2103448275862069,183,870
2018,Chinese Grand Prix,R,VET,56.0,3.0,no_advantage,312.0,56.0,197.17329493406956,100.0,0.2147651006711409,160,745
2018,French Grand Prix,FP1,HAM,6.0,8.0,no_advantage,315.0,0.0,145.99978706873847,100.0,0.2253258845437616,242,1074
2018,French Grand Prix,FP1,ERI,7.0,14.0,no_advantage,324.0,0.0,193.41465993131007,100.0,0.1664626682986536,136,817
2018,French Grand Prix,FP1,LEC,7.0,1.0,no_advantage,324.0,74.0,215.84126696464384,100.0,0.1539509536784741,113,734
2018,French Grand Prix,FP1,LEC,13.0,8.0,no_advantage,302.0,70.0,173.05656267373948,100.0,0.199124726477024,182,914
2018,French Grand Prix,FP2,GRO,1.0,12.0,no_advantage,299.8249984,0.0,170.47769859347787,100.0,0.2180043383947939,201,922
2018,French Grand Prix,FP3,PER,3.0,4.0,no_advantage,324.0,56.0,182.9932046930088,100.0,0.1855309218203034,159,857
2018,French Grand Prix,FP3,SIR,3.0,8.0,no_advantage,268.0166677333333,48.0,152.43449952716688,100.0,0.2251720747295968,229,1017
2018,French Grand Prix,FP3,STR,2.0,7.0,no_advantage,269.0,58.0,149.35325092809632,100.0,0.222007722007722,230,1036
2018,French Grand Prix,FP3,LEC,4.0,8.0,no_advantage,276.0,52.0,159.04798454714296,100.0,0.2388663967611336,236,988
2018,French Grand Prix,Q,SIR,9.0,15.0,no_advantage,333.0,53.0,193.46844279861168,100.0,0.2254259501965924,172,763
2018,German Grand Prix,FP1,HUL,18.0,12.0,no_advantage,295.0,0.0,117.0222289228944,100.0,0.3259827420901246,340,1043
2018,German Grand Prix,FP2,VER,5.0,2.0,no_advantage,287.0,50.0,116.90207576655808,100.0,0.3285984848484848,347,1056
2018,German Grand Prix,FP2,SIR,25.0,13.0,no_advantage,302.0,49.0,204.6922467975091,100.0,0.2036423841059602,123,604
2018,German Grand Prix,FP3,SIR,7.0,2.0,no_advantage,284.0,44.0,173.25420356151176,100.0,0.2408963585434173,172,714
2018,German Grand Prix,FP3,HAR,4.0,8.0,no_advantage,282.0,47.0,172.55109019392518,100.0,0.1994459833795014,144,722
2018,German Grand Prix,Q,ERI,12.0,13.0,no_advantage,321.0,0.0,146.72378973381427,100.0,0.1354534746760895,115,849
2018,German Grand Prix,R,GAS,45.0,12.0,no_advantage,293.0,45.0,174.26219053364056,100.0,0.2086230876216968,150,719
2018,Italian Grand Prix,FP1,VER,3.0,11.0,no_advantage,309.0,0.0,196.7156145705218,100.0,0.178030303030303,141,792
2018,Italian Grand Prix,FP1,RIC,4.0,7.0,no_advantage,311.0,55.0,211.3631902528394,100.0,0.185234899328859,138,745
2018,Italian Grand Prix,FP1,RAI,10.0,4.0,no_advantage,309.0,49.0,212.30798535739297,100.0,0.1743243243243243,129,740
2018,Italian Grand Prix,FP2,VET,17.0,11.0,no_advantage,322.0,57.0,183.51075891060788,100.0,0.1350407450523865,116,859
2018,Japanese Grand Prix,FP2,LEC,2.0,13.0,no_advantage,322.0,74.0,225.1191494393519,100.0,0.1594827586206896,111,696
2018,Japanese Grand Prix,FP2,SIR,10.0,13.0,no_advantage,284.0,0.0,131.1970262197187,100.0,0.2873949579831932,342,1190
2018,Japanese Grand Prix,FP3,PER,3.0,13.0,no_advantage,282.0,56.0,174.48515198238107,100.0,0.2,179,895
2018,Japanese Grand Prix,FP3,RAI,8.0,7.0,no_advantage,291.0,0.0,161.9482509396777,100.0,0.1934156378600823,188,972
2018,Japanese Grand Prix,R,LEC,38.0,9.0,no_advantage,316.0,67.0,219.50224338390305,100.0,0.1809116809116809,127,702
2018,Mexican Grand Prix,FP2,HAM,7.0,1.0,no_advantage,292.0,57.0,140.66812280265952,100.0,0.189384800965018,157,829
2018,Mexican Grand Prix,FP3,GRO,8.0,1.0,no_advantage,296.0,33.0,148.05480834577216,100.0,0.3028350515463917,235,776
2018,Mexican Grand Prix,Q,VET,3.0,1.0,no_advantage,299.0,47.0,143.48043719576447,100.0,0.1660424469413233,133,801
2018,Mexican Grand Prix,Q,HAM,5.0,11.0,no_advantage,293.0,62.0,161.06752343867208,100.0,0.1561181434599156,111,711
2018,Mexican Grand Prix,Q,ALO,2.0,11.0,no_advantage,341.0,66.0,198.2140308358553,100.0,0.2258620689655172,131,580
2018,Monaco Grand Prix,FP1,VER,21.0,1.0,no_advantage,269.0,46.0,130.01195958738532,100.0,0.1967930029154519,135,686
2018,Monaco Grand Prix,FP3,BOT,5.0,1.0,no_advantage,275.0,40.0,126.96254632094691,100.0,0.2283687943262411,161,705
2018,Monaco Grand Prix,FP3,SAI,13.0,1.0,no_advantage,276.68333333333334,40.0,122.64473737820298,100.0,0.2366946778711484,169,714
2018,Monaco Grand Prix,FP3,STR,20.0,1.0,no_advantage,271.8214272,39.0,122.65117435119528,100.0,0.2809917355371901,204,726
2018,Monaco Grand Prix,Q,LEC,10.0,1.0,no_advantage,284.0,38.0,112.17994763176073,100.0,0.2405541561712846,191,794
2018,Monaco Grand Prix,Q,BOT,9.0,,no_advantage,290.0,46.0,163.85109472059287,100.0,0.2357274401473296,128,543
2018,Russian Grand Prix,FP1,NOR,7.0,4.0,no_advantage,285.0,76.0,180.02731482280964,100.0,0.1758620689655172,153,870
2018,Russian Grand Prix,FP1,BOT,10.0,5.0,no_advantage,321.0,53.0,183.59663640454505,100.0,0.2011834319526627,170,845
2018,Russian Grand Prix,FP1,BOT,16.0,2.0,no_advantage,305.0,71.0,167.69183960450874,100.0,0.221627408993576,207,934
2018,Russian Grand Prix,FP1,VER,14.0,7.0,no_advantage,270.0,62.0,142.08450185312742,100.0,0.274745605920444,297,1081
2018,Russian Grand Prix,FP1,LEC,14.0,8.0,no_advantage,279.0,62.0,135.3602257269175,100.0,0.124456048738033,143,1149
2018,Russian Grand Prix,FP2,VET,3.0,2.0,no_advantage,266.0,70.0,156.854153468328,100.0,0.1818181818181818,182,1001
2018,Russian Grand Prix,FP2,RAI,2.0,2.0,no_advantage,322.0,80.0,188.5424588519816,100.0,0.1866028708133971,156,836
2018,Russian Grand Prix,FP2,HUL,5.0,2.0,no_advantage,280.0,65.0,161.46408482779822,100.0,0.2264344262295081,221,976
2018,Russian Grand Prix,FP2,SIR,7.0,7.0,no_advantage,320.0,80.0,211.55555332762376,100.0,0.1765498652291105,131,742
2018,Russian Grand Prix,FP2,LEC,13.0,2.0,no_advantage,323.0,94.0,219.6944039450129,100.0,0.1754143646408839,127,724
2018,Russian Grand Prix,FP2,LEC,14.0,5.0,no_advantage,280.0,65.0,151.11192540897628,100.0,0.1859582542694497,196,1054
2018,Russian Grand Prix,FP2,HAM,19.0,2.0,no_advantage,312.0,95.0,209.98721699284704,100.0,0.1880794701986755,142,755
2018,Russian Grand Prix,FP3,RAI,1.0,7.0,no_advantage,297.0,60.79166613333334,164.74830864619014,100.0,0.1742006615214994,158,907
2018,Singapore Grand Prix,FP1,PER,8.0,20.0,no_advantage,271.0,45.0,129.9448405995341,100.0,0.2579403272377286,268,1039
2018,Singapore Grand Prix,FP1,RAI,13.0,18.0,no_advantage,292.0,57.0,138.82645912571203,100.0,0.2071428571428571,203,980
2018,Singapore Grand Prix,FP1,BOT,18.0,14.0,no_advantage,294.0,57.0,138.81097095129002,100.0,0.2613636363636363,253,968
2018,Singapore Grand Prix,FP2,SIR,3.0,8.0,no_advantage,282.0,43.0,128.93265002432716,100.0,0.2670454545454545,282,1056
2018,Singapore Grand Prix,FP2,HAM,2.0,14.0,no_advantage,316.0,63.0,179.37308475856906,100.0,0.2260183968462549,172,761
2018,Singapore Grand Prix,FP2,GRO,6.0,7.0,no_advantage,300.0,52.0,155.5526208176607,100.0,0.2671232876712329,234,876
2018,Singapore Grand Prix,FP2,MAG,10.0,5.0,no_advantage,291.0,53.0,125.49612596123862,100.0,0.1746323529411764,190,1088
2018,Spanish Grand Prix,FP1,HAR,7.0,4.0,no_advantage,312.0,72.0,201.41854205409925,100.0,0.1529790660225443,95,621
2018,Spanish Grand Prix,FP1,GRO,7.0,4.0,no_advantage,316.0,70.0,201.49166744384323,100.0,0.1873990306946688,116,619
2018,Spanish Grand Prix,FP1,GRO,8.0,7.0,no_advantage,319.0,32.0,173.24227111044445,100.0,0.2025139664804469,145,716
2018,Spanish Grand Prix,FP1,HAR,26.0,10.0,no_advantage,242.0,0.0,104.92904126287075,100.0,0.1989619377162629,230,1156
2018,Spanish Grand Prix,FP2,RAI,13.0,4.0,no_advantage,296.0,46.0,142.10327912684264,100.0,0.1905855338691159,166,871
2018,Spanish Grand Prix,FP2,LEC,21.0,4.0,no_advantage,302.0,75.0,197.66397925385175,100.0,0.1880877742946708,120,638
2018,Spanish Grand Prix,FP2,VER,33.0,2.0,no_advantage,296.0,80.0,205.73063649693475,100.0,0.1612377850162866,99,614
2018,Spanish Grand Prix,FP3,STR,9.0,4.0,no_advantage,285.3750016,0.0,127.87193648443208,100.0,0.1767109295199183,173,979
2018,Spanish Grand Prix,Q,ERI,3.0,1.0,no_advantage,311.0,72.0,154.4097565404015,100.0,0.1572327044025157,125,795
2018,Spanish Grand Prix,Q,GRO,17.0,7.0,no_advantage,306.0,52.0,163.0729092421985,100.0,0.2099087353324641,161,767
2018,Spanish Grand Prix,R,SIR,40.0,9.0,no_advantage,264.0,60.0,135.27490159638336,100.0,0.3071120689655172,285,928
2018,United States Grand Prix,FP1,VET,12.0,11.0,no_advantage,298.0,57.0,159.65479378893392,100.0,0.2078651685393258,185,890
2019,Australian Grand Prix,FP2,RUS,27.0,3.0,no_advantage,291.0,81.0,206.82986288063904,100.0,0.160919540229885,112,696
2019,Australian Grand Prix,R,KVY,36.0,3.0,no_advantage,324.0,73.0,212.87523632893212,100.0,0.2020648967551622,137,678
2019,Austrian Grand Prix,FP1,GAS,11.0,9.0,no_advantage,316.0,68.0,232.68741611040323,100.0,0.1431411530815109,72,503
2019,Austrian Grand Prix,FP1,NOR,20.0,10.0,no_advantage,317.0,70.0,222.6394440335572,100.0,0.1544401544401544,80,518
2019,Austrian Grand Prix,FP1,VER,25.0,1.0,no_advantage,294.0,63.0,187.3768228095589,100.0,0.1910112359550561,119,623
2019,Austrian Grand Prix,FP2,BOT,2.0,10.0,no_advantage,317.0,72.0,227.1005138579933,100.0,0.15234375,78,512
2019,Austrian Grand Prix,FP2,HAM,2.0,10.0,no_advantage,318.0,70.0,232.9496636637942,100.0,0.146,73,500
2019,Austrian Grand Prix,FP2,GAS,5.0,4.0,no_advantage,286.4166656,60.0,165.67992830964425,100.0,0.1560283687943262,110,705
2019,Austrian Grand Prix,FP2,VET,14.0,10.0,no_advantage,329.0,0.0,168.65538665032636,100.0,0.1520467836257309,104,684
2019,Austrian Grand Prix,FP2,SAI,35.0,6.0,no_advantage,296.0,67.0,224.36496049878204,100.0,0.1640926640926641,85,518
2019,Austrian Grand Prix,FP2,LEC,30.0,3.0,no_advantage,305.0,64.0,207.87815502285824,100.0,0.1890359168241966,100,529
2019,Austrian Grand Prix,FP3,GRO,5.0,3.0,no_advantage,303.0,54.0,146.19853199921684,100.0,0.1587708066581306,124,781
2019,Austrian Grand Prix,FP3,KUB,17.0,10.0,no_advantage,317.0,66.0,220.86016862369212,100.0,0.1811320754716981,96,530
2019,Austrian Grand Prix,FP3,GRO,15.0,9.0,no_advantage,316.0,68.0,227.37184169341663,100.0,0.1895551257253385,98,517
2019,Austrian Grand Prix,Q,KVY,7.0,9.0,no_advantage,320.0,72.0,238.50272208500016,100.0,0.1512096774193548,75,496
2019,Austrian Grand Prix,Q,KVY,8.0,1.0,no_advantage,305.0,36.0,159.8108363654532,100.0,0.1534246575342465,112,730
2019,Austrian Grand Prix,R,GIO,5.0,1.0,no_advantage,299.0,65.0,218.8116727099145,100.0,0.1843575418994413,99,537
2019,Austrian Grand Prix,R,NOR,5.0,5.0,no_advantage,300.0,65.0,217.93378023069943,99.0,0.1850467289719626,99,535
2019,Azerbaijan Grand Prix,FP2,NOR,4.0,3.0,no_advantage,327.0,60.0,170.3336888280116,100.0,0.2264957264957265,212,936
2019,Azerbaijan Grand Prix,FP2,MAG,4.0,3.0,no_advantage,332.0,62.0,183.074842941286,100.0,0.19102416570771,166,869
2019,Azerbaijan Grand Prix,FP2,HAM,5.0,8.0,no_advantage,324.0,74.0,202.94640580014263,100.0,0.1858407079646017,147,791
2019,Azerbaijan Grand Prix,FP2,VET,6.0,3.0,no_advantage,324.0,56.0,178.5149472421835,100.0,0.2058139534883721,177,860
2019,Azerbaijan Grand Prix,FP2,GAS,14.0,3.0,no_advantage,326.8,54.0,157.41300770727304,100.0,0.1859785783836416,191,1027
2019,Azerbaijan Grand Prix,FP2,BOT,23.0,3.0,no_advantage,315.0,44.3916672,170.03471144163183,100.0,0.2191323692992213,197,899
2019,Azerbaijan Grand Prix,FP2,GIO,25.0,15.0,no_advantage,322.0,68.0,199.19178647964804,100.0,0.211042944785276,172,815
2019,Azerbaijan Grand Prix,FP2,GIO,27.0,2.0,no_advantage,316.0,63.0,182.8055044497181,100.0,0.2633371169125993,232,881
2019,Azerbaijan Grand Prix,FP2,GRO,28.0,8.0,no_advantage,316.0,66.0,196.983631417504,100.0,0.2031630170316301,167,822
2019,Azerbaijan Grand Prix,FP2,GRO,29.0,3.0,no_advantage,315.0,0.0,163.3508092297779,100.0,0.2399193548387097,238,992
2019,Azerbaijan Grand Prix,FP2,VET,26.0,4.0,no_advantage,312.0,68.0,200.00200910081247,100.0,0.1831683168316831,148,808
2019,Azerbaijan Grand Prix,FP3,ALB,11.0,2.0,no_advantage,300.0,0.0,142.13471951193432,100.0,0.3134851138353765,358,1142
2019,Azerbaijan Grand Prix,FP3,HAM,15.0,2.0,no_advantage,326.0281248,65.0,175.6095645054751,100.0,0.2423580786026201,222,916
2019,Azerbaijan Grand Prix,Q,HAM,1.0,3.0,no_advantage,330.0,44.0,157.42474583555807,100.0,0.2923553719008264,283,968
2019,Azerbaijan Grand Prix,Q,HUL,2.0,3.0,no_advantage,333.8,62.0,177.16074870978056,100.0,0.2302631578947368,210,912
2019,Bahrain Grand Prix,R,GRO,8.0,2.0,no_advantage,297.0,63.0,197.2004360994187,100.0,0.182312925170068,134,735
2019,Belgian Grand Prix,FP1,HAM,9.0,1.0,no_advantage,322.0,44.0,189.7408282021197,100.0,0.125,124,992
2019,British Grand Prix,FP2,ALB,1.0,6.0,no_advantage,290.0,67.0,188.1572656815492,100.0,0.1692111959287532,133,786
2019,British Grand Prix,R,GRO,1.0,5.0,no_advantage,294.0,0.0,156.65436983727312,100.0,0.1764705882352941,174,986
2019,British Grand Prix,R,PER,26.0,6.0,no_advantage,299.0,92.0,225.6803227337668,100.0,0.1629213483146067,116,712
2019,Canadian Grand Prix,FP1,LAT,4.0,8.0,no_advantage,299.0,53.0,174.1715688095419,100.0,0.210134128166915,141,671
2019,Canadian Grand Prix,FP1,LAT,9.0,8.0,no_advantage,286.0,50.0,150.35854190534536,100.0,0.2107969151670951,164,778
2019,Canadian Grand Prix,FP1,GRO,10.0,8.0,no_advantage,298.0,54.0,166.16484402287588,100.0,0.2161016949152542,153,708
2019,Canadian Grand Prix,FP1,ALB,13.0,8.0,no_advantage,300.0,56.0,196.45906082745293,100.0,0.1949579831932773,116,595
2019,Canadian Grand Prix,FP1,KVY,16.0,13.0,no_advantage,321.0,52.0,194.4125803056085,100.0,0.1813643926788685,109,601
2019,Canadian Grand Prix,FP1,GAS,12.0,1.0,no_advantage,296.0,52.0,161.27219736134708,100.0,0.1991758241758241,145,728
2019,Canadian Grand Prix,FP1,MAG,27.0,8.0,no_advantage,294.0,45.0,179.05099965367666,100.0,0.2142857142857142,141,658
2019,Canadian Grand Prix,FP1,VER,23.0,8.0,no_advantage,299.0,56.0,200.5144274003405,100.0,0.1569965870307167,92,586
2019,Canadian Grand Prix,FP1,SAI,31.0,8.0,no_advantage,300.0,60.0,191.6058639660712,99.0,0.2013093289689034,123,611
2019,Canadian Grand Prix,FP2,ALB,1.0,8.0,no_advantage,299.0,57.0,171.39761879341734,100.0,0.2176470588235294,148,680
2019,Canadian Grand Prix,FP2,GAS,1.0,8.0,no_advantage,299.0,63.0,187.72087627712787,100.0,0.2045088566827697,127,621
2019,Canadian Grand Prix,FP2,GRO,1.0,8.0,no_advantage,298.0,0.0,145.80771623579702,100.0,0.2611940298507462,210,804
2019,Canadian Grand Prix,FP2,KVY,16.0,1.0,no_advantage,298.4250016,51.0,159.00996226371953,100.0,0.1878378378378378,139,740
2019,Canadian Grand Prix,FP2,GAS,18.0,1.0,no_advantage,298.0,54.0,151.99036719675368,100.0,0.1881443298969072,146,776
2019,Canadian Grand Prix,FP2,NOR,21.0,8.0,no_advantage,305.0,57.0,193.71409940085087,100.0,0.196694214876033,119,605
2019,Canadian Grand Prix,FP3,GIO,6.0,13.0,no_advantage,329.0,64.0,204.1786379137656,100.0,0.1875,108,576
2019,Canadian Grand Prix,FP3,RUS,5.0,1.0,no_advantage,306.0,51.0,151.67530862050026,100.0,0.2468030690537084,193,782
2019,Canadian Grand Prix,FP3,NOR,8.0,13.0,no_advantage,325.0,49.0,195.68433353494547,100.0,0.1801652892561983,109,605
2019,Canadian Grand Prix,FP3,RIC,6.0,1.0,no_advantage,302.0,55.0,164.0357710572467,100.0,0.1428571428571428,103,721
2019,Canadian Grand Prix,FP3,LEC,13.0,1.0,no_advantage,306.2510470290083,54.0,168.05720203990035,100.0,0.2595204513399153,184,709
2019,Canadian Grand Prix,FP3,GIO,17.0,1.0,no_advantage,333.0,61.0,213.4615749961865,100.0,0.1857142857142857,104,560
2019,Canadian Grand Prix,Q,LEC,8.0,8.0,no_advantage,306.3107136,60.0,187.74635832556777,100.0,0.1786283891547049,112,627
2019,Canadian Grand Prix,R,ALB,4.0,1.0,no_advantage,298.0,58.0,196.2354037923468,100.0,0.1926298157453936,115,597
2019,Canadian Grand Prix,R,NOR,7.0,8.0,no_advantage,308.0,57.0,195.92635179874915,99.0,0.1912751677852349,114,596
2019,Canadian Grand Prix,R,NOR,8.0,13.0,no_advantage,307.0,55.0,178.59951268573892,99.0,0.2473118279569892,161,651
2019,Canadian Grand Prix,R,RUS,25.0,13.0,no_advantage,302.0,58.0,191.38677433409384,100.0,0.2094926350245499,128,611
2019,Canadian Grand Prix,R,SAI,29.0,13.0,no_advantage,308.0,56.0,197.2772625806325,99.0,0.2077702702702702,123,592
2019,Canadian Grand Prix,R,HUL,30.0,8.0,no_advantage,299.0,61.0,203.25351048378283,100.0,0.1597222222222222,92,576
2019,Canadian Grand Prix,R,GRO,33.0,1.0,no_advantage,307.0,56.0,198.0213144442039,100.0,0.1807432432432432,107,592
2019,Canadian Grand Prix,R,ALB,57.0,8.0,no_advantage,300.0,60.0,199.5697785466574,100.0,0.1857638888888889,107,576
2019,Chinese Grand Prix,FP3,NOR,10.0,16.0,no_advantage,315.0,60.0,196.8492470032371,100.0,0.1565452091767881,116,741
2019,Chinese Grand Prix,R,VET,25.0,14.0,no_advantage,304.0,61.0,200.80520199058256,100.0,0.1559139784946236,116,744
2019,French Grand Prix,FP1,VET,12.0,1.0,no_advantage,292.0,36.0,143.96865417241958,100.0,0.1392285983066792,148,1063
2019,French Grand Prix,FP1,RAI,6.0,4.0,no_advantage,316.0,73.0,186.27532799816277,100.0,0.1873508353221957,157,838
2019,French Grand Prix,FP1,GAS,9.0,2.0,no_advantage,318.0,0.0,149.94104691534707,100.0,0.1923454367026496,196,1019
2019,French Grand Prix,FP2,VET,2.0,12.0,no_advantage,326.0,66.0,201.60522029910064,100.0,0.1627906976744186,126,774
2019,French Grand Prix,FP2,NOR,10.0,8.0,no_advantage,325.0,80.0,225.143351126358,100.0,0.1502890173410404,104,692
2019,French Grand Prix,FP2,HAM,9.0,4.0,no_advantage,307.65,57.0,180.02524395450035,104.0,0.2032146957520091,177,871
2019,French Grand Prix,FP2,PER,16.0,2.0,no_advantage,305.0,75.0,211.7028249638076,100.0,0.1875843454790823,139,741
2019,French Grand Prix,FP2,PER,26.0,8.0,no_advantage,312.0,77.0,213.3287014850416,100.0,0.1947873799725651,142,729
2019,French Grand Prix,R,RIC,35.0,8.0,no_advantage,307.0,81.0,217.15792005010644,100.0,0.1454046639231824,106,729
2019,German Grand Prix,FP1,BOT,27.0,13.0,no_advantage,302.0,54.0,206.98533100164155,100.0,0.1627516778523489,97,596
2019,German Grand Prix,FP3,VET,2.0,1.0,clear_violation,323.0,57.0,224.5666158880593,100.0,0.1793478260869565,99,552
2019,German Grand Prix,FP3,VET,12.0,17.0,clear_violation,324.0,58.0,226.2569711424434,100.0,0.1669724770642202,91,545
2019,German Grand Prix,FP3,RAI,8.0,17.0,clear_violation,328.0,57.0,223.8215154332624,100.0,0.1615798922800718,90,557
2019,German Grand Prix,FP3,RAI,15.0,17.0,clear_violation,334.0,56.0,224.11071652618847,100.0,0.1546762589928057,86,556
2019,German Grand Prix,FP3,RAI,17.0,17.0,clear_violation,334.0,55.0,224.4597501242204,100.0,0.1660649819494584,92,554
2019,German Grand Prix,FP3,ALB,11.0,17.0,clear_violation,321.0,54.0,221.96137394447945,100.0,0.163375224416517,91,557
2019,German Grand Prix,FP3,KVY,9.0,1.0,clear_violation,323.0,55.0,222.63024737877956,100.0,0.1556350626118068,87,559
2019,German Grand Prix,FP3,KVY,12.0,1.0,clear_violation,321.0,53.0,221.9442492223074,100.0,0.1379928315412186,77,558
2019,German Grand Prix,FP3,HAM,17.0,17.0,clear_violation,318.0,58.0,226.58156335056324,100.0,0.1313868613138686,72,548
2019,German Grand Prix,FP3,SAI,17.0,17.0,clear_violation,325.0,56.0,222.8942573323295,100.0,0.1546762589928057,86,556
2019,German Grand Prix,Q,GAS,14.0,17.0,clear_violation,329.0,56.0,228.3517298879192,100.0,0.1346863468634686,73,542
2019,German Grand Prix,Q,LEC,7.0,1.0,clear_violation,296.0,53.0,192.46580136024437,100.0,0.1866251944012441,120,643
2019,German Grand Prix,Q,GIO,5.0,1.0,clear_violation,336.0,56.0,217.53159587799735,100.0,0.1566901408450704,89,568
2019,German Grand Prix,Q,KUB,4.0,17.0,clear_violation,325.0,51.0,218.1870465125195,100.0,0.1728395061728395,98,567
2019,German Grand Prix,R,HAM,52.0,1.0,no_advantage,305.0,58.0,210.85515397392044,100.0,0.1587837837837837,94,592
2019,German Grand Prix,R,GRO,61.0,6.0,no_advantage,307.0,48.0,208.751247706265,100.0,0.1836393989983305,110,599
2019,Hungarian Grand Prix,R,HAM,2.0,3.0,no_advantage,296.0,92.0,190.73963015933091,100.0,0.1919354838709677,119,620
2019,Hungarian Grand Prix,R,BOT,7.0,4.0,no_advantage,291.0,95.0,193.11535231016816,100.0,0.1791530944625407,110,614
2019,Hungarian Grand Prix,R,PER,69.0,1.0,no_advantage,302.0,70.0,187.3759500196304,100.0,0.2547169811320754,162,636
2019,Monaco Grand Prix,FP1,VET,6.0,1.0,no_advantage,274.7749984,40.0,132.15421694470157,100.0,0.2725947521865889,187,686
2019,Monaco Grand Prix,FP1,BOT,12.0,1.0,no_advantage,286.0,42.0,140.95048037478026,100.0,0.2115085536547434,136,643
2019,Monaco Grand Prix,FP1,KVY,20.0,1.0,no_advantage,280.0,39.0,126.38962456743734,100.0,0.2731092436974789,195,714
2019,Monaco Grand Prix,FP1,NOR,27.0,1.0,no_advantage,279.68333226666664,43.0,131.09321719578392,99.0,0.2714078374455733,187,689
2019,Monaco Grand Prix,FP1,VER,18.0,5.0,no_advantage,282.0,0.0,90.58767048816982,100.0,0.4221422142214221,469,1111
2019,Monaco Grand Prix,FP1,STR,18.0,1.0,no_advantage,285.0,46.0,154.76608002267997,100.0,0.25,146,584
2019,Monaco Grand Prix,FP2,RUS,5.0,1.0,no_advantage,275.0,40.0,123.33762417116084,100.0,0.2122448979591836,156,735
2019,Monaco Grand Prix,FP2,HAM,18.0,1.0,no_advantage,276.0,45.0,117.60504282865868,100.0,0.2109375,162,768
2019,Monaco Grand Prix,FP2,VET,26.0,1.0,no_advantage,283.0,44.0,156.58432311153356,100.0,0.2607944732297064,151,579
2019,Monaco Grand Prix,FP3,STR,17.0,1.0,no_advantage,279.0,33.0,109.55958935484692,100.0,0.1674757281553398,138,824
2019,Spanish Grand Prix,FP1,GRO,12.0,7.0,no_advantage,304.0,38.0,121.82012478841364,100.0,0.1273080660835762,131,1029
2019,Spanish Grand Prix,FP2,HAM,5.0,13.0,no_advantage,319.0,78.0,203.18231836110792,100.0,0.144026186579378,88,611
2019,Spanish Grand Prix,FP2,KVY,24.0,1.0,no_advantage,304.0,70.0,199.50586686679003,100.0,0.164274322169059,103,627
2020,70th Anniversary Grand Prix,FP1,VET,8.0,9.0,clear_violation,315.0,90.0,237.81042427146664,100.0,0.1142857142857142,88,770
2020,70th Anniversary Grand Prix,FP1,RAI,9.0,9.0,clear_violation,319.0,88.0,235.7088590212115,100.0,0.1261261261261261,98,777
2020,70th Anniversary Grand Prix,FP1,MAG,10.0,9.0,clear_violation,318.0,57.0,232.2546879826832,100.0,0.1493670886075949,118,790
2020,70th Anniversary Grand Prix,FP1,ALB,20.0,15.0,clear_violation,320.0,90.0,235.35438260127992,100.0,0.1503856041131105,117,778
2020,70th Anniversary Grand Prix,FP1,KUB,12.0,9.0,clear_violation,319.0,86.0,235.5044689311333,100.0,0.1617458279845956,126,779
2020,70th Anniversary Grand Prix,FP2,RIC,9.0,9.0,clear_violation,320.0,96.0,241.7799112444427,100.0,0.1005291005291005,76,756
2020,70th Anniversary Grand Prix,FP2,ALB,15.0,9.0,clear_violation,300.0,81.0,224.62590914572925,100.0,0.1595092024539877,130,815
2020,70th Anniversary Grand Prix,FP2,SAI,22.0,9.0,clear_violation,313.0,85.0,213.19966912125423,99.0,0.1451990632318501,124,854
2020,70th Anniversary Grand Prix,FP2,STR,17.0,14.0,no_advantage,305.0,82.0,212.7599358204997,100.0,0.2176949941792782,187,859
2020,70th Anniversary Grand Prix,FP2,RAI,24.0,13.0,no_advantage,325.0,0.0,178.0801778961629,100.0,0.2200392927308448,224,1018
2020,70th Anniversary Grand Prix,FP3,VER,8.0,15.0,clear_violation,311.0,64.0,170.842511422331,100.0,0.1445895522388059,155,1072
2020,70th Anniversary Grand Prix,FP3,RUS,5.0,15.0,clear_violation,325.0,52.0,213.30552215856392,100.0,0.1558139534883721,134,860
2020,70th Anniversary Grand Prix,Q,KVY,5.0,15.0,clear_violation,333.0,91.0,239.0894320766965,100.0,0.1227154046997389,94,766
2020,70th Anniversary Grand Prix,R,ALB,10.0,15.0,clear_violation,324.0,86.0,222.94771022036196,100.0,0.2037267080745341,164,805
2020,70th Anniversary Grand Prix,R,ALB,33.0,15.0,clear_violation,350.0,86.0,228.10748452954817,100.0,0.18625,149,800
2020,70th Anniversary Grand Prix,R,KVY,30.0,15.0,clear_violation,337.0,82.0,225.45434018000563,100.0,0.1883519206939281,152,807
2020,70th Anniversary Grand Prix,R,VET,36.0,15.0,clear_violation,331.0,83.0,229.72138317490172,100.0,0.1927409261576971,154,799
2020,70th Anniversary Grand Prix,R,VET,37.0,15.0,clear_violation,332.0,82.0,228.78311629961848,100.0,0.200501253132832,160,798
2020,70th Anniversary Grand Prix,R,GRO,29.0,15.0,clear_violation,315.0,84.0,222.9886474304848,100.0,0.1451219512195121,119,820
2020,70th Anniversary Grand Prix,R,LAT,16.0,15.0,clear_violation,336.0,84.0,223.5283114366429,100.0,0.2267156862745098,185,816
2020,70th Anniversary Grand Prix,R,LAT,51.0,15.0,clear_violation,342.0,89.0,227.8560941435176,100.0,0.2359550561797752,189,801
2020,70th Anniversary Grand Prix,R,MAG,17.0,15.0,clear_violation,315.0,86.0,223.5318728810437,100.0,0.1713586291309669,140,817
2020,Austrian Grand Prix,FP1,STR,5.0,10.0,clear_violation,319.0,71.0,233.03648330021304,100.0,0.1870748299319728,110,588
2020,Austrian Grand Prix,FP1,STR,5.0,9.0,no_advantage,319.0,71.0,233.03648330021304,100.0,0.1870748299319728,110,588
2020,Austrian Grand Prix,FP2,RAI,12.0,10.0,clear_violation,319.0,68.0,234.2403624816135,100.0,0.1767764298093587,102,577
2020,Austrian Grand Prix,FP2,RAI,13.0,10.0,clear_violation,290.0,54.0,165.09050143601542,100.0,0.2825552825552825,230,814
2020,Austrian Grand Prix,FP2,RAI,29.0,10.0,clear_violation,311.0,59.0,219.0152707760284,100.0,0.197389885807504,121,613
2020,Austrian Grand Prix,FP2,RAI,30.0,10.0,clear_violation,303.0,50.0,208.2805305873896,100.0,0.2043343653250774,132,646
2020,Austrian Grand Prix,FP2,STR,30.0,10.0,clear_violation,298.0,67.0,221.53800101097943,100.0,0.2013093289689034,123,611
2020,Austrian Grand Prix,FP2,MAG,2.0,9.0,clear_violation,310.0,70.0,232.05238848172476,100.0,0.1568965517241379,91,580
2020,Austrian Grand Prix,FP2,HAM,23.0,10.0,clear_violation,300.0,66.0,203.3090042108762,100.0,0.1885369532428356,125,663
2020,Austrian Grand Prix,FP2,LAT,5.0,3.0,no_advantage,311.0,0.0,138.85569511737194,100.0,0.2520408163265306,247,980
2020,Austrian Grand Prix,FP2,RAI,10.0,6.0,no_advantage,318.0,44.0,180.1627262416917,100.0,0.2156084656084656,163,756
2020,Austrian Grand Prix,FP2,VER,13.0,6.0,no_advantage,290.0,75.0,224.22467512388255,100.0,0.1293532338308457,78,603
2020,Austrian Grand Prix,FP3,RAI,16.0,9.0,clear_violation,318.0,67.0,221.37979499136088,100.0,0.167487684729064,102,609
2020,Austrian Grand Prix,R,KVY,39.0,10.0,clear_violation,297.0,60.0,220.32948561082884,100.0,0.165837479270315,100,603
2020,Austrian Grand Prix,R,KVY,40.0,10.0,clear_violation,297.0,60.0,220.4326683130128,100.0,0.1603305785123966,97,605
2020,Austrian Grand Prix,R,KVY,60.0,9.0,clear_violation,283.0,56.0,174.8750529120644,100.0,0.2598039215686274,159,612
2020,Austrian Grand Prix,R,KVY,63.0,10.0,clear_violation,330.0,46.0,219.09797305542503,100.0,0.1954022988505747,119,609
2020,Austrian Grand Prix,R,KVY,64.0,10.0,clear_violation,324.0,4.0,216.7535339540881,100.0,0.1682847896440129,104,618
2020,Austrian Grand Prix,R,OCO,65.0,10.0,clear_violation,320.0,63.0,223.63782171408263,100.0,0.1983333333333333,119,600
2020,Austrian Grand Prix,R,VET,39.0,10.0,clear_violation,305.0,65.0,223.872616855362,100.0,0.1879084967320261,115,612
2020,Austrian Grand Prix,R,VET,40.0,10.0,clear_violation,304.0,64.0,222.4082565308839,100.0,0.1967479674796748,121,615
2020,Austrian Grand Prix,R,VET,58.0,10.0,clear_violation,263.0,70.0,152.17914248056482,100.0,0.2340425531914893,143,611
2020,Austrian Grand Prix,R,VET,59.0,10.0,clear_violation,216.5499968,71.0,139.81424093692928,100.0,0.2345276872964169,144,614
2020,Austrian Grand Prix,R,GRO,16.0,9.0,clear_violation,305.0,59.0,218.7420570646083,100.0,0.1719342604298356,136,791
2020,Austrian Grand Prix,R,GRO,27.0,10.0,clear_violation,231.0,87.0,143.39745183231724,100.0,0.2414910858995137,149,617
2020,Austrian Grand Prix,R,GRO,28.0,10.0,clear_violation,288.0,57.0,168.13730566722833,100.0,0.2077294685990338,129,621
2020,Belgian Grand Prix,FP1,GAS,5.0,9.0,clear_violation,329.0,38.0,208.7650910924393,100.0,0.1444976076555024,151,1045
2020,Belgian Grand Prix,FP1,GAS,15.0,19.0,clear_violation,331.0,66.0,232.8327567563781,100.0,0.1203407880724174,113,939
2020,Belgian Grand Prix,FP1,GAS,16.0,19.0,clear_violation,306.0,71.0,216.11688456408763,100.0,0.1193293885601577,121,1014
2020,Belgian Grand Prix,FP1,VER,9.0,9.0,clear_violation,323.0,74.0,237.4865833825516,100.0,0.1230936819172113,113,918
2020,Belgian Grand Prix,FP1,SAI,19.0,9.0,clear_violation,319.0,69.0,226.21268081570915,100.0,0.1204569055036344,116,963
2020,Belgian Grand Prix,FP2,VET,20.0,9.0,clear_violation,314.0,69.0,224.8663124975245,100.0,0.1536082474226804,149,970
2020,Belgian Grand Prix,FP2,GAS,19.0,9.0,clear_violation,312.0,68.0,225.8108270036301,100.0,0.1170984455958549,113,965
2020,Belgian Grand Prix,FP2,GAS,20.0,9.0,clear_violation,313.0,67.0,226.49835996486985,100.0,0.1121495327102803,108,963
2020,Belgian Grand Prix,FP2,GAS,23.0,9.0,clear_violation,318.0,69.0,227.98310207067428,100.0,0.1204188481675392,115,955
2020,Belgian Grand Prix,FP2,STR,15.0,9.0,clear_violation,316.0,65.0,227.84919633154095,100.0,0.1474895397489539,141,956
2020,Belgian Grand Prix,FP3,RAI,4.0,19.0,clear_violation,323.0,66.0,238.12444083684187,100.0,0.1300546448087431,119,915
2020,Belgian Grand Prix,Q,MAG,7.0,14.0,no_advantage,298.0,0.0,110.04168980915009,104.0,0.2830284552845528,557,1968
2020,Belgian Grand Prix,R,GAS,5.0,9.0,clear_violation,343.0,64.0,223.99299545706452,100.0,0.1469681397738951,143,973
2020,Belgian Grand Prix,R,STR,7.0,9.0,clear_violation,330.0,63.0,223.66426427116667,100.0,0.1762295081967213,172,976
2020,Belgian Grand Prix,R,NOR,34.0,9.0,clear_violation,325.0,66.0,229.31899374857667,100.0,0.1568421052631579,149,950
2020,Belgian Grand Prix,R,GRO,36.0,9.0,clear_violation,322.0,66.0,226.588995710752,100.0,0.1391484942886812,134,963
2020,British Grand Prix,FP1,RIC,9.0,15.0,clear_violation,323.0,99.0,237.70149170191368,100.0,0.1240310077519379,96,774
2020,British Grand Prix,FP1,NOR,10.0,5.0,clear_violation,313.0,87.0,226.1959597678984,100.0,0.1594561186650185,129,809
2020,British Grand Prix,FP1,ALB,14.0,15.0,clear_violation,320.0,92.0,236.67397122965156,100.0,0.1384217335058215,107,773
2020,British Grand Prix,FP1,OCO,11.0,15.0,clear_violation,319.0,98.0,238.75016747234875,100.0,0.1302083333333333,100,768
2020,British Grand Prix,FP1,RAI,8.0,7.0,no_advantage,309.0,75.0,204.47955036769028,100.0,0.17152466367713,153,892
2020,British Grand Prix,FP2,NOR,5.0,15.0,clear_violation,318.0,65.0,209.97706026104348,99.0,0.1536697247706422,134,872
2020,British Grand Prix,FP2,GAS,4.0,15.0,clear_violation,323.0,79.0,223.97410036354336,100.0,0.1040391676866585,85,817
2020,British Grand Prix,FP2,MAG,25.0,9.0,clear_violation,298.0,93.0,220.305133904626,100.0,0.1632653061224489,136,833
2020,British Grand Prix,FP3,RAI,15.0,9.0,clear_violation,314.0,89.0,238.794688069582,100.0,0.1328125,102,768
2020,British Grand Prix,FP3,MAG,12.0,9.0,clear_violation,308.0,69.0,198.88456967407,100.0,0.1491891891891892,138,925
2020,British Grand Prix,FP3,ALB,2.0,9.0,clear_violation,312.0,95.0,238.20093379606703,100.0,0.1415584415584415,109,770
2020,British Grand Prix,Q,VET,19.0,9.0,clear_violation,319.0,92.0,244.8012382860765,100.0,0.12,90,750
2020,British Grand Prix,Q,GRO,5.0,9.0,clear_violation,320.0,89.0,241.53509035988935,100.0,0.1274638633377135,97,761
2020,British Grand Prix,R,GAS,37.0,15.0,clear_violation,333.0,85.0,231.15471941518095,100.0,0.1310432569974554,103,786
2020,British Grand Prix,R,ALB,6.0,9.0,clear_violation,310.0,79.0,213.72652548535785,100.0,0.1849642004773269,155,838
2020,British Grand Prix,R,ALB,19.0,9.0,clear_violation,322.0,79.0,219.2021053606735,100.0,0.2047619047619047,172,840
2020,British Grand Prix,R,NOR,19.0,9.0,clear_violation,318.0,71.0,223.11622789301296,100.0,0.1757575757575757,145,825
2020,British Grand Prix,R,VET,47.0,9.0,clear_violation,306.0,83.0,232.86057149007485,100.0,0.1329113924050632,105,790
2020,British Grand Prix,R,SAI,19.0,9.0,clear_violation,307.0,76.0,222.73101374049585,100.0,0.174757281553398,144,824
2020,British Grand Prix,R,SAI,43.0,9.0,clear_violation,306.0,87.0,231.97410834823424,100.0,0.1126582278481012,89,790
2020,British Grand Prix,R,RAI,47.0,9.0,clear_violation,300.0,60.0,178.22909421834834,100.0,0.1928071928071928,193,1001
2020,British Grand Prix,R,GRO,9.0,9.0,clear_violation,325.0,80.0,223.98565102056543,100.0,0.1654411764705882,135,816
2020,British Grand Prix,R,GAS,42.0,15.0,no_advantage,303.0,87.0,232.4427269984353,100.0,0.1189873417721519,94,790
2020,Eifel Grand Prix,FP3,NOR,9.0,4.0,clear_violation,313.0,81.0,206.13815857558848,100.0,0.1604621309370988,125,779
2020,Eifel Grand Prix,FP3,VET,5.0,13.0,clear_violation,290.0,87.0,193.572872002946,100.0,0.2243667068757539,186,829
2020,Eifel Grand Prix,FP3,VET,7.0,4.0,clear_violation,293.0,82.0,196.53380746641537,100.0,0.2090464547677261,171,818
2020,Eifel Grand Prix,FP3,RAI,8.0,4.0,clear_violation,311.0,79.0,196.72210958830004,100.0,0.1906519065190652,155,813
2020,Eifel Grand Prix,FP3,RAI,22.0,4.0,clear_violation,313.0,83.0,207.89340204814172,100.0,0.1694695989650711,131,773
2020,Eifel Grand Prix,FP3,GAS,5.0,4.0,clear_violation,295.0,83.0,199.01133303072857,100.0,0.167910447761194,135,804
2020,Eifel Grand Prix,FP3,PER,16.0,4.0,clear_violation,298.0,86.0,198.66621461609105,100.0,0.1775585696670776,144,811
2020,Eifel Grand Prix,FP3,LEC,6.0,4.0,clear_violation,287.0,58.0,184.3768514885965,100.0,0.2278481012658227,198,869
2020,Eifel Grand Prix,FP3,MAG,6.0,13.0,clear_violation,292.0,84.0,190.22781742001405,100.0,0.228944246737841,193,843
2020,Eifel Grand Prix,FP3,ALB,14.0,4.0,clear_violation,311.0,88.0,209.3678510972718,100.0,0.1820546163849154,140,769
2020,Eifel Grand Prix,FP3,OCO,2.0,13.0,clear_violation,312.0,64.0,191.1736253442038,100.0,0.2012422360248447,162,805
2020,Eifel Grand Prix,FP3,VER,2.0,4.0,clear_violation,312.0,72.0,200.55492493863557,100.0,0.2007822685788787,154,767
2020,Eifel Grand Prix,FP3,SAI,7.0,4.0,clear_violation,312.0,70.0,196.2961521677531,99.0,0.19559902200489,160,818
2020,Eifel Grand Prix,FP3,SAI,8.0,4.0,clear_violation,317.0,74.0,202.88152429465396,99.0,0.1820480404551201,144,791
2020,Eifel Grand Prix,FP3,VER,1.0,4.0,no_advantage,291.0,56.0,172.47237250865402,100.0,0.1966824644549763,166,844
2020,Eifel Grand Prix,FP3,GAS,4.0,4.0,no_advantage,291.0,80.0,196.92525318469797,100.0,0.1668726823238566,135,809
2020,Eifel Grand Prix,FP3,SAI,6.0,4.0,no_advantage,321.0,37.0,164.8601452588562,99.0,0.2057911065149948,199,967
2020,Eifel Grand Prix,FP3,LEC,5.0,4.0,no_advantage,290.0,82.0,197.70191093300167,100.0,0.1960542540073983,159,811
2020,Eifel Grand Prix,FP3,RAI,7.0,4.0,no_advantage,311.0,79.0,197.174871642731,100.0,0.1911220715166461,155,811
2020,Eifel Grand Prix,FP3,NOR,8.0,4.0,no_advantage,309.0,55.0,188.29669259912265,100.0,0.1561032863849765,133,852
2020,Eifel Grand Prix,FP3,PER,15.0,4.0,no_advantage,296.0,83.0,197.70257129254463,100.0,0.1785714285714285,145,812
2020,Eifel Grand Prix,FP3,RUS,20.0,4.0,no_advantage,314.0,89.0,208.3528427844116,100.0,0.1753246753246753,135,770
2020,Eifel Grand Prix,Q,GIO,2.0,4.0,clear_violation,313.0,88.0,207.90393009676845,100.0,0.1679586563307493,130,774
2020,Eifel Grand Prix,Q,MAG,2.0,4.0,clear_violation,311.0,88.0,208.1362670216927,100.0,0.1834625322997416,142,774
2020,Eifel Grand Prix,Q,GRO,7.0,4.0,clear_violation,312.0,84.0,211.7307296621873,100.0,0.1517150395778364,115,758
2020,Eifel Grand Prix,Q,MAG,1.0,4.0,no_advantage,268.0,61.0,182.1822839558712,100.0,0.1701093560145808,140,823
2020,Eifel Grand Prix,Q,GIO,1.0,4.0,no_advantage,283.0,55.0,168.4026247516639,100.0,0.1905829596412556,170,892
2020,Eifel Grand Prix,Q,ALB,3.0,4.0,no_advantage,291.0,66.0,155.38669514965233,100.0,0.1945788964181994,201,1033
2020,Eifel Grand Prix,R,GAS,11.0,4.0,clear_violation,322.0,71.0,193.1663571945799,100.0,0.1821471652593486,151,829
2020,Eifel Grand Prix,R,GAS,52.0,4.0,clear_violation,297.0,78.0,203.1459549879749,100.0,0.1725888324873096,136,788
2020,Eifel Grand Prix,R,PER,36.0,4.0,clear_violation,295.0,84.0,201.6451667958144,100.0,0.1878940731399747,149,793
2020,Eifel Grand Prix,R,LEC,12.0,4.0,clear_violation,300.0,83.0,197.33582813560807,100.0,0.2267657992565055,183,807
2020,Eifel Grand Prix,R,MAG,23.0,4.0,clear_violation,296.0,78.0,198.7295277565,100.0,0.1925,154,800
2020,Eifel Grand Prix,R,MAG,54.0,14.0,clear_violation,317.0,81.0,200.33191444327252,100.0,0.2059925093632958,165,801
2020,Eifel Grand Prix,R,KVY,13.0,4.0,clear_violation,317.0,62.0,195.7023396449166,100.0,0.1860465116279069,152,817
2020,Eifel Grand Prix,R,KVY,27.0,4.0,clear_violation,292.0,79.0,200.1715272503505,100.0,0.1626120358514724,127,781
2020,Eifel Grand Prix,R,HUL,35.0,4.0,clear_violation,299.0,82.0,199.82986933402125,100.0,0.1822721598002497,146,801
2020,Eifel Grand Prix,R,RIC,50.0,4.0,clear_violation,305.0,77.0,201.3497360021628,100.0,0.191969887076537,153,797
2020,Eifel Grand Prix,R,HAM,3.0,4.0,clear_violation,300.0,84.0,199.2995889863088,100.0,0.2142857142857142,171,798
2020,Eifel Grand Prix,R,VET,55.0,4.0,clear_violation,334.0,73.0,200.10215606824372,100.0,0.2443890274314214,196,802
2020,Eifel Grand Prix,R,VET,60.0,4.0,clear_violation,318.0,78.0,200.2863416596247,100.0,0.2493734335839598,199,798
2020,Eifel Grand Prix,R,SAI,7.0,4.0,clear_violation,312.0,71.0,193.2444756819401,99.0,0.203883495145631,168,824
2020,Eifel Grand Prix,R,LAT,57.0,4.0,clear_violation,294.0,73.0,195.6929736779672,100.0,0.1975609756097561,162,820
2020,Eifel Grand Prix,R,RAI,17.0,4.0,clear_violation,302.0,79.0,191.2136738653254,100.0,0.2191616766467065,183,835
2020,Eifel Grand Prix,R,RAI,37.0,4.0,clear_violation,321.0,76.0,197.7744541609405,100.0,0.2258064516129032,182,806
2020,Eifel Grand Prix,R,GRO,5.0,4.0,clear_violation,319.0,74.0,194.56472070911371,100.0,0.2111650485436893,174,824
2020,Eifel Grand Prix,R,GRO,32.0,4.0,clear_violation,317.0,78.0,198.75211694192888,100.0,0.1898263027295285,153,806
2020,Eifel Grand Prix,R,GRO,33.0,4.0,clear_violation,320.0,80.0,200.8862261307517,100.0,0.178168130489335,142,797
2020,Eifel Grand Prix,R,GIO,53.0,4.0,clear_violation,301.0,79.0,199.84010835345364,100.0,0.21,168,800
2020,Eifel Grand Prix,R,RIC,6.0,1.0,no_advantage,319.0,75.0,194.1210063841861,100.0,0.1892551892551892,155,819
2020,Eifel Grand Prix,R,RUS,12.0,2.0,no_advantage,314.0,0.0,160.65952978774257,100.0,0.2246740220661986,224,997
2020,Eifel Grand Prix,R,VET,56.0,1.0,no_advantage,300.0,84.0,201.97726166065067,100.0,0.2163522012578616,172,795
2020,Emilia Romagna Grand Prix,FP1,RIC,5.0,15.0,clear_violation,318.0,104.0,222.8605832174947,100.0,0.1339155749636099,92,687
2020,Emilia Romagna Grand Prix,FP1,RIC,13.0,15.0,clear_violation,322.0,110.0,229.77899227142015,100.0,0.1308270676691729,87,665
2020,Emilia Romagna Grand Prix,FP1,NOR,3.0,15.0,clear_violation,312.0,96.0,217.44156679169384,100.0,0.1685552407932011,119,706
2020,Emilia Romagna Grand Prix,FP1,NOR,4.0,15.0,clear_violation,315.0,102.0,220.77896352681535,100.0,0.1512968299711815,105,694
2020,Emilia Romagna Grand Prix,FP1,NOR,36.0,9.0,clear_violation,325.0,107.0,232.3619084959757,100.0,0.1221374045801526,80,655
2020,Emilia Romagna Grand Prix,FP1,NOR,38.0,9.0,clear_violation,322.0,94.0,216.9839950133329,100.0,0.1709039548022599,121,708
2020,Emilia Romagna Grand Prix,FP1,VET,15.0,15.0,clear_violation,319.0,107.0,228.84235030925336,100.0,0.1862891207153502,125,671
2020,Emilia Romagna Grand Prix,FP1,VET,22.0,10.0,clear_violation,304.0,101.0,219.5143963983259,100.0,0.1871428571428571,131,700
2020,Emilia Romagna Grand Prix,FP1,VET,23.0,9.0,clear_violation,302.0,103.0,219.3902375164457,100.0,0.1857142857142857,130,700
2020,Emilia Romagna Grand Prix,FP1,VET,28.0,9.0,clear_violation,303.0,98.0,219.84058994331107,100.0,0.21,147,700
2020,Emilia Romagna Grand Prix,FP1,LAT,3.0,15.0,clear_violation,324.0,95.0,215.745304205716,100.0,0.2115655853314527,150,709
2020,Emilia Romagna Grand Prix,FP1,RAI,22.0,9.0,clear_violation,298.0,98.0,217.919589870584,100.0,0.1657223796033994,117,706
2020,Emilia Romagna Grand Prix,FP1,GRO,17.0,15.0,clear_violation,318.0,105.0,229.62042079663905,100.0,0.1439280359820089,96,667
2020,Emilia Romagna Grand Prix,FP1,GRO,28.0,15.0,clear_violation,304.0,94.0,217.89169535689248,100.0,0.1440798858773181,101,701
2020,Emilia Romagna Grand Prix,FP1,GAS,3.0,9.0,clear_violation,325.0,98.0,224.01553223137844,100.0,0.1778425655976676,122,686
2020,Emilia Romagna Grand Prix,FP1,GAS,4.0,9.0,clear_violation,326.0,52.0,203.59367112656744,100.0,0.1904127829560586,143,751
2020,Emilia Romagna Grand Prix,FP1,GAS,5.0,9.0,clear_violation,328.0,100.0,225.48428341587376,100.0,0.172821270310192,117,677
2020,Emilia Romagna Grand Prix,FP1,GAS,7.0,9.0,clear_violation,321.0,103.0,228.90738078969056,100.0,0.1535022354694485,103,671
2020,Emilia Romagna Grand Prix,FP1,GAS,9.0,15.0,clear_violation,325.0,103.0,229.63405376167736,100.0,0.1591591591591591,106,666
2020,Emilia Romagna Grand Prix,FP1,GAS,32.0,9.0,clear_violation,316.0,98.0,224.35350312733556,100.0,0.1566617862371888,107,683
2020,Emilia Romagna Grand Prix,FP1,PER,4.0,15.0,clear_violation,321.0,100.0,222.6766971301453,100.0,0.1586608442503639,109,687
2020,Emilia Romagna Grand Prix,FP1,PER,6.0,15.0,clear_violation,324.0,100.0,224.07544810892395,100.0,0.1859443631039531,127,683
2020,Emilia Romagna Grand Prix,FP1,LEC,5.0,15.0,clear_violation,314.0,105.0,225.24897275053016,100.0,0.1512481644640235,103,681
2020,Emilia Romagna Grand Prix,FP1,LEC,9.0,15.0,clear_violation,314.0,106.0,228.04463378183,100.0,0.1422222222222222,96,675
2020,Emilia Romagna Grand Prix,FP1,LEC,18.0,15.0,clear_violation,314.0,106.0,230.41869309966555,100.0,0.1514242878560719,101,667
2020,Emilia Romagna Grand Prix,FP1,LEC,29.0,15.0,clear_violation,301.0,94.0,217.6978698191643,100.0,0.1572237960339943,111,706
2020,Emilia Romagna Grand Prix,FP1,STR,18.0,15.0,clear_violation,323.0,104.0,227.6890578769545,100.0,0.1931649331352154,130,673
2020,Emilia Romagna Grand Prix,FP1,STR,35.0,15.0,clear_violation,302.0,89.0,213.6211366018142,100.0,0.1894150417827298,136,718
2020,Emilia Romagna Grand Prix,FP1,MAG,13.0,15.0,clear_violation,313.0,101.0,225.79071229785544,100.0,0.1691176470588235,115,680
2020,Emilia Romagna Grand Prix,FP1,MAG,14.0,9.0,clear_violation,320.0,100.0,227.3018017355825,100.0,0.1701183431952662,115,676
2020,Emilia Romagna Grand Prix,FP1,MAG,30.0,9.0,clear_violation,300.0,99.0,217.5445330933448,100.0,0.1841359773371104,130,706
2020,Emilia Romagna Grand Prix,FP1,MAG,38.0,15.0,clear_violation,303.0,85.0,209.38299243322416,100.0,0.1967213114754098,144,732
2020,Emilia Romagna Grand Prix,FP1,ALB,8.0,15.0,clear_violation,318.0,101.0,227.4276708481633,100.0,0.1686390532544378,114,676
2020,Emilia Romagna Grand Prix,FP1,ALB,10.0,15.0,clear_violation,317.0,97.0,227.87280958823985,100.0,0.1684053651266766,113,671
2020,Emilia Romagna Grand Prix,FP1,ALB,14.0,9.0,clear_violation,314.0,101.0,228.5014464038092,100.0,0.1661676646706587,111,668
2020,Emilia Romagna Grand Prix,FP1,ALB,19.0,9.0,clear_violation,317.0,100.0,231.84544552368257,100.0,0.1555891238670695,103,662
2020,Emilia Romagna Grand Prix,FP1,ALB,26.0,15.0,clear_violation,317.0,106.0,232.4980958923715,100.0,0.161875945537065,107,661
2020,Emilia Romagna Grand Prix,FP1,KVY,2.0,15.0,clear_violation,318.0,101.0,221.5193272914643,100.0,0.1645021645021645,114,693
2020,Emilia Romagna Grand Prix,FP1,KVY,4.0,9.0,clear_violation,321.0,95.0,226.881335321932,100.0,0.1538461538461538,104,676
2020,Emilia Romagna Grand Prix,FP1,KVY,11.0,9.0,clear_violation,321.0,101.0,228.98491307257763,100.0,0.1437125748502994,96,668
2020,Emilia Romagna Grand Prix,FP1,KVY,23.0,9.0,clear_violation,307.0,97.0,224.2514451847432,100.0,0.1420204978038067,97,683
2020,Emilia Romagna Grand Prix,FP1,KVY,30.0,15.0,clear_violation,321.0,101.0,229.6896296502105,100.0,0.1571856287425149,105,668
2020,Emilia Romagna Grand Prix,FP1,OCO,16.0,15.0,clear_violation,326.0,108.0,230.7752516702844,100.0,0.1794871794871795,119,663
2020,Emilia Romagna Grand Prix,FP1,VER,2.0,15.0,clear_violation,316.0,88.0,212.1017888644593,100.0,0.2102351313969571,152,723
2020,Emilia Romagna Grand Prix,FP1,VER,4.0,15.0,clear_violation,320.0,101.0,226.45414677457947,100.0,0.1671597633136094,113,676
2020,Emilia Romagna Grand Prix,FP1,VER,36.0,9.0,clear_violation,305.0,100.0,223.30195583874044,100.0,0.1627906976744186,112,688
2020,Emilia Romagna Grand Prix,FP1,HAM,5.0,15.0,clear_violation,321.0,99.0,222.12948086697125,100.0,0.2115942028985507,146,690
2020,Emilia Romagna Grand Prix,FP1,HAM,39.0,15.0,clear_violation,311.0,88.0,210.33361171794283,100.0,0.1920438957475994,140,729
2020,Emilia Romagna Grand Prix,FP1,SAI,18.0,9.0,clear_violation,323.0,94.0,218.73325117687932,100.0,0.155937052932761,109,699
2020,Emilia Romagna Grand Prix,FP1,SAI,22.0,15.0,clear_violation,323.0,108.0,233.4482645599414,100.0,0.1441578148710167,95,659
2020,Emilia Romagna Grand Prix,FP1,SAI,39.0,9.0,clear_violation,301.0,72.0,212.7926603478946,100.0,0.1983356449375866,143,721
2020,Emilia Romagna Grand Prix,FP1,RUS,11.0,15.0,clear_violation,320.0,106.0,224.6154526320919,100.0,0.1472754050073637,100,679
2020,Emilia Romagna Grand Prix,FP1,BOT,9.0,9.0,clear_violation,323.0,0.0,228.98678854397943,100.0,0.1589205397301349,106,667
2020,Emilia Romagna Grand Prix,FP1,BOT,32.0,15.0,clear_violation,312.0,99.0,221.29407344660183,100.0,0.181159420289855,125,690
2020,Emilia Romagna Grand Prix,FP1,BOT,34.0,15.0,clear_violation,311.0,96.0,218.85771695185423,100.0,0.1621233859397417,113,697
2020,Emilia Romagna Grand Prix,FP1,BOT,41.0,15.0,clear_violation,311.0,93.0,220.37035015947183,100.0,0.1721664275466284,120,697
2020,Emilia Romagna Grand Prix,FP1,GIO,6.0,15.0,clear_violation,316.0,100.0,215.3788906933633,100.0,0.1739130434782608,124,713
2020,Emilia Romagna Grand Prix,FP1,GIO,8.0,15.0,clear_violation,318.0,104.0,222.3513093029889,100.0,0.1625544267053701,112,689
2020,Emilia Romagna Grand Prix,FP1,GIO,9.0,15.0,clear_violation,321.0,103.0,223.5556500498197,100.0,0.1411935953420669,97,687
2020,Emilia Romagna Grand Prix,FP1,BOT,1.0,15.0,no_advantage,273.3374976,22.5500032,168.34799016430676,100.0,0.214975845410628,178,828
2020,Emilia Romagna Grand Prix,FP1,RAI,1.0,15.0,no_advantage,271.72142811428574,61.1833344,168.94189810865933,100.0,0.1975757575757575,163,825
2020,Emilia Romagna Grand Prix,FP1,SAI,1.0,15.0,no_advantage,279.0,31.0,164.88784877139338,100.0,0.212085308056872,179,844
2020,Emilia Romagna Grand Prix,FP1,GIO,1.0,15.0,no_advantage,268.49999725714287,42.18214217142857,153.71319260423058,100.0,0.2249173098125689,204,907
2020,Emilia Romagna Grand Prix,FP1,KVY,5.0,2.0,no_advantage,307.0,63.0,180.13463887150996,100.0,0.1997635933806146,169,846
2020,Emilia Romagna Grand Prix,FP1,RUS,32.0,13.0,no_advantage,301.0,100.0,221.35581200415547,100.0,0.1649782923299566,114,691
2020,Emilia Romagna Grand Prix,FP1,BOT,42.0,13.0,no_advantage,312.0,96.0,213.86852140512744,100.0,0.233983286908078,168,718
2020,Emilia Romagna Grand Prix,Q,BOT,4.0,9.0,clear_violation,329.0,105.0,236.1975051784677,100.0,0.1468315301391035,95,647
2020,Emilia Romagna Grand Prix,Q,HAM,9.0,9.0,clear_violation,326.0,108.0,237.33650598004493,100.0,0.1317829457364341,85,645
2020,Emilia Romagna Grand Prix,Q,ALB,4.0,9.0,clear_violation,317.0,107.0,233.43816615150797,100.0,0.1574923547400611,103,654
2020,Emilia Romagna Grand Prix,Q,ALB,17.0,9.0,clear_violation,320.0,105.0,236.2557626061026,100.0,0.1543209876543209,100,648
2020,Emilia Romagna Grand Prix,Q,VET,19.0,15.0,clear_violation,321.0,107.0,234.91783247672151,100.0,0.1572519083969465,103,655
2020,Emilia Romagna Grand Prix,Q,STR,15.0,15.0,clear_violation,322.0,105.0,232.15007113652263,100.0,0.1900452488687782,126,663
2020,Emilia Romagna Grand Prix,Q,RAI,4.0,9.0,clear_violation,326.0,104.0,232.0946032915208,100.0,0.1487101669195751,98,659
2020,Emilia Romagna Grand Prix,Q,RAI,9.0,15.0,clear_violation,327.0,107.0,232.9998828498717,100.0,0.1580547112462006,104,658
2020,Emilia Romagna Grand Prix,R,LEC,58.0,9.0,clear_violation,313.0,91.0,215.02032352064768,100.0,0.2181818181818181,156,715
2020,Emilia Romagna Grand Prix,R,MAG,12.0,9.0,clear_violation,306.0,93.0,219.97121767917392,100.0,0.1795977011494252,125,696
2020,Emilia Romagna Grand Prix,R,MAG,23.0,9.0,clear_violation,307.0,100.0,220.6857870777745,100.0,0.170028818443804,118,694
2020,Emilia Romagna Grand Prix,R,ALB,33.0,9.0,clear_violation,312.0,96.0,222.2989510779269,100.0,0.1777777777777777,120,675
2020,Emilia Romagna Grand Prix,R,VER,47.0,9.0,clear_violation,308.0,106.0,226.79754824012787,100.0,0.144776119402985,97,670
2020,Emilia Romagna Grand Prix,R,NOR,4.0,9.0,clear_violation,328.0,93.0,216.8269369046843,100.0,0.1997167138810198,141,706
2020,Emilia Romagna Grand Prix,R,HAM,24.0,15.0,clear_violation,311.0,102.0,226.04980625999403,100.0,0.1651917404129793,112,678
2020,Emilia Romagna Grand Prix,R,VET,12.0,9.0,clear_violation,309.0,96.0,219.45003365434536,100.0,0.2011494252873563,140,696
2020,Emilia Romagna Grand Prix,R,SAI,15.0,9.0,clear_violation,299.0,93.0,219.900512134079,100.0,0.1669064748201439,116,695
2020,Emilia Romagna Grand Prix,R,SAI,30.0,9.0,clear_violation,302.0,92.0,192.9729286904211,100.0,0.2262210796915167,176,778
2020,Emilia Romagna Grand Prix,R,LAT,3.0,9.0,clear_violation,318.0,85.0,212.83511175543327,100.0,0.2406119610570236,173,719
2020,Emilia Romagna Grand Prix,R,RUS,37.0,9.0,clear_violation,312.0,99.0,222.9193760757769,100.0,0.1777108433734939,118,664
2020,Emilia Romagna Grand Prix,R,BOT,25.0,9.0,clear_violation,308.0,102.0,224.3121946160384,100.0,0.1634756995581738,111,679
2020,Emilia Romagna Grand Prix,R,GRO,8.0,9.0,clear_violation,334.0,88.0,216.99736333285747,100.0,0.2050919377652051,145,707
2020,Emilia Romagna Grand Prix,R,GRO,46.0,9.0,clear_violation,313.0,94.0,222.38961565283677,100.0,0.1564327485380117,107,684
2020,Emilia Romagna Grand Prix,R,GRO,60.0,9.0,clear_violation,325.0,93.0,222.09334409894024,100.0,0.191027496382055,132,691
2020,Emilia Romagna Grand Prix,R,GRO,63.0,9.0,clear_violation,331.0,91.0,223.0878343452903,100.0,0.1912408759124087,131,685
2020,Emilia Romagna Grand Prix,R,LAT,60.0,4.0,no_advantage,316.0,94.0,221.73209505625545,100.0,0.2057971014492753,142,690
2020,Hungarian Grand Prix,FP1,MAG,24.0,4.0,clear_violation,283.0,94.0,188.62062279354117,100.0,0.2137931034482758,155,725
2020,Hungarian Grand Prix,FP1,ALB,13.0,11.0,clear_violation,300.0,94.0,202.20933799622733,100.0,0.2109144542772861,143,678
2020,Hungarian Grand Prix,FP1,ALB,22.0,4.0,clear_violation,281.0,92.0,188.0043106782689,100.0,0.2107438016528925,153,726
2020,Hungarian Grand Prix,FP1,BOT,36.0,12.0,clear_violation,297.0,87.0,188.9122502026833,100.0,0.216551724137931,157,725
2020,Hungarian Grand Prix,FP2,VET,9.0,11.0,clear_violation,278.0,70.0,152.10479426581628,100.0,0.2671081677704194,242,906
2020,Hungarian Grand Prix,FP2,RAI,7.0,11.0,clear_violation,282.0,68.0,145.81174742347446,100.0,0.2879581151832461,275,955
2020,Hungarian Grand Prix,FP3,RIC,9.0,4.0,clear_violation,317.0,99.0,205.5433737563997,100.0,0.1621621621621621,108,666
2020,Hungarian Grand Prix,FP3,LAT,15.0,11.0,clear_violation,314.0,79.0,178.57756406182529,100.0,0.1845549738219895,141,764
2020,Hungarian Grand Prix,FP3,ALB,9.0,12.0,clear_violation,317.0,85.0,189.76474300982784,100.0,0.1657381615598885,119,718
2020,Hungarian Grand Prix,FP3,HAM,6.0,12.0,clear_violation,316.0,87.0,192.8931097870912,100.0,0.1638418079096045,116,708
2020,Hungarian Grand Prix,Q,PER,18.0,4.0,clear_violation,326.0,94.0,208.8905349974619,100.0,0.1957511380880121,129,659
2020,Hungarian Grand Prix,Q,GIO,2.0,4.0,clear_violation,319.0,90.0,202.1803248534902,100.0,0.2064896755162241,140,678
2020,Hungarian Grand Prix,R,VET,11.0,12.0,clear_violation,299.0,76.0,183.58805519293745,100.0,0.2533512064343163,189,746
2020,Hungarian Grand Prix,R,GRO,41.0,4.0,clear_violation,302.0,80.0,191.10699807621,100.0,0.217877094972067,156,716
2020,Hungarian Grand Prix,R,GRO,46.0,12.0,clear_violation,299.0,83.0,191.2488562429309,100.0,0.217391304347826,155,713
2020,Italian Grand Prix,FP1,NOR,4.0,11.0,clear_violation,333.0,67.0,248.54523862057584,100.0,0.130315500685871,95,729
2020,Italian Grand Prix,FP1,NOR,9.0,11.0,clear_violation,336.0,70.0,252.02310554769835,100.0,0.1196105702364394,86,719
2020,Italian Grand Prix,FP1,NOR,10.0,11.0,clear_violation,324.0,69.0,192.6685877073965,100.0,0.1445270988310308,136,941
2020,Italian Grand Prix,FP1,NOR,22.0,11.0,clear_violation,319.0,0.0,147.4020514223126,100.0,0.2245728234336859,276,1229
2020,Italian Grand Prix,FP1,NOR,23.0,1.0,clear_violation,326.0,68.0,244.29316063655972,100.0,0.1309041835357624,97,741
2020,Italian Grand Prix,FP1,VET,5.0,5.0,clear_violation,324.0,53.0,209.62453756944427,100.0,0.1647331786542923,142,862
2020,Italian Grand Prix,FP1,VET,11.0,11.0,clear_violation,334.0,69.0,252.47898763221917,100.0,0.1529902642559109,110,719
2020,Italian Grand Prix,FP1,GRO,11.0,5.0,clear_violation,337.0,64.0,212.93400143385165,100.0,0.1524032825322391,130,853
2020,Italian Grand Prix,FP1,GAS,16.0,11.0,clear_violation,339.0,65.0,252.8138621673941,100.0,0.1183844011142061,85,718
2020,Italian Grand Prix,FP1,LEC,14.0,5.0,clear_violation,319.0,55.0,186.05396547363765,100.0,0.2149437052200614,210,977
2020,Italian Grand Prix,FP1,LEC,21.0,5.0,clear_violation,323.0,68.0,236.5754874195636,100.0,0.1607843137254902,123,765
2020,Italian Grand Prix,FP1,MAG,4.0,5.0,clear_violation,328.0,66.0,198.39794160014708,100.0,0.1468988030467899,135,919
2020,Italian Grand Prix,FP1,MAG,5.0,2.0,clear_violation,332.0,36.0,208.6340361014745,100.0,0.1828703703703703,158,864
2020,Italian Grand Prix,FP1,ALB,2.0,11.0,clear_violation,326.0,66.0,247.51752196588933,100.0,0.1377899045020464,101,733
2020,Italian Grand Prix,FP1,ALB,3.0,11.0,clear_violation,320.0,58.0,184.4303984201781,100.0,0.178498985801217,176,986
2020,Italian Grand Prix,FP1,ALB,23.0,11.0,clear_violation,327.0,65.0,242.51207541862524,100.0,0.1483957219251337,111,748
2020,Italian Grand Prix,FP1,ALB,24.0,11.0,clear_violation,329.0,66.0,243.43504180204653,100.0,0.1399730820995962,104,743
2020,Italian Grand Prix,FP1,BOT,7.0,11.0,clear_violation,336.0,70.0,254.37788417123343,100.0,0.1260504201680672,90,714
2020,Italian Grand Prix,FP1,BOT,8.0,11.0,clear_violation,331.0,52.0,186.9870213746622,100.0,0.1868583162217659,182,974
2020,Italian Grand Prix,FP1,STR,15.0,6.0,no_advantage,337.0,66.0,202.19874239840743,100.0,0.1743016759776536,156,895
2020,Italian Grand Prix,FP1,VET,19.0,6.0,no_advantage,310.0,0.0,160.80983598459227,100.0,0.280639431616341,316,1126
2020,Italian Grand Prix,FP2,RIC,8.0,11.0,clear_violation,344.0,68.0,258.3580819880001,100.0,0.1213872832369942,84,692
2020,Italian Grand Prix,FP2,NOR,17.0,11.0,clear_violation,332.0,64.0,254.23165045158643,100.0,0.1222707423580786,84,687
2020,Italian Grand Prix,FP2,NOR,18.0,11.0,clear_violation,324.0,65.0,182.676120326686,100.0,0.1133263378803777,108,953
2020,Italian Grand Prix,FP2,VET,7.0,5.0,clear_violation,314.0,56.0,196.46219888483944,100.0,0.1893939393939394,175,924
2020,Italian Grand Prix,FP2,VET,12.0,11.0,clear_violation,333.0,67.0,252.0590870831157,100.0,0.1086350974930362,78,718
2020,Italian Grand Prix,FP2,VET,13.0,11.0,clear_violation,310.0,69.0,193.9212300113672,100.0,0.1873661670235546,175,934
2020,Italian Grand Prix,FP2,GRO,10.0,11.0,clear_violation,341.0,68.0,254.89625513990225,100.0,0.1260504201680672,90,714
2020,Italian Grand Prix,FP2,GRO,11.0,11.0,clear_violation,315.0,33.0,141.17389252138892,100.0,0.2222222222222222,282,1269
2020,Italian Grand Prix,FP2,GRO,19.0,11.0,clear_violation,322.0,65.0,243.56210177796245,100.0,0.1208053691275167,90,745
2020,Italian Grand Prix,FP2,GRO,20.0,11.0,clear_violation,323.0,66.0,242.4391769439873,100.0,0.1191432396251673,89,747
2020,Italian Grand Prix,FP2,LEC,4.0,11.0,clear_violation,336.0,70.0,255.58225462693585,100.0,0.1551724137931034,108,696
2020,Italian Grand Prix,FP2,LEC,5.0,11.0,clear_violation,318.0,61.0,186.61679210926732,100.0,0.188911704312115,184,974
2020,Italian Grand Prix,FP2,MAG,15.0,11.0,clear_violation,330.0,69.0,251.0033356555698,100.0,0.1229281767955801,89,724
2020,Italian Grand Prix,FP2,ALB,14.0,11.0,clear_violation,334.0,67.0,255.4885925856913,100.0,0.1283497884344146,91,709
2020,Italian Grand Prix,FP2,ALB,15.0,11.0,clear_violation,318.0,43.0,154.97506766795036,100.0,0.1955593509820666,229,1171
2020,Italian Grand Prix,FP2,ALB,19.0,11.0,clear_violation,328.0,66.0,242.56479676679425,100.0,0.1388518024032042,104,749
2020,Italian Grand Prix,FP2,ALB,20.0,11.0,clear_violation,328.0,64.0,239.92011090066632,100.0,0.1443708609271523,109,755
2020,Italian Grand Prix,FP2,VER,20.0,11.0,clear_violation,329.0,66.0,244.19073372117387,100.0,0.1345353675450762,97,721
2020,Italian Grand Prix,FP2,VER,24.0,11.0,clear_violation,318.0,68.0,246.12852177215711,100.0,0.1238095238095238,91,735
2020,Italian Grand Prix,FP2,VER,25.0,11.0,clear_violation,322.0,68.0,247.3379910862009,100.0,0.1406896551724138,102,725
2020,Italian Grand Prix,FP2,VER,26.0,11.0,clear_violation,324.0,65.0,245.3721754603294,100.0,0.1244925575101488,92,739
2020,Italian Grand Prix,FP2,SAI,19.0,11.0,clear_violation,333.0,67.0,244.0518200931101,100.0,0.1307277628032345,97,742
2020,Italian Grand Prix,FP2,SAI,20.0,11.0,clear_violation,334.0,65.0,240.63654470753065,100.0,0.136,102,750
2020,Italian Grand Prix,FP2,SAI,29.0,11.0,clear_violation,347.0,62.0,245.7761666543839,100.0,0.1303116147308781,92,706
2020,Italian Grand Prix,FP2,RUS,15.0,11.0,clear_violation,319.0,67.0,234.55345136288256,100.0,0.130659767141009,101,773
2020,Italian Grand Prix,FP2,RUS,16.0,11.0,clear_violation,319.0,67.0,239.88383032388265,100.0,0.1417218543046357,107,755
2020,Italian Grand Prix,FP2,RUS,17.0,11.0,clear_violation,323.0,64.0,237.13317038205523,100.0,0.1487935656836461,111,746
2020,Italian Grand Prix,FP2,RAI,3.0,5.0,no_advantage,317.0,54.0,165.34233528415947,100.0,0.1612021857923497,177,1098
2020,Italian Grand Prix,FP2,SAI,11.0,6.0,no_advantage,317.96666666666664,0.0,130.1366592668933,100.0,0.1846153846153846,252,1365
2020,Italian Grand Prix,FP2,LEC,21.0,6.0,no_advantage,326.0,64.0,240.2489163811685,100.0,0.1356852103120759,100,737
2020,Italian Grand Prix,FP3,LEC,3.0,11.0,clear_violation,323.0,53.0,181.7341096213478,100.0,0.2571711177052423,260,1011
2020,Italian Grand Prix,FP3,LEC,4.0,11.0,clear_violation,335.0,69.0,253.9056679203542,100.0,0.1125,81,720
2020,Italian Grand Prix,FP3,ALB,4.0,11.0,clear_violation,341.0,64.0,256.37920306445494,100.0,0.1290322580645161,92,713
2020,Italian Grand Prix,FP3,ALB,5.0,11.0,clear_violation,326.0,52.0,189.93446356479376,100.0,0.2201453790238837,212,963
2020,Italian Grand Prix,FP3,ALB,6.0,11.0,clear_violation,342.0,63.0,256.9816100302869,100.0,0.1428571428571428,102,714
2020,Italian Grand Prix,FP3,ALB,7.0,11.0,clear_violation,330.0,55.0,193.37387658395124,100.0,0.1724867724867725,163,945
2020,Italian Grand Prix,FP3,ALB,14.0,11.0,clear_violation,341.0,63.0,257.72457759002265,100.0,0.1244695898161244,88,707
2020,Italian Grand Prix,FP3,VET,4.0,11.0,clear_violation,334.0,69.0,253.69915752331656,100.0,0.1192787794729542,86,721
2020,Italian Grand Prix,FP3,GIO,6.0,5.0,clear_violation,319.0,56.0,177.55530087949805,100.0,0.1734496124031007,179,1032
2020,Italian Grand Prix,Q,STR,2.0,11.0,clear_violation,343.0,70.0,259.3102744043453,100.0,0.1357142857142857,95,700
2020,Italian Grand Prix,Q,STR,3.0,11.0,clear_violation,325.0,62.0,207.75570704384123,100.0,0.2634593356242841,230,873
2020,Italian Grand Prix,Q,ALB,4.0,11.0,clear_violation,336.0,70.0,258.098910994219,100.0,0.1225071225071225,86,702
2020,Italian Grand Prix,Q,ALB,15.0,11.0,clear_violation,342.0,68.0,260.01851576735754,100.0,0.1318051575931232,92,698
2020,Italian Grand Prix,Q,GAS,2.0,11.0,clear_violation,340.0,69.0,260.22663857700434,100.0,0.1018651362984218,71,697
2020,Italian Grand Prix,Q,GAS,3.0,11.0,clear_violation,330.0,50.0,205.07039793721611,100.0,0.1794582392776523,159,886
2020,Italian Grand Prix,Q,LEC,2.0,11.0,clear_violation,340.0,67.0,257.1998798854982,100.0,0.1288951841359773,91,706
2020,Italian Grand Prix,Q,MAG,2.0,11.0,clear_violation,333.0,68.0,255.65565984283532,100.0,0.1179775280898876,84,712
2020,Italian Grand Prix,R,GAS,16.0,11.0,clear_violation,332.0,63.0,240.53503782926373,100.0,0.1241655540720961,93,749
2020,Italian Grand Prix,R,GAS,17.0,11.0,clear_violation,332.0,61.0,240.85778474810007,100.0,0.1301460823373174,98,753
2020,Italian Grand Prix,R,STR,28.0,4.0,clear_violation,340.0,0.0,144.632292906861,100.0,0.3386454183266932,425,1255
2020,Italian Grand Prix,R,NOR,14.0,11.0,clear_violation,331.0,62.0,241.85586085793247,100.0,0.1352074966532797,101,747
2020,Italian Grand Prix,R,NOR,15.0,11.0,clear_violation,331.0,64.0,241.77276398045117,100.0,0.1273458445040214,95,746
2020,Italian Grand Prix,R,BOT,15.0,11.0,clear_violation,334.0,65.0,240.5422393198572,100.0,0.1682242990654205,126,749
2020,Italian Grand Prix,R,BOT,16.0,11.0,clear_violation,340.0,60.0,242.35103352900245,100.0,0.1550802139037433,116,748
2020,Italian Grand Prix,R,KVY,24.0,11.0,clear_violation,349.0,63.0,236.7727971875747,100.0,0.1926605504587156,147,763
2020,Italian Grand Prix,R,KVY,25.0,11.0,clear_violation,323.0,59.0,168.15714358361822,100.0,0.1672862453531598,180,1076
2020,Italian Grand Prix,R,KVY,28.0,11.0,clear_violation,338.0,0.0,169.2474016600512,100.0,0.2249297094657919,240,1067
2020,Italian Grand Prix,R,KVY,29.0,11.0,clear_violation,339.0,63.0,240.1578727684324,100.0,0.163129973474801,123,754
2020,Italian Grand Prix,R,KVY,30.0,11.0,clear_violation,340.0,65.0,242.4328827150904,100.0,0.146505376344086,109,744
2020,Italian Grand Prix,R,RAI,33.0,11.0,clear_violation,327.0,67.0,245.11584702536572,100.0,0.1486486486486486,110,740
2020,Italian Grand Prix,R,RAI,34.0,11.0,clear_violation,329.0,47.0,240.90147669294169,100.0,0.1706666666666666,128,750
2020,Italian Grand Prix,R,RAI,42.0,11.0,clear_violation,329.0,66.0,244.0601778518543,100.0,0.1442048517520215,107,742
2020,Italian Grand Prix,R,RAI,43.0,11.0,clear_violation,328.0,53.0,238.40262723205072,100.0,0.1635883905013192,124,758
2020,Italian Grand Prix,R,RUS,43.0,11.0,clear_violation,334.0,62.0,243.2119292566609,100.0,0.148993288590604,111,745
2020,Italian Grand Prix,R,RUS,44.0,11.0,clear_violation,325.0,64.0,243.54433824931047,100.0,0.1401617250673854,104,742
2020,Italian Grand Prix,R,ALB,39.0,11.0,clear_violation,348.0,62.0,244.9702137195808,100.0,0.1621621621621621,120,740
2020,Italian Grand Prix,R,ALB,40.0,11.0,clear_violation,345.0,55.0,239.80433498218576,100.0,0.197875166002656,149,753
2020,Italian Grand Prix,R,GAS,3.0,1.0,no_advantage,338.0,64.0,239.49930867376565,100.0,0.147410358565737,111,753
2020,Portuguese Grand Prix,FP1,RIC,25.0,4.0,clear_violation,319.0,75.0,185.3741818169267,100.0,0.130659767141009,101,773
2020,Portuguese Grand Prix,FP1,NOR,23.0,4.0,clear_violation,299.0,72.0,203.1776827026708,100.0,0.1926863572433192,137,711
2020,Portuguese Grand Prix,FP1,NOR,28.0,4.0,clear_violation,297.0,36.0,145.7473588419155,100.0,0.1295546558704453,128,988
2020,Portuguese Grand Prix,FP1,VET,6.0,4.0,clear_violation,329.0,67.0,186.475573173428,100.0,0.2993548387096774,232,775
2020,Portuguese Grand Prix,FP1,VET,14.0,4.0,clear_violation,317.0,75.0,207.96081669297465,100.0,0.2143884892086331,149,695
2020,Portuguese Grand Prix,FP1,VET,22.0,4.0,clear_violation,309.0,72.0,195.9297638839152,100.0,0.2256756756756756,167,740
2020,Portuguese Grand Prix,FP1,VET,25.0,1.0,clear_violation,312.0,72.0,207.2878490923617,100.0,0.2163323782234957,151,698
2020,Portuguese Grand Prix,FP1,VET,33.0,4.0,clear_violation,336.0,70.0,204.95972382381777,100.0,0.2104519774011299,149,708
2020,Portuguese Grand Prix,FP1,VET,36.0,1.0,clear_violation,292.0,47.0,154.60411536987667,100.0,0.1679144385026738,157,935
2020,Portuguese Grand Prix,FP1,LAT,31.0,1.0,clear_violation,300.3625024,68.0,197.91420594383436,100.0,0.1958904109589041,143,730
2020,Portuguese Grand Prix,FP1,RAI,6.0,4.0,clear_violation,318.0,68.0,196.48681610336325,100.0,0.220708446866485,162,734
2020,Portuguese Grand Prix,FP1,RAI,7.0,4.0,clear_violation,322.0,71.0,199.0149524927571,100.0,0.2157676348547718,156,723
2020,Portuguese Grand Prix,FP1,RAI,33.0,4.0,clear_violation,319.0,75.0,202.5312710586638,100.0,0.1875,132,704
2020,Portuguese Grand Prix,FP1,GRO,13.0,4.0,clear_violation,320.0,58.0,194.90163189417265,100.0,0.1737967914438502,130,748
2020,Portuguese Grand Prix,FP1,GRO,18.0,1.0,clear_violation,317.0,74.0,204.94086071057063,100.0,0.1652542372881356,117,708
2020,Portuguese Grand Prix,FP1,GRO,25.0,1.0,clear_violation,303.0,70.0,197.09702652638495,100.0,0.2127371273712737,157,738
2020,Portuguese Grand Prix,FP1,GAS,10.0,1.0,clear_violation,326.0,71.0,199.2478527239452,100.0,0.2211538461538461,161,728
2020,Portuguese Grand Prix,FP1,GAS,11.0,4.0,clear_violation,325.0,77.0,207.069771960804,100.0,0.1798561151079136,125,695
2020,Portuguese Grand Prix,FP1,GAS,22.0,1.0,clear_violation,324.0,74.0,200.98464621727987,100.0,0.1863699582753824,134,719
2020,Portuguese Grand Prix,FP1,PER,4.0,1.0,clear_violation,330.0,77.0,199.72938129663572,100.0,0.2209944751381215,160,724
2020,Portuguese Grand Prix,FP1,PER,11.0,4.0,clear_violation,325.0,73.0,204.2666895675625,100.0,0.2039381153305204,145,711
2020,Portuguese Grand Prix,FP1,PER,20.0,1.0,clear_violation,301.0,73.0,200.4318915195608,100.0,0.1961325966850828,142,724
2020,Portuguese Grand Prix,FP1,PER,21.0,1.0,clear_violation,302.0,74.0,201.9267231189016,100.0,0.1949860724233983,140,718
2020,Portuguese Grand Prix,FP1,PER,22.0,4.0,clear_violation,303.0,76.0,202.4352165514468,100.0,0.2083916083916084,149,715
2020,Portuguese Grand Prix,FP1,PER,25.0,4.0,clear_violation,331.0,68.0,200.081917239865,100.0,0.2437673130193905,176,722
2020,Portuguese Grand Prix,FP1,LEC,6.0,1.0,clear_violation,314.0,76.0,206.41252814591675,100.0,0.1819484240687679,127,698
2020,Portuguese Grand Prix,FP1,LEC,9.0,4.0,clear_violation,318.0,74.0,193.1663183097069,100.0,0.2143808255659121,161,751
2020,Portuguese Grand Prix,FP1,LEC,31.0,4.0,clear_violation,315.0,61.0,197.5940793452356,100.0,0.1953551912568306,143,732
2020,Portuguese Grand Prix,FP1,STR,3.0,4.0,clear_violation,320.0,55.0,191.1540970920816,100.0,0.2365308804204993,180,761
2020,Portuguese Grand Prix,FP1,STR,5.0,4.0,clear_violation,327.0,57.0,177.59239976503275,100.0,0.2380368098159509,194,815
2020,Portuguese Grand Prix,FP1,STR,6.0,4.0,clear_violation,324.0,68.0,199.66131495050664,100.0,0.2586445366528354,187,723
2020,Portuguese Grand Prix,FP1,STR,7.0,4.0,clear_violation,325.0,70.0,200.53592925642243,100.0,0.2454923717059639,177,721
2020,Portuguese Grand Prix,FP1,STR,9.0,4.0,clear_violation,326.0,73.0,202.5076130990409,100.0,0.2248603351955307,161,716
2020,Portuguese Grand Prix,FP1,STR,10.0,1.0,clear_violation,328.0,65.0,185.85216312274005,100.0,0.2480719794344473,193,778
2020,Portuguese Grand Prix,FP1,STR,16.0,1.0,clear_violation,319.0,68.0,202.83929997059383,100.0,0.2156862745098039,154,714
2020,Portuguese Grand Prix,FP1,STR,22.0,1.0,clear_violation,325.0,64.0,193.8862266721145,100.0,0.2225201072386059,166,746
2020,Portuguese Grand Prix,FP1,STR,23.0,1.0,clear_violation,322.0,70.0,205.4471412206718,100.0,0.2195467422096317,155,706
2020,Portuguese Grand Prix,FP1,STR,24.0,1.0,clear_violation,323.0,65.0,206.7068767071004,100.0,0.2160228898426323,151,699
2020,Portuguese Grand Prix,FP1,STR,28.0,1.0,clear_violation,323.0,67.0,196.58493191844596,100.0,0.2181571815718157,161,738
2020,Portuguese Grand Prix,FP1,STR,30.0,4.0,clear_violation,298.0,67.0,191.84523342021515,100.0,0.2127659574468085,160,752
2020,Portuguese Grand Prix,FP1,ALB,5.0,4.0,clear_violation,317.0,70.0,199.5989193029955,100.0,0.221763085399449,161,726
2020,Portuguese Grand Prix,FP1,ALB,19.0,4.0,clear_violation,321.0,67.0,190.2934634555407,100.0,0.2204724409448819,168,762
2020,Portuguese Grand Prix,FP1,ALB,27.0,1.0,clear_violation,317.0,75.0,194.0338679637904,100.0,0.2083333333333333,155,744
2020,Portuguese Grand Prix,FP1,ALB,32.0,4.0,clear_violation,302.5833344,68.0,198.34921914239908,100.0,0.2260273972602739,165,730
2020,Portuguese Grand Prix,FP1,ALB,33.0,4.0,clear_violation,317.0,48.0,152.96534050452345,100.0,0.3127659574468085,294,940
2020,Portuguese Grand Prix,FP1,KVY,20.0,1.0,clear_violation,322.0,63.0,194.91967266694803,100.0,0.1846361185983827,137,742
2020,Portuguese Grand Prix,FP1,KVY,24.0,1.0,clear_violation,325.0,71.0,199.5514193768343,100.0,0.2209944751381215,160,724
2020,Portuguese Grand Prix,FP1,KVY,29.0,4.0,clear_violation,305.0,65.0,198.7084205030548,100.0,0.2121212121212121,154,726
2020,Portuguese Grand Prix,FP1,OCO,8.0,1.0,clear_violation,328.0,71.0,202.71335236598037,100.0,0.2181818181818181,156,715
2020,Portuguese Grand Prix,FP1,OCO,11.0,1.0,clear_violation,329.0,72.0,205.6762799105676,100.0,0.2170212765957447,153,705
2020,Portuguese Grand Prix,FP1,VER,3.0,1.0,clear_violation,317.0,72.0,198.39318103060552,100.0,0.1972602739726027,144,730
2020,Portuguese Grand Prix,FP1,HAM,27.0,1.0,clear_violation,306.0,74.0,200.88068585636964,100.0,0.2130013831258644,154,723
2020,Portuguese Grand Prix,FP1,HAM,28.0,1.0,clear_violation,312.0,79.0,204.17997220204415,100.0,0.2039660056657223,144,706
2020,Portuguese Grand Prix,FP1,SAI,3.0,4.0,clear_violation,313.0,71.0,197.31995261313003,100.0,0.2343324250681198,172,734
2020,Portuguese Grand Prix,FP1,SAI,4.0,1.0,clear_violation,313.0,72.0,191.5725794828787,100.0,0.1976127320954907,149,754
2020,Portuguese Grand Prix,FP1,SAI,15.0,4.0,clear_violation,325.0,73.0,202.97117960857733,100.0,0.2064606741573033,147,712
2020,Portuguese Grand Prix,FP1,SAI,20.0,4.0,clear_violation,316.0,30.0,182.5472680352072,100.0,0.2237673830594184,177,791
2020,Portuguese Grand Prix,FP1,SAI,27.0,4.0,clear_violation,306.7416661333333,51.0,183.6780780200478,100.0,0.2012738853503184,158,785
2020,Portuguese Grand Prix,FP1,SAI,34.0,1.0,clear_violation,296.0,72.0,202.01126332563973,100.0,0.1880222841225626,135,718
2020,Portuguese Grand Prix,FP1,SAI,40.0,4.0,clear_violation,294.0,67.0,193.27316581255752,100.0,0.2026666666666666,152,750
2020,Portuguese Grand Prix,FP1,RUS,28.0,1.0,clear_violation,299.0,77.0,199.9903314343892,100.0,0.1883656509695291,136,722
2020,Portuguese Grand Prix,FP1,BOT,27.0,1.0,clear_violation,312.0,77.0,204.10846526143675,100.0,0.2137834036568213,152,711
2020,Portuguese Grand Prix,FP1,BOT,32.0,4.0,clear_violation,309.0,70.0,198.27401244108944,104.0,0.2079343365253078,152,731
2020,Portuguese Grand Prix,FP1,GIO,23.0,4.0,clear_violation,323.0,70.0,181.3157226301642,100.0,0.2102628285356695,168,799
2020,Portuguese Grand Prix,FP2,RIC,16.0,4.0,clear_violation,294.0,77.0,202.1870561275234,100.0,0.1506276150627615,108,717
2020,Portuguese Grand Prix,FP2,NOR,6.0,4.0,clear_violation,294.0,68.0,199.88097084758667,100.0,0.2047026279391424,148,723
2020,Portuguese Grand Prix,FP2,NOR,7.0,4.0,clear_violation,293.3624992,72.0,200.9145833500746,100.0,0.1944055944055944,139,715
2020,Portuguese Grand Prix,FP2,NOR,29.0,4.0,clear_violation,312.0,72.0,204.9924337632642,100.0,0.1761363636363636,124,704
2020,Portuguese Grand Prix,FP2,VET,7.0,4.0,clear_violation,304.2583328,69.0,198.81892003555723,100.0,0.2451790633608815,178,726
2020,Portuguese Grand Prix,FP2,VET,12.0,1.0,clear_violation,302.0,72.0,197.76085108010156,100.0,0.2779291553133515,204,734
2020,Portuguese Grand Prix,FP2,LAT,15.0,1.0,clear_violation,291.0,73.0,194.217326331852,100.0,0.1673414304993252,124,741
2020,Portuguese Grand Prix,FP2,LAT,17.0,4.0,clear_violation,288.0,72.0,197.05075273170277,100.0,0.2008196721311475,147,732
2020,Portuguese Grand Prix,FP2,RAI,5.0,4.0,clear_violation,300.0,66.0,196.9099016119738,100.0,0.1978319783197832,146,738
2020,Portuguese Grand Prix,FP2,RAI,9.0,4.0,clear_violation,296.0,69.0,200.85001611293532,100.0,0.2125,153,720
2020,Portuguese Grand Prix,FP2,RAI,13.0,4.0,clear_violation,292.0,72.0,199.88964898672216,100.0,0.1991701244813278,144,723
2020,Portuguese Grand Prix,FP2,RAI,30.0,4.0,clear_violation,326.0,70.0,197.82164466880647,100.0,0.2403846153846154,175,728
2020,Portuguese Grand Prix,FP2,GRO,4.0,4.0,clear_violation,294.0,70.0,199.25243989261003,100.0,0.180327868852459,132,732
2020,Portuguese Grand Prix,FP2,GRO,12.0,1.0,clear_violation,289.0,72.0,196.9620435183097,100.0,0.1829268292682926,135,738
2020,Portuguese Grand Prix,FP2,GRO,13.0,4.0,clear_violation,290.0,73.0,199.26854960833512,100.0,0.1755829903978052,128,729
2020,Portuguese Grand Prix,FP2,GRO,14.0,2.0,clear_violation,293.0,74.0,199.92480519007128,100.0,0.1698895027624309,123,724
2020,Portuguese Grand Prix,FP2,GRO,15.0,1.0,clear_violation,294.0,72.0,190.67671746988125,100.0,0.1949934123847167,148,759
2020,Portuguese Grand Prix,FP2,GRO,19.0,4.0,clear_violation,313.0,74.0,202.12455898441732,100.0,0.192200557103064,138,718
2020,Portuguese Grand Prix,FP2,GRO,26.0,4.0,clear_violation,303.0,74.0,198.4190515901434,100.0,0.1863013698630137,136,730
2020,Portuguese Grand Prix,FP2,GRO,27.0,4.0,clear_violation,295.0,74.0,198.62887651786392,100.0,0.1838134430727023,134,729
2020,Portuguese Grand Prix,FP2,GAS,4.0,4.0,clear_violation,309.0,70.0,192.79310189241988,100.0,0.1933774834437086,146,755
2020,Portuguese Grand Prix,FP2,GAS,6.0,4.0,clear_violation,304.0,73.0,200.468672828608,100.0,0.1733703190013869,125,721
2020,Portuguese Grand Prix,FP2,GAS,9.0,4.0,clear_violation,306.0,71.0,200.41836214910668,100.0,0.1969486823855755,142,721
2020,Portuguese Grand Prix,FP2,GAS,19.0,4.0,clear_violation,317.0,75.0,208.25535265473135,100.0,0.1661849710982658,115,692
2020,Portuguese Grand Prix,FP2,PER,20.0,4.0,clear_violation,320.0,74.0,201.1684401039204,100.0,0.1977715877437326,142,718
2020,Portuguese Grand Prix,FP2,PER,21.0,4.0,clear_violation,321.0,73.0,207.01793711835512,100.0,0.1854493580599144,130,701
2020,Portuguese Grand Prix,FP2,LEC,5.0,4.0,clear_violation,321.0,73.0,190.79413629698504,100.0,0.220026350461133,167,759
2020,Portuguese Grand Prix,FP2,STR,10.0,4.0,clear_violation,289.0,69.0,200.91096968975847,100.0,0.203601108033241,147,722
2020,Portuguese Grand Prix,FP2,STR,20.0,4.0,clear_violation,318.0,60.0,193.77228883266687,100.0,0.2318059299191374,172,742
2020,Portuguese Grand Prix,FP2,STR,22.0,4.0,clear_violation,316.0,72.0,206.87393565382945,100.0,0.2039942938659058,143,701
2020,Portuguese Grand Prix,FP2,MAG,5.0,4.0,clear_violation,292.0,72.0,198.713590958034,100.0,0.1742112482853223,127,729
2020,Portuguese Grand Prix,FP2,MAG,26.0,4.0,clear_violation,293.0,73.0,194.95207813925347,100.0,0.230040595399188,170,739
2020,Portuguese Grand Prix,FP2,ALB,2.0,4.0,clear_violation,297.81785691428576,71.0,197.37698887153263,100.0,0.2098092643051771,154,734
2020,Portuguese Grand Prix,FP2,ALB,3.0,4.0,clear_violation,309.0,74.0,198.1681658642146,100.0,0.2247956403269754,165,734
2020,Portuguese Grand Prix,FP2,ALB,4.0,1.0,clear_violation,294.0,70.0,199.1110088149944,100.0,0.2156593406593406,157,728
2020,Portuguese Grand Prix,FP2,ALB,12.0,1.0,clear_violation,295.0,71.0,200.60590685888292,100.0,0.2083333333333333,150,720
2020,Portuguese Grand Prix,FP2,ALB,15.0,1.0,clear_violation,293.0,72.0,199.7930811152189,100.0,0.2077562326869806,150,722
2020,Portuguese Grand Prix,FP2,ALB,19.0,1.0,clear_violation,311.0,71.0,175.10345697521944,100.0,0.2138517618469015,176,823
2020,Portuguese Grand Prix,FP2,ALB,20.0,1.0,clear_violation,317.0,73.0,208.4956333656293,100.0,0.19568345323741,136,695
2020,Portuguese Grand Prix,FP2,ALB,28.0,4.0,clear_violation,316.0,63.0,179.93351881362713,100.0,0.1980074719800747,159,803
2020,Portuguese Grand Prix,FP2,ALB,31.0,4.0,clear_violation,309.0,75.0,185.44075621416053,100.0,0.2043701799485861,159,778
2020,Portuguese Grand Prix,FP2,ALB,32.0,4.0,clear_violation,313.0,73.0,207.4254504133175,100.0,0.1936872309899569,135,697
2020,Portuguese Grand Prix,FP2,KVY,8.0,4.0,clear_violation,318.0,70.0,199.73114494198512,100.0,0.1927877947295423,139,721
2020,Portuguese Grand Prix,FP2,KVY,12.0,1.0,clear_violation,291.0,73.0,199.3174263746466,100.0,0.1825726141078838,132,723
2020,Portuguese Grand Prix,FP2,KVY,15.0,4.0,clear_violation,320.0,72.0,200.42586752373427,100.0,0.1782729805013927,128,718
2020,Portuguese Grand Prix,FP2,KVY,29.0,4.0,clear_violation,320.0,75.0,207.73892392715905,100.0,0.1820809248554913,126,692
2020,Portuguese Grand Prix,FP2,OCO,14.0,1.0,clear_violation,295.0,74.0,200.9492636100751,100.0,0.1983356449375866,143,721
2020,Portuguese Grand Prix,FP2,VER,13.0,1.0,clear_violation,307.26666666666665,73.0,202.63224777488395,100.0,0.2125874125874126,152,715
2020,Portuguese Grand Prix,FP2,HAM,24.0,4.0,clear_violation,315.8125002666667,74.0,202.2717382773384,100.0,0.2078651685393258,148,712
2020,Portuguese Grand Prix,FP2,SAI,2.0,1.0,clear_violation,310.0,73.0,199.04175000898667,100.0,0.2038567493112947,148,726
2020,Portuguese Grand Prix,FP2,SAI,17.0,4.0,clear_violation,295.0,75.0,199.5143999735328,100.0,0.1793103448275862,130,725
2020,Portuguese Grand Prix,FP2,SAI,21.0,4.0,clear_violation,317.0,77.0,200.29067572687228,100.0,0.1777777777777777,128,720
2020,Portuguese Grand Prix,FP2,SAI,27.0,4.0,clear_violation,316.0,77.0,210.44623927313444,100.0,0.1827485380116959,125,684
2020,Portuguese Grand Prix,FP2,RUS,7.0,4.0,clear_violation,295.0,74.0,198.95268074022005,100.0,0.1933701657458563,140,724
2020,Portuguese Grand Prix,FP2,RUS,8.0,4.0,clear_violation,294.0,73.0,198.55024779138745,100.0,0.18732782369146,136,726
2020,Portuguese Grand Prix,FP2,GIO,22.0,4.0,clear_violation,316.0,77.0,206.60871219567844,100.0,0.1757142857142857,123,700
2020,Portuguese Grand Prix,FP2,GIO,25.0,4.0,clear_violation,315.0,74.0,194.0782022537988,100.0,0.1760752688172043,131,744
2020,Portuguese Grand Prix,FP2,GIO,28.0,4.0,clear_violation,302.9678573714286,75.0,199.61135828967812,100.0,0.1867219917012448,135,723
2020,Portuguese Grand Prix,FP2,GIO,30.0,4.0,clear_violation,327.0,71.0,197.37879945337804,100.0,0.2188782489740082,160,731
2020,Portuguese Grand Prix,FP2,GIO,31.0,4.0,clear_violation,299.0,74.0,199.76082664543375,100.0,0.1894882434301521,137,723
2020,Portuguese Grand Prix,FP2,GIO,32.0,4.0,clear_violation,298.9928576,75.0,200.1817804046092,100.0,0.1808066759388039,130,719
2020,Portuguese Grand Prix,FP3,NOR,13.0,1.0,clear_violation,319.0,63.0,187.58663886140076,100.0,0.1533420707732634,117,763
2020,Portuguese Grand Prix,FP3,LAT,3.0,1.0,clear_violation,326.0,79.0,208.0186726971134,100.0,0.2005813953488372,138,688
2020,Portuguese Grand Prix,FP3,RAI,4.0,1.0,clear_violation,323.0,79.0,211.6075652204636,100.0,0.1819548872180451,121,665
2020,Portuguese Grand Prix,FP3,GRO,5.0,1.0,clear_violation,320.0,79.0,212.0086150442756,100.0,0.1701807228915662,113,664
2020,Portuguese Grand Prix,FP3,GRO,9.0,1.0,clear_violation,319.0,78.0,212.60676988889216,100.0,0.1812778603268945,122,673
2020,Portuguese Grand Prix,FP3,GRO,11.0,4.0,clear_violation,313.0,80.0,213.37254535430029,100.0,0.1602373887240356,108,674
2020,Portuguese Grand Prix,FP3,GRO,16.0,1.0,clear_violation,317.0,77.0,213.0081487831732,100.0,0.1686217008797653,115,682
2020,Portuguese Grand Prix,FP3,GRO,18.0,1.0,clear_violation,313.0,75.0,212.687540280942,100.0,0.1591240875912409,109,685
2020,Portuguese Grand Prix,FP3,GAS,11.0,1.0,clear_violation,301.0,77.0,207.62099415647427,100.0,0.1669064748201439,116,695
2020,Portuguese Grand Prix,FP3,GAS,12.0,4.0,clear_violation,300.0,76.0,206.6317268533856,100.0,0.1743515850144092,121,694
2020,Portuguese Grand Prix,FP3,GAS,20.0,1.0,clear_violation,321.0,46.0,164.40028324260365,100.0,0.1866515837104072,165,884
2020,Portuguese Grand Prix,FP3,STR,14.0,1.0,clear_violation,324.0,72.0,213.1256461096401,100.0,0.2109144542772861,143,678
2020,Portuguese Grand Prix,FP3,MAG,10.0,1.0,clear_violation,315.0,57.0,159.74693934080187,100.0,0.2173435784851811,198,911
2020,Portuguese Grand Prix,FP3,ALB,7.0,1.0,clear_violation,324.0,77.0,215.94886350883132,100.0,0.1846153846153846,120,650
2020,Portuguese Grand Prix,FP3,ALB,12.0,1.0,clear_violation,321.0,77.0,216.97980067347976,100.0,0.1792168674698795,119,664
2020,Portuguese Grand Prix,FP3,KVY,16.0,1.0,clear_violation,314.0,70.0,209.0383055430285,100.0,0.1620437956204379,111,685
2020,Portuguese Grand Prix,FP3,KVY,19.0,4.0,clear_violation,298.0,73.0,204.7077722295432,100.0,0.1783166904422254,125,701
2020,Portuguese Grand Prix,FP3,OCO,16.0,1.0,clear_violation,323.0,76.0,213.3101377856128,100.0,0.1904761904761904,128,672
2020,Portuguese Grand Prix,FP3,VER,7.0,1.0,clear_violation,328.0,77.0,216.3584247332196,100.0,0.1761978361669242,114,647
2020,Portuguese Grand Prix,FP3,SAI,3.0,1.0,clear_violation,327.0,41.0,194.0159640306989,100.0,0.1815718157181571,134,738
2020,Portuguese Grand Prix,FP3,SAI,20.0,1.0,clear_violation,321.0,79.0,212.47847471609128,100.0,0.1605301914580265,109,679
2020,Portuguese Grand Prix,FP3,RUS,3.0,1.0,clear_violation,331.0,79.0,209.61877875605757,100.0,0.1923076923076923,130,676
2020,Portuguese Grand Prix,FP3,BOT,17.0,1.0,clear_violation,303.0,79.0,205.10739227862572,100.0,0.166429587482219,117,703
2020,Portuguese Grand Prix,FP3,GIO,8.0,1.0,clear_violation,326.0,79.0,212.54712305027093,100.0,0.1706586826347305,114,668
2020,Portuguese Grand Prix,FP3,RUS,8.0,5.0,no_advantage,316.0,61.0,157.55353322957598,100.0,0.1516853932584269,135,890
2020,Portuguese Grand Prix,FP3,HAM,11.0,8.0,no_advantage,310.69166613333334,55.0,172.09207335603327,100.0,0.2557022809123649,213,833
2020,Portuguese Grand Prix,Q,VER,4.0,1.0,clear_violation,320.0,51.0,184.83838031279552,100.0,0.2419974391805377,189,781
2020,Portuguese Grand Prix,Q,STR,11.0,1.0,clear_violation,326.0,77.0,215.21602471278476,100.0,0.2047477744807121,138,674
2020,Portuguese Grand Prix,Q,KVY,9.0,4.0,clear_violation,320.0,76.0,214.1247908843825,100.0,0.1733333333333333,117,675
2020,Portuguese Grand Prix,Q,VET,5.0,1.0,clear_violation,328.0,76.0,213.5937375533459,100.0,0.2144970414201183,145,676
2020,Portuguese Grand Prix,Q,LAT,5.0,1.0,clear_violation,325.0,79.0,212.2567558455461,100.0,0.1923641703377386,131,681
2020,Portuguese Grand Prix,R,BOT,20.0,4.0,clear_violation,304.0,73.0,200.94348152079803,100.0,0.2039660056657223,144,706
2020,Portuguese Grand Prix,R,BOT,35.0,4.0,clear_violation,312.71666773333334,75.0,204.25608910503703,100.0,0.1983122362869198,141,711
2020,Portuguese Grand Prix,R,VER,7.0,4.0,clear_violation,324.0,68.0,196.82685456335167,100.0,0.2199453551912568,161,732
2020,Portuguese Grand Prix,R,GAS,11.0,1.0,clear_violation,325.0,73.0,200.876666153956,100.0,0.2008426966292134,143,712
2020,Portuguese Grand Prix,R,GAS,15.0,1.0,clear_violation,308.7142857142857,69.0,200.48169396750475,100.0,0.2084507042253521,148,710
2020,Portuguese Grand Prix,R,SAI,32.0,1.0,clear_violation,339.0,59.0,198.15943407600287,100.0,0.2348901098901099,171,728
2020,Portuguese Grand Prix,R,OCO,2.0,1.0,clear_violation,324.0,60.0,185.5225650370627,100.0,0.2911877394636015,228,783
2020,Portuguese Grand Prix,R,VET,54.0,1.0,clear_violation,332.0,75.0,203.88396408110611,100.0,0.2347949080622348,166,707
2020,Portuguese Grand Prix,R,RAI,30.0,4.0,clear_violation,329.0,66.0,198.37855805940708,100.0,0.2548209366391185,185,726
2020,Portuguese Grand Prix,R,RAI,56.0,4.0,clear_violation,331.0,70.0,204.23518636675053,100.0,0.2189265536723164,155,708
2020,Portuguese Grand Prix,R,ALB,2.0,1.0,clear_violation,318.0,59.0,183.19330356490647,100.0,0.2697616060225847,215,797
2020,Portuguese Grand Prix,R,ALB,49.0,1.0,clear_violation,302.0,74.0,205.4903137807187,100.0,0.1742209631728045,123,706
2020,Portuguese Grand Prix,R,NOR,32.0,4.0,clear_violation,302.0,76.0,199.1712053374338,100.0,0.2104539202200825,153,727
2020,Portuguese Grand Prix,R,NOR,48.0,4.0,clear_violation,304.0,75.0,205.38689406599516,100.0,0.1702127659574468,120,705
2020,Portuguese Grand Prix,R,NOR,53.0,1.0,clear_violation,340.0,67.0,203.08161757567865,100.0,0.2169014084507042,154,710
2020,Portuguese Grand Prix,R,RUS,16.0,1.0,clear_violation,309.0,71.0,198.94826454331255,100.0,0.2127955493741307,153,719
2020,Portuguese Grand Prix,R,GIO,47.0,4.0,clear_violation,302.0,73.0,200.04226054110572,100.0,0.2166666666666666,156,720
2020,Portuguese Grand Prix,R,MAG,9.0,4.0,clear_violation,309.1166677333333,73.0,197.5934628506816,100.0,0.228454172366621,167,731
2020,Portuguese Grand Prix,R,MAG,25.0,4.0,clear_violation,298.0,75.0,199.1846889978964,100.0,0.2002820874471086,142,709
2020,Portuguese Grand Prix,R,MAG,38.0,1.0,clear_violation,323.0,76.0,199.29684795018983,100.0,0.2121212121212121,154,726
2020,Portuguese Grand Prix,R,GRO,12.0,1.0,clear_violation,311.0,72.0,198.1152119009913,100.0,0.1978171896316507,145,733
2020,Portuguese Grand Prix,R,GRO,24.0,4.0,clear_violation,324.0,68.0,199.437623904208,100.0,0.2162921348314606,154,712
2020,Portuguese Grand Prix,R,GRO,28.0,4.0,clear_violation,303.0,74.0,200.06217742828585,100.0,0.1853388658367911,134,723
2020,Portuguese Grand Prix,R,GRO,30.0,1.0,clear_violation,327.0,67.0,198.2789713234773,100.0,0.2216142270861833,162,731
2020,Portuguese Grand Prix,R,GRO,39.0,1.0,clear_violation,326.0,71.0,201.9046954930046,100.0,0.2103064066852367,151,718
2020,Portuguese Grand Prix,R,LAT,17.0,4.0,clear_violation,307.0,71.0,198.6112908542873,100.0,0.1988795518207282,142,714
2020,Portuguese Grand Prix,R,LAT,38.0,1.0,clear_violation,303.0,71.0,193.78100355445756,100.0,0.2566844919786096,192,748
2020,Portuguese Grand Prix,R,LAT,49.0,1.0,clear_violation,309.0,74.0,202.3184309018432,100.0,0.2318435754189944,166,716
2020,Portuguese Grand Prix,R,LAT,50.0,1.0,clear_violation,306.0,75.0,202.05572418006,100.0,0.2114047287899861,152,719
2020,Portuguese Grand Prix,R,KVY,32.0,1.0,clear_violation,306.0,68.0,201.6198768454511,100.0,0.1866295264623955,134,718
2020,Portuguese Grand Prix,R,KVY,33.0,1.0,clear_violation,304.0,70.0,201.77035752314632,100.0,0.1796657381615599,129,718
2020,Portuguese Grand Prix,R,KVY,35.0,1.0,clear_violation,305.0,72.0,201.69760472294328,100.0,0.1743375174337517,125,717
2020,Portuguese Grand Prix,R,KVY,37.0,1.0,clear_violation,307.0,73.0,200.01312959099585,100.0,0.1768802228412256,127,718
2020,Portuguese Grand Prix,R,KVY,52.0,1.0,clear_violation,310.0,74.0,202.03567021063503,100.0,0.1813110181311018,130,717
2020,Portuguese Grand Prix,R,STR,2.0,1.0,clear_violation,315.0,51.0,186.0700854493109,100.0,0.2824133504492939,220,779
2020,Portuguese Grand Prix,R,STR,6.0,4.0,clear_violation,338.0,64.0,198.3944923802229,100.0,0.2438356164383561,178,730
2020,Portuguese Grand Prix,R,STR,27.0,1.0,clear_violation,307.0,71.0,198.54033048970865,100.0,0.2430167597765363,174,716
2020,Portuguese Grand Prix,R,PER,5.0,4.0,no_advantage,303.0,73.0,200.4996120414639,100.0,0.217753120665742,157,721
2020,Pre-Season Test 1,FP1,STR,5.0,10.0,clear_violation,319.0,71.0,233.03648330021304,100.0,0.1870748299319728,110,588
2020,Pre-Season Test 1,FP1,STR,5.0,9.0,no_advantage,319.0,71.0,233.03648330021304,100.0,0.1870748299319728,110,588
2020,Pre-Season Test 1,FP2,RAI,12.0,10.0,clear_violation,319.0,68.0,234.2403624816135,100.0,0.1767764298093587,102,577
2020,Pre-Season Test 1,FP2,RAI,13.0,10.0,clear_violation,290.0,54.0,165.09050143601542,100.0,0.2825552825552825,230,814
2020,Pre-Season Test 1,FP2,RAI,29.0,10.0,clear_violation,311.0,59.0,219.0152707760284,100.0,0.197389885807504,121,613
2020,Pre-Season Test 1,FP2,RAI,30.0,10.0,clear_violation,303.0,50.0,208.2805305873896,100.0,0.2043343653250774,132,646
2020,Pre-Season Test 1,FP2,STR,30.0,10.0,clear_violation,298.0,67.0,221.53800101097943,100.0,0.2013093289689034,123,611
2020,Pre-Season Test 1,FP2,MAG,2.0,9.0,clear_violation,310.0,70.0,232.05238848172476,100.0,0.1568965517241379,91,580
2020,Pre-Season Test 1,FP2,HAM,23.0,10.0,clear_violation,300.0,66.0,203.3090042108762,100.0,0.1885369532428356,125,663
2020,Pre-Season Test 1,FP2,LAT,5.0,3.0,no_advantage,311.0,0.0,138.85569511737194,100.0,0.2520408163265306,247,980
2020,Pre-Season Test 1,FP2,RAI,10.0,6.0,no_advantage,318.0,44.0,180.1627262416917,100.0,0.2156084656084656,163,756
2020,Pre-Season Test 1,FP2,VER,13.0,6.0,no_advantage,290.0,75.0,224.22467512388255,100.0,0.1293532338308457,78,603
2020,Pre-Season Test 1,FP3,RAI,16.0,9.0,clear_violation,318.0,67.0,221.37979499136088,100.0,0.167487684729064,102,609
2020,Pre-Season Test 1,R,KVY,39.0,10.0,clear_violation,297.0,60.0,220.32948561082884,100.0,0.165837479270315,100,603
2020,Pre-Season Test 1,R,KVY,40.0,10.0,clear_violation,297.0,60.0,220.4326683130128,100.0,0.1603305785123966,97,605
2020,Pre-Season Test 1,R,KVY,60.0,9.0,clear_violation,283.0,56.0,174.8750529120644,100.0,0.2598039215686274,159,612
2020,Pre-Season Test 1,R,KVY,63.0,10.0,clear_violation,330.0,46.0,219.09797305542503,100.0,0.1954022988505747,119,609
2020,Pre-Season Test 1,R,KVY,64.0,10.0,clear_violation,324.0,4.0,216.7535339540881,100.0,0.1682847896440129,104,618
2020,Pre-Season Test 1,R,OCO,65.0,10.0,clear_violation,320.0,63.0,223.63782171408263,100.0,0.1983333333333333,119,600
2020,Pre-Season Test 1,R,VET,39.0,10.0,clear_violation,305.0,65.0,223.872616855362,100.0,0.1879084967320261,115,612
2020,Pre-Season Test 1,R,VET,40.0,10.0,clear_violation,304.0,64.0,222.4082565308839,100.0,0.1967479674796748,121,615
2020,Pre-Season Test 1,R,VET,58.0,10.0,clear_violation,263.0,70.0,152.17914248056482,100.0,0.2340425531914893,143,611
2020,Pre-Season Test 1,R,VET,59.0,10.0,clear_violation,216.5499968,71.0,139.81424093692928,100.0,0.2345276872964169,144,614
2020,Pre-Season Test 1,R,GRO,16.0,9.0,clear_violation,305.0,59.0,218.7420570646083,100.0,0.1719342604298356,136,791
2020,Pre-Season Test 1,R,GRO,27.0,10.0,clear_violation,231.0,87.0,143.39745183231724,100.0,0.2414910858995137,149,617
2020,Pre-Season Test 1,R,GRO,28.0,10.0,clear_violation,288.0,57.0,168.13730566722833,100.0,0.2077294685990338,129,621
2020,Pre-Season Test 2,FP1,STR,5.0,10.0,clear_violation,319.0,71.0,233.03648330021304,100.0,0.1870748299319728,110,588
2020,Pre-Season Test 2,FP1,STR,5.0,9.0,no_advantage,319.0,71.0,233.03648330021304,100.0,0.1870748299319728,110,588
2020,Pre-Season Test 2,FP2,RAI,12.0,10.0,clear_violation,319.0,68.0,234.2403624816135,100.0,0.1767764298093587,102,577
2020,Pre-Season Test 2,FP2,RAI,13.0,10.0,clear_violation,290.0,54.0,165.09050143601542,100.0,0.2825552825552825,230,814
2020,Pre-Season Test 2,FP2,RAI,29.0,10.0,clear_violation,311.0,59.0,219.0152707760284,100.0,0.197389885807504,121,613
2020,Pre-Season Test 2,FP2,RAI,30.0,10.0,clear_violation,303.0,50.0,208.2805305873896,100.0,0.2043343653250774,132,646
2020,Pre-Season Test 2,FP2,STR,30.0,10.0,clear_violation,298.0,67.0,221.53800101097943,100.0,0.2013093289689034,123,611
2020,Pre-Season Test 2,FP2,MAG,2.0,9.0,clear_violation,310.0,70.0,232.05238848172476,100.0,0.1568965517241379,91,580
2020,Pre-Season Test 2,FP2,HAM,23.0,10.0,clear_violation,300.0,66.0,203.3090042108762,100.0,0.1885369532428356,125,663
2020,Pre-Season Test 2,FP2,LAT,5.0,3.0,no_advantage,311.0,0.0,138.85569511737194,100.0,0.2520408163265306,247,980
2020,Pre-Season Test 2,FP2,RAI,10.0,6.0,no_advantage,318.0,44.0,180.1627262416917,100.0,0.2156084656084656,163,756
2020,Pre-Season Test 2,FP2,VER,13.0,6.0,no_advantage,290.0,75.0,224.22467512388255,100.0,0.1293532338308457,78,603
2020,Pre-Season Test 2,FP3,RAI,16.0,9.0,clear_violation,318.0,67.0,221.37979499136088,100.0,0.167487684729064,102,609
2020,Pre-Season Test 2,R,KVY,39.0,10.0,clear_violation,297.0,60.0,220.32948561082884,100.0,0.165837479270315,100,603
2020,Pre-Season Test 2,R,KVY,40.0,10.0,clear_violation,297.0,60.0,220.4326683130128,100.0,0.1603305785123966,97,605
2020,Pre-Season Test 2,R,KVY,60.0,9.0,clear_violation,283.0,56.0,174.8750529120644,100.0,0.2598039215686274,159,612
2020,Pre-Season Test 2,R,KVY,63.0,10.0,clear_violation,330.0,46.0,219.09797305542503,100.0,0.1954022988505747,119,609
2020,Pre-Season Test 2,R,KVY,64.0,10.0,clear_violation,324.0,4.0,216.7535339540881,100.0,0.1682847896440129,104,618
2020,Pre-Season Test 2,R,OCO,65.0,10.0,clear_violation,320.0,63.0,223.63782171408263,100.0,0.1983333333333333,119,600
2020,Pre-Season Test 2,R,VET,39.0,10.0,clear_violation,305.0,65.0,223.872616855362,100.0,0.1879084967320261,115,612
2020,Pre-Season Test 2,R,VET,40.0,10.0,clear_violation,304.0,64.0,222.4082565308839,100.0,0.1967479674796748,121,615
2020,Pre-Season Test 2,R,VET,58.0,10.0,clear_violation,263.0,70.0,152.17914248056482,100.0,0.2340425531914893,143,611
2020,Pre-Season Test 2,R,VET,59.0,10.0,clear_violation,216.5499968,71.0,139.81424093692928,100.0,0.2345276872964169,144,614
2020,Pre-Season Test 2,R,GRO,16.0,9.0,clear_violation,305.0,59.0,218.7420570646083,100.0,0.1719342604298356,136,791
2020,Pre-Season Test 2,R,GRO,27.0,10.0,clear_violation,231.0,87.0,143.39745183231724,100.0,0.2414910858995137,149,617
2020,Pre-Season Test 2,R,GRO,28.0,10.0,clear_violation,288.0,57.0,168.13730566722833,100.0,0.2077294685990338,129,621
2020,Russian Grand Prix,FP1,GRO,23.0,2.0,clear_violation,313.0,88.0,198.49835626414648,100.0,0.1545157780195865,142,919
2020,Russian Grand Prix,FP1,STR,5.0,2.0,clear_violation,318.0,28.0,147.35128171978607,100.0,0.2686084142394822,332,1236
2020,Russian Grand Prix,FP1,RUS,13.0,13.0,no_advantage,303.0,89.0,205.38915627430643,100.0,0.1653543307086614,147,889
2020,Russian Grand Prix,FP2,NOR,5.0,2.0,clear_violation,313.0,69.0,154.4762785711419,100.0,0.1519524617996604,179,1178
2020,Russian Grand Prix,FP2,BOT,8.0,2.0,clear_violation,320.0,70.0,170.2085828223407,100.0,0.2016806722689075,216,1071
2020,Russian Grand Prix,FP2,BOT,8.0,13.0,no_advantage,320.0,70.0,170.2085828223407,100.0,0.2016806722689075,216,1071
2020,Russian Grand Prix,FP2,HAM,8.0,13.0,no_advantage,330.0,7.0,179.45276611346443,100.0,0.1609756097560975,165,1025
2020,Russian Grand Prix,FP2,BOT,18.0,14.0,no_advantage,309.0,69.0,200.9153149354043,100.0,0.1848184818481848,168,909
2020,Russian Grand Prix,FP2,HAM,17.0,13.0,no_advantage,311.0,62.0,204.2639057923258,100.0,0.1703786191536748,153,898
2020,Russian Grand Prix,FP2,LEC,26.0,17.0,no_advantage,303.0,91.0,205.25900922469435,100.0,0.1689189189189189,150,888
2020,Russian Grand Prix,FP3,ALB,10.0,2.0,clear_violation,321.0,99.0,221.9485105947621,100.0,0.1587878787878787,131,825
2020,Russian Grand Prix,FP3,BOT,1.0,7.0,no_advantage,301.0,60.35833386666666,151.4501599257611,100.0,0.2451669595782074,279,1138
2020,Russian Grand Prix,FP3,LEC,5.0,2.0,no_advantage,316.0,56.0,191.8952987326392,100.0,0.1856677524429967,171,921
2020,Russian Grand Prix,Q,HAM,2.0,2.0,clear_violation,333.0,102.0,222.3956500974953,100.0,0.1619975639464068,133,821
2020,Russian Grand Prix,Q,HAM,7.0,18.0,clear_violation,334.0,107.0,227.60149981516275,100.0,0.1519302615193026,122,803
2020,Russian Grand Prix,Q,GAS,2.0,2.0,clear_violation,330.0,66.0,147.48132656693724,100.0,0.1284329563812601,159,1238
2020,Russian Grand Prix,Q,GRO,2.0,2.0,clear_violation,326.0,96.0,221.4715809966831,100.0,0.1535671100362756,127,827
2020,Russian Grand Prix,Q,MAG,2.0,2.0,clear_violation,326.0,67.0,181.56109339881235,100.0,0.1759443339960238,177,1006
2020,Russian Grand Prix,Q,HAM,1.0,2.0,no_advantage,300.0,60.0,142.14405793136874,104.0,0.2465078060805259,300,1217
2020,Russian Grand Prix,Q,GRO,1.0,2.0,no_advantage,284.0,34.0,143.57522025977786,100.0,0.2456575682382134,297,1209
2020,Russian Grand Prix,Q,MAG,1.0,2.0,no_advantage,294.0,28.0,140.17776338618245,100.0,0.2223120452708165,275,1237
2020,Russian Grand Prix,Q,GAS,1.0,2.0,no_advantage,295.0,30.0,131.62192796500128,100.0,0.1418816388467375,187,1318
2020,Russian Grand Prix,Q,LAT,1.0,2.0,no_advantage,292.0,59.1833344,135.47837505383643,100.0,0.1767005473025801,226,1279
2020,Russian Grand Prix,Q,HAM,7.0,18.0,no_advantage,334.0,107.0,227.60149981516275,100.0,0.1519302615193026,122,803
2020,Russian Grand Prix,R,RIC,25.0,2.0,clear_violation,318.0,97.0,206.51037454980744,100.0,0.1569965870307167,138,879
2020,Russian Grand Prix,R,ALB,50.0,2.0,clear_violation,307.0,92.0,209.0927049811679,100.0,0.1733639494833524,151,871
2020,Russian Grand Prix,R,GRO,39.0,2.0,clear_violation,305.0,89.0,202.09152160732097,100.0,0.1986681465038845,179,901
2020,Russian Grand Prix,R,GRO,41.0,2.0,clear_violation,310.0,81.0,198.3458237517844,100.0,0.1882480957562568,173,919
2020,Russian Grand Prix,R,GRO,47.0,2.0,clear_violation,333.0,89.0,205.7431151330109,100.0,0.1790193842645382,157,877
2020,Russian Grand Prix,R,LEC,7.0,4.0,no_advantage,309.0,89.0,204.0213066997513,100.0,0.1814109742441209,162,893
2020,Russian Grand Prix,R,PER,9.0,2.0,no_advantage,338.0,93.0,205.76045864639363,100.0,0.2222222222222222,196,882
2020,Russian Grand Prix,R,RIC,24.0,2.0,no_advantage,314.0,95.0,206.37813761018876,100.0,0.1727272727272727,152,880
2020,Russian Grand Prix,R,GRO,38.0,2.0,no_advantage,303.0,88.0,206.7545519090414,100.0,0.1768707482993197,156,882
2020,Russian Grand Prix,R,ALB,49.0,2.0,no_advantage,306.0,98.0,212.58202150268076,100.0,0.1633605600933489,140,857
2020,Spanish Grand Prix,R,GRO,59.0,2.0,clear_violation,316.0,68.0,192.0511753107249,100.0,0.2050599201065246,154,751
2020,Styrian Grand Prix,FP1,GRO,3.0,9.0,clear_violation,313.0,65.0,227.3507196908712,100.0,0.1359060402684563,81,596
2020,Styrian Grand Prix,FP1,GAS,11.0,10.0,clear_violation,312.0,69.0,233.45714116247515,100.0,0.1124567474048442,65,578
2020,Styrian Grand Prix,FP1,STR,14.0,10.0,clear_violation,319.0,69.0,238.85964495540048,100.0,0.1546572934973638,88,569
2020,Styrian Grand Prix,FP1,STR,15.0,10.0,clear_violation,300.0,27.0,153.02470942812695,100.0,0.144960362400906,128,883
2020,Styrian Grand Prix,FP1,ALB,24.0,9.0,clear_violation,318.0,65.0,226.7318371195504,100.0,0.2084033613445378,124,595
2020,Styrian Grand Prix,FP1,OCO,9.0,10.0,clear_violation,314.0,69.0,233.9094972257918,100.0,0.1514629948364888,88,581
2020,Styrian Grand Prix,FP2,VET,15.0,9.0,clear_violation,317.0,70.0,240.3232842387187,100.0,0.1625441696113074,92,566
2020,Styrian Grand Prix,FP2,VET,34.0,9.0,clear_violation,297.0,68.0,222.6449819061048,100.0,0.1522094926350245,93,611
2020,Styrian Grand Prix,FP2,GRO,23.0,9.0,clear_violation,300.0,63.0,220.6249060976621,100.0,0.1539708265802269,95,617
2020,Styrian Grand Prix,FP2,GRO,30.0,9.0,clear_violation,301.0,64.0,212.4982647180864,100.0,0.1573208722741433,101,642
2020,Styrian Grand Prix,FP2,GAS,34.0,10.0,clear_violation,290.0,65.0,221.6274619758264,100.0,0.1386623164763458,85,613
2020,Styrian Grand Prix,FP2,GAS,35.0,10.0,clear_violation,291.0,68.0,221.67196257278175,100.0,0.1479674796747967,91,615
2020,Styrian Grand Prix,FP2,PER,20.0,9.0,clear_violation,298.0,64.0,220.75843758388103,100.0,0.1818181818181818,112,616
2020,Styrian Grand Prix,FP2,STR,6.0,9.0,clear_violation,323.0,71.0,241.0791302461745,100.0,0.1539823008849557,87,565
2020,Styrian Grand Prix,FP2,MAG,21.0,10.0,clear_violation,295.0,67.0,221.32245092359435,100.0,0.1791530944625407,110,614
2020,Styrian Grand Prix,FP2,MAG,22.0,10.0,clear_violation,295.0,67.0,220.35369424571067,100.0,0.1612903225806451,100,620
2020,Styrian Grand Prix,FP2,MAG,28.0,9.0,clear_violation,300.0,68.0,219.71998252868715,100.0,0.1832797427652733,114,622
2020,Styrian Grand Prix,FP2,ALB,8.0,9.0,clear_violation,323.0,71.0,239.17518202289148,100.0,0.1719298245614035,98,570
2020,Styrian Grand Prix,FP2,KVY,14.0,10.0,clear_violation,323.0,68.0,239.5344745308172,100.0,0.1652021089630931,94,569
2020,Styrian Grand Prix,FP2,VER,3.0,9.0,clear_violation,322.0,70.0,240.3400673348074,100.0,0.1382978723404255,78,564
2020,Styrian Grand Prix,FP2,VER,9.0,10.0,clear_violation,324.0,75.0,243.01811312321752,100.0,0.1494661921708185,84,562
2020,Styrian Grand Prix,FP2,HAM,2.0,9.0,clear_violation,319.0,71.0,236.6755400739989,100.0,0.1443478260869565,83,575
2020,Styrian Grand Prix,FP2,ALB,19.0,8.0,no_advantage,294.0,66.0,221.80745847183096,100.0,0.1801948051948051,111,616
2020,Styrian Grand Prix,Q,NOR,29.0,9.0,clear_violation,287.0,46.0,176.9567323751361,100.0,0.2092105263157894,159,760
2020,Styrian Grand Prix,Q,ALB,17.0,9.0,clear_violation,297.0,51.0,193.98236885251188,100.0,0.2308823529411764,157,680
2020,Styrian Grand Prix,Q,KVY,19.0,9.0,clear_violation,291.0,47.0,194.7626153255111,100.0,0.1875,129,688
2020,Styrian Grand Prix,Q,MAG,17.0,9.0,clear_violation,291.0,50.0,191.7183133963355,100.0,0.2011577424023155,139,691
2020,Styrian Grand Prix,R,VER,66.0,10.0,clear_violation,306.0,60.0,225.2432219041738,100.0,0.1780366056572379,107,601
2020,Styrian Grand Prix,R,VER,67.0,10.0,clear_violation,309.0,61.0,219.15916927180692,100.0,0.1915584415584415,118,616
2020,Styrian Grand Prix,R,ALB,68.0,10.0,clear_violation,300.0,67.0,231.3890784715963,100.0,0.1487179487179487,87,585
2020,Styrian Grand Prix,R,ALB,69.0,10.0,clear_violation,301.0,67.0,228.31794109482908,100.0,0.1546218487394958,92,595
2020,Styrian Grand Prix,R,STR,7.0,9.0,clear_violation,322.0,60.0,220.65143292000613,100.0,0.2169657422512235,133,613
2020,Styrian Grand Prix,R,STR,57.0,9.0,clear_violation,314.0,61.0,226.5938878712913,100.0,0.1828859060402684,109,596
2020,Styrian Grand Prix,R,RIC,44.0,10.0,clear_violation,299.0,69.0,226.27114639373963,100.0,0.1383333333333333,83,600
2020,Styrian Grand Prix,R,RIC,45.0,10.0,clear_violation,298.0,69.0,225.39310668103855,100.0,0.1352253756260434,81,599
2020,Styrian Grand Prix,R,KVY,31.0,9.0,clear_violation,293.0,68.0,222.03911561632572,100.0,0.1578947368421052,96,608
2020,Styrian Grand Prix,R,RAI,22.0,9.0,clear_violation,301.0,51.0,219.1653127137476,100.0,0.192868719611021,119,617
2020,Styrian Grand Prix,R,MAG,47.0,9.0,clear_violation,316.0,54.0,218.42308388320555,100.0,0.2222222222222222,134,603
2020,Styrian Grand Prix,R,GRO,47.0,10.0,clear_violation,308.0,60.0,223.965228677402,100.0,0.1731748726655348,102,589
2020,Styrian Grand Prix,R,GRO,48.0,10.0,clear_violation,323.0,59.0,224.00980389315555,100.0,0.173469387755102,102,588
2020,Styrian Grand Prix,R,GIO,35.0,10.0,clear_violation,301.0,66.0,222.3518939826711,100.0,0.1756978653530377,107,609
2020,Styrian Grand Prix,R,GIO,36.0,10.0,clear_violation,303.0,62.0,221.824584381183,100.0,0.1732026143790849,106,612
2020,Styrian Grand Prix,R,GIO,42.0,9.0,clear_violation,318.0,65.0,226.17450484544307,100.0,0.1825795644891122,109,597
2020,Styrian Grand Prix,R,GIO,52.0,10.0,clear_violation,303.0,67.0,225.08610845822705,100.0,0.1658291457286432,99,597
2020,Styrian Grand Prix,R,GIO,53.0,10.0,clear_violation,302.0,66.0,225.7265539494607,100.0,0.1713810316139767,103,601
2020,Styrian Grand Prix,R,GAS,47.0,10.0,clear_violation,296.0,61.0,214.02937673479585,100.0,0.1683006535947712,103,612
2020,Styrian Grand Prix,R,GAS,48.0,10.0,clear_violation,319.0,61.0,218.1290487638196,100.0,0.1763727121464226,106,601
2020,Styrian Grand Prix,R,LAT,60.0,9.0,clear_violation,302.0,66.0,224.72571757871444,100.0,0.2120200333889816,127,599
2020,Styrian Grand Prix,R,VET,1.0,,no_advantage,308.0,0.0,150.45866392791854,100.0,0.2865232163080408,253,883
2020,Tuscan Grand Prix,FP2,LEC,3.0,12.0,no_advantage,311.0,71.0,156.48894346581193,100.0,0.174618320610687,183,1048
2020,Tuscan Grand Prix,FP2,VET,21.0,13.0,no_advantage,291.0,119.0,222.6048239278773,100.0,0.1614654002713704,119,737
2020,Tuscan Grand Prix,FP3,GAS,11.0,11.0,no_advantage,314.0,74.0,152.1631660743565,100.0,0.133953488372093,144,1075
2020,Tuscan Grand Prix,Q,KVY,10.0,7.0,no_advantage,307.1541664,80.0,171.20166956230196,100.0,0.1125265392781316,106,942
2020,Tuscan Grand Prix,R,SAI,4.0,2.0,no_advantage,268.0,60.0,140.59035796859126,99.0,0.1259640102827763,147,1167
2021,Abu Dhabi Grand Prix,FP1,NOR,2.0,16.0,clear_violation,316.0,66.0,213.7317364916205,100.0,0.1549479166666666,119,768
2021,Abu Dhabi Grand Prix,FP1,NOR,3.0,16.0,clear_violation,276.0,49.0,133.76383419454592,100.0,0.1446280991735537,175,1210
2021,Abu Dhabi Grand Prix,FP1,NOR,6.0,7.0,clear_violation,316.0,55.0,159.63926278557108,100.0,0.1194029850746268,120,1005
2021,Abu Dhabi Grand Prix,FP1,VET,7.0,16.0,clear_violation,317.0,72.0,216.93057732560135,100.0,0.1556728232189973,118,758
2021,Abu Dhabi Grand Prix,FP1,VET,8.0,16.0,clear_violation,259.0,52.0,132.38699905527514,99.0,0.0898785425101214,111,1235
2021,Abu Dhabi Grand Prix,FP1,LAT,4.0,16.0,clear_violation,315.0,73.0,212.5569920696572,100.0,0.1621983914209115,121,746
2021,Abu Dhabi Grand Prix,FP1,LAT,5.0,16.0,clear_violation,273.0,40.0,136.47417125214753,100.0,0.223267750213858,261,1169
2021,Abu Dhabi Grand Prix,FP1,LAT,6.0,16.0,clear_violation,314.0,72.0,213.05359228869304,100.0,0.155467720685112,118,759
2021,Abu Dhabi Grand Prix,FP1,MAZ,17.0,7.0,clear_violation,300.0,82.0,200.924076930867,100.0,0.1823745410036719,149,817
2021,Abu Dhabi Grand Prix,FP1,PER,4.0,16.0,clear_violation,317.0,72.0,217.17254025099007,100.0,0.1696306429548563,124,731
2021,Abu Dhabi Grand Prix,FP1,ALO,3.0,15.0,clear_violation,313.0,69.0,215.1590946893872,100.0,0.1574697173620457,117,743
2021,Abu Dhabi Grand Prix,FP1,ALO,9.0,16.0,clear_violation,315.0,72.0,217.54378500406133,100.0,0.1441798941798941,109,756
2021,Abu Dhabi Grand Prix,FP1,TSU,4.0,15.0,clear_violation,314.0,73.0,216.41997275241968,100.0,0.1456692913385826,111,762
2021,Abu Dhabi Grand Prix,FP1,HAM,16.0,16.0,clear_violation,318.0,70.0,221.43049356822857,100.0,0.1428571428571428,106,742
2021,Abu Dhabi Grand Prix,FP1,SAI,2.0,16.0,clear_violation,314.0,67.0,215.2266787960475,100.0,0.1430499325236167,106,741
2021,Abu Dhabi Grand Prix,FP1,SAI,19.0,7.0,clear_violation,317.0,50.0,143.58873210170677,100.0,0.1279579316389132,146,1141
2021,Abu Dhabi Grand Prix,FP1,BOT,2.0,16.0,clear_violation,316.0,72.0,217.3662664311417,100.0,0.1660026560424966,125,753
2021,Abu Dhabi Grand Prix,FP1,BOT,3.0,16.0,clear_violation,267.0,62.0,142.9555414647075,100.0,0.1490299823633157,169,1134
2021,Abu Dhabi Grand Prix,FP1,BOT,24.0,16.0,clear_violation,299.0,68.0,209.86364222179367,100.0,0.1556122448979592,122,784
2021,Abu Dhabi Grand Prix,FP1,BOT,25.0,16.0,clear_violation,303.0,66.0,206.25377395263789,100.0,0.1670854271356784,133,796
2021,Abu Dhabi Grand Prix,FP2,RIC,13.0,16.0,clear_violation,317.0,67.0,221.98037512300152,99.0,0.1214574898785425,90,741
2021,Abu Dhabi Grand Prix,FP2,NOR,4.0,16.0,clear_violation,317.0,64.0,221.0175645206329,100.0,0.1459459459459459,108,740
2021,Abu Dhabi Grand Prix,FP2,VET,21.0,16.0,clear_violation,294.0,62.0,208.3036743586534,100.0,0.1434010152284264,113,788
2021,Abu Dhabi Grand Prix,FP2,VET,22.0,16.0,clear_violation,295.0,64.0,205.94218631747125,100.0,0.1614518147684605,129,799
2021,Abu Dhabi Grand Prix,FP2,RAI,8.0,16.0,clear_violation,322.0,71.0,218.73710591622577,100.0,0.1398135818908122,105,751
2021,Abu Dhabi Grand Prix,FP2,MAZ,16.0,16.0,clear_violation,299.0,67.0,200.68017758428016,100.0,0.1705237515225335,140,821
2021,Abu Dhabi Grand Prix,FP2,MAZ,17.0,16.0,clear_violation,287.0,67.0,177.37767010983683,100.0,0.1756465517241379,163,928
2021,Abu Dhabi Grand Prix,FP2,MAZ,19.0,16.0,clear_violation,298.0,69.0,204.2004344631756,100.0,0.1524163568773234,123,807
2021,Abu Dhabi Grand Prix,FP2,MAZ,20.0,16.0,clear_violation,297.0,67.0,204.0728680114809,100.0,0.1509900990099009,122,808
2021,Abu Dhabi Grand Prix,FP2,ALO,7.0,16.0,clear_violation,323.0,70.0,223.54392513902883,100.0,0.1346938775510204,99,735
2021,Abu Dhabi Grand Prix,FP2,ALO,8.0,16.0,clear_violation,271.0,53.0,129.10501976198913,100.0,0.2558869701726844,326,1274
2021,Abu Dhabi Grand Prix,FP2,LEC,6.0,16.0,clear_violation,317.0,67.0,221.28216936164543,100.0,0.1384408602150537,103,744
2021,Abu Dhabi Grand Prix,FP2,LEC,22.0,16.0,clear_violation,298.0,64.0,209.62305082359327,100.0,0.149234693877551,117,784
2021,Abu Dhabi Grand Prix,FP2,LEC,23.0,16.0,clear_violation,304.0,64.0,210.0937570951226,100.0,0.1445012787723785,113,782
2021,Abu Dhabi Grand Prix,FP2,VER,4.0,16.0,clear_violation,317.0,69.0,221.29828486782105,100.0,0.1495956873315364,111,742
2021,Abu Dhabi Grand Prix,FP2,VER,5.0,16.0,clear_violation,261.0,37.0,132.8508577171106,100.0,0.280517380759903,347,1237
2021,Abu Dhabi Grand Prix,FP2,BOT,23.0,1.0,no_advantage,301.0,69.0,210.63065622549695,100.0,0.1323907455012853,103,778
2021,Abu Dhabi Grand Prix,FP3,VET,4.0,16.0,clear_violation,316.0,65.0,216.68312498594835,100.0,0.1484888304862023,113,761
2021,Abu Dhabi Grand Prix,FP3,VET,5.0,16.0,clear_violation,272.0,64.0,160.819302313361,100.0,0.1606268364348677,164,1021
2021,Abu Dhabi Grand Prix,FP3,VET,13.0,16.0,clear_violation,316.0,66.0,218.3804495057469,100.0,0.1629139072847682,123,755
2021,Abu Dhabi Grand Prix,FP3,RAI,20.0,16.0,clear_violation,327.0,68.0,217.92546188996212,100.0,0.1660026560424966,125,753
2021,Abu Dhabi Grand Prix,FP3,RAI,21.0,16.0,clear_violation,282.0,56.0,177.69440807496335,100.0,0.1673913043478261,154,920
2021,Abu Dhabi Grand Prix,FP3,MAZ,4.0,7.0,clear_violation,322.0,35.0,170.03501276862096,100.0,0.1375387797311272,133,967
2021,Abu Dhabi Grand Prix,FP3,LAT,4.0,1.0,no_advantage,324.0,69.0,199.18570853087164,100.0,0.157829839704069,128,811
2021,Abu Dhabi Grand Prix,FP3,HAM,16.0,12.0,no_advantage,283.0,59.0,162.00361949404797,100.0,0.1877470355731225,190,1012
2021,Abu Dhabi Grand Prix,FP3,MAZ,15.0,1.0,no_advantage,227.9625024,58.0,144.20044844622532,100.0,0.131004366812227,150,1145
2021,Abu Dhabi Grand Prix,FP3,RIC,11.0,1.0,no_advantage,289.0,57.0,171.69787914442958,99.0,0.0870020964360587,83,954
2021,Abu Dhabi Grand Prix,FP3,HAM,20.0,1.0,no_advantage,306.0,68.0,213.29567324330577,100.0,0.1525423728813559,117,767
2021,Abu Dhabi Grand Prix,Q,LEC,16.0,16.0,clear_violation,322.0,72.0,226.28047499123903,100.0,0.1497252747252747,109,728
2021,Abu Dhabi Grand Prix,Q,TSU,18.0,16.0,clear_violation,321.0,68.0,226.711082576279,100.0,0.1298342541436464,94,724
2021,Abu Dhabi Grand Prix,Q,GAS,5.0,16.0,clear_violation,323.0,67.0,224.59640767220492,100.0,0.1406685236768802,101,718
2021,Abu Dhabi Grand Prix,Q,MSC,1.0,1.0,no_advantage,304.0,43.0,155.0249700747129,100.0,0.1387225548902195,139,1002
2021,Abu Dhabi Grand Prix,Q,MAZ,1.0,1.0,no_advantage,291.0,18.0,137.16647866034538,100.0,0.1361626878868258,154,1131
2021,Abu Dhabi Grand Prix,Q,VET,10.0,16.0,no_advantage,291.0,47.0,163.59351673889574,100.0,0.2214357937310414,219,989
2021,Abu Dhabi Grand Prix,Q,TSU,12.0,1.0,no_advantage,282.0,34.0,136.93833722797183,100.0,0.1060100166944908,127,1198
2021,Abu Dhabi Grand Prix,Q,VET,13.0,1.0,no_advantage,318.0,69.0,223.5314007010392,100.0,0.1385869565217391,102,736
2021,Abu Dhabi Grand Prix,Q,VER,9.0,1.0,no_advantage,266.0,29.0,123.66497061982427,100.0,0.2957639939485628,391,1322
2021,Abu Dhabi Grand Prix,Q,GAS,13.0,1.0,no_advantage,288.0,65.0,180.21270831904152,100.0,0.1845303867403314,167,905
2021,Abu Dhabi Grand Prix,R,LEC,41.0,16.0,clear_violation,310.0,57.0,212.54355335965548,100.0,0.1580976863753213,123,778
2021,Abu Dhabi Grand Prix,R,LEC,42.0,16.0,clear_violation,312.0,56.0,211.5545284262377,100.0,0.1572890025575447,123,782
2021,Abu Dhabi Grand Prix,R,STR,4.0,15.0,clear_violation,321.0,58.0,204.04045770877264,100.0,0.1982543640897755,159,802
2021,Abu Dhabi Grand Prix,R,STR,45.0,16.0,clear_violation,303.0,59.0,211.8371239551841,100.0,0.1762452107279693,138,783
2021,Abu Dhabi Grand Prix,R,STR,46.0,16.0,clear_violation,302.0,62.0,211.5528705372059,100.0,0.1617834394904458,127,785
2021,Abu Dhabi Grand Prix,R,VER,16.0,15.0,clear_violation,322.0,63.0,210.8494819465126,100.0,0.1764705882352941,138,782
2021,Abu Dhabi Grand Prix,R,MSC,3.0,7.0,clear_violation,336.0,76.0,199.89180686652293,100.0,0.2408312958435207,197,818
2021,Abu Dhabi Grand Prix,R,VET,17.0,16.0,clear_violation,315.0,59.0,207.5966703113561,100.0,0.1806775407779172,144,797
2021,Abu Dhabi Grand Prix,R,VET,18.0,16.0,clear_violation,305.0,63.0,208.47269511771063,100.0,0.1608040201005025,128,796
2021,Abu Dhabi Grand Prix,R,VET,30.0,16.0,clear_violation,302.0,61.0,209.71906897872648,100.0,0.1782051282051282,139,780
2021,Abu Dhabi Grand Prix,R,VET,31.0,16.0,clear_violation,320.0,55.0,209.4918328858642,100.0,0.1887034659820282,147,779
2021,Abu Dhabi Grand Prix,R,LAT,50.0,16.0,clear_violation,318.0,65.0,209.19459249747572,100.0,0.1848101265822785,146,790
2021,Abu Dhabi Grand Prix,R,VER,1.0,7.0,no_advantage,319.0,0.0,197.65963761855048,100.0,0.1970443349753694,160,812
2021,Abu Dhabi Grand Prix,R,LEC,13.0,4.0,no_advantage,308.0,62.0,207.59640821951012,100.0,0.166243654822335,131,788
2021,Abu Dhabi Grand Prix,R,TSU,38.0,,no_advantage,330.0,63.0,212.58772174381255,100.0,0.1602564102564102,125,780
2021,Austrian Grand Prix,FP1,VET,21.0,10.0,clear_violation,317.0,59.0,234.9060169217506,100.0,0.1459074733096085,82,562
2021,Austrian Grand Prix,FP1,VET,22.0,10.0,clear_violation,303.0,64.0,147.70890037662363,100.0,0.0920314253647587,82,891
2021,Austrian Grand Prix,FP1,RAI,6.0,10.0,clear_violation,316.0,71.0,233.14134046363503,100.0,0.1480206540447504,86,581
2021,Austrian Grand Prix,FP1,RAI,7.0,10.0,clear_violation,307.0,44.0,144.1393607455864,100.0,0.1155885471898197,109,943
2021,Austrian Grand Prix,FP1,RAI,13.0,10.0,clear_violation,315.0,73.0,236.16229059145988,100.0,0.1495652173913043,86,575
2021,Austrian Grand Prix,FP1,RAI,14.0,10.0,clear_violation,303.0,50.0,127.95256516443985,100.0,0.1365348399246704,145,1062
2021,Austrian Grand Prix,FP1,RAI,19.0,10.0,clear_violation,312.0,69.0,234.9279030433248,100.0,0.1678200692041522,97,578
2021,Austrian Grand Prix,FP1,MAZ,12.0,9.0,clear_violation,309.0,70.0,229.91833825148083,100.0,0.1725888324873096,102,591
2021,Austrian Grand Prix,FP1,MAZ,23.0,10.0,clear_violation,310.0,71.0,231.4108592142005,100.0,0.1993006993006993,114,572
2021,Austrian Grand Prix,FP1,MAZ,24.0,10.0,clear_violation,303.0,54.0,135.06822736205422,100.0,0.0763747454175152,75,982
2021,Austrian Grand Prix,FP1,GAS,2.0,10.0,clear_violation,315.0,69.0,233.81515836064173,100.0,0.1260794473229706,73,579
2021,Austrian Grand Prix,FP1,GAS,3.0,10.0,clear_violation,307.0,46.0,147.86093611142934,100.0,0.1266375545851528,116,916
2021,Austrian Grand Prix,FP1,GAS,12.0,9.0,clear_violation,315.0,72.0,234.1399526302853,100.0,0.121317157712305,70,577
2021,Austrian Grand Prix,FP1,GAS,26.0,10.0,clear_violation,294.0,66.0,220.66600925621717,100.0,0.1495798319327731,89,595
2021,Austrian Grand Prix,FP1,GAS,29.0,10.0,clear_violation,298.0,67.0,221.0025590047968,100.0,0.1663807890222984,97,583
2021,Austrian Grand Prix,FP1,GAS,30.0,10.0,clear_violation,297.0,68.0,221.176599413516,100.0,0.1598023064250411,97,607
2021,Austrian Grand Prix,FP1,GAS,33.0,10.0,clear_violation,292.0,66.0,221.03977112577843,100.0,0.1470588235294117,90,612
2021,Austrian Grand Prix,FP1,GAS,34.0,10.0,clear_violation,291.0,67.0,220.26781047598985,100.0,0.1351791530944625,83,614
2021,Austrian Grand Prix,FP1,TSU,11.0,10.0,clear_violation,314.0,70.0,234.0317459361126,100.0,0.1364421416234887,79,579
2021,Austrian Grand Prix,FP1,TSU,12.0,10.0,clear_violation,304.0,58.0,160.3517442595103,100.0,0.1613285883748517,136,843
2021,Austrian Grand Prix,FP1,TSU,25.0,10.0,clear_violation,289.0,66.0,220.1158322399313,100.0,0.1517706576728499,90,593
2021,Austrian Grand Prix,FP1,TSU,26.0,10.0,clear_violation,293.0,65.0,219.03938709267095,100.0,0.1480865224625624,89,601
2021,Austrian Grand Prix,FP1,HAM,5.0,10.0,clear_violation,299.0,67.0,221.2105599162805,100.0,0.160655737704918,98,610
2021,Austrian Grand Prix,FP1,HAM,6.0,10.0,clear_violation,295.0,67.0,221.6011454567026,100.0,0.1573770491803278,96,610
2021,Austrian Grand Prix,FP1,HAM,7.0,10.0,clear_violation,306.0,65.0,221.781958180626,100.0,0.1489361702127659,91,611
2021,Austrian Grand Prix,FP1,MSC,23.0,9.0,clear_violation,311.0,73.0,223.63238709735256,100.0,0.1722972972972972,102,592
2021,Austrian Grand Prix,FP1,ILO,8.0,10.0,clear_violation,318.0,64.0,229.21399674210676,100.0,0.1703204047217538,101,593
2021,Austrian Grand Prix,FP1,ILO,9.0,10.0,clear_violation,308.0,58.0,149.3018452205407,100.0,0.2233223322332233,203,909
2021,Austrian Grand Prix,FP1,ILO,10.0,10.0,clear_violation,318.0,68.0,230.080239103554,100.0,0.1816638370118845,107,589
2021,Austrian Grand Prix,FP1,TSU,3.0,5.0,no_advantage,306.0,54.0,153.23360537731884,100.0,0.192090395480226,170,885
2021,Austrian Grand Prix,FP1,STR,6.0,7.0,no_advantage,297.0,57.0,174.88045618678228,100.0,0.2652005174644243,205,773
2021,Austrian Grand Prix,FP2,LAT,9.0,9.0,clear_violation,314.0,67.0,232.27756204014088,100.0,0.1763698630136986,103,584
2021,Austrian Grand Prix,FP2,LAT,14.0,10.0,clear_violation,314.0,69.0,234.15445478524612,100.0,0.1844827586206896,107,580
2021,Austrian Grand Prix,FP2,RAI,4.0,10.0,clear_violation,320.0,71.0,234.420228717993,100.0,0.1502590673575129,87,579
2021,Austrian Grand Prix,FP2,RAI,14.0,10.0,clear_violation,320.0,72.0,237.64656682974527,100.0,0.1431064572425829,82,573
2021,Austrian Grand Prix,FP2,RAI,15.0,10.0,clear_violation,302.0,51.0,138.0071427854286,100.0,0.1293279022403258,127,982
2021,Austrian Grand Prix,FP2,MAZ,4.0,9.0,clear_violation,314.0,67.0,221.29302754126437,100.0,0.2009803921568627,123,612
2021,Austrian Grand Prix,FP2,MAZ,11.0,9.0,clear_violation,320.0,72.0,233.5664580409954,100.0,0.1801029159519725,105,583
2021,Austrian Grand Prix,FP2,MAZ,17.0,9.0,clear_violation,293.0,63.0,214.6931747105128,100.0,0.2006319115323854,127,633
2021,Austrian Grand Prix,FP2,MAZ,30.0,9.0,clear_violation,294.0,62.0,218.53001717437377,100.0,0.1870967741935484,116,620
2021,Austrian Grand Prix,FP2,GAS,5.0,9.0,clear_violation,318.0,69.0,234.076832851889,100.0,0.1122625215889464,65,579
2021,Austrian Grand Prix,FP2,GAS,11.0,10.0,clear_violation,318.0,71.0,237.19907072706408,100.0,0.1239092495636998,71,573
2021,Austrian Grand Prix,FP2,GAS,12.0,10.0,clear_violation,312.0,53.0,122.68594802196448,100.0,0.041704442429737,46,1103
2021,Austrian Grand Prix,FP2,GAS,22.0,10.0,clear_violation,292.0,65.0,220.1409701652792,100.0,0.1644951140065146,101,614
2021,Austrian Grand Prix,FP2,GAS,23.0,10.0,clear_violation,293.0,66.0,218.7297891311316,100.0,0.1682847896440129,104,618
2021,Austrian Grand Prix,FP2,LEC,7.0,9.0,clear_violation,313.0,74.0,215.59383908213215,100.0,0.1421800947867298,90,633
2021,Austrian Grand Prix,FP2,TSU,14.0,10.0,clear_violation,316.0,75.0,235.8806297446105,100.0,0.1273996509598604,73,573
2021,Austrian Grand Prix,FP2,OCO,12.0,10.0,clear_violation,314.0,73.0,236.13964783547547,100.0,0.1426086956521739,82,575
2021,Austrian Grand Prix,FP2,MSC,10.0,9.0,clear_violation,319.0,75.0,236.8664006745175,100.0,0.1724738675958188,99,574
2021,Austrian Grand Prix,FP2,SAI,10.0,9.0,clear_violation,314.0,73.0,236.2708662529158,100.0,0.169284467713787,97,573
2021,Austrian Grand Prix,FP2,SAI,17.0,10.0,clear_violation,279.2500010666667,56.0,168.8418942368762,100.0,0.2064676616915423,166,804
2021,Austrian Grand Prix,FP2,SAI,21.0,10.0,clear_violation,314.0,67.0,234.59185391113448,100.0,0.1733102253032929,100,577
2021,Austrian Grand Prix,FP2,GIO,11.0,9.0,clear_violation,318.0,72.0,235.7503943480335,100.0,0.1493055555555555,86,576
2021,Austrian Grand Prix,FP2,LEC,7.0,9.0,no_advantage,313.0,74.0,215.59383908213215,100.0,0.1421800947867298,90,633
2021,Austrian Grand Prix,FP2,HAM,21.0,4.0,no_advantage,288.0,67.0,221.12119541180036,100.0,0.1386623164763458,85,613
2021,Austrian Grand Prix,FP3,NOR,17.0,10.0,clear_violation,313.0,72.0,224.11738512798345,100.0,0.1586776859504132,96,605
2021,Austrian Grand Prix,FP3,NOR,19.0,10.0,clear_violation,314.0,68.0,235.52911454231457,100.0,0.1391304347826087,80,575
2021,Austrian Grand Prix,FP3,LAT,13.0,10.0,clear_violation,315.0,71.0,234.36065703607775,100.0,0.1868512110726643,108,578
2021,Austrian Grand Prix,FP3,LAT,14.0,10.0,clear_violation,308.0,61.0,157.69140158720114,100.0,0.2077012835472578,178,857
2021,Austrian Grand Prix,FP3,RAI,4.0,9.0,clear_violation,316.0,69.0,232.0358588486311,100.0,0.1421232876712329,83,584
2021,Austrian Grand Prix,FP3,MAZ,4.0,9.0,clear_violation,298.0,63.0,218.00259200779692,100.0,0.1816720257234726,113,622
2021,Austrian Grand Prix,FP3,MAZ,8.0,10.0,clear_violation,297.0,64.0,218.26830597497903,100.0,0.1851851851851851,115,621
2021,Austrian Grand Prix,FP3,MAZ,9.0,10.0,clear_violation,298.0,60.0,217.6072629776078,100.0,0.1867954911433172,116,621
2021,Austrian Grand Prix,FP3,GAS,13.0,10.0,clear_violation,316.0,66.0,236.0207886839732,100.0,0.1343804537521815,77,573
2021,Austrian Grand Prix,FP3,GAS,14.0,10.0,clear_violation,308.0,52.0,120.486799629478,100.0,0.0778871978513876,87,1117
2021,Austrian Grand Prix,FP3,GAS,16.0,9.0,clear_violation,318.0,70.0,235.53946155400783,100.0,0.1256544502617801,72,573
2021,Austrian Grand Prix,FP3,ALO,12.0,9.0,clear_violation,312.0,70.0,232.9845045440468,100.0,0.144082332761578,84,583
2021,Austrian Grand Prix,FP3,LEC,11.0,10.0,clear_violation,317.0,68.0,232.9199780966201,100.0,0.1623488773747841,94,579
2021,Austrian Grand Prix,FP3,STR,6.0,10.0,clear_violation,310.0,67.0,233.8147170438436,100.0,0.1892361111111111,109,576
2021,Austrian Grand Prix,FP3,HAM,14.0,10.0,clear_violation,316.0,72.0,238.55895242225236,100.0,0.1305114638447971,74,567
2021,Austrian Grand Prix,FP3,SAI,16.0,10.0,clear_violation,313.0,68.0,229.22324785161325,100.0,0.1796610169491525,106,590
2021,Austrian Grand Prix,Q,GAS,2.0,9.0,clear_violation,317.0,65.0,237.1911757674161,100.0,0.1381118881118881,79,572
2021,Austrian Grand Prix,Q,LEC,5.0,9.0,clear_violation,320.0,71.0,239.03430473049588,100.0,0.1486725663716814,84,565
2021,Austrian Grand Prix,Q,RIC,8.0,9.0,clear_violation,320.0,69.0,237.87748502073555,100.0,0.131578947368421,75,570
2021,Austrian Grand Prix,Q,GIO,14.0,10.0,clear_violation,320.0,73.0,239.99104350983265,100.0,0.146384479717813,83,567
2021,Austrian Grand Prix,R,SAI,34.0,10.0,clear_violation,307.0,63.0,221.2029847158162,100.0,0.2091503267973856,128,612
2021,Austrian Grand Prix,R,SAI,35.0,10.0,clear_violation,310.0,62.0,221.45472705609225,100.0,0.1996726677577741,122,611
2021,Austrian Grand Prix,R,RIC,68.0,10.0,clear_violation,301.0,60.0,222.54442288037149,99.0,0.1644736842105263,100,608
2021,Austrian Grand Prix,R,RIC,69.0,10.0,clear_violation,301.0,61.0,222.6165600834061,99.0,0.1414473684210526,86,608
2021,Austrian Grand Prix,R,LEC,60.0,10.0,clear_violation,318.0,60.0,224.6311646630957,100.0,0.1986754966887417,120,604
2021,Austrian Grand Prix,R,LEC,61.0,10.0,clear_violation,323.0,57.0,223.19718948859008,100.0,0.2079207920792079,126,606
2021,Austrian Grand Prix,R,LEC,64.0,10.0,clear_violation,319.0,60.0,224.1294950487263,100.0,0.1970198675496688,119,604
2021,Austrian Grand Prix,R,LEC,65.0,10.0,clear_violation,318.0,55.0,219.5895133636748,100.0,0.224025974025974,138,616
2021,Austrian Grand Prix,R,GAS,28.0,10.0,clear_violation,298.0,67.0,221.1540319168124,100.0,0.1620294599018003,99,611
2021,Austrian Grand Prix,R,GAS,29.0,10.0,clear_violation,298.0,67.0,221.44999741913588,100.0,0.1489361702127659,91,611
2021,Austrian Grand Prix,R,GAS,67.0,10.0,clear_violation,306.0,66.0,226.61687412078123,100.0,0.1610738255033557,96,596
2021,Austrian Grand Prix,R,GAS,68.0,10.0,clear_violation,304.0,67.0,225.84901917873088,100.0,0.1583333333333333,95,600
2021,Austrian Grand Prix,R,GAS,71.0,9.0,clear_violation,326.0,59.0,220.66676658252524,100.0,0.2022838499184339,124,613
2021,Austrian Grand Prix,R,ALO,59.0,10.0,clear_violation,316.0,66.0,224.1462652533864,100.0,0.1900826446280991,115,605
2021,Austrian Grand Prix,R,ALO,60.0,10.0,clear_violation,321.0,66.0,222.21172047389544,100.0,0.1770491803278688,108,610
2021,Austrian Grand Prix,R,ALO,61.0,10.0,clear_violation,314.0,65.0,223.0678538995766,100.0,0.1828665568369028,111,607
2021,Austrian Grand Prix,R,TSU,21.0,10.0,clear_violation,300.0,68.0,219.99462105332765,100.0,0.1853658536585365,114,615
2021,Austrian Grand Prix,R,TSU,22.0,10.0,clear_violation,301.0,67.0,219.02637042930337,100.0,0.1961102106969205,121,617
2021,Austrian Grand Prix,R,TSU,31.0,10.0,clear_violation,300.0,69.0,219.70811564889084,100.0,0.1512195121951219,93,615
2021,Austrian Grand Prix,R,TSU,32.0,10.0,clear_violation,319.0,64.0,219.0273533872717,100.0,0.2224025974025974,137,616
2021,Austrian Grand Prix,R,GIO,27.0,9.0,clear_violation,319.0,58.0,218.49836623809776,100.0,0.2032258064516129,126,620
2021,Austrian Grand Prix,R,RAI,35.0,10.0,clear_violation,298.0,61.0,221.138193601591,100.0,0.1821138211382114,112,615
2021,Austrian Grand Prix,R,RAI,36.0,10.0,clear_violation,298.0,64.0,220.48333108867263,100.0,0.1691056910569105,104,615
2021,Austrian Grand Prix,R,RAI,57.0,10.0,clear_violation,303.0,64.0,224.65552343788627,100.0,0.1608623548922056,97,603
2021,Austrian Grand Prix,R,RAI,58.0,10.0,clear_violation,303.0,64.0,225.13088841223205,100.0,0.1710963455149501,103,602
2021,Austrian Grand Prix,R,RAI,59.0,10.0,clear_violation,300.0,65.0,222.94215245949627,100.0,0.1666666666666666,101,606
2021,Austrian Grand Prix,R,VET,29.0,10.0,clear_violation,318.0,62.0,217.1592359452487,100.0,0.2190016103059581,136,621
2021,Austrian Grand Prix,R,VET,30.0,10.0,clear_violation,313.0,60.0,218.67037849613712,100.0,0.2148626817447496,133,619
2021,Austrian Grand Prix,R,MSC,63.0,9.0,clear_violation,307.0,66.0,214.76972637714272,100.0,0.1711568938193343,108,631
2021,Austrian Grand Prix,R,MAZ,12.0,9.0,clear_violation,304.0,60.0,214.84034042716212,100.0,0.2003179650238473,126,629
2021,Austrian Grand Prix,R,MAZ,20.0,9.0,clear_violation,302.0,61.0,215.1195062141361,100.0,0.1984126984126984,125,630
2021,Austrian Grand Prix,R,MAZ,31.0,9.0,clear_violation,299.0,63.0,213.7504126110572,100.0,0.2183544303797468,138,632
2021,Austrian Grand Prix,R,MAZ,46.0,9.0,clear_violation,301.0,0.0,168.81066318119488,100.0,0.2615769712140175,209,799
2021,Austrian Grand Prix,R,OCO,1.0,3.0,no_advantage,328.0,0.0,73.10827125949618,104.0,0.1118598382749326,83,742
2021,Azerbaijan Grand Prix,FP1,HAM,12.0,15.0,no_advantage,324.0,44.0,167.07384023340427,100.0,0.2635796972395369,296,1123
2021,Azerbaijan Grand Prix,FP1,SAI,17.0,15.0,no_advantage,310.0,0.0,137.9007197569435,100.0,0.2538745387453874,344,1355
2021,Azerbaijan Grand Prix,FP1,MSC,19.0,4.0,no_advantage,313.0,68.0,183.9748864305353,100.0,0.2242899118511263,229,1021
2021,Azerbaijan Grand Prix,FP1,BOT,19.0,2.0,no_advantage,313.0,70.0,194.38204809650057,100.0,0.2191069574247144,211,963
2021,Azerbaijan Grand Prix,FP1,NOR,18.0,2.0,no_advantage,314.0,70.0,194.29680194055933,100.0,0.2035306334371755,196,963
2021,Azerbaijan Grand Prix,FP2,BOT,1.0,1.0,no_advantage,331.0,44.0,168.8234192181027,104.0,0.2375,247,1040
2021,Azerbaijan Grand Prix,FP2,NOR,1.0,15.0,no_advantage,325.1083328,0.0,139.07388434621183,100.0,0.2402190923317683,307,1278
2021,Azerbaijan Grand Prix,FP2,LAT,3.0,2.0,no_advantage,330.0,59.0,158.81797025332546,100.0,0.2868020304568528,339,1182
2021,Azerbaijan Grand Prix,FP2,MAZ,3.0,1.0,no_advantage,342.0,49.0,163.4062852446643,100.0,0.2463011314186249,283,1149
2021,Azerbaijan Grand Prix,FP2,LAT,4.0,15.0,no_advantage,332.0,0.0,150.8687377383405,100.0,0.2924302788844621,367,1255
2021,Azerbaijan Grand Prix,FP2,GAS,12.0,15.0,no_advantage,330.0,37.0,138.61335448455418,100.0,0.1729490022172949,234,1353
2021,Azerbaijan Grand Prix,FP2,VET,10.0,2.0,no_advantage,331.0,33.0,182.5702922995628,100.0,0.2119140625,217,1024
2021,Azerbaijan Grand Prix,FP3,BOT,1.0,3.0,no_advantage,322.0,0.0,164.8904391638001,100.0,0.2729805013927576,294,1077
2021,Azerbaijan Grand Prix,FP3,RAI,5.0,1.0,no_advantage,331.0,49.0,161.0416040631956,100.0,0.2109777015437393,246,1166
2021,Azerbaijan Grand Prix,FP3,LAT,10.0,3.0,no_advantage,330.0,57.0,152.24735406152763,100.0,0.254320987654321,309,1215
2021,Azerbaijan Grand Prix,FP3,SAI,8.0,15.0,no_advantage,327.0,57.0,169.22220947116264,100.0,0.1692160611854684,177,1046
2021,Azerbaijan Grand Prix,FP3,MSC,12.0,15.0,no_advantage,327.0,60.0,175.0167213543543,100.0,0.2200557103064067,237,1077
2021,Azerbaijan Grand Prix,Q,MAZ,8.0,3.0,no_advantage,329.0,56.0,162.5572945309904,100.0,0.2296360485268631,265,1154
2021,Azerbaijan Grand Prix,R,SAI,10.0,8.0,no_advantage,317.0,70.0,192.17466835604648,100.0,0.2494866529774127,243,974
2021,Azerbaijan Grand Prix,R,BOT,22.0,16.0,no_advantage,340.0,70.0,199.35700883934624,100.0,0.2127659574468085,200,940
2021,Azerbaijan Grand Prix,R,MAZ,23.0,4.0,no_advantage,313.0,66.0,197.76051233764525,100.0,0.2221052631578947,211,950
2021,Bahrain Grand Prix,FP2,TSU,5.0,4.0,clear_violation,317.0,67.0,211.2728649818656,100.0,0.1693648816936488,136,803
2021,Bahrain Grand Prix,FP2,OCO,9.0,4.0,clear_violation,317.0,70.0,210.74238393585483,100.0,0.180469715698393,146,809
2021,Bahrain Grand Prix,FP2,HAM,2.0,4.0,clear_violation,313.0,75.0,212.35650831039115,100.0,0.175,140,800
2021,Bahrain Grand Prix,FP2,MSC,12.0,4.0,clear_violation,315.0,70.0,204.88796590771625,100.0,0.1872749099639856,156,833
2021,Bahrain Grand Prix,FP2,BOT,2.0,4.0,clear_violation,313.0,48.0,162.1815611872339,100.0,0.2133971291866028,223,1045
2021,Bahrain Grand Prix,FP2,BOT,15.0,4.0,clear_violation,299.0,70.0,199.28982983448356,100.0,0.189695550351288,162,854
2021,Bahrain Grand Prix,FP2,BOT,17.0,4.0,clear_violation,298.0,70.0,196.79531896205756,100.0,0.1972157772621809,170,862
2021,Bahrain Grand Prix,FP2,BOT,18.0,4.0,clear_violation,296.0,72.0,198.32233418061824,100.0,0.1869158878504672,160,856
2021,Bahrain Grand Prix,FP2,BOT,19.0,4.0,clear_violation,298.0,68.0,196.85369691653065,100.0,0.1883720930232558,162,860
2021,Bahrain Grand Prix,FP2,RAI,5.0,3.0,no_advantage,318.0,61.0,168.91411038961192,100.0,0.1807348560079444,182,1007
2021,Bahrain Grand Prix,FP3,TSU,14.0,4.0,clear_violation,327.0,68.0,210.25977003758416,100.0,0.1791613722998729,141,787
2021,Bahrain Grand Prix,FP3,BOT,3.0,4.0,clear_violation,321.0,70.0,208.80064226842643,100.0,0.1742331288343558,142,815
2021,Bahrain Grand Prix,FP3,BOT,7.0,4.0,clear_violation,303.0,63.0,201.2586320447193,100.0,0.193127962085308,163,844
2021,Bahrain Grand Prix,FP3,BOT,9.0,4.0,clear_violation,299.0,65.0,200.62648829646855,100.0,0.185579196217494,157,846
2021,Bahrain Grand Prix,Q,RIC,8.0,4.0,clear_violation,319.0,74.0,214.46333216050385,100.0,0.1876574307304785,149,794
2021,Bahrain Grand Prix,Q,PER,7.0,4.0,clear_violation,314.0,71.0,214.9603851230281,100.0,0.189155107187894,150,793
2021,Bahrain Grand Prix,R,GAS,6.0,4.0,no_advantage,292.0,68.0,200.9134574872022,100.0,0.1923990498812351,162,842
2021,Bahrain Grand Prix,R,NOR,9.0,4.0,no_advantage,327.0,62.0,199.9958357966388,100.0,0.2079905992949471,177,851
2021,Belgian Grand Prix,FP2,TSU,5.0,9.0,clear_violation,328.0,66.0,232.4596154312906,100.0,0.130712008501594,123,941
2021,Belgian Grand Prix,FP2,SAI,2.0,9.0,clear_violation,329.0,71.0,233.0784585987462,100.0,0.151547491995731,142,937
2021,Belgian Grand Prix,FP3,LEC,13.0,9.0,clear_violation,312.0,28.0,195.05313031164133,100.0,0.1840435176790571,203,1103
2021,Belgian Grand Prix,FP3,RUS,1.0,18.0,no_advantage,307.0,39.0,170.85016585317314,100.0,0.2291325695581014,280,1222
2021,Belgian Grand Prix,FP3,SAI,1.0,5.0,no_advantage,296.0,51.0,180.1271139987645,100.0,0.1350174216027874,155,1148
2021,Belgian Grand Prix,FP3,HAM,1.0,5.0,no_advantage,295.0,0.0,154.97940269812403,100.0,0.3263157894736842,434,1330
2021,Belgian Grand Prix,FP3,MAZ,14.0,5.0,no_advantage,307.0,55.0,199.1793101132312,100.0,0.2250922509225092,244,1084
2021,British Grand Prix,FP1,MAZ,13.0,9.0,clear_violation,326.0,85.0,232.10842273477425,100.0,0.1533586818757921,121,789
2021,British Grand Prix,FP1,MAZ,17.0,15.0,clear_violation,327.0,82.0,232.9275860451178,100.0,0.154140127388535,121,785
2021,British Grand Prix,FP1,RUS,21.0,9.0,clear_violation,327.0,82.0,234.30745576676475,100.0,0.1562099871959026,122,781
2021,British Grand Prix,FP2,NOR,15.0,15.0,clear_violation,323.0,80.0,226.7190235266652,99.0,0.1601513240857503,127,793
2021,British Grand Prix,FP2,NOR,19.0,9.0,clear_violation,307.0,84.0,230.1890728245659,100.0,0.137452711223203,109,793
2021,British Grand Prix,FP2,GAS,4.0,9.0,clear_violation,299.0,86.0,221.6881121812856,100.0,0.1343825665859564,111,826
2021,British Grand Prix,FP2,TSU,30.0,9.0,clear_violation,299.0,86.0,226.46464863039927,100.0,0.1223733003708281,99,809
2021,British Grand Prix,FP2,GIO,22.0,9.0,clear_violation,307.0,86.0,226.99143524875757,100.0,0.130272952853598,105,806
2021,British Grand Prix,Q,PER,16.0,15.0,clear_violation,322.0,96.0,241.8876746274788,100.0,0.1236842105263157,94,760
2021,British Grand Prix,Q,VET,11.0,15.0,clear_violation,326.0,93.0,240.48539144799284,100.0,0.1376146788990825,105,763
2021,British Grand Prix,R,LEC,50.0,9.0,clear_violation,320.0,78.0,225.17065309250128,100.0,0.1611316113161131,131,813
2021,British Grand Prix,R,NOR,31.0,9.0,clear_violation,323.0,78.0,223.18913059520256,99.0,0.173170731707317,142,820
2021,British Grand Prix,R,RIC,9.0,9.0,clear_violation,301.0,78.0,223.02270941344543,100.0,0.1416361416361416,116,819
2021,British Grand Prix,R,SAI,6.0,9.0,clear_violation,322.0,83.0,222.3242967850512,100.0,0.173170731707317,142,820
2021,British Grand Prix,R,SAI,26.0,9.0,clear_violation,307.0,87.0,228.4124143340188,100.0,0.1371571072319202,110,802
2021,British Grand Prix,R,GAS,8.0,9.0,clear_violation,318.0,83.0,219.6963010207393,100.0,0.1684717208182912,140,831
2021,British Grand Prix,R,GAS,12.0,9.0,clear_violation,332.0,79.0,220.3515401107748,100.0,0.1676718938480096,139,829
2021,British Grand Prix,R,GAS,16.0,9.0,clear_violation,330.0,80.0,221.5578085105433,100.0,0.1628189550425273,134,823
2021,British Grand Prix,R,GAS,29.0,15.0,clear_violation,334.0,0.0,185.15128678053716,100.0,0.1912955465587044,189,988
2021,British Grand Prix,R,GIO,7.0,9.0,clear_violation,329.0,83.0,219.5064866831368,100.0,0.1860744297719087,155,833
2021,British Grand Prix,R,RAI,7.0,9.0,clear_violation,304.0,82.0,219.7305966241134,100.0,0.1656662665066026,138,833
2021,British Grand Prix,R,PER,17.0,9.0,clear_violation,329.0,79.0,222.18660881912703,100.0,0.1909975669099756,157,822
2021,British Grand Prix,R,VET,30.0,15.0,clear_violation,320.0,70.0,222.6952789347116,100.0,0.2063492063492063,169,819
2021,British Grand Prix,S,GAS,7.0,9.0,clear_violation,324.0,82.0,222.6692247341877,100.0,0.1328320802005012,106,798
2021,British Grand Prix,S,RAI,6.0,9.0,clear_violation,339.0,86.0,224.63634399661808,100.0,0.188423645320197,153,812
2021,British Grand Prix,S,GIO,13.0,9.0,clear_violation,318.0,87.0,226.22652913847648,100.0,0.1565217391304348,126,805
2021,British Grand Prix,S,LAT,9.0,9.0,clear_violation,313.0,90.0,223.55709514458152,100.0,0.1619631901840491,132,815
2021,British Grand Prix,S,SAI,1.0,7.0,no_advantage,322.0,0.0,196.63593868924968,100.0,0.2019758507135016,184,911
2021,British Grand Prix,S,MAZ,2.0,3.0,no_advantage,311.0,84.0,223.3471186587767,100.0,0.1914634146341463,157,820
2021,British Grand Prix,SQ,GAS,7.0,9.0,clear_violation,324.0,82.0,222.6692247341877,100.0,0.1328320802005012,106,798
2021,British Grand Prix,SQ,RAI,6.0,9.0,clear_violation,339.0,86.0,224.63634399661808,100.0,0.188423645320197,153,812
2021,British Grand Prix,SQ,GIO,13.0,9.0,clear_violation,318.0,87.0,226.22652913847648,100.0,0.1565217391304348,126,805
2021,British Grand Prix,SQ,LAT,9.0,9.0,clear_violation,313.0,90.0,223.55709514458152,100.0,0.1619631901840491,132,815
2021,British Grand Prix,SQ,SAI,1.0,7.0,no_advantage,322.0,0.0,196.63593868924968,100.0,0.2019758507135016,184,911
2021,British Grand Prix,SQ,MAZ,2.0,3.0,no_advantage,311.0,84.0,223.3471186587767,100.0,0.1914634146341463,157,820
2021,Dutch Grand Prix,FP1,OCO,1.0,11.0,no_advantage,297.0,35.0,142.65816103769592,100.0,0.2034090909090909,179,880
2021,Dutch Grand Prix,FP1,NOR,16.0,13.0,no_advantage,308.0,38.0,186.27055475774247,100.0,0.1675977653631284,120,716
2021,Dutch Grand Prix,FP3,VET,1.0,10.0,no_advantage,298.0,59.0,168.98157483575204,100.0,0.1734972677595628,127,732
2021,Dutch Grand Prix,FP3,NOR,14.0,9.0,no_advantage,301.79999999999995,49.0,146.27766277942595,100.0,0.1293859649122807,118,912
2021,Emilia Romagna Grand Prix,FP2,RIC,12.0,9.0,clear_violation,323.0,106.0,230.9736307736456,100.0,0.1147540983606557,77,671
2021,Emilia Romagna Grand Prix,FP2,NOR,5.0,9.0,clear_violation,323.0,58.0,186.73965238228496,99.0,0.1314837153196622,109,829
2021,Emilia Romagna Grand Prix,FP2,NOR,17.0,9.0,clear_violation,328.0,95.0,217.37353144762648,99.0,0.2008426966292134,143,712
2021,Emilia Romagna Grand Prix,FP2,VET,12.0,9.0,clear_violation,327.0,94.0,227.0820404035017,100.0,0.1794117647058823,122,680
2021,Emilia Romagna Grand Prix,FP2,VET,20.0,15.0,clear_violation,306.0,99.0,218.67726787052052,100.0,0.1687943262411347,119,705
2021,Emilia Romagna Grand Prix,FP2,RAI,25.0,15.0,clear_violation,309.0,93.0,217.9201122370004,100.0,0.1960507757404795,139,709
2021,Emilia Romagna Grand Prix,FP2,GAS,7.0,9.0,clear_violation,323.0,104.0,232.59565119973124,100.0,0.1353383458646616,90,665
2021,Emilia Romagna Grand Prix,FP2,GAS,29.0,9.0,clear_violation,313.0,96.0,219.8065184426345,100.0,0.1894586894586894,133,702
2021,Emilia Romagna Grand Prix,FP2,PER,10.0,9.0,clear_violation,319.0,110.0,231.77747773740143,100.0,0.1434977578475336,96,669
2021,Emilia Romagna Grand Prix,FP2,LEC,4.0,9.0,clear_violation,321.0,106.0,230.90105744778947,100.0,0.1579731743666169,106,671
2021,Emilia Romagna Grand Prix,FP2,LEC,8.0,9.0,clear_violation,322.0,109.0,234.78333508189272,100.0,0.1487101669195751,98,659
2021,Emilia Romagna Grand Prix,FP2,TSU,9.0,9.0,clear_violation,322.0,106.0,230.77229546576905,100.0,0.1335311572700296,90,674
2021,Emilia Romagna Grand Prix,FP2,HAM,17.0,9.0,clear_violation,304.0,104.0,221.0869836468731,100.0,0.1530758226037196,107,699
2021,Emilia Romagna Grand Prix,FP2,MSC,4.0,9.0,clear_violation,329.0,101.0,222.583898119816,100.0,0.1882183908045977,131,696
2021,Emilia Romagna Grand Prix,FP2,MSC,6.0,9.0,clear_violation,323.0,105.0,225.36884168754776,100.0,0.1865889212827988,128,686
2021,Emilia Romagna Grand Prix,FP2,RUS,24.0,15.0,clear_violation,304.0,103.0,221.22230364651423,100.0,0.16189111747851,113,698
2021,Emilia Romagna Grand Prix,FP2,GIO,12.0,9.0,clear_violation,323.0,105.0,230.38148256872904,100.0,0.1369047619047619,92,672
2021,Emilia Romagna Grand Prix,FP2,GIO,24.0,9.0,clear_violation,304.0,99.0,221.5454947877661,100.0,0.1545064377682403,108,699
2021,Emilia Romagna Grand Prix,FP3,RIC,10.0,9.0,clear_violation,320.0,103.0,231.4647246255722,100.0,0.1244377811094452,83,667
2021,Emilia Romagna Grand Prix,FP3,NOR,2.0,9.0,clear_violation,320.0,110.0,230.28575607043496,99.0,0.1218424962852897,82,673
2021,Emilia Romagna Grand Prix,FP3,NOR,4.0,9.0,clear_violation,319.0,111.0,229.10937754331863,99.0,0.1198224852071005,81,676
2021,Emilia Romagna Grand Prix,FP3,VET,9.0,9.0,clear_violation,319.0,107.0,230.15185496749385,100.0,0.1609538002980625,108,671
2021,Emilia Romagna Grand Prix,FP3,RAI,7.0,9.0,clear_violation,316.0,101.0,228.8489533202918,100.0,0.1610044313146233,109,677
2021,Emilia Romagna Grand Prix,FP3,RAI,12.0,9.0,clear_violation,320.0,105.0,231.10661723219096,100.0,0.1490312965722801,100,671
2021,Emilia Romagna Grand Prix,FP3,MAZ,2.0,9.0,clear_violation,319.0,95.0,224.0348507265138,100.0,0.1837916063675832,127,691
2021,Emilia Romagna Grand Prix,FP3,MAZ,12.0,15.0,clear_violation,327.0,98.0,228.34209665581827,100.0,0.1846381093057607,125,677
2021,Emilia Romagna Grand Prix,FP3,MAZ,21.0,15.0,clear_violation,323.0,105.0,230.78323352879585,100.0,0.1922503725782414,129,671
2021,Emilia Romagna Grand Prix,FP3,GAS,18.0,9.0,clear_violation,320.0,102.0,231.64815728167048,100.0,0.1379310344827586,92,667
2021,Emilia Romagna Grand Prix,FP3,PER,2.0,9.0,clear_violation,316.0,111.0,227.00351659167148,100.0,0.1581259150805271,108,683
2021,Emilia Romagna Grand Prix,FP3,ALO,6.0,15.0,clear_violation,318.0,107.0,229.068090534364,100.0,0.155096011816839,105,677
2021,Emilia Romagna Grand Prix,FP3,LEC,7.0,9.0,clear_violation,324.0,105.0,232.13652462637427,100.0,0.1511976047904191,101,668
2021,Emilia Romagna Grand Prix,FP3,STR,13.0,9.0,clear_violation,318.0,109.0,231.38891254189295,100.0,0.1709145427286356,114,667
2021,Emilia Romagna Grand Prix,FP3,TSU,5.0,9.0,clear_violation,317.0,105.0,228.87277711066133,100.0,0.1299852289512555,88,677
2021,Emilia Romagna Grand Prix,FP3,VER,4.0,9.0,clear_violation,315.0,108.0,232.0772892388984,100.0,0.1533834586466165,102,665
2021,Emilia Romagna Grand Prix,FP3,HAM,6.0,9.0,clear_violation,319.0,110.0,232.3064696098218,100.0,0.1325301204819277,88,664
2021,Emilia Romagna Grand Prix,FP3,MSC,2.0,9.0,clear_violation,314.0,105.0,225.32745629933189,100.0,0.1804949053857351,124,687
2021,Emilia Romagna Grand Prix,FP3,MSC,6.0,9.0,clear_violation,317.0,107.0,228.29375833172804,100.0,0.1666666666666666,113,678
2021,Emilia Romagna Grand Prix,FP3,BOT,3.0,9.0,clear_violation,317.0,109.0,231.66887933053755,100.0,0.1469265367316342,98,667
2021,Emilia Romagna Grand Prix,Q,PER,3.0,9.0,clear_violation,317.0,109.0,233.82061236432483,100.0,0.1553544494720965,103,663
2021,Emilia Romagna Grand Prix,Q,GAS,4.0,15.0,clear_violation,322.0,107.0,234.51593606693632,100.0,0.135258358662614,89,658
2021,Emilia Romagna Grand Prix,Q,GAS,9.0,9.0,clear_violation,321.0,106.0,235.561381731627,100.0,0.1156773211567732,76,657
2021,Emilia Romagna Grand Prix,Q,NOR,14.0,9.0,clear_violation,324.0,110.0,237.88320305579063,99.0,0.1180981595092024,77,652
2021,Emilia Romagna Grand Prix,Q,STR,16.0,15.0,clear_violation,320.0,109.0,230.4075365398327,100.0,0.1654247391952309,111,671
2021,Emilia Romagna Grand Prix,Q,STR,19.0,9.0,clear_violation,325.0,107.0,235.23207661768777,100.0,0.1765601217656012,116,657
2021,Emilia Romagna Grand Prix,Q,VET,10.0,15.0,clear_violation,325.0,105.0,233.84387400587008,100.0,0.1666666666666666,110,660
2021,Emilia Romagna Grand Prix,Q,LAT,2.0,15.0,clear_violation,325.0,110.0,231.49223954056404,100.0,0.1766467065868263,118,668
2021,Emilia Romagna Grand Prix,Q,GIO,2.0,9.0,clear_violation,322.0,105.0,230.1521696020361,100.0,0.1553254437869822,105,676
2021,Emilia Romagna Grand Prix,Q,MSC,9.0,9.0,clear_violation,321.0,107.0,231.74083569958768,100.0,0.1524663677130044,102,669
2021,Emilia Romagna Grand Prix,Q,NOR,6.0,3.0,no_advantage,329.0,71.0,203.56601221058725,99.0,0.1684210526315789,128,760
2021,Emilia Romagna Grand Prix,Q,NOR,9.0,15.0,no_advantage,297.0,66.0,176.09693232963298,99.0,0.1771428571428571,155,875
2021,Emilia Romagna Grand Prix,R,ALO,47.0,9.0,clear_violation,303.0,100.0,221.15129552445237,100.0,0.1671428571428571,117,700
2021,Emilia Romagna Grand Prix,R,TSU,40.0,9.0,clear_violation,303.0,99.0,220.98842257135104,100.0,0.1747851002865329,122,698
2021,Emilia Romagna Grand Prix,R,TSU,43.0,9.0,clear_violation,306.0,99.0,222.09964057964288,100.0,0.1683453237410072,117,695
2021,Emilia Romagna Grand Prix,R,TSU,44.0,15.0,clear_violation,306.0,97.0,221.26648977435815,100.0,0.16,112,700
2021,Emilia Romagna Grand Prix,R,TSU,53.0,9.0,clear_violation,303.0,99.0,221.91344134110756,100.0,0.1621233859397417,113,697
2021,Emilia Romagna Grand Prix,R,RIC,58.0,15.0,clear_violation,297.0,98.0,221.49029563924395,100.0,0.1358381502890173,94,692
2021,Emilia Romagna Grand Prix,R,MSC,37.0,9.0,clear_violation,308.0,96.0,211.4741125258263,100.0,0.2281420765027322,167,732
2021,Emilia Romagna Grand Prix,R,GIO,54.0,9.0,clear_violation,299.0,102.0,222.51488194305333,100.0,0.1580459770114942,110,696
2021,Emilia Romagna Grand Prix,R,VER,9.0,2.0,no_advantage,295.0,83.0,193.87114156989696,100.0,0.2267002518891687,180,794
2021,Emilia Romagna Grand Prix,R,LAT,1.0,14.0,no_advantage,259.0,0.0,121.01807897167102,100.0,0.3381123058542413,283,837
2021,Emilia Romagna Grand Prix,R,SAI,12.0,7.0,no_advantage,301.0,79.0,196.8388612348792,100.0,0.2599231754161332,203,781
2021,French Grand Prix,FP1,RAI,3.0,2.0,no_advantage,326.0,53.0,160.7009299096495,100.0,0.1450044208664898,164,1131
2021,French Grand Prix,FP1,SAI,5.0,4.0,no_advantage,317.0,77.0,218.2705585525727,100.0,0.1598557692307692,133,832
2021,French Grand Prix,FP1,GAS,5.0,2.0,no_advantage,314.0,62.0,157.0399049734121,100.0,0.1348314606741573,156,1157
2021,French Grand Prix,FP1,RAI,14.0,6.0,no_advantage,301.4750016,0.0,127.32408884951596,100.0,0.2004204625087596,286,1427
2021,French Grand Prix,FP1,NIS,12.0,7.0,no_advantage,324.0,72.0,211.9560751115009,100.0,0.1783216783216783,153,858
2021,French Grand Prix,FP1,SAI,20.0,11.0,no_advantage,304.0,51.0,206.05500159289423,100.0,0.1717514124293785,152,885
2021,French Grand Prix,FP2,TSU,1.0,6.0,no_advantage,299.8833322666666,37.0,146.12957054013566,100.0,0.1286173633440514,160,1244
2021,French Grand Prix,FP2,NOR,1.0,6.0,no_advantage,298.8374976,0.0,124.14551727583066,100.0,0.165983606557377,243,1464
2021,French Grand Prix,FP2,SAI,1.0,6.0,no_advantage,302.0,27.0,132.69121764149975,100.0,0.1518895348837209,209,1376
2021,French Grand Prix,FP2,MSC,4.0,2.0,no_advantage,321.0,41.0,173.19900893230002,100.0,0.1864890580399619,196,1051
2021,French Grand Prix,FP2,LEC,8.0,6.0,no_advantage,298.0,43.0,138.7048208987342,100.0,0.1570121951219512,206,1312
2021,French Grand Prix,FP2,MAZ,13.0,7.0,no_advantage,303.0,72.0,165.2122185367165,100.0,0.1609090909090909,177,1100
2021,French Grand Prix,FP2,VER,17.0,6.0,no_advantage,308.0,69.0,205.36057689305477,100.0,0.1866515837104072,165,884
2021,French Grand Prix,FP3,NOR,2.0,6.0,clear_violation,319.0,74.0,221.64703438147936,100.0,0.1638141809290953,134,818
2021,French Grand Prix,FP3,RAI,7.0,6.0,clear_violation,321.0,78.0,222.9665271108464,100.0,0.1774785801713586,145,817
2021,French Grand Prix,FP3,MAZ,9.0,6.0,clear_violation,324.0,67.0,219.77665468688167,100.0,0.1944444444444444,161,828
2021,French Grand Prix,FP3,GAS,2.0,6.0,clear_violation,322.0,78.0,220.99919090125292,100.0,0.1545012165450121,127,822
2021,French Grand Prix,FP3,TSU,7.0,6.0,clear_violation,321.0,78.0,222.5533452071257,100.0,0.1717791411042944,140,815
2021,French Grand Prix,FP3,TSU,15.0,6.0,clear_violation,323.0,74.0,224.14033111697333,100.0,0.1750924784217016,142,811
2021,French Grand Prix,FP3,VER,5.0,6.0,clear_violation,323.0,81.0,225.80227891712588,100.0,0.1706102117061021,137,803
2021,French Grand Prix,FP3,SAI,2.0,6.0,clear_violation,315.0,72.0,219.8747392664212,100.0,0.1594202898550724,132,828
2021,French Grand Prix,FP3,SAI,16.0,6.0,clear_violation,321.0,77.0,224.53147198410005,100.0,0.1569839307787391,127,809
2021,French Grand Prix,FP3,GIO,8.0,6.0,clear_violation,320.0,79.0,222.48108004356524,100.0,0.150735294117647,123,816
2021,French Grand Prix,FP3,GIO,7.0,2.0,no_advantage,301.0999978666667,0.0,133.5371869094223,100.0,0.1950146627565982,266,1364
2021,French Grand Prix,FP3,MAZ,6.0,2.0,no_advantage,301.18333226666664,60.0,151.54282608644522,100.0,0.1388196176226101,167,1203
2021,French Grand Prix,FP3,BOT,7.0,2.0,no_advantage,299.81592193143786,60.0,157.56087347232022,100.0,0.1668107173725151,193,1157
2021,French Grand Prix,FP3,SAI,9.0,2.0,no_advantage,298.95833066666665,60.0,142.75189609974805,100.0,0.1012558869701726,129,1274
2021,French Grand Prix,Q,GAS,15.0,6.0,clear_violation,328.0,83.0,227.9125184598435,100.0,0.1591478696741854,127,798
2021,French Grand Prix,Q,GAS,18.0,6.0,clear_violation,325.0,81.0,227.75695757036684,100.0,0.1614518147684605,129,799
2021,French Grand Prix,Q,STR,3.0,6.0,clear_violation,323.0,71.0,225.747077580728,100.0,0.1926952141057934,153,794
2021,French Grand Prix,Q,NOR,8.0,6.0,clear_violation,323.0,79.0,227.4232473416412,100.0,0.16875,135,800
2021,French Grand Prix,Q,MAZ,4.0,2.0,no_advantage,325.0,75.0,222.87071347720865,100.0,0.1826086956521739,147,805
2021,French Grand Prix,Q,VET,5.0,2.0,no_advantage,304.2916672,60.0,145.40108120030573,100.0,0.0756578947368421,92,1216
2021,French Grand Prix,Q,SAI,8.0,2.0,no_advantage,300.0,25.0,130.33446489419435,100.0,0.1261648745519713,176,1395
2021,French Grand Prix,Q,VER,11.0,2.0,no_advantage,306.4249984,60.0,166.92794704252978,100.0,0.1629834254143646,177,1086
2021,French Grand Prix,R,GIO,13.0,6.0,clear_violation,331.0,71.0,204.5947792691585,100.0,0.2067415730337078,184,890
2021,French Grand Prix,R,NOR,30.0,11.0,no_advantage,322.0,69.0,209.25782741501777,100.0,0.188235294117647,160,850
2021,Hungarian Grand Prix,FP1,MAZ,10.0,11.0,clear_violation,311.0,83.0,189.64955426070196,100.0,0.2489626556016597,180,723
2021,Hungarian Grand Prix,FP1,MSC,21.0,4.0,clear_violation,292.0,84.0,176.3605769721452,100.0,0.230566534914361,175,759
2021,Hungarian Grand Prix,FP1,GIO,2.0,4.0,clear_violation,316.0,89.0,186.5595352595681,100.0,0.2269021739130435,167,736
2021,Hungarian Grand Prix,FP2,MAZ,2.0,11.0,clear_violation,311.0,91.0,188.7596372186971,100.0,0.2407152682255846,175,727
2021,Hungarian Grand Prix,FP2,HAM,20.0,11.0,clear_violation,298.0,79.0,170.01459963406603,100.0,0.1830635118306351,147,803
2021,Hungarian Grand Prix,FP2,GIO,12.0,11.0,clear_violation,314.0,96.0,198.0518294970774,100.0,0.1976911976911977,137,693
2021,Hungarian Grand Prix,FP3,RAI,20.0,11.0,clear_violation,318.0,45.0,176.18329106537044,100.0,0.22007722007722,171,777
2021,Hungarian Grand Prix,FP3,GIO,10.0,11.0,clear_violation,314.0,92.0,197.3008445146333,100.0,0.2324246771879483,162,697
2021,Hungarian Grand Prix,R,RUS,5.0,,no_advantage,306.0,83.0,179.73626152680745,100.0,0.2832674571805006,215,759
2021,Hungarian Grand Prix,R,TSU,10.0,,no_advantage,324.0,76.0,185.34936694288547,100.0,0.2288021534320323,170,743
2021,Hungarian Grand Prix,R,VER,14.0,1.0,no_advantage,325.0,85.0,184.70494831451504,100.0,0.2570659488559892,191,743
2021,Italian Grand Prix,FP1,RIC,24.0,11.0,clear_violation,333.0,70.0,255.1002588031933,99.0,0.1053370786516853,75,712
2021,Italian Grand Prix,FP1,RIC,25.0,11.0,clear_violation,313.0,47.0,150.2139285428621,99.0,0.096106048053024,116,1207
2021,Italian Grand Prix,FP1,NOR,24.0,11.0,clear_violation,338.0,68.0,255.49288275899087,100.0,0.1227080394922426,87,709
2021,Italian Grand Prix,FP1,NOR,25.0,11.0,clear_violation,313.6458325333333,45.0,156.80847290867436,99.0,0.157167530224525,182,1158
2021,Italian Grand Prix,FP1,GAS,23.0,11.0,clear_violation,314.25833386666665,41.0,155.38744392345438,100.0,0.1602399314481576,187,1167
2021,Italian Grand Prix,FP1,GAS,24.0,11.0,clear_violation,344.0,57.0,196.48754653643,100.0,0.1538461538461538,142,923
2021,Italian Grand Prix,FP1,GAS,27.0,11.0,clear_violation,337.0,64.0,251.75700979185308,100.0,0.1263888888888888,91,720
2021,Italian Grand Prix,FP1,ALO,12.0,11.0,clear_violation,332.0,66.0,247.870680310632,100.0,0.1133879781420765,83,732
2021,Italian Grand Prix,FP1,ALO,13.0,11.0,clear_violation,323.0,64.0,210.47907279008191,100.0,0.1955762514551804,168,859
2021,Italian Grand Prix,FP1,LEC,4.0,5.0,clear_violation,332.0,51.0,237.3848620788928,100.0,0.1402359108781127,107,763
2021,Italian Grand Prix,FP1,LEC,11.0,11.0,clear_violation,340.0,64.0,252.7008447356663,100.0,0.1236111111111111,89,720
2021,Italian Grand Prix,FP1,LEC,12.0,11.0,clear_violation,327.0,50.0,177.5310215286434,100.0,0.1311154598825831,134,1022
2021,Italian Grand Prix,FP1,LEC,22.0,11.0,clear_violation,338.0,67.0,253.68101182988227,100.0,0.1314685314685314,94,715
2021,Italian Grand Prix,FP1,LEC,23.0,11.0,clear_violation,319.0,50.0,148.24871261275717,100.0,0.1276422764227642,157,1230
2021,Italian Grand Prix,FP1,TSU,25.0,11.0,clear_violation,333.0,67.0,250.2593892730986,100.0,0.1172413793103448,85,725
2021,Italian Grand Prix,FP1,TSU,26.0,11.0,clear_violation,310.0,56.0,162.64738617652424,100.0,0.1399103139013452,156,1115
2021,Italian Grand Prix,FP1,MSC,12.0,11.0,clear_violation,333.0,69.0,245.112151576632,100.0,0.1241565452091768,92,741
2021,Italian Grand Prix,FP1,MSC,13.0,11.0,clear_violation,316.0,60.0,190.50023376583363,100.0,0.1631799163179916,156,956
2021,Italian Grand Prix,FP1,SAI,25.0,11.0,clear_violation,333.0,67.0,251.4542057397467,100.0,0.1217150760719225,88,723
2021,Italian Grand Prix,FP2,NOR,16.0,11.0,clear_violation,351.0,62.0,240.36246764828903,100.0,0.1489071038251366,109,732
2021,Italian Grand Prix,FP2,NOR,17.0,11.0,clear_violation,328.0,66.0,240.79539421550783,100.0,0.1288180610889774,97,753
2021,Italian Grand Prix,FP2,VET,21.0,11.0,clear_violation,326.0,66.0,243.0665286539953,100.0,0.1243243243243243,92,740
2021,Italian Grand Prix,FP2,VET,22.0,11.0,clear_violation,323.0,65.0,239.3949884396584,100.0,0.1327077747989276,99,746
2021,Italian Grand Prix,FP2,MAZ,11.0,11.0,clear_violation,320.0,64.0,236.33051183742893,100.0,0.1488250652741514,114,766
2021,Italian Grand Prix,FP2,MAZ,12.0,11.0,clear_violation,324.0,54.0,236.21775651463167,100.0,0.1618798955613577,124,766
2021,Italian Grand Prix,FP2,HAM,23.0,5.0,clear_violation,320.0,65.0,240.02959366845815,100.0,0.1577540106951871,118,748
2021,Italian Grand Prix,FP2,MSC,3.0,5.0,clear_violation,333.0,68.0,232.56082509877496,100.0,0.1485275288092189,116,781
2021,Italian Grand Prix,FP2,SAI,12.0,11.0,clear_violation,323.0,65.0,239.40751099904244,100.0,0.129287598944591,98,758
2021,Italian Grand Prix,FP2,SAI,13.0,11.0,clear_violation,326.0,65.0,222.4603584619711,100.0,0.1496932515337423,122,815
2021,Italian Grand Prix,FP2,BOT,5.0,5.0,clear_violation,324.0,42.0,233.9986648422708,100.0,0.1413748378728923,109,771
2021,Italian Grand Prix,Q,NOR,5.0,11.0,clear_violation,335.0,66.0,255.6005819647346,100.0,0.1167369901547116,83,711
2021,Italian Grand Prix,Q,STR,3.0,5.0,clear_violation,305.0,59.0,160.34399565617275,100.0,0.2385159010600706,270,1132
2021,Italian Grand Prix,Q,TSU,8.0,11.0,clear_violation,332.0,71.0,254.1574219380556,100.0,0.1104895104895104,79,715
2021,Italian Grand Prix,Q,LEC,6.0,,no_advantage,304.0,72.0,223.5887412887172,100.0,0.1271929824561403,58,456
2021,Italian Grand Prix,R,PER,32.0,5.0,clear_violation,349.0,63.0,239.53194121819573,100.0,0.1688654353562005,128,758
2021,Italian Grand Prix,R,ALO,44.0,11.0,clear_violation,329.0,65.0,196.33449218888927,100.0,0.1540130151843818,142,922
2021,Italian Grand Prix,R,ALO,45.0,11.0,clear_violation,332.0,61.0,239.06206400561456,100.0,0.1306068601583113,99,758
2021,Italian Grand Prix,R,ALO,46.0,11.0,clear_violation,330.0,60.0,239.32601001442785,100.0,0.1311258278145695,99,755
2021,Italian Grand Prix,R,RIC,5.0,11.0,clear_violation,320.0,64.0,239.75179638700584,99.0,0.1178807947019867,89,755
2021,Italian Grand Prix,R,RIC,6.0,11.0,clear_violation,322.0,64.0,239.58269194639783,99.0,0.1273209549071618,96,754
2021,Italian Grand Prix,R,NOR,11.0,11.0,clear_violation,329.0,63.0,238.8645703864338,100.0,0.1477572559366754,112,758
2021,Italian Grand Prix,R,NOR,12.0,11.0,clear_violation,336.0,58.0,236.97870239910367,100.0,0.1585845347313237,121,763
2021,Italian Grand Prix,R,NOR,31.0,11.0,clear_violation,348.0,54.0,238.95076571758375,100.0,0.1644736842105263,125,760
2021,Italian Grand Prix,R,MSC,32.0,5.0,clear_violation,337.0,0.0,211.00756327866657,100.0,0.1600928074245939,138,862
2021,Italian Grand Prix,R,VET,45.0,11.0,clear_violation,353.0,52.0,239.55192173661845,100.0,0.154353562005277,117,758
2021,Italian Grand Prix,R,VET,46.0,11.0,clear_violation,319.0,60.0,239.3815287209328,100.0,0.1549668874172185,117,755
2021,Italian Grand Prix,R,RUS,45.0,11.0,clear_violation,345.0,53.0,237.7793376262653,100.0,0.1743119266055046,133,763
2021,Italian Grand Prix,R,RUS,46.0,11.0,clear_violation,337.0,60.0,239.16032116859685,100.0,0.1706349206349206,129,756
2021,Italian Grand Prix,R,MAZ,2.0,5.0,clear_violation,343.0,51.0,230.33301594727976,100.0,0.2010178117048346,158,786
2021,Italian Grand Prix,R,HAM,4.0,4.0,no_advantage,329.0,64.0,240.2902966469193,100.0,0.1551724137931034,117,754
2021,Italian Grand Prix,R,ALO,7.0,5.0,no_advantage,326.0,63.0,235.89770991401105,100.0,0.1344647519582245,103,766
2021,Italian Grand Prix,R,VER,22.0,2.0,no_advantage,333.0,62.0,237.103494217684,100.0,0.1594771241830065,122,765
2021,Italian Grand Prix,S,NOR,6.0,11.0,clear_violation,337.0,65.0,244.189135782907,100.0,0.1376518218623481,102,741
2021,Italian Grand Prix,S,NOR,7.0,11.0,clear_violation,338.0,61.0,243.9682793132121,100.0,0.1415094339622641,105,742
2021,Italian Grand Prix,S,TSU,3.0,5.0,no_advantage,319.34166826666666,44.0,160.7084960067578,100.0,0.2059086839749328,230,1117
2021,Italian Grand Prix,SQ,NOR,6.0,11.0,clear_violation,337.0,65.0,244.189135782907,100.0,0.1376518218623481,102,741
2021,Italian Grand Prix,SQ,NOR,7.0,11.0,clear_violation,338.0,61.0,243.9682793132121,100.0,0.1415094339622641,105,742
2021,Italian Grand Prix,SQ,TSU,3.0,5.0,no_advantage,319.34166826666666,44.0,160.7084960067578,100.0,0.2059086839749328,230,1117
2021,Mexico City Grand Prix,FP1,STR,5.0,11.0,clear_violation,344.0,57.0,186.7776714045446,100.0,0.2472067039106145,177,716
2021,Mexico City Grand Prix,FP1,MSC,2.0,11.0,clear_violation,339.0,61.0,173.250593739499,100.0,0.2487046632124352,192,772
2021,Mexico City Grand Prix,FP1,BOT,9.0,12.0,no_advantage,343.0,49.0,177.28081796302513,100.0,0.1494708994708994,113,756
2021,Mexico City Grand Prix,FP1,ALO,14.0,12.0,no_advantage,339.0,63.0,185.04041963494632,100.0,0.1837016574585635,133,724
2021,Mexico City Grand Prix,FP1,OCO,10.0,4.0,no_advantage,293.0,38.0,143.9618523394116,100.0,0.19656283566058,183,931
2021,Mexico City Grand Prix,FP1,STR,13.0,12.0,no_advantage,347.0,44.0,170.9766533254907,100.0,0.2135549872122762,167,782
2021,Mexico City Grand Prix,FP1,BOT,17.0,13.0,no_advantage,345.0,39.0,168.6536815265762,100.0,0.2233375156838143,178,797
2021,Mexico City Grand Prix,FP1,PER,13.0,12.0,no_advantage,338.0,57.0,182.72442267257,100.0,0.2021857923497267,148,732
2021,Mexico City Grand Prix,FP1,NOR,21.0,4.0,no_advantage,323.0,61.0,182.1814392474033,98.0,0.2182810368349249,160,733
2021,Mexico City Grand Prix,FP1,LEC,17.0,12.0,no_advantage,339.0,46.0,182.4069659535744,100.0,0.1989100817438692,146,734
2021,Mexico City Grand Prix,FP2,LAT,2.0,11.0,clear_violation,341.0,61.0,189.13485200289944,100.0,0.2292545710267229,163,711
2021,Mexico City Grand Prix,FP2,MAZ,23.0,11.0,clear_violation,321.0,59.0,180.23687596022447,100.0,0.261455525606469,194,742
2021,Mexico City Grand Prix,FP2,MAZ,26.0,11.0,clear_violation,321.0,64.0,182.51142813976324,100.0,0.2673942701227831,196,733
2021,Mexico City Grand Prix,FP2,STR,2.0,12.0,no_advantage,350.0,57.0,189.49259298913609,100.0,0.2372881355932203,168,708
2021,Mexico City Grand Prix,FP2,BOT,5.0,1.0,no_advantage,302.0,57.0,149.15707804885923,100.0,0.2436040044493882,219,899
2021,Mexico City Grand Prix,FP2,HAM,6.0,1.0,no_advantage,300.0,45.0,136.81559074948134,100.0,0.1736465781409601,170,979
2021,Mexico City Grand Prix,FP2,MAZ,12.0,12.0,no_advantage,345.0,63.0,187.80108209283827,100.0,0.2542613636363636,179,704
2021,Mexico City Grand Prix,FP2,MSC,17.0,12.0,no_advantage,319.0,62.0,176.96048683342343,100.0,0.2189973614775725,166,758
2021,Mexico City Grand Prix,FP2,LAT,10.0,16.0,no_advantage,319.0,0.0,139.32081882049246,100.0,0.2814122533748702,271,963
2021,Mexico City Grand Prix,FP2,VET,24.0,12.0,no_advantage,324.0,62.0,185.86555403474296,100.0,0.2222222222222222,160,720
2021,Mexico City Grand Prix,FP3,NOR,6.0,1.0,clear_violation,339.0,62.0,177.67182278859232,100.0,0.2201591511936339,166,754
2021,Mexico City Grand Prix,FP3,NOR,11.0,1.0,clear_violation,339.0,37.0,142.3677875685282,100.0,0.1627659574468085,153,940
2021,Mexico City Grand Prix,FP3,MAZ,5.0,11.0,clear_violation,302.0,45.0,134.82119424873673,100.0,0.19,190,1000
2021,Mexico City Grand Prix,FP3,ALO,10.0,12.0,clear_violation,361.0,61.0,194.59822567631795,100.0,0.2089985486211901,144,689
2021,Mexico City Grand Prix,FP3,LEC,2.0,8.0,no_advantage,340.0,58.0,171.77119660310424,100.0,0.2206451612903225,171,775
2021,Mexico City Grand Prix,FP3,MAZ,2.0,8.0,no_advantage,341.0,59.0,179.49593895535497,100.0,0.2606951871657754,195,748
2021,Mexico City Grand Prix,FP3,GAS,4.0,12.0,no_advantage,306.0,53.0,165.6317110740887,100.0,0.207663782447466,168,809
2021,Mexico City Grand Prix,FP3,STR,10.0,12.0,no_advantage,343.0,61.0,192.10071015552467,100.0,0.2177650429799427,152,698
2021,Mexico City Grand Prix,FP3,VET,7.0,12.0,no_advantage,344.0,57.0,185.4196457367814,100.0,0.1939058171745152,140,722
2021,Mexico City Grand Prix,FP3,ALO,10.0,12.0,no_advantage,361.0,61.0,194.59822567631795,100.0,0.2089985486211901,144,689
2021,Mexico City Grand Prix,FP3,VET,16.0,12.0,no_advantage,342.0,60.0,175.7535869264289,100.0,0.1944444444444444,147,756
2021,Mexico City Grand Prix,Q,TSU,15.0,11.0,clear_violation,340.0,60.0,138.89593307507047,100.0,0.1671858774662513,161,963
2021,Mexico City Grand Prix,Q,MSC,2.0,12.0,clear_violation,340.0,58.0,188.4515997131845,100.0,0.2159887798036465,154,713
2021,Mexico City Grand Prix,Q,SAI,5.0,12.0,no_advantage,344.0,64.0,195.10463717528015,100.0,0.2111436950146627,144,682
2021,Mexico City Grand Prix,Q,GIO,12.0,7.0,no_advantage,286.0,61.0,143.53606038236447,100.0,0.2242489270386266,209,932
2021,Mexico City Grand Prix,Q,NOR,17.0,1.0,no_advantage,347.0,60.0,168.3366132424564,99.0,0.2065491183879093,164,794
2021,Mexico City Grand Prix,R,MAZ,33.0,11.0,clear_violation,326.0,60.0,182.43776311401808,100.0,0.2398884239888424,172,717
2021,Monaco Grand Prix,FP1,LAT,32.0,10.0,clear_violation,281.0,46.0,151.70144875852156,100.0,0.3049853372434017,208,682
2021,Monaco Grand Prix,FP1,MAZ,17.0,10.0,clear_violation,268.63333546666667,41.0,120.94427895867388,99.0,0.0,0,855
2021,Monaco Grand Prix,FP1,MAZ,28.0,10.0,clear_violation,272.0,29.0,125.6207799948846,99.0,0.0,0,820
2021,Monaco Grand Prix,FP1,PER,27.0,10.0,clear_violation,273.0,39.0,124.18642797657198,100.0,0.2524038461538461,210,832
2021,Monaco Grand Prix,FP1,PER,29.0,10.0,clear_violation,271.0,39.0,117.7922496774134,100.0,0.2522831050228311,221,876
2021,Monaco Grand Prix,FP1,ALO,30.0,10.0,clear_violation,284.0,46.0,148.1408475836693,100.0,0.2818311874105865,197,699
2021,Monaco Grand Prix,FP1,HAM,9.0,10.0,clear_violation,270.43749866666667,46.0,143.12109527491197,100.0,0.3208333333333333,231,720
2021,Monaco Grand Prix,FP1,SAI,12.0,10.0,clear_violation,281.0,45.0,147.36840699914325,100.0,0.2204836415362731,155,703
2021,Monaco Grand Prix,FP1,SAI,27.0,10.0,clear_violation,278.0,39.0,126.52817680139673,100.0,0.2053789731051344,168,818
2021,Monaco Grand Prix,FP1,RUS,14.0,10.0,clear_violation,276.0,41.0,139.9748585315138,100.0,0.2100271002710027,155,738
2021,Monaco Grand Prix,FP1,GIO,23.0,10.0,clear_violation,276.0,47.0,137.75702060163766,100.0,0.2931726907630522,219,747
2021,Monaco Grand Prix,FP1,RAI,14.0,1.0,no_advantage,288.0,47.0,138.72486393622813,100.0,0.2768817204301075,206,744
2021,Monaco Grand Prix,FP1,ALO,19.0,1.0,no_advantage,270.0,23.0,137.88504226124064,100.0,0.2663989290495314,199,747
2021,Monaco Grand Prix,FP2,NOR,20.0,10.0,clear_violation,279.0,42.0,139.2443233127379,100.0,0.2547169811320754,189,742
2021,Monaco Grand Prix,FP2,VET,7.0,10.0,clear_violation,279.0,27.0,112.91620096494242,100.0,0.2306010928961748,211,915
2021,Monaco Grand Prix,FP2,VET,14.0,10.0,clear_violation,285.0,46.0,133.59658828661554,100.0,0.2805194805194805,216,770
2021,Monaco Grand Prix,FP2,VET,18.0,10.0,clear_violation,269.45,30.0,108.07131103921904,100.0,0.2450261780104712,234,955
2021,Monaco Grand Prix,FP2,MAZ,15.0,10.0,clear_violation,281.0,32.0,105.2242858534921,98.0,0.0,0,987
2021,Monaco Grand Prix,FP2,MAZ,22.0,10.0,clear_violation,278.0,45.0,149.3776232275049,99.0,0.0,0,693
2021,Monaco Grand Prix,FP2,PER,7.0,10.0,clear_violation,279.0,37.0,124.71318945967325,100.0,0.2898550724637681,240,828
2021,Monaco Grand Prix,FP2,PER,14.0,10.0,clear_violation,268.0916672,30.0,127.9260150767643,100.0,0.2855377008652657,231,809
2021,Monaco Grand Prix,FP2,PER,16.0,10.0,clear_violation,279.0,37.0,112.13865510730638,100.0,0.2383025027203482,219,919
2021,Monaco Grand Prix,FP2,PER,18.0,10.0,clear_violation,267.28333226666666,34.0,114.19498768717402,100.0,0.2713178294573643,245,903
2021,Monaco Grand Prix,FP2,LEC,6.0,10.0,clear_violation,284.0,31.0,135.15680032346427,100.0,0.3045751633986928,233,765
2021,Monaco Grand Prix,FP2,LEC,26.0,10.0,clear_violation,277.0,44.0,134.6935687140912,100.0,0.3050847457627119,234,767
2021,Monaco Grand Prix,FP2,STR,8.0,10.0,clear_violation,279.0,37.0,116.17786993235556,100.0,0.2283464566929134,203,889
2021,Monaco Grand Prix,FP2,STR,17.0,10.0,clear_violation,279.0,33.0,107.79997484201186,100.0,0.1561844863731656,149,954
2021,Monaco Grand Prix,FP2,TSU,8.0,10.0,clear_violation,284.0,39.0,124.79053998001608,100.0,0.2405832320777642,198,823
2021,Monaco Grand Prix,FP2,OCO,16.0,10.0,clear_violation,274.0,32.0,105.81053820959232,100.0,0.3138461538461538,306,975
2021,Monaco Grand Prix,FP2,HAM,4.0,10.0,clear_violation,282.0,42.0,140.32272201116152,100.0,0.2934782608695652,216,736
2021,Monaco Grand Prix,FP2,HAM,16.0,10.0,clear_violation,283.0,44.0,130.71965739605477,100.0,0.2351453855878634,186,791
2021,Monaco Grand Prix,FP2,HAM,19.0,10.0,clear_violation,278.0,47.0,125.30443797823186,100.0,0.3211678832116788,264,822
2021,Monaco Grand Prix,FP2,HAM,20.0,10.0,clear_violation,282.0,46.0,149.52050755269337,100.0,0.291907514450867,202,692
2021,Monaco Grand Prix,FP2,HAM,24.0,10.0,clear_violation,277.0,48.0,153.40472593573594,100.0,0.2925373134328358,196,670
2021,Monaco Grand Prix,FP2,SAI,6.0,10.0,clear_violation,285.0,28.0,139.12083448420358,100.0,0.2255033557046979,168,745
2021,Monaco Grand Prix,FP2,SAI,10.0,10.0,clear_violation,276.0,37.0,128.51206993059128,100.0,0.241635687732342,195,807
2021,Monaco Grand Prix,FP2,SAI,20.0,10.0,clear_violation,272.9375008,29.0,114.41097336932336,100.0,0.2397790055248618,217,905
2021,Monaco Grand Prix,FP2,RUS,4.0,10.0,clear_violation,271.0,43.0,143.0354063250892,100.0,0.2468965517241379,179,725
2021,Monaco Grand Prix,FP2,RUS,16.0,10.0,clear_violation,270.04166933333335,35.0,122.13716596561974,100.0,0.2056737588652482,174,846
2021,Monaco Grand Prix,FP2,BOT,17.0,10.0,clear_violation,282.0,48.0,156.68080594803612,100.0,0.2712121212121212,179,660
2021,Monaco Grand Prix,FP3,RIC,9.0,10.0,clear_violation,281.0,43.0,137.14063044351428,100.0,0.1117021276595744,84,752
2021,Monaco Grand Prix,FP3,RIC,11.0,10.0,clear_violation,284.0,43.0,129.3090161426669,100.0,0.1360799001248439,109,801
2021,Monaco Grand Prix,FP3,RIC,15.0,10.0,clear_violation,279.0,45.0,153.9772807567984,100.0,0.180327868852459,121,671
2021,Monaco Grand Prix,FP3,RIC,17.0,10.0,clear_violation,277.0,38.0,125.08340934624674,100.0,0.1426844014510278,118,827
2021,Monaco Grand Prix,FP3,RIC,23.0,10.0,clear_violation,288.0,44.0,150.045534218718,100.0,0.2122093023255813,146,688
2021,Monaco Grand Prix,FP3,VET,7.0,10.0,clear_violation,270.1714304,35.0,110.06360278636284,100.0,0.2513312034078807,236,939
2021,Monaco Grand Prix,FP3,VET,11.0,10.0,clear_violation,280.0,43.0,129.04525195515873,100.0,0.25625,205,800
2021,Monaco Grand Prix,FP3,LAT,3.0,10.0,clear_violation,286.0,47.0,147.8500186116406,100.0,0.2928571428571428,205,700
2021,Monaco Grand Prix,FP3,RAI,8.0,10.0,clear_violation,274.4500010666667,21.0,134.50550292916697,100.0,0.2555410691003911,196,767
2021,Monaco Grand Prix,FP3,RAI,10.0,10.0,clear_violation,288.0,30.0,120.51041659667057,100.0,0.2983682983682983,256,858
2021,Monaco Grand Prix,FP3,MAZ,15.0,10.0,clear_violation,284.0,47.0,155.1579950201244,100.0,0.0,0,667
2021,Monaco Grand Prix,FP3,PER,9.0,10.0,clear_violation,277.0,22.0,110.74115461917364,100.0,0.2607296137339056,243,932
2021,Monaco Grand Prix,FP3,LEC,4.0,10.0,clear_violation,281.0,41.0,128.3249296763609,100.0,0.2779156327543424,224,806
2021,Monaco Grand Prix,FP3,LEC,10.0,10.0,clear_violation,286.0,34.0,127.580962786587,100.0,0.2428748451053283,196,807
2021,Monaco Grand Prix,FP3,LEC,14.0,10.0,clear_violation,284.0,32.0,121.712805466107,100.0,0.2702702702702703,230,851
2021,Monaco Grand Prix,FP3,LEC,19.0,10.0,clear_violation,282.0,30.0,126.94091256818298,100.0,0.2723926380368098,222,815
2021,Monaco Grand Prix,FP3,LEC,25.0,10.0,clear_violation,273.2250016,39.0,114.62349440112494,100.0,0.2364039955604883,213,901
2021,Monaco Grand Prix,FP3,STR,21.0,10.0,clear_violation,279.0,32.0,118.0160496297607,99.0,0.2365714285714285,207,875
2021,Monaco Grand Prix,FP3,OCO,16.0,10.0,clear_violation,277.0,26.0,124.31312595885164,100.0,0.2777777777777778,230,828
2021,Monaco Grand Prix,FP3,VER,9.0,10.0,clear_violation,278.0,39.0,121.72097257767344,100.0,0.2237926972909305,190,849
2021,Monaco Grand Prix,FP3,VER,15.0,10.0,clear_violation,290.0,29.0,149.97111365391285,100.0,0.244927536231884,169,690
2021,Monaco Grand Prix,FP3,VER,17.0,10.0,clear_violation,279.0,28.0,119.26709022264006,100.0,0.2664359861591695,231,867
2021,Monaco Grand Prix,FP3,HAM,6.0,10.0,clear_violation,274.0,47.0,139.49147366790595,100.0,0.3122476446837147,232,743
2021,Monaco Grand Prix,FP3,HAM,16.0,10.0,clear_violation,286.0,17.0,143.66945372220468,100.0,0.3005540166204986,217,722
2021,Monaco Grand Prix,FP3,HAM,18.0,10.0,clear_violation,284.0,47.0,153.5331162821996,100.0,0.2878338278931751,194,674
2021,Monaco Grand Prix,FP3,SAI,6.0,10.0,clear_violation,277.0,32.0,111.53041652007644,100.0,0.2105263157894736,196,931
2021,Monaco Grand Prix,FP3,SAI,7.0,10.0,clear_violation,286.0,47.0,150.5936134992903,100.0,0.2441860465116279,168,688
2021,Monaco Grand Prix,FP3,SAI,18.0,10.0,clear_violation,281.0,28.0,133.6150075428073,100.0,0.2364341085271318,183,774
2021,Monaco Grand Prix,FP3,SAI,26.0,10.0,clear_violation,277.0,38.0,119.16025256897828,100.0,0.2039170506912442,177,868
2021,Monaco Grand Prix,FP3,RUS,6.0,10.0,clear_violation,281.0,32.0,113.09238316240992,100.0,0.1956284153005464,179,915
2021,Monaco Grand Prix,FP3,RUS,21.0,10.0,clear_violation,280.0,41.0,129.1360764625694,100.0,0.1822721598002497,146,801
2021,Monaco Grand Prix,FP3,BOT,4.0,10.0,clear_violation,275.0,37.0,138.3762978480258,100.0,0.2939597315436241,219,745
2021,Monaco Grand Prix,FP3,LEC,19.0,1.0,no_advantage,282.0,30.0,126.94091256818298,100.0,0.2723926380368098,222,815
2021,Monaco Grand Prix,FP3,BOT,13.0,1.0,no_advantage,271.57499946666667,45.0,136.84971832474247,100.0,0.309933774834437,234,755
2021,Monaco Grand Prix,Q,SAI,10.0,10.0,clear_violation,284.0,44.0,144.82632378160434,100.0,0.2343096234309623,168,717
2021,Monaco Grand Prix,Q,SAI,12.0,10.0,clear_violation,281.0,25.0,119.09013692186,100.0,0.1869266055045871,163,872
2021,Monaco Grand Prix,Q,SAI,16.0,10.0,clear_violation,286.0,34.0,136.65156356397188,100.0,0.2257217847769028,172,762
2021,Monaco Grand Prix,Q,HAM,10.0,10.0,clear_violation,286.0,37.0,139.04511194605251,100.0,0.3073825503355705,229,745
2021,Monaco Grand Prix,Q,HAM,21.0,10.0,clear_violation,284.0,48.0,155.1166657335817,100.0,0.2878560719640179,192,667
2021,Monaco Grand Prix,Q,VET,21.0,10.0,clear_violation,268.0,48.0,143.27980372900103,100.0,0.2559109874826147,184,719
2021,Monaco Grand Prix,Q,RAI,14.0,10.0,clear_violation,287.0,28.0,127.33445216876513,100.0,0.3083538083538084,251,814
2021,Monaco Grand Prix,Q,RUS,13.0,10.0,clear_violation,288.0,48.0,153.56280808672102,100.0,0.2270029673590504,153,674
2021,Monaco Grand Prix,Q,RAI,5.0,1.0,no_advantage,285.0,35.0,116.30850100300476,100.0,0.2895622895622896,258,891
2021,Monaco Grand Prix,R,NOR,10.0,10.0,clear_violation,282.0,42.0,153.10842345885715,99.0,0.2789317507418398,188,674
2021,Monaco Grand Prix,R,NOR,18.0,10.0,clear_violation,287.0,42.0,154.26077010244208,99.0,0.2645739910313901,177,669
2021,Monaco Grand Prix,R,GAS,19.0,10.0,clear_violation,284.0,47.0,152.97079458019016,100.0,0.2806499261447562,190,677
2021,Monaco Grand Prix,R,HAM,64.0,10.0,clear_violation,284.0,45.0,154.7892846729491,100.0,0.2705530642750374,181,669
2021,Monaco Grand Prix,R,STR,45.0,10.0,clear_violation,289.0,42.0,151.8997650046214,100.0,0.2781065088757396,188,676
2021,Monaco Grand Prix,R,GIO,37.0,10.0,clear_violation,283.0,44.0,156.50893667779724,100.0,0.2897897897897898,193,666
2021,Monaco Grand Prix,R,RIC,46.0,10.0,clear_violation,288.0,39.0,143.6068799026934,99.0,0.2813370473537604,202,718
2021,Monaco Grand Prix,R,RUS,56.0,10.0,clear_violation,287.0,46.0,141.7579369764952,100.0,0.2802197802197802,204,728
2021,Monaco Grand Prix,R,LAT,45.0,10.0,clear_violation,289.0,46.0,155.54159359417295,100.0,0.3063063063063063,204,666
2021,Monaco Grand Prix,R,LAT,56.0,10.0,clear_violation,286.0,47.0,153.22153478314888,100.0,0.3120356612184249,210,673
2021,Monaco Grand Prix,R,TSU,34.0,10.0,clear_violation,284.0,48.0,153.65010187740862,100.0,0.263001485884101,177,673
2021,Monaco Grand Prix,R,TSU,74.0,10.0,clear_violation,294.0,45.0,152.8675969095807,100.0,0.2644873699851411,178,673
2021,Monaco Grand Prix,R,MAZ,7.0,10.0,clear_violation,288.0,47.0,148.54912091171082,100.0,0.0,0,695
2021,Monaco Grand Prix,R,MAZ,12.0,10.0,clear_violation,287.0,47.0,150.14097358463906,100.0,0.0,0,690
2021,Monaco Grand Prix,R,MAZ,39.0,10.0,clear_violation,282.0,38.0,145.83923603982657,100.0,0.0,0,710
2021,Monaco Grand Prix,R,MAZ,42.0,10.0,clear_violation,284.0,40.0,146.76492550379913,100.0,0.0,0,703
2021,Monaco Grand Prix,R,MAZ,43.0,10.0,clear_violation,284.0,36.0,143.06159978159366,100.0,0.0,0,723
2021,Monaco Grand Prix,R,MAZ,46.0,10.0,clear_violation,287.0,46.0,143.25515553401644,100.0,0.0,0,717
2021,Monaco Grand Prix,R,MAZ,68.0,10.0,clear_violation,285.0,45.0,146.80681347992203,100.0,0.0,0,705
2021,Monaco Grand Prix,R,MSC,25.0,10.0,clear_violation,284.0,42.0,143.4833313297309,100.0,0.3101529902642559,223,719
2021,Monaco Grand Prix,R,MSC,26.0,10.0,clear_violation,267.0,44.0,141.59858424621405,100.0,0.3305898491083676,241,729
2021,Monaco Grand Prix,R,MSC,38.0,10.0,clear_violation,286.0,42.0,136.32286019504997,100.0,0.3311258278145695,250,755
2021,Monaco Grand Prix,R,MSC,39.0,10.0,clear_violation,284.0,28.0,139.76474169745353,100.0,0.3342318059299191,248,742
2021,Portuguese Grand Prix,FP1,RIC,7.0,1.0,clear_violation,310.0,69.0,199.0445458657631,99.0,0.1752717391304347,129,736
2021,Portuguese Grand Prix,FP1,NOR,20.0,4.0,clear_violation,316.0,73.0,206.0860703488748,100.0,0.1745810055865921,125,716
2021,Portuguese Grand Prix,FP1,VET,25.0,1.0,clear_violation,298.0,72.0,197.4372854590161,100.0,0.215528781793842,161,747
2021,Portuguese Grand Prix,FP1,VET,29.0,1.0,clear_violation,296.0,75.0,199.81078386711303,100.0,0.1872455902306648,138,737
2021,Portuguese Grand Prix,FP1,LAT,4.0,4.0,clear_violation,317.0,68.0,195.1780888390381,100.0,0.2290279627163781,172,751
2021,Portuguese Grand Prix,FP1,LAT,14.0,1.0,clear_violation,321.0,71.0,201.1876842699001,100.0,0.2176308539944903,158,726
2021,Portuguese Grand Prix,FP1,RAI,16.0,1.0,clear_violation,313.0,70.0,205.277515982716,100.0,0.2033426183844011,146,718
2021,Portuguese Grand Prix,FP1,MAZ,15.0,4.0,clear_violation,314.0,62.0,189.0836921101004,100.0,0.229086229086229,178,777
2021,Portuguese Grand Prix,FP1,MAZ,18.0,1.0,clear_violation,312.0,74.0,200.5578139004563,100.0,0.2160326086956521,159,736
2021,Portuguese Grand Prix,FP1,MAZ,22.0,1.0,clear_violation,293.0,73.0,191.8693447765751,100.0,0.2299741602067183,178,774
2021,Portuguese Grand Prix,FP1,MAZ,26.0,4.0,clear_violation,297.0,67.0,195.05290064540588,100.0,0.2318840579710145,176,759
2021,Portuguese Grand Prix,FP1,MAZ,27.0,4.0,clear_violation,297.0,72.0,195.4942594826096,100.0,0.2350597609561753,177,753
2021,Portuguese Grand Prix,FP1,MAZ,28.0,1.0,clear_violation,299.0,49.0,168.25576234221646,100.0,0.2883295194508009,252,874
2021,Portuguese Grand Prix,FP1,GAS,2.0,4.0,clear_violation,303.0,68.0,187.92084948358192,100.0,0.2209302325581395,171,774
2021,Portuguese Grand Prix,FP1,GAS,3.0,4.0,clear_violation,314.0,68.0,198.43173118901737,100.0,0.2068027210884353,152,735
2021,Portuguese Grand Prix,FP1,GAS,11.0,4.0,clear_violation,317.0,73.0,204.09343703632828,100.0,0.203626220362622,146,717
2021,Portuguese Grand Prix,FP1,GAS,13.0,4.0,clear_violation,315.0,73.0,204.91734029441685,100.0,0.1741573033707865,124,712
2021,Portuguese Grand Prix,FP1,GAS,15.0,4.0,clear_violation,319.0,64.0,176.69013163505636,100.0,0.1753325272067714,145,827
2021,Portuguese Grand Prix,FP1,ALO,18.0,1.0,clear_violation,318.0,71.0,197.3536738920301,100.0,0.2077747989276139,155,746
2021,Portuguese Grand Prix,FP1,ALO,20.0,1.0,clear_violation,317.0,73.0,204.2759564022488,100.0,0.1842105263157894,133,722
2021,Portuguese Grand Prix,FP1,ALO,23.0,1.0,clear_violation,310.0,71.0,199.43837981582996,100.0,0.2891891891891892,214,740
2021,Portuguese Grand Prix,FP1,LEC,3.0,4.0,clear_violation,300.0,70.0,198.35063758174795,100.0,0.2040816326530612,150,735
2021,Portuguese Grand Prix,FP1,LEC,7.0,1.0,clear_violation,326.0,63.0,185.4426053487649,100.0,0.2401524777636594,189,787
2021,Portuguese Grand Prix,FP1,LEC,11.0,4.0,clear_violation,292.0,74.0,201.3065053916029,100.0,0.1804407713498622,131,726
2021,Portuguese Grand Prix,FP1,LEC,12.0,1.0,clear_violation,295.7083328,74.0,205.02954888210184,100.0,0.185133239831697,132,713
2021,Portuguese Grand Prix,FP1,LEC,19.0,1.0,clear_violation,309.0,75.0,205.30922521834623,100.0,0.1938633193863319,139,717
2021,Portuguese Grand Prix,FP1,STR,4.0,4.0,clear_violation,320.0,66.0,198.15710489777172,100.0,0.2228260869565217,164,736
2021,Portuguese Grand Prix,FP1,TSU,11.0,4.0,clear_violation,314.0,69.0,203.05249477301768,100.0,0.1791666666666666,129,720
2021,Portuguese Grand Prix,FP1,MSC,22.0,4.0,clear_violation,295.0,70.0,193.94565308123055,100.0,0.2117647058823529,162,765
2021,Portuguese Grand Prix,FP1,SAI,2.0,4.0,clear_violation,298.0,72.0,191.24235977928996,100.0,0.2281616688396349,175,767
2021,Portuguese Grand Prix,FP1,SAI,4.0,4.0,clear_violation,297.0,72.0,200.98116532519663,100.0,0.202200825309491,147,727
2021,Portuguese Grand Prix,FP1,SAI,25.0,1.0,clear_violation,312.0,71.0,193.4846313672305,100.0,0.2092105263157894,159,760
2021,Portuguese Grand Prix,FP1,RUS,24.0,1.0,clear_violation,307.0,72.0,199.6336322118173,100.0,0.2010869565217391,148,736
2021,Portuguese Grand Prix,FP1,BOT,27.0,1.0,clear_violation,314.0,74.0,201.4955104477193,100.0,0.1958904109589041,143,730
2021,Portuguese Grand Prix,FP1,ILO,17.0,1.0,clear_violation,316.0,74.0,201.9923674573388,100.0,0.2216142270861833,162,731
2021,Portuguese Grand Prix,FP2,RIC,18.0,1.0,clear_violation,314.0,67.0,190.7679141335197,99.0,0.1533420707732634,117,763
2021,Portuguese Grand Prix,FP2,NOR,20.0,1.0,clear_violation,288.0,70.0,196.7563119930856,100.0,0.1911170928667564,142,743
2021,Portuguese Grand Prix,FP2,VET,16.0,4.0,clear_violation,287.0,73.0,196.123506013343,100.0,0.2083333333333333,155,744
2021,Portuguese Grand Prix,FP2,RAI,7.0,1.0,clear_violation,314.0,55.0,179.60274314036005,100.0,0.2127921279212792,173,813
2021,Portuguese Grand Prix,FP2,RAI,13.0,4.0,clear_violation,315.0,71.0,191.2291322432334,100.0,0.2159685863874345,165,764
2021,Portuguese Grand Prix,FP2,MAZ,11.0,4.0,clear_violation,316.0,48.0,190.16794786820532,99.0,0.1763942931258106,136,771
2021,Portuguese Grand Prix,FP2,MAZ,13.0,1.0,clear_violation,313.0,74.0,202.17209535548008,100.0,0.2269601100412654,165,727
2021,Portuguese Grand Prix,FP2,MAZ,17.0,1.0,clear_violation,294.0,72.0,186.8830967804532,100.0,0.2337992376111817,184,787
2021,Portuguese Grand Prix,FP2,MAZ,20.0,1.0,clear_violation,292.0,70.0,191.19241588248212,100.0,0.2203389830508474,169,767
2021,Portuguese Grand Prix,FP2,MAZ,21.0,1.0,clear_violation,291.0,73.0,193.63626478022007,100.0,0.23841059602649,180,755
2021,Portuguese Grand Prix,FP2,MAZ,22.0,1.0,clear_violation,292.0,73.0,191.1788641673945,100.0,0.2415143603133159,185,766
2021,Portuguese Grand Prix,FP2,MAZ,26.0,1.0,clear_violation,294.0,73.0,193.7491221021575,100.0,0.2370860927152318,179,755
2021,Portuguese Grand Prix,FP2,ALO,28.0,1.0,clear_violation,294.0,71.0,193.84556817722157,100.0,0.1848404255319149,139,752
2021,Portuguese Grand Prix,FP2,LEC,21.0,4.0,clear_violation,314.0,69.0,197.7977712599364,100.0,0.2160326086956521,159,736
2021,Portuguese Grand Prix,FP2,STR,18.0,4.0,clear_violation,313.0,69.0,197.7018483555256,100.0,0.2178619756427605,161,739
2021,Portuguese Grand Prix,FP2,STR,20.0,1.0,clear_violation,294.0499989333333,71.0,195.3726698231888,100.0,0.2048192771084337,153,747
2021,Portuguese Grand Prix,FP2,TSU,9.0,4.0,clear_violation,310.0,72.0,204.76763073177915,100.0,0.1820728291316526,130,714
2021,Portuguese Grand Prix,FP2,TSU,31.0,1.0,clear_violation,292.0,48.0,193.9567027897195,100.0,0.1809775429326288,137,757
2021,Portuguese Grand Prix,FP2,VER,19.0,4.0,clear_violation,296.0,70.0,195.6428200151969,100.0,0.2032301480484522,151,743
2021,Portuguese Grand Prix,FP2,VER,21.0,4.0,clear_violation,295.0,69.0,201.16215520740488,100.0,0.1793103448275862,130,725
2021,Portuguese Grand Prix,FP2,VER,22.0,1.0,clear_violation,298.0,71.0,201.01920332112743,100.0,0.1758241758241758,128,728
2021,Portuguese Grand Prix,FP2,HAM,22.0,1.0,clear_violation,300.0,75.0,196.9430273944253,100.0,0.1972972972972973,146,740
2021,Portuguese Grand Prix,FP2,HAM,27.0,1.0,clear_violation,320.0,74.0,200.20192038799695,100.0,0.2043895747599451,149,729
2021,Portuguese Grand Prix,FP2,MSC,10.0,1.0,clear_violation,316.0,65.0,182.043627304707,100.0,0.2024844720496894,163,805
2021,Portuguese Grand Prix,FP2,MSC,13.0,1.0,clear_violation,317.0,72.0,206.21509701675387,100.0,0.1985915492957746,141,710
2021,Portuguese Grand Prix,FP2,MSC,23.0,4.0,clear_violation,293.0,71.0,196.90899638310896,100.0,0.2096774193548387,156,744
2021,Portuguese Grand Prix,FP2,SAI,12.0,1.0,clear_violation,307.0,66.0,159.87817487563285,100.0,0.2054644808743169,188,915
2021,Portuguese Grand Prix,FP2,RUS,21.0,4.0,clear_violation,298.0,71.0,197.3449937845347,100.0,0.2027027027027027,150,740
2021,Portuguese Grand Prix,FP2,GIO,19.0,4.0,clear_violation,306.0,71.0,194.29698767218423,100.0,0.2157123834886817,162,751
2021,Portuguese Grand Prix,FP2,GIO,29.0,4.0,clear_violation,296.0,65.0,173.7832754324673,100.0,0.1947431302270011,163,837
2021,Portuguese Grand Prix,FP3,NOR,16.0,1.0,clear_violation,291.0,67.0,197.8690958699019,100.0,0.1886024423337856,139,737
2021,Portuguese Grand Prix,FP3,VET,10.0,1.0,clear_violation,315.0,71.0,208.75372215389623,100.0,0.1940085592011412,136,701
2021,Portuguese Grand Prix,FP3,VET,14.0,1.0,clear_violation,309.0,73.0,187.44365086696072,100.0,0.2092426187419769,163,779
2021,Portuguese Grand Prix,FP3,VET,15.0,1.0,clear_violation,312.0,75.0,208.61147729751812,100.0,0.2045779685264663,143,699
2021,Portuguese Grand Prix,FP3,RAI,2.0,1.0,clear_violation,314.0,69.0,171.71189080417724,100.0,0.1917647058823529,163,850
2021,Portuguese Grand Prix,FP3,RAI,23.0,1.0,clear_violation,300.0,68.0,201.03256634475744,100.0,0.2173314993122421,158,727
2021,Portuguese Grand Prix,FP3,MAZ,6.0,4.0,clear_violation,311.0,67.0,172.68812871885578,100.0,0.1772300469483568,151,852
2021,Portuguese Grand Prix,FP3,MAZ,7.0,1.0,clear_violation,315.0,77.0,202.85932549458468,99.0,0.2163661581137309,156,721
2021,Portuguese Grand Prix,FP3,MAZ,12.0,1.0,clear_violation,318.0,76.0,206.168457581644,100.0,0.2028169014084507,144,710
2021,Portuguese Grand Prix,FP3,MAZ,14.0,4.0,clear_violation,320.0,73.0,207.55994735695128,100.0,0.1929078014184397,136,705
2021,Portuguese Grand Prix,FP3,MAZ,19.0,1.0,clear_violation,321.0,0.0,155.05494217475166,100.0,0.1671991480298189,157,939
2021,Portuguese Grand Prix,FP3,GAS,2.0,4.0,clear_violation,315.0,75.0,207.51901012263735,100.0,0.1564722617354196,110,703
2021,Portuguese Grand Prix,FP3,GAS,14.0,1.0,clear_violation,316.0,77.0,210.28274694763653,100.0,0.1774891774891775,123,693
2021,Portuguese Grand Prix,FP3,GAS,16.0,1.0,clear_violation,314.0,72.0,208.5430327376952,100.0,0.1657142857142857,116,700
2021,Portuguese Grand Prix,FP3,PER,15.0,1.0,clear_violation,316.0,66.0,189.2983073310423,100.0,0.2137305699481865,165,772
2021,Portuguese Grand Prix,FP3,ALO,11.0,1.0,clear_violation,320.0,77.0,212.3675214300208,100.0,0.1991279069767441,137,688
2021,Portuguese Grand Prix,FP3,ALO,14.0,1.0,clear_violation,315.0,57.0,186.20432385602948,100.0,0.2087067861715749,163,781
2021,Portuguese Grand Prix,FP3,STR,14.0,1.0,clear_violation,311.0,72.0,209.169914318418,100.0,0.2065997130559541,144,697
2021,Portuguese Grand Prix,FP3,HAM,6.0,1.0,clear_violation,318.0,62.0,192.7476090334272,100.0,0.2341269841269841,177,756
2021,Portuguese Grand Prix,FP3,HAM,20.0,1.0,clear_violation,308.0,36.0,168.43366932537504,100.0,0.2716763005780346,235,865
2021,Portuguese Grand Prix,FP3,MSC,20.0,4.0,clear_violation,323.0,74.0,189.8500295222323,100.0,0.1932555123216602,149,771
2021,Portuguese Grand Prix,FP3,SAI,16.0,1.0,clear_violation,310.0,77.0,210.07321421449,100.0,0.1988472622478386,138,694
2021,Portuguese Grand Prix,FP3,SAI,22.0,4.0,clear_violation,312.0,75.0,197.18018461964795,100.0,0.217391304347826,160,736
2021,Portuguese Grand Prix,Q,HAM,3.0,1.0,clear_violation,315.0,79.0,212.29252966223436,100.0,0.1773255813953488,122,688
2021,Portuguese Grand Prix,Q,VER,16.0,4.0,clear_violation,315.0,77.0,213.50884587638137,100.0,0.1774193548387097,121,682
2021,Portuguese Grand Prix,Q,LEC,3.0,4.0,clear_violation,313.0,58.0,173.44633712190202,100.0,0.195729537366548,165,843
2021,Portuguese Grand Prix,Q,GAS,25.0,14.0,clear_violation,315.0,74.0,210.68589104498557,100.0,0.1512968299711815,105,694
2021,Portuguese Grand Prix,Q,RAI,4.0,4.0,clear_violation,322.0,70.0,207.38059529883077,100.0,0.201418439716312,142,705
2021,Portuguese Grand Prix,Q,RAI,12.0,1.0,clear_violation,314.0,62.0,192.74146825283168,100.0,0.2134387351778656,162,759
2021,Portuguese Grand Prix,Q,MAZ,5.0,1.0,clear_violation,317.0,72.0,205.0212406602014,100.0,0.1924157303370786,137,712
2021,Portuguese Grand Prix,R,GAS,30.0,4.0,clear_violation,299.0,73.0,200.6300186760975,100.0,0.1878453038674033,136,724
2021,Portuguese Grand Prix,R,GAS,34.0,1.0,clear_violation,299.0,71.0,197.79689148652477,100.0,0.1964529331514324,144,733
2021,Portuguese Grand Prix,R,GAS,39.0,1.0,clear_violation,298.0,73.0,200.60668940097415,100.0,0.1833333333333333,132,720
2021,Portuguese Grand Prix,R,ALO,29.0,1.0,clear_violation,296.0,73.0,200.10695337177177,100.0,0.2049518569463548,149,727
2021,Portuguese Grand Prix,R,ALO,40.0,1.0,clear_violation,297.0,70.0,189.6682147721744,100.0,0.2346805736636245,180,767
2021,Portuguese Grand Prix,R,STR,19.0,1.0,clear_violation,296.0,72.0,197.96837581493747,100.0,0.2053072625698324,147,716
2021,Portuguese Grand Prix,R,TSU,10.0,4.0,clear_violation,323.0,69.0,194.26127808316744,100.0,0.2527624309392265,183,724
2021,Portuguese Grand Prix,R,TSU,11.0,1.0,clear_violation,336.0,69.0,196.7908512141806,100.0,0.2476319350473613,183,739
2021,Portuguese Grand Prix,R,VER,24.0,4.0,clear_violation,323.0,68.0,201.4809441248061,100.0,0.218232044198895,158,724
2021,Portuguese Grand Prix,R,VER,66.0,14.0,clear_violation,298.0,73.0,209.5640386665388,100.0,0.2060085836909871,144,699
2021,Portuguese Grand Prix,R,NOR,18.0,4.0,clear_violation,292.0,74.0,199.48643318024432,100.0,0.1956224350205198,143,731
2021,Portuguese Grand Prix,R,MSC,11.0,1.0,clear_violation,328.0,67.0,195.96937523102855,100.0,0.2627345844504021,196,746
2021,Portuguese Grand Prix,R,MSC,25.0,1.0,clear_violation,305.0,69.0,194.48553839624796,100.0,0.2281167108753315,172,754
2021,Portuguese Grand Prix,R,VET,26.0,1.0,clear_violation,300.1666688,71.0,200.2610205710845,100.0,0.2071330589849108,151,729
2021,Portuguese Grand Prix,R,VET,56.0,1.0,clear_violation,297.33750080000004,68.0,199.73297579128183,100.0,0.223593964334705,163,729
2021,Portuguese Grand Prix,R,LAT,30.0,1.0,clear_violation,335.0,69.0,197.876279446051,100.0,0.2527173913043478,186,736
2021,Portuguese Grand Prix,R,MAZ,8.0,1.0,clear_violation,312.0,60.0,188.9305960677898,99.0,0.276485788113695,214,774
2021,Portuguese Grand Prix,R,MAZ,12.0,1.0,clear_violation,306.0,70.0,195.53615287453863,100.0,0.2416107382550335,180,745
2021,Pre-Season Test,FP1,RIC,3.0,9.0,clear_violation,323.0,74.0,200.46169417823796,100.0,0.167643610785463,143,853
2021,Pre-Season Test,FP1,RIC,4.0,9.0,clear_violation,269.0,62.0,146.96823112867224,99.0,0.0952789699570815,111,1165
2021,Pre-Season Test,FP1,RIC,11.0,19.0,clear_violation,321.0,74.0,203.7474350694222,99.0,0.178359096313912,150,841
2021,Pre-Season Test,FP1,NOR,10.0,19.0,clear_violation,318.0,64.0,199.9073923822843,100.0,0.169965075669383,146,859
2021,Pre-Season Test,FP1,VET,8.0,9.0,clear_violation,320.0,72.0,203.5688252448921,100.0,0.187871581450654,158,841
2021,Pre-Season Test,FP1,RAI,2.0,9.0,clear_violation,321.0,72.0,196.5837136815221,100.0,0.1791044776119403,156,871
2021,Pre-Season Test,FP1,MAZ,6.0,19.0,clear_violation,318.0,45.0,191.7638088879185,100.0,0.2165178571428571,194,896
2021,Pre-Season Test,FP1,MAZ,8.0,19.0,clear_violation,318.0,72.0,193.9331757422065,100.0,0.2395005675368899,211,881
2021,Pre-Season Test,FP1,MAZ,14.0,19.0,clear_violation,299.0,69.0,186.18784661461493,100.0,0.2210184182015168,204,923
2021,Pre-Season Test,FP1,GAS,3.0,9.0,clear_violation,317.0,74.0,199.6184449725308,100.0,0.1590643274853801,136,855
2021,Pre-Season Test,FP1,PER,5.0,9.0,clear_violation,314.0,55.0,168.63180787160152,100.0,0.1668311944718657,169,1013
2021,Pre-Season Test,FP1,PER,6.0,9.0,clear_violation,317.0,69.0,193.83004128505752,100.0,0.1900452488687782,168,884
2021,Pre-Season Test,FP1,PER,11.0,19.0,clear_violation,315.0,73.0,204.5574291675287,100.0,0.1599045346062052,134,838
2021,Pre-Season Test,FP1,PER,14.0,9.0,clear_violation,295.0,73.0,192.59563196874348,100.0,0.1732283464566929,154,889
2021,Pre-Season Test,FP1,PER,16.0,19.0,clear_violation,296.0,71.0,192.09720361076072,100.0,0.1840628507295174,164,891
2021,Pre-Season Test,FP1,STR,4.0,9.0,clear_violation,316.0,70.0,199.2026092474233,100.0,0.2202797202797203,189,858
2021,Pre-Season Test,FP1,STR,13.0,9.0,clear_violation,320.0,74.0,200.95307340441136,100.0,0.2329411764705882,198,850
2021,Pre-Season Test,FP1,TSU,11.0,19.0,clear_violation,316.0,70.0,201.43414083606532,100.0,0.1699882766705744,145,853
2021,Pre-Season Test,FP1,TSU,14.0,19.0,clear_violation,316.0,73.0,201.35389548021735,100.0,0.1647058823529411,140,850
2021,Pre-Season Test,FP1,TSU,21.0,19.0,clear_violation,323.0,67.0,188.50287719023373,100.0,0.1980088495575221,179,904
2021,Pre-Season Test,FP1,OCO,4.0,9.0,clear_violation,313.0,74.0,198.60907999968023,100.0,0.2006960556844547,173,862
2021,Pre-Season Test,FP1,OCO,16.0,9.0,clear_violation,311.0,73.0,201.9900877284801,100.0,0.1863207547169811,158,848
2021,Pre-Season Test,FP1,VER,13.0,19.0,clear_violation,295.0,66.0,190.2476938857424,100.0,0.1809100998890122,163,901
2021,Pre-Season Test,FP1,SAI,7.0,19.0,clear_violation,318.0,73.0,201.3489676942593,100.0,0.1711606096131301,146,853
2021,Pre-Season Test,FP2,VET,7.0,19.0,clear_violation,293.0,76.0,192.9208953636181,100.0,0.1724915445321307,153,887
2021,Pre-Season Test,FP2,VET,25.0,9.0,clear_violation,297.0,70.0,191.65361079871144,100.0,0.1912632821723731,162,847
2021,Pre-Season Test,FP2,LAT,2.0,19.0,clear_violation,317.0,75.0,199.21232418286544,100.0,0.1916376306620209,165,861
2021,Pre-Season Test,FP2,RAI,20.0,9.0,clear_violation,328.0,66.0,191.55413323735812,100.0,0.2273262661955241,193,849
2021,Pre-Season Test,FP2,RAI,22.0,19.0,clear_violation,301.0,69.0,190.75461282338432,100.0,0.2041049030786773,179,877
2021,Pre-Season Test,FP2,RAI,24.0,9.0,clear_violation,301.0,68.0,191.15132965792077,100.0,0.203125,182,896
2021,Pre-Season Test,FP2,MAZ,4.0,19.0,clear_violation,326.0,75.0,198.46627929467672,100.0,0.2209302325581395,190,860
2021,Pre-Season Test,FP2,MAZ,6.0,19.0,clear_violation,321.0,73.0,196.9769836546072,100.0,0.2096774193548387,182,868
2021,Pre-Season Test,FP2,MAZ,16.0,19.0,clear_violation,298.0,69.0,189.50171406047085,100.0,0.225,198,880
2021,Pre-Season Test,FP2,MAZ,19.0,19.0,clear_violation,298.0,64.0,184.2076346496788,100.0,0.1842723004694835,157,852
2021,Pre-Season Test,FP2,GAS,22.0,19.0,clear_violation,297.0,65.0,188.9104684630935,100.0,0.1706214689265536,151,885
2021,Pre-Season Test,FP2,PER,22.0,9.0,clear_violation,295.0,73.0,189.8944575774528,100.0,0.1932203389830508,171,885
2021,Pre-Season Test,FP2,ALO,2.0,9.0,clear_violation,324.0,76.0,203.79134211036504,100.0,0.1821428571428571,153,840
2021,Pre-Season Test,FP2,LEC,5.0,9.0,clear_violation,320.0,77.0,203.16409187807795,100.0,0.1876484560570071,158,842
2021,Pre-Season Test,FP2,LEC,11.0,19.0,clear_violation,319.0,75.0,204.21995912226404,100.0,0.1923536439665472,161,837
2021,Pre-Season Test,FP2,LEC,16.0,9.0,clear_violation,299.0,70.0,193.4684348683644,100.0,0.2271662763466042,194,854
2021,Pre-Season Test,FP2,STR,15.0,19.0,clear_violation,296.0,69.0,190.5166191811018,100.0,0.1763392857142857,158,896
2021,Pre-Season Test,FP2,TSU,10.0,19.0,clear_violation,316.0,72.0,202.57946746812144,100.0,0.1621301775147929,137,845
2021,Pre-Season Test,FP2,TSU,18.0,19.0,clear_violation,297.0,68.0,189.36423139516396,100.0,0.16878612716763,146,865
2021,Pre-Season Test,FP2,TSU,19.0,9.0,clear_violation,298.0,67.0,189.54148942599963,100.0,0.1724137931034483,150,870
2021,Pre-Season Test,FP2,OCO,19.0,9.0,clear_violation,298.0,68.0,188.37060633374148,100.0,0.1969339622641509,167,848
2021,Pre-Season Test,FP2,HAM,7.0,19.0,clear_violation,319.0,75.0,206.86862012788455,100.0,0.1717049576783555,142,827
2021,Pre-Season Test,FP2,MSC,2.0,19.0,clear_violation,326.0,75.0,200.10402721533563,100.0,0.2002341920374707,171,854
2021,Pre-Season Test,FP2,BOT,20.0,9.0,clear_violation,322.0,67.0,188.2295849153566,100.0,0.2324766355140187,199,856
2021,Pre-Season Test,FP2,VER,3.0,20.0,no_advantage,265.0,51.0,138.66575533729923,100.0,0.2163501238645747,262,1211
2021,Pre-Season Test,FP2,MSC,3.0,1.0,no_advantage,284.0,50.0,123.4820360852121,100.0,0.1349782293178519,186,1378
2021,Pre-Season Test,FP2,OCO,5.0,1.0,no_advantage,269.0,56.0,121.75870389265611,100.0,0.0826743350107836,115,1391
2021,Pre-Season Test,FP2,NOR,4.0,11.0,no_advantage,270.0,48.0,129.86846009153794,100.0,0.1069802731411229,141,1318
2021,Pre-Season Test,FP3,RAI,10.0,9.0,clear_violation,321.0,70.0,202.13151853793943,100.0,0.1877990430622009,157,836
2021,Pre-Season Test,FP3,RAI,19.0,9.0,clear_violation,321.0,68.0,202.3307424129368,100.0,0.1900826446280991,161,847
2021,Pre-Season Test,FP3,MAZ,2.0,19.0,clear_violation,317.0,69.0,198.7663136161309,100.0,0.2046511627906976,176,860
2021,Pre-Season Test,FP3,MAZ,9.0,9.0,clear_violation,318.0,70.0,201.41573816465015,100.0,0.2058823529411764,175,850
2021,Pre-Season Test,FP3,MAZ,12.0,19.0,clear_violation,319.0,68.0,201.63304480134528,100.0,0.2084805653710247,177,849
2021,Pre-Season Test,FP3,GAS,4.0,9.0,clear_violation,322.0,70.0,203.0217708046428,100.0,0.1584038694074969,131,827
2021,Pre-Season Test,FP3,LEC,10.0,19.0,clear_violation,320.0,74.0,205.61655043744108,100.0,0.1872749099639856,156,833
2021,Pre-Season Test,FP3,STR,2.0,9.0,clear_violation,312.0,75.0,201.93400480876693,100.0,0.1975609756097561,162,820
2021,Pre-Season Test,FP3,TSU,2.0,9.0,clear_violation,312.0,64.0,200.1085656158345,100.0,0.1609058402860548,135,839
2021,Pre-Season Test,FP3,VER,9.0,19.0,clear_violation,315.0,73.0,208.014925365337,100.0,0.1699029126213592,140,824
2021,Pre-Season Test,FP3,HAM,12.0,9.0,clear_violation,318.0,73.0,207.6370933536272,100.0,0.1709090909090909,141,825
2021,Pre-Season Test,FP3,MSC,12.0,19.0,clear_violation,318.0,73.0,195.19181899870992,100.0,0.2015945330296127,177,878
2021,Pre-Season Test,FP3,BOT,2.0,19.0,clear_violation,312.0,74.0,205.5698849760442,100.0,0.1739659367396593,143,822
2021,Pre-Season Test,Q,PER,8.0,19.0,clear_violation,318.0,72.0,208.3117162631021,100.0,0.1652593486127865,137,829
2021,Pre-Season Test,Q,RIC,5.0,9.0,clear_violation,324.0,73.0,207.7439783762884,99.0,0.1672683513838748,139,831
2021,Pre-Season Test,Q,RUS,10.0,9.0,clear_violation,322.0,73.0,205.04929960582277,100.0,0.2054631828978622,173,842
2021,Pre-Season Test,Q,STR,4.0,19.0,clear_violation,318.0,75.0,203.9299807448231,100.0,0.2045184304399524,172,841
2021,Pre-Season Test,Q,RAI,3.0,19.0,clear_violation,326.0,72.0,203.6564650221624,100.0,0.1869047619047619,157,840
2021,Pre-Season Test,Q,MAZ,2.0,19.0,clear_violation,320.0,71.0,200.26716128484992,100.0,0.2096018735362997,179,854
2021,Pre-Season Test,Q,MAZ,8.0,3.0,no_advantage,292.0,66.0,159.69818493992645,100.0,0.190253045923149,203,1067
2021,Pre-Season Test,Q,MAZ,8.0,15.0,no_advantage,292.0,66.0,159.69818493992645,100.0,0.190253045923149,203,1067
2021,Pre-Season Test,R,VER,4.0,19.0,clear_violation,319.0,69.0,193.44980844121807,100.0,0.2045714285714285,179,875
2021,Pre-Season Test,R,PER,13.0,19.0,clear_violation,296.0,0.0,161.28638645519678,100.0,0.2124645892351274,225,1059
2021,Pre-Season Test,R,TSU,11.0,9.0,clear_violation,316.0,66.0,191.43069598329225,100.0,0.1858902575587906,166,893
2021,Pre-Season Test,R,VET,51.0,19.0,clear_violation,292.0,67.0,192.99175836857293,100.0,0.201803833145434,179,887
2021,Pre-Season Test,R,VET,55.0,19.0,clear_violation,295.0,69.0,192.98433201788453,100.0,0.1869369369369369,166,888
2021,Pre-Season Test,R,GIO,28.0,9.0,clear_violation,302.0,72.0,194.5346513196617,100.0,0.204778156996587,180,879
2021,Pre-Season Test,R,STR,21.0,9.0,clear_violation,295.0,65.0,189.8663218901099,100.0,0.2073170731707317,187,902
2021,Pre-Season Test,R,STR,29.0,9.0,clear_violation,327.0,62.0,188.8868453958988,100.0,0.2375690607734806,215,905
2021,Pre-Season Test,R,STR,47.0,9.0,clear_violation,296.0,63.0,193.10662941087023,100.0,0.2101694915254237,186,885
2021,Pre-Season Test,R,RAI,13.0,9.0,clear_violation,306.0,0.0,159.69749013747568,100.0,0.2469597754911132,264,1069
2021,Pre-Season Test,R,RAI,16.0,1.0,clear_violation,313.0,64.0,188.62101750603208,100.0,0.2373068432671081,215,906
2021,Pre-Season Test,R,RAI,33.0,19.0,clear_violation,340.0,55.0,189.95051653051377,100.0,0.2449664429530201,219,894
2021,Pre-Season Test,R,RAI,40.0,19.0,clear_violation,311.0,67.0,192.0935609371689,100.0,0.2294713160854893,204,889
2021,Pre-Season Test,R,RUS,14.0,19.0,clear_violation,297.0,69.0,188.48061156321552,100.0,0.2293274531422271,208,907
2021,Pre-Season Test,R,RUS,40.0,9.0,clear_violation,299.0,69.0,191.2579911681369,100.0,0.2069351230425055,185,894
2021,Pre-Season Test,R,LAT,55.0,9.0,clear_violation,302.0,66.0,188.4225015125216,100.0,0.2,181,905
2021,Pre-Season Test,R,MSC,46.0,19.0,clear_violation,300.0,67.0,192.21241013630947,100.0,0.206047032474804,184,893
2021,Pre-Season Test,R,MAZ,5.0,19.0,clear_violation,298.0,67.0,186.8723624324236,100.0,0.2241758241758241,204,910
2021,Pre-Season Test,R,MAZ,30.0,19.0,clear_violation,323.0,70.0,180.99150599524512,100.0,0.240506329113924,228,948
2021,Pre-Season Test,R,MAZ,39.0,9.0,clear_violation,298.0,63.0,184.2659268953887,100.0,0.2623655913978495,244,930
2021,Pre-Season Test,R,OCO,6.0,1.0,clear_violation,297.0,67.0,186.6804947933969,100.0,0.2050163576881134,188,917
2021,Pre-Season Test,R,GAS,11.0,9.0,clear_violation,308.0,0.0,159.47015948792702,100.0,0.2070895522388059,222,1072
2021,Qatar Grand Prix,FP1,MSC,20.0,7.0,no_advantage,298.0,85.0,212.90444217254293,100.0,0.1529562982005141,119,778
2021,Qatar Grand Prix,FP2,RIC,18.0,2.0,clear_violation,295.5428571428571,84.0,211.2508365507812,99.0,0.1446384039900249,116,802
2021,Qatar Grand Prix,FP2,NOR,21.0,2.0,clear_violation,298.0,86.0,215.85757627077012,100.0,0.1617834394904458,127,785
2021,Qatar Grand Prix,FP2,ALO,18.0,7.0,clear_violation,296.0,89.0,218.6347343935174,100.0,0.1511627906976744,117,774
2021,Qatar Grand Prix,FP2,ALO,21.0,7.0,clear_violation,322.0,38.0,187.77569780951384,100.0,0.1915367483296214,172,898
2021,Qatar Grand Prix,FP2,LEC,13.0,8.0,clear_violation,310.0,94.0,224.6440512933932,100.0,0.142668428005284,108,757
2021,Qatar Grand Prix,FP2,LEC,21.0,7.0,clear_violation,302.0,90.0,215.7420458606164,100.0,0.1692111959287532,133,786
2021,Qatar Grand Prix,FP2,STR,6.0,16.0,clear_violation,313.0,96.0,228.9479762468796,100.0,0.1935047361299052,143,739
2021,Qatar Grand Prix,FP2,RUS,6.0,2.0,clear_violation,320.0,98.0,227.404584158956,100.0,0.1367292225201072,102,746
2021,Qatar Grand Prix,FP2,BOT,10.0,7.0,clear_violation,312.0,103.0,233.37259776206585,100.0,0.1253443526170798,91,726
2021,Qatar Grand Prix,FP2,BOT,18.0,7.0,clear_violation,293.0,84.0,219.2289105036081,100.0,0.1373056994818652,106,772
2021,Qatar Grand Prix,FP2,GAS,9.0,16.0,no_advantage,310.0,64.0,223.1923050761886,100.0,0.1415465268676277,108,763
2021,Qatar Grand Prix,FP3,GAS,8.0,16.0,clear_violation,320.0,96.0,234.6511675321588,100.0,0.1246537396121883,90,722
2021,Qatar Grand Prix,FP3,LEC,16.0,16.0,clear_violation,326.0,101.0,226.99089134031777,100.0,0.1415220293724966,106,749
2021,Qatar Grand Prix,FP3,STR,12.0,16.0,clear_violation,321.0,101.0,227.47342412785036,100.0,0.1780455153949129,133,747
2021,Qatar Grand Prix,FP3,TSU,19.0,2.0,clear_violation,320.0,96.0,229.4785829180596,100.0,0.1228070175438596,91,741
2021,Qatar Grand Prix,FP3,OCO,14.0,2.0,clear_violation,327.0,100.0,232.89206106118755,100.0,0.1418826739427012,104,733
2021,Qatar Grand Prix,FP3,PER,2.0,15.0,no_advantage,320.0,103.0,229.69548347741735,100.0,0.1233062330623306,91,738
2021,Qatar Grand Prix,FP3,NOR,8.0,15.0,no_advantage,317.5750005333333,57.0,163.00685738072852,100.0,0.1310211946050096,136,1038
2021,Qatar Grand Prix,FP3,LEC,16.0,16.0,no_advantage,326.0,101.0,226.99089134031777,100.0,0.1415220293724966,106,749
2021,Qatar Grand Prix,Q,NOR,4.0,16.0,clear_violation,329.0,100.0,234.09566612209355,100.0,0.1092436974789916,78,714
2021,Qatar Grand Prix,Q,LEC,5.0,16.0,clear_violation,327.0,99.0,233.8066886999769,100.0,0.1342657342657342,96,715
2021,Qatar Grand Prix,Q,MSC,2.0,2.0,clear_violation,320.0,96.0,230.1670171569432,100.0,0.1567567567567567,116,740
2021,Qatar Grand Prix,Q,TSU,2.0,1.0,no_advantage,321.0,99.0,234.44281982744127,100.0,0.1109550561797752,79,712
2021,Qatar Grand Prix,R,GAS,3.0,16.0,clear_violation,306.0,88.0,212.8155023876149,100.0,0.1551071878940731,123,793
2021,Qatar Grand Prix,R,GAS,4.0,16.0,clear_violation,310.0,90.0,212.0429304829372,100.0,0.1758793969849246,140,796
2021,Qatar Grand Prix,R,ALO,29.0,2.0,clear_violation,300.0,92.0,215.1915195006972,100.0,0.148849797023004,110,739
2021,Qatar Grand Prix,R,OCO,47.0,2.0,clear_violation,301.0,88.0,217.58111368953988,100.0,0.1956241956241956,152,777
2021,Qatar Grand Prix,R,VET,10.0,16.0,clear_violation,329.0,86.0,213.31258791577463,100.0,0.1941624365482233,153,788
2021,Qatar Grand Prix,R,VET,11.0,16.0,clear_violation,326.0,87.0,210.8588923543305,100.0,0.2124681933842239,167,786
2021,Qatar Grand Prix,R,GIO,49.0,16.0,clear_violation,335.0,91.0,217.9832324139839,100.0,0.204865556978233,160,781
2021,Qatar Grand Prix,R,GIO,50.0,16.0,clear_violation,328.0,95.0,220.14974056783385,100.0,0.1896551724137931,143,754
2021,Qatar Grand Prix,R,STR,7.0,15.0,no_advantage,337.0,88.0,209.60881331506465,100.0,0.2544757033248082,199,782
2021,Qatar Grand Prix,R,BOT,32.0,7.0,no_advantage,303.0,94.0,220.16059048781403,100.0,0.1470198675496688,111,755
2021,Russian Grand Prix,FP1,RAI,8.0,2.0,clear_violation,310.0,67.0,179.84234812758362,100.0,0.1840551181102362,187,1016
2021,Russian Grand Prix,FP1,GAS,9.0,2.0,clear_violation,311.0,71.0,169.40320069349144,100.0,0.1872103799814643,202,1079
2021,Russian Grand Prix,FP1,GIO,5.0,2.0,clear_violation,313.0,66.0,155.036858483247,100.0,0.2225998300764655,262,1177
2021,Russian Grand Prix,FP1,RAI,2.0,13.0,no_advantage,326.0,70.0,204.79946980110816,100.0,0.1892497200447928,169,893
2021,Russian Grand Prix,FP1,MAZ,2.0,4.0,no_advantage,321.0,87.0,203.0871988402916,100.0,0.2171492204899777,195,898
2021,Russian Grand Prix,FP1,NOR,16.0,10.0,no_advantage,266.0,79.0,158.0323338222313,100.0,0.1348713398402839,152,1127
2021,Russian Grand Prix,FP1,GIO,21.0,13.0,no_advantage,300.0,92.0,202.11484632045725,100.0,0.1836283185840708,166,904
2021,Russian Grand Prix,FP2,PER,19.0,2.0,clear_violation,307.0,83.0,198.93250218630345,100.0,0.1936542669584245,177,914
2021,Russian Grand Prix,FP2,PER,6.0,14.0,no_advantage,318.0,44.0,190.9716201573317,100.0,0.1596194503171247,151,946
2021,Russian Grand Prix,FP2,HAM,14.0,7.0,no_advantage,299.0,0.0,151.5469421695593,104.0,0.2398001665278934,288,1201
2021,Russian Grand Prix,FP2,VET,17.0,7.0,no_advantage,296.0,98.0,207.8428297282764,100.0,0.1803652968036529,158,876
2021,Russian Grand Prix,Q,NOR,7.0,2.0,clear_violation,294.0,56.0,174.68129526719358,100.0,0.2260536398467433,236,1044
2021,Russian Grand Prix,Q,HAM,5.0,2.0,clear_violation,307.0,76.0,161.65025015356662,100.0,0.303886925795053,344,1132
2021,Russian Grand Prix,Q,BOT,11.0,2.0,clear_violation,300.0,38.0,170.74699046667627,100.0,0.2044817927170868,219,1071
2021,Russian Grand Prix,Q,BOT,4.0,10.0,no_advantage,296.0,37.0,157.24101677923807,100.0,0.2328178694158075,271,1164
2021,Russian Grand Prix,Q,STR,5.0,10.0,no_advantage,302.0,43.0,158.22909856180968,100.0,0.2309711286089238,264,1143
2021,Russian Grand Prix,Q,LAT,10.0,13.0,no_advantage,287.0,47.0,140.6118542912964,100.0,0.225521669341894,281,1246
2021,Russian Grand Prix,Q,TSU,14.0,4.0,no_advantage,307.0,81.0,192.85175570138315,100.0,0.1853813559322034,175,944
2021,Russian Grand Prix,Q,VET,18.0,7.0,no_advantage,281.0,44.0,147.22435502741635,100.0,0.275750202757502,340,1233
2021,Russian Grand Prix,Q,PER,21.0,5.0,no_advantage,277.0,40.0,164.03445089008952,100.0,0.2632058287795992,289,1098
2021,Russian Grand Prix,Q,PER,24.0,15.0,no_advantage,273.0,54.0,152.62527261806528,100.0,0.2805816937553465,328,1169
2021,Russian Grand Prix,R,BOT,40.0,2.0,clear_violation,336.0,60.0,205.67320010205705,100.0,0.223391812865497,191,855
2021,Russian Grand Prix,R,RUS,19.0,2.0,clear_violation,309.0,90.0,204.38874275134947,100.0,0.1849775784753363,165,892
2021,Russian Grand Prix,R,MSC,4.0,2.0,clear_violation,330.0,84.0,199.436470319246,100.0,0.1934426229508196,177,915
2021,Saudi Arabian Grand Prix,FP2,PER,1.0,4.0,no_advantage,298.4416672,27.0,149.77784996156294,100.0,0.2378600823045267,289,1215
2021,Saudi Arabian Grand Prix,FP2,VER,1.0,8.0,no_advantage,300.85000106666666,29.0,169.16139611470962,100.0,0.2207792207792207,238,1078
2021,Saudi Arabian Grand Prix,FP2,PER,4.0,2.0,no_advantage,308.0,55.0,157.30005354311817,100.0,0.1687141687141687,206,1221
2021,Saudi Arabian Grand Prix,FP2,GAS,5.0,2.0,no_advantage,312.0,66.0,163.73823171996972,100.0,0.0964163822525597,113,1172
2021,Saudi Arabian Grand Prix,FP2,GAS,10.0,8.0,no_advantage,320.0,93.0,243.85499013207556,100.0,0.0936708860759493,74,790
2021,Saudi Arabian Grand Prix,FP2,LEC,14.0,8.0,no_advantage,312.0,67.0,152.6883887436464,100.0,0.162291169451074,204,1257
2021,Saudi Arabian Grand Prix,FP2,ALO,14.0,5.0,no_advantage,298.0,90.0,231.4500259649349,100.0,0.1157125456760048,95,821
2021,Saudi Arabian Grand Prix,FP2,MSC,13.0,23.0,no_advantage,310.0,85.0,231.26152167102583,100.0,0.1207729468599033,100,828
2021,Saudi Arabian Grand Prix,FP2,VET,19.0,11.0,no_advantage,298.0,91.0,218.908725750258,100.0,0.1484018264840182,130,876
2021,Saudi Arabian Grand Prix,FP3,HAM,4.0,1.0,no_advantage,308.0,66.0,144.4806933340852,100.0,0.146816479400749,196,1335
2021,Saudi Arabian Grand Prix,Q,SAI,11.0,4.0,clear_violation,323.0,89.0,243.7794185868512,100.0,0.1379746835443038,109,790
2021,Saudi Arabian Grand Prix,R,STR,3.0,7.0,no_advantage,316.0,84.0,221.04796459037115,100.0,0.2039170506912442,177,868
2021,Saudi Arabian Grand Prix,R,OCO,6.0,,no_advantage,307.0,83.0,229.76618258807997,100.0,0.13189448441247,110,834
2021,Saudi Arabian Grand Prix,R,VET,42.0,4.0,no_advantage,303.0,89.0,233.20929045493787,100.0,0.1299638989169675,108,831
2021,Spanish Grand Prix,FP1,LEC,16.0,2.0,clear_violation,314.0,67.0,178.28321933522002,100.0,0.1975757575757575,163,825
2021,Spanish Grand Prix,FP1,SAI,15.0,2.0,clear_violation,291.0,53.0,152.16698037486145,100.0,0.165631469979296,160,966
2021,Spanish Grand Prix,FP1,MAZ,1.0,7.0,no_advantage,278.0,74.0,152.2863494366721,100.0,0.206858407079646,187,904
2021,Spanish Grand Prix,FP1,HAM,8.0,2.0,no_advantage,305.0,57.0,146.85093369264737,100.0,0.1815446339017051,181,997
2021,Spanish Grand Prix,FP1,SAI,14.0,2.0,no_advantage,311.0,83.0,209.0555813367948,100.0,0.1735419630156472,122,703
2021,Spanish Grand Prix,FP1,LEC,15.0,2.0,no_advantage,318.0,42.0,152.73373541304528,100.0,0.1744548286604361,168,963
2021,Spanish Grand Prix,FP1,SAI,16.0,13.0,no_advantage,314.0,57.0,189.68260336791215,100.0,0.1761658031088082,136,772
2021,Spanish Grand Prix,FP2,LEC,5.0,2.0,no_advantage,305.0,58.0,142.15416197522856,100.0,0.1645445641527913,168,1021
2021,Spanish Grand Prix,FP3,RIC,5.0,13.0,no_advantage,297.0,77.0,166.5721402170382,99.0,0.0757749712973593,66,871
2021,Spanish Grand Prix,FP3,RAI,12.0,13.0,no_advantage,298.0,45.0,127.35568240857748,100.0,0.228695652173913,263,1150
2021,Spanish Grand Prix,FP3,NOR,11.0,10.0,no_advantage,294.0,62.0,133.4800797059442,99.0,0.0846223839854413,93,1099
2021,Spanish Grand Prix,Q,STR,3.0,13.0,no_advantage,298.0,69.0,172.61257337120625,100.0,0.2234042553191489,189,846
2021,Spanish Grand Prix,R,ALO,11.0,2.0,clear_violation,316.0,81.0,190.6054402113163,100.0,0.2158647594278283,166,769
2021,Spanish Grand Prix,R,STR,60.0,2.0,clear_violation,336.0,78.0,191.3694050343445,100.0,0.2747395833333333,211,768
2021,Spanish Grand Prix,R,MAZ,5.0,2.0,clear_violation,340.0,78.0,192.5384905710072,100.0,0.2308707124010554,175,758
2021,Styrian Grand Prix,FP1,NOR,16.0,10.0,clear_violation,315.0,65.0,232.1018624356552,100.0,0.1504273504273504,88,585
2021,Styrian Grand Prix,FP1,NOR,20.0,10.0,clear_violation,284.0,68.0,218.0657428785883,100.0,0.1561996779388083,97,621
2021,Styrian Grand Prix,FP1,NOR,21.0,10.0,clear_violation,289.0,65.0,218.89704421798655,99.0,0.1766612641815235,109,617
2021,Styrian Grand Prix,FP1,NOR,27.0,10.0,clear_violation,292.0,64.0,217.94497312485595,99.0,0.1486268174474959,92,619
2021,Styrian Grand Prix,FP1,NOR,28.0,10.0,clear_violation,297.0,63.0,218.10291489715232,99.0,0.1857835218093699,115,619
2021,Styrian Grand Prix,FP1,NOR,29.0,10.0,clear_violation,293.0,61.0,218.5530802155739,99.0,0.1744749596122778,108,619
2021,Styrian Grand Prix,FP1,MAZ,11.0,9.0,clear_violation,314.0,62.0,226.0605124173869,100.0,0.1883333333333333,113,600
2021,Styrian Grand Prix,FP1,MAZ,18.0,9.0,clear_violation,291.0,63.0,214.0987208198325,100.0,0.1795275590551181,114,635
2021,Styrian Grand Prix,FP1,GAS,7.0,10.0,clear_violation,316.0,67.0,231.31726974272,100.0,0.1618398637137989,95,587
2021,Styrian Grand Prix,FP1,GAS,17.0,10.0,clear_violation,313.0,67.0,233.3422793445652,100.0,0.1502590673575129,87,579
2021,Styrian Grand Prix,FP1,ALO,9.0,9.0,clear_violation,315.0,68.0,230.5043876466784,100.0,0.1358234295415959,80,589
2021,Styrian Grand Prix,FP1,ALO,11.0,10.0,clear_violation,312.0,66.0,231.0706590281121,100.0,0.1292517006802721,76,588
2021,Styrian Grand Prix,FP1,ALO,14.0,9.0,clear_violation,316.0,68.0,233.34114442675545,100.0,0.1362068965517241,79,580
2021,Styrian Grand Prix,FP1,OCO,6.0,9.0,clear_violation,314.0,64.0,228.70782797623195,100.0,0.1652613827993254,98,593
2021,Styrian Grand Prix,FP1,VER,6.0,10.0,clear_violation,312.0,71.0,232.74323212579952,100.0,0.1678082191780822,98,584
2021,Styrian Grand Prix,FP1,HAM,8.0,10.0,clear_violation,312.0,70.0,231.45275612831296,100.0,0.1484641638225255,87,586
2021,Styrian Grand Prix,FP1,HAM,23.0,10.0,clear_violation,289.0,67.0,221.511220420838,100.0,0.1530944625407166,94,614
2021,Styrian Grand Prix,FP1,HAM,24.0,10.0,clear_violation,289.0,69.0,221.4182200947585,100.0,0.1571194762684124,96,611
2021,Styrian Grand Prix,FP1,SAI,8.0,10.0,clear_violation,306.0,67.0,229.5135191980928,100.0,0.1561969439728353,92,589
2021,Styrian Grand Prix,FP1,SAI,9.0,10.0,clear_violation,288.0,60.0,149.3982027453169,100.0,0.1639163916391639,149,909
2021,Styrian Grand Prix,FP1,BOT,19.0,10.0,clear_violation,315.0,71.0,234.40345476464336,100.0,0.1450777202072538,84,579
2021,Styrian Grand Prix,FP2,NOR,11.0,10.0,clear_violation,318.0,70.0,233.5711823392056,100.0,0.1519861830742659,88,579
2021,Styrian Grand Prix,FP2,NOR,27.0,10.0,clear_violation,289.0,64.0,219.59652164809813,100.0,0.1655844155844155,102,616
2021,Styrian Grand Prix,FP2,NOR,28.0,10.0,clear_violation,289.0,60.0,219.1719369242825,100.0,0.1634304207119741,101,618
2021,Styrian Grand Prix,FP2,NOR,31.0,9.0,clear_violation,296.0,59.0,217.51172315660816,99.0,0.1771336553945249,110,621
2021,Styrian Grand Prix,FP2,NOR,33.0,10.0,clear_violation,295.0,0.0,174.5781027986896,100.0,0.2282749675745784,176,771
2021,Styrian Grand Prix,FP2,NOR,34.0,10.0,clear_violation,322.0,51.0,220.6217098463408,100.0,0.1693811074918566,104,614
2021,Styrian Grand Prix,FP2,VET,32.0,10.0,clear_violation,286.0,66.0,217.73927105502452,100.0,0.1591639871382636,99,622
2021,Styrian Grand Prix,FP2,VET,33.0,10.0,clear_violation,298.0,67.0,220.7350464454833,100.0,0.1517128874388254,93,613
2021,Styrian Grand Prix,FP2,MAZ,9.0,9.0,clear_violation,319.0,66.0,230.6009341235219,100.0,0.1839863713798978,108,587
2021,Styrian Grand Prix,FP2,MAZ,15.0,9.0,clear_violation,291.0,63.0,213.56763902993325,100.0,0.1876971608832807,119,634
2021,Styrian Grand Prix,FP2,MAZ,24.0,9.0,clear_violation,298.0,63.0,216.3712834487218,99.0,0.1961722488038277,123,627
2021,Styrian Grand Prix,FP2,ALO,8.0,9.0,clear_violation,314.0,68.0,232.42049997628544,100.0,0.1455479452054794,85,584
2021,Styrian Grand Prix,FP2,ALO,21.0,10.0,clear_violation,306.0,67.0,222.17836498392336,100.0,0.174055829228243,106,609
2021,Styrian Grand Prix,FP2,ALO,22.0,10.0,clear_violation,309.0,67.0,221.37907451269223,100.0,0.1620294599018003,99,611
2021,Styrian Grand Prix,FP2,TSU,30.0,10.0,clear_violation,296.0,57.0,217.60030981733783,100.0,0.1564516129032258,97,620
2021,Styrian Grand Prix,FP2,TSU,31.0,10.0,clear_violation,297.0,61.0,219.621857498312,100.0,0.1542207792207792,95,616
2021,Styrian Grand Prix,FP2,TSU,37.0,10.0,clear_violation,297.0,69.0,217.87020612837588,100.0,0.1723027375201288,107,621
2021,Styrian Grand Prix,FP2,VER,26.0,10.0,clear_violation,299.0,67.0,223.05178894813224,100.0,0.1663920922570016,101,607
2021,Styrian Grand Prix,FP2,VER,27.0,10.0,clear_violation,304.0,65.0,223.0938704351385,100.0,0.1647446457990115,100,607
2021,Styrian Grand Prix,FP2,HAM,14.0,10.0,clear_violation,311.0,73.0,236.9778984209352,100.0,0.1190893169877408,68,571
2021,Styrian Grand Prix,FP2,HAM,15.0,10.0,clear_violation,299.0,49.0,148.40852192468168,100.0,0.187018701870187,170,909
2021,Styrian Grand Prix,FP2,HAM,21.0,9.0,clear_violation,291.0,71.0,222.9302923029828,100.0,0.131578947368421,80,608
2021,Styrian Grand Prix,FP2,HAM,27.0,10.0,clear_violation,298.0,70.0,222.7628433005351,100.0,0.1386138613861386,84,606
2021,Styrian Grand Prix,FP2,HAM,28.0,10.0,clear_violation,299.0,70.0,220.9584737737939,100.0,0.1454248366013072,89,612
2021,Styrian Grand Prix,FP2,GIO,8.0,10.0,clear_violation,318.0,66.0,232.8380023499526,100.0,0.1623931623931624,95,585
2021,Styrian Grand Prix,FP3,NOR,8.0,9.0,clear_violation,300.0,67.0,212.5466016730195,99.0,0.1442006269592476,92,638
2021,Styrian Grand Prix,FP3,NOR,12.0,10.0,clear_violation,316.0,70.0,237.61577410622124,100.0,0.1473684210526315,84,570
2021,Styrian Grand Prix,FP3,NOR,13.0,10.0,clear_violation,306.0,40.0,124.65770740592936,99.0,0.1168353265869365,127,1087
2021,Styrian Grand Prix,FP3,RAI,2.0,9.0,clear_violation,312.0,67.0,233.1394900727231,100.0,0.1675302245250431,97,579
2021,Styrian Grand Prix,FP3,MAZ,3.0,9.0,clear_violation,292.0,66.0,217.8741102628131,100.0,0.1955128205128205,122,624
2021,Styrian Grand Prix,FP3,MAZ,6.0,10.0,clear_violation,293.0,63.0,217.7060727051216,100.0,0.2003205128205128,125,624
2021,Styrian Grand Prix,FP3,MAZ,11.0,10.0,clear_violation,316.0,71.0,231.45250406550304,100.0,0.1883561643835616,110,584
2021,Styrian Grand Prix,FP3,MAZ,12.0,10.0,clear_violation,315.0,40.0,132.1093312206042,100.0,0.1333982473222979,137,1027
2021,Styrian Grand Prix,FP3,ALO,4.0,10.0,clear_violation,309.0,70.0,231.2429691232512,100.0,0.1507798960138648,87,577
2021,Styrian Grand Prix,FP3,ALO,5.0,10.0,clear_violation,288.0,51.0,138.82805106366672,100.0,0.2008412197686645,191,951
2021,Styrian Grand Prix,FP3,LEC,17.0,9.0,clear_violation,312.0,74.0,236.44213441172613,100.0,0.1436077057793345,82,571
2021,Styrian Grand Prix,FP3,TSU,4.0,10.0,clear_violation,314.0,72.0,233.4779740767269,100.0,0.1465968586387434,84,573
2021,Styrian Grand Prix,FP3,TSU,5.0,10.0,clear_violation,306.0,56.0,142.1755990061316,100.0,0.1059322033898305,100,944
2021,Styrian Grand Prix,FP3,VER,13.0,10.0,clear_violation,317.0,73.0,239.91475333026656,100.0,0.1469026548672566,83,565
2021,Styrian Grand Prix,FP3,VER,14.0,10.0,clear_violation,303.0,48.0,152.6798786967544,100.0,0.1097285067873303,97,884
2021,Styrian Grand Prix,FP3,MSC,17.0,10.0,clear_violation,316.0,70.0,235.09569793714843,100.0,0.158894645941278,92,579
2021,Styrian Grand Prix,FP3,MSC,18.0,10.0,clear_violation,308.0,53.0,124.6458511199367,100.0,0.0871559633027523,95,1090
2021,Styrian Grand Prix,FP3,SAI,2.0,9.0,clear_violation,311.0,71.0,231.9203996362659,100.0,0.1690140845070422,96,568
2021,Styrian Grand Prix,Q,HAM,23.0,9.0,clear_violation,317.0,74.0,233.77566899989563,100.0,0.1450777202072538,84,579
2021,Styrian Grand Prix,Q,GAS,5.0,10.0,clear_violation,320.0,70.0,239.07625320935813,100.0,0.1362831858407079,77,565
2021,Styrian Grand Prix,Q,TSU,14.0,10.0,clear_violation,318.0,73.0,240.17796478391105,100.0,0.146643109540636,83,566
2021,Styrian Grand Prix,Q,STR,14.0,10.0,clear_violation,318.0,68.0,239.2790141774649,100.0,0.18342151675485,104,567
2021,Styrian Grand Prix,Q,SAI,14.0,9.0,clear_violation,315.0,74.0,239.87872558820297,100.0,0.1552028218694885,88,567
2021,Styrian Grand Prix,Q,VET,14.0,10.0,clear_violation,318.0,74.0,240.05041957187777,100.0,0.1501766784452297,85,566
2021,Styrian Grand Prix,Q,MAZ,2.0,9.0,clear_violation,317.0,68.0,231.37825777506097,100.0,0.1788756388415673,105,587
2021,Styrian Grand Prix,R,HAM,5.0,9.0,clear_violation,293.0,68.0,221.54494980024225,100.0,0.1521035598705501,94,618
2021,Styrian Grand Prix,R,HAM,56.0,10.0,clear_violation,296.0,70.0,224.3314795598472,100.0,0.1428571428571428,87,609
2021,Styrian Grand Prix,R,HAM,57.0,10.0,clear_violation,297.0,68.0,224.30472114738825,100.0,0.1611842105263158,98,608
2021,Styrian Grand Prix,R,NOR,7.0,10.0,clear_violation,296.0,62.0,217.7071068886493,99.0,0.1815286624203821,114,628
2021,Styrian Grand Prix,R,NOR,8.0,10.0,clear_violation,291.0,60.0,217.29971304479835,99.0,0.1806656101426307,114,631
2021,Styrian Grand Prix,R,LEC,48.0,10.0,clear_violation,313.0,61.0,222.3101415198871,100.0,0.2019543973941368,124,614
2021,Styrian Grand Prix,R,LEC,49.0,10.0,clear_violation,320.0,59.0,222.68991105645364,100.0,0.2,122,610
2021,Styrian Grand Prix,R,LEC,51.0,10.0,clear_violation,310.0,58.0,220.92998351705617,100.0,0.2025931928687196,125,617
2021,Styrian Grand Prix,R,LEC,52.0,10.0,clear_violation,315.0,57.0,219.7396394594859,100.0,0.2016129032258064,125,620
2021,Styrian Grand Prix,R,TSU,28.0,9.0,clear_violation,304.0,66.0,218.4246873901479,100.0,0.1932907348242811,121,626
2021,Styrian Grand Prix,R,TSU,69.0,9.0,clear_violation,320.0,62.0,220.3283393381177,100.0,0.2094155844155844,129,616
2021,Styrian Grand Prix,R,RAI,64.0,10.0,clear_violation,316.0,60.0,221.4578586910804,100.0,0.1818181818181818,112,616
2021,Styrian Grand Prix,R,RAI,65.0,10.0,clear_violation,319.0,61.0,220.5115725945984,100.0,0.2249190938511326,139,618
2021,Styrian Grand Prix,R,VET,66.0,10.0,clear_violation,295.0,61.0,220.30508554602864,100.0,0.1618122977346278,100,618
2021,Styrian Grand Prix,R,VET,67.0,10.0,clear_violation,295.0,56.0,217.15739116075352,100.0,0.182108626198083,114,626
2021,Styrian Grand Prix,R,MAZ,28.0,9.0,clear_violation,295.0,63.0,216.74665846984396,100.0,0.1962025316455696,124,632
2021,São Paulo Grand Prix,FP1,LEC,18.0,4.0,no_advantage,314.0,53.0,147.09678655819854,100.0,0.1463146314631463,133,909
2021,São Paulo Grand Prix,FP1,RUS,18.0,4.0,no_advantage,312.0,63.0,154.1079658746364,100.0,0.1397228637413395,121,866
2021,São Paulo Grand Prix,FP1,BOT,28.0,5.0,no_advantage,319.0,57.0,179.69505330130616,100.0,0.2010869565217391,148,736
2021,São Paulo Grand Prix,FP2,NOR,20.0,4.0,clear_violation,326.0,76.0,205.89075590601664,100.0,0.1929012345679012,125,648
2021,São Paulo Grand Prix,FP2,RAI,29.0,4.0,clear_violation,314.0,77.0,204.02483764194344,100.0,0.1779141104294478,116,652
2021,São Paulo Grand Prix,FP2,RAI,33.0,4.0,clear_violation,313.0,74.0,204.5023554991569,100.0,0.1929555895865237,126,653
2021,São Paulo Grand Prix,FP2,MAZ,2.0,4.0,clear_violation,302.0,83.0,200.21843981493367,100.0,0.2020958083832335,135,668
2021,São Paulo Grand Prix,FP2,GAS,22.0,4.0,clear_violation,306.0,82.0,205.53725335072247,100.0,0.1523076923076923,99,650
2021,São Paulo Grand Prix,FP2,LEC,8.0,4.0,clear_violation,323.0,78.0,203.63743987438048,100.0,0.1829268292682926,120,656
2021,São Paulo Grand Prix,FP2,LEC,22.0,4.0,clear_violation,319.63333546666667,81.0,208.20987818212436,100.0,0.1934477379095164,124,641
2021,São Paulo Grand Prix,Q,HAM,11.0,4.0,clear_violation,324.0,94.0,223.1022963926233,100.0,0.1428571428571428,86,602
2021,São Paulo Grand Prix,Q,LEC,6.0,4.0,clear_violation,326.0,87.0,220.95123148375023,100.0,0.1672185430463576,101,604
2021,São Paulo Grand Prix,Q,GIO,5.0,4.0,clear_violation,330.0,86.0,218.51775406165007,100.0,0.1729200652528548,106,613
2021,São Paulo Grand Prix,Q,MSC,10.0,4.0,clear_violation,325.0,81.0,218.6277489086386,100.0,0.1636661211129296,100,611
2021,São Paulo Grand Prix,R,HAM,48.0,4.0,clear_violation,335.0,82.0,205.7529634873848,100.0,0.184331797235023,120,651
2021,São Paulo Grand Prix,R,VER,48.0,4.0,clear_violation,308.0,83.0,206.76529063755876,100.0,0.1808346213292117,117,647
2021,São Paulo Grand Prix,R,GAS,5.0,4.0,clear_violation,333.0,76.0,200.6452024866069,100.0,0.2114803625377643,140,662
2021,São Paulo Grand Prix,R,NOR,60.0,4.0,clear_violation,310.0,74.0,205.74061867075483,100.0,0.195084485407066,127,651
2021,São Paulo Grand Prix,R,RAI,64.0,4.0,clear_violation,312.0,79.0,205.9548843918272,100.0,0.1950464396284829,126,646
2021,São Paulo Grand Prix,R,MSC,43.0,4.0,clear_violation,311.0,80.0,202.1100335964084,100.0,0.1696969696969697,112,660
2021,São Paulo Grand Prix,R,MSC,65.0,4.0,clear_violation,310.0,81.0,205.70875316188855,100.0,0.1697530864197531,110,648
2021,São Paulo Grand Prix,S,VET,16.0,4.0,clear_violation,310.0,76.0,205.49509348931488,100.0,0.2076923076923077,135,650
2021,São Paulo Grand Prix,S,STR,17.0,4.0,clear_violation,336.0,77.0,205.6675042255992,100.0,0.2098765432098765,136,648
2021,São Paulo Grand Prix,S,MSC,21.0,4.0,clear_violation,310.0,81.0,200.51445936881308,100.0,0.190251572327044,121,636
2021,São Paulo Grand Prix,S,MAZ,7.0,4.0,clear_violation,336.0,77.0,199.00029585777105,100.0,0.2119402985074626,142,670
2021,São Paulo Grand Prix,S,MAZ,22.0,4.0,clear_violation,311.0,80.0,201.44398225301367,100.0,0.1859375,119,640
2021,São Paulo Grand Prix,S,RAI,3.0,1.0,no_advantage,340.9666666666667,74.0,205.9989480903753,100.0,0.2241112828438949,145,647
2021,São Paulo Grand Prix,SQ,VET,16.0,4.0,clear_violation,310.0,76.0,205.49509348931488,100.0,0.2076923076923077,135,650
2021,São Paulo Grand Prix,SQ,STR,17.0,4.0,clear_violation,336.0,77.0,205.6675042255992,100.0,0.2098765432098765,136,648
2021,São Paulo Grand Prix,SQ,MSC,21.0,4.0,clear_violation,310.0,81.0,200.51445936881308,100.0,0.190251572327044,121,636
2021,São Paulo Grand Prix,SQ,MAZ,7.0,4.0,clear_violation,336.0,77.0,199.00029585777105,100.0,0.2119402985074626,142,670
2021,São Paulo Grand Prix,SQ,MAZ,22.0,4.0,clear_violation,311.0,80.0,201.44398225301367,100.0,0.1859375,119,640
2021,São Paulo Grand Prix,SQ,RAI,3.0,1.0,no_advantage,340.9666666666667,74.0,205.9989480903753,100.0,0.2241112828438949,145,647
2021,Turkish Grand Prix,FP1,NOR,9.0,14.0,clear_violation,321.0,86.0,220.9272456227011,100.0,0.1651131824234354,124,751
2021,Turkish Grand Prix,FP1,VET,21.0,1.0,clear_violation,297.0,34.0,202.6824586336806,100.0,0.1799265605875153,147,817
2021,Turkish Grand Prix,FP1,RAI,4.0,6.0,clear_violation,327.0,80.0,213.8223233294785,100.0,0.161038961038961,124,770
2021,Turkish Grand Prix,FP1,MAZ,21.0,1.0,clear_violation,302.0,83.0,207.00171776543115,100.0,0.1793275217932752,144,803
2021,Turkish Grand Prix,FP1,MAZ,25.0,1.0,clear_violation,307.0,75.0,201.627994838898,100.0,0.197320341047503,162,821
2021,Turkish Grand Prix,FP1,GAS,5.0,14.0,clear_violation,329.0,84.0,217.7008647016748,100.0,0.1220472440944882,93,762
2021,Turkish Grand Prix,FP1,GAS,6.0,14.0,clear_violation,301.0,53.0,160.68930413303045,100.0,0.1117589893100097,115,1029
2021,Turkish Grand Prix,FP1,GAS,9.0,1.0,clear_violation,323.0,83.0,219.17901909071776,100.0,0.115079365079365,87,756
2021,Turkish Grand Prix,FP1,GAS,23.0,1.0,clear_violation,304.0,80.0,211.49440024722347,100.0,0.1455938697318007,114,783
2021,Turkish Grand Prix,FP1,GAS,24.0,1.0,clear_violation,307.0,78.0,212.06292839721792,100.0,0.1355498721227621,106,782
2021,Turkish Grand Prix,FP1,GAS,25.0,14.0,clear_violation,307.0,74.0,210.08400174705957,100.0,0.1204055766793409,95,789
2021,Turkish Grand Prix,FP1,GAS,26.0,1.0,clear_violation,305.0,76.0,212.14971637036524,100.0,0.1397435897435897,109,780
2021,Turkish Grand Prix,FP1,PER,21.0,1.0,clear_violation,301.0,78.0,212.98561225845592,100.0,0.1583011583011583,123,777
2021,Turkish Grand Prix,FP1,ALO,4.0,6.0,clear_violation,312.0,85.0,215.4254759188075,100.0,0.1402597402597402,108,770
2021,Turkish Grand Prix,FP1,ALO,23.0,1.0,clear_violation,295.0,82.0,210.95631057132448,100.0,0.1424936386768447,112,786
2021,Turkish Grand Prix,FP1,LEC,8.0,6.0,clear_violation,294.0,74.0,201.445748708434,100.0,0.1632155907429963,134,821
2021,Turkish Grand Prix,FP1,LEC,13.0,6.0,clear_violation,327.0,85.0,223.45890912011987,100.0,0.1617250673854447,120,742
2021,Turkish Grand Prix,FP1,LEC,24.0,1.0,clear_violation,308.0,73.0,210.8261040651149,100.0,0.1566878980891719,123,785
2021,Turkish Grand Prix,FP1,STR,10.0,1.0,clear_violation,318.0,87.0,220.4140421336877,100.0,0.1591511936339522,120,754
2021,Turkish Grand Prix,FP1,SAI,7.0,14.0,clear_violation,323.0,86.0,220.91882853771784,100.0,0.1546666666666666,116,750
2021,Turkish Grand Prix,FP1,GIO,15.0,14.0,clear_violation,329.0,81.0,218.88581698938623,100.0,0.1541501976284585,117,759
2021,Turkish Grand Prix,FP1,GIO,18.0,1.0,clear_violation,329.0,83.0,221.5191509692342,100.0,0.1466666666666666,110,750
2021,Turkish Grand Prix,FP1,GIO,20.0,1.0,clear_violation,300.0,72.0,162.47669184487123,100.0,0.1898238747553816,194,1022
2021,Turkish Grand Prix,FP2,RIC,14.0,1.0,clear_violation,294.0,70.0,196.89010814055055,100.0,0.1186239620403321,100,843
2021,Turkish Grand Prix,FP2,RIC,15.0,1.0,clear_violation,321.0,83.0,223.2564112014238,100.0,0.1590296495956873,118,742
2021,Turkish Grand Prix,FP2,VET,22.0,1.0,clear_violation,300.0,85.0,212.42879511410044,100.0,0.1503856041131105,117,778
2021,Turkish Grand Prix,FP2,MAZ,4.0,6.0,clear_violation,329.0,83.0,220.3328372378451,100.0,0.1906666666666666,143,750
2021,Turkish Grand Prix,FP2,MAZ,6.0,1.0,clear_violation,327.0,84.0,221.0499042764054,100.0,0.173734610123119,127,731
2021,Turkish Grand Prix,FP2,MAZ,9.0,14.0,clear_violation,332.0,86.0,221.45173381230487,100.0,0.1668891855807743,125,749
2021,Turkish Grand Prix,FP2,MAZ,10.0,14.0,clear_violation,298.0,70.0,150.43602679032222,100.0,0.1051677243880326,116,1103
2021,Turkish Grand Prix,FP2,MAZ,13.0,1.0,clear_violation,328.0,82.0,220.70263273163576,100.0,0.1779548472775564,134,753
2021,Turkish Grand Prix,FP2,GAS,11.0,1.0,clear_violation,325.0,82.0,222.97881386463752,100.0,0.1239892183288409,92,742
2021,Turkish Grand Prix,FP2,GAS,28.0,1.0,clear_violation,306.0,81.0,212.17084169271487,100.0,0.1384217335058215,107,773
2021,Turkish Grand Prix,FP2,PER,19.0,1.0,clear_violation,310.0,81.0,213.7844230707405,100.0,0.1587096774193548,123,775
2021,Turkish Grand Prix,FP2,PER,22.0,1.0,clear_violation,306.0,82.0,215.1812968307538,100.0,0.1716514954486346,132,769
2021,Turkish Grand Prix,FP2,LEC,24.0,1.0,clear_violation,315.0,77.0,212.84927628227385,100.0,0.175032175032175,136,777
2021,Turkish Grand Prix,FP2,TSU,19.0,1.0,clear_violation,308.0,81.0,212.73597039117465,100.0,0.1476251604621309,115,779
2021,Turkish Grand Prix,FP2,TSU,28.0,1.0,clear_violation,312.0,80.0,211.0116405046428,100.0,0.1495956873315364,111,742
2021,Turkish Grand Prix,FP2,OCO,8.0,1.0,clear_violation,324.0,85.0,222.85779220964088,100.0,0.1664429530201342,124,745
2021,Turkish Grand Prix,FP2,HAM,2.0,1.0,clear_violation,305.0,68.0,184.9740520681087,100.0,0.1910614525139664,171,895
2021,Turkish Grand Prix,FP2,MSC,5.0,1.0,clear_violation,304.0,45.0,174.5866697253865,100.0,0.1862433862433862,176,945
2021,Turkish Grand Prix,FP2,SAI,7.0,1.0,clear_violation,291.0,80.0,184.1353125842909,100.0,0.1360619469026548,123,904
2021,Turkish Grand Prix,FP2,SAI,25.0,1.0,clear_violation,321.0,80.0,211.7170525187588,100.0,0.1673052362707535,131,783
2021,Turkish Grand Prix,FP2,SAI,26.0,1.0,clear_violation,310.0,81.0,213.06552239711377,100.0,0.152061855670103,118,776
2021,Turkish Grand Prix,FP2,RUS,2.0,1.0,clear_violation,316.0,88.0,218.57633465825103,100.0,0.1708278580814717,130,761
2021,Turkish Grand Prix,FP2,BOT,17.0,1.0,clear_violation,316.0,58.0,196.60635522925392,100.0,0.1834319526627219,155,845
2021,Turkish Grand Prix,FP2,GIO,15.0,1.0,clear_violation,331.0,82.0,223.3455107225001,100.0,0.1451612903225806,108,744
2021,Turkish Grand Prix,FP2,GIO,23.0,1.0,clear_violation,324.0,71.0,207.69951865389848,100.0,0.1752190237797246,140,799
2021,Turkish Grand Prix,FP2,MSC,4.0,1.0,no_advantage,313.0,52.0,166.60907714573992,100.0,0.1286141575274177,129,1003
2021,Turkish Grand Prix,FP2,MAZ,5.0,1.0,no_advantage,293.0,73.0,156.67878310616385,100.0,0.1450381679389313,152,1048
2021,Turkish Grand Prix,FP2,SAI,6.0,1.0,no_advantage,288.0,48.0,120.4638940430975,100.0,0.1021897810218978,140,1370
2021,Turkish Grand Prix,FP2,TSU,15.0,9.0,no_advantage,305.0,68.0,192.2835104396692,100.0,0.111368909512761,96,862
2021,Turkish Grand Prix,FP2,BOT,16.0,1.0,no_advantage,295.0,0.0,137.478260705618,100.0,0.2191666666666666,263,1200
2021,Turkish Grand Prix,FP2,VER,15.0,7.0,no_advantage,304.0,85.0,214.5633497427961,100.0,0.1539456662354463,119,773
2021,Turkish Grand Prix,FP3,STR,7.0,14.0,clear_violation,302.0,73.0,199.60641426651824,100.0,0.181159420289855,150,828
2021,Turkish Grand Prix,FP3,GIO,19.0,1.0,clear_violation,285.0,76.0,170.13260769869703,100.0,0.1917948717948717,187,975
2021,Turkish Grand Prix,FP3,GAS,3.0,11.0,no_advantage,267.0,65.0,151.2440553998096,100.0,0.12073732718894,131,1085
2021,Turkish Grand Prix,FP3,ALO,11.0,1.0,no_advantage,274.0,47.0,157.72263669366248,100.0,0.1724787935909519,183,1061
2021,Turkish Grand Prix,FP3,SAI,14.0,8.0,no_advantage,270.0,34.0,133.39377571776757,100.0,0.1168935148118494,146,1249
2021,Turkish Grand Prix,FP3,GIO,18.0,1.0,no_advantage,274.0,65.0,133.12207827525404,100.0,0.1698717948717948,212,1248
2021,Turkish Grand Prix,Q,HAM,2.0,1.0,clear_violation,311.0,85.0,207.1698578499416,100.0,0.195,156,800
2021,Turkish Grand Prix,Q,HAM,6.0,1.0,clear_violation,302.0,78.0,192.7830790244912,100.0,0.176196032672112,151,857
2021,Turkish Grand Prix,Q,VER,7.0,1.0,clear_violation,319.0,88.0,222.988204553466,100.0,0.1659807956104252,121,729
2021,Turkish Grand Prix,Q,LEC,2.0,1.0,clear_violation,298.0,66.0,187.23587255159745,100.0,0.1864406779661017,165,885
2021,Turkish Grand Prix,Q,LEC,3.0,1.0,clear_violation,324.0,84.0,215.25341808951947,100.0,0.165149544863459,127,769
2021,Turkish Grand Prix,Q,LEC,17.0,14.0,clear_violation,325.0,0.0,193.4290483688496,100.0,0.159487776484284,137,859
2021,Turkish Grand Prix,Q,PER,12.0,1.0,clear_violation,301.0,0.0,146.42143217502587,100.0,0.279319606087735,312,1117
2021,Turkish Grand Prix,Q,TSU,2.0,1.0,clear_violation,299.0,73.0,178.07937859315865,100.0,0.1905274488697524,177,929
2021,Turkish Grand Prix,Q,VET,7.0,1.0,clear_violation,303.0,83.0,188.14343607692064,100.0,0.2157772621809744,186,862
2021,Turkish Grand Prix,Q,RUS,19.0,14.0,clear_violation,316.0,88.0,219.4776998453245,100.0,0.1591511936339522,120,754
2021,Turkish Grand Prix,Q,MSC,2.0,1.0,clear_violation,301.0,72.0,192.73649711836265,100.0,0.1832946635730858,158,862
2021,Turkish Grand Prix,Q,SAI,2.0,1.0,clear_violation,309.0,0.0,165.24090189924695,100.0,0.1880597014925373,189,1005
2021,Turkish Grand Prix,Q,SAI,3.0,1.0,clear_violation,320.0,76.0,212.39739070086344,100.0,0.1641025641025641,128,780
2021,Turkish Grand Prix,Q,LAT,8.0,1.0,clear_violation,305.0,73.0,196.18479229687563,100.0,0.1862980769230769,155,832
2021,Turkish Grand Prix,Q,GIO,2.0,1.0,clear_violation,300.0,50.0,177.1462590457488,100.0,0.1965811965811965,184,936
2021,Turkish Grand Prix,Q,RAI,2.0,1.0,clear_violation,298.0,29.0,177.57823167463624,100.0,0.1837606837606837,172,936
2021,Turkish Grand Prix,Q,RAI,3.0,1.0,clear_violation,304.0,72.0,178.7393868547267,100.0,0.2257019438444924,209,926
2021,Turkish Grand Prix,Q,RAI,5.0,1.0,clear_violation,301.0,28.0,161.90074613355566,100.0,0.2138671875,219,1024
2021,Turkish Grand Prix,Q,MAZ,2.0,1.0,clear_violation,303.0,65.0,193.41813586546868,100.0,0.2137850467289719,183,856
2021,Turkish Grand Prix,Q,MAZ,8.0,1.0,clear_violation,304.0,58.0,179.89298813187978,100.0,0.1955555555555555,176,900
2021,Turkish Grand Prix,Q,SAI,1.0,1.0,no_advantage,269.0,9.0,126.181348650174,100.0,0.1622950819672131,198,1220
2021,Turkish Grand Prix,Q,TSU,4.0,1.0,no_advantage,286.0,72.0,152.82573754124658,100.0,0.1597414589104339,173,1083
2021,Turkish Grand Prix,Q,MAZ,7.0,1.0,no_advantage,301.0,0.0,103.86619558120704,104.0,0.2809131261889664,443,1577
2021,Turkish Grand Prix,Q,LEC,17.0,14.0,no_advantage,325.0,0.0,193.4290483688496,100.0,0.159487776484284,137,859
2021,Turkish Grand Prix,Q,STR,16.0,1.0,no_advantage,293.0,48.0,154.55819582859962,100.0,0.2072829131652661,222,1071
2021,Turkish Grand Prix,R,SAI,14.0,12.0,no_advantage,308.0,65.0,201.55939953323332,100.0,0.1990291262135922,164,824
2021,Turkish Grand Prix,R,VET,36.0,7.0,no_advantage,306.0,69.0,193.36321391309497,100.0,0.2079905992949471,177,851
2021,United States Grand Prix,FP1,RIC,3.0,9.0,clear_violation,323.0,74.0,200.46169417823796,100.0,0.167643610785463,143,853
2021,United States Grand Prix,FP1,RIC,4.0,9.0,clear_violation,269.0,62.0,146.96823112867224,99.0,0.0952789699570815,111,1165
2021,United States Grand Prix,FP1,RIC,11.0,19.0,clear_violation,321.0,74.0,203.7474350694222,99.0,0.178359096313912,150,841
2021,United States Grand Prix,FP1,NOR,10.0,19.0,clear_violation,318.0,64.0,199.9073923822843,100.0,0.169965075669383,146,859
2021,United States Grand Prix,FP1,VET,8.0,9.0,clear_violation,320.0,72.0,203.5688252448921,100.0,0.187871581450654,158,841
2021,United States Grand Prix,FP1,RAI,2.0,9.0,clear_violation,321.0,72.0,196.5837136815221,100.0,0.1791044776119403,156,871
2021,United States Grand Prix,FP1,MAZ,6.0,19.0,clear_violation,318.0,45.0,191.7638088879185,100.0,0.2165178571428571,194,896
2021,United States Grand Prix,FP1,MAZ,8.0,19.0,clear_violation,318.0,72.0,193.9331757422065,100.0,0.2395005675368899,211,881
2021,United States Grand Prix,FP1,MAZ,14.0,19.0,clear_violation,299.0,69.0,186.18784661461493,100.0,0.2210184182015168,204,923
2021,United States Grand Prix,FP1,GAS,3.0,9.0,clear_violation,317.0,74.0,199.6184449725308,100.0,0.1590643274853801,136,855
2021,United States Grand Prix,FP1,PER,5.0,9.0,clear_violation,314.0,55.0,168.63180787160152,100.0,0.1668311944718657,169,1013
2021,United States Grand Prix,FP1,PER,6.0,9.0,clear_violation,317.0,69.0,193.83004128505752,100.0,0.1900452488687782,168,884
2021,United States Grand Prix,FP1,PER,11.0,19.0,clear_violation,315.0,73.0,204.5574291675287,100.0,0.1599045346062052,134,838
2021,United States Grand Prix,FP1,PER,14.0,9.0,clear_violation,295.0,73.0,192.59563196874348,100.0,0.1732283464566929,154,889
2021,United States Grand Prix,FP1,PER,16.0,19.0,clear_violation,296.0,71.0,192.09720361076072,100.0,0.1840628507295174,164,891
2021,United States Grand Prix,FP1,STR,4.0,9.0,clear_violation,316.0,70.0,199.2026092474233,100.0,0.2202797202797203,189,858
2021,United States Grand Prix,FP1,STR,13.0,9.0,clear_violation,320.0,74.0,200.95307340441136,100.0,0.2329411764705882,198,850
2021,United States Grand Prix,FP1,TSU,11.0,19.0,clear_violation,316.0,70.0,201.43414083606532,100.0,0.1699882766705744,145,853
2021,United States Grand Prix,FP1,TSU,14.0,19.0,clear_violation,316.0,73.0,201.35389548021735,100.0,0.1647058823529411,140,850
2021,United States Grand Prix,FP1,TSU,21.0,19.0,clear_violation,323.0,67.0,188.50287719023373,100.0,0.1980088495575221,179,904
2021,United States Grand Prix,FP1,OCO,4.0,9.0,clear_violation,313.0,74.0,198.60907999968023,100.0,0.2006960556844547,173,862
2021,United States Grand Prix,FP1,OCO,16.0,9.0,clear_violation,311.0,73.0,201.9900877284801,100.0,0.1863207547169811,158,848
2021,United States Grand Prix,FP1,VER,13.0,19.0,clear_violation,295.0,66.0,190.2476938857424,100.0,0.1809100998890122,163,901
2021,United States Grand Prix,FP1,SAI,7.0,19.0,clear_violation,318.0,73.0,201.3489676942593,100.0,0.1711606096131301,146,853
2021,United States Grand Prix,FP2,VET,7.0,19.0,clear_violation,293.0,76.0,192.9208953636181,100.0,0.1724915445321307,153,887
2021,United States Grand Prix,FP2,VET,25.0,9.0,clear_violation,297.0,70.0,191.65361079871144,100.0,0.1912632821723731,162,847
2021,United States Grand Prix,FP2,LAT,2.0,19.0,clear_violation,317.0,75.0,199.21232418286544,100.0,0.1916376306620209,165,861
2021,United States Grand Prix,FP2,RAI,20.0,9.0,clear_violation,328.0,66.0,191.55413323735812,100.0,0.2273262661955241,193,849
2021,United States Grand Prix,FP2,RAI,22.0,19.0,clear_violation,301.0,69.0,190.75461282338432,100.0,0.2041049030786773,179,877
2021,United States Grand Prix,FP2,RAI,24.0,9.0,clear_violation,301.0,68.0,191.15132965792077,100.0,0.203125,182,896
2021,United States Grand Prix,FP2,MAZ,4.0,19.0,clear_violation,326.0,75.0,198.46627929467672,100.0,0.2209302325581395,190,860
2021,United States Grand Prix,FP2,MAZ,6.0,19.0,clear_violation,321.0,73.0,196.9769836546072,100.0,0.2096774193548387,182,868
2021,United States Grand Prix,FP2,MAZ,16.0,19.0,clear_violation,298.0,69.0,189.50171406047085,100.0,0.225,198,880
2021,United States Grand Prix,FP2,MAZ,19.0,19.0,clear_violation,298.0,64.0,184.2076346496788,100.0,0.1842723004694835,157,852
2021,United States Grand Prix,FP2,GAS,22.0,19.0,clear_violation,297.0,65.0,188.9104684630935,100.0,0.1706214689265536,151,885
2021,United States Grand Prix,FP2,PER,22.0,9.0,clear_violation,295.0,73.0,189.8944575774528,100.0,0.1932203389830508,171,885
2021,United States Grand Prix,FP2,ALO,2.0,9.0,clear_violation,324.0,76.0,203.79134211036504,100.0,0.1821428571428571,153,840
2021,United States Grand Prix,FP2,LEC,5.0,9.0,clear_violation,320.0,77.0,203.16409187807795,100.0,0.1876484560570071,158,842
2021,United States Grand Prix,FP2,LEC,11.0,19.0,clear_violation,319.0,75.0,204.21995912226404,100.0,0.1923536439665472,161,837
2021,United States Grand Prix,FP2,LEC,16.0,9.0,clear_violation,299.0,70.0,193.4684348683644,100.0,0.2271662763466042,194,854
2021,United States Grand Prix,FP2,STR,15.0,19.0,clear_violation,296.0,69.0,190.5166191811018,100.0,0.1763392857142857,158,896
2021,United States Grand Prix,FP2,TSU,10.0,19.0,clear_violation,316.0,72.0,202.57946746812144,100.0,0.1621301775147929,137,845
2021,United States Grand Prix,FP2,TSU,18.0,19.0,clear_violation,297.0,68.0,189.36423139516396,100.0,0.16878612716763,146,865
2021,United States Grand Prix,FP2,TSU,19.0,9.0,clear_violation,298.0,67.0,189.54148942599963,100.0,0.1724137931034483,150,870
2021,United States Grand Prix,FP2,OCO,19.0,9.0,clear_violation,298.0,68.0,188.37060633374148,100.0,0.1969339622641509,167,848
2021,United States Grand Prix,FP2,HAM,7.0,19.0,clear_violation,319.0,75.0,206.86862012788455,100.0,0.1717049576783555,142,827
2021,United States Grand Prix,FP2,MSC,2.0,19.0,clear_violation,326.0,75.0,200.10402721533563,100.0,0.2002341920374707,171,854
2021,United States Grand Prix,FP2,BOT,20.0,9.0,clear_violation,322.0,67.0,188.2295849153566,100.0,0.2324766355140187,199,856
2021,United States Grand Prix,FP2,VER,3.0,20.0,no_advantage,265.0,51.0,138.66575533729923,100.0,0.2163501238645747,262,1211
2021,United States Grand Prix,FP2,MSC,3.0,1.0,no_advantage,284.0,50.0,123.4820360852121,100.0,0.1349782293178519,186,1378
2021,United States Grand Prix,FP2,OCO,5.0,1.0,no_advantage,269.0,56.0,121.75870389265611,100.0,0.0826743350107836,115,1391
2021,United States Grand Prix,FP2,NOR,4.0,11.0,no_advantage,270.0,48.0,129.86846009153794,100.0,0.1069802731411229,141,1318
2021,United States Grand Prix,FP3,RAI,10.0,9.0,clear_violation,321.0,70.0,202.13151853793943,100.0,0.1877990430622009,157,836
2021,United States Grand Prix,FP3,RAI,19.0,9.0,clear_violation,321.0,68.0,202.3307424129368,100.0,0.1900826446280991,161,847
2021,United States Grand Prix,FP3,MAZ,2.0,19.0,clear_violation,317.0,69.0,198.7663136161309,100.0,0.2046511627906976,176,860
2021,United States Grand Prix,FP3,MAZ,9.0,9.0,clear_violation,318.0,70.0,201.41573816465015,100.0,0.2058823529411764,175,850
2021,United States Grand Prix,FP3,MAZ,12.0,19.0,clear_violation,319.0,68.0,201.63304480134528,100.0,0.2084805653710247,177,849
2021,United States Grand Prix,FP3,GAS,4.0,9.0,clear_violation,322.0,70.0,203.0217708046428,100.0,0.1584038694074969,131,827
2021,United States Grand Prix,FP3,LEC,10.0,19.0,clear_violation,320.0,74.0,205.61655043744108,100.0,0.1872749099639856,156,833
2021,United States Grand Prix,FP3,STR,2.0,9.0,clear_violation,312.0,75.0,201.93400480876693,100.0,0.1975609756097561,162,820
2021,United States Grand Prix,FP3,TSU,2.0,9.0,clear_violation,312.0,64.0,200.1085656158345,100.0,0.1609058402860548,135,839
2021,United States Grand Prix,FP3,VER,9.0,19.0,clear_violation,315.0,73.0,208.014925365337,100.0,0.1699029126213592,140,824
2021,United States Grand Prix,FP3,HAM,12.0,9.0,clear_violation,318.0,73.0,207.6370933536272,100.0,0.1709090909090909,141,825
2021,United States Grand Prix,FP3,MSC,12.0,19.0,clear_violation,318.0,73.0,195.19181899870992,100.0,0.2015945330296127,177,878
2021,United States Grand Prix,FP3,BOT,2.0,19.0,clear_violation,312.0,74.0,205.5698849760442,100.0,0.1739659367396593,143,822
2021,United States Grand Prix,Q,PER,8.0,19.0,clear_violation,318.0,72.0,208.3117162631021,100.0,0.1652593486127865,137,829
2021,United States Grand Prix,Q,RIC,5.0,9.0,clear_violation,324.0,73.0,207.7439783762884,99.0,0.1672683513838748,139,831
2021,United States Grand Prix,Q,RUS,10.0,9.0,clear_violation,322.0,73.0,205.04929960582277,100.0,0.2054631828978622,173,842
2021,United States Grand Prix,Q,STR,4.0,19.0,clear_violation,318.0,75.0,203.9299807448231,100.0,0.2045184304399524,172,841
2021,United States Grand Prix,Q,RAI,3.0,19.0,clear_violation,326.0,72.0,203.6564650221624,100.0,0.1869047619047619,157,840
2021,United States Grand Prix,Q,MAZ,2.0,19.0,clear_violation,320.0,71.0,200.26716128484992,100.0,0.2096018735362997,179,854
2021,United States Grand Prix,Q,MAZ,8.0,3.0,no_advantage,292.0,66.0,159.69818493992645,100.0,0.190253045923149,203,1067
2021,United States Grand Prix,Q,MAZ,8.0,15.0,no_advantage,292.0,66.0,159.69818493992645,100.0,0.190253045923149,203,1067
2021,United States Grand Prix,R,VER,4.0,19.0,clear_violation,319.0,69.0,193.44980844121807,100.0,0.2045714285714285,179,875
2021,United States Grand Prix,R,PER,13.0,19.0,clear_violation,296.0,0.0,161.28638645519678,100.0,0.2124645892351274,225,1059
2021,United States Grand Prix,R,TSU,11.0,9.0,clear_violation,316.0,66.0,191.43069598329225,100.0,0.1858902575587906,166,893
2021,United States Grand Prix,R,VET,51.0,19.0,clear_violation,292.0,67.0,192.99175836857293,100.0,0.201803833145434,179,887
2021,United States Grand Prix,R,VET,55.0,19.0,clear_violation,295.0,69.0,192.98433201788453,100.0,0.1869369369369369,166,888
2021,United States Grand Prix,R,GIO,28.0,9.0,clear_violation,302.0,72.0,194.5346513196617,100.0,0.204778156996587,180,879
2021,United States Grand Prix,R,STR,21.0,9.0,clear_violation,295.0,65.0,189.8663218901099,100.0,0.2073170731707317,187,902
2021,United States Grand Prix,R,STR,29.0,9.0,clear_violation,327.0,62.0,188.8868453958988,100.0,0.2375690607734806,215,905
2021,United States Grand Prix,R,STR,47.0,9.0,clear_violation,296.0,63.0,193.10662941087023,100.0,0.2101694915254237,186,885
2021,United States Grand Prix,R,RAI,13.0,9.0,clear_violation,306.0,0.0,159.69749013747568,100.0,0.2469597754911132,264,1069
2021,United States Grand Prix,R,RAI,16.0,1.0,clear_violation,313.0,64.0,188.62101750603208,100.0,0.2373068432671081,215,906
2021,United States Grand Prix,R,RAI,33.0,19.0,clear_violation,340.0,55.0,189.95051653051377,100.0,0.2449664429530201,219,894
2021,United States Grand Prix,R,RAI,40.0,19.0,clear_violation,311.0,67.0,192.0935609371689,100.0,0.2294713160854893,204,889
2021,United States Grand Prix,R,RUS,14.0,19.0,clear_violation,297.0,69.0,188.48061156321552,100.0,0.2293274531422271,208,907
2021,United States Grand Prix,R,RUS,40.0,9.0,clear_violation,299.0,69.0,191.2579911681369,100.0,0.2069351230425055,185,894
2021,United States Grand Prix,R,LAT,55.0,9.0,clear_violation,302.0,66.0,188.4225015125216,100.0,0.2,181,905
2021,United States Grand Prix,R,MSC,46.0,19.0,clear_violation,300.0,67.0,192.21241013630947,100.0,0.206047032474804,184,893
2021,United States Grand Prix,R,MAZ,5.0,19.0,clear_violation,298.0,67.0,186.8723624324236,100.0,0.2241758241758241,204,910
2021,United States Grand Prix,R,MAZ,30.0,19.0,clear_violation,323.0,70.0,180.99150599524512,100.0,0.240506329113924,228,948
2021,United States Grand Prix,R,MAZ,39.0,9.0,clear_violation,298.0,63.0,184.2659268953887,100.0,0.2623655913978495,244,930
2021,United States Grand Prix,R,OCO,6.0,1.0,clear_violation,297.0,67.0,186.6804947933969,100.0,0.2050163576881134,188,917
2021,United States Grand Prix,R,GAS,11.0,9.0,clear_violation,308.0,0.0,159.47015948792702,100.0,0.2070895522388059,222,1072
2022,Abu Dhabi Grand Prix,Q,PER,11.0,1.0,clear_violation,331.0,66.0,220.3868054385313,100.0,0.1236306729264475,79,639
2022,Abu Dhabi Grand Prix,Q,ALB,5.0,1.0,clear_violation,330.0,65.0,216.49900802136244,100.0,0.1721556886227545,115,668
2022,Abu Dhabi Grand Prix,R,LEC,6.0,1.0,clear_violation,303.0,62.0,206.13500286746415,100.0,0.1673640167364016,120,717
2022,Abu Dhabi Grand Prix,R,PER,14.0,1.0,clear_violation,305.0,64.0,204.4484954785857,100.0,0.1539568345323741,107,695
2022,Abu Dhabi Grand Prix,R,PER,38.0,1.0,clear_violation,307.0,67.0,208.48873458412095,100.0,0.1547445255474452,106,685
2022,Abu Dhabi Grand Prix,R,SAI,5.0,1.0,clear_violation,312.0,56.0,202.92216630964245,100.0,0.2140845070422535,152,710
2022,Abu Dhabi Grand Prix,R,SAI,25.0,1.0,clear_violation,309.0,63.0,206.8619000736179,100.0,0.1657142857142857,116,700
2022,Abu Dhabi Grand Prix,R,RUS,28.0,1.0,clear_violation,299.0,65.0,208.51651469121,100.0,0.157819225251076,110,697
2022,Abu Dhabi Grand Prix,R,NOR,5.0,1.0,clear_violation,320.0,60.0,201.9437842068968,100.0,0.2112676056338028,150,710
2022,Abu Dhabi Grand Prix,R,NOR,42.0,1.0,clear_violation,300.0,56.0,198.78133512471624,100.0,0.2027972027972027,145,715
2022,Abu Dhabi Grand Prix,R,STR,15.0,1.0,clear_violation,299.0,61.0,203.70638060587376,100.0,0.1707317073170731,119,697
2022,Abu Dhabi Grand Prix,R,STR,43.0,9.0,clear_violation,322.0,57.0,201.51749633080289,100.0,0.2152974504249291,152,706
2022,Abu Dhabi Grand Prix,R,VET,8.0,9.0,clear_violation,323.0,60.0,201.13367519821196,100.0,0.201418439716312,142,705
2022,Abu Dhabi Grand Prix,R,VET,15.0,1.0,clear_violation,300.0,58.0,204.14290364162176,100.0,0.1822033898305084,129,708
2022,Abu Dhabi Grand Prix,R,ZHO,38.0,1.0,clear_violation,302.0,68.0,204.23094614896192,100.0,0.1789772727272727,126,704
2022,Abu Dhabi Grand Prix,R,ALB,33.0,3.0,clear_violation,313.0,63.0,202.82074212126463,100.0,0.1757142857142857,123,700
2022,Abu Dhabi Grand Prix,R,GAS,17.0,16.0,clear_violation,306.0,64.0,207.70574038326924,100.0,0.1514285714285714,106,700
2022,Abu Dhabi Grand Prix,R,GAS,18.0,16.0,clear_violation,303.0,63.0,206.8732341142664,100.0,0.1459227467811159,102,699
2022,Abu Dhabi Grand Prix,R,GAS,22.0,3.0,clear_violation,310.0,60.0,204.41374974548236,100.0,0.1576704545454545,111,704
2022,Abu Dhabi Grand Prix,R,GAS,57.0,6.0,clear_violation,323.0,75.0,201.2238956259625,100.0,0.1870604781997187,133,711
2022,Abu Dhabi Grand Prix,R,MSC,2.0,1.0,clear_violation,300.0,62.0,199.43740004657283,100.0,0.1960227272727272,138,704
2022,Abu Dhabi Grand Prix,R,MAG,19.0,3.0,clear_violation,301.0,65.0,197.74653101274163,100.0,0.1763888888888889,127,720
2022,Abu Dhabi Grand Prix,R,MAG,53.0,1.0,clear_violation,302.0,65.0,203.16261301882696,100.0,0.1741654571843251,120,689
2022,Abu Dhabi Grand Prix,R,HAM,7.0,1.0,clear_violation,304.0,62.0,204.3055490778605,100.0,0.1790393013100436,123,687
2022,Abu Dhabi Grand Prix,R,HAM,12.0,1.0,clear_violation,300.0,66.0,203.3071983490436,100.0,0.1712230215827338,119,695
2022,Abu Dhabi Grand Prix,R,HAM,51.0,1.0,clear_violation,303.0,63.0,206.80091713834435,100.0,0.1693667157584683,115,679
2022,Abu Dhabi Grand Prix,R,ALO,15.0,1.0,clear_violation,320.0,58.0,203.88767886435596,100.0,0.193502824858757,137,708
2022,Australian Grand Prix,FP2,RUS,5.0,1.0,no_advantage,314.0,51.0,196.3845707964468,100.0,0.1631799163179916,117,717
2022,Australian Grand Prix,FP2,HAM,6.0,12.0,no_advantage,313.0,74.0,214.0910016204752,100.0,0.1487730061349693,97,652
2022,Australian Grand Prix,FP2,MSC,1.0,11.0,no_advantage,297.872181594437,0.0,162.9097868296054,100.0,0.1748013620885357,154,881
2022,Australian Grand Prix,FP2,SAI,10.0,6.0,no_advantage,312.0,98.0,237.62587878767795,100.0,0.147457627118644,87,590
2022,Australian Grand Prix,FP2,BOT,10.0,1.0,no_advantage,312.0,65.0,184.41398557197903,100.0,0.2112299465240641,158,748
2022,Australian Grand Prix,FP2,LAT,10.0,6.0,no_advantage,312.0,48.0,152.2549868424633,100.0,0.1918859649122807,175,912
2022,Australian Grand Prix,FP2,HAM,11.0,8.0,no_advantage,301.0,56.0,169.41039636314295,100.0,0.1914893617021276,162,846
2022,Australian Grand Prix,FP2,OCO,13.0,10.0,no_advantage,321.0,95.0,236.52339033567463,100.0,0.1597337770382695,96,601
2022,Australian Grand Prix,FP2,SAI,23.0,13.0,no_advantage,303.0,63.0,217.37565875268515,100.0,0.1485451761102603,97,653
2022,Australian Grand Prix,FP3,VER,13.0,6.0,no_advantage,324.0,0.0,174.50225494250714,100.0,0.2296110414052697,183,797
2022,Australian Grand Prix,FP3,HAM,13.0,9.0,no_advantage,299.0,74.0,202.22461823546297,100.0,0.1966463414634146,129,656
2022,Australian Grand Prix,FP3,SAI,16.0,10.0,no_advantage,298.0,85.0,156.11332293306398,100.0,0.1479421579532814,133,899
2022,Australian Grand Prix,FP3,NOR,12.0,10.0,no_advantage,310.0,67.0,189.8596828127424,100.0,0.1388101983002833,98,706
2022,Australian Grand Prix,Q,TSU,14.0,11.0,clear_violation,317.0,32.0,192.8286373131948,100.0,0.1120815138282387,77,687
2022,Australian Grand Prix,Q,TSU,3.0,11.0,no_advantage,306.0,75.0,166.3477967634708,100.0,0.1152460984393757,96,833
2022,Australian Grand Prix,Q,TSU,3.0,10.0,no_advantage,306.0,75.0,166.3477967634708,100.0,0.1152460984393757,96,833
2022,Australian Grand Prix,Q,RUS,9.0,11.0,no_advantage,301.05817086903863,11.0,177.67288053215265,100.0,0.1492537313432835,120,804
2022,Australian Grand Prix,Q,SAI,21.0,6.0,no_advantage,315.0,95.0,235.22874419631125,100.0,0.1430948419301164,86,601
2022,Australian Grand Prix,R,LAT,8.0,4.0,no_advantage,313.0,87.0,215.05049908459893,100.0,0.1782477341389728,118,662
2022,Australian Grand Prix,R,VET,10.0,11.0,no_advantage,314.0,0.0,201.8213735542536,100.0,0.172027972027972,123,715
2022,Australian Grand Prix,R,MSC,11.0,11.0,no_advantage,310.0,81.0,215.60230951633383,100.0,0.1687116564417178,110,652
2022,Australian Grand Prix,R,MAG,15.0,9.0,no_advantage,307.0,88.0,222.09828054984192,100.0,0.1534883720930232,99,645
2022,Australian Grand Prix,R,BOT,16.0,10.0,no_advantage,321.0,78.0,222.69800420207304,100.0,0.1774691358024691,115,648
2022,Australian Grand Prix,R,MAG,50.0,2.0,no_advantage,307.0,88.0,223.2259472166692,100.0,0.1474358974358974,92,624
2022,Australian Grand Prix,R,PER,51.0,13.0,no_advantage,308.0,92.0,226.5594951883692,100.0,0.1384364820846905,85,614
2022,Australian Grand Prix,R,GAS,53.0,13.0,no_advantage,305.0,56.0,219.41589366372008,100.0,0.1327300150829562,88,663
2022,Austrian Grand Prix,FP1,BOT,18.0,9.0,no_advantage,298.0,65.0,180.10687410794165,100.0,0.221311475409836,135,610
2022,Austrian Grand Prix,FP1,HAM,25.0,1.0,no_advantage,279.01000192,33.0,140.4807315395409,100.0,0.2088305489260143,175,838
2022,Austrian Grand Prix,FP2,LEC,18.0,3.0,no_advantage,293.0,65.0,221.2335586319508,100.0,0.1722846441947565,92,534
2022,Austrian Grand Prix,FP2,HAM,6.0,1.0,no_advantage,292.0,67.0,221.1908940397041,100.0,0.1623134328358209,87,536
2022,Austrian Grand Prix,Q,VER,2.0,10.0,clear_violation,323.0,70.0,234.23634765695283,100.0,0.1828793774319066,94,514
2022,Austrian Grand Prix,Q,VER,3.0,10.0,clear_violation,297.0,49.0,135.10822383353923,100.0,0.182648401826484,160,876
2022,Austrian Grand Prix,Q,SAI,2.0,10.0,clear_violation,318.0,71.0,232.56687524126045,100.0,0.1774193548387097,88,496
2022,Austrian Grand Prix,Q,SAI,3.0,10.0,clear_violation,297.0,47.0,122.88135175266638,100.0,0.1995708154506437,186,932
2022,Austrian Grand Prix,Q,SAI,12.0,1.0,clear_violation,320.0,68.0,233.62760151887008,100.0,0.1734892787524366,89,513
2022,Austrian Grand Prix,Q,RUS,7.0,1.0,clear_violation,320.0,70.0,233.18465388392772,100.0,0.1339805825242718,69,515
2022,Austrian Grand Prix,Q,MAG,5.0,10.0,clear_violation,322.0,71.0,231.0921836801476,100.0,0.1783567134268537,89,499
2022,Austrian Grand Prix,Q,MSC,17.0,10.0,clear_violation,320.0,65.0,231.6125785398964,100.0,0.1646586345381526,82,498
2022,Austrian Grand Prix,Q,ALO,13.0,10.0,clear_violation,317.0,69.0,233.84099528938108,100.0,0.1798418972332015,91,506
2022,Austrian Grand Prix,Q,HAM,15.0,10.0,clear_violation,318.0,71.0,236.5162197193631,100.0,0.1297405189620758,65,501
2022,Austrian Grand Prix,Q,ALB,5.0,9.0,clear_violation,323.0,73.0,231.24805811426808,100.0,0.1624758220502901,84,517
2022,Austrian Grand Prix,Q,PER,14.0,9.0,clear_violation,320.0,69.0,233.5203190889767,100.0,0.1807465618860511,92,509
2022,Austrian Grand Prix,Q,TSU,13.0,10.0,clear_violation,319.0,70.0,230.19607640733463,100.0,0.1572815533980582,81,515
2022,Austrian Grand Prix,Q,NOR,17.0,7.0,clear_violation,317.0,68.0,231.74509319528696,99.0,0.1341222879684418,68,507
2022,Austrian Grand Prix,Q,STR,2.0,10.0,clear_violation,311.0,66.0,229.9534699920164,100.0,0.1791338582677165,91,508
2022,Austrian Grand Prix,Q,STR,3.0,10.0,clear_violation,292.0,49.0,142.93425422453907,100.0,0.1646039603960396,133,808
2022,Austrian Grand Prix,Q,STR,8.0,1.0,clear_violation,310.0,57.0,158.87428247954762,100.0,0.2401091405184174,176,733
2022,Austrian Grand Prix,Q,LAT,2.0,10.0,clear_violation,319.0,62.0,226.4144932753795,100.0,0.1809145129224652,91,503
2022,Austrian Grand Prix,Q,VET,11.0,1.0,clear_violation,320.0,72.0,232.40317900236784,100.0,0.1554702495201535,81,521
2022,Austrian Grand Prix,Q,NOR,14.0,1.0,no_advantage,284.94000128,55.0,166.097520248613,98.0,0.152327221438646,108,709
2022,Austrian Grand Prix,Q,TSU,18.0,1.0,no_advantage,287.4249984,0.0,72.94745212827002,100.0,0.0938628158844765,156,1662
2022,Austrian Grand Prix,R,VER,12.0,9.0,clear_violation,297.0,65.0,214.67612072272877,100.0,0.2093457943925233,112,535
2022,Austrian Grand Prix,R,VER,24.0,10.0,clear_violation,293.0,63.0,218.72215702727723,100.0,0.1883239171374764,100,531
2022,Austrian Grand Prix,R,VER,25.0,10.0,clear_violation,294.0,67.0,217.00864801179395,100.0,0.1843687374749499,92,499
2022,Austrian Grand Prix,R,GAS,6.0,9.0,clear_violation,315.0,61.0,213.35775826278825,100.0,0.2014787430683918,109,541
2022,Austrian Grand Prix,R,GAS,18.0,10.0,clear_violation,298.0,65.0,217.4215480926204,100.0,0.1648148148148148,89,540
2022,Austrian Grand Prix,R,GAS,19.0,10.0,clear_violation,295.0,66.0,216.4346273322632,100.0,0.1794871794871795,98,546
2022,Austrian Grand Prix,R,GAS,22.0,10.0,clear_violation,302.0,65.0,213.2556109305633,100.0,0.1736745886654479,95,547
2022,Austrian Grand Prix,R,GAS,23.0,10.0,clear_violation,297.0,63.0,212.3368387338614,100.0,0.191449814126394,103,538
2022,Austrian Grand Prix,R,GAS,31.0,1.0,clear_violation,298.0,66.0,215.5623634733734,100.0,0.1777777777777777,96,540
2022,Austrian Grand Prix,R,PER,14.0,10.0,clear_violation,295.0,66.0,214.68702698293703,100.0,0.2084130019120459,109,523
2022,Austrian Grand Prix,R,PER,15.0,9.0,clear_violation,297.0,65.0,214.058599967683,100.0,0.1912878787878787,101,528
2022,Austrian Grand Prix,R,LEC,9.0,9.0,clear_violation,304.0,61.0,218.23528048734315,100.0,0.1838235294117647,100,544
2022,Austrian Grand Prix,R,LEC,10.0,10.0,clear_violation,317.0,51.0,215.3902512834517,100.0,0.2216014897579143,119,537
2022,Austrian Grand Prix,R,LEC,11.0,10.0,clear_violation,304.0,59.0,216.20789720844508,100.0,0.2152641878669275,110,511
2022,Austrian Grand Prix,R,STR,17.0,10.0,clear_violation,289.0,63.0,214.8157185356685,100.0,0.1767955801104972,96,543
2022,Austrian Grand Prix,R,STR,18.0,10.0,clear_violation,290.0,63.0,212.9669456535115,100.0,0.1755027422303473,96,547
2022,Austrian Grand Prix,R,STR,54.0,10.0,clear_violation,294.0,65.0,220.92813206828777,100.0,0.1647940074906367,88,534
2022,Austrian Grand Prix,R,STR,55.0,10.0,clear_violation,293.0,65.0,220.9140349521493,100.0,0.1763602251407129,94,533
2022,Austrian Grand Prix,R,STR,60.0,9.0,clear_violation,294.0,61.0,222.20076577266823,100.0,0.1823308270676691,97,532
2022,Austrian Grand Prix,R,MAG,23.0,9.0,clear_violation,303.0,62.0,213.1041733745992,100.0,0.1886446886446886,103,546
2022,Austrian Grand Prix,R,MAG,38.0,10.0,clear_violation,291.0,62.0,216.78435822212887,100.0,0.1538461538461538,86,559
2022,Austrian Grand Prix,R,MAG,39.0,10.0,clear_violation,292.0,61.0,216.7130940090113,100.0,0.1790235081374321,99,553
2022,Austrian Grand Prix,R,TSU,13.0,10.0,clear_violation,298.0,56.0,211.12979740202115,100.0,0.1992687385740402,109,547
2022,Austrian Grand Prix,R,TSU,14.0,10.0,clear_violation,299.0,64.0,214.26517734864493,100.0,0.1798165137614679,98,545
2022,Austrian Grand Prix,R,TSU,20.0,1.0,clear_violation,296.0,63.0,211.51241315599955,100.0,0.1703703703703703,92,540
2022,Austrian Grand Prix,R,ALB,22.0,10.0,clear_violation,301.0,64.0,215.3957110396421,100.0,0.2021857923497267,111,549
2022,Austrian Grand Prix,R,ALB,23.0,10.0,clear_violation,299.0,60.0,213.9017918047028,100.0,0.2166666666666666,117,540
2022,Austrian Grand Prix,R,ALB,65.0,9.0,clear_violation,323.0,59.0,216.36829938214,104.0,0.2504570383912248,137,547
2022,Austrian Grand Prix,R,ZHO,10.0,10.0,clear_violation,306.0,62.0,212.0738016691644,100.0,0.2146892655367231,114,531
2022,Austrian Grand Prix,R,ZHO,11.0,10.0,clear_violation,304.0,64.0,214.61091680126717,100.0,0.210820895522388,113,536
2022,Austrian Grand Prix,R,ZHO,13.0,10.0,clear_violation,315.0,58.0,211.02734233305117,100.0,0.2340036563071298,128,547
2022,Austrian Grand Prix,R,ZHO,14.0,10.0,clear_violation,299.0,64.0,213.9564592009432,100.0,0.2193784277879341,120,547
2022,Austrian Grand Prix,R,ZHO,35.0,1.0,clear_violation,302.0,64.0,216.1766870958026,100.0,0.2078651685393258,111,534
2022,Austrian Grand Prix,R,ZHO,37.0,9.0,clear_violation,312.0,49.0,216.45470562113024,100.0,0.1963963963963964,109,555
2022,Austrian Grand Prix,R,RIC,20.0,10.0,clear_violation,310.0,63.0,219.04368647293785,100.0,0.1587901701323251,84,529
2022,Austrian Grand Prix,R,RIC,21.0,10.0,clear_violation,293.0,64.0,215.91297920077395,100.0,0.1579892280071813,88,557
2022,Austrian Grand Prix,R,RIC,47.0,9.0,clear_violation,294.0,66.0,219.724877704206,100.0,0.1405405405405405,78,555
2022,Austrian Grand Prix,R,NOR,7.0,10.0,clear_violation,291.0,65.0,214.96093489917328,99.0,0.1978221415607985,109,551
2022,Austrian Grand Prix,R,NOR,8.0,10.0,clear_violation,294.0,64.0,215.0991772617621,99.0,0.1956124314442413,107,547
2022,Austrian Grand Prix,R,NOR,9.0,10.0,clear_violation,296.0,65.0,215.95360327457655,99.0,0.1829944547134935,99,541
2022,Austrian Grand Prix,R,NOR,10.0,10.0,clear_violation,296.0,68.0,214.8352919088505,99.0,0.2022684310018903,107,529
2022,Austrian Grand Prix,R,NOR,31.0,1.0,clear_violation,297.0,65.0,214.32994617710608,98.0,0.2,108,540
2022,Austrian Grand Prix,R,NOR,38.0,10.0,clear_violation,295.0,65.0,217.39382542685772,98.0,0.2122302158273381,118,556
2022,Austrian Grand Prix,R,NOR,39.0,10.0,clear_violation,307.0,61.0,216.38213522291275,98.0,0.1978221415607985,109,551
2022,Austrian Grand Prix,R,HAM,4.0,1.0,clear_violation,315.0,62.0,214.1347642920347,100.0,0.1930147058823529,105,544
2022,Austrian Grand Prix,R,HAM,22.0,10.0,clear_violation,295.0,67.0,219.9040453957428,100.0,0.1629629629629629,88,540
2022,Austrian Grand Prix,R,HAM,23.0,10.0,clear_violation,295.0,66.0,216.78819090939692,100.0,0.1811460258780036,98,541
2022,Austrian Grand Prix,R,HAM,41.0,10.0,clear_violation,295.0,68.0,219.60293331718,100.0,0.1705989110707804,94,551
2022,Austrian Grand Prix,R,HAM,42.0,10.0,clear_violation,293.0,67.0,217.13022616173984,100.0,0.1691449814126394,91,538
2022,Austrian Grand Prix,R,MSC,12.0,9.0,clear_violation,312.0,63.0,214.6759157947086,100.0,0.2249527410207939,119,529
2022,Austrian Grand Prix,R,MSC,13.0,10.0,clear_violation,311.0,61.0,214.553639850169,100.0,0.2195571955719557,119,542
2022,Austrian Grand Prix,R,MSC,14.0,10.0,clear_violation,308.0,62.0,213.85010645045995,100.0,0.2256317689530685,125,554
2022,Austrian Grand Prix,R,MSC,52.0,1.0,clear_violation,295.0,64.0,219.1616801954432,100.0,0.1821631878557874,96,527
2022,Austrian Grand Prix,R,VET,13.0,10.0,clear_violation,314.0,60.0,212.88207945582224,100.0,0.2252747252747252,123,546
2022,Austrian Grand Prix,R,VET,14.0,10.0,clear_violation,303.0,62.0,215.01059511159863,100.0,0.2110091743119266,115,545
2022,Austrian Grand Prix,R,VET,37.0,10.0,clear_violation,316.0,60.0,216.1208736845865,100.0,0.2151898734177215,119,553
2022,Austrian Grand Prix,R,VET,38.0,10.0,clear_violation,303.0,61.0,214.7694766819648,100.0,0.2114695340501792,118,558
2022,Austrian Grand Prix,R,VET,65.0,9.0,clear_violation,320.0,66.0,215.05789899961232,100.0,0.2105263157894736,116,551
2022,Austrian Grand Prix,R,VET,70.0,10.0,clear_violation,297.0,65.0,220.0768399055073,100.0,0.1877394636015325,98,522
2022,Austrian Grand Prix,R,SAI,11.0,9.0,clear_violation,296.0,64.0,217.6241947199364,100.0,0.2120622568093385,109,514
2022,Austrian Grand Prix,R,SAI,13.0,10.0,clear_violation,293.0,65.0,216.12097688592465,100.0,0.1818181818181818,96,528
2022,Austrian Grand Prix,R,SAI,14.0,10.0,clear_violation,305.0,62.0,217.94722849863396,100.0,0.1933085501858736,104,538
2022,Austrian Grand Prix,R,SAI,32.0,1.0,clear_violation,292.0,68.0,223.1424230147756,100.0,0.1669865642994241,87,521
2022,Austrian Grand Prix,R,LAT,10.0,9.0,clear_violation,311.0,58.0,211.18089063705355,100.0,0.2079395085066162,110,529
2022,Austrian Grand Prix,R,LAT,37.0,1.0,clear_violation,296.0,67.0,215.7745623978832,100.0,0.2,110,550
2022,Austrian Grand Prix,S,VER,15.0,10.0,clear_violation,298.0,67.0,225.02480102082404,100.0,0.1761252446183953,90,511
2022,Austrian Grand Prix,S,VER,16.0,10.0,clear_violation,298.0,69.0,221.64350745091687,100.0,0.167608286252354,89,531
2022,Austrian Grand Prix,S,LEC,14.0,9.0,clear_violation,297.0,63.0,222.9013998747841,100.0,0.1666666666666666,90,540
2022,Austrian Grand Prix,S,SAI,9.0,9.0,clear_violation,296.0,64.0,221.33431156231816,100.0,0.1840607210626186,97,527
2022,Austrian Grand Prix,S,SAI,16.0,9.0,clear_violation,296.0,67.0,224.0960849090476,100.0,0.1845574387947269,98,531
2022,Austrian Grand Prix,S,PER,16.0,1.0,clear_violation,299.0,66.0,223.1078728218301,100.0,0.1873840445269016,101,539
2022,Austrian Grand Prix,S,PER,17.0,9.0,clear_violation,300.0,66.0,221.7774297793773,100.0,0.185823754789272,97,522
2022,Austrian Grand Prix,S,MAG,5.0,10.0,clear_violation,321.0,47.0,220.24243405636733,100.0,0.1976967370441458,103,521
2022,Austrian Grand Prix,S,MAG,6.0,10.0,clear_violation,307.0,63.0,220.6021248901208,100.0,0.1897533206831119,100,527
2022,Austrian Grand Prix,S,MAG,11.0,9.0,clear_violation,307.0,65.0,217.92862682064757,100.0,0.1785714285714285,95,532
2022,Austrian Grand Prix,S,HAM,15.0,9.0,clear_violation,318.0,64.0,216.1655789736465,100.0,0.2022900763358778,106,524
2022,Austrian Grand Prix,S,HAM,17.0,9.0,clear_violation,312.0,59.0,219.75840794294172,100.0,0.1933085501858736,104,538
2022,Austrian Grand Prix,S,MSC,18.0,10.0,clear_violation,314.0,57.0,216.57500732338443,100.0,0.2176258992805755,121,556
2022,Austrian Grand Prix,S,MSC,19.0,10.0,clear_violation,313.0,55.0,214.650234614422,100.0,0.1944954128440367,106,545
2022,Austrian Grand Prix,S,NOR,23.0,10.0,clear_violation,303.0,62.0,217.29801207876065,98.0,0.2051282051282051,112,546
2022,Austrian Grand Prix,S,RIC,21.0,9.0,clear_violation,316.0,64.0,217.3609343012689,99.0,0.1840148698884758,99,538
2022,Austrian Grand Prix,S,RIC,22.0,10.0,clear_violation,315.0,62.0,217.559099952966,99.0,0.1936090225563909,103,532
2022,Austrian Grand Prix,S,RIC,23.0,10.0,clear_violation,314.0,62.0,216.79098667918117,99.0,0.186471663619744,102,547
2022,Austrian Grand Prix,S,STR,17.0,10.0,clear_violation,313.0,58.0,216.75392549287312,100.0,0.2007366482504604,109,543
2022,Austrian Grand Prix,S,STR,18.0,10.0,clear_violation,314.0,58.0,217.87712580970745,100.0,0.2039355992844365,114,559
2022,Austrian Grand Prix,S,ZHO,19.0,1.0,clear_violation,307.0,63.0,217.45829469127312,100.0,0.1977611940298507,106,536
2022,Austrian Grand Prix,S,ZHO,21.0,1.0,clear_violation,317.0,52.0,218.71465557024172,100.0,0.22181146025878,120,541
2022,Austrian Grand Prix,S,GAS,14.0,9.0,clear_violation,311.0,63.0,220.19318595162625,100.0,0.1719038817005545,93,541
2022,Austrian Grand Prix,S,GAS,16.0,10.0,clear_violation,313.0,63.0,218.92992608994783,100.0,0.1952117863720073,106,543
2022,Austrian Grand Prix,S,GAS,17.0,10.0,clear_violation,299.0,61.0,217.5817493459423,100.0,0.1804788213627992,98,543
2022,Austrian Grand Prix,S,GAS,21.0,9.0,clear_violation,304.0,48.0,214.31278380405485,100.0,0.1745454545454545,96,550
2022,Austrian Grand Prix,S,ALB,9.0,9.0,clear_violation,310.0,63.0,215.8544808182084,100.0,0.1951219512195122,104,533
2022,Austrian Grand Prix,S,ALB,12.0,9.0,clear_violation,304.0,61.0,215.80320868741967,100.0,0.1890359168241966,100,529
2022,Austrian Grand Prix,S,TSU,13.0,9.0,clear_violation,302.0,65.0,218.98693704631356,100.0,0.1934306569343065,106,548
2022,Austrian Grand Prix,S,TSU,17.0,9.0,clear_violation,302.0,65.0,217.69191487886488,100.0,0.1746323529411764,95,544
2022,Austrian Grand Prix,S,TSU,19.0,1.0,clear_violation,300.0,67.0,217.12383885318755,100.0,0.1937269372693727,105,542
2022,Austrian Grand Prix,S,VET,19.0,10.0,clear_violation,310.0,61.0,204.66270124973173,100.0,0.196113074204947,111,566
2022,Austrian Grand Prix,S,VET,20.0,10.0,clear_violation,308.0,63.0,211.40490348269356,100.0,0.2284172661870503,127,556
2022,Austrian Grand Prix,SQ,VER,15.0,10.0,clear_violation,298.0,67.0,225.02480102082404,100.0,0.1761252446183953,90,511
2022,Austrian Grand Prix,SQ,VER,16.0,10.0,clear_violation,298.0,69.0,221.64350745091687,100.0,0.167608286252354,89,531
2022,Austrian Grand Prix,SQ,LEC,14.0,9.0,clear_violation,297.0,63.0,222.9013998747841,100.0,0.1666666666666666,90,540
2022,Austrian Grand Prix,SQ,SAI,9.0,9.0,clear_violation,296.0,64.0,221.33431156231816,100.0,0.1840607210626186,97,527
2022,Austrian Grand Prix,SQ,SAI,16.0,9.0,clear_violation,296.0,67.0,224.0960849090476,100.0,0.1845574387947269,98,531
2022,Austrian Grand Prix,SQ,PER,16.0,1.0,clear_violation,299.0,66.0,223.1078728218301,100.0,0.1873840445269016,101,539
2022,Austrian Grand Prix,SQ,PER,17.0,9.0,clear_violation,300.0,66.0,221.7774297793773,100.0,0.185823754789272,97,522
2022,Austrian Grand Prix,SQ,MAG,5.0,10.0,clear_violation,321.0,47.0,220.24243405636733,100.0,0.1976967370441458,103,521
2022,Austrian Grand Prix,SQ,MAG,6.0,10.0,clear_violation,307.0,63.0,220.6021248901208,100.0,0.1897533206831119,100,527
2022,Austrian Grand Prix,SQ,MAG,11.0,9.0,clear_violation,307.0,65.0,217.92862682064757,100.0,0.1785714285714285,95,532
2022,Austrian Grand Prix,SQ,HAM,15.0,9.0,clear_violation,318.0,64.0,216.1655789736465,100.0,0.2022900763358778,106,524
2022,Austrian Grand Prix,SQ,HAM,17.0,9.0,clear_violation,312.0,59.0,219.75840794294172,100.0,0.1933085501858736,104,538
2022,Austrian Grand Prix,SQ,MSC,18.0,10.0,clear_violation,314.0,57.0,216.57500732338443,100.0,0.2176258992805755,121,556
2022,Austrian Grand Prix,SQ,MSC,19.0,10.0,clear_violation,313.0,55.0,214.650234614422,100.0,0.1944954128440367,106,545
2022,Austrian Grand Prix,SQ,NOR,23.0,10.0,clear_violation,303.0,62.0,217.29801207876065,98.0,0.2051282051282051,112,546
2022,Austrian Grand Prix,SQ,RIC,21.0,9.0,clear_violation,316.0,64.0,217.3609343012689,99.0,0.1840148698884758,99,538
2022,Austrian Grand Prix,SQ,RIC,22.0,10.0,clear_violation,315.0,62.0,217.559099952966,99.0,0.1936090225563909,103,532
2022,Austrian Grand Prix,SQ,RIC,23.0,10.0,clear_violation,314.0,62.0,216.79098667918117,99.0,0.186471663619744,102,547
2022,Austrian Grand Prix,SQ,STR,17.0,10.0,clear_violation,313.0,58.0,216.75392549287312,100.0,0.2007366482504604,109,543
2022,Austrian Grand Prix,SQ,STR,18.0,10.0,clear_violation,314.0,58.0,217.87712580970745,100.0,0.2039355992844365,114,559
2022,Austrian Grand Prix,SQ,ZHO,19.0,1.0,clear_violation,307.0,63.0,217.45829469127312,100.0,0.1977611940298507,106,536
2022,Austrian Grand Prix,SQ,ZHO,21.0,1.0,clear_violation,317.0,52.0,218.71465557024172,100.0,0.22181146025878,120,541
2022,Austrian Grand Prix,SQ,GAS,14.0,9.0,clear_violation,311.0,63.0,220.19318595162625,100.0,0.1719038817005545,93,541
2022,Austrian Grand Prix,SQ,GAS,16.0,10.0,clear_violation,313.0,63.0,218.92992608994783,100.0,0.1952117863720073,106,543
2022,Austrian Grand Prix,SQ,GAS,17.0,10.0,clear_violation,299.0,61.0,217.5817493459423,100.0,0.1804788213627992,98,543
2022,Austrian Grand Prix,SQ,GAS,21.0,9.0,clear_violation,304.0,48.0,214.31278380405485,100.0,0.1745454545454545,96,550
2022,Austrian Grand Prix,SQ,ALB,9.0,9.0,clear_violation,310.0,63.0,215.8544808182084,100.0,0.1951219512195122,104,533
2022,Austrian Grand Prix,SQ,ALB,12.0,9.0,clear_violation,304.0,61.0,215.80320868741967,100.0,0.1890359168241966,100,529
2022,Austrian Grand Prix,SQ,TSU,13.0,9.0,clear_violation,302.0,65.0,218.98693704631356,100.0,0.1934306569343065,106,548
2022,Austrian Grand Prix,SQ,TSU,17.0,9.0,clear_violation,302.0,65.0,217.69191487886488,100.0,0.1746323529411764,95,544
2022,Austrian Grand Prix,SQ,TSU,19.0,1.0,clear_violation,300.0,67.0,217.12383885318755,100.0,0.1937269372693727,105,542
2022,Austrian Grand Prix,SQ,VET,19.0,10.0,clear_violation,310.0,61.0,204.66270124973173,100.0,0.196113074204947,111,566
2022,Austrian Grand Prix,SQ,VET,20.0,10.0,clear_violation,308.0,63.0,211.40490348269356,100.0,0.2284172661870503,127,556
2022,Azerbaijan Grand Prix,FP1,GAS,14.0,16.0,no_advantage,326.0,71.0,179.91790347670127,100.0,0.2159827213822894,200,926
2022,Azerbaijan Grand Prix,FP1,STR,10.0,4.0,no_advantage,312.0,59.0,158.61606625571818,100.0,0.2913776015857284,294,1009
2022,Azerbaijan Grand Prix,FP1,GAS,21.0,15.0,no_advantage,323.3142857142857,31.0,147.16952638005108,100.0,0.1668145519077196,188,1127
2022,Azerbaijan Grand Prix,FP1,OCO,17.0,17.0,no_advantage,330.0,42.0,158.2038176559071,100.0,0.2569245463228271,269,1047
2022,Azerbaijan Grand Prix,FP1,VER,22.0,15.0,no_advantage,319.0,71.0,195.24129575102685,100.0,0.2193939393939394,181,825
2022,Azerbaijan Grand Prix,FP2,NOR,1.0,3.0,no_advantage,313.0,0.0,151.58097765788384,100.0,0.2304725168756027,239,1037
2022,Azerbaijan Grand Prix,FP2,PER,11.0,1.0,no_advantage,333.0,49.0,139.23253750373283,100.0,0.2081911262798634,244,1172
2022,Azerbaijan Grand Prix,FP2,GAS,14.0,1.0,no_advantage,329.0,56.0,156.21678339142366,100.0,0.1443798449612403,149,1032
2022,Azerbaijan Grand Prix,FP2,LEC,13.0,7.0,no_advantage,318.70499712,0.0,128.08359527125944,100.0,0.3111111111111111,392,1260
2022,Azerbaijan Grand Prix,FP2,PER,12.0,15.0,no_advantage,331.0,0.0,139.4893753688697,100.0,0.2065491183879093,246,1191
2022,Azerbaijan Grand Prix,FP2,STR,18.0,15.0,no_advantage,317.0,69.0,193.90631591101285,100.0,0.224220623501199,187,834
2022,Azerbaijan Grand Prix,FP2,SAI,22.0,15.0,no_advantage,313.0,69.0,197.6882250033071,100.0,0.2181372549019608,178,816
2022,Azerbaijan Grand Prix,FP3,BOT,1.0,1.0,no_advantage,323.4,47.0,158.52319540484487,100.0,0.2402862985685071,235,978
2022,Azerbaijan Grand Prix,FP3,BOT,12.0,3.0,no_advantage,331.0,56.0,152.6684421531232,100.0,0.22483537158984,239,1063
2022,Azerbaijan Grand Prix,FP3,LEC,13.0,15.0,no_advantage,326.0250005333333,0.0,121.44506979177852,100.0,0.3209233060312733,431,1343
2022,Azerbaijan Grand Prix,FP3,BOT,16.0,2.0,no_advantage,321.0,44.0,164.69111782496805,100.0,0.2289395441030723,231,1009
2022,Azerbaijan Grand Prix,Q,RUS,6.0,7.0,clear_violation,329.0,60.0,192.67294888400627,100.0,0.1827706635622817,157,859
2022,Azerbaijan Grand Prix,Q,BOT,1.0,3.0,no_advantage,326.0716836538073,52.0,168.2328477292431,100.0,0.2424916573971079,218,899
2022,Azerbaijan Grand Prix,Q,VET,3.0,3.0,no_advantage,333.66250026666665,39.0,152.5661720027167,100.0,0.2182835820895522,234,1072
2022,Azerbaijan Grand Prix,Q,STR,5.0,7.0,no_advantage,326.0,0.0,93.53460097542028,104.0,0.4125714285714286,722,1750
2022,Azerbaijan Grand Prix,Q,VET,10.0,15.0,no_advantage,330.3749994666666,48.0,149.52533323819725,100.0,0.2437902483900643,265,1087
2022,Azerbaijan Grand Prix,Q,NOR,14.0,15.0,no_advantage,324.0,73.0,207.75910321817008,100.0,0.1708229426433915,137,802
2022,Azerbaijan Grand Prix,R,VET,12.0,3.0,no_advantage,337.0,66.0,191.68297992400056,100.0,0.2496969696969697,206,825
2022,Bahrain Grand Prix,FP1,ALB,10.0,4.0,no_advantage,287.2300681578033,0.0,123.87555100331704,100.0,0.3035413153456998,360,1186
2022,Bahrain Grand Prix,Q,ZHO,11.0,5.0,clear_violation,317.0,69.0,208.9497452939137,100.0,0.1825962910128388,128,701
2022,Bahrain Grand Prix,R,ALO,41.0,4.0,clear_violation,301.0,55.0,192.12106402341496,100.0,0.2286874154262516,169,739
2022,Bahrain Grand Prix,R,TSU,25.0,4.0,clear_violation,301.0,62.0,194.2497280377246,100.0,0.1913499344692005,146,763
2022,Bahrain Grand Prix,R,NOR,2.0,4.0,clear_violation,303.0,56.0,190.31030089912267,99.0,0.2270967741935484,176,775
2022,Bahrain Grand Prix,R,HAM,34.0,4.0,clear_violation,296.0,65.0,196.73407391922828,100.0,0.194331983805668,144,741
2022,Bahrain Grand Prix,R,HUL,8.0,1.0,no_advantage,314.0,55.0,189.1962984071237,100.0,0.2286821705426356,177,774
2022,Bahrain Grand Prix,R,ALB,28.0,10.0,no_advantage,321.0,56.0,190.98719322619067,100.0,0.2329842931937172,178,764
2022,Belgian Grand Prix,FP2,SAI,3.0,13.0,no_advantage,262.0,56.0,166.267306014613,100.0,0.1334488734835355,154,1154
2022,Belgian Grand Prix,FP2,GAS,12.0,8.0,no_advantage,279.0,50.0,137.31969420581436,100.0,0.0642599277978339,89,1385
2022,Belgian Grand Prix,FP2,SAI,15.0,9.0,no_advantage,314.0,65.0,222.18890465284667,100.0,0.1465416178194607,125,853
2022,Belgian Grand Prix,FP2,MSC,19.0,7.0,no_advantage,310.0,63.0,201.99905749369444,100.0,0.1955602536997885,185,946
2022,Belgian Grand Prix,Q,RIC,5.0,9.0,clear_violation,330.0,69.0,235.93638837178912,100.0,0.1246851385390428,99,794
2022,Belgian Grand Prix,Q,TSU,5.0,18.0,clear_violation,334.0,47.0,230.5316796754208,100.0,0.1259259259259259,102,810
2022,Belgian Grand Prix,R,GAS,8.0,4.0,clear_violation,347.0,59.0,211.71284337135268,100.0,0.1736725663716814,157,904
2022,Belgian Grand Prix,R,ALB,9.0,4.0,clear_violation,322.0,60.0,212.8407428282298,100.0,0.1734806629834254,157,905
2022,Belgian Grand Prix,R,MSC,32.0,4.0,clear_violation,316.0,68.0,221.4440090398228,100.0,0.1428571428571428,121,847
2022,Belgian Grand Prix,R,VET,39.0,4.0,clear_violation,315.0,64.0,220.94559331179585,100.0,0.1535796766743649,133,866
2022,Belgian Grand Prix,R,LAT,7.0,4.0,clear_violation,341.0,62.0,215.94693284787772,100.0,0.1953757225433526,169,865
2022,British Grand Prix,FP2,BOT,20.0,3.0,no_advantage,299.0,79.0,221.22307565268585,100.0,0.1830790568654646,132,721
2022,British Grand Prix,FP2,MSC,21.0,9.0,no_advantage,293.0,83.0,220.5694795127576,100.0,0.1343705799151343,95,707
2022,British Grand Prix,FP2,PER,15.0,3.0,no_advantage,301.0,65.0,215.3547973572122,100.0,0.1686909581646423,125,741
2022,British Grand Prix,FP3,VET,12.0,3.0,no_advantage,312.0,87.0,231.3596005004704,100.0,0.1430635838150289,99,692
2022,British Grand Prix,FP3,PER,10.0,3.0,no_advantage,297.0,68.0,206.89976352505,100.0,0.1310615989515072,100,763
2022,British Grand Prix,FP3,SAI,16.0,3.0,no_advantage,296.0,73.0,183.9554331720348,100.0,0.1584507042253521,135,852
2022,British Grand Prix,Q,LAT,18.0,3.0,clear_violation,291.0,45.0,166.83612644277426,100.0,0.2232510288065843,217,972
2022,British Grand Prix,Q,VER,15.0,13.0,no_advantage,297.0,72.0,188.53487439519728,100.0,0.21007371007371,171,814
2022,British Grand Prix,Q,LAT,17.0,3.0,no_advantage,296.0,70.0,186.2410801893358,100.0,0.2047058823529411,174,850
2022,British Grand Prix,Q,LAT,19.0,1.0,no_advantage,285.0,67.0,166.77240652932173,100.0,0.2478354978354978,229,924
2022,British Grand Prix,R,VER,45.0,9.0,clear_violation,306.0,83.0,226.21063320935656,100.0,0.1420454545454545,100,704
2022,British Grand Prix,R,GAS,10.0,15.0,clear_violation,297.0,83.0,215.80113167327065,100.0,0.137062937062937,98,715
2022,British Grand Prix,R,LEC,45.0,15.0,clear_violation,303.0,77.0,225.9928176986641,100.0,0.1452513966480447,104,716
2022,British Grand Prix,R,STR,50.0,15.0,clear_violation,298.0,78.0,225.15268724332225,100.0,0.163059163059163,113,693
2022,British Grand Prix,R,MAG,8.0,9.0,clear_violation,318.0,80.0,217.13514383501607,100.0,0.1633802816901408,116,710
2022,British Grand Prix,R,MAG,49.0,9.0,clear_violation,296.0,78.0,224.65505103695872,100.0,0.132183908045977,92,696
2022,British Grand Prix,R,LAT,26.0,15.0,clear_violation,307.0,79.0,220.5836377549208,100.0,0.1974612129760225,140,709
2022,British Grand Prix,R,LAT,31.0,9.0,clear_violation,306.0,83.0,221.0385145711765,100.0,0.1843575418994413,132,716
2022,British Grand Prix,R,TSU,10.0,3.0,no_advantage,324.0,76.0,216.8097226647922,100.0,0.156558533145275,111,709
2022,Canadian Grand Prix,FP1,VET,19.0,1.0,no_advantage,292.0,51.0,143.73860844366484,100.0,0.1670731707317073,137,820
2022,Canadian Grand Prix,FP1,RUS,22.0,10.0,no_advantage,299.0,53.0,194.24605942611737,100.0,0.1993410214168039,121,607
2022,Canadian Grand Prix,FP2,VER,7.0,1.0,no_advantage,292.90999808,32.0,130.78384107720473,100.0,0.2636262513904338,237,899
2022,Canadian Grand Prix,FP2,PER,7.0,1.0,no_advantage,330.0,60.0,206.28306384654127,100.0,0.1857638888888889,107,576
2022,Canadian Grand Prix,FP2,VET,8.0,1.0,no_advantage,296.0,59.0,178.96869130181145,100.0,0.2229007633587786,146,655
2022,Canadian Grand Prix,FP2,GAS,33.0,1.0,no_advantage,282.0,0.0,110.81805051026883,100.0,0.199813258636788,214,1071
2022,Canadian Grand Prix,FP3,MAG,2.0,3.0,no_advantage,282.0,51.0,150.44873453331235,100.0,0.2427821522309711,185,762
2022,Canadian Grand Prix,FP3,MSC,3.0,10.0,no_advantage,282.0,40.0,147.2304680519868,100.0,0.2487373737373737,197,792
2022,Canadian Grand Prix,FP3,VET,2.0,10.0,no_advantage,281.0,41.0,148.1265741152593,99.0,0.3106546854942233,242,779
2022,Canadian Grand Prix,FP3,VET,3.0,1.0,no_advantage,282.0,41.0,153.58209435338082,99.0,0.2849740932642487,220,772
2022,Canadian Grand Prix,FP3,TSU,6.0,10.0,no_advantage,294.0,40.0,155.78074202331908,100.0,0.2315653298835705,179,773
2022,Canadian Grand Prix,FP3,TSU,7.0,1.0,no_advantage,294.0,45.0,158.02591217297004,100.0,0.2291390728476821,173,755
2022,Canadian Grand Prix,FP3,OCO,2.0,1.0,no_advantage,291.0,48.0,154.47393268008906,100.0,0.2819148936170212,212,752
2022,Canadian Grand Prix,FP3,ALB,1.0,1.0,no_advantage,283.0,50.0,137.41271207515638,100.0,0.2374701670644391,199,838
2022,Canadian Grand Prix,FP3,GAS,4.0,3.0,no_advantage,294.0,45.0,160.3933113554958,100.0,0.239010989010989,174,728
2022,Canadian Grand Prix,FP3,MAG,6.0,10.0,no_advantage,285.0,50.0,152.17029801603016,100.0,0.2227912932138284,174,781
2022,Canadian Grand Prix,FP3,GAS,8.0,1.0,no_advantage,298.0,51.0,151.45447312583622,100.0,0.2223684210526315,169,760
2022,Canadian Grand Prix,FP3,BOT,8.0,1.0,no_advantage,292.0,50.0,159.8309485630855,100.0,0.2674897119341564,195,729
2022,Canadian Grand Prix,FP3,SAI,14.0,3.0,no_advantage,292.0,46.0,148.39665626727233,100.0,0.3194968553459119,254,795
2022,Canadian Grand Prix,FP3,MAG,11.0,1.0,no_advantage,292.0,50.0,152.13251102992302,100.0,0.281921618204804,223,791
2022,Canadian Grand Prix,FP3,VER,6.0,10.0,no_advantage,297.0,44.0,159.64014545983252,100.0,0.2296395193591455,172,749
2022,Canadian Grand Prix,FP3,VER,6.0,4.0,no_advantage,297.0,44.0,159.64014545983252,100.0,0.2296395193591455,172,749
2022,Canadian Grand Prix,FP3,ALB,12.0,10.0,no_advantage,282.0,53.0,150.20240499667298,100.0,0.2609254498714653,203,778
2022,Canadian Grand Prix,FP3,ZHO,10.0,1.0,no_advantage,295.0,52.0,162.62041625597206,100.0,0.2321678321678321,166,715
2022,Canadian Grand Prix,Q,VER,5.0,2.0,clear_violation,295.0,45.0,152.33711768024733,100.0,0.2612137203166227,198,758
2022,Canadian Grand Prix,Q,VER,9.0,2.0,clear_violation,291.0,50.0,160.06172196469353,100.0,0.2743484224965706,200,729
2022,Canadian Grand Prix,Q,ALO,8.0,2.0,clear_violation,280.0,39.0,158.1671995194872,100.0,0.2831491712707182,205,724
2022,Canadian Grand Prix,Q,ALO,27.0,10.0,clear_violation,286.0,42.0,155.01985523209603,100.0,0.3171052631578947,241,760
2022,Canadian Grand Prix,Q,SAI,18.0,2.0,clear_violation,304.0,45.0,163.29269977047784,100.0,0.2665726375176304,189,709
2022,Canadian Grand Prix,Q,HAM,2.0,14.0,clear_violation,294.0,47.0,155.8792687128649,100.0,0.2543507362784471,190,747
2022,Canadian Grand Prix,Q,HAM,5.0,2.0,clear_violation,295.0,44.0,154.4549583242525,100.0,0.2898936170212766,218,752
2022,Canadian Grand Prix,Q,MAG,3.0,10.0,clear_violation,290.0,45.0,160.9680423866119,100.0,0.2462173314993122,179,727
2022,Canadian Grand Prix,Q,MAG,8.0,2.0,clear_violation,277.0,47.0,151.03224283231978,100.0,0.2666666666666666,200,750
2022,Canadian Grand Prix,Q,RUS,29.0,2.0,clear_violation,281.0,0.0,125.28509804911997,100.0,0.2774261603375527,263,948
2022,Canadian Grand Prix,Q,RIC,23.0,6.0,clear_violation,282.0,50.0,174.1439006531507,100.0,0.207492795389049,144,694
2022,Canadian Grand Prix,Q,BOT,2.0,14.0,clear_violation,288.0,48.0,157.4525921725058,100.0,0.2624495289367429,195,743
2022,Canadian Grand Prix,Q,ALB,2.0,10.0,clear_violation,296.0,45.0,150.69361337048002,100.0,0.2873563218390804,225,783
2022,Canadian Grand Prix,Q,PER,3.0,2.0,clear_violation,294.0,39.0,155.01055263341743,100.0,0.2630872483221476,196,745
2022,Canadian Grand Prix,Q,NOR,4.0,2.0,clear_violation,287.0,40.0,155.9612001964948,99.0,0.2413333333333333,181,750
2022,Canadian Grand Prix,Q,NOR,7.0,7.0,clear_violation,287.0,42.0,155.75640164451167,99.0,0.2323097463284379,174,749
2022,Canadian Grand Prix,Q,LEC,8.0,2.0,clear_violation,295.0,27.0,152.41693497771848,100.0,0.2998678996036988,227,757
2022,Canadian Grand Prix,Q,GAS,9.0,8.0,clear_violation,297.0,46.0,157.6057128669693,100.0,0.2493261455525606,185,742
2022,Canadian Grand Prix,Q,VET,5.0,10.0,clear_violation,290.0,40.0,151.2040982425592,99.0,0.2860858257477243,220,769
2022,Canadian Grand Prix,Q,ALB,1.0,10.0,no_advantage,262.0,14.0,125.62870814000505,100.0,0.252985884907709,233,921
2022,Canadian Grand Prix,Q,PER,2.0,1.0,no_advantage,294.0,45.0,157.60450877206014,100.0,0.2584573748308525,191,739
2022,Canadian Grand Prix,Q,MAG,2.0,10.0,no_advantage,286.0,43.0,157.40403814105494,100.0,0.2608108108108108,193,740
2022,Canadian Grand Prix,Q,VET,3.0,1.0,no_advantage,293.0,47.0,157.24569208953577,99.0,0.2860927152317881,216,755
2022,Canadian Grand Prix,Q,HAM,4.0,2.0,no_advantage,287.0,41.0,143.77522331447375,104.0,0.296969696969697,245,825
2022,Canadian Grand Prix,Q,VER,4.0,1.0,no_advantage,292.0,32.0,150.76351201642612,100.0,0.2735368956743002,215,786
2022,Canadian Grand Prix,Q,TSU,4.0,10.0,no_advantage,297.0,42.0,156.80320917696176,100.0,0.3117647058823529,212,680
2022,Canadian Grand Prix,Q,VET,4.0,10.0,no_advantage,293.0,48.0,160.29618713395976,99.0,0.2594594594594595,192,740
2022,Canadian Grand Prix,Q,LAT,5.0,1.0,no_advantage,299.0,48.0,158.19130370346255,100.0,0.2608108108108108,193,740
2022,Canadian Grand Prix,Q,OCO,6.0,3.0,no_advantage,288.0,48.0,151.5954824771232,100.0,0.2890322580645161,224,775
2022,Canadian Grand Prix,Q,NOR,6.0,7.0,no_advantage,287.0,46.0,151.13712711889872,99.0,0.2432432432432432,189,777
2022,Canadian Grand Prix,Q,NOR,7.0,1.0,no_advantage,287.0,42.0,155.75640164451167,99.0,0.2323097463284379,174,749
2022,Canadian Grand Prix,Q,MAG,7.0,1.0,no_advantage,297.0,48.0,164.1607119728919,100.0,0.273876404494382,195,712
2022,Canadian Grand Prix,Q,ALO,7.0,1.0,no_advantage,277.0,42.0,144.16025740136882,100.0,0.2518518518518518,204,810
2022,Canadian Grand Prix,Q,LEC,7.0,1.0,no_advantage,300.0,45.0,164.99429073461707,100.0,0.2446351931330472,171,699
2022,Canadian Grand Prix,Q,MSC,8.0,1.0,no_advantage,295.0,48.0,166.21612616981494,100.0,0.2629310344827586,183,696
2022,Canadian Grand Prix,Q,OCO,9.0,10.0,no_advantage,297.0,49.0,165.2376833278267,100.0,0.2403433476394849,168,699
2022,Canadian Grand Prix,Q,RUS,10.0,1.0,no_advantage,296.0,42.0,163.66324539539772,100.0,0.2401129943502825,170,708
2022,Canadian Grand Prix,Q,ZHO,13.0,1.0,no_advantage,292.0,47.0,165.9610707131664,100.0,0.2371134020618556,161,679
2022,Canadian Grand Prix,Q,SAI,17.0,1.0,no_advantage,290.0,54.0,175.20918672692304,100.0,0.2292899408284023,155,676
2022,Canadian Grand Prix,Q,RIC,22.0,6.0,no_advantage,275.1750016,22.0,131.11547539359145,100.0,0.1772428884026258,162,914
2022,Canadian Grand Prix,Q,RUS,28.0,2.0,no_advantage,280.0,57.0,152.81334971706295,100.0,0.2506426735218509,195,778
2022,Canadian Grand Prix,Q,ALO,26.0,10.0,no_advantage,279.375,32.0,141.7641853787742,100.0,0.2956419316843345,251,849
2022,Canadian Grand Prix,R,GAS,32.0,14.0,clear_violation,313.0,58.0,197.09686850241567,100.0,0.3288364249578415,195,593
2022,Canadian Grand Prix,R,GAS,67.0,14.0,clear_violation,340.0,51.0,198.1505372012893,100.0,0.236087689713322,140,593
2022,Canadian Grand Prix,R,LEC,59.0,14.0,clear_violation,330.0,54.0,196.98915582764167,99.0,0.215,129,600
2022,Canadian Grand Prix,R,MAG,47.0,14.0,clear_violation,310.0,61.0,194.463755076124,100.0,0.1996699669966996,121,606
2022,Canadian Grand Prix,R,TSU,10.0,14.0,clear_violation,310.0,64.0,160.69649704759618,100.0,0.1468531468531468,105,715
2022,Canadian Grand Prix,R,NOR,47.0,14.0,clear_violation,308.0,60.0,197.6018293258213,99.0,0.1917808219178082,112,584
2022,Canadian Grand Prix,R,LAT,7.0,14.0,clear_violation,314.0,58.0,190.50344366675293,100.0,0.2411575562700964,150,622
2022,Canadian Grand Prix,R,RUS,8.0,14.0,clear_violation,303.0,61.0,195.0086218909317,100.0,0.2107925801011804,125,593
2022,Canadian Grand Prix,R,BOT,1.0,14.0,no_advantage,311.0,0.0,173.6894721841984,100.0,0.3065902578796561,214,698
2022,Dutch Grand Prix,FP1,ALO,6.0,11.0,no_advantage,315.0,53.0,191.599868211144,100.0,0.2263843648208469,139,614
2022,Dutch Grand Prix,FP1,MAG,5.0,11.0,no_advantage,311.0,95.0,199.83461062124277,100.0,0.2016949152542373,119,590
2022,Dutch Grand Prix,FP1,PER,15.0,9.0,no_advantage,320.0,78.0,180.26198506674888,100.0,0.1608832807570978,102,634
2022,Dutch Grand Prix,Q,TSU,2.0,3.0,clear_violation,319.0,96.0,208.9709039929714,100.0,0.1678321678321678,96,572
2022,Dutch Grand Prix,Q,MAG,8.0,3.0,clear_violation,321.0,93.0,211.3366336877638,100.0,0.1835205992509363,98,534
2022,Dutch Grand Prix,Q,VET,8.0,13.0,no_advantage,319.0,50.0,168.24491248780978,100.0,0.2002945508100147,136,679
2022,Dutch Grand Prix,R,VER,41.0,3.0,clear_violation,306.0,88.0,200.8490524276637,100.0,0.2058319039451115,120,583
2022,Dutch Grand Prix,R,GAS,12.0,3.0,clear_violation,289.0249993142857,0.0,159.81967628661045,100.0,0.1900138696255201,137,721
2022,Dutch Grand Prix,R,LEC,27.0,3.0,clear_violation,300.0,90.0,198.68994113049112,100.0,0.1993185689948892,117,587
2022,Dutch Grand Prix,R,LEC,36.0,3.0,clear_violation,302.0,90.0,199.7377525892881,100.0,0.2216494845360824,129,582
2022,Dutch Grand Prix,R,OCO,20.0,3.0,clear_violation,297.0,90.0,197.16379785327905,100.0,0.2442882249560632,139,569
2022,Dutch Grand Prix,R,MSC,30.0,3.0,clear_violation,300.0,88.0,194.7920872241651,100.0,0.1926298157453936,115,597
2022,Dutch Grand Prix,R,VET,11.0,3.0,clear_violation,294.0,89.0,197.15745361657076,100.0,0.2003514938488576,114,569
2022,Dutch Grand Prix,R,LAT,17.0,3.0,clear_violation,303.0,95.0,194.88362371980497,100.0,0.2342954159592529,138,589
2022,Dutch Grand Prix,R,MAG,1.0,2.0,no_advantage,297.0,0.0,172.5339598452263,100.0,0.2815674891146589,194,689
2022,Emilia Romagna Grand Prix,FP1,MAG,2.0,12.0,no_advantage,276.0,66.0,169.36623127489875,100.0,0.2971285892634207,238,801
2022,Emilia Romagna Grand Prix,FP1,STR,2.0,12.0,no_advantage,280.0,66.0,160.60220902492554,100.0,0.2865853658536585,235,820
2022,Emilia Romagna Grand Prix,FP1,NOR,5.0,17.0,no_advantage,281.0,68.0,177.83103273748293,100.0,0.2476697736351531,186,751
2022,Emilia Romagna Grand Prix,FP1,OCO,9.0,17.0,no_advantage,287.0,25.0,160.4089815237943,100.0,0.249079754601227,203,815
2022,Emilia Romagna Grand Prix,FP1,STR,12.0,18.0,no_advantage,279.0,50.0,166.62196520533232,100.0,0.2677459526774595,215,803
2022,Emilia Romagna Grand Prix,FP1,SAI,14.0,13.0,no_advantage,291.0,46.0,173.45946518817644,100.0,0.2626903553299492,207,788
2022,Emilia Romagna Grand Prix,FP1,MAG,15.0,18.0,no_advantage,288.0,61.0,183.79192757093537,100.0,0.2804532577903683,198,706
2022,Emilia Romagna Grand Prix,FP1,VET,14.0,2.0,no_advantage,289.0,76.0,185.18827020084453,100.0,0.2428977272727272,171,704
2022,Emilia Romagna Grand Prix,FP1,VER,11.0,13.0,no_advantage,292.0,75.0,186.0654566661763,100.0,0.242467718794835,169,697
2022,Emilia Romagna Grand Prix,FP1,VET,17.0,13.0,no_advantage,292.0,75.0,186.15206672001588,100.0,0.260431654676259,181,695
2022,Emilia Romagna Grand Prix,FP1,RUS,15.0,13.0,no_advantage,282.0,65.0,184.089418595912,100.0,0.2362869198312236,168,711
2022,Emilia Romagna Grand Prix,FP1,GAS,17.0,13.0,no_advantage,292.0,0.0,75.13916309349524,100.0,0.1471950591868245,286,1943
2022,Emilia Romagna Grand Prix,FP2,MAG,24.0,13.0,no_advantage,298.0,92.0,216.6178111242259,100.0,0.1642969984202211,104,633
2022,Emilia Romagna Grand Prix,Q,ALO,22.0,13.0,clear_violation,289.0,54.0,173.0464850512899,100.0,0.2506527415143603,192,766
2022,Emilia Romagna Grand Prix,Q,PER,21.0,2.0,clear_violation,300.0,82.0,189.74317331738175,100.0,0.234620886981402,164,699
2022,Emilia Romagna Grand Prix,Q,VET,23.0,2.0,clear_violation,296.0,75.0,174.97659397030287,100.0,0.2750677506775068,203,738
2022,Emilia Romagna Grand Prix,Q,MSC,6.0,14.0,clear_violation,293.0,70.0,191.79838293804465,100.0,0.1963534361851332,140,713
2022,Emilia Romagna Grand Prix,Q,PER,20.0,2.0,no_advantage,274.0,46.0,160.23709468038024,100.0,0.2452316076294278,180,734
2022,Emilia Romagna Grand Prix,Q,ALO,21.0,11.0,no_advantage,265.65,32.55,160.3999782130456,100.0,0.2455902306648575,181,737
2022,Emilia Romagna Grand Prix,Q,VET,22.0,2.0,no_advantage,296.0,74.0,193.8966637686364,100.0,0.2619392185238784,181,691
2022,Emilia Romagna Grand Prix,Q,BOT,22.0,12.0,no_advantage,292.0,76.0,192.63226001885823,100.0,0.2558479532163742,175,684
2022,Emilia Romagna Grand Prix,R,PER,28.0,14.0,clear_violation,308.0,94.0,210.4805825766496,100.0,0.1946624803767661,124,637
2022,Emilia Romagna Grand Prix,R,LEC,14.0,9.0,clear_violation,302.0,73.0,189.81326749936304,100.0,0.2539454806312769,177,697
2022,Emilia Romagna Grand Prix,R,VET,13.0,14.0,clear_violation,300.0,61.0,186.770691951051,100.0,0.2877094972067039,206,716
2022,Emilia Romagna Grand Prix,R,LAT,13.0,14.0,clear_violation,304.0,77.0,182.7686487607881,100.0,0.2538354253835425,182,717
2022,Emilia Romagna Grand Prix,R,MSC,16.0,14.0,clear_violation,301.0,63.0,183.0162244777532,100.0,0.2650602409638554,198,747
2022,Emilia Romagna Grand Prix,R,MSC,24.0,14.0,clear_violation,303.0,0.0,186.56972918401257,100.0,0.2124645892351274,150,706
2022,Emilia Romagna Grand Prix,R,MSC,27.0,9.0,clear_violation,302.0,97.0,211.59488601421535,100.0,0.1912225705329153,122,638
2022,Emilia Romagna Grand Prix,R,RIC,54.0,15.0,clear_violation,303.0,93.0,211.4966104929672,100.0,0.1677018633540372,108,644
2022,French Grand Prix,FP1,VER,11.0,10.0,no_advantage,334.0,74.0,219.73940779792204,100.0,0.1771978021978022,129,728
2022,French Grand Prix,FP1,GAS,16.0,11.0,no_advantage,299.0,57.0,143.31207024489584,100.0,0.1068222621184919,119,1114
2022,French Grand Prix,FP1,VET,18.0,11.0,no_advantage,302.0,75.0,204.1459034926172,100.0,0.1922110552763819,153,796
2022,French Grand Prix,FP2,MSC,5.0,11.0,no_advantage,305.0,60.0,137.74743364993822,100.0,0.1096718480138169,127,1158
2022,French Grand Prix,FP2,RUS,7.0,11.0,no_advantage,294.0,52.0,145.331684221301,100.0,0.1532033426183844,165,1077
2022,French Grand Prix,FP2,MAG,12.0,2.0,no_advantage,319.0,60.0,150.860500744649,100.0,0.1098376313276026,115,1047
2022,French Grand Prix,FP3,MAG,4.0,11.0,no_advantage,326.0,58.0,203.53721327260064,100.0,0.1782945736434108,138,774
2022,French Grand Prix,FP3,LEC,3.0,12.0,no_advantage,310.0,51.0,142.99406955333353,100.0,0.1662024141132776,179,1077
2022,French Grand Prix,FP3,PER,8.0,11.0,no_advantage,314.0,75.0,209.64276555371504,100.0,0.1772151898734177,126,711
2022,French Grand Prix,FP3,NOR,4.0,3.0,no_advantage,293.5000007111111,60.0,156.38487242960875,100.0,0.0884146341463414,87,984
2022,French Grand Prix,FP3,SAI,4.0,11.0,no_advantage,296.85427172525937,0.0,121.37099074911096,100.0,0.2441497659906396,313,1282
2022,French Grand Prix,FP3,ALB,8.0,3.0,no_advantage,324.0,81.0,219.80345507216384,100.0,0.1763085399449036,128,726
2022,French Grand Prix,FP3,PER,15.0,3.0,no_advantage,315.0,72.0,208.2397917511863,100.0,0.1923583662714097,146,759
2022,French Grand Prix,FP3,BOT,16.0,9.0,no_advantage,292.0,0.0,141.71008293188325,100.0,0.2620508326029798,299,1141
2022,French Grand Prix,Q,TSU,7.0,3.0,clear_violation,336.0,76.0,223.06319202291624,100.0,0.1473829201101928,107,726
2022,French Grand Prix,Q,RIC,5.0,6.0,clear_violation,331.0,80.0,222.57341517224452,100.0,0.1542699724517906,112,726
2022,French Grand Prix,Q,MSC,8.0,3.0,clear_violation,336.0,79.0,223.0552079018598,100.0,0.2112676056338028,150,710
2022,French Grand Prix,Q,ALB,4.0,8.0,no_advantage,303.78911401928184,31.0,156.88281889294055,100.0,0.1691691691691691,169,999
2022,French Grand Prix,R,VER,9.0,6.0,clear_violation,335.0,71.0,207.6007206854825,100.0,0.2230971128608924,170,762
2022,French Grand Prix,R,GAS,44.0,3.0,clear_violation,331.0,67.0,207.60636327345856,100.0,0.1653645833333333,127,768
2022,French Grand Prix,R,PER,5.0,3.0,clear_violation,339.0,75.0,206.6228796463789,100.0,0.2250673854447439,167,742
2022,French Grand Prix,R,PER,6.0,3.0,clear_violation,337.0,72.0,207.8101880864523,100.0,0.2190082644628099,159,726
2022,French Grand Prix,R,STR,3.0,3.0,clear_violation,322.0,67.0,206.60195749704647,100.0,0.2,154,770
2022,French Grand Prix,R,ALB,44.0,3.0,clear_violation,309.0,73.0,207.0159023749028,100.0,0.2213541666666666,170,768
2022,French Grand Prix,R,NOR,28.0,6.0,clear_violation,319.0,73.0,207.8600381297773,100.0,0.2066666666666666,155,750
2022,French Grand Prix,R,NOR,29.0,6.0,clear_violation,318.0,76.0,207.72195989675708,100.0,0.1989389920424403,150,754
2022,French Grand Prix,R,SAI,30.0,3.0,clear_violation,339.0,73.0,211.21902433905572,100.0,0.2423841059602649,183,755
2022,French Grand Prix,R,LAT,36.0,3.0,clear_violation,332.0,67.0,205.2610984060915,100.0,0.2172185430463576,164,755
2022,French Grand Prix,R,HAM,31.0,2.0,no_advantage,308.0,74.0,211.3688674155084,100.0,0.1917443408788282,144,751
2022,Hungarian Grand Prix,FP1,MSC,4.0,12.0,no_advantage,289.0,56.0,124.159020777976,100.0,0.2006764374295377,178,887
2022,Hungarian Grand Prix,FP1,MSC,12.0,3.0,no_advantage,315.0,56.0,140.37749237624746,100.0,0.2067307692307692,172,832
2022,Hungarian Grand Prix,FP1,HAM,12.0,12.0,no_advantage,310.0,77.0,176.95936476833,100.0,0.1659259259259259,112,675
2022,Hungarian Grand Prix,FP1,TSU,14.0,1.0,no_advantage,257.1375008,59.0,114.53472353817746,100.0,0.0522243713733075,54,1034
2022,Hungarian Grand Prix,FP2,MSC,15.0,12.0,no_advantage,318.0,71.0,178.84413801319832,100.0,0.23206106870229,152,655
2022,Hungarian Grand Prix,FP2,LEC,21.0,4.0,no_advantage,297.0,80.0,187.2340333570231,100.0,0.2069510268562401,131,633
2022,Hungarian Grand Prix,FP2,OCO,22.0,4.0,no_advantage,293.0,85.0,185.49088410540267,100.0,0.2488479262672811,162,651
2022,Hungarian Grand Prix,FP3,GAS,3.0,4.0,no_advantage,285.0,64.0,140.1360039758217,100.0,0.2175925925925926,188,864
2022,Hungarian Grand Prix,FP3,LAT,3.0,4.0,no_advantage,277.0,66.0,145.68426866861893,100.0,0.2743467933491686,231,842
2022,Hungarian Grand Prix,FP3,ZHO,7.0,4.0,no_advantage,278.0,65.0,142.40365490764208,100.0,0.2692307692307692,224,832
2022,Hungarian Grand Prix,FP3,ALB,6.0,4.0,no_advantage,277.0,64.0,141.6605291229612,100.0,0.2810615199034982,233,829
2022,Hungarian Grand Prix,FP3,MAG,6.0,4.0,no_advantage,271.0,69.0,144.70916229443998,100.0,0.2414634146341463,198,820
2022,Hungarian Grand Prix,FP3,VET,8.0,11.0,no_advantage,256.0,61.0,129.5993468001636,99.0,0.2615384615384615,238,910
2022,Hungarian Grand Prix,FP3,MSC,11.0,12.0,no_advantage,276.0,64.0,140.16777742548547,100.0,0.2654761904761905,223,840
2022,Hungarian Grand Prix,FP3,PER,6.0,2.0,no_advantage,287.0,62.0,138.47532787793924,100.0,0.2189349112426035,185,845
2022,Hungarian Grand Prix,Q,VER,9.0,11.0,clear_violation,313.0,91.0,198.53696845064343,100.0,0.205685618729097,123,598
2022,Hungarian Grand Prix,Q,MSC,2.0,5.0,clear_violation,313.0,93.0,191.0258259305145,100.0,0.2260162601626016,139,615
2022,Hungarian Grand Prix,Q,TSU,5.0,5.0,clear_violation,311.0,93.0,194.74377620024916,100.0,0.1993410214168039,121,607
2022,Hungarian Grand Prix,Q,GAS,8.0,5.0,clear_violation,313.0,91.0,199.6194098469529,100.0,0.1844331641285956,109,591
2022,Hungarian Grand Prix,R,MAG,4.0,4.0,clear_violation,293.0,91.0,183.3041493043692,100.0,0.2747252747252747,175,637
2022,Hungarian Grand Prix,R,MAG,52.0,4.0,clear_violation,288.0,89.0,179.28008527254983,100.0,0.2288261515601783,154,673
2022,Hungarian Grand Prix,R,MAG,55.0,12.0,clear_violation,290.0,88.0,185.00177396630048,100.0,0.2367149758454106,147,621
2022,Hungarian Grand Prix,R,TSU,52.0,7.0,clear_violation,258.0,0.0,140.40232366628143,100.0,0.2771804062126642,232,837
2022,Hungarian Grand Prix,R,ALB,57.0,7.0,clear_violation,290.0,85.0,180.7271091707792,100.0,0.2559618441971383,161,629
2022,Hungarian Grand Prix,R,ZHO,65.0,4.0,clear_violation,285.0,86.0,189.4268986084639,100.0,0.2170418006430868,135,622
2022,Hungarian Grand Prix,R,ZHO,69.0,13.0,clear_violation,292.0,69.0,177.3243595846117,100.0,0.2582582582582582,172,666
2022,Hungarian Grand Prix,R,RIC,64.0,4.0,clear_violation,288.0,86.0,188.6834707976688,100.0,0.2112676056338028,135,639
2022,Hungarian Grand Prix,R,HAM,15.0,12.0,clear_violation,282.0,87.0,184.2776631349573,100.0,0.2264150943396226,144,636
2022,Hungarian Grand Prix,R,HAM,24.0,12.0,clear_violation,296.0,91.0,185.4725702255469,100.0,0.2296650717703349,144,627
2022,Hungarian Grand Prix,R,VET,35.0,7.0,clear_violation,306.0,79.0,181.87924282651704,100.0,0.2852713178294573,184,645
2022,Hungarian Grand Prix,R,LAT,52.0,11.0,clear_violation,292.0,84.0,180.99486845107,100.0,0.2874432677760968,190,661
2022,Hungarian Grand Prix,R,LAT,58.0,13.0,clear_violation,289.0,89.0,185.8756593248665,100.0,0.2679425837320574,168,627
2022,Hungarian Grand Prix,R,LAT,62.0,4.0,clear_violation,288.0,88.0,186.01858005531628,100.0,0.2839116719242902,180,634
2022,Hungarian Grand Prix,R,HAM,15.0,12.0,no_advantage,282.0,87.0,184.2776631349573,100.0,0.2264150943396226,144,636
2022,Hungarian Grand Prix,R,MAG,51.0,4.0,no_advantage,290.0,87.0,186.1652979086932,100.0,0.2243589743589743,140,624
2022,Hungarian Grand Prix,R,LAT,58.0,13.0,no_advantage,289.0,89.0,185.8756593248665,100.0,0.2679425837320574,168,627
2022,Italian Grand Prix,Q,LEC,5.0,2.0,clear_violation,345.0,36.0,172.57164806765664,100.0,0.206746463547334,190,919
2022,Italian Grand Prix,Q,NOR,4.0,7.0,clear_violation,336.0,69.0,249.58614428618023,100.0,0.124401913875598,78,627
2022,Italian Grand Prix,Q,GAS,17.0,6.0,clear_violation,342.0,68.0,253.45473805857733,100.0,0.121259842519685,77,635
2022,Italian Grand Prix,Q,ALO,16.0,7.0,clear_violation,339.0,72.0,254.542142801476,100.0,0.1374407582938388,87,633
2022,Italian Grand Prix,Q,DEV,7.0,10.0,clear_violation,346.0,58.0,252.8073286900345,100.0,0.1475667189952904,94,637
2022,Italian Grand Prix,Q,MAG,7.0,7.0,clear_violation,336.0,70.0,251.8652912654177,100.0,0.128526645768025,82,638
2022,Italian Grand Prix,Q,MAG,9.0,7.0,clear_violation,340.0,69.0,251.19539545914404,100.0,0.139937106918239,89,636
2022,Italian Grand Prix,R,VER,15.0,7.0,clear_violation,319.0,67.0,240.9698202886574,100.0,0.131578947368421,85,646
2022,Italian Grand Prix,R,GAS,14.0,2.0,clear_violation,354.0,64.0,234.0109829251409,100.0,0.1766467065868263,118,668
2022,Italian Grand Prix,R,PER,24.0,7.0,clear_violation,332.0,64.0,237.18589234701204,100.0,0.1407624633431085,96,682
2022,Italian Grand Prix,R,ALO,21.0,5.0,clear_violation,322.0,69.0,235.5006830461649,100.0,0.155688622754491,104,668
2022,Italian Grand Prix,R,STR,22.0,7.0,clear_violation,329.0,68.0,235.7798878239224,99.0,0.0,0,680
2022,Italian Grand Prix,R,MAG,17.0,7.0,clear_violation,320.0,72.0,235.423521976432,100.0,0.1507462686567164,101,670
2022,Italian Grand Prix,R,MAG,18.0,10.0,clear_violation,321.0,66.0,232.92569509223543,100.0,0.1505847953216374,103,684
2022,Italian Grand Prix,R,RIC,41.0,7.0,clear_violation,325.0,70.0,238.21639760903088,99.0,0.1169415292353823,78,667
2022,Italian Grand Prix,R,RIC,43.0,7.0,clear_violation,323.0,67.0,237.94380154242492,99.0,0.1357254290171607,87,641
2022,Italian Grand Prix,R,NOR,13.0,2.0,clear_violation,331.0,52.0,231.4406573725852,100.0,0.1892697466467958,127,671
2022,Italian Grand Prix,R,DEV,11.0,7.0,clear_violation,342.0,67.0,234.34935140113933,100.0,0.1958146487294469,131,669
2022,Italian Grand Prix,R,DEV,16.0,10.0,clear_violation,339.0,64.0,235.14637599937723,100.0,0.1942336874051593,128,659
2022,Italian Grand Prix,R,DEV,18.0,7.0,clear_violation,336.0,63.0,235.4496608046112,100.0,0.1866666666666666,126,675
2022,Italian Grand Prix,R,MSC,16.0,7.0,clear_violation,330.0,62.0,237.7633451865655,100.0,0.1396054628224582,92,659
2022,Italian Grand Prix,R,SAI,39.0,7.0,clear_violation,324.0,69.0,244.27445025906772,100.0,0.1455399061032863,93,639
2022,Japanese Grand Prix,FP1,LAT,4.0,11.0,no_advantage,293.0,61.0,186.90363420259453,100.0,0.2200725513905683,182,827
2022,Japanese Grand Prix,FP2,LAT,4.0,16.0,no_advantage,279.0,0.0,127.93050547127687,100.0,0.251792828685259,316,1255
2022,Japanese Grand Prix,FP2,TSU,5.0,9.0,no_advantage,291.0,64.0,197.4896600257464,100.0,0.17375,139,800
2022,Japanese Grand Prix,Q,ALB,2.0,14.0,clear_violation,332.0,73.0,226.2578576094268,100.0,0.1762177650429799,123,698
2022,Mexico City Grand Prix,FP1,LAW,16.0,4.0,no_advantage,291.0,58.0,153.76615974363617,100.0,0.147410358565737,111,753
2022,Mexico City Grand Prix,FP3,MSC,4.0,4.0,no_advantage,342.0,67.0,189.3261916317847,100.0,0.2100977198697068,129,614
2022,Mexico City Grand Prix,FP3,TSU,21.0,1.0,no_advantage,311.0,51.0,126.3376498279065,100.0,0.0928270042194092,88,948
2022,Mexico City Grand Prix,Q,RUS,17.0,12.0,clear_violation,344.0,64.0,194.06608083631895,100.0,0.2043189368770764,123,602
2022,Mexico City Grand Prix,Q,HAM,15.0,3.0,clear_violation,347.0,62.0,195.1675470012531,100.0,0.2069536423841059,125,604
2022,Mexico City Grand Prix,Q,MSC,8.0,2.0,clear_violation,348.0,64.0,191.2685604500076,100.0,0.2287581699346405,140,612
2022,Mexico City Grand Prix,Q,ALB,9.0,8.0,clear_violation,351.0,62.0,186.0776339391142,100.0,0.2294022617124394,142,619
2022,Mexico City Grand Prix,R,ALO,58.0,14.0,clear_violation,302.0,63.0,181.07233156324023,100.0,0.2138461538461538,139,650
2022,Mexico City Grand Prix,R,LEC,11.0,2.0,clear_violation,323.0,61.0,178.9218598650632,100.0,0.2492260061919504,161,646
2022,Miami Grand Prix,FP1,PER,1.0,1.0,no_advantage,287.0,42.0,151.96129411855102,100.0,0.1868743047830923,168,899
2022,Miami Grand Prix,FP2,STR,2.0,17.0,no_advantage,326.0,16.0,185.2034225336476,100.0,0.2050314465408805,163,795
2022,Miami Grand Prix,Q,VER,16.0,5.0,clear_violation,322.0,38.0,154.78666335910896,100.0,0.2295973884657236,211,919
2022,Miami Grand Prix,Q,HAM,5.0,15.0,clear_violation,337.0,42.0,194.16739895715068,100.0,0.2070773263433813,158,763
2022,Miami Grand Prix,Q,GAS,2.0,15.0,clear_violation,336.0,63.0,208.2963339778949,100.0,0.1807747489239598,126,697
2022,Miami Grand Prix,R,GAS,24.0,5.0,clear_violation,320.0,59.0,197.79955150776652,100.0,0.1829268292682926,135,738
2022,Miami Grand Prix,R,ALO,3.0,6.0,clear_violation,320.0,62.0,198.82742950548965,100.0,0.1972789115646258,145,735
2022,Miami Grand Prix,R,ALO,56.0,15.0,clear_violation,317.0,62.0,206.5777360480077,100.0,0.2093023255813953,144,688
2022,Miami Grand Prix,R,MAG,20.0,12.0,clear_violation,336.0,64.0,201.2921994037064,100.0,0.2166212534059945,159,734
2022,Miami Grand Prix,R,VET,5.0,15.0,clear_violation,317.0,55.0,197.8735854800216,100.0,0.2077747989276139,155,746
2022,Miami Grand Prix,R,LAT,34.0,15.0,clear_violation,317.0,63.0,188.8747544402593,100.0,0.2188328912466843,165,754
2022,Miami Grand Prix,R,MAG,20.0,11.0,no_advantage,336.0,64.0,201.2921994037064,100.0,0.2166212534059945,159,734
2022,Monaco Grand Prix,FP1,LEC,10.0,1.0,no_advantage,281.0,45.0,155.15185458525008,100.0,0.3101045296167247,178,574
2022,Monaco Grand Prix,Q,SAI,1.0,10.0,clear_violation,271.9166677333333,29.0,100.52184743009202,100.0,0.2984234234234234,265,888
2022,Monaco Grand Prix,Q,SAI,4.0,10.0,clear_violation,277.0,43.0,122.18468145385616,100.0,0.268595041322314,195,726
2022,Monaco Grand Prix,Q,PER,7.0,10.0,clear_violation,275.8285714285714,37.0,126.87062199610342,100.0,0.2517385257301808,181,719
2022,Monaco Grand Prix,Q,RUS,13.0,10.0,clear_violation,274.91666346666665,39.0,125.9383095395129,100.0,0.2104519774011299,149,708
2022,Monaco Grand Prix,Q,RUS,22.0,10.0,clear_violation,275.3,42.0,131.5685893022716,100.0,0.2205663189269746,148,671
2022,Monaco Grand Prix,R,GAS,4.0,10.0,clear_violation,249.0,36.0,115.92940511619771,100.0,0.3128205128205128,244,780
2022,Monaco Grand Prix,R,GAS,63.0,10.0,clear_violation,288.0,42.0,148.02903117045958,100.0,0.2907563025210084,173,595
2022,Monaco Grand Prix,R,STR,11.0,10.0,clear_violation,268.0,38.0,122.7526434282106,100.0,0.3410958904109589,249,730
2022,Monaco Grand Prix,R,MAG,19.0,11.0,clear_violation,257.0,36.0,120.09101508966076,100.0,0.2736982643524699,205,749
2022,Monaco Grand Prix,R,TSU,44.0,10.0,clear_violation,286.0,44.0,146.72783326154735,100.0,0.3021001615508885,187,619
2022,Monaco Grand Prix,R,ALB,15.0,10.0,clear_violation,266.0,37.0,122.6412751029802,100.0,0.3825136612021858,280,732
2022,Monaco Grand Prix,R,ALB,17.0,10.0,clear_violation,267.0,40.0,120.82442232179024,100.0,0.3857729138166895,282,731
2022,Monaco Grand Prix,R,ALB,22.0,10.0,clear_violation,247.0,0.0,90.79380533614602,100.0,0.3615537848605578,363,1004
2022,Monaco Grand Prix,R,ZHO,11.0,10.0,clear_violation,271.0,38.0,119.2378562418541,100.0,0.2945113788487282,220,747
2022,Monaco Grand Prix,R,ZHO,49.0,11.0,clear_violation,293.0,45.0,141.3557366438132,100.0,0.3476874003189792,218,627
2022,Monaco Grand Prix,R,HAM,13.0,10.0,clear_violation,263.0,38.0,120.38760797101352,100.0,0.322237017310253,242,751
2022,Monaco Grand Prix,R,SAI,48.0,10.0,clear_violation,284.0,46.0,151.49565772198835,100.0,0.3377703826955074,203,601
2022,Monaco Grand Prix,R,RUS,8.0,10.0,clear_violation,263.0,36.0,117.89305006690502,100.0,0.3184796854521625,243,763
2022,Monaco Grand Prix,R,RUS,12.0,10.0,clear_violation,258.0,38.0,121.8484647032564,100.0,0.319060773480663,231,724
2022,Pre-Season Test,Q,HAM,5.0,19.0,clear_violation,317.0,72.0,204.1257087697916,100.0,0.186013986013986,133,715
2022,Pre-Season Test,Q,VET,8.0,9.0,clear_violation,315.0,70.0,201.28446816471367,100.0,0.197875166002656,149,753
2022,Pre-Season Test,Q,ZHO,5.0,12.0,clear_violation,324.0,70.0,201.67026569441,100.0,0.1903448275862068,138,725
2022,Pre-Season Test,Q,ZHO,14.0,12.0,clear_violation,322.0,71.0,203.0801916218329,100.0,0.1814461118690313,133,733
2022,Pre-Season Test,Q,TSU,11.0,9.0,clear_violation,321.0,74.0,203.7105728970257,100.0,0.1546811397557666,114,737
2022,Pre-Season Test,R,VER,48.0,9.0,clear_violation,308.0,65.0,195.165286517544,100.0,0.2041612483745123,157,769
2022,Pre-Season Test,R,VER,51.0,9.0,clear_violation,309.0,67.0,194.9443911041802,100.0,0.2058432934926959,155,753
2022,Pre-Season Test,R,GAS,9.0,11.0,clear_violation,300.0,63.0,186.56374351924413,100.0,0.1859605911330049,151,812
2022,Pre-Season Test,R,GAS,31.0,19.0,clear_violation,299.0,69.0,190.9329196104413,100.0,0.1564885496183206,123,786
2022,Pre-Season Test,R,GAS,34.0,19.0,clear_violation,297.0,72.0,189.5695662366688,100.0,0.1647058823529411,126,765
2022,Pre-Season Test,R,PER,8.0,19.0,clear_violation,325.0,66.0,189.7045626155568,100.0,0.2279792746113989,176,772
2022,Pre-Season Test,R,PER,47.0,6.0,clear_violation,307.0,69.0,196.014592919404,100.0,0.2013245033112582,152,755
2022,Pre-Season Test,R,PER,54.0,6.0,clear_violation,308.0,63.0,193.85109992005695,100.0,0.202275600505689,160,791
2022,Pre-Season Test,R,ALO,3.0,19.0,clear_violation,305.0,69.0,187.6124498655112,100.0,0.2029887920298879,163,803
2022,Pre-Season Test,R,MAG,26.0,19.0,clear_violation,296.0,69.0,187.93249050432837,100.0,0.2197368421052631,167,760
2022,Pre-Season Test,R,TSU,15.0,19.0,clear_violation,326.0,65.0,187.2783736732948,100.0,0.1881313131313131,149,792
2022,Pre-Season Test,R,ALB,6.0,19.0,clear_violation,325.0,64.0,187.63217136243497,100.0,0.2369077306733167,190,802
2022,Pre-Season Test,R,ALB,8.0,12.0,clear_violation,302.0,65.0,185.12404178458516,100.0,0.2205513784461152,176,798
2022,Pre-Season Test,R,ALB,12.0,19.0,clear_violation,305.0,70.0,188.9306107457622,100.0,0.22544080604534,179,794
2022,Pre-Season Test,R,ZHO,32.0,12.0,clear_violation,325.0,67.0,186.9820613234353,100.0,0.2515723270440251,200,795
2022,Pre-Season Test,R,ZHO,33.0,12.0,clear_violation,321.0,67.0,188.23125795226008,100.0,0.2344740177439797,185,789
2022,Pre-Season Test,R,ZHO,36.0,19.0,clear_violation,297.0,68.0,190.77503905521064,100.0,0.2151088348271446,168,781
2022,Pre-Season Test,R,RIC,7.0,19.0,clear_violation,316.0,67.0,186.3853825912361,99.0,0.1779448621553884,142,798
2022,Pre-Season Test,R,RIC,33.0,19.0,clear_violation,297.0,65.0,185.44256297612384,99.0,0.1756587202007528,140,797
2022,Pre-Season Test,R,NOR,15.0,19.0,clear_violation,296.0,0.0,158.6925545192105,100.0,0.2143622722400857,200,933
2022,Pre-Season Test,R,NOR,51.0,19.0,clear_violation,302.0,62.0,191.66004547054104,100.0,0.2225130890052356,170,764
2022,Pre-Season Test,R,HAM,13.0,19.0,clear_violation,293.0,0.0,160.06161423465122,100.0,0.2415254237288135,228,944
2022,Pre-Season Test,R,HAM,43.0,9.0,clear_violation,299.0,74.0,195.1352119820769,100.0,0.1877496671105193,141,751
2022,Pre-Season Test,R,HAM,52.0,9.0,clear_violation,324.0,71.0,195.48843670306815,100.0,0.2204724409448819,168,762
2022,Pre-Season Test,R,MSC,3.0,19.0,clear_violation,318.0,68.0,186.01523085192187,100.0,0.2381546134663341,191,802
2022,Pre-Season Test,R,MSC,10.0,19.0,clear_violation,323.0,66.0,183.8619618843149,100.0,0.2432432432432432,198,814
2022,Pre-Season Test,R,MSC,39.0,19.0,clear_violation,298.0,67.0,189.5983837462875,100.0,0.2195121951219512,171,779
2022,Pre-Season Test,R,MSC,53.0,19.0,clear_violation,303.0,68.0,189.97736599608635,100.0,0.2066831683168316,167,808
2022,Pre-Season Test,R,RUS,35.0,19.0,clear_violation,322.0,63.0,191.9246769108448,100.0,0.2088197146562905,161,771
2022,Pre-Season Track Session,FP2,BOT,20.0,3.0,no_advantage,299.0,79.0,221.22307565268585,100.0,0.1830790568654646,132,721
2022,Pre-Season Track Session,FP2,MSC,21.0,9.0,no_advantage,293.0,83.0,220.5694795127576,100.0,0.1343705799151343,95,707
2022,Pre-Season Track Session,FP2,PER,15.0,3.0,no_advantage,301.0,65.0,215.3547973572122,100.0,0.1686909581646423,125,741
2022,Pre-Season Track Session,FP3,VET,12.0,3.0,no_advantage,312.0,87.0,231.3596005004704,100.0,0.1430635838150289,99,692
2022,Pre-Season Track Session,FP3,PER,10.0,3.0,no_advantage,297.0,68.0,206.89976352505,100.0,0.1310615989515072,100,763
2022,Pre-Season Track Session,FP3,SAI,16.0,3.0,no_advantage,296.0,73.0,183.9554331720348,100.0,0.1584507042253521,135,852
2022,Pre-Season Track Session,Q,LAT,18.0,3.0,clear_violation,291.0,45.0,166.83612644277426,100.0,0.2232510288065843,217,972
2022,Pre-Season Track Session,Q,VER,15.0,13.0,no_advantage,297.0,72.0,188.53487439519728,100.0,0.21007371007371,171,814
2022,Pre-Season Track Session,Q,LAT,17.0,3.0,no_advantage,296.0,70.0,186.2410801893358,100.0,0.2047058823529411,174,850
2022,Pre-Season Track Session,Q,LAT,19.0,1.0,no_advantage,285.0,67.0,166.77240652932173,100.0,0.2478354978354978,229,924
2022,Pre-Season Track Session,R,VER,45.0,9.0,clear_violation,306.0,83.0,226.21063320935656,100.0,0.1420454545454545,100,704
2022,Pre-Season Track Session,R,GAS,10.0,15.0,clear_violation,297.0,83.0,215.80113167327065,100.0,0.137062937062937,98,715
2022,Pre-Season Track Session,R,LEC,45.0,15.0,clear_violation,303.0,77.0,225.9928176986641,100.0,0.1452513966480447,104,716
2022,Pre-Season Track Session,R,STR,50.0,15.0,clear_violation,298.0,78.0,225.15268724332225,100.0,0.163059163059163,113,693
2022,Pre-Season Track Session,R,MAG,8.0,9.0,clear_violation,318.0,80.0,217.13514383501607,100.0,0.1633802816901408,116,710
2022,Pre-Season Track Session,R,MAG,49.0,9.0,clear_violation,296.0,78.0,224.65505103695872,100.0,0.132183908045977,92,696
2022,Pre-Season Track Session,R,LAT,26.0,15.0,clear_violation,307.0,79.0,220.5836377549208,100.0,0.1974612129760225,140,709
2022,Pre-Season Track Session,R,LAT,31.0,9.0,clear_violation,306.0,83.0,221.0385145711765,100.0,0.1843575418994413,132,716
2022,Pre-Season Track Session,R,TSU,10.0,3.0,no_advantage,324.0,76.0,216.8097226647922,100.0,0.156558533145275,111,709
2022,Saudi Arabian Grand Prix,FP1,VER,12.0,8.0,no_advantage,299.2937504,60.0,153.63211157940023,100.0,0.2583025830258302,280,1084
2022,Saudi Arabian Grand Prix,FP1,TSU,20.0,8.0,no_advantage,293.0,67.0,171.3639763849081,100.0,0.1568627450980392,152,969
2022,Saudi Arabian Grand Prix,R,PER,35.0,2.0,clear_violation,315.0,76.0,233.55891501285743,100.0,0.1508379888268156,108,716
2022,Saudi Arabian Grand Prix,R,LEC,47.0,2.0,clear_violation,315.0,72.0,238.33029695058684,100.0,0.1631205673758865,115,705
2022,Saudi Arabian Grand Prix,R,MAG,11.0,2.0,clear_violation,330.0,64.0,225.5718188197144,100.0,0.1563342318059299,116,742
2022,Saudi Arabian Grand Prix,R,ALB,4.0,2.0,clear_violation,315.0,75.0,223.83313807046264,100.0,0.1576819407008086,117,742
2022,Saudi Arabian Grand Prix,R,ALB,8.0,2.0,clear_violation,312.0,76.0,221.79306237490928,100.0,0.1608300907911803,124,771
2022,Saudi Arabian Grand Prix,R,ZHO,5.0,2.0,clear_violation,327.0,60.0,223.6932315730208,100.0,0.1648936170212765,124,752
2022,Saudi Arabian Grand Prix,R,ZHO,48.0,2.0,clear_violation,305.0,67.0,227.11813329153784,100.0,0.1459170013386881,109,747
2022,Saudi Arabian Grand Prix,R,OCO,8.0,2.0,clear_violation,325.0,79.0,222.54764555045145,100.0,0.188556566970091,145,769
2022,Saudi Arabian Grand Prix,R,OCO,12.0,2.0,clear_violation,326.0,69.0,228.06168628517656,100.0,0.1734972677595628,127,732
2022,Saudi Arabian Grand Prix,R,NOR,4.0,2.0,clear_violation,304.0,70.0,223.02607277973723,99.0,0.1517615176151761,112,738
2022,Saudi Arabian Grand Prix,R,LAT,5.0,2.0,clear_violation,313.0,82.0,224.06418091312733,100.0,0.1655629139072847,125,755
2022,Singapore Grand Prix,FP1,RUS,3.0,11.0,no_advantage,294.0,65.0,149.09316323026988,104.0,0.6476997578692494,535,826
2022,Singapore Grand Prix,FP2,VET,2.0,13.0,no_advantage,303.0,9.0,149.9661387380337,100.0,0.2294182217343578,209,911
2022,Singapore Grand Prix,FP2,RUS,4.0,11.0,no_advantage,265.0,55.0,121.02773762171184,100.0,0.2344582593250444,264,1126
2022,Singapore Grand Prix,FP2,GAS,7.0,18.0,no_advantage,307.0,62.0,172.3170204155132,100.0,0.2020330368487929,159,787
2022,Singapore Grand Prix,FP2,BOT,13.0,16.0,no_advantage,300.0,38.0,144.16767787878143,100.0,0.2934898612593383,275,937
2022,Singapore Grand Prix,FP3,LAT,5.0,7.0,no_advantage,279.0,53.0,136.1660301395941,100.0,0.2934560327198364,287,978
2022,Singapore Grand Prix,FP3,GAS,12.0,18.0,no_advantage,291.0,53.0,144.0701180758276,100.0,0.2593383137673425,243,937
2022,Singapore Grand Prix,Q,MSC,1.0,16.0,no_advantage,268.0,37.0,108.2175454322335,100.0,0.3012448132780083,363,1205
2022,Singapore Grand Prix,Q,LEC,2.0,8.0,no_advantage,291.0,57.0,157.01027644160894,100.0,0.2399540757749713,209,871
2022,Singapore Grand Prix,Q,ALB,3.0,18.0,no_advantage,296.0,53.0,151.15309571860192,100.0,0.3227917121046892,296,917
2022,Singapore Grand Prix,Q,GAS,19.0,18.0,no_advantage,291.0,53.0,151.628970178744,100.0,0.2662337662337662,246,924
2022,Spanish Grand Prix,FP1,DEV,24.0,2.0,clear_violation,275.0,0.0,115.70677381310428,100.0,0.2067703568161024,226,1093
2022,Spanish Grand Prix,FP2,NOR,3.0,7.0,no_advantage,310.0,33.0,157.17176130605435,99.0,0.1796778190830235,145,807
2022,Spanish Grand Prix,FP2,PER,26.0,8.0,no_advantage,298.0,60.0,179.50786800471678,100.0,0.2137834036568213,152,711
2022,Spanish Grand Prix,Q,PER,10.0,12.0,clear_violation,320.0,83.0,207.6283140827084,100.0,0.1831210191082802,115,628
2022,Spanish Grand Prix,Q,NOR,11.0,12.0,clear_violation,317.0,82.0,207.74324744747585,100.0,0.1781701444622793,111,623
2022,Spanish Grand Prix,Q,TSU,2.0,12.0,clear_violation,320.0,84.0,204.18443435107255,100.0,0.1701444622792937,106,623
2022,Spanish Grand Prix,Q,PER,5.0,8.0,no_advantage,321.0,70.0,174.19111733697866,100.0,0.2186629526462395,157,718
2022,Spanish Grand Prix,R,VER,24.0,12.0,clear_violation,330.0,74.0,186.53204331644707,100.0,0.2454819277108433,163,664
2022,Spanish Grand Prix,R,PER,50.0,9.0,clear_violation,305.0,79.0,189.9801155138079,100.0,0.2426035502958579,164,676
2022,Spanish Grand Prix,R,HAM,12.0,12.0,clear_violation,300.0,76.0,189.97917127465487,100.0,0.1973490427098674,134,679
2022,Spanish Grand Prix,R,HAM,35.0,12.0,clear_violation,296.0,75.0,190.03513674847144,100.0,0.1812865497076023,124,684
2022,Spanish Grand Prix,R,HAM,41.0,12.0,clear_violation,296.0,77.0,191.785635911478,100.0,0.1711309523809523,115,672
2022,Spanish Grand Prix,R,ALO,25.0,12.0,clear_violation,297.0,76.0,184.73627096142317,100.0,0.2881597717546362,202,701
2022,Spanish Grand Prix,R,ALO,26.0,12.0,clear_violation,295.0,73.0,184.73260747106235,100.0,0.2310984308131241,162,701
2022,Spanish Grand Prix,R,TSU,8.0,9.0,clear_violation,305.0,78.0,186.51875662732195,100.0,0.2014598540145985,138,685
2022,Spanish Grand Prix,R,VET,14.0,9.0,clear_violation,296.0,73.0,182.5492629797752,100.0,0.2352071005917159,159,676
2022,Spanish Grand Prix,R,VET,38.0,9.0,clear_violation,297.0,77.0,188.1222360371825,100.0,0.2167630057803468,150,692
2022,Spanish Grand Prix,R,MSC,31.0,12.0,clear_violation,283.0,0.0,156.69678653151934,100.0,0.234375,195,832
2022,Spanish Grand Prix,R,MAG,30.0,9.0,clear_violation,279.0,0.0,150.62574337884834,100.0,0.2779740871613663,236,849
2022,Spanish Grand Prix,R,ALB,16.0,12.0,clear_violation,305.0,80.0,181.88059936994665,100.0,0.2325581395348837,160,688
2022,Spanish Grand Prix,R,ALB,36.0,12.0,clear_violation,303.0,76.0,184.14328849818364,100.0,0.2206095791001451,152,689
2022,Spanish Grand Prix,R,ALB,39.0,12.0,clear_violation,303.0,73.0,183.41119818574813,100.0,0.2255747126436781,157,696
2022,Spanish Grand Prix,R,ALB,62.0,9.0,clear_violation,299.0,78.0,184.52176752666043,100.0,0.2416787264833574,167,691
2022,Spanish Grand Prix,R,SAI,6.0,4.0,no_advantage,304.0,75.0,187.818880660519,100.0,0.2154294032023289,148,687
2022,Spanish Grand Prix,R,VER,8.0,4.0,no_advantage,299.0,77.0,189.2703838051005,100.0,0.18796992481203,125,665
2022,São Paulo Grand Prix,Q,MAG,6.0,8.0,clear_violation,300.0,70.0,193.86660758626803,100.0,0.207070707070707,123,594
2022,São Paulo Grand Prix,R,STR,23.0,4.0,clear_violation,304.0,75.0,193.5348619928027,100.0,0.2125850340136054,125,588
2022,São Paulo Grand Prix,R,STR,24.0,4.0,clear_violation,305.0,75.0,192.71570182336023,100.0,0.2171717171717171,129,594
2022,São Paulo Grand Prix,R,STR,42.0,4.0,clear_violation,317.0,73.0,196.5226773990014,99.0,0.1932624113475177,109,564
2022,São Paulo Grand Prix,R,STR,60.0,4.0,clear_violation,310.0,77.0,199.21189653416292,99.0,0.2347826086956521,135,575
2022,São Paulo Grand Prix,R,HAM,7.0,4.0,clear_violation,306.0,78.0,188.3509009905736,100.0,0.2306477093206951,146,633
2022,São Paulo Grand Prix,R,VET,70.0,4.0,clear_violation,309.0,74.0,200.6097430714248,100.0,0.2017094017094017,118,585
2022,São Paulo Grand Prix,S,VER,7.0,4.0,clear_violation,307.0,77.0,203.91453099102168,100.0,0.1957671957671957,111,567
2022,São Paulo Grand Prix,SQ,VER,7.0,4.0,clear_violation,307.0,77.0,203.91453099102168,100.0,0.1957671957671957,111,567
2022,United States Grand Prix,Q,HAM,5.0,19.0,clear_violation,317.0,72.0,204.1257087697916,100.0,0.186013986013986,133,715
2022,United States Grand Prix,Q,VET,8.0,9.0,clear_violation,315.0,70.0,201.28446816471367,100.0,0.197875166002656,149,753
2022,United States Grand Prix,Q,ZHO,5.0,12.0,clear_violation,324.0,70.0,201.67026569441,100.0,0.1903448275862068,138,725
2022,United States Grand Prix,Q,ZHO,14.0,12.0,clear_violation,322.0,71.0,203.0801916218329,100.0,0.1814461118690313,133,733
2022,United States Grand Prix,Q,TSU,11.0,9.0,clear_violation,321.0,74.0,203.7105728970257,100.0,0.1546811397557666,114,737
2022,United States Grand Prix,R,VER,48.0,9.0,clear_violation,308.0,65.0,195.165286517544,100.0,0.2041612483745123,157,769
2022,United States Grand Prix,R,VER,51.0,9.0,clear_violation,309.0,67.0,194.9443911041802,100.0,0.2058432934926959,155,753
2022,United States Grand Prix,R,GAS,9.0,11.0,clear_violation,300.0,63.0,186.56374351924413,100.0,0.1859605911330049,151,812
2022,United States Grand Prix,R,GAS,31.0,19.0,clear_violation,299.0,69.0,190.9329196104413,100.0,0.1564885496183206,123,786
2022,United States Grand Prix,R,GAS,34.0,19.0,clear_violation,297.0,72.0,189.5695662366688,100.0,0.1647058823529411,126,765
2022,United States Grand Prix,R,PER,8.0,19.0,clear_violation,325.0,66.0,189.7045626155568,100.0,0.2279792746113989,176,772
2022,United States Grand Prix,R,PER,47.0,6.0,clear_violation,307.0,69.0,196.014592919404,100.0,0.2013245033112582,152,755
2022,United States Grand Prix,R,PER,54.0,6.0,clear_violation,308.0,63.0,193.85109992005695,100.0,0.202275600505689,160,791
2022,United States Grand Prix,R,ALO,3.0,19.0,clear_violation,305.0,69.0,187.6124498655112,100.0,0.2029887920298879,163,803
2022,United States Grand Prix,R,MAG,26.0,19.0,clear_violation,296.0,69.0,187.93249050432837,100.0,0.2197368421052631,167,760
2022,United States Grand Prix,R,TSU,15.0,19.0,clear_violation,326.0,65.0,187.2783736732948,100.0,0.1881313131313131,149,792
2022,United States Grand Prix,R,ALB,6.0,19.0,clear_violation,325.0,64.0,187.63217136243497,100.0,0.2369077306733167,190,802
2022,United States Grand Prix,R,ALB,8.0,12.0,clear_violation,302.0,65.0,185.12404178458516,100.0,0.2205513784461152,176,798
2022,United States Grand Prix,R,ALB,12.0,19.0,clear_violation,305.0,70.0,188.9306107457622,100.0,0.22544080604534,179,794
2022,United States Grand Prix,R,ZHO,32.0,12.0,clear_violation,325.0,67.0,186.9820613234353,100.0,0.2515723270440251,200,795
2022,United States Grand Prix,R,ZHO,33.0,12.0,clear_violation,321.0,67.0,188.23125795226008,100.0,0.2344740177439797,185,789
2022,United States Grand Prix,R,ZHO,36.0,19.0,clear_violation,297.0,68.0,190.77503905521064,100.0,0.2151088348271446,168,781
2022,United States Grand Prix,R,RIC,7.0,19.0,clear_violation,316.0,67.0,186.3853825912361,99.0,0.1779448621553884,142,798
2022,United States Grand Prix,R,RIC,33.0,19.0,clear_violation,297.0,65.0,185.44256297612384,99.0,0.1756587202007528,140,797
2022,United States Grand Prix,R,NOR,15.0,19.0,clear_violation,296.0,0.0,158.6925545192105,100.0,0.2143622722400857,200,933
2022,United States Grand Prix,R,NOR,51.0,19.0,clear_violation,302.0,62.0,191.66004547054104,100.0,0.2225130890052356,170,764
2022,United States Grand Prix,R,HAM,13.0,19.0,clear_violation,293.0,0.0,160.06161423465122,100.0,0.2415254237288135,228,944
2022,United States Grand Prix,R,HAM,43.0,9.0,clear_violation,299.0,74.0,195.1352119820769,100.0,0.1877496671105193,141,751
2022,United States Grand Prix,R,HAM,52.0,9.0,clear_violation,324.0,71.0,195.48843670306815,100.0,0.2204724409448819,168,762
2022,United States Grand Prix,R,MSC,3.0,19.0,clear_violation,318.0,68.0,186.01523085192187,100.0,0.2381546134663341,191,802
2022,United States Grand Prix,R,MSC,10.0,19.0,clear_violation,323.0,66.0,183.8619618843149,100.0,0.2432432432432432,198,814
2022,United States Grand Prix,R,MSC,39.0,19.0,clear_violation,298.0,67.0,189.5983837462875,100.0,0.2195121951219512,171,779
2022,United States Grand Prix,R,MSC,53.0,19.0,clear_violation,303.0,68.0,189.97736599608635,100.0,0.2066831683168316,167,808
2022,United States Grand Prix,R,RUS,35.0,19.0,clear_violation,322.0,63.0,191.9246769108448,100.0,0.2088197146562905,161,771
2023,Abu Dhabi Grand Prix,Q,VER,5.0,16.0,clear_violation,333.0,68.0,222.24945312947244,100.0,0.1546707503828484,101,653
2023,Abu Dhabi Grand Prix,Q,HUL,2.0,16.0,clear_violation,331.0,68.0,221.8595494293506,100.0,0.1600609756097561,105,656
2023,Abu Dhabi Grand Prix,Q,HUL,8.0,16.0,clear_violation,326.0,70.0,223.35363726420937,100.0,0.1279251170046801,82,641
2023,Abu Dhabi Grand Prix,Q,PER,16.0,1.0,clear_violation,331.0,72.0,225.47189378196728,100.0,0.1332312404287902,87,653
2023,Abu Dhabi Grand Prix,Q,GAS,17.0,1.0,clear_violation,327.0,68.0,224.02781614661737,100.0,0.1238670694864048,82,662
2023,Abu Dhabi Grand Prix,Q,ZHO,2.0,16.0,clear_violation,327.0,70.0,222.96250728575765,100.0,0.1401869158878504,90,642
2023,Abu Dhabi Grand Prix,Q,SAR,2.0,1.0,clear_violation,332.0,68.0,222.4846473457796,100.0,0.1470137825421133,96,653
2023,Abu Dhabi Grand Prix,Q,SAR,5.0,1.0,clear_violation,330.0,70.0,222.41022932368872,100.0,0.1674347158218126,109,651
2023,Abu Dhabi Grand Prix,R,VER,23.0,1.0,clear_violation,306.0,66.0,208.65349495030267,100.0,0.1582002902757619,109,689
2023,Abu Dhabi Grand Prix,R,LEC,10.0,1.0,clear_violation,309.0,61.0,208.7193748457938,100.0,0.1840942562592047,125,679
2023,Abu Dhabi Grand Prix,R,LEC,28.0,16.0,clear_violation,308.0,60.0,210.90986601509323,100.0,0.1790393013100436,123,687
2023,Abu Dhabi Grand Prix,R,LEC,29.0,16.0,clear_violation,310.0,60.0,209.6641762341195,100.0,0.1759530791788856,120,682
2023,Abu Dhabi Grand Prix,R,RUS,54.0,1.0,clear_violation,309.0,59.0,209.54086298299447,100.0,0.1411589895988113,95,673
2023,Abu Dhabi Grand Prix,R,PER,41.0,1.0,clear_violation,308.0,62.0,211.115415044313,100.0,0.1578947368421052,108,684
2023,Abu Dhabi Grand Prix,R,NOR,9.0,1.0,clear_violation,322.0,60.0,205.557440433014,99.0,0.1875901875901875,130,693
2023,Abu Dhabi Grand Prix,R,NOR,31.0,12.0,clear_violation,309.0,60.0,208.58995654831767,100.0,0.1787790697674418,123,688
2023,Abu Dhabi Grand Prix,R,NOR,47.0,6.0,clear_violation,310.0,61.0,211.3459083592474,100.0,0.1516516516516516,101,666
2023,Abu Dhabi Grand Prix,R,PIA,15.0,4.0,clear_violation,327.0,64.0,208.5681938007889,99.0,0.1698389458272328,116,683
2023,Abu Dhabi Grand Prix,R,PIA,31.0,1.0,clear_violation,311.0,60.0,209.10686723076876,99.0,0.1661807580174927,114,686
2023,Abu Dhabi Grand Prix,R,ALO,33.0,1.0,clear_violation,306.0,60.0,207.8121740545093,100.0,0.1548295454545454,109,704
2023,Abu Dhabi Grand Prix,R,TSU,15.0,16.0,clear_violation,304.0,61.0,207.09454184328385,100.0,0.1629955947136563,111,681
2023,Abu Dhabi Grand Prix,R,TSU,16.0,16.0,clear_violation,302.0,61.0,204.28332003470229,100.0,0.150074294205052,101,673
2023,Abu Dhabi Grand Prix,R,TSU,17.0,1.0,clear_violation,302.0,60.0,207.88651382046407,100.0,0.1683029453015427,120,713
2023,Abu Dhabi Grand Prix,R,HAM,14.0,1.0,clear_violation,325.0,65.0,205.4202851214458,100.0,0.1831187410586552,128,699
2023,Abu Dhabi Grand Prix,R,STR,14.0,1.0,clear_violation,332.0,59.0,205.60167271818835,100.0,0.1816881258941344,127,699
2023,Abu Dhabi Grand Prix,R,STR,32.0,1.0,clear_violation,305.0,60.0,208.7546841133975,100.0,0.150354609929078,106,705
2023,Abu Dhabi Grand Prix,R,RIC,5.0,1.0,clear_violation,332.0,61.0,206.001693098714,100.0,0.1753889674681754,124,707
2023,Abu Dhabi Grand Prix,R,RIC,31.0,1.0,clear_violation,305.0,60.0,201.83605529664544,100.0,0.1711456859971711,121,707
2023,Abu Dhabi Grand Prix,R,GAS,41.0,4.0,clear_violation,305.0,63.0,211.7850364772933,100.0,0.1346704871060172,94,698
2023,Abu Dhabi Grand Prix,R,GAS,43.0,4.0,clear_violation,306.0,63.0,210.05172010496685,100.0,0.1440922190201729,100,694
2023,Abu Dhabi Grand Prix,R,ALB,2.0,7.0,clear_violation,320.0,56.0,201.14084120995523,100.0,0.1811894882434301,131,723
2023,Abu Dhabi Grand Prix,R,ALB,14.0,4.0,clear_violation,311.0,62.0,205.63061780305168,100.0,0.167621776504298,117,698
2023,Abu Dhabi Grand Prix,R,ALB,31.0,4.0,clear_violation,313.0,63.0,206.1087842390302,100.0,0.1814285714285714,127,700
2023,Abu Dhabi Grand Prix,R,ALB,32.0,4.0,clear_violation,314.0,63.0,207.92788977040587,100.0,0.1726105563480741,121,701
2023,Abu Dhabi Grand Prix,R,HUL,11.0,1.0,clear_violation,311.0,64.0,202.7881235199181,100.0,0.1562952243125904,108,691
2023,Abu Dhabi Grand Prix,R,SAR,2.0,7.0,clear_violation,322.0,57.0,200.74711653302435,100.0,0.1900138696255201,137,721
2023,Abu Dhabi Grand Prix,R,SAR,10.0,4.0,clear_violation,313.0,62.0,204.33238352853508,100.0,0.1605839416058394,110,685
2023,Abu Dhabi Grand Prix,R,ZHO,12.0,1.0,clear_violation,311.0,67.0,204.17137719493192,100.0,0.171875,121,704
2023,Abu Dhabi Grand Prix,R,SAI,6.0,1.0,clear_violation,310.0,63.0,204.15672539180747,100.0,0.191027496382055,132,691
2023,Abu Dhabi Grand Prix,R,SAI,30.0,1.0,clear_violation,305.0,63.0,209.83668698316777,100.0,0.1654357459379616,112,677
2023,Abu Dhabi Grand Prix,R,MAG,23.0,4.0,clear_violation,300.0,0.0,169.08147483734462,100.0,0.1905325443786982,161,845
2023,Australian Grand Prix,FP1,MAG,5.0,3.0,no_advantage,318.0,67.0,183.2692652291265,100.0,0.1744627054361567,138,791
2023,Australian Grand Prix,FP1,TSU,13.0,1.0,no_advantage,297.7406256,39.0,144.1787300918557,100.0,0.0727816550348953,73,1003
2023,Australian Grand Prix,FP1,DEV,22.0,13.0,no_advantage,294.0,85.0,221.06912985371903,100.0,0.1335403726708074,86,644
2023,Australian Grand Prix,FP2,NOR,8.0,1.0,no_advantage,303.06666666666666,79.0,192.1003462628524,99.0,0.1782437745740498,136,763
2023,Australian Grand Prix,FP2,STR,10.0,3.0,no_advantage,292.0,76.0,196.4506233850784,100.0,0.2208333333333333,159,720
2023,Australian Grand Prix,FP3,MAG,14.0,13.0,no_advantage,296.0,0.0,185.57296784683336,100.0,0.1292346298619824,103,797
2023,Australian Grand Prix,FP3,PER,6.0,3.0,no_advantage,311.0999982545454,21.55000192,205.92039450246148,100.0,0.1347826086956521,93,690
2023,Australian Grand Prix,FP3,PER,16.0,1.0,no_advantage,315.0,82.0,173.1496851242004,100.0,0.1541353383458646,123,798
2023,Australian Grand Prix,Q,VER,11.0,1.0,clear_violation,326.0,83.0,196.36648921912,100.0,0.1922043010752688,143,744
2023,Australian Grand Prix,Q,HAM,7.0,9.0,clear_violation,314.0,69.0,167.24332908711008,100.0,0.2006841505131129,176,877
2023,Australian Grand Prix,Q,NOR,9.0,6.0,clear_violation,319.0,71.0,193.4212463478408,99.0,0.134640522875817,103,765
2023,Australian Grand Prix,Q,NOR,16.0,3.0,clear_violation,319.0,48.0,187.7888255147741,99.0,0.155440414507772,120,772
2023,Australian Grand Prix,R,VER,47.0,13.0,clear_violation,303.0,48.0,224.56454489496272,100.0,0.1456,91,625
2023,Australian Grand Prix,R,VER,47.0,13.0,no_advantage,303.0,48.0,224.56454489496272,100.0,0.1456,91,625
2023,Australian Grand Prix,R,HUL,51.0,12.0,no_advantage,305.0,76.0,224.29322775513924,100.0,0.146031746031746,92,630
2023,Austrian Grand Prix,Q,VER,2.0,10.0,clear_violation,326.0,68.0,238.5808304671036,100.0,0.1670020120724346,83,497
2023,Austrian Grand Prix,Q,VER,3.0,10.0,clear_violation,296.0,48.0,113.24739197071844,100.0,0.0609284332688588,63,1034
2023,Austrian Grand Prix,Q,VER,14.0,10.0,clear_violation,324.0,69.0,239.64206492009032,100.0,0.1636726546906187,82,501
2023,Austrian Grand Prix,Q,VER,15.0,10.0,clear_violation,299.0,33.0,118.8422475502466,100.0,0.1029263370332997,102,991
2023,Austrian Grand Prix,Q,SAI,2.0,6.0,clear_violation,321.0,63.0,233.8299527635636,100.0,0.1752988047808765,88,502
2023,Austrian Grand Prix,Q,SAI,9.0,9.0,clear_violation,323.0,68.0,234.0655880542657,100.0,0.1744186046511628,90,516
2023,Austrian Grand Prix,Q,NOR,2.0,10.0,clear_violation,322.0,67.0,235.9416380055873,100.0,0.1491053677932405,75,503
2023,Austrian Grand Prix,Q,NOR,3.0,10.0,clear_violation,294.0,46.0,116.01950295335936,99.0,0.1479642502482621,149,1007
2023,Austrian Grand Prix,Q,NOR,9.0,10.0,clear_violation,324.0,71.0,237.37383118680089,99.0,0.1348088531187122,67,497
2023,Austrian Grand Prix,Q,NOR,10.0,10.0,clear_violation,295.0,54.0,123.0626395990667,99.0,0.1313025210084033,125,952
2023,Austrian Grand Prix,Q,HAM,3.0,10.0,clear_violation,324.0,67.0,232.3663472704825,100.0,0.1473477406679764,75,509
2023,Austrian Grand Prix,Q,STR,12.0,9.0,clear_violation,323.0,68.0,236.9103077000826,100.0,0.1737373737373737,86,495
2023,Austrian Grand Prix,Q,STR,21.0,9.0,clear_violation,321.0,64.0,236.55987854317735,100.0,0.1755424063116371,89,507
2023,Austrian Grand Prix,Q,ALO,17.0,9.0,clear_violation,321.0,67.0,237.30058311199463,100.0,0.1488933601609658,74,497
2023,Austrian Grand Prix,Q,HUL,2.0,9.0,clear_violation,323.0,69.0,236.44905377768825,100.0,0.1405622489959839,70,498
2023,Austrian Grand Prix,Q,HUL,17.0,6.0,clear_violation,326.0,66.0,238.38046654858977,100.0,0.1442687747035573,73,506
2023,Austrian Grand Prix,Q,GAS,5.0,10.0,clear_violation,321.0,64.0,236.77580648027688,100.0,0.1509054325955734,75,497
2023,Austrian Grand Prix,Q,GAS,14.0,10.0,clear_violation,323.0,68.0,238.5404507950359,100.0,0.1351888667992047,68,503
2023,Austrian Grand Prix,Q,ALB,14.0,10.0,clear_violation,330.0,68.0,235.17557972273912,100.0,0.178,89,500
2023,Austrian Grand Prix,Q,ALB,20.0,9.0,clear_violation,325.0,68.0,236.28236048782065,100.0,0.1612244897959183,79,490
2023,Austrian Grand Prix,Q,RUS,17.0,9.0,clear_violation,323.0,68.0,238.0631514877061,100.0,0.1614906832298136,78,483
2023,Austrian Grand Prix,Q,OCO,5.0,10.0,clear_violation,320.0,61.0,233.23039201893016,100.0,0.1876247504990019,94,501
2023,Austrian Grand Prix,Q,OCO,14.0,10.0,clear_violation,323.0,68.0,238.34095338064645,100.0,0.1883495145631068,97,515
2023,Austrian Grand Prix,Q,PIA,18.0,9.0,clear_violation,322.0,69.0,236.86227401806173,99.0,0.1317365269461078,66,501
2023,Austrian Grand Prix,Q,BOT,13.0,10.0,clear_violation,325.0,70.0,235.53946394851948,100.0,0.1702544031311154,87,511
2023,Austrian Grand Prix,Q,PER,12.0,9.0,clear_violation,326.0,65.0,238.69463849558696,100.0,0.1477045908183632,74,501
2023,Austrian Grand Prix,Q,PER,15.0,9.0,clear_violation,325.0,66.0,236.82952938617476,100.0,0.1501014198782961,74,493
2023,Austrian Grand Prix,Q,PER,18.0,10.0,clear_violation,327.0,69.0,237.72240812417024,100.0,0.1568627450980392,80,510
2023,Austrian Grand Prix,Q,TSU,9.0,10.0,clear_violation,321.0,66.0,234.7295397742461,100.0,0.1465863453815261,73,498
2023,Austrian Grand Prix,Q,ZHO,2.0,10.0,clear_violation,323.0,69.0,234.36547089697177,100.0,0.1861386138613861,94,505
2023,Austrian Grand Prix,Q,MAG,6.0,10.0,clear_violation,321.0,67.0,234.83219537962816,100.0,0.1588235294117647,81,510
2023,Austrian Grand Prix,Q,MAG,7.0,10.0,clear_violation,308.0,49.0,125.72770651598503,100.0,0.1267015706806282,121,955
2023,Austrian Grand Prix,Q,DEV,6.0,10.0,clear_violation,318.0,59.0,232.63141064193167,100.0,0.1842105263157894,91,494
2023,Austrian Grand Prix,R,VER,65.0,10.0,clear_violation,307.0,64.0,223.62130597965225,100.0,0.1854545454545454,102,550
2023,Austrian Grand Prix,R,VER,66.0,10.0,clear_violation,317.0,63.0,225.7125851174242,100.0,0.1717557251908397,90,524
2023,Austrian Grand Prix,R,GAS,6.0,10.0,clear_violation,308.0,67.0,216.99946054545973,100.0,0.1808118081180811,98,542
2023,Austrian Grand Prix,R,GAS,7.0,10.0,clear_violation,311.0,63.0,216.00057766195877,100.0,0.1941923774954627,107,551
2023,Austrian Grand Prix,R,GAS,22.0,9.0,clear_violation,293.0,66.0,219.26293053365043,100.0,0.1486988847583643,80,538
2023,Austrian Grand Prix,R,GAS,25.0,10.0,clear_violation,295.0,65.0,220.11361549431055,100.0,0.1537001897533206,81,527
2023,Austrian Grand Prix,R,GAS,26.0,10.0,clear_violation,294.0,65.0,219.14450032308335,100.0,0.1615384615384615,84,520
2023,Austrian Grand Prix,R,GAS,27.0,10.0,clear_violation,294.0,65.0,218.88903850427104,100.0,0.1594746716697936,85,533
2023,Austrian Grand Prix,R,GAS,28.0,10.0,clear_violation,293.0,63.0,218.21616441183903,100.0,0.150375939849624,80,532
2023,Austrian Grand Prix,R,GAS,29.0,10.0,clear_violation,293.0,58.0,217.0498972200296,100.0,0.1542750929368029,83,538
2023,Austrian Grand Prix,R,PER,11.0,9.0,clear_violation,321.0,64.0,214.45328618669404,100.0,0.2125237191650854,112,527
2023,Austrian Grand Prix,R,PER,17.0,10.0,clear_violation,301.0,66.0,220.01404028015756,100.0,0.177449168207024,96,541
2023,Austrian Grand Prix,R,PER,18.0,10.0,clear_violation,300.0,66.0,219.26609834431991,100.0,0.1900191938579654,99,521
2023,Austrian Grand Prix,R,PER,61.0,9.0,clear_violation,324.0,53.0,224.95999937023208,100.0,0.1765799256505576,95,538
2023,Austrian Grand Prix,R,ALO,4.0,10.0,clear_violation,297.0,63.0,215.7487240002912,100.0,0.1608775137111517,88,547
2023,Austrian Grand Prix,R,ALO,5.0,10.0,clear_violation,298.0,64.0,217.26812167899269,100.0,0.169172932330827,90,532
2023,Austrian Grand Prix,R,LEC,5.0,9.0,clear_violation,299.0,65.0,220.819936572224,99.0,0.1864406779661017,99,531
2023,Austrian Grand Prix,R,LEC,8.0,9.0,clear_violation,298.0,66.0,221.41616367809016,99.0,0.1771217712177121,96,542
2023,Austrian Grand Prix,R,LEC,32.0,9.0,clear_violation,302.0,62.0,219.47175472822124,100.0,0.1611111111111111,87,540
2023,Austrian Grand Prix,R,STR,6.0,9.0,clear_violation,312.0,60.0,216.078895587338,100.0,0.2077205882352941,113,544
2023,Austrian Grand Prix,R,STR,10.0,9.0,clear_violation,301.0,61.0,217.7062582101501,100.0,0.1940850277264325,105,541
2023,Austrian Grand Prix,R,STR,33.0,10.0,clear_violation,320.0,57.0,216.60870808923409,100.0,0.2256880733944954,123,545
2023,Austrian Grand Prix,R,STR,34.0,10.0,clear_violation,319.0,55.0,217.6797908737219,100.0,0.2097378277153558,112,534
2023,Austrian Grand Prix,R,SAR,15.0,9.0,clear_violation,282.0,0.0,145.31769793558067,100.0,0.2487684729064039,202,812
2023,Austrian Grand Prix,R,SAR,54.0,10.0,clear_violation,306.0,64.0,220.4774420560092,100.0,0.1736745886654479,95,547
2023,Austrian Grand Prix,R,SAR,55.0,10.0,clear_violation,306.0,63.0,218.941968066955,100.0,0.1718464351005484,94,547
2023,Austrian Grand Prix,R,SAR,57.0,9.0,clear_violation,309.0,63.0,219.88235563062457,100.0,0.1826568265682656,99,542
2023,Austrian Grand Prix,R,MAG,28.0,10.0,clear_violation,303.0,64.0,213.14563495792893,100.0,0.1938405797101449,107,552
2023,Austrian Grand Prix,R,MAG,29.0,10.0,clear_violation,302.0,64.0,214.1659063670949,100.0,0.1786372007366482,97,543
2023,Austrian Grand Prix,R,MAG,42.0,9.0,clear_violation,301.0,65.0,217.6208191865808,100.0,0.1860036832412523,101,543
2023,Austrian Grand Prix,R,MAG,43.0,10.0,clear_violation,300.0,64.0,218.9206146029549,100.0,0.1851145038167939,97,524
2023,Austrian Grand Prix,R,MAG,44.0,10.0,clear_violation,299.0,66.0,218.90449052211176,100.0,0.2,109,545
2023,Austrian Grand Prix,R,MAG,57.0,9.0,clear_violation,298.0,61.0,209.286623511694,100.0,0.1961805555555555,113,576
2023,Austrian Grand Prix,R,DEV,5.0,9.0,clear_violation,302.0,59.0,212.48823010937477,100.0,0.1974405850091407,108,547
2023,Austrian Grand Prix,R,DEV,21.0,9.0,clear_violation,300.0,61.0,218.8090133261867,100.0,0.1877323420074349,101,538
2023,Austrian Grand Prix,R,TSU,5.0,10.0,clear_violation,300.0,60.0,213.62535947088176,100.0,0.1813186813186813,99,546
2023,Austrian Grand Prix,R,TSU,6.0,9.0,clear_violation,318.0,60.0,215.7637606664438,100.0,0.1959706959706959,107,546
2023,Austrian Grand Prix,R,TSU,8.0,9.0,clear_violation,317.0,64.0,215.6613903948563,100.0,0.1930147058823529,105,544
2023,Austrian Grand Prix,R,TSU,9.0,10.0,clear_violation,315.0,64.0,217.56310716599208,100.0,0.1746323529411764,95,544
2023,Austrian Grand Prix,R,TSU,10.0,10.0,clear_violation,316.0,61.0,214.87108538777213,100.0,0.1955719557195571,106,542
2023,Austrian Grand Prix,R,TSU,22.0,9.0,clear_violation,310.0,54.0,211.6687703674171,100.0,0.1765765765765765,98,555
2023,Austrian Grand Prix,R,TSU,47.0,10.0,clear_violation,313.0,65.0,219.40360207333376,100.0,0.1831775700934579,98,535
2023,Austrian Grand Prix,R,TSU,48.0,10.0,clear_violation,302.0,69.0,219.9829378549708,100.0,0.1597744360902255,85,532
2023,Austrian Grand Prix,R,TSU,49.0,10.0,clear_violation,301.0,67.0,220.2615398894268,100.0,0.1496212121212121,79,528
2023,Austrian Grand Prix,R,TSU,62.0,10.0,clear_violation,319.0,58.0,217.64806696054887,100.0,0.2003780718336484,106,529
2023,Austrian Grand Prix,R,TSU,63.0,10.0,clear_violation,322.0,60.0,214.9864138576212,100.0,0.1829484902309058,103,563
2023,Austrian Grand Prix,R,ALB,19.0,9.0,clear_violation,324.0,55.0,217.09247629080224,100.0,0.2158671586715867,117,542
2023,Austrian Grand Prix,R,ALB,20.0,9.0,clear_violation,323.0,56.0,216.94279219517085,100.0,0.2240437158469945,123,549
2023,Austrian Grand Prix,R,ALB,25.0,10.0,clear_violation,301.0,62.0,216.1584449860227,100.0,0.2041587901701323,108,529
2023,Austrian Grand Prix,R,ALB,26.0,10.0,clear_violation,305.0,62.0,218.15058617071216,100.0,0.1931818181818181,102,528
2023,Austrian Grand Prix,R,ALB,27.0,10.0,clear_violation,307.0,58.0,218.48729708477413,100.0,0.1894934333958724,101,533
2023,Austrian Grand Prix,R,ALB,28.0,10.0,clear_violation,306.0,60.0,216.9667926543625,100.0,0.2014787430683918,109,541
2023,Austrian Grand Prix,R,ALB,29.0,10.0,clear_violation,304.0,63.0,217.03379113675416,100.0,0.1977611940298507,106,536
2023,Austrian Grand Prix,R,HUL,8.0,10.0,clear_violation,313.0,52.0,216.3202201291855,100.0,0.1795332136445242,100,557
2023,Austrian Grand Prix,R,HUL,9.0,9.0,clear_violation,315.0,61.0,215.9495034297871,100.0,0.1836734693877551,99,539
2023,Austrian Grand Prix,R,HUL,10.0,10.0,clear_violation,314.0,59.0,217.44444270302216,100.0,0.199630314232902,108,541
2023,Austrian Grand Prix,R,OCO,27.0,10.0,clear_violation,310.0,60.0,220.0174424567436,100.0,0.2278719397363465,121,531
2023,Austrian Grand Prix,R,OCO,28.0,10.0,clear_violation,308.0,63.0,217.6465645682248,100.0,0.2055555555555555,111,540
2023,Austrian Grand Prix,R,OCO,38.0,9.0,clear_violation,297.0,61.0,215.17219071237335,100.0,0.2135036496350364,117,548
2023,Austrian Grand Prix,R,OCO,58.0,10.0,clear_violation,297.0,63.0,219.91406266071525,100.0,0.1962962962962963,106,540
2023,Austrian Grand Prix,R,OCO,59.0,10.0,clear_violation,297.0,64.0,221.07824652294423,100.0,0.1895910780669145,102,538
2023,Austrian Grand Prix,R,NOR,28.0,10.0,clear_violation,318.0,59.0,221.65509437771425,100.0,0.2106261859582542,111,527
2023,Austrian Grand Prix,R,NOR,29.0,10.0,clear_violation,298.0,62.0,218.23017832146164,100.0,0.1883239171374764,100,531
2023,Austrian Grand Prix,R,NOR,64.0,10.0,clear_violation,305.0,63.0,221.8192120154526,100.0,0.1831501831501831,100,546
2023,Austrian Grand Prix,R,NOR,65.0,10.0,clear_violation,305.0,62.0,220.45526939298992,100.0,0.1687840290381125,93,551
2023,Austrian Grand Prix,R,HAM,4.0,10.0,clear_violation,301.0,64.0,219.12505534922823,100.0,0.3277467411545623,176,537
2023,Austrian Grand Prix,R,HAM,5.0,10.0,clear_violation,300.0,67.0,219.43361750507063,100.0,0.1913696060037523,102,533
2023,Austrian Grand Prix,R,HAM,6.0,10.0,clear_violation,295.0,68.0,219.096660137684,100.0,0.1629629629629629,88,540
2023,Austrian Grand Prix,R,HAM,7.0,10.0,clear_violation,300.0,65.0,219.3066686942042,100.0,0.1721611721611721,94,546
2023,Austrian Grand Prix,R,HAM,8.0,10.0,clear_violation,299.0,66.0,219.4418883253061,100.0,0.1460258780036968,79,541
2023,Austrian Grand Prix,R,HAM,9.0,10.0,clear_violation,301.0,67.0,220.97478326139705,100.0,0.1651031894934334,88,533
2023,Austrian Grand Prix,R,HAM,10.0,10.0,clear_violation,301.0,65.0,217.9398229545637,100.0,0.1626617375231053,88,541
2023,Austrian Grand Prix,R,HAM,31.0,10.0,clear_violation,316.0,62.0,217.670147942354,100.0,0.1797323135755258,94,523
2023,Austrian Grand Prix,R,SAI,5.0,10.0,clear_violation,304.0,64.0,220.80637111177933,100.0,0.1936090225563909,103,532
2023,Austrian Grand Prix,R,SAI,6.0,10.0,clear_violation,310.0,60.0,219.54525418614105,100.0,0.2011173184357542,108,537
2023,Austrian Grand Prix,R,SAI,8.0,10.0,clear_violation,313.0,59.0,220.9076327443386,100.0,0.1829944547134935,99,541
2023,Austrian Grand Prix,R,SAI,9.0,10.0,clear_violation,314.0,59.0,221.0928039757679,100.0,0.1977401129943503,105,531
2023,Austrian Grand Prix,R,SAI,10.0,9.0,clear_violation,314.0,62.0,218.95648245784687,100.0,0.1985157699443413,107,539
2023,Austrian Grand Prix,R,SAI,11.0,9.0,clear_violation,313.0,61.0,219.8481778230885,100.0,0.2175572519083969,114,524
2023,Austrian Grand Prix,R,SAI,17.0,9.0,clear_violation,325.0,62.0,223.4425703703696,100.0,0.2258064516129032,119,527
2023,Austrian Grand Prix,R,BOT,5.0,9.0,clear_violation,307.0,59.0,213.0827114147566,100.0,0.2522851919561243,138,547
2023,Austrian Grand Prix,R,PIA,12.0,9.0,clear_violation,317.0,61.0,215.70129983957855,99.0,0.2278719397363465,121,531
2023,Austrian Grand Prix,S,SAI,18.0,9.0,clear_violation,296.0,56.0,203.08321485813957,100.0,0.2371681415929203,134,565
2023,Austrian Grand Prix,S,NOR,16.0,9.0,clear_violation,298.0,55.0,204.8404595562645,100.0,0.1968911917098445,114,579
2023,Austrian Grand Prix,S,HAM,13.0,9.0,clear_violation,301.0,59.0,200.6594537013011,100.0,0.2188612099644128,123,562
2023,Austrian Grand Prix,S,HAM,16.0,9.0,clear_violation,298.0,56.0,204.50376506106645,100.0,0.2305025996533795,133,577
2023,Austrian Grand Prix,S,LEC,15.0,10.0,clear_violation,302.0,51.0,202.16881586899152,100.0,0.2054329371816638,121,589
2023,Austrian Grand Prix,S,LEC,16.0,10.0,clear_violation,305.0,48.0,203.2216755217796,100.0,0.236614853195164,137,579
2023,Austrian Grand Prix,S,GAS,23.0,9.0,clear_violation,296.0,54.0,199.6917204462462,100.0,0.1848739495798319,110,595
2023,Azerbaijan Grand Prix,FP1,NOR,1.0,1.0,no_advantage,322.0,0.0,139.09944053130224,100.0,0.2525439407955596,273,1081
2023,Azerbaijan Grand Prix,FP1,MAG,2.0,1.0,no_advantage,333.0,62.0,186.6654673319005,100.0,0.2717647058823529,231,850
2023,Azerbaijan Grand Prix,FP1,SAR,2.0,1.0,no_advantage,329.0,69.0,196.80383495575995,104.0,0.2806804374240583,231,823
2023,Azerbaijan Grand Prix,FP1,GAS,6.0,1.0,no_advantage,332.90909090909093,69.0,200.1989492826562,100.0,0.2009987515605493,161,801
2023,Azerbaijan Grand Prix,FP1,LEC,12.0,7.0,no_advantage,333.0,49.0,186.9511212466185,100.0,0.2404063205417607,213,886
2023,Azerbaijan Grand Prix,Q,BOT,17.0,3.0,clear_violation,331.6909090909091,52.0,171.10295693529042,100.0,0.274793388429752,266,968
2023,Azerbaijan Grand Prix,Q,ZHO,1.0,1.0,no_advantage,329.8333333333333,35.73214262857143,163.09742264625632,100.0,0.2471443406022845,238,963
2023,Azerbaijan Grand Prix,Q,SAI,15.0,3.0,no_advantage,327.6305557333333,55.0,144.15924985894424,100.0,0.2737576285963383,314,1147
2023,Azerbaijan Grand Prix,R,STR,19.0,16.0,clear_violation,342.0,65.0,196.68466256828404,100.0,0.2251815980629539,186,826
2023,Bahrain Grand Prix,FP1,ALO,9.0,4.0,no_advantage,310.0,60.0,201.844143781223,100.0,0.184931506849315,135,730
2023,Bahrain Grand Prix,FP2,PIA,5.0,1.0,no_advantage,299.0,57.0,144.73942717324357,100.0,0.1587147030185005,163,1027
2023,Bahrain Grand Prix,FP2,SAR,14.0,10.0,no_advantage,300.0,66.0,194.47496169311688,100.0,0.1923076923076923,150,780
2023,Bahrain Grand Prix,FP2,ALO,13.0,10.0,no_advantage,292.0,0.0,161.57867957588022,99.0,0.2004310344827586,186,928
2023,Bahrain Grand Prix,Q,SAI,2.0,8.0,clear_violation,327.0,65.0,211.43314104938815,100.0,0.180939226519337,131,724
2023,Bahrain Grand Prix,Q,STR,2.0,13.0,clear_violation,318.0,68.0,211.6198607999205,99.0,0.1838755304101838,130,707
2023,Bahrain Grand Prix,Q,HUL,16.0,4.0,clear_violation,319.0,64.0,214.29221605982207,100.0,0.1912181303116147,135,706
2023,Bahrain Grand Prix,Q,GAS,5.0,15.0,clear_violation,323.0,67.0,211.9593333411657,100.0,0.1803051317614424,130,721
2023,Bahrain Grand Prix,R,GAS,43.0,4.0,clear_violation,303.0,66.0,201.9239238443054,100.0,0.195054945054945,142,728
2023,Bahrain Grand Prix,R,GAS,44.0,4.0,clear_violation,303.0,63.0,202.4914525019317,100.0,0.1815680880330124,132,727
2023,Bahrain Grand Prix,R,LEC,8.0,4.0,clear_violation,306.0,56.0,195.4141723907479,100.0,0.1997354497354497,151,756
2023,Bahrain Grand Prix,R,MAG,28.0,4.0,clear_violation,305.0,59.0,194.5801026676112,100.0,0.2128777923784494,162,761
2023,Bahrain Grand Prix,R,DEV,19.0,13.0,clear_violation,304.0,59.0,194.8902295307288,100.0,0.1946308724832214,145,745
2023,Bahrain Grand Prix,R,DEV,50.0,4.0,clear_violation,305.0,56.0,195.2669713657936,100.0,0.205921938088829,153,743
2023,Bahrain Grand Prix,R,HUL,21.0,4.0,clear_violation,309.0,62.0,196.8260407919667,100.0,0.2114361702127659,159,752
2023,Bahrain Grand Prix,R,HUL,39.0,4.0,clear_violation,305.0,60.0,197.156212158636,100.0,0.1873315363881401,139,742
2023,Bahrain Grand Prix,R,HUL,47.0,4.0,clear_violation,307.0,63.0,198.68812961557543,100.0,0.1950207468879668,141,723
2023,Bahrain Grand Prix,R,HUL,52.0,4.0,clear_violation,307.0,61.0,197.82019106773905,100.0,0.2027210884353741,149,735
2023,Bahrain Grand Prix,R,HUL,56.0,13.0,clear_violation,309.0,61.0,193.86923354665856,100.0,0.2002583979328165,155,774
2023,Bahrain Grand Prix,R,NOR,3.0,4.0,clear_violation,304.0,53.0,192.75924857808377,100.0,0.2340425531914893,176,752
2023,Bahrain Grand Prix,R,NOR,15.0,4.0,clear_violation,304.0,57.0,195.7795344834689,100.0,0.2310866574965612,168,727
2023,Bahrain Grand Prix,R,NOR,50.0,7.0,clear_violation,302.0,64.0,200.74079387650275,100.0,0.2066574202496532,149,721
2023,Bahrain Grand Prix,R,HAM,50.0,8.0,clear_violation,326.0,60.0,197.251545897404,100.0,0.2233009708737864,161,721
2023,Bahrain Grand Prix,R,RUS,42.0,13.0,clear_violation,311.0,61.0,198.05424214428967,100.0,0.2301255230125523,165,717
2023,Bahrain Grand Prix,R,BOT,7.0,4.0,clear_violation,300.0,60.0,192.31363822442017,100.0,0.2237196765498652,166,742
2023,Bahrain Grand Prix,R,RUS,8.0,10.0,no_advantage,324.0,57.0,190.7539847347437,100.0,0.2307692307692307,177,767
2023,Bahrain Grand Prix,R,STR,51.0,10.0,no_advantage,304.0,59.0,197.56702170327483,99.0,0.1978171896316507,145,733
2023,Belgian Grand Prix,Q,VER,13.0,9.0,clear_violation,317.0,59.0,204.4245483104823,100.0,0.1840958605664488,169,918
2023,Belgian Grand Prix,Q,NOR,3.0,15.0,clear_violation,299.0,50.0,199.0336174765158,100.0,0.1694386694386694,163,962
2023,Belgian Grand Prix,Q,MAG,2.0,10.0,clear_violation,310.0,53.0,204.3330734804843,100.0,0.1876310272536687,179,954
2023,Belgian Grand Prix,Q,MAG,15.0,9.0,clear_violation,310.0,36.0,197.57288486331743,100.0,0.2202868852459016,215,976
2023,Belgian Grand Prix,Q,RIC,7.0,4.0,clear_violation,316.0,57.0,208.03665254498023,100.0,0.1815181518151815,165,909
2023,Belgian Grand Prix,Q,ALB,8.0,8.0,no_advantage,318.0,34.0,167.95370335540107,100.0,0.2743521000893655,307,1119
2023,Belgian Grand Prix,R,VER,21.0,4.0,clear_violation,312.0,67.0,216.74781874512828,100.0,0.1691093573844419,150,887
2023,Belgian Grand Prix,R,PER,22.0,11.0,clear_violation,313.0,64.0,216.87081393679327,100.0,0.1708428246013667,150,878
2023,Belgian Grand Prix,R,HAM,37.0,9.0,clear_violation,320.0,65.0,224.08694999762105,100.0,0.1514084507042253,129,852
2023,Belgian Grand Prix,R,NOR,36.0,4.0,clear_violation,311.0,61.0,220.6189144098527,100.0,0.1310507674144037,111,847
2023,Belgian Grand Prix,R,TSU,13.0,9.0,clear_violation,319.0,67.0,221.51555664149717,100.0,0.1230585424133811,103,837
2023,Belgian Grand Prix,R,TSU,14.0,9.0,clear_violation,319.0,65.0,221.48442998451392,100.0,0.144,126,875
2023,Belgian Grand Prix,R,ALB,28.0,9.0,clear_violation,333.0,65.0,224.32321567949924,100.0,0.1644970414201183,139,845
2023,Belgian Grand Prix,R,RIC,37.0,15.0,clear_violation,338.0,61.0,220.31699743019345,100.0,0.1543700340522134,136,881
2023,Belgian Grand Prix,R,SAR,9.0,9.0,clear_violation,351.0,0.0,194.22641490973817,100.0,0.1735537190082644,168,968
2023,Belgian Grand Prix,R,SAR,33.0,4.0,clear_violation,328.0,64.0,219.4236975451942,100.0,0.1629279811097992,138,847
2023,Belgian Grand Prix,R,SAR,36.0,4.0,clear_violation,331.0,67.0,227.5862958914037,100.0,0.1605231866825208,135,841
2023,Belgian Grand Prix,R,HUL,10.0,11.0,clear_violation,318.0,63.0,218.7113510772253,100.0,0.1503416856492027,132,878
2023,Belgian Grand Prix,R,SAI,10.0,4.0,clear_violation,327.0,63.0,219.5690945201415,100.0,0.1818181818181818,158,869
2023,Belgian Grand Prix,R,SAI,21.0,11.0,clear_violation,318.0,66.0,206.6952379877391,100.0,0.2130242825607064,193,906
2023,British Grand Prix,FP1,ALB,7.0,15.0,no_advantage,322.0,88.0,229.54624393828425,100.0,0.158590308370044,108,681
2023,British Grand Prix,FP2,HAM,2.0,16.0,no_advantage,319.0,74.0,228.39925237774423,100.0,0.1346704871060172,94,698
2023,British Grand Prix,Q,VER,2.0,15.0,clear_violation,304.0,62.0,223.8672183223187,100.0,0.1576704545454545,111,704
2023,British Grand Prix,Q,NOR,3.0,15.0,clear_violation,285.0,54.0,174.75223787142014,100.0,0.1399776035834266,125,893
2023,British Grand Prix,Q,NOR,19.0,15.0,clear_violation,303.0,93.0,235.9181730665566,100.0,0.117391304347826,81,690
2023,British Grand Prix,Q,PIA,3.0,15.0,clear_violation,305.0,85.0,222.8925714152072,100.0,0.146551724137931,102,696
2023,British Grand Prix,Q,SAI,2.0,15.0,clear_violation,294.0,0.0,162.5276301269589,100.0,0.2278738555442523,224,983
2023,British Grand Prix,Q,HAM,2.0,15.0,clear_violation,301.0,0.0,183.259718697366,100.0,0.1506228765571914,133,883
2023,British Grand Prix,Q,ALB,6.0,15.0,clear_violation,308.0,92.0,229.47292817467505,100.0,0.1815561959654178,126,694
2023,British Grand Prix,Q,HUL,5.0,15.0,clear_violation,303.0,87.0,228.2219550610151,100.0,0.1338028169014084,95,710
2023,British Grand Prix,Q,STR,15.0,15.0,clear_violation,308.0,87.0,232.7878491578647,100.0,0.1496402877697841,104,695
2023,British Grand Prix,Q,SAR,3.0,15.0,clear_violation,306.0,74.0,221.40396208894072,100.0,0.1734837799717912,123,709
2023,British Grand Prix,Q,SAR,13.0,15.0,clear_violation,308.0,76.0,230.85700480685733,100.0,0.1592261904761904,107,672
2023,British Grand Prix,Q,SAR,15.0,9.0,clear_violation,307.0,89.0,232.27982620096276,100.0,0.1563845050215208,109,697
2023,British Grand Prix,Q,DEV,2.0,15.0,clear_violation,304.0,79.0,217.92492339780983,100.0,0.2067114093959731,154,745
2023,British Grand Prix,Q,SAR,6.0,11.0,no_advantage,307.0,72.0,198.19434918267075,100.0,0.1979166666666666,152,768
2023,British Grand Prix,R,PER,38.0,15.0,clear_violation,277.0,51.0,153.03501662694782,100.0,0.2437379576107899,253,1038
2023,British Grand Prix,R,STR,10.0,15.0,clear_violation,318.0,83.0,222.75236256059875,100.0,0.1544117647058823,105,680
2023,British Grand Prix,R,STR,11.0,15.0,clear_violation,305.0,88.0,220.2449615332727,100.0,0.1384180790960452,98,708
2023,British Grand Prix,R,STR,39.0,15.0,clear_violation,319.0,74.0,228.08698330574725,100.0,0.1730496453900709,122,705
2023,British Grand Prix,R,SAR,16.0,9.0,clear_violation,304.0,79.0,223.1712614400285,100.0,0.1541725601131541,109,707
2023,British Grand Prix,R,MAG,14.0,9.0,clear_violation,299.0,79.0,220.24272620368205,100.0,0.128133704735376,92,718
2023,British Grand Prix,R,MAG,20.0,15.0,clear_violation,299.0,82.0,223.24806674625736,100.0,0.145631067961165,105,721
2023,British Grand Prix,R,MAG,27.0,15.0,clear_violation,299.0,84.0,222.7140727579172,100.0,0.1346423562412342,96,713
2023,British Grand Prix,R,DEV,10.0,15.0,clear_violation,305.0,81.0,223.18492213803927,100.0,0.1852941176470588,126,680
2023,British Grand Prix,R,ALB,10.0,15.0,clear_violation,303.0,83.0,223.27132584006253,100.0,0.1522693997071742,104,683
2023,British Grand Prix,R,HUL,7.0,15.0,clear_violation,310.0,78.0,214.6742808838449,100.0,0.1902097902097902,136,715
2023,British Grand Prix,R,NOR,13.0,15.0,clear_violation,303.0,82.0,224.31702020046205,100.0,0.1326676176890157,93,701
2023,British Grand Prix,R,NOR,14.0,9.0,clear_violation,303.0,77.0,225.3896173353494,100.0,0.1448663853727144,103,711
2023,British Grand Prix,R,NOR,47.0,15.0,clear_violation,305.0,86.0,226.5645952224002,100.0,0.1289398280802292,90,698
2023,British Grand Prix,R,RUS,14.0,9.0,clear_violation,311.0,75.0,224.43376287907543,100.0,0.1614730878186968,114,706
2023,British Grand Prix,R,RUS,45.0,15.0,clear_violation,310.0,81.0,227.6150810111415,100.0,0.1530758226037196,107,699
2023,British Grand Prix,R,RUS,46.0,15.0,clear_violation,302.0,82.0,226.95510243155783,100.0,0.1392045454545454,98,704
2023,Canadian Grand Prix,FP2,NOR,25.0,1.0,no_advantage,297.0,56.0,196.48958208689243,99.0,0.2059800664451827,124,602
2023,Canadian Grand Prix,FP2,ALB,32.0,1.0,no_advantage,310.0,61.0,201.5350429411368,100.0,0.1943521594684385,117,602
2023,Canadian Grand Prix,FP2,SAI,34.0,13.0,no_advantage,304.0,61.0,199.62427475884155,100.0,0.2218597063621533,136,613
2023,Canadian Grand Prix,FP2,NOR,35.0,13.0,no_advantage,306.0,62.0,198.0186539865037,99.0,0.1986754966887417,120,604
2023,Canadian Grand Prix,FP3,ALB,2.0,13.0,no_advantage,289.0,50.0,154.47596282271664,100.0,0.2906091370558376,229,788
2023,Canadian Grand Prix,FP3,STR,5.0,13.0,no_advantage,297.0,51.0,162.24218863516208,100.0,0.2514124293785311,178,708
2023,Canadian Grand Prix,FP3,ALO,6.0,13.0,no_advantage,305.0,51.0,168.30854214090436,100.0,0.2225475841874085,152,683
2023,Canadian Grand Prix,FP3,HUL,10.0,9.0,no_advantage,299.0,54.0,177.93360695619032,100.0,0.2347696879643387,158,673
2023,Canadian Grand Prix,FP3,GAS,6.0,10.0,no_advantage,296.0,30.0,140.5458747922612,100.0,0.2586826347305389,216,835
2023,Canadian Grand Prix,FP3,PER,11.0,1.0,no_advantage,281.0,22.0,139.59521913431192,100.0,0.2771929824561403,237,855
2023,Canadian Grand Prix,FP3,OCO,8.0,3.0,no_advantage,280.0,55.0,166.476950757477,100.0,0.2576419213973799,177,687
2023,Canadian Grand Prix,FP3,HAM,11.0,1.0,no_advantage,297.0,23.86785097142857,141.3237123173913,100.0,0.2451690821256038,203,828
2023,Canadian Grand Prix,FP3,ALB,19.0,2.0,no_advantage,308.0,53.0,177.86200651386213,100.0,0.2507418397626113,169,674
2023,Canadian Grand Prix,FP3,ZHO,19.0,3.0,no_advantage,284.0,55.0,171.29797926353612,100.0,0.2318634423897581,163,703
2023,Canadian Grand Prix,FP3,RUS,18.0,9.0,no_advantage,303.0,54.0,176.18221431140967,100.0,0.2148148148148148,145,675
2023,Canadian Grand Prix,Q,HAM,5.0,4.0,clear_violation,297.0,52.0,178.63184816627373,100.0,0.227629513343799,145,637
2023,Canadian Grand Prix,Q,HAM,14.0,14.0,clear_violation,325.0,55.0,186.7120085795123,100.0,0.1959876543209876,127,648
2023,Canadian Grand Prix,Q,SAI,7.0,9.0,clear_violation,288.0,49.0,166.6855695750804,100.0,0.2679083094555874,187,698
2023,Canadian Grand Prix,Q,SAI,25.0,2.0,clear_violation,299.0,27.0,160.6141065807002,100.0,0.2764227642276423,204,738
2023,Canadian Grand Prix,Q,ALB,21.0,14.0,clear_violation,310.0,57.0,171.692053397266,100.0,0.2680115273775216,186,694
2023,Canadian Grand Prix,Q,ALB,23.0,13.0,clear_violation,303.0,36.0,148.45846754222976,100.0,0.270543615676359,214,791
2023,Canadian Grand Prix,Q,LEC,3.0,9.0,clear_violation,307.0,47.0,169.4933629715579,100.0,0.2753623188405797,190,690
2023,Canadian Grand Prix,Q,LEC,18.0,14.0,clear_violation,334.0,58.0,189.88069454708852,100.0,0.2327044025157232,148,636
2023,Canadian Grand Prix,Q,PER,4.0,9.0,clear_violation,307.0,55.0,178.29410189911937,100.0,0.2372372372372372,158,666
2023,Canadian Grand Prix,Q,PER,21.0,14.0,clear_violation,333.0,53.0,182.6926204576245,100.0,0.213953488372093,138,645
2023,Canadian Grand Prix,Q,MAG,7.0,9.0,clear_violation,288.0,47.0,151.6658929663671,100.0,0.3047493403693931,231,758
2023,Canadian Grand Prix,Q,MAG,18.0,,clear_violation,333.0,59.0,186.25870320613203,100.0,0.2553516819571865,167,654
2023,Canadian Grand Prix,Q,GAS,9.0,14.0,clear_violation,308.0,53.0,184.23519761428176,100.0,0.2143974960876369,137,639
2023,Canadian Grand Prix,Q,DEV,3.0,9.0,clear_violation,313.0,35.0,145.2135306732662,100.0,0.25,203,812
2023,Canadian Grand Prix,R,ALO,47.0,9.0,clear_violation,303.0,62.0,200.20866713654803,100.0,0.1834710743801653,111,605
2023,Canadian Grand Prix,R,DEV,4.0,13.0,clear_violation,336.0,59.0,197.4192680736267,100.0,0.2487394957983193,148,595
2023,Canadian Grand Prix,R,ALB,22.0,13.0,clear_violation,345.0,57.0,197.73751243497244,100.0,0.2303839732888147,138,599
2023,Canadian Grand Prix,R,ZHO,42.0,13.0,clear_violation,312.0,61.0,193.3328592428612,100.0,0.2238805970149253,135,603
2023,Canadian Grand Prix,R,NOR,70.0,13.0,clear_violation,326.0,60.0,196.4985655484085,99.0,0.2528925619834711,153,605
2023,Canadian Grand Prix,R,SAI,56.0,9.0,clear_violation,313.0,56.0,204.2038652023123,100.0,0.204778156996587,120,586
2023,Canadian Grand Prix,R,PIA,19.0,13.0,clear_violation,330.0,59.0,198.870408575012,99.0,0.2139303482587064,129,603
2023,Canadian Grand Prix,R,PIA,70.0,13.0,clear_violation,334.0,58.0,200.5497300112289,99.0,0.207070707070707,123,594
2023,Dutch Grand Prix,FP1,ALO,6.0,12.0,no_advantage,311.0,43.0,146.66399527221537,100.0,0.1732484076433121,136,785
2023,Dutch Grand Prix,FP1,VER,28.0,11.0,no_advantage,323.0,9.0,102.4141374773836,100.0,0.1468468468468468,163,1110
2023,Dutch Grand Prix,FP2,SAI,13.0,11.0,no_advantage,310.53749973333333,72.0,141.60803061255194,100.0,0.0954151177199504,77,807
2023,Dutch Grand Prix,FP2,STR,17.0,11.0,no_advantage,299.0,52.0,189.0274238689138,100.0,0.1786310517529215,107,599
2023,Dutch Grand Prix,FP2,SAI,28.0,13.0,no_advantage,300.0,15.0,173.0213481032622,100.0,0.2129909365558912,141,662
2023,Dutch Grand Prix,FP3,NOR,1.0,11.0,no_advantage,279.5968111385059,27.0,143.55678079451587,100.0,0.1591511936339522,120,754
2023,Dutch Grand Prix,FP3,VER,3.0,3.0,no_advantage,287.0,47.0,139.81171155242072,100.0,0.2410824108241082,196,813
2023,Dutch Grand Prix,FP3,PER,1.0,11.0,no_advantage,280.1916672,33.0,135.57957669194158,100.0,0.1284634760705289,102,794
2023,Dutch Grand Prix,FP3,LEC,2.0,1.0,no_advantage,295.0,66.0,175.1280088713133,100.0,0.1996951219512195,131,656
2023,Dutch Grand Prix,FP3,SAI,2.0,1.0,no_advantage,290.12083306666665,32.0,143.00515877068838,100.0,0.1913265306122449,150,784
2023,Dutch Grand Prix,FP3,ALO,4.0,1.0,no_advantage,294.0,33.0,156.30225030680847,100.0,0.2064343163538874,154,746
2023,Dutch Grand Prix,FP3,OCO,4.0,1.0,no_advantage,296.0,74.0,170.67860325602516,100.0,0.2713643178410794,181,667
2023,Dutch Grand Prix,FP3,VER,16.0,11.0,no_advantage,305.0,29.0,176.2521419347431,100.0,0.2163009404388714,138,638
2023,Dutch Grand Prix,Q,VER,2.0,1.0,clear_violation,295.0,8.0,144.15463460800345,100.0,0.2259615384615384,188,832
2023,Dutch Grand Prix,Q,VER,21.0,3.0,clear_violation,297.9636363636364,0.0,133.18664317231148,100.0,0.235224586288416,199,846
2023,Dutch Grand Prix,Q,ALB,2.0,11.0,clear_violation,293.0,19.0,165.73201442744386,100.0,0.2751091703056768,189,687
2023,Dutch Grand Prix,Q,LEC,2.0,11.0,clear_violation,299.0,34.0,172.15496693747392,100.0,0.2345864661654135,156,665
2023,Dutch Grand Prix,Q,LEC,5.0,1.0,clear_violation,299.0,45.0,154.70170322142425,100.0,0.2302716688227684,178,773
2023,Dutch Grand Prix,Q,LEC,6.0,1.0,clear_violation,299.0,9.0,164.28220682918496,100.0,0.223943661971831,159,710
2023,Dutch Grand Prix,Q,LEC,20.0,1.0,clear_violation,304.0,47.0,171.81945835319652,100.0,0.2102941176470588,143,680
2023,Dutch Grand Prix,Q,STR,19.0,3.0,clear_violation,300.0,74.0,168.3084697627118,100.0,0.1929824561403508,132,684
2023,Dutch Grand Prix,Q,GAS,5.0,1.0,clear_violation,300.0,38.0,143.3106309640648,100.0,0.1719512195121951,141,820
2023,Dutch Grand Prix,Q,GAS,13.0,3.0,clear_violation,296.0,73.0,163.69478740927906,100.0,0.181058495821727,130,718
2023,Dutch Grand Prix,Q,TSU,3.0,11.0,clear_violation,295.0,25.0,164.5263964782452,100.0,0.2082738944365192,146,701
2023,Dutch Grand Prix,Q,HUL,2.0,1.0,clear_violation,294.0,38.0,162.78491421706107,100.0,0.2169680111265646,156,719
2023,Dutch Grand Prix,Q,MAG,10.0,1.0,clear_violation,305.0,44.0,133.00921471375574,100.0,0.2202447163515016,198,899
2023,Dutch Grand Prix,Q,ALB,1.0,11.0,no_advantage,289.6852374918262,44.91666773333333,155.84988452704647,100.0,0.2268188302425107,159,701
2023,Dutch Grand Prix,Q,HUL,1.0,1.0,no_advantage,289.0,20.0,125.34698191173396,100.0,0.182648401826484,160,876
2023,Dutch Grand Prix,Q,VER,1.0,1.0,no_advantage,290.6055552,20.0,136.43871583849565,100.0,0.2037974683544303,161,790
2023,Dutch Grand Prix,Q,LEC,4.0,1.0,no_advantage,298.0,74.0,184.0503257162433,100.0,0.2345483359746434,148,631
2023,Dutch Grand Prix,Q,GAS,4.0,1.0,no_advantage,297.0,47.0,157.92350275053374,100.0,0.1801925722145804,131,727
2023,Dutch Grand Prix,R,GAS,6.0,3.0,clear_violation,297.0,79.0,177.4110665603259,100.0,0.2138364779874214,136,636
2023,Dutch Grand Prix,R,LEC,3.0,11.0,no_advantage,302.0,62.0,170.61154991148624,100.0,0.2680115273775216,186,694
2023,Dutch Grand Prix,R,ALB,4.0,11.0,no_advantage,269.0,57.0,139.59121602555948,100.0,0.293398533007335,240,818
2023,Dutch Grand Prix,R,GAS,5.0,3.0,no_advantage,292.0,78.0,179.42227224369867,100.0,0.2176,136,625
2023,Hungarian Grand Prix,FP1,HUL,6.0,4.0,no_advantage,76.0,76.0,76.0,104.0,1.0,756,756
2023,Hungarian Grand Prix,FP1,SAR,10.0,4.0,no_advantage,221.0,221.0,221.0,104.0,1.0,764,764
2023,Hungarian Grand Prix,FP1,NOR,9.0,3.0,no_advantage,66.0,66.0,66.0,104.0,1.0,757,757
2023,Hungarian Grand Prix,FP3,LEC,7.0,14.0,no_advantage,288.0,74.0,181.4169223623887,100.0,0.2307692307692307,147,637
2023,Hungarian Grand Prix,Q,VER,11.0,5.0,clear_violation,312.0,96.0,202.5321507630416,100.0,0.2130872483221476,127,596
2023,Hungarian Grand Prix,Q,NOR,8.0,5.0,clear_violation,309.0,93.0,199.1729074574356,100.0,0.1903973509933774,115,604
2023,Hungarian Grand Prix,Q,PIA,2.0,12.0,clear_violation,314.0,89.0,198.26384466865105,100.0,0.1983471074380165,120,605
2023,Hungarian Grand Prix,Q,ZHO,4.0,5.0,clear_violation,310.0,92.0,197.92652433930527,100.0,0.2025931928687196,125,617
2023,Hungarian Grand Prix,Q,ZHO,9.0,4.0,clear_violation,310.0,92.0,196.219396996632,100.0,0.2203672787979966,132,599
2023,Hungarian Grand Prix,Q,ZHO,18.0,12.0,clear_violation,314.0,97.0,203.2184275280068,100.0,0.2180579216354344,128,587
2023,Hungarian Grand Prix,Q,PER,16.0,4.0,clear_violation,316.0,93.0,193.76551407064332,100.0,0.1951219512195122,120,615
2023,Hungarian Grand Prix,Q,STR,12.0,12.0,clear_violation,313.0,93.0,200.18166372938964,100.0,0.2068965517241379,120,580
2023,Hungarian Grand Prix,Q,GAS,15.0,4.0,clear_violation,314.0,89.0,199.9944823490097,100.0,0.2154882154882154,128,594
2023,Hungarian Grand Prix,Q,ALB,2.0,4.0,clear_violation,314.0,92.0,196.6144502919559,100.0,0.2356792144026186,144,611
2023,Hungarian Grand Prix,Q,MAG,2.0,5.0,clear_violation,316.0,93.0,195.63870998255476,100.0,0.2298850574712643,140,609
2023,Hungarian Grand Prix,Q,SAR,2.0,11.0,clear_violation,314.0,96.0,198.7729711785937,100.0,0.2107843137254902,129,612
2023,Hungarian Grand Prix,R,NOR,31.0,4.0,clear_violation,297.0,79.0,185.3735431496814,100.0,0.2535433070866141,161,635
2023,Hungarian Grand Prix,R,NOR,62.0,5.0,clear_violation,303.0,74.0,186.650168058094,100.0,0.2488262910798122,159,639
2023,Hungarian Grand Prix,R,PER,6.0,4.0,clear_violation,320.0,69.0,182.38892991886112,100.0,0.2372881355932203,154,649
2023,Hungarian Grand Prix,R,PER,27.0,4.0,clear_violation,315.0,72.0,180.70018767052656,100.0,0.2688,168,625
2023,Hungarian Grand Prix,R,HAM,11.0,4.0,clear_violation,292.0,86.0,183.20544166270477,100.0,0.2156862745098039,143,663
2023,Hungarian Grand Prix,R,PIA,21.0,4.0,clear_violation,297.0,83.0,186.6787122081128,100.0,0.2230889235569422,143,641
2023,Hungarian Grand Prix,R,PIA,33.0,4.0,clear_violation,300.0,81.0,183.33474322353317,100.0,0.2122641509433962,135,636
2023,Hungarian Grand Prix,R,PIA,46.0,4.0,clear_violation,301.0,85.0,187.30743825651487,100.0,0.2273449920508744,143,629
2023,Hungarian Grand Prix,R,RUS,43.0,11.0,clear_violation,296.0,78.0,186.5890611366364,100.0,0.2403846153846154,150,624
2023,Hungarian Grand Prix,R,LEC,32.0,4.0,clear_violation,305.0,78.0,184.53887832467768,100.0,0.2394366197183098,153,639
2023,Hungarian Grand Prix,R,SAI,15.0,4.0,clear_violation,301.0,69.0,174.2021029796414,100.0,0.2684365781710914,182,678
2023,Hungarian Grand Prix,R,STR,26.0,4.0,clear_violation,300.0,78.0,184.6490591155502,100.0,0.2573189522342065,167,649
2023,Hungarian Grand Prix,R,ALB,8.0,4.0,clear_violation,319.0,75.0,176.29014539055856,100.0,0.2774480712166172,187,674
2023,Hungarian Grand Prix,R,RIC,7.0,4.0,clear_violation,313.0,80.0,183.0637772604848,100.0,0.2141779788838612,142,663
2023,Hungarian Grand Prix,R,HUL,12.0,4.0,clear_violation,297.0,79.0,181.6471749074328,100.0,0.2201834862385321,144,654
2023,Hungarian Grand Prix,R,MAG,22.0,4.0,clear_violation,300.0,82.0,181.85235333363937,100.0,0.2302936630602782,149,647
2023,Hungarian Grand Prix,R,MAG,60.0,7.0,clear_violation,299.0,81.0,179.10666432601087,100.0,0.2029197080291971,139,685
2023,Hungarian Grand Prix,R,SAR,22.0,4.0,clear_violation,302.0,80.0,181.0168832713878,100.0,0.2484567901234567,161,648
2023,Italian Grand Prix,FP1,SAR,8.0,10.0,no_advantage,324.0,55.0,159.7108458757927,100.0,0.1601685985247629,152,949
2023,Italian Grand Prix,FP1,ALB,8.0,10.0,no_advantage,338.0,66.0,219.43753421038556,100.0,0.1594405594405594,114,715
2023,Italian Grand Prix,FP1,OCO,21.0,10.0,no_advantage,320.0,62.0,232.4104207487743,100.0,0.1686217008797653,115,682
2023,Italian Grand Prix,FP1,LAW,26.0,9.0,no_advantage,327.0,63.0,234.7761146131416,100.0,0.1545454545454545,102,660
2023,Italian Grand Prix,FP3,NOR,17.0,4.0,no_advantage,324.0,67.0,238.48557023818083,100.0,0.1220285261489698,77,631
2023,Italian Grand Prix,FP3,HUL,16.0,4.0,no_advantage,336.0,70.0,251.3530338286384,100.0,0.1313628899835796,80,609
2023,Italian Grand Prix,FP3,BOT,22.0,8.0,no_advantage,315.0,56.0,194.3409258483174,100.0,0.187422934648582,152,811
2023,Italian Grand Prix,FP3,SAI,19.0,4.0,no_advantage,320.0,48.0,132.993624710097,100.0,0.1612903225806451,195,1209
2023,Italian Grand Prix,FP3,HAM,20.0,4.0,no_advantage,317.0,60.0,180.3645535304712,100.0,0.1497747747747747,133,888
2023,Italian Grand Prix,Q,VER,2.0,7.0,clear_violation,341.0,66.0,252.3288238787704,100.0,0.1233974358974359,77,624
2023,Italian Grand Prix,Q,PIA,7.0,7.0,clear_violation,335.0,71.0,251.28630541170207,100.0,0.1060358890701468,65,613
2023,Italian Grand Prix,Q,ALO,2.0,7.0,clear_violation,341.0,70.0,251.42322762345995,100.0,0.1291866028708134,81,627
2023,Italian Grand Prix,Q,ZHO,7.0,7.0,clear_violation,350.0,68.0,251.5721915212078,100.0,0.1469648562300319,92,626
2023,Italian Grand Prix,Q,OCO,4.0,10.0,clear_violation,340.0,67.0,248.7099844708235,100.0,0.1354838709677419,84,620
2023,Italian Grand Prix,Q,STR,2.0,2.0,clear_violation,344.0,55.0,212.04558920448645,100.0,0.2073669849931787,152,733
2023,Italian Grand Prix,R,PER,14.0,2.0,clear_violation,350.0,65.0,236.90026353470708,100.0,0.1529051987767584,100,654
2023,Italian Grand Prix,R,PER,43.0,2.0,clear_violation,349.0,63.0,237.30751116773453,100.0,0.1679506933744222,109,649
2023,Italian Grand Prix,R,PER,45.0,2.0,clear_violation,349.0,71.0,237.6623584074189,100.0,0.1621621621621621,102,629
2023,Italian Grand Prix,R,ALO,3.0,10.0,clear_violation,331.0,65.0,236.79531480074928,100.0,0.1547619047619047,104,672
2023,Italian Grand Prix,R,LEC,47.0,5.0,clear_violation,339.0,51.0,235.7031765931139,100.0,0.1628959276018099,108,663
2023,Italian Grand Prix,R,SAR,43.0,5.0,clear_violation,334.0,53.0,232.76507999206808,100.0,0.1582089552238806,106,670
2023,Italian Grand Prix,R,NOR,5.0,7.0,clear_violation,332.0,69.0,236.84846659832843,99.0,0.1623277182235834,106,653
2023,Italian Grand Prix,R,NOR,38.0,2.0,clear_violation,346.0,52.0,237.75053781849323,99.0,0.1592649310872894,104,653
2023,Italian Grand Prix,R,HAM,40.0,5.0,clear_violation,344.0,62.0,238.1059595809074,100.0,0.1792890262751159,116,647
2023,Italian Grand Prix,R,HAM,41.0,4.0,clear_violation,359.0,54.0,236.2285926414274,100.0,0.1501501501501501,100,666
2023,Italian Grand Prix,R,SAI,47.0,5.0,clear_violation,335.0,45.0,237.31279916292635,100.0,0.1696969696969697,112,660
2023,Italian Grand Prix,R,RUS,14.0,2.0,clear_violation,331.0,56.0,238.48216006782025,100.0,0.1257668711656441,82,652
2023,Italian Grand Prix,R,BOT,43.0,5.0,clear_violation,353.0,51.0,237.4036445966023,100.0,0.1811263318112633,119,657
2023,Italian Grand Prix,R,PIA,40.0,5.0,clear_violation,340.0,63.0,237.31246049828783,100.0,0.1466049382716049,95,648
2023,Japanese Grand Prix,FP1,SAR,7.0,17.0,no_advantage,295.0,59.0,143.75882910248018,100.0,0.1837488457987073,199,1083
2023,Japanese Grand Prix,FP1,SAR,9.0,9.0,no_advantage,323.0,70.0,214.7476140843536,100.0,0.1814569536423841,137,755
2023,Japanese Grand Prix,FP1,ZHO,11.0,13.0,no_advantage,319.0,47.0,160.5189272583594,100.0,0.185336048879837,182,982
2023,Japanese Grand Prix,FP1,PER,21.0,17.0,no_advantage,307.0,59.0,203.8250163064954,100.0,0.1422976501305483,109,766
2023,Japanese Grand Prix,FP1,LEC,25.0,11.0,no_advantage,303.0,0.0,146.38691580922753,100.0,0.2532347504621072,274,1082
2023,Japanese Grand Prix,Q,GAS,2.0,2.0,clear_violation,329.0,72.0,227.26329030173304,100.0,0.1162123385939741,81,697
2023,Japanese Grand Prix,Q,ALB,2.0,8.0,clear_violation,334.0,74.0,228.1682114314032,100.0,0.1606367583212735,111,691
2023,Japanese Grand Prix,Q,HUL,2.0,2.0,clear_violation,333.0,70.0,226.9271967113717,100.0,0.1488439306358381,103,692
2023,Japanese Grand Prix,Q,ZHO,5.0,9.0,clear_violation,327.0,73.0,229.58934495555704,100.0,0.1311953352769679,90,686
2023,Japanese Grand Prix,R,NOR,28.0,2.0,clear_violation,306.0,63.0,212.39258637792636,100.0,0.1484593837535014,106,714
2023,Japanese Grand Prix,R,PIA,31.0,14.0,clear_violation,308.0,63.0,210.0045568119701,100.0,0.1476063829787234,111,752
2023,Japanese Grand Prix,R,PIA,44.0,9.0,clear_violation,307.0,64.0,211.673098271942,99.0,0.1304945054945055,95,728
2023,Japanese Grand Prix,R,LEC,45.0,2.0,clear_violation,323.0,66.0,214.0839646069781,100.0,0.176954732510288,129,729
2023,Japanese Grand Prix,R,HAM,16.0,14.0,clear_violation,304.0,61.0,202.4907317119158,100.0,0.1881578947368421,143,760
2023,Japanese Grand Prix,R,HAM,53.0,14.0,clear_violation,302.0,66.0,212.366284827324,100.0,0.1698630136986301,124,730
2023,Japanese Grand Prix,R,RUS,16.0,13.0,clear_violation,311.0,63.0,209.3405947541798,100.0,0.1596752368064952,118,739
2023,Japanese Grand Prix,R,RUS,28.0,14.0,clear_violation,305.0,66.0,214.53649318438124,100.0,0.1251719394773039,91,727
2023,Japanese Grand Prix,R,RUS,33.0,14.0,clear_violation,304.0,67.0,212.8355357284455,100.0,0.1349862258953168,98,726
2023,Japanese Grand Prix,R,ALO,9.0,9.0,clear_violation,319.0,61.0,208.5199176612362,100.0,0.1911170928667564,142,743
2023,Japanese Grand Prix,R,TSU,46.0,14.0,clear_violation,323.0,62.0,210.89504841560063,100.0,0.1651254953764861,125,757
2023,Japanese Grand Prix,R,MAG,10.0,9.0,clear_violation,308.0,59.0,204.830975483646,100.0,0.1777777777777777,136,765
2023,Japanese Grand Prix,R,ALB,21.0,14.0,clear_violation,309.0,65.0,209.07284674649455,100.0,0.1766304347826087,130,736
2023,Japanese Grand Prix,R,PER,11.0,14.0,clear_violation,321.0,51.0,205.72513896360027,100.0,0.1818181818181818,140,770
2023,Japanese Grand Prix,R,BOT,4.0,11.0,no_advantage,270.2428580571429,59.0,135.98244497076908,100.0,0.2233766233766233,258,1155
2023,Las Vegas Grand Prix,FP2,PER,1.0,12.0,no_advantage,332.0,32.0,183.79450423165363,100.0,0.2108843537414966,186,882
2023,Las Vegas Grand Prix,FP2,MAG,2.0,12.0,no_advantage,343.0,73.0,217.0924650998196,100.0,0.196078431372549,150,765
2023,Las Vegas Grand Prix,FP2,STR,6.0,14.0,no_advantage,330.0,0.0,178.85602483673998,100.0,0.2233009708737864,207,927
2023,Las Vegas Grand Prix,FP2,VER,11.0,12.0,no_advantage,313.0,71.0,202.23986166657352,100.0,0.2112676056338028,180,852
2023,Las Vegas Grand Prix,FP2,HUL,12.0,12.0,no_advantage,338.0,80.0,214.62010096559104,100.0,0.1940874035989717,151,778
2023,Las Vegas Grand Prix,FP2,GAS,13.0,12.0,no_advantage,330.0,0.0,194.10202006153463,100.0,0.1765375854214123,155,878
2023,Las Vegas Grand Prix,FP2,ALB,18.0,14.0,no_advantage,329.0,53.0,159.50715101721582,100.0,0.2069614299153339,220,1063
2023,Las Vegas Grand Prix,FP2,RUS,19.0,5.0,no_advantage,320.0,75.0,173.0648139618699,100.0,0.1968911917098445,190,965
2023,Las Vegas Grand Prix,FP2,SAR,21.0,12.0,no_advantage,331.0,74.0,188.60754852562056,100.0,0.2096219931271477,183,873
2023,Las Vegas Grand Prix,FP2,RUS,31.0,14.0,no_advantage,331.0,14.0,208.7757303100406,100.0,0.1936274509803921,158,816
2023,Las Vegas Grand Prix,FP2,SAR,36.0,5.0,no_advantage,350.0,53.0,215.67800406551612,100.0,0.2023195876288659,157,776
2023,Las Vegas Grand Prix,FP2,VER,34.0,5.0,no_advantage,328.0,79.0,223.706462558268,100.0,0.1747700394218134,133,761
2023,Las Vegas Grand Prix,FP3,MAG,5.0,5.0,no_advantage,320.0,50.0,165.00331479492294,100.0,0.2057654075546719,207,1006
2023,Las Vegas Grand Prix,FP3,BOT,10.0,14.0,no_advantage,327.0,67.0,215.3460669108236,100.0,0.1731008717310087,139,803
2023,Las Vegas Grand Prix,FP3,SAR,2.0,5.0,no_advantage,338.0,64.0,193.34860326956303,100.0,0.1832760595647193,160,873
2023,Las Vegas Grand Prix,FP3,ZHO,11.0,1.0,no_advantage,323.0,63.0,177.7101929526648,100.0,0.2577639751552795,249,966
2023,Las Vegas Grand Prix,FP3,RUS,19.0,12.0,no_advantage,323.0,50.0,136.16566862773402,100.0,0.1218354430379746,154,1264
2023,Las Vegas Grand Prix,FP3,ALB,12.0,5.0,no_advantage,325.0,53.0,139.89085697484924,100.0,0.1697171381031613,204,1202
2023,Las Vegas Grand Prix,Q,RUS,3.0,8.0,clear_violation,336.0,69.0,207.9669802461001,100.0,0.174488567990373,145,831
2023,Las Vegas Grand Prix,Q,RUS,6.0,8.0,clear_violation,324.0,41.0,187.05543459055207,100.0,0.1681514476614699,151,898
2023,Las Vegas Grand Prix,Q,HAM,5.0,8.0,clear_violation,336.0,63.0,185.17464605151335,100.0,0.1663066954643628,154,926
2023,Las Vegas Grand Prix,Q,NOR,7.0,8.0,clear_violation,333.0,75.0,196.19473968644968,99.0,0.1575898030127462,136,863
2023,Las Vegas Grand Prix,Q,TSU,5.0,8.0,clear_violation,349.0,78.0,229.18774374663215,100.0,0.1796246648793565,134,746
2023,Las Vegas Grand Prix,Q,TSU,8.0,5.0,no_advantage,325.0,29.0,182.93772949362105,100.0,0.2375690607734806,215,905
2023,Las Vegas Grand Prix,R,GAS,29.0,17.0,clear_violation,336.0,76.0,217.02043057643127,100.0,0.1976284584980237,150,759
2023,Las Vegas Grand Prix,R,ALO,47.0,8.0,clear_violation,344.0,78.0,226.59921756879592,100.0,0.18707015130674,136,727
2023,Las Vegas Grand Prix,R,LEC,43.0,12.0,clear_violation,336.0,43.0,226.21005409566817,100.0,0.1939313984168865,147,758
2023,Las Vegas Grand Prix,R,STR,20.0,8.0,clear_violation,329.0,73.0,222.5688593031568,100.0,0.1896103896103896,146,770
2023,Las Vegas Grand Prix,R,SAR,40.0,8.0,clear_violation,353.0,68.0,223.3610615997125,100.0,0.2002652519893899,151,754
2023,Las Vegas Grand Prix,R,MAG,13.0,7.0,clear_violation,333.0,80.0,219.8616403799144,100.0,0.1714659685863874,131,764
2023,Las Vegas Grand Prix,R,ALB,40.0,4.0,clear_violation,341.0,64.0,218.4429933575701,100.0,0.2139107611548556,163,762
2023,Las Vegas Grand Prix,R,OCO,8.0,17.0,clear_violation,348.0,81.0,219.81982195274625,104.0,0.2407170294494238,188,781
2023,Las Vegas Grand Prix,R,OCO,9.0,17.0,clear_violation,349.0,81.0,221.18629251482017,100.0,0.2310756972111553,174,753
2023,Las Vegas Grand Prix,R,HAM,17.0,7.0,clear_violation,297.0,69.0,185.75446292760748,100.0,0.2339955849889624,212,906
2023,Las Vegas Grand Prix,R,HAM,47.0,8.0,clear_violation,337.0,82.0,227.8340600386336,104.0,0.1756569847856154,127,723
2023,Las Vegas Grand Prix,R,BOT,2.0,8.0,clear_violation,327.0,0.0,148.43447836072298,100.0,0.3117483811285846,337,1081
2023,Las Vegas Grand Prix,R,BOT,14.0,1.0,clear_violation,331.0,64.0,213.57619673700407,100.0,0.215080346106304,174,809
2023,Mexico City Grand Prix,FP1,SAI,6.0,1.0,no_advantage,341.0,63.0,185.34684047304455,100.0,0.2292993630573248,144,628
2023,Mexico City Grand Prix,FP3,STR,14.0,9.0,no_advantage,346.0,47.0,135.69046331914907,100.0,0.145933014354067,122,836
2023,Mexico City Grand Prix,Q,ALB,11.0,2.0,clear_violation,347.0,64.0,196.1424401493133,100.0,0.2397260273972602,140,584
2023,Mexico City Grand Prix,Q,SAR,2.0,12.0,clear_violation,346.0,62.0,189.8977215192909,100.0,0.2335526315789473,142,608
2023,Mexico City Grand Prix,Q,SAR,5.0,11.0,clear_violation,348.0,62.0,191.4124266529353,100.0,0.2282430213464696,139,609
2023,Mexico City Grand Prix,R,SAR,54.0,2.0,clear_violation,335.0,62.0,180.76892775332675,100.0,0.2220472440944882,141,635
2023,Mexico City Grand Prix,R,SAR,65.0,2.0,clear_violation,355.0,57.0,180.53355909632415,100.0,0.2390953150242326,148,619
2023,Mexico City Grand Prix,R,MAG,24.0,2.0,clear_violation,315.0,0.0,146.7126898278408,100.0,0.2442002442002442,200,819
2023,Mexico City Grand Prix,R,MAG,29.0,17.0,clear_violation,332.0,64.0,182.64991050528104,100.0,0.2322274881516587,147,633
2023,Mexico City Grand Prix,R,TSU,8.0,1.0,clear_violation,353.0,65.0,175.8855932199801,100.0,0.2615384615384615,170,650
2023,Mexico City Grand Prix,R,TSU,49.0,1.0,clear_violation,352.0,0.0,155.11219372622358,100.0,0.2023346303501945,156,771
2023,Mexico City Grand Prix,R,TSU,53.0,12.0,clear_violation,330.0,58.0,182.2180048526989,100.0,0.2093023255813953,135,645
2023,Mexico City Grand Prix,R,SAI,28.0,2.0,clear_violation,322.0,59.0,178.5193976638014,100.0,0.2377300613496932,155,652
2023,Mexico City Grand Prix,R,RUS,16.0,12.0,clear_violation,324.0,55.0,181.1544748022905,100.0,0.1956856702619414,127,649
2023,Mexico City Grand Prix,R,TSU,48.0,1.0,no_advantage,356.0,56.0,179.34621039311918,100.0,0.2272727272727272,150,660
2023,Miami Grand Prix,FP1,HAM,3.0,4.0,no_advantage,334.0,61.0,204.22623227748227,100.0,0.1914008321775312,138,721
2023,Miami Grand Prix,FP1,PIA,6.0,15.0,no_advantage,333.0,55.0,200.2491032800513,99.0,0.1942544459644322,142,731
2023,Miami Grand Prix,FP1,TSU,15.0,6.0,no_advantage,333.0,63.0,207.61374472973236,100.0,0.1483050847457627,105,708
2023,Miami Grand Prix,FP1,ALB,17.0,17.0,no_advantage,337.0,0.0,191.54551286022425,100.0,0.2040557667934093,161,789
2023,Miami Grand Prix,FP1,GAS,13.0,7.0,no_advantage,310.0,35.0,144.52391330788444,100.0,0.1411648568608094,143,1013
2023,Miami Grand Prix,FP1,STR,20.0,6.0,no_advantage,311.0,39.0,143.67509829157254,100.0,0.1646942800788954,167,1014
2023,Miami Grand Prix,FP2,ALB,15.0,17.0,no_advantage,335.0,0.0,196.9106417994957,100.0,0.2002652519893899,151,754
2023,Miami Grand Prix,FP3,ALB,4.0,17.0,no_advantage,340.0,6.0,200.9426779905224,100.0,0.2199170124481327,159,723
2023,Miami Grand Prix,FP3,ALO,10.0,17.0,no_advantage,333.0,34.0,204.86492414698537,100.0,0.1743375174337517,125,717
2023,Miami Grand Prix,FP3,HUL,4.0,7.0,no_advantage,312.0,60.0,165.48796428451598,100.0,0.1227272727272727,108,880
2023,Miami Grand Prix,FP3,NOR,9.0,4.0,no_advantage,309.0,34.0,150.25140616096104,99.0,0.1463664278403275,143,977
2023,Miami Grand Prix,R,SAI,33.0,7.0,clear_violation,331.0,62.0,203.7841068702792,100.0,0.2305593451568895,169,733
2023,Miami Grand Prix,R,OCO,5.0,15.0,clear_violation,343.0,66.0,203.7761962482658,100.0,0.2173314993122421,158,727
2023,Miami Grand Prix,R,MAG,35.0,15.0,clear_violation,338.0,63.0,207.39554014929604,100.0,0.2032967032967033,148,728
2023,Miami Grand Prix,R,STR,22.0,11.0,clear_violation,337.0,63.0,208.10512563549983,100.0,0.1944444444444444,140,720
2023,Miami Grand Prix,R,ALB,27.0,6.0,clear_violation,337.0,68.0,210.0145566915185,100.0,0.1949152542372881,138,708
2023,Miami Grand Prix,R,ALB,33.0,6.0,clear_violation,324.0,66.0,206.511412034062,100.0,0.2083333333333333,150,720
2023,Miami Grand Prix,R,SAR,34.0,15.0,clear_violation,323.0,64.0,207.13633858989533,100.0,0.1876750700280112,134,714
2023,Monaco Grand Prix,Q,LEC,10.0,11.0,clear_violation,272.71000192,27.0,109.70223922442194,100.0,0.2906698564593301,243,836
2023,Monaco Grand Prix,Q,SAI,1.0,10.0,clear_violation,278.0,28.0,107.1271708472695,100.0,0.2455303933253873,206,839
2023,Monaco Grand Prix,Q,HAM,11.0,10.0,clear_violation,290.0,34.0,130.45217643614268,100.0,0.2049062049062049,142,693
2023,Monaco Grand Prix,Q,GAS,20.0,10.0,clear_violation,274.65,37.0,125.43082474858508,100.0,0.2347949080622348,166,707
2023,Monaco Grand Prix,Q,RUS,10.0,10.0,clear_violation,280.0,40.0,136.74260134386012,100.0,0.2721712538226299,178,654
2023,Monaco Grand Prix,Q,TSU,14.0,10.0,clear_violation,271.7875008,33.0,121.0453725972874,100.0,0.2068027210884353,152,735
2023,Monaco Grand Prix,Q,PER,3.0,10.0,clear_violation,277.0,31.0,102.33893769033484,100.0,0.1802911534154535,161,893
2023,Monaco Grand Prix,R,GAS,53.0,10.0,clear_violation,275.0,35.0,124.99721598800222,100.0,0.3191196698762035,232,727
2023,Monaco Grand Prix,R,GAS,66.0,10.0,clear_violation,277.0,38.0,121.55680245392033,100.0,0.2990897269180754,230,769
2023,Monaco Grand Prix,R,PER,31.0,10.0,clear_violation,282.0,38.0,149.19928861629182,100.0,0.2903752039151713,178,613
2023,Monaco Grand Prix,R,PER,59.0,10.0,clear_violation,266.0,36.0,117.08925772315506,100.0,0.3148148148148148,238,756
2023,Monaco Grand Prix,R,ALO,53.0,10.0,clear_violation,279.0,37.0,130.9540382214455,100.0,0.3169319826338639,219,691
2023,Monaco Grand Prix,R,ALO,55.0,10.0,clear_violation,256.0,0.0,93.0507519835826,100.0,0.257172131147541,251,976
2023,Monaco Grand Prix,R,ALO,57.0,16.0,clear_violation,270.0,37.0,115.18033589799784,100.0,0.3251295336787564,251,772
2023,Monaco Grand Prix,R,SAR,69.0,10.0,clear_violation,274.0,33.0,127.86919556079675,100.0,0.3490701001430615,244,699
2023,Monaco Grand Prix,R,MAG,36.0,10.0,clear_violation,284.0,45.0,147.43662611754618,100.0,0.3060556464811784,187,611
2023,Monaco Grand Prix,R,MAG,45.0,10.0,clear_violation,289.0,42.0,149.36905178337437,100.0,0.320785597381342,196,611
2023,Monaco Grand Prix,R,MAG,55.0,11.0,clear_violation,224.0,32.0,93.48268374011153,100.0,0.2481977342945417,241,971
2023,Monaco Grand Prix,R,DEV,58.0,10.0,clear_violation,263.0,34.0,113.25840207863156,100.0,0.3052763819095477,243,796
2023,Monaco Grand Prix,R,DEV,65.0,10.0,clear_violation,277.0,37.0,122.52270242069878,100.0,0.26657824933687,201,754
2023,Monaco Grand Prix,R,ALB,15.0,10.0,clear_violation,283.0,43.0,144.5749382475353,100.0,0.3,186,620
2023,Monaco Grand Prix,R,ALB,51.0,11.0,clear_violation,283.0,37.0,131.2978473301425,100.0,0.3357664233576642,230,685
2023,Monaco Grand Prix,R,ALB,58.0,11.0,clear_violation,263.0,35.0,110.67649035173244,100.0,0.3802469135802469,308,810
2023,Monaco Grand Prix,R,ALB,73.0,10.0,clear_violation,283.0,34.0,126.99293140516365,100.0,0.3539568345323741,246,695
2023,Monaco Grand Prix,R,ZHO,19.0,1.0,clear_violation,285.0,43.0,143.099099008566,100.0,0.3349206349206349,211,630
2023,Monaco Grand Prix,R,ZHO,51.0,10.0,clear_violation,281.0,32.0,131.77587331962198,100.0,0.3357558139534883,231,688
2023,Monaco Grand Prix,R,HUL,3.0,10.0,clear_violation,287.0,44.0,153.267700325363,100.0,0.3025641025641025,177,585
2023,Monaco Grand Prix,R,HUL,53.0,10.0,clear_violation,271.0,35.0,118.00345376014404,100.0,0.3311688311688311,255,770
2023,Monaco Grand Prix,R,OCO,11.0,10.0,clear_violation,277.0,44.0,151.65758157271452,100.0,0.3060200668896321,183,598
2023,Monaco Grand Prix,R,OCO,52.0,10.0,clear_violation,280.0,36.0,134.6758327523193,100.0,0.4132730015082956,274,663
2023,Monaco Grand Prix,R,NOR,60.0,11.0,clear_violation,272.0,34.0,116.21116040625414,104.0,0.2385321100917431,182,763
2023,Monaco Grand Prix,R,SAI,11.0,11.0,clear_violation,288.0,43.0,151.0811254712489,100.0,0.3444259567387687,207,601
2023,Monaco Grand Prix,R,SAI,52.0,10.0,clear_violation,289.0,39.0,135.91162015981345,100.0,0.3302891933028919,217,657
2023,Monaco Grand Prix,R,PIA,61.0,10.0,clear_violation,272.0,35.0,118.3466930173456,100.0,0.2652005174644243,205,773
2023,Qatar Grand Prix,Q,LEC,4.0,4.0,clear_violation,319.0,93.0,225.2676017790968,100.0,0.1595092024539877,104,652
2023,Qatar Grand Prix,Q,LEC,15.0,4.0,clear_violation,317.0,75.0,186.98973637683895,100.0,0.166018158236057,128,771
2023,Qatar Grand Prix,Q,LEC,21.0,5.0,clear_violation,318.0,78.0,174.45402657410958,100.0,0.203125,169,832
2023,Qatar Grand Prix,Q,PIA,22.0,14.0,clear_violation,317.0,99.0,231.1123586845329,99.0,0.1305732484076433,82,628
2023,Qatar Grand Prix,Q,GAS,4.0,14.0,clear_violation,314.0,85.0,217.55625893088887,100.0,0.1795252225519288,121,674
2023,Qatar Grand Prix,Q,OCO,12.0,5.0,clear_violation,314.0,89.0,223.5609253505504,100.0,0.217391304347826,145,667
2023,Qatar Grand Prix,Q,NOR,2.0,5.0,clear_violation,317.0,84.0,225.82072602682956,100.0,0.1257485029940119,84,668
2023,Qatar Grand Prix,Q,NOR,17.0,5.0,clear_violation,316.0,94.0,230.88095973114653,99.0,0.1239804241435562,76,613
2023,Qatar Grand Prix,Q,NOR,20.0,10.0,clear_violation,319.0,97.0,231.4001269481071,100.0,0.1322834645669291,84,635
2023,Qatar Grand Prix,Q,SAI,7.0,5.0,clear_violation,318.0,68.0,188.2101381605048,100.0,0.2126582278481012,168,790
2023,Qatar Grand Prix,Q,SAI,15.0,5.0,clear_violation,319.0,88.0,183.85368300884235,100.0,0.18625,149,800
2023,Qatar Grand Prix,Q,SAI,16.0,12.0,clear_violation,287.0250016,62.0,159.3568766714819,100.0,0.1715526601520086,158,921
2023,Qatar Grand Prix,Q,PER,15.0,5.0,clear_violation,323.0,91.0,226.87973684518727,100.0,0.1400304414003044,92,657
2023,Qatar Grand Prix,Q,ALB,2.0,5.0,clear_violation,322.0,93.0,223.68452359267752,100.0,0.1720588235294117,117,680
2023,Qatar Grand Prix,Q,HUL,11.0,5.0,clear_violation,322.0,95.0,226.8432185124444,100.0,0.1487101669195751,98,659
2023,Qatar Grand Prix,Q,STR,2.0,5.0,clear_violation,320.0,87.0,221.08292726581416,100.0,0.158284023668639,107,676
2023,Qatar Grand Prix,Q,STR,7.0,2.0,clear_violation,326.0,83.0,178.65626803102384,100.0,0.2054958183990442,172,837
2023,Qatar Grand Prix,Q,MAG,5.0,15.0,clear_violation,318.0,87.0,222.16837500607124,100.0,0.1696428571428571,114,672
2023,Qatar Grand Prix,R,PIA,16.0,12.0,clear_violation,309.0,93.0,217.4635759740725,99.0,0.1535150645624103,107,697
2023,Qatar Grand Prix,R,PIA,21.0,16.0,clear_violation,304.0,95.0,220.49820506128924,99.0,0.1318181818181818,87,660
2023,Qatar Grand Prix,R,PIA,22.0,16.0,clear_violation,304.0,95.0,218.7382542724423,99.0,0.1414141414141414,98,693
2023,Qatar Grand Prix,R,NOR,30.0,5.0,clear_violation,329.0,91.0,223.68310869223168,100.0,0.1493710691823899,95,636
2023,Qatar Grand Prix,R,NOR,50.0,4.0,clear_violation,310.0,88.0,225.86180237660645,100.0,0.1409295352323838,94,667
2023,Qatar Grand Prix,R,RUS,8.0,12.0,clear_violation,322.0,80.0,214.83690644734963,100.0,0.1854599406528189,125,674
2023,Qatar Grand Prix,R,RUS,10.0,12.0,clear_violation,328.0,86.0,214.8103716756069,104.0,0.2008608321377331,140,697
2023,Qatar Grand Prix,R,RUS,55.0,4.0,clear_violation,301.0,91.0,222.2336147629712,100.0,0.1565349544072948,103,658
2023,Qatar Grand Prix,R,LEC,18.0,5.0,clear_violation,310.0,93.0,215.92253632639844,100.0,0.2060957910014513,142,689
2023,Qatar Grand Prix,R,ALO,7.0,4.0,clear_violation,311.0,87.0,214.69242389999485,100.0,0.1733524355300859,121,698
2023,Qatar Grand Prix,R,ALO,17.0,15.0,clear_violation,313.0,91.0,217.6069513179727,100.0,0.1686217008797653,115,682
2023,Qatar Grand Prix,R,ALO,33.0,2.0,clear_violation,309.0,45.0,203.1222112554252,100.0,0.1790633608815427,130,726
2023,Qatar Grand Prix,R,OCO,5.0,12.0,clear_violation,306.0,87.0,211.20295500269248,100.0,0.2510822510822511,174,693
2023,Qatar Grand Prix,R,BOT,9.0,4.0,clear_violation,305.0,87.0,212.5688178810124,100.0,0.2266288951841359,160,706
2023,Qatar Grand Prix,R,BOT,10.0,5.0,clear_violation,309.0,86.0,213.14677191632288,100.0,0.2150997150997151,151,702
2023,Qatar Grand Prix,R,BOT,13.0,5.0,clear_violation,301.0,89.0,211.7459737423731,100.0,0.1867647058823529,127,680
2023,Qatar Grand Prix,R,ZHO,5.0,1.0,clear_violation,310.0,88.0,207.66695242474117,100.0,0.1855524079320113,131,706
2023,Qatar Grand Prix,R,ZHO,15.0,5.0,clear_violation,300.0,90.0,213.3669540237613,100.0,0.1706231454005934,115,674
2023,Qatar Grand Prix,R,PER,14.0,4.0,clear_violation,330.0,86.0,211.9254128042288,100.0,0.1866859623733719,129,691
2023,Qatar Grand Prix,R,PER,22.0,12.0,clear_violation,325.0,93.0,219.80333598346664,100.0,0.1684053651266766,113,671
2023,Qatar Grand Prix,R,PER,23.0,15.0,clear_violation,305.0,93.0,220.54311488918623,100.0,0.1664167916041979,111,667
2023,Qatar Grand Prix,R,PER,25.0,12.0,clear_violation,305.0,89.0,216.66710536602815,100.0,0.1622807017543859,111,684
2023,Qatar Grand Prix,R,PER,36.0,12.0,clear_violation,301.0,97.0,220.1199042430529,100.0,0.1477611940298507,99,670
2023,Qatar Grand Prix,R,PER,55.0,12.0,clear_violation,308.0,89.0,219.81074606875455,100.0,0.1511450381679389,99,655
2023,Qatar Grand Prix,R,STR,20.0,15.0,clear_violation,313.0,92.0,214.0733958625721,100.0,0.1636107193229901,116,709
2023,Qatar Grand Prix,R,STR,36.0,5.0,clear_violation,313.0,83.0,215.7232576086298,100.0,0.1874084919472913,128,683
2023,Qatar Grand Prix,R,STR,39.0,2.0,clear_violation,313.0,68.0,210.73048282292797,100.0,0.1877729257641921,129,687
2023,Qatar Grand Prix,R,STR,52.0,4.0,clear_violation,309.0,87.0,216.202654173342,100.0,0.2029411764705882,138,680
2023,Qatar Grand Prix,R,GAS,5.0,12.0,clear_violation,306.0,87.0,209.86889063657304,100.0,0.1840228245363766,129,701
2023,Qatar Grand Prix,R,GAS,16.0,5.0,clear_violation,318.0,93.0,215.19671561830896,100.0,0.1721194879089616,121,703
2023,Qatar Grand Prix,R,GAS,28.0,13.0,clear_violation,301.0,96.0,221.56626914965452,100.0,0.1505376344086021,98,651
2023,Qatar Grand Prix,R,GAS,42.0,13.0,clear_violation,301.0,93.0,222.99634623931505,100.0,0.1502276176024279,99,659
2023,Qatar Grand Prix,R,GAS,43.0,12.0,clear_violation,300.0,83.0,221.4538276025846,100.0,0.1415525114155251,93,657
2023,Qatar Grand Prix,R,GAS,52.0,1.0,clear_violation,332.0,91.0,218.7893549498613,100.0,0.1354166666666666,91,672
2023,Qatar Grand Prix,R,GAS,55.0,2.0,clear_violation,332.0,91.0,226.54616804562176,100.0,0.1415094339622641,90,636
2023,Qatar Grand Prix,R,ALB,11.0,15.0,clear_violation,328.0,87.0,213.43634744895303,100.0,0.1935933147632312,139,718
2023,Qatar Grand Prix,R,ALB,12.0,5.0,clear_violation,331.0,81.0,211.09594526902995,100.0,0.2093352192362093,148,707
2023,Qatar Grand Prix,R,ALB,21.0,12.0,clear_violation,308.0,92.0,216.56577727256555,100.0,0.1926470588235294,131,680
2023,Qatar Grand Prix,R,ALB,45.0,12.0,clear_violation,285.42000128,0.0,175.38864889455584,100.0,0.2016412661195779,172,853
2023,Qatar Grand Prix,R,ALB,46.0,15.0,clear_violation,307.0,96.0,223.771445964302,100.0,0.1727272727272727,114,660
2023,Qatar Grand Prix,R,MAG,5.0,1.0,clear_violation,315.0,82.0,206.5090956735029,100.0,0.2278481012658227,162,711
2023,Qatar Grand Prix,R,TSU,29.0,15.0,clear_violation,325.0,88.0,217.8868190880915,100.0,0.14540059347181,98,674
2023,Qatar Grand Prix,R,HUL,18.0,12.0,clear_violation,304.0,93.0,220.4351439234157,100.0,0.1601164483260553,110,687
2023,Qatar Grand Prix,R,HUL,56.0,5.0,clear_violation,306.0,88.0,223.29350432233448,100.0,0.1563467492260062,101,646
2023,Qatar Grand Prix,R,LAW,9.0,12.0,clear_violation,305.0,91.0,212.8015570860184,100.0,0.1875,132,704
2023,Qatar Grand Prix,R,LAW,10.0,13.0,clear_violation,324.0,88.0,213.42088448817523,100.0,0.1829787234042553,129,705
2023,Qatar Grand Prix,R,LAW,11.0,13.0,clear_violation,330.0,90.0,213.39343977345493,100.0,0.1861111111111111,134,720
2023,Qatar Grand Prix,R,SAR,9.0,15.0,clear_violation,315.0,89.0,212.05652039980947,100.0,0.1626591230551626,115,707
2023,Qatar Grand Prix,R,SAR,38.0,2.0,clear_violation,314.0,90.0,217.40152014760665,100.0,0.180722891566265,120,664
2023,Qatar Grand Prix,R,ALO,32.0,2.0,no_advantage,333.0,92.0,223.3475065897686,100.0,0.1540832049306625,100,649
2023,Qatar Grand Prix,S,GAS,7.0,15.0,clear_violation,310.0,88.0,215.19881747979832,100.0,0.1776119402985074,119,670
2023,Qatar Grand Prix,S,ALO,3.0,15.0,clear_violation,304.0,63.0,186.91928790031247,100.0,0.2090112640801001,167,799
2023,Qatar Grand Prix,S,ALO,7.0,15.0,clear_violation,311.0,87.0,217.1353190048267,100.0,0.1578947368421052,105,665
2023,Qatar Grand Prix,S,LEC,19.0,15.0,clear_violation,327.0,84.0,212.3754246469913,100.0,0.2020648967551622,137,678
2023,Qatar Grand Prix,S,STR,8.0,15.0,clear_violation,312.0,88.0,215.97386294074508,100.0,0.1301169590643275,89,684
2023,Qatar Grand Prix,S,STR,15.0,4.0,clear_violation,316.0,76.0,211.9832203385377,100.0,0.1961932650073206,134,683
2023,Qatar Grand Prix,S,STR,18.0,15.0,clear_violation,318.0,81.0,215.08503330028415,100.0,0.1489971346704871,104,698
2023,Qatar Grand Prix,S,STR,19.0,15.0,clear_violation,318.0,80.0,215.3187767775998,100.0,0.1572700296735905,106,674
2023,Qatar Grand Prix,S,MAG,3.0,2.0,clear_violation,315.0,74.0,174.1330546283385,100.0,0.2664319248826291,227,852
2023,Qatar Grand Prix,S,MAG,19.0,15.0,clear_violation,344.0,85.0,216.2372655457835,100.0,0.1875,126,672
2023,Qatar Grand Prix,S,TSU,9.0,13.0,clear_violation,307.0,86.0,213.59190819390005,100.0,0.1625183016105417,111,683
2023,Qatar Grand Prix,S,ALB,19.0,13.0,clear_violation,336.0,82.0,218.29245592485344,100.0,0.2078313253012048,138,664
2023,Qatar Grand Prix,S,ZHO,18.0,13.0,clear_violation,329.0,88.0,214.61506107769495,100.0,0.1810344827586207,126,696
2023,Qatar Grand Prix,S,ZHO,19.0,5.0,clear_violation,331.0,85.0,211.453707739074,100.0,0.1715116279069767,118,688
2023,Qatar Grand Prix,S,HUL,3.0,15.0,clear_violation,313.0,73.0,186.39011892827787,100.0,0.236612702366127,190,803
2023,Qatar Grand Prix,S,NOR,9.0,5.0,clear_violation,309.0,91.0,217.6897959861901,99.0,0.1523378582202111,101,663
2023,Qatar Grand Prix,S,HAM,7.0,5.0,clear_violation,305.0,84.0,212.59356754368224,100.0,0.2392273402674591,161,673
2023,Qatar Grand Prix,S,SAI,8.0,15.0,clear_violation,310.0,88.0,218.8599345185748,100.0,0.225854383358098,152,673
2023,Qatar Grand Prix,S,BOT,15.0,15.0,clear_violation,308.0,86.0,212.58689082037205,100.0,0.2117647058823529,144,680
2023,Saudi Arabian Grand Prix,FP1,ALB,5.0,8.0,no_advantage,334.0,88.0,237.7762111850443,100.0,0.1592797783933518,115,722
2023,Saudi Arabian Grand Prix,Q,HAM,20.0,27.0,clear_violation,329.0,89.0,247.16711405755555,104.0,0.1116071428571428,75,672
2023,Saudi Arabian Grand Prix,Q,HUL,13.0,27.0,clear_violation,336.0,88.0,248.10287305008669,100.0,0.1510263929618768,103,682
2023,Saudi Arabian Grand Prix,Q,MAG,16.0,27.0,clear_violation,334.0,95.0,246.80362672510896,100.0,0.1331360946745562,90,676
2023,Saudi Arabian Grand Prix,Q,SAR,2.0,27.0,clear_violation,333.0,87.0,245.45231328875505,100.0,0.1445086705202312,100,692
2023,Saudi Arabian Grand Prix,R,VER,5.0,23.0,clear_violation,329.0,84.0,230.3915633680541,100.0,0.1469387755102041,108,735
2023,Saudi Arabian Grand Prix,R,VER,37.0,23.0,clear_violation,316.0,84.0,237.3462940068193,100.0,0.1514726507713885,108,713
2023,Saudi Arabian Grand Prix,R,PER,37.0,23.0,clear_violation,315.0,88.0,237.147738232804,100.0,0.1165730337078651,83,712
2023,Saudi Arabian Grand Prix,R,LEC,31.0,23.0,clear_violation,314.0,85.0,233.24276154681863,100.0,0.1348314606741573,96,712
2023,Saudi Arabian Grand Prix,R,LEC,32.0,2.0,clear_violation,315.0,76.0,231.9333908282263,100.0,0.1367403314917127,99,724
2023,Saudi Arabian Grand Prix,R,STR,12.0,5.0,clear_violation,303.0,82.0,228.67630332047324,100.0,0.1552447552447552,111,715
2023,Saudi Arabian Grand Prix,R,SAR,5.0,23.0,clear_violation,317.0,82.0,225.75057512985435,100.0,0.163563829787234,123,752
2023,Saudi Arabian Grand Prix,R,MAG,4.0,23.0,clear_violation,317.0,75.0,225.41738200446477,100.0,0.1578947368421052,114,722
2023,Saudi Arabian Grand Prix,R,MAG,23.0,23.0,clear_violation,332.0,83.0,229.2633080059017,100.0,0.1436541143654114,103,717
2023,Saudi Arabian Grand Prix,R,ALB,5.0,23.0,clear_violation,340.0,75.0,224.95777545415183,100.0,0.1899070385126162,143,753
2023,Saudi Arabian Grand Prix,R,ALB,26.0,23.0,clear_violation,327.0,79.0,223.08652191274743,100.0,0.179384203480589,134,747
2023,Saudi Arabian Grand Prix,R,ZHO,22.0,2.0,clear_violation,324.0,70.0,225.9585092077174,100.0,0.1752433936022253,126,719
2023,Saudi Arabian Grand Prix,R,HUL,9.0,23.0,clear_violation,311.0,82.0,228.4756249800693,100.0,0.1502732240437158,110,732
2023,Saudi Arabian Grand Prix,R,NOR,32.0,23.0,clear_violation,325.0,75.0,231.55180175872007,99.0,0.1580381471389645,116,734
2023,Saudi Arabian Grand Prix,R,SAI,16.0,23.0,clear_violation,307.0,0.0,193.5719759811444,100.0,0.1898148148148148,164,864
2023,Saudi Arabian Grand Prix,R,PIA,43.0,23.0,clear_violation,328.0,78.0,229.92401470589763,99.0,0.1587078651685393,113,712
2023,Singapore Grand Prix,FP2,SAR,11.0,19.0,no_advantage,262.0,53.0,128.27075134132434,100.0,0.2281746031746031,230,1008
2023,Singapore Grand Prix,FP3,VER,3.0,14.0,no_advantage,271.0,4.0,95.087620094498,100.0,0.1151943462897526,163,1415
2023,Singapore Grand Prix,FP3,ALB,11.0,14.0,no_advantage,265.0,0.0,98.51230173850436,100.0,0.1795252225519288,242,1348
2023,Singapore Grand Prix,Q,ALB,11.0,19.0,clear_violation,317.0,65.0,187.0161885762316,100.0,0.222065063649222,157,707
2023,Singapore Grand Prix,R,GAS,6.0,7.0,clear_violation,306.0,62.0,171.2502451973592,100.0,0.2503209242618742,195,779
2023,Singapore Grand Prix,R,PER,60.0,7.0,clear_violation,317.0,54.0,175.93280712329025,100.0,0.2433936022253129,175,719
2023,Singapore Grand Prix,R,ALO,29.0,2.0,clear_violation,313.0,59.0,171.93923729003123,100.0,0.2467532467532467,190,770
2023,Singapore Grand Prix,R,LEC,23.0,7.0,clear_violation,298.0,58.0,170.22653852783554,100.0,0.2729591836734694,214,784
2023,Singapore Grand Prix,R,MAG,35.0,7.0,clear_violation,295.0,57.0,172.40020419042736,100.0,0.2461538461538461,192,780
2023,Singapore Grand Prix,R,MAG,36.0,2.0,clear_violation,299.0,40.0,163.4714560338892,100.0,0.2873274780426599,229,797
2023,Singapore Grand Prix,R,HUL,39.0,7.0,clear_violation,326.0,62.0,175.92011787724323,100.0,0.25578231292517,188,735
2023,Singapore Grand Prix,R,HUL,53.0,7.0,clear_violation,299.0,61.0,169.90634354134409,100.0,0.2421185372005044,192,793
2023,Singapore Grand Prix,R,HAM,24.0,7.0,clear_violation,301.0,65.0,174.37910653783186,100.0,0.2376623376623376,183,770
2023,Singapore Grand Prix,R,RUS,51.0,19.0,clear_violation,293.0,61.0,182.4365741582729,100.0,0.2377717391304347,175,736
2023,Singapore Grand Prix,R,ALO,46.0,14.0,no_advantage,297.0,0.0,155.84073542270446,100.0,0.2204176334106728,190,862
2023,Spanish Grand Prix,FP2,RUS,7.0,10.0,no_advantage,317.0,40.0,175.57450163409467,100.0,0.1197771587743732,86,718
2023,Spanish Grand Prix,FP3,STR,9.0,5.0,no_advantage,295.0,8.0,137.63986841552247,100.0,0.1927710843373494,176,913
2023,Spanish Grand Prix,Q,HUL,2.0,5.0,clear_violation,334.0,99.0,226.74851922190047,100.0,0.1678445229681978,95,566
2023,Spanish Grand Prix,Q,PER,15.0,5.0,clear_violation,326.0,0.0,130.18606673099333,100.0,0.1127049180327868,110,976
2023,Spanish Grand Prix,Q,TSU,18.0,5.0,clear_violation,327.0,101.0,228.78390488225995,100.0,0.1137184115523465,63,554
2023,Spanish Grand Prix,Q,LEC,4.0,2.0,clear_violation,318.0,73.0,151.1725628357006,100.0,0.1981242672919109,169,853
2023,Spanish Grand Prix,Q,ALO,1.0,14.0,no_advantage,280.0,33.94285714285714,169.74963194213063,100.0,0.1535211267605633,109,710
2023,Spanish Grand Prix,Q,DEV,4.0,12.0,no_advantage,324.0,0.0,163.17305910586867,100.0,0.2213740458015267,174,786
2023,Spanish Grand Prix,R,VER,39.0,5.0,clear_violation,312.0,96.0,210.96850656037253,100.0,0.1619834710743801,98,605
2023,Spanish Grand Prix,R,VER,45.0,5.0,clear_violation,308.0,97.0,208.8732285207249,100.0,0.1556291390728476,94,604
2023,Spanish Grand Prix,R,VER,56.0,10.0,clear_violation,309.0,101.0,216.4425030827173,100.0,0.1747899159663865,104,595
2023,Spanish Grand Prix,R,ALO,34.0,13.0,clear_violation,308.0,94.0,206.19532945316843,100.0,0.1806451612903225,112,620
2023,Spanish Grand Prix,R,ZHO,56.0,2.0,clear_violation,335.0,92.0,207.79375927850523,100.0,0.1816693944353518,111,611
2023,Spanish Grand Prix,R,HUL,22.0,9.0,clear_violation,314.0,91.0,205.72851988844164,100.0,0.1980830670926517,124,626
2023,Spanish Grand Prix,R,NOR,41.0,9.0,clear_violation,301.0,90.0,205.6068957933661,100.0,0.2077294685990338,129,621
2023,Spanish Grand Prix,R,MAG,4.0,2.0,clear_violation,348.0,93.0,202.9611301381898,100.0,0.1965408805031446,125,636
2023,Spanish Grand Prix,R,MAG,37.0,9.0,clear_violation,337.0,86.0,203.0708840350375,100.0,0.2113821138211382,130,615
2023,São Paulo Grand Prix,FP1,BOT,28.0,1.0,no_advantage,332.0,83.0,209.7889941028608,100.0,0.1805309734513274,102,565
2023,São Paulo Grand Prix,Q,ALB,14.0,4.0,clear_violation,327.0,83.0,216.62207416978637,100.0,0.1909090909090909,105,550
2023,São Paulo Grand Prix,S,SAR,5.0,1.0,clear_violation,342.0,78.0,196.08562124762815,100.0,0.1960132890365448,118,602
2023,São Paulo Grand Prix,S,SAR,4.0,1.0,no_advantage,336.0,77.0,200.89844500030844,100.0,0.1868512110726643,108,578
2023,United States Grand Prix,Q,NOR,10.0,19.0,clear_violation,323.0,74.0,205.99397621292297,99.0,0.1607629427792915,118,734
2023,United States Grand Prix,Q,RUS,14.0,9.0,clear_violation,317.0,72.0,204.11917124837728,100.0,0.1938633193863319,139,717
2023,United States Grand Prix,Q,VER,17.0,19.0,clear_violation,325.0,75.0,207.8796256913612,100.0,0.1864406779661017,132,708
2023,United States Grand Prix,Q,ZHO,5.0,20.0,clear_violation,323.0,73.0,201.74086457124716,100.0,0.1840324763193504,136,739
2023,United States Grand Prix,Q,RIC,11.0,19.0,clear_violation,320.0,74.0,203.87837807458845,100.0,0.1830790568654646,132,721
2023,United States Grand Prix,Q,HUL,5.0,19.0,clear_violation,328.0,70.0,203.3431642642428,100.0,0.2137096774193548,159,744
2023,United States Grand Prix,Q,SAR,4.0,12.0,clear_violation,324.0,71.0,198.01891274997053,100.0,0.2093023255813953,153,731
2023,United States Grand Prix,R,NOR,16.0,19.0,clear_violation,297.0,65.0,191.08464263481625,99.0,0.1925465838509316,155,805
2023,United States Grand Prix,R,NOR,26.0,19.0,clear_violation,296.0,67.0,190.08955615263105,99.0,0.2075471698113207,165,795
2023,United States Grand Prix,R,SAI,41.0,19.0,clear_violation,307.0,67.0,195.56308783991983,100.0,0.2176100628930817,173,795
2023,United States Grand Prix,R,PER,41.0,12.0,clear_violation,303.0,70.0,194.4466528142956,100.0,0.1957070707070707,155,792
2023,United States Grand Prix,R,RUS,11.0,12.0,clear_violation,295.0,67.0,191.91125685943527,100.0,0.1959798994974874,156,796
2023,United States Grand Prix,R,GAS,22.0,12.0,clear_violation,324.0,69.0,191.73947900403792,100.0,0.1944091486658195,153,787
2023,United States Grand Prix,R,STR,26.0,12.0,clear_violation,332.0,63.0,191.9696037745147,100.0,0.2141951837769328,169,789
2023,United States Grand Prix,R,TSU,3.0,20.0,clear_violation,328.0,68.0,183.8426714742675,100.0,0.2069825436408977,166,802
2023,United States Grand Prix,R,ALB,20.0,20.0,clear_violation,303.0,68.0,190.4620727358065,100.0,0.2167741935483871,168,775
2023,United States Grand Prix,R,ALB,21.0,20.0,clear_violation,302.0,69.0,190.08108491432736,100.0,0.2144638403990025,172,802
2023,United States Grand Prix,R,ALB,45.0,6.0,clear_violation,301.0,71.0,191.4244001240848,100.0,0.2110091743119266,161,763
2023,United States Grand Prix,R,ALB,47.0,6.0,clear_violation,300.0,68.0,191.80095353246023,100.0,0.2262678803641092,174,769
2023,United States Grand Prix,R,ALB,48.0,6.0,clear_violation,301.0,69.0,193.91957543433975,100.0,0.2083879423328964,159,763
2023,United States Grand Prix,R,ALB,49.0,19.0,clear_violation,302.0,66.0,192.7085041218643,100.0,0.1915455746367239,145,757
2023,United States Grand Prix,R,SAR,12.0,19.0,clear_violation,326.0,0.0,157.97122434494975,100.0,0.2356076759061833,221,938
2023,United States Grand Prix,R,SAR,32.0,11.0,clear_violation,302.0,65.0,185.12144060358187,100.0,0.2314578005115089,181,782
2023,United States Grand Prix,R,SAR,41.0,19.0,clear_violation,308.0,68.0,192.5112286553276,100.0,0.2012903225806451,156,775
2023,United States Grand Prix,R,HUL,5.0,19.0,clear_violation,329.0,62.0,187.4248897834879,100.0,0.2432778489116517,190,781
2023,United States Grand Prix,R,HUL,13.0,13.0,clear_violation,296.0,67.0,187.9393619970343,100.0,0.2051948051948052,158,770
2023,United States Grand Prix,R,MAG,2.0,11.0,clear_violation,310.0,66.0,184.30387207583755,100.0,0.2101359703337453,170,809
2023,United States Grand Prix,R,MAG,5.0,19.0,clear_violation,319.0,70.0,187.63072807380632,100.0,0.2046936114732725,157,767
2023,United States Grand Prix,R,MAG,10.0,12.0,clear_violation,304.0,69.0,185.53423060822607,100.0,0.2209876543209876,179,810
2023,United States Grand Prix,R,MAG,22.0,19.0,clear_violation,302.0,67.0,189.4332488945304,100.0,0.1905370843989769,149,782
2023,United States Grand Prix,R,MAG,55.0,19.0,clear_violation,307.0,66.0,186.8492943974757,100.0,0.1959287531806615,154,786
2023,United States Grand Prix,R,ALO,2.0,11.0,clear_violation,301.0,64.0,185.11185505686743,100.0,0.2230483271375464,180,807
2023,United States Grand Prix,R,ALO,18.0,9.0,clear_violation,319.0,63.0,188.32975758980012,100.0,0.2158092848180677,172,797
2023,United States Grand Prix,R,OCO,5.0,19.0,clear_violation,307.0,68.0,179.55402573363028,100.0,0.2457002457002457,200,814
2023,United States Grand Prix,R,HAM,6.0,19.0,clear_violation,321.0,67.0,191.71961867643665,100.0,0.2173350582147477,168,773
2023,United States Grand Prix,R,HAM,16.0,19.0,clear_violation,296.0,68.0,191.66585069646152,100.0,0.2082294264339152,167,802
2023,United States Grand Prix,R,HAM,56.0,9.0,clear_violation,306.0,69.0,193.2187792043498,100.0,0.2156084656084656,163,756
2023,United States Grand Prix,R,LEC,11.0,12.0,clear_violation,307.0,62.0,187.51446661606315,100.0,0.2375,190,800
2023,United States Grand Prix,R,LEC,49.0,20.0,clear_violation,304.0,62.0,192.42281154737188,100.0,0.2569169960474308,195,759
2023,United States Grand Prix,R,LEC,50.0,20.0,clear_violation,303.0,64.0,193.4920518730134,100.0,0.2341526520051746,181,773
2023,United States Grand Prix,R,LEC,52.0,19.0,clear_violation,306.0,59.0,190.83836666929895,100.0,0.2240932642487046,173,772
2023,United States Grand Prix,S,NOR,18.0,12.0,clear_violation,302.0,67.0,193.41194380925143,99.0,0.1763157894736842,134,760
2023,United States Grand Prix,S,NOR,19.0,11.0,clear_violation,304.0,67.0,193.43725108200056,99.0,0.1849935316946959,143,773
2023,United States Grand Prix,S,PER,2.0,12.0,clear_violation,332.0,72.0,191.19464805385357,100.0,0.2067183462532299,160,774
2023,United States Grand Prix,S,RUS,3.0,15.0,clear_violation,317.0,67.0,193.52182220532845,100.0,0.2132822477650063,167,783
2023,United States Grand Prix,S,ALB,7.0,1.0,clear_violation,304.0,70.0,192.70097507459096,100.0,0.2234848484848484,177,792
2023,United States Grand Prix,S,ALB,19.0,19.0,clear_violation,305.0,66.0,195.91707868827484,100.0,0.2171651495448634,167,769
2023,United States Grand Prix,S,PIA,3.0,9.0,clear_violation,301.0,66.0,190.11293736501557,99.0,0.1874213836477987,149,795
2023,United States Grand Prix,S,PIA,6.0,20.0,clear_violation,300.0,68.0,190.2799719258433,99.0,0.1767676767676767,140,792
2023,United States Grand Prix,S,PIA,7.0,20.0,clear_violation,316.0,66.0,191.2525226672718,99.0,0.1773584905660377,141,795
2023,United States Grand Prix,S,RIC,4.0,12.0,clear_violation,328.0,68.0,191.23452202294317,100.0,0.192258064516129,149,775
2023,United States Grand Prix,S,ZHO,13.0,15.0,clear_violation,327.0,66.0,191.1101006243772,100.0,0.2357414448669201,186,789
2023,United States Grand Prix,S,MAG,8.0,19.0,clear_violation,313.0,67.0,190.08121962983265,100.0,0.2266500622665006,182,803
2023,United States Grand Prix,S,MAG,9.0,12.0,clear_violation,311.0,65.0,190.16298721995616,100.0,0.215,172,800
2023,United States Grand Prix,S,MAG,12.0,1.0,clear_violation,306.0,67.0,187.5682044941561,100.0,0.2049286640726329,158,771
2023,United States Grand Prix,S,MAG,13.0,15.0,clear_violation,310.0,55.0,188.19631866437084,100.0,0.2151741293532338,173,804
2023,United States Grand Prix,S,SAR,12.0,19.0,clear_violation,333.0,63.0,186.42077405667345,100.0,0.2387096774193548,185,775
2024,Abu Dhabi Grand Prix,Q,LEC,11.0,1.0,clear_violation,327.0,67.0,227.42244739143183,100.0,0.1136,71,625
2024,Abu Dhabi Grand Prix,Q,COL,2.0,1.0,clear_violation,333.0,69.0,222.49676321971103,100.0,0.1695721077654516,107,631
2024,Abu Dhabi Grand Prix,R,VER,9.0,1.0,clear_violation,337.0,58.0,210.6395733597594,100.0,0.1613372093023256,111,688
2024,Abu Dhabi Grand Prix,R,GAS,37.0,1.0,clear_violation,306.0,62.0,211.20227723882948,100.0,0.1464497041420118,99,676
2024,Abu Dhabi Grand Prix,R,ALO,10.0,1.0,clear_violation,315.0,59.0,207.6145161346932,99.0,0.1841004184100418,132,717
2024,Abu Dhabi Grand Prix,R,LEC,10.0,1.0,clear_violation,330.0,60.0,210.641574675833,100.0,0.175886524822695,124,705
2024,Abu Dhabi Grand Prix,R,LEC,56.0,1.0,clear_violation,316.0,56.0,215.0519139258125,100.0,0.1561561561561561,104,666
2024,Abu Dhabi Grand Prix,R,STR,9.0,1.0,clear_violation,312.0,62.0,207.9785660583061,99.0,0.1664275466284074,116,697
2024,Abu Dhabi Grand Prix,R,STR,15.0,1.0,clear_violation,330.0,60.0,209.80537375603683,99.0,0.181021897810219,124,685
2024,Abu Dhabi Grand Prix,R,STR,16.0,1.0,clear_violation,330.0,56.0,208.22026278865545,99.0,0.1824817518248175,125,685
2024,Abu Dhabi Grand Prix,R,STR,56.0,1.0,clear_violation,309.0,59.0,210.35464971264392,99.0,0.146551724137931,102,696
2024,Abu Dhabi Grand Prix,R,MAG,30.0,6.0,clear_violation,335.0,0.0,156.07696652459492,100.0,0.2341772151898734,222,948
2024,Abu Dhabi Grand Prix,R,MAG,46.0,1.0,clear_violation,311.0,64.0,210.93157294507247,100.0,0.1592539454806312,111,697
2024,Abu Dhabi Grand Prix,R,TSU,4.0,1.0,clear_violation,316.0,62.0,208.67711744887995,100.0,0.1712230215827338,119,695
2024,Abu Dhabi Grand Prix,R,TSU,13.0,1.0,clear_violation,311.0,59.0,208.93448424385517,100.0,0.172463768115942,119,690
2024,Abu Dhabi Grand Prix,R,TSU,28.0,1.0,clear_violation,309.0,61.0,209.2356520631029,100.0,0.1510791366906475,105,695
2024,Abu Dhabi Grand Prix,R,ALB,24.0,1.0,clear_violation,315.0,60.0,209.7981356991568,100.0,0.1804949053857351,124,687
2024,Abu Dhabi Grand Prix,R,LAW,9.0,1.0,clear_violation,313.0,60.0,207.27359965363144,100.0,0.1693198263386396,117,691
2024,Abu Dhabi Grand Prix,R,LAW,10.0,1.0,clear_violation,314.0,58.0,207.74290004809103,100.0,0.1711079943899018,122,713
2024,Abu Dhabi Grand Prix,R,HAM,49.0,1.0,clear_violation,313.0,63.0,213.92795533382483,100.0,0.1769911504424778,120,678
2024,Abu Dhabi Grand Prix,R,SAI,24.0,1.0,clear_violation,311.0,61.0,209.9270988929613,100.0,0.178623718887262,122,683
2024,Abu Dhabi Grand Prix,R,DOO,10.0,1.0,clear_violation,309.0,59.0,206.58170479212,100.0,0.1778711484593837,127,714
2024,Abu Dhabi Grand Prix,R,DOO,24.0,1.0,clear_violation,332.0,57.0,211.05339939446216,100.0,0.1941176470588235,132,680
2024,Abu Dhabi Grand Prix,R,DOO,42.0,1.0,clear_violation,312.0,61.0,208.53064202844627,100.0,0.1635036496350365,112,685
2024,Abu Dhabi Grand Prix,R,RUS,36.0,1.0,clear_violation,312.0,59.0,210.8794236661785,100.0,0.1531791907514451,106,692
2024,Abu Dhabi Grand Prix,R,RUS,52.0,1.0,clear_violation,312.0,60.0,213.71492238189532,100.0,0.1526162790697674,105,688
2024,Abu Dhabi Grand Prix,R,PIA,14.0,1.0,clear_violation,337.0,58.0,210.36334691161704,100.0,0.1610044313146233,109,677
2024,Abu Dhabi Grand Prix,R,PIA,29.0,1.0,clear_violation,313.0,60.0,208.1756179714413,100.0,0.1445086705202312,100,692
2024,Abu Dhabi Grand Prix,R,PIA,45.0,11.0,clear_violation,336.0,58.0,209.40902790501443,100.0,0.1673881673881674,116,693
2024,Australian Grand Prix,FP1,ALO,9.0,10.0,no_advantage,304.8071442285714,33.0,186.23830613119603,100.0,0.1777493606138107,139,782
2024,Australian Grand Prix,FP1,HAM,13.0,2.0,no_advantage,304.0673058461539,15.775,183.30095691980625,100.0,0.1400523560209424,107,764
2024,Australian Grand Prix,FP2,SAR,17.0,1.0,no_advantage,323.0,81.0,210.70395364349145,100.0,0.1512481644640235,103,681
2024,Australian Grand Prix,FP2,LEC,19.0,2.0,no_advantage,296.0,93.0,227.3151132575777,100.0,0.1475155279503105,95,644
2024,Australian Grand Prix,FP2,STR,24.0,13.0,no_advantage,298.0,38.0,204.6834604013,100.0,0.1037868162692847,74,713
2024,Australian Grand Prix,Q,ALB,2.0,10.0,clear_violation,322.0,97.0,239.35817980857675,100.0,0.1269035532994923,75,591
2024,Australian Grand Prix,Q,RIC,5.0,5.0,clear_violation,322.0,96.0,243.61633037084715,100.0,0.1064189189189189,63,592
2024,Australian Grand Prix,Q,ALO,16.0,6.0,no_advantage,311.1678564571429,27.0,166.03254404808575,100.0,0.1148105625717566,100,871
2024,Australian Grand Prix,R,HAM,10.0,2.0,clear_violation,320.0,88.0,224.58252748945264,100.0,0.1742424242424242,115,660
2024,Austrian Grand Prix,Q,LEC,21.0,9.0,clear_violation,323.0,71.0,219.1065271971978,100.0,0.1857142857142857,104,560
2024,Austrian Grand Prix,Q,PIA,16.0,6.0,clear_violation,319.0,68.0,237.56460033135755,99.0,0.1332007952286282,67,503
2024,Austrian Grand Prix,Q,GAS,17.0,6.0,clear_violation,319.0,66.0,237.3682546185236,100.0,0.1342412451361867,69,514
2024,Austrian Grand Prix,Q,TSU,5.0,6.0,clear_violation,325.0,65.0,235.213211084024,100.0,0.1594202898550724,77,483
2024,Austrian Grand Prix,R,PIA,70.0,1.0,clear_violation,310.0,58.0,221.72162932022584,99.0,0.1713221601489758,92,537
2024,Austrian Grand Prix,R,VER,63.0,3.0,clear_violation,304.0,65.0,220.50867442730265,100.0,0.1865671641791045,100,536
2024,Austrian Grand Prix,R,VER,64.0,3.0,clear_violation,299.0,45.0,156.04870718174058,100.0,0.2312925170068027,170,735
2024,Austrian Grand Prix,R,HUL,12.0,3.0,clear_violation,308.0,0.0,173.3760256323201,100.0,0.2631578947368421,180,684
2024,Austrian Grand Prix,R,PER,21.0,1.0,clear_violation,297.0,60.0,198.42939074006517,100.0,0.256993006993007,147,572
2024,Austrian Grand Prix,R,GAS,35.0,3.0,clear_violation,321.0,54.0,210.65134598959364,100.0,0.2401433691756272,134,558
2024,Austrian Grand Prix,R,LEC,46.0,6.0,clear_violation,314.0,65.0,219.21104418135545,100.0,0.2222222222222222,124,558
2024,Austrian Grand Prix,R,TSU,36.0,1.0,clear_violation,318.0,61.0,215.38592879420548,100.0,0.2022471910112359,108,534
2024,Austrian Grand Prix,R,ZHO,20.0,3.0,clear_violation,302.0,48.0,203.95330474238943,100.0,0.2163120567375886,122,564
2024,Austrian Grand Prix,R,SAR,58.0,6.0,clear_violation,306.0,63.0,218.6018641539981,100.0,0.1903881700554528,103,541
2024,Austrian Grand Prix,R,NOR,10.0,3.0,clear_violation,302.0,58.0,215.4069236559244,100.0,0.1929499072356215,104,539
2024,Austrian Grand Prix,R,NOR,56.0,1.0,clear_violation,318.0,59.0,224.87322693486203,100.0,0.1864406779661017,99,531
2024,Austrian Grand Prix,R,NOR,59.0,3.0,clear_violation,322.0,48.0,220.5792640569701,100.0,0.2152133580705009,116,539
2024,Austrian Grand Prix,R,NOR,64.0,3.0,clear_violation,318.0,33.0,128.2989048164488,100.0,0.1191536748329621,107,898
2024,Austrian Grand Prix,S,NOR,6.0,1.0,clear_violation,316.0,62.0,220.9442527411451,100.0,0.1821705426356589,94,516
2024,Austrian Grand Prix,S,NOR,16.0,1.0,clear_violation,322.0,61.0,220.8745026710152,100.0,0.1910946196660482,103,539
2024,Austrian Grand Prix,S,ALO,7.0,1.0,clear_violation,323.0,60.0,220.6047767235445,100.0,0.1759082217973231,92,523
2024,Austrian Grand Prix,S,ALO,21.0,3.0,clear_violation,304.0,43.0,209.80420450122315,99.0,0.2089285714285714,117,560
2024,Austrian Grand Prix,SQ,PIA,7.0,6.0,clear_violation,324.0,68.0,231.0901631897886,99.0,0.1465863453815261,73,498
2024,Austrian Grand Prix,SQ,HAM,2.0,6.0,clear_violation,318.0,63.0,232.13503712306675,100.0,0.1732283464566929,88,508
2024,Austrian Grand Prix,SQ,TSU,5.0,9.0,clear_violation,322.0,0.0,207.61102813714672,100.0,0.1472727272727272,81,550
2024,Austrian Grand Prix,SQ,ZHO,2.0,9.0,clear_violation,322.0,69.0,229.5922819366865,100.0,0.1802325581395348,93,516
2024,Austrian Grand Prix,SQ,BOT,5.0,6.0,clear_violation,320.0,66.0,230.97117937659485,100.0,0.1603960396039604,81,505
2024,Austrian Grand Prix,SQ,SAR,8.0,6.0,clear_violation,325.0,64.0,234.21078697888856,100.0,0.1765873015873016,89,504
2024,Azerbaijan Grand Prix,Q,SAI,2.0,15.0,clear_violation,342.0142848,49.0,169.05070496278628,100.0,0.2157068062827225,206,955
2024,Azerbaijan Grand Prix,R,VER,24.0,15.0,clear_violation,351.68333226666664,66.0,193.3803289594635,100.0,0.2517401392111369,217,862
2024,Azerbaijan Grand Prix,R,OCO,36.0,1.0,clear_violation,322.0,42.0,188.0330334750406,100.0,0.2233560090702948,197,882
2024,Bahrain Grand Prix,Q,MAG,8.0,7.0,clear_violation,320.0,73.0,211.7345742585589,100.0,0.1957142857142857,137,700
2024,Bahrain Grand Prix,Q,GAS,2.0,13.0,clear_violation,310.0,65.0,210.22481947175052,100.0,0.1733149931224209,126,727
2024,Bahrain Grand Prix,R,VER,46.0,4.0,clear_violation,303.0,63.0,204.3571450159586,100.0,0.2025316455696202,144,711
2024,Bahrain Grand Prix,R,LEC,4.0,10.0,clear_violation,320.0,64.0,197.2893032729067,100.0,0.225130890052356,172,764
2024,Bahrain Grand Prix,R,RUS,46.0,10.0,clear_violation,304.0,60.0,201.87260111870063,100.0,0.1991869918699187,147,738
2024,Bahrain Grand Prix,R,NOR,3.0,15.0,clear_violation,323.0,57.0,196.5529318127929,98.0,0.2051282051282051,152,741
2024,Bahrain Grand Prix,R,NOR,4.0,15.0,clear_violation,300.0,62.0,197.44479728655415,98.0,0.2,153,765
2024,Bahrain Grand Prix,R,NOR,56.0,13.0,clear_violation,306.0,63.0,201.85221142119312,99.0,0.2127371273712737,157,738
2024,Bahrain Grand Prix,R,HAM,27.0,10.0,clear_violation,303.0,63.0,197.96168497616412,100.0,0.236241610738255,176,745
2024,Bahrain Grand Prix,R,HAM,47.0,4.0,clear_violation,305.0,65.0,203.333093741504,100.0,0.2088948787061994,155,742
2024,Bahrain Grand Prix,R,PIA,37.0,15.0,clear_violation,304.0,66.0,203.02111295539916,99.0,0.1939058171745152,140,722
2024,Bahrain Grand Prix,R,PIA,38.0,15.0,clear_violation,308.0,64.0,203.73738271410687,99.0,0.2047026279391424,148,723
2024,Bahrain Grand Prix,R,PIA,50.0,4.0,clear_violation,305.0,64.0,201.74177026190068,99.0,0.202445652173913,149,736
2024,Bahrain Grand Prix,R,RIC,51.0,13.0,clear_violation,326.0,60.0,197.60100871821743,100.0,0.1937669376693767,143,738
2024,Bahrain Grand Prix,R,RIC,55.0,4.0,clear_violation,327.0,62.0,198.7792400868652,100.0,0.2113821138211382,156,738
2024,Bahrain Grand Prix,R,RIC,56.0,4.0,clear_violation,327.0,59.0,198.3004808157131,100.0,0.2179144385026738,163,748
2024,Bahrain Grand Prix,R,TSU,10.0,4.0,clear_violation,307.0,62.0,193.867972347339,100.0,0.1949934123847167,148,759
2024,Bahrain Grand Prix,R,TSU,27.0,13.0,clear_violation,324.0,62.0,198.133010642602,100.0,0.2126816380449141,161,757
2024,Bahrain Grand Prix,R,ALB,47.0,4.0,clear_violation,305.0,62.0,201.5024560411243,100.0,0.2079889807162534,151,726
2024,Bahrain Grand Prix,R,ALB,49.0,10.0,clear_violation,306.0,61.0,199.63164320249092,100.0,0.2024128686327077,151,746
2024,Bahrain Grand Prix,R,GAS,44.0,4.0,clear_violation,288.0,0.0,167.6155397799556,100.0,0.2189944134078212,196,895
2024,Bahrain Grand Prix,R,GAS,55.0,4.0,clear_violation,301.0,62.0,200.82032386014424,100.0,0.2032742155525238,149,733
2024,Bahrain Grand Prix,R,SAR,9.0,4.0,no_advantage,315.0,57.0,191.525018508901,100.0,0.2217795484727755,167,753
2024,Belgian Grand Prix,Q,ZHO,8.0,4.0,clear_violation,315.0,57.0,209.04877913530277,100.0,0.1764057331863285,160,907
2024,Belgian Grand Prix,R,HAM,13.0,4.0,clear_violation,323.0,73.0,231.24399866446737,100.0,0.1506849315068493,121,803
2024,Belgian Grand Prix,R,NOR,2.0,6.0,clear_violation,355.0,71.0,226.05736396965528,99.0,0.2040816326530612,170,833
2024,Belgian Grand Prix,R,NOR,23.0,19.0,clear_violation,338.0,53.0,230.11708090439333,99.0,0.1597633136094674,135,845
2024,Belgian Grand Prix,R,SAI,15.0,14.0,clear_violation,321.0,68.0,225.20391012361503,100.0,0.1712574850299401,143,835
2024,Belgian Grand Prix,R,SAI,36.0,4.0,clear_violation,327.0,71.0,231.08752801219416,100.0,0.1714285714285714,138,805
2024,Belgian Grand Prix,R,SAI,41.0,4.0,clear_violation,322.0,68.0,231.7073561984144,100.0,0.1642512077294686,136,828
2024,Belgian Grand Prix,R,STR,2.0,4.0,clear_violation,356.0,62.0,223.89492210726485,100.0,0.1807372175980975,152,841
2024,Belgian Grand Prix,R,MAG,23.0,4.0,clear_violation,321.0,73.0,227.77303397276205,100.0,0.1304347826086956,111,851
2024,Belgian Grand Prix,R,SAR,33.0,4.0,clear_violation,324.0,70.0,229.11663613146345,100.0,0.1389578163771712,112,806
2024,Belgian Grand Prix,R,HUL,14.0,6.0,clear_violation,351.0,68.0,225.500198677243,100.0,0.1562867215041128,133,851
2024,British Grand Prix,Q,RUS,8.0,9.0,clear_violation,303.0,90.0,215.8557163639166,100.0,0.1696065128900949,125,737
2024,British Grand Prix,Q,NOR,4.0,3.0,clear_violation,297.0,57.0,182.62064099121343,99.0,0.1721778791334093,151,877
2024,British Grand Prix,Q,VER,7.0,9.0,clear_violation,307.0,64.0,193.42589460833236,100.0,0.2011904761904762,169,840
2024,British Grand Prix,Q,SAI,7.0,9.0,clear_violation,308.0,74.0,217.86088949279568,100.0,0.1980742778541953,144,727
2024,British Grand Prix,Q,ALB,7.0,9.0,clear_violation,310.0,81.0,206.6924407824835,100.0,0.227330779054917,178,783
2024,British Grand Prix,Q,ALO,9.0,4.0,clear_violation,285.0,28.0,165.6644061581619,100.0,0.190427698574338,187,982
2024,British Grand Prix,Q,TSU,7.0,9.0,clear_violation,308.0,63.0,205.08564716194425,100.0,0.2055837563451776,162,788
2024,British Grand Prix,Q,ZHO,9.0,9.0,clear_violation,305.0,88.0,198.6954420350382,100.0,0.1791979949874686,143,798
2024,British Grand Prix,R,HAM,19.0,2.0,clear_violation,300.0,74.0,201.7304794438514,100.0,0.2141951837769328,169,789
2024,British Grand Prix,R,NOR,20.0,12.0,clear_violation,305.0,81.0,215.69102621880424,99.0,0.1720990873533246,132,767
2024,British Grand Prix,R,SAI,28.0,3.0,clear_violation,301.0,63.0,205.38209533672168,100.0,0.2101910828025477,165,785
2024,British Grand Prix,R,ALB,35.0,18.0,clear_violation,304.0,68.0,200.41194148538165,100.0,0.1976744186046511,153,774
2024,British Grand Prix,R,ALB,36.0,18.0,clear_violation,304.0,68.0,204.5707470266467,100.0,0.2036082474226804,158,776
2024,British Grand Prix,R,SAR,16.0,15.0,clear_violation,306.0,81.0,224.8505760147228,100.0,0.1711079943899018,122,713
2024,British Grand Prix,R,RIC,31.0,9.0,clear_violation,298.0,73.0,204.5623874486232,100.0,0.1835985312117503,150,817
2024,British Grand Prix,R,LEC,24.0,14.0,clear_violation,292.0,66.0,189.86394393526052,100.0,0.1794285714285714,157,875
2024,British Grand Prix,R,RUS,19.0,2.0,clear_violation,302.0,63.0,200.20493481744603,100.0,0.2032828282828283,161,792
2024,Canadian Grand Prix,Q,RUS,4.0,4.0,clear_violation,307.0,54.0,179.0765876913206,100.0,0.1921921921921922,128,666
2024,Canadian Grand Prix,Q,HAM,4.0,1.0,clear_violation,306.0,46.0,158.42704158030097,104.0,0.2320217096336499,171,737
2024,Canadian Grand Prix,Q,SAI,2.0,2.0,clear_violation,303.0,46.0,189.88893238593505,100.0,0.2391653290529695,149,623
2024,Canadian Grand Prix,Q,SAI,15.0,13.0,clear_violation,308.0,47.0,149.22722308328562,100.0,0.2595907928388747,203,782
2024,Canadian Grand Prix,Q,MAG,2.0,8.0,clear_violation,309.0,54.0,187.523674899149,100.0,0.2305295950155763,148,642
2024,Canadian Grand Prix,R,VER,17.0,2.0,clear_violation,307.0,37.0,172.8051251638144,100.0,0.2600297176820208,175,673
2024,Canadian Grand Prix,R,GAS,41.0,6.0,clear_violation,298.0,43.0,154.23729485603715,100.0,0.2059973924380704,158,767
2024,Canadian Grand Prix,R,GAS,44.0,14.0,clear_violation,329.0,54.0,182.37469020181464,100.0,0.2230769230769231,145,650
2024,Canadian Grand Prix,R,PER,21.0,9.0,clear_violation,312.0,52.0,170.2106431347548,100.0,0.2543103448275862,177,696
2024,Canadian Grand Prix,R,PER,32.0,14.0,clear_violation,317.0,48.0,167.86498250371798,100.0,0.3004354136429608,207,689
2024,Canadian Grand Prix,R,ALO,6.0,,clear_violation,304.0,45.0,161.5618297612758,100.0,0.2405405405405405,178,740
2024,Canadian Grand Prix,R,ALO,32.0,14.0,clear_violation,309.0,47.0,169.03248251473764,100.0,0.2638483965014577,181,686
2024,Canadian Grand Prix,R,LEC,30.0,4.0,clear_violation,300.0,44.0,152.18527489640238,100.0,0.26875,215,800
2024,Canadian Grand Prix,R,LEC,32.0,14.0,clear_violation,298.0,52.0,168.68974978628208,100.0,0.2125,153,720
2024,Canadian Grand Prix,R,STR,34.0,14.0,clear_violation,310.0,53.0,171.5234662177893,100.0,0.2263313609467455,153,676
2024,Canadian Grand Prix,R,SAR,3.0,14.0,clear_violation,309.0,45.0,151.37317988005535,100.0,0.2953367875647668,228,772
2024,Canadian Grand Prix,R,SAR,5.0,2.0,clear_violation,306.0,33.0,157.4362822258686,100.0,0.2971887550200803,222,747
2024,Canadian Grand Prix,R,SAR,6.0,6.0,clear_violation,303.0,0.0,132.9864209241624,100.0,0.2825848849945235,258,913
2024,Canadian Grand Prix,R,SAR,13.0,1.0,clear_violation,316.0,35.0,163.57324752405898,100.0,0.2975679542203147,208,699
2024,Canadian Grand Prix,R,MAG,32.0,14.0,clear_violation,318.0,48.0,169.2249514553725,100.0,0.3072463768115942,212,690
2024,Canadian Grand Prix,R,MAG,52.0,14.0,clear_violation,335.0,56.0,185.8083606623829,100.0,0.2841614906832298,183,644
2024,Canadian Grand Prix,R,MAG,60.0,9.0,clear_violation,311.0,60.0,190.16876089487585,100.0,0.2375601926163724,148,623
2024,Canadian Grand Prix,R,TSU,66.0,9.0,clear_violation,311.0,0.0,158.01401792099566,100.0,0.256544502617801,196,764
2024,Canadian Grand Prix,R,ALB,17.0,14.0,clear_violation,330.0,48.0,175.79288973424678,100.0,0.282089552238806,189,670
2024,Canadian Grand Prix,R,ALB,34.0,14.0,clear_violation,310.0,50.0,170.58758516858924,100.0,0.2878338278931751,194,674
2024,Canadian Grand Prix,R,HUL,31.0,14.0,clear_violation,310.0,47.0,164.06551190776403,100.0,0.3029045643153527,219,723
2024,Canadian Grand Prix,R,RIC,48.0,1.0,clear_violation,313.0,42.0,183.57257010770007,100.0,0.25,153,612
2024,Canadian Grand Prix,R,NOR,42.0,1.0,clear_violation,320.0,38.0,180.8720870369948,100.0,0.2398119122257053,153,638
2024,Canadian Grand Prix,R,HAM,7.0,2.0,clear_violation,307.0,40.0,162.73379412202266,100.0,0.311050477489768,228,733
2024,Canadian Grand Prix,R,HAM,49.0,7.0,clear_violation,305.0,53.0,187.83738245299224,100.0,0.2155309033280507,136,631
2024,Canadian Grand Prix,R,RUS,2.0,14.0,clear_violation,293.0,49.0,161.8210045374829,100.0,0.2506811989100817,184,734
2024,Canadian Grand Prix,R,RUS,21.0,14.0,clear_violation,305.0,51.0,175.8038351747853,100.0,0.2263868065967016,151,667
2024,Canadian Grand Prix,R,RUS,51.0,8.0,clear_violation,328.0,53.0,192.1433446921208,100.0,0.2445561139028475,146,597
2024,Canadian Grand Prix,R,RUS,63.0,14.0,clear_violation,334.0,58.0,196.71261614113703,100.0,0.2262295081967213,138,610
2024,Chinese Grand Prix,FP1,HAM,19.0,6.0,no_advantage,301.0,61.0,191.7260594928776,100.0,0.2061855670103092,160,776
2024,Chinese Grand Prix,R,GAS,4.0,14.0,clear_violation,336.0,62.0,188.43284224572156,100.0,0.2091836734693877,164,784
2024,Chinese Grand Prix,R,GAS,48.0,6.0,clear_violation,326.0,56.0,191.6745038308497,100.0,0.1964512040557668,155,789
2024,Chinese Grand Prix,R,SAR,8.0,6.0,clear_violation,333.0,52.0,186.02852406926144,100.0,0.2280487804878049,187,820
2024,Chinese Grand Prix,R,ALB,54.0,6.0,clear_violation,314.0,57.0,189.18532167253736,100.0,0.2071611253196931,162,782
2024,Chinese Grand Prix,R,HUL,2.0,6.0,clear_violation,340.0,55.0,188.24741131128505,100.0,0.2395964691046658,190,793
2024,Chinese Grand Prix,S,LEC,16.0,14.0,clear_violation,337.0,58.0,185.4295278760713,99.0,0.2484316185696361,198,797
2024,Chinese Grand Prix,S,RIC,15.0,14.0,clear_violation,339.0,44.0,187.3237383262014,100.0,0.2012578616352201,160,795
2024,Chinese Grand Prix,S,STR,8.0,14.0,clear_violation,339.0,51.0,186.32772902327355,100.0,0.1828947368421052,139,760
2024,Chinese Grand Prix,SQ,VER,9.0,6.0,clear_violation,291.0,42.0,160.92432239406352,100.0,0.1956066945606694,187,956
2024,Chinese Grand Prix,SQ,VER,10.0,16.0,clear_violation,293.0,51.0,162.13448404193517,100.0,0.1730981256890849,157,907
2024,Chinese Grand Prix,SQ,PER,11.0,16.0,clear_violation,295.0,49.0,160.1969168291981,100.0,0.1958195819581958,178,909
2024,Chinese Grand Prix,SQ,ZHO,13.0,6.0,clear_violation,291.0,52.0,155.25572208409235,100.0,0.2425488180883864,236,973
2024,Chinese Grand Prix,SQ,NOR,11.0,16.0,clear_violation,295.0,53.0,161.7272354170857,100.0,0.1843575418994413,165,895
2024,Chinese Grand Prix,SQ,HAM,12.0,6.0,clear_violation,277.0,0.0,133.21611164705783,100.0,0.2824360105913504,320,1133
2024,Dutch Grand Prix,R,SAI,45.0,1.0,clear_violation,334.0,84.0,203.9709477243129,100.0,0.2758620689655172,160,580
2024,Dutch Grand Prix,R,GAS,36.0,3.0,clear_violation,310.0,95.0,201.51551605917032,100.0,0.2387543252595155,138,578
2024,Dutch Grand Prix,R,MAG,3.0,1.0,clear_violation,343.0,27.0,185.2709587206131,100.0,0.219626168224299,141,642
2024,Dutch Grand Prix,R,ZHO,64.0,3.0,clear_violation,301.4187504,90.0,192.05029522486015,100.0,0.2491803278688524,152,610
2024,Emilia Romagna Grand Prix,Q,ALB,2.0,18.0,clear_violation,335.0,103.0,227.3146614973416,100.0,0.1788194444444444,103,576
2024,Emilia Romagna Grand Prix,Q,GAS,13.0,17.0,clear_violation,328.0,108.0,230.8002444741565,100.0,0.1362862010221465,80,587
2024,Emilia Romagna Grand Prix,Q,SAR,2.0,18.0,clear_violation,335.0,97.0,229.3753640021422,100.0,0.160621761658031,93,579
2024,Emilia Romagna Grand Prix,Q,SAR,7.0,9.0,clear_violation,336.0,98.0,229.17605725981664,100.0,0.1821305841924398,106,582
2024,Emilia Romagna Grand Prix,R,VER,11.0,17.0,clear_violation,311.0,93.0,216.49038188823164,100.0,0.1877022653721682,116,618
2024,Emilia Romagna Grand Prix,R,VER,15.0,18.0,clear_violation,310.0,95.0,214.8050821776111,100.0,0.1938610662358643,120,619
2024,Emilia Romagna Grand Prix,R,VER,20.0,6.0,clear_violation,311.0,92.0,215.50990428985352,100.0,0.2026143790849673,124,612
2024,Emilia Romagna Grand Prix,R,NOR,62.0,6.0,clear_violation,319.0,88.0,218.0542536018636,100.0,0.1786310517529215,107,599
2024,Emilia Romagna Grand Prix,R,LEC,47.0,15.0,clear_violation,332.0,81.0,215.46025588096603,100.0,0.1919354838709677,119,620
2024,Emilia Romagna Grand Prix,R,HAM,26.0,13.0,clear_violation,311.0,77.0,203.71901836455345,100.0,0.2126696832579185,141,663
2024,Emilia Romagna Grand Prix,R,PER,17.0,17.0,clear_violation,315.0,47.0,201.78730564102048,100.0,0.18796992481203,125,665
2024,Emilia Romagna Grand Prix,R,TSU,23.0,6.0,clear_violation,334.0,86.0,210.41130483565303,100.0,0.2091917591125198,132,631
2024,Emilia Romagna Grand Prix,R,HUL,56.0,17.0,clear_violation,314.0,89.0,212.3165697174988,100.0,0.2038216560509554,128,628
2024,Emilia Romagna Grand Prix,R,HUL,59.0,17.0,clear_violation,316.0,85.0,212.61156419901897,100.0,0.2265372168284789,140,618
2024,Emilia Romagna Grand Prix,R,BOT,61.0,18.0,clear_violation,311.0,83.0,202.8021106821466,100.0,0.2557427258805513,167,653
2024,Hungarian Grand Prix,R,PIA,33.0,11.0,clear_violation,295.0,84.0,182.9063674282966,99.0,0.2247706422018348,147,654
2024,Hungarian Grand Prix,R,VER,35.0,2.0,clear_violation,322.0,68.0,181.7278394547201,100.0,0.25625,164,640
2024,Hungarian Grand Prix,R,VER,66.0,7.0,clear_violation,303.0,82.0,188.38481053944784,100.0,0.2434514637904468,158,649
2024,Hungarian Grand Prix,R,TSU,33.0,1.0,clear_violation,295.0,82.0,181.26671565221585,100.0,0.2099358974358974,131,624
2024,Hungarian Grand Prix,R,GAS,11.0,11.0,clear_violation,299.0,85.0,180.69781502084547,100.0,0.2138461538461538,139,650
2024,Italian Grand Prix,Q,PIA,2.0,2.0,clear_violation,344.0,52.0,187.19310514272144,99.0,0.1239669421487603,105,847
2024,Italian Grand Prix,Q,COL,5.0,7.0,clear_violation,348.0,69.0,250.3134801406512,100.0,0.1490015360983103,97,651
2024,Italian Grand Prix,R,NOR,31.0,4.0,clear_violation,334.0,67.0,243.06945234899425,100.0,0.1517571884984025,95,626
2024,Italian Grand Prix,R,SAI,13.0,2.0,clear_violation,330.0,64.0,241.5963809110065,100.0,0.1718266253869969,111,646
2024,Italian Grand Prix,R,RUS,31.0,2.0,clear_violation,347.0,52.0,239.62016433583847,100.0,0.184,115,625
2024,Italian Grand Prix,R,ALB,3.0,2.0,clear_violation,350.0,65.0,239.78786828562855,100.0,0.1850152905198776,121,654
2024,Italian Grand Prix,R,ALB,33.0,2.0,clear_violation,332.0,46.0,239.69460827273275,100.0,0.1767441860465116,114,645
2024,Italian Grand Prix,R,ALB,37.0,2.0,clear_violation,336.0,50.0,240.06568880835596,100.0,0.17984496124031,116,645
2024,Italian Grand Prix,R,MAG,18.0,5.0,clear_violation,355.0,60.0,240.12389652787303,100.0,0.1820987654320987,118,648
2024,Italian Grand Prix,R,ALO,18.0,4.0,clear_violation,346.0,70.0,243.34250074489148,100.0,0.1536050156739812,98,638
2024,Italian Grand Prix,R,RIC,10.0,2.0,clear_violation,347.0,50.0,238.11459695758984,100.0,0.1851289833080424,122,659
2024,Italian Grand Prix,R,GAS,18.0,5.0,clear_violation,337.0,61.0,240.09624444029905,100.0,0.1671826625386996,108,646
2024,Italian Grand Prix,R,GAS,27.0,4.0,clear_violation,342.0,60.0,237.04629291447247,100.0,0.1897590361445783,126,664
2024,Italian Grand Prix,R,STR,40.0,2.0,clear_violation,356.0,39.0,240.13923718974792,100.0,0.1625,104,640
2024,Italian Grand Prix,R,TSU,5.0,2.0,clear_violation,353.0,53.0,224.00338096035927,100.0,0.2101551480959097,149,709
2024,Japanese Grand Prix,FP3,MAG,1.0,11.0,no_advantage,276.437504,33.0,160.6740257681662,100.0,0.1797872340425532,169,940
2024,Japanese Grand Prix,Q,HUL,8.0,13.0,clear_violation,325.0,70.0,228.13395828606372,100.0,0.1508620689655172,105,696
2024,Japanese Grand Prix,R,PER,6.0,9.0,clear_violation,303.0,64.0,211.6992810131272,100.0,0.1614173228346456,123,762
2024,Japanese Grand Prix,R,SAI,35.0,17.0,clear_violation,305.0,62.0,215.7677443662324,100.0,0.1705963938973647,123,721
2024,Japanese Grand Prix,R,LEC,26.0,9.0,clear_violation,305.0,58.0,199.5962830960221,100.0,0.2086049543676662,160,767
2024,Japanese Grand Prix,R,NOR,22.0,9.0,clear_violation,303.0,63.0,212.3016222823086,99.0,0.1535326086956521,113,736
2024,Japanese Grand Prix,R,PIA,30.0,17.0,clear_violation,304.0,63.0,212.591840910306,99.0,0.1258278145695364,95,755
2024,Japanese Grand Prix,R,PIA,49.0,17.0,clear_violation,322.0,65.0,216.1658920688573,99.0,0.157103825136612,115,732
2024,Japanese Grand Prix,R,HAM,45.0,14.0,clear_violation,305.0,67.0,218.70978226859933,100.0,0.162534435261708,118,726
2024,Japanese Grand Prix,R,SAR,11.0,14.0,clear_violation,324.0,65.0,209.10104331189012,100.0,0.1802403204272363,135,749
2024,Japanese Grand Prix,R,SAR,41.0,9.0,clear_violation,302.0,0.0,143.5630379721837,100.0,0.1868029739776951,201,1076
2024,Japanese Grand Prix,R,SAR,52.0,9.0,clear_violation,308.0,64.0,214.0038161104521,100.0,0.1702702702702702,126,740
2024,Las Vegas Grand Prix,Q,HAM,23.0,4.0,clear_violation,347.0,81.0,232.39540389640013,100.0,0.1828103683492496,134,733
2024,Las Vegas Grand Prix,Q,ALB,9.0,4.0,clear_violation,352.0,89.0,232.8532361160149,104.0,0.180327868852459,132,732
2024,Las Vegas Grand Prix,R,HAM,22.0,8.0,clear_violation,351.0,85.0,227.83113031528683,100.0,0.196159122085048,143,729
2024,Las Vegas Grand Prix,R,HAM,47.0,8.0,clear_violation,339.0,75.0,228.65126136641803,100.0,0.1889338731443994,140,741
2024,Las Vegas Grand Prix,R,SAI,27.0,17.0,clear_violation,337.0,69.0,217.8477122930873,100.0,0.2357414448669201,186,789
2024,Las Vegas Grand Prix,R,LEC,50.0,8.0,clear_violation,345.0,68.0,227.1407648881081,100.0,0.2102425876010781,156,742
2024,Las Vegas Grand Prix,R,VER,26.0,8.0,clear_violation,334.0,81.0,225.34843127397707,100.0,0.1774834437086092,134,755
2024,Las Vegas Grand Prix,R,PIA,11.0,8.0,clear_violation,336.0,0.0,179.49853126272015,100.0,0.2316810344827586,215,928
2024,Las Vegas Grand Prix,R,HUL,15.0,8.0,clear_violation,341.0,0.0,188.82358371640345,100.0,0.2140350877192982,183,855
2024,Las Vegas Grand Prix,R,STR,10.0,8.0,clear_violation,337.0,0.0,169.4729763549599,104.0,0.2861507128309572,281,982
2024,Las Vegas Grand Prix,R,STR,39.0,8.0,clear_violation,340.0,68.0,223.77305901663428,100.0,0.2155059132720105,164,761
2024,Mexico City Grand Prix,Q,PIA,5.0,12.0,clear_violation,344.0,67.0,197.00353978317847,99.0,0.2091503267973856,128,612
2024,Mexico City Grand Prix,Q,VER,14.0,2.0,clear_violation,348.0,65.0,201.1723002397202,100.0,0.2240527182866556,136,607
2024,Mexico City Grand Prix,Q,LEC,11.0,2.0,clear_violation,346.0,65.0,197.5690990961636,100.0,0.2139303482587064,129,603
2024,Mexico City Grand Prix,R,NOR,10.0,8.0,clear_violation,353.0,56.0,179.7134424334614,100.0,0.2622432859399684,166,633
2024,Mexico City Grand Prix,R,LEC,63.0,17.0,clear_violation,343.0,65.0,184.90184712148857,100.0,0.2378640776699029,147,618
2024,Mexico City Grand Prix,R,HAM,65.0,2.0,clear_violation,356.0,60.0,187.4617759465132,100.0,0.2721311475409836,166,610
2024,Mexico City Grand Prix,R,VER,10.0,8.0,clear_violation,345.0,52.0,181.2468273142519,100.0,0.2527646129541864,160,633
2024,Mexico City Grand Prix,R,PIA,32.0,2.0,clear_violation,349.0,62.0,186.0544864601184,99.0,0.2089783281733746,135,646
2024,Mexico City Grand Prix,R,PIA,38.0,2.0,clear_violation,327.0,62.0,183.3348216346517,99.0,0.2365415986949429,145,613
2024,Mexico City Grand Prix,R,STR,19.0,4.0,clear_violation,341.0,38.0,180.20807668467197,100.0,0.2619414483821263,170,649
2024,Mexico City Grand Prix,R,COL,65.0,1.0,clear_violation,352.0,54.0,183.06777195806237,100.0,0.2325949367088607,147,632
2024,Mexico City Grand Prix,R,PER,16.0,2.0,clear_violation,351.0,58.0,180.85696361922817,100.0,0.2480376766091051,158,637
2024,Mexico City Grand Prix,R,PER,18.0,6.0,clear_violation,352.0,51.0,173.4189652610318,100.0,0.2366412213740458,155,655
2024,Miami Grand Prix,R,VER,21.0,15.0,clear_violation,318.0,65.0,208.03962582377287,100.0,0.1916083916083916,137,715
2024,Miami Grand Prix,R,GAS,26.0,12.0,clear_violation,342.0,61.0,205.80927803349357,100.0,0.2008486562942008,142,707
2024,Miami Grand Prix,R,ALO,14.0,5.0,clear_violation,321.0,60.0,201.7473023522128,100.0,0.2097222222222222,151,720
2024,Miami Grand Prix,R,ALO,33.0,7.0,clear_violation,330.0,62.0,200.94738152983564,100.0,0.2165963431786216,154,711
2024,Miami Grand Prix,R,STR,18.0,5.0,clear_violation,325.0,59.0,203.78383170807965,100.0,0.2027972027972027,145,715
2024,Miami Grand Prix,R,STR,27.0,5.0,clear_violation,329.0,58.0,204.1654470462097,100.0,0.2013888888888889,145,720
2024,Miami Grand Prix,R,STR,42.0,5.0,clear_violation,353.0,51.0,208.4171406530517,100.0,0.2053824362606232,145,706
2024,Miami Grand Prix,R,STR,43.0,5.0,clear_violation,344.0,59.0,205.1798344965312,100.0,0.2215909090909091,156,704
2024,Miami Grand Prix,R,STR,52.0,2.0,clear_violation,321.0,60.0,206.95696188797885,100.0,0.2074391988555078,145,699
2024,Miami Grand Prix,R,TSU,5.0,7.0,clear_violation,341.0,60.0,202.3895077311417,100.0,0.2081632653061224,153,735
2024,Miami Grand Prix,R,ALB,8.0,5.0,clear_violation,347.0,63.0,205.31329463050687,100.0,0.2048364153627311,144,703
2024,Miami Grand Prix,R,ALB,12.0,12.0,clear_violation,334.0,52.0,204.958487339368,100.0,0.2005571030640668,144,718
2024,Miami Grand Prix,R,ALB,50.0,15.0,clear_violation,339.0,62.0,207.40794731377676,100.0,0.2196765498652291,163,742
2024,Miami Grand Prix,R,ZHO,2.0,12.0,clear_violation,345.0,54.0,199.93788130984188,100.0,0.2301369863013698,168,730
2024,Miami Grand Prix,R,ZHO,39.0,12.0,clear_violation,340.0,61.0,206.29631575419347,100.0,0.2022471910112359,144,712
2024,Miami Grand Prix,R,HUL,25.0,12.0,clear_violation,339.0,61.0,203.87359256006687,100.0,0.2030812324929972,145,714
2024,Miami Grand Prix,R,HUL,27.0,12.0,clear_violation,338.0,61.0,202.41904714364412,100.0,0.2118294360385144,154,727
2024,Miami Grand Prix,R,HAM,26.0,12.0,clear_violation,323.0,64.0,196.79896005405973,100.0,0.2241847826086956,165,736
2024,Miami Grand Prix,R,SAI,34.0,12.0,clear_violation,337.0,60.0,210.7832086690138,100.0,0.2178932178932179,151,693
2024,Miami Grand Prix,R,RUS,44.0,17.0,clear_violation,326.0,44.0,208.12178256074372,100.0,0.1765557163531114,122,691
2024,Miami Grand Prix,S,HUL,6.0,15.0,clear_violation,328.0,65.0,207.31168290245117,100.0,0.1940085592011412,136,701
2024,Miami Grand Prix,S,HAM,14.0,11.0,clear_violation,342.0,48.0,201.38895021514972,100.0,0.22475106685633,158,703
2024,Miami Grand Prix,S,MAG,8.0,15.0,clear_violation,325.0,66.0,207.3010245119319,100.0,0.2048710601719197,143,698
2024,Miami Grand Prix,S,MAG,11.0,11.0,clear_violation,328.0,64.0,206.1984761655928,100.0,0.1916666666666666,138,720
2024,Miami Grand Prix,S,MAG,12.0,11.0,clear_violation,324.0,65.0,207.09641409866484,100.0,0.1794158553546592,129,719
2024,Miami Grand Prix,S,MAG,14.0,11.0,clear_violation,323.0,55.0,203.14536263051747,100.0,0.1840228245363766,129,701
2024,Miami Grand Prix,SQ,PIA,4.0,1.0,clear_violation,318.0,62.0,166.75265056867295,100.0,0.1279728199320498,113,883
2024,Miami Grand Prix,SQ,TSU,8.0,5.0,clear_violation,338.0,62.0,217.8604552039972,100.0,0.1403249630723781,95,677
2024,Miami Grand Prix,SQ,ALB,5.0,15.0,clear_violation,344.0,65.0,217.7449140943344,100.0,0.2210834553440702,151,683
2024,Miami Grand Prix,SQ,BOT,5.0,1.0,clear_violation,311.0,33.0,160.81194535921398,100.0,0.1984732824427481,182,917
2024,Monaco Grand Prix,Q,PIA,8.0,10.0,clear_violation,275.3888867555555,38.0,117.1370954191892,100.0,0.1883870967741935,146,775
2024,Monaco Grand Prix,Q,SAI,5.0,10.0,clear_violation,274.45714102857147,37.0,112.77254819148334,100.0,0.220715166461159,179,811
2024,Monaco Grand Prix,Q,SAI,17.0,1.0,clear_violation,274.0,31.0,113.66721390070964,74.0,0.2644110275689223,211,798
2024,Monaco Grand Prix,Q,SAI,22.0,10.0,clear_violation,279.0,27.0,147.00720070764692,100.0,0.3295819935691318,205,622
2024,Monaco Grand Prix,Q,NOR,5.0,1.0,clear_violation,274.0,16.0,119.11350620997274,100.0,0.2115637319316688,161,761
2024,Monaco Grand Prix,Q,NOR,7.0,16.0,clear_violation,275.0,11.0,113.71659420720351,100.0,0.2481108312342569,197,794
2024,Monaco Grand Prix,Q,RUS,4.0,10.0,clear_violation,275.1666666666667,40.0,120.67268003953627,100.0,0.2286501377410468,166,726
2024,Monaco Grand Prix,Q,RUS,6.0,1.0,clear_violation,277.0,39.0,105.20205073892616,104.0,0.1737588652482269,147,846
2024,Monaco Grand Prix,Q,RUS,13.0,10.0,clear_violation,264.0,33.014286628571426,113.863664019456,100.0,0.1800766283524904,141,783
2024,Monaco Grand Prix,Q,RUS,23.0,10.0,clear_violation,290.0,43.0,138.45465246831768,100.0,0.2400611620795107,157,654
2024,Monaco Grand Prix,Q,HAM,2.0,10.0,clear_violation,273.6249984,46.0,147.53687414579414,100.0,0.313953488372093,189,602
2024,Monaco Grand Prix,Q,RIC,4.0,10.0,clear_violation,285.0,12.0,120.95636192025302,100.0,0.1959459459459459,145,740
2024,Monaco Grand Prix,Q,RIC,9.0,10.0,clear_violation,280.0,47.0,110.43402903995704,100.0,0.147914032869785,117,791
2024,Monaco Grand Prix,Q,RIC,15.0,10.0,clear_violation,280.0,48.0,125.136517341061,100.0,0.1305555555555555,94,720
2024,Monaco Grand Prix,Q,RIC,16.0,10.0,clear_violation,272.4,30.0,109.67487627226744,100.0,0.1416666666666666,119,840
2024,Monaco Grand Prix,Q,STR,9.0,10.0,clear_violation,278.2581448407988,24.0,105.8519025062645,100.0,0.1860189573459715,157,844
2024,Monaco Grand Prix,Q,HUL,8.0,10.0,clear_violation,278.6749984,39.0,116.56640208150688,100.0,0.1822985468956406,138,757
2024,Monaco Grand Prix,Q,HUL,13.0,10.0,clear_violation,279.0,36.0,123.71769934650486,100.0,0.2210095497953615,162,733
2024,Monaco Grand Prix,Q,PER,1.0,10.0,clear_violation,273.0,21.0,110.57524250770282,100.0,0.2056650246305418,167,812
2024,Monaco Grand Prix,Q,PER,10.0,10.0,clear_violation,281.0,33.0,114.14594868929952,100.0,0.2032622333751568,162,797
2024,Monaco Grand Prix,Q,ZHO,3.0,1.0,clear_violation,277.0,17.0,110.86853023878278,100.0,0.3390452876376989,277,817
2024,Monaco Grand Prix,R,NOR,78.0,10.0,clear_violation,290.0,40.0,152.34840597513522,100.0,0.3083475298126065,181,587
2024,Monaco Grand Prix,R,HAM,58.0,10.0,clear_violation,287.0,43.0,153.03618528430624,100.0,0.3003412969283277,176,586
2024,Monaco Grand Prix,R,ALO,52.0,10.0,clear_violation,280.0,43.0,142.26858628985389,100.0,0.2857142857142857,188,658
2024,Monaco Grand Prix,R,BOT,19.0,10.0,clear_violation,286.0,46.0,152.64992975464972,100.0,0.341421143847487,197,577
2024,Monaco Grand Prix,R,STR,48.0,16.0,clear_violation,282.0,0.0,107.3475544504343,100.0,0.2567726737338044,218,849
2024,Qatar Grand Prix,Q,NOR,8.0,6.0,clear_violation,316.0,100.0,238.75041425265627,100.0,0.1030110935023771,65,631
2024,Qatar Grand Prix,Q,ALB,2.0,6.0,clear_violation,318.0,98.0,234.3949949610023,100.0,0.1544461778471139,99,641
2024,Qatar Grand Prix,Q,ALO,15.0,10.0,clear_violation,321.0,99.0,237.79848965154557,100.0,0.1419457735247209,89,627
2024,Qatar Grand Prix,Q,MAG,2.0,1.0,clear_violation,318.0,100.0,232.92017440704987,100.0,0.135670731707317,89,656
2024,Qatar Grand Prix,Q,COL,2.0,6.0,clear_violation,315.0,98.0,233.4408309251784,100.0,0.1503164556962025,95,632
2024,Qatar Grand Prix,R,GAS,11.0,7.0,clear_violation,332.0,92.0,218.3051202009557,100.0,0.1787296898079763,121,677
2024,Qatar Grand Prix,R,GAS,39.0,14.0,clear_violation,286.0,37.0,138.5947925112108,100.0,0.3050373134328358,327,1072
2024,Qatar Grand Prix,R,GAS,44.0,16.0,clear_violation,306.0,96.0,227.42202826379767,100.0,0.1336336336336336,89,666
2024,Qatar Grand Prix,R,GAS,45.0,16.0,clear_violation,307.0,96.0,229.19469225830173,100.0,0.1419656786271451,91,641
2024,Qatar Grand Prix,R,ALO,5.0,13.0,clear_violation,305.0,84.0,209.66867926528943,100.0,0.1988636363636363,140,704
2024,Qatar Grand Prix,R,ALO,40.0,6.0,clear_violation,306.0,65.0,173.9873469043507,100.0,0.3091787439613526,256,828
2024,Qatar Grand Prix,R,MAG,10.0,1.0,clear_violation,331.0,94.0,220.62140898880645,100.0,0.1782032400589101,121,679
2024,Qatar Grand Prix,R,MAG,46.0,1.0,clear_violation,333.0,88.0,227.18216154096544,100.0,0.1526717557251908,100,655
2024,Qatar Grand Prix,R,LAW,43.0,6.0,clear_violation,309.0,89.0,216.38199510330972,100.0,0.1889055472263868,126,667
2024,Qatar Grand Prix,R,LAW,51.0,16.0,clear_violation,303.0,94.0,219.6810315504848,100.0,0.1530758226037196,107,699
2024,Qatar Grand Prix,R,LAW,52.0,16.0,clear_violation,305.0,93.0,220.2547313150858,100.0,0.1445966514459665,95,657
2024,Qatar Grand Prix,R,NOR,55.0,1.0,clear_violation,303.0,100.0,232.35503384383253,100.0,0.1228346456692913,78,635
2024,Qatar Grand Prix,R,NOR,57.0,4.0,clear_violation,305.0,95.0,234.02107872348816,100.0,0.1240063593004769,78,629
2024,Qatar Grand Prix,R,HAM,33.0,7.0,clear_violation,308.0,94.0,225.8010822457178,100.0,0.1393568147013782,91,653
2024,Qatar Grand Prix,R,BOT,52.0,1.0,clear_violation,328.0,88.0,222.3763416684188,100.0,0.209480122324159,137,654
2024,Qatar Grand Prix,R,PIA,16.0,16.0,clear_violation,325.0,91.0,224.52840376506944,100.0,0.1334355828220859,87,652
2024,Qatar Grand Prix,R,PIA,17.0,16.0,clear_violation,323.0,94.0,224.5997626036386,99.0,0.1189759036144578,79,664
2024,Qatar Grand Prix,R,PIA,48.0,6.0,clear_violation,306.0,94.0,232.04162303036395,99.0,0.1136,71,625
2024,Qatar Grand Prix,S,PIA,18.0,7.0,clear_violation,301.0,93.0,229.54905924359815,100.0,0.1212121212121212,80,660
2024,Qatar Grand Prix,S,MAG,5.0,7.0,clear_violation,330.0,98.0,225.48043085143885,100.0,0.1338461538461538,87,650
2024,Qatar Grand Prix,SQ,MAG,10.0,6.0,clear_violation,323.0,104.0,234.5434243293351,100.0,0.1302325581395348,84,645
2024,Qatar Grand Prix,SQ,LAW,2.0,5.0,clear_violation,321.0,99.0,230.0914415541889,100.0,0.1417682926829268,93,656
2024,Qatar Grand Prix,SQ,LAW,19.0,6.0,clear_violation,321.0,101.0,235.34427709538215,100.0,0.1264367816091954,77,609
2024,Qatar Grand Prix,SQ,PIA,8.0,2.0,clear_violation,320.0,98.0,236.74821563346043,99.0,0.1210191082802547,76,628
2024,Qatar Grand Prix,SQ,PIA,15.0,6.0,clear_violation,320.0,102.0,239.28113609765683,100.0,0.1362126245847176,82,602
2024,Saudi Arabian Grand Prix,FP3,VER,2.0,9.0,no_advantage,332.0,86.0,245.0170978962974,100.0,0.1343065693430657,92,685
2024,Saudi Arabian Grand Prix,FP3,MAG,3.0,14.0,no_advantage,311.0,32.0,124.992828438051,100.0,0.0949177877428998,127,1338
2024,Saudi Arabian Grand Prix,Q,MAG,3.0,8.0,clear_violation,320.0,66.0,189.34020002909855,100.0,0.1860465116279069,168,903
2024,Saudi Arabian Grand Prix,R,VER,29.0,23.0,clear_violation,311.0,84.0,236.07258297552767,100.0,0.1213389121338912,87,717
2024,Saudi Arabian Grand Prix,R,MAG,10.0,4.0,clear_violation,317.0,74.0,221.89960294809396,100.0,0.2093333333333333,157,750
2024,Saudi Arabian Grand Prix,R,MAG,16.0,23.0,clear_violation,328.0,77.0,228.28855064802244,100.0,0.1797603195739014,135,751
2024,Saudi Arabian Grand Prix,R,MAG,17.0,5.0,clear_violation,327.0,79.0,228.86366958886688,100.0,0.1516778523489932,113,745
2024,Saudi Arabian Grand Prix,R,MAG,48.0,4.0,clear_violation,313.0,74.0,236.08431636308853,100.0,0.125173852573018,90,719
2024,Saudi Arabian Grand Prix,R,TSU,29.0,2.0,clear_violation,337.0,76.0,225.51571249382957,100.0,0.174863387978142,128,732
2024,Saudi Arabian Grand Prix,R,ALB,10.0,4.0,clear_violation,323.0,65.0,220.36112284955115,100.0,0.1981505944517833,150,757
2024,Saudi Arabian Grand Prix,R,ALB,22.0,2.0,clear_violation,325.0,64.0,228.9696152831143,100.0,0.1595744680851064,120,752
2024,Saudi Arabian Grand Prix,R,ALB,35.0,2.0,clear_violation,322.0,68.0,230.86964270473263,100.0,0.162534435261708,118,726
2024,Saudi Arabian Grand Prix,R,HUL,2.0,2.0,clear_violation,327.0,60.0,224.8170740089784,100.0,0.1962864721485411,148,754
2024,Saudi Arabian Grand Prix,R,RIC,41.0,4.0,clear_violation,318.0,84.0,230.87381278334547,100.0,0.1307371349095966,94,719
2024,Saudi Arabian Grand Prix,R,NOR,18.0,23.0,clear_violation,311.0,85.0,228.0963550885508,99.0,0.1478968792401628,109,737
2024,Saudi Arabian Grand Prix,R,RUS,48.0,2.0,clear_violation,321.0,82.0,235.5355224520472,100.0,0.1470180305131761,106,721
2024,Saudi Arabian Grand Prix,R,BOT,23.0,,clear_violation,313.0,74.0,227.8716344397312,100.0,0.1585365853658536,117,738
2024,Saudi Arabian Grand Prix,R,PIA,17.0,2.0,clear_violation,332.0,73.0,230.84764755738,99.0,0.1552197802197802,113,728
2024,Saudi Arabian Grand Prix,R,PIA,35.0,2.0,clear_violation,333.0,70.0,230.9425321302172,99.0,0.1246498599439775,89,714
2024,Singapore Grand Prix,Q,VER,8.0,19.0,clear_violation,315.0,68.0,195.9725578042709,100.0,0.1985401459854014,136,685
2024,Singapore Grand Prix,Q,LEC,18.0,2.0,clear_violation,314.0,69.0,195.3024311606567,100.0,0.2127351664254703,147,691
2024,Singapore Grand Prix,Q,SAI,2.0,2.0,clear_violation,306.0,54.0,142.40712419431503,100.0,0.2458158995815899,235,956
2024,Singapore Grand Prix,R,RUS,35.0,17.0,clear_violation,311.0,59.0,176.65693748304278,100.0,0.2431372549019607,186,765
2024,Singapore Grand Prix,R,RUS,60.0,19.0,clear_violation,290.0,56.0,180.16688819737757,100.0,0.2289156626506024,171,747
2024,Singapore Grand Prix,R,LEC,35.0,2.0,clear_violation,294.0,57.0,177.35430141575569,100.0,0.2490221642764015,191,767
2024,Singapore Grand Prix,R,LEC,62.0,2.0,clear_violation,319.0,56.0,177.2277344873422,100.0,0.2757697456492637,206,747
2024,Singapore Grand Prix,R,HAM,25.0,17.0,clear_violation,311.0,64.0,175.5790597585121,100.0,0.2765399737876802,211,763
2024,Singapore Grand Prix,R,ALO,42.0,7.0,clear_violation,296.0,60.0,175.98823431710048,100.0,0.2572944297082228,194,754
2024,Singapore Grand Prix,R,HUL,30.0,7.0,clear_violation,321.0,0.0,144.8005586270602,100.0,0.2725321888412017,254,932
2024,Singapore Grand Prix,R,PER,45.0,2.0,clear_violation,310.0,57.0,179.81369552230484,100.0,0.2700534759358289,202,748
2024,Singapore Grand Prix,R,PER,47.0,2.0,clear_violation,309.0,62.0,180.1775357549297,100.0,0.2711864406779661,208,767
2024,Singapore Grand Prix,R,COL,30.0,17.0,clear_violation,309.0,0.0,143.1616244833562,100.0,0.2773019271948608,259,934
2024,Singapore Grand Prix,R,COL,31.0,2.0,clear_violation,313.0,62.0,174.10620363316525,100.0,0.2966442953020134,221,745
2024,Singapore Grand Prix,R,TSU,61.0,2.0,clear_violation,293.0,64.0,176.61280924732674,100.0,0.2353741496598639,173,735
2024,Singapore Grand Prix,R,GAS,9.0,2.0,clear_violation,290.0,60.0,174.01996293505448,100.0,0.2496732026143791,191,765
2024,Singapore Grand Prix,R,MAG,51.0,2.0,clear_violation,301.0,65.0,185.06056986998897,100.0,0.2551159618008186,187,733
2024,Spanish Grand Prix,Q,PIA,13.0,10.0,clear_violation,322.0,109.0,231.78712466964384,100.0,0.1373239436619718,78,568
2024,Spanish Grand Prix,R,NOR,66.0,14.0,clear_violation,312.0,93.0,210.9855164076907,100.0,0.1786885245901639,109,610
2024,Spanish Grand Prix,R,HAM,21.0,5.0,clear_violation,307.0,96.0,208.7826906507225,100.0,0.1782820097244732,110,617
2024,Spanish Grand Prix,R,HAM,26.0,5.0,clear_violation,310.0,94.0,209.0881160740196,100.0,0.1734197730956239,107,617
2024,Spanish Grand Prix,R,HAM,28.0,5.0,clear_violation,308.0,95.0,207.6667838331792,100.0,0.19,114,600
2024,Spanish Grand Prix,R,SAI,3.0,2.0,clear_violation,337.0,92.0,208.626373838594,100.0,0.1955017301038062,113,578
2024,Spanish Grand Prix,R,SAI,19.0,2.0,clear_violation,309.0,91.0,204.87466743283983,100.0,0.2101806239737274,128,609
2024,Spanish Grand Prix,R,ALO,10.0,12.0,clear_violation,324.0,92.0,201.12512326507036,99.0,0.2047619047619047,129,630
2024,Spanish Grand Prix,R,RIC,31.0,9.0,clear_violation,307.0,93.0,203.76948608302385,100.0,0.1642036124794745,100,609
2024,Spanish Grand Prix,R,ALB,42.0,14.0,clear_violation,303.0,92.0,197.93179496493923,100.0,0.1894409937888198,122,644
2024,Spanish Grand Prix,R,ALB,58.0,4.0,clear_violation,309.0,35.0,185.82096187597844,100.0,0.2031930333817126,140,689
2024,Spanish Grand Prix,R,TSU,7.0,2.0,clear_violation,329.0,88.0,199.45761131677264,100.0,0.2112,132,625
2024,Spanish Grand Prix,R,TSU,12.0,2.0,clear_violation,331.0,91.0,202.68342811527268,100.0,0.1996830427892234,126,631
2024,Spanish Grand Prix,R,SAR,3.0,13.0,clear_violation,330.0,92.0,201.9823991363306,100.0,0.1830282861896838,110,601
2024,Spanish Grand Prix,R,SAR,46.0,9.0,clear_violation,302.0,94.0,204.29066053338656,100.0,0.1857835218093699,115,619
2024,São Paulo Grand Prix,Q,NOR,4.0,2.0,clear_violation,300.13778630992687,54.0,142.8898062972923,100.0,0.2356608478802992,189,802
2024,São Paulo Grand Prix,Q,RUS,7.0,2.0,clear_violation,303.0,54.0,154.50226430923638,100.0,0.1918528252299605,146,761
2024,São Paulo Grand Prix,Q,RUS,19.0,2.0,clear_violation,310.0,65.0,169.4509994052143,100.0,0.2356321839080459,164,696
2024,São Paulo Grand Prix,Q,RUS,25.0,4.0,clear_violation,308.0,66.0,173.97723964521947,100.0,0.2015267175572519,132,655
2024,São Paulo Grand Prix,Q,ALB,5.0,2.0,clear_violation,307.21250048,65.0,166.2118650064921,100.0,0.2410329985652797,168,697
2024,São Paulo Grand Prix,Q,ALB,10.0,2.0,clear_violation,306.0,49.0,136.29414873505692,100.0,0.2476415094339622,210,848
2024,São Paulo Grand Prix,Q,ALB,23.0,4.0,clear_violation,310.2583328,43.0,157.53768256797582,100.0,0.2690217391304347,198,736
2024,São Paulo Grand Prix,Q,LEC,4.0,4.0,clear_violation,303.85,57.0,156.8820141517676,100.0,0.1986486486486486,147,740
2024,São Paulo Grand Prix,Q,SAI,7.0,2.0,clear_violation,300.0,52.0,157.76315999927976,100.0,0.2579365079365079,195,756
2024,São Paulo Grand Prix,Q,HUL,9.0,12.0,clear_violation,302.0,41.0,155.42806798236128,100.0,0.2090545938748335,157,751
2024,São Paulo Grand Prix,Q,ALO,4.0,2.0,clear_violation,301.0,58.0,158.45716074515863,100.0,0.20109439124487,147,731
2024,São Paulo Grand Prix,Q,TSU,4.0,2.0,clear_violation,301.1880878875012,28.0,148.824090826879,100.0,0.26171875,201,768
2024,São Paulo Grand Prix,Q,TSU,14.0,4.0,clear_violation,300.0,63.0,158.1367881724003,100.0,0.2209944751381215,160,724
2024,São Paulo Grand Prix,Q,BOT,4.0,4.0,clear_violation,297.0,62.0,156.2664345434036,100.0,0.2503328894806924,188,751
2024,São Paulo Grand Prix,Q,HAM,4.0,2.0,clear_violation,307.0,58.0,156.8491672923378,100.0,0.2351351351351351,174,740
2024,São Paulo Grand Prix,Q,HAM,9.0,4.0,clear_violation,306.0,69.0,164.602561115313,100.0,0.229901269393512,163,709
2024,São Paulo Grand Prix,Q,STR,2.0,12.0,clear_violation,296.0,36.0,156.29668068285383,100.0,0.2530612244897959,186,735
2024,São Paulo Grand Prix,Q,STR,3.0,4.0,clear_violation,302.0,40.0,158.78208824241142,100.0,0.2386831275720164,174,729
2024,São Paulo Grand Prix,Q,OCO,15.0,4.0,clear_violation,299.0,64.0,168.9930334442461,100.0,0.2435158501440922,169,694
2024,São Paulo Grand Prix,Q,PER,17.0,4.0,clear_violation,308.0,55.0,163.86829627307196,100.0,0.2171507607192254,157,723
2024,São Paulo Grand Prix,R,ALO,16.0,2.0,clear_violation,308.0,67.0,171.36129632264652,100.0,0.2429629629629629,164,675
2024,São Paulo Grand Prix,R,ALO,43.0,12.0,clear_violation,297.0,1.0,142.79472350248184,100.0,0.2479815455594002,215,867
2024,São Paulo Grand Prix,R,ALO,60.0,2.0,clear_violation,308.0,68.0,182.202213477845,99.0,0.2222222222222222,144,648
2024,São Paulo Grand Prix,R,LEC,34.0,8.0,clear_violation,295.7812512,55.0,158.2764926669513,100.0,0.2282608695652173,168,736
2024,São Paulo Grand Prix,R,LEC,46.0,4.0,clear_violation,307.0,68.0,175.85904456405495,100.0,0.2222222222222222,148,666
2024,São Paulo Grand Prix,R,ZHO,5.0,4.0,clear_violation,305.0,65.0,171.5197831928399,100.0,0.3002915451895043,206,686
2024,São Paulo Grand Prix,R,LAW,26.0,2.0,clear_violation,310.06388906666666,0.0,165.16591409915569,100.0,0.2665726375176304,189,709
2024,São Paulo Grand Prix,R,LAW,29.0,5.0,clear_violation,279.1892864,0.0,121.23357611578514,100.0,0.2606837606837607,244,936
2024,São Paulo Grand Prix,R,NOR,34.0,4.0,clear_violation,295.0,66.0,157.6584871328784,100.0,0.2472826086956521,182,736
2024,São Paulo Grand Prix,R,NOR,43.0,2.0,clear_violation,308.0,69.0,170.3174126541357,100.0,0.2564841498559078,178,694
2024,São Paulo Grand Prix,R,COL,6.0,2.0,clear_violation,313.0,64.0,176.0785174771357,100.0,0.2746913580246913,178,648
2024,São Paulo Grand Prix,R,COL,14.0,2.0,clear_violation,313.0,67.0,181.17679849538445,100.0,0.2585669781931464,166,642
2024,São Paulo Grand Prix,R,COL,18.0,2.0,clear_violation,313.0,65.0,180.90232160993827,100.0,0.2386895475819032,153,641
2024,São Paulo Grand Prix,R,COL,23.0,4.0,clear_violation,312.42812480000003,65.0,172.3420370368351,100.0,0.2565687789799072,166,647
2024,São Paulo Grand Prix,R,HAM,11.0,12.0,clear_violation,315.0,41.0,167.94113027586158,100.0,0.2418207681365576,170,703
2024,São Paulo Grand Prix,R,HAM,19.0,2.0,clear_violation,316.1527779555556,67.0,177.2409139685786,100.0,0.2537764350453172,168,662
2024,São Paulo Grand Prix,R,BEA,36.0,7.0,clear_violation,308.0,0.0,140.20182233304675,100.0,0.2721822541966426,227,834
2024,São Paulo Grand Prix,R,BEA,37.0,12.0,clear_violation,306.0,38.0,169.95125825243477,100.0,0.2373371924746743,164,691
2024,São Paulo Grand Prix,R,SAI,22.0,4.0,clear_violation,313.0,66.0,174.75722643443717,100.0,0.258160237388724,174,674
2024,São Paulo Grand Prix,R,RUS,31.0,2.0,clear_violation,192.0,65.0,121.58961017399048,65.0,0.1516095534787123,146,963
2024,São Paulo Grand Prix,R,PIA,51.0,12.0,clear_violation,315.0,54.0,178.2582041022791,100.0,0.22782874617737,149,654
2024,São Paulo Grand Prix,S,BEA,11.0,4.0,clear_violation,324.0,84.0,207.5870721694626,100.0,0.2188065099457504,121,553
2024,São Paulo Grand Prix,S,RUS,3.0,2.0,clear_violation,343.0,85.0,205.86102962944707,100.0,0.1917098445595854,111,579
2024,São Paulo Grand Prix,SQ,BEA,11.0,2.0,clear_violation,330.0,89.0,218.2856110389439,100.0,0.2177121771217712,118,542
2024,São Paulo Grand Prix,SQ,COL,2.0,4.0,clear_violation,331.0,77.0,207.33272772761043,100.0,0.2128801431127012,119,559
2024,United States Grand Prix,Q,LEC,2.0,9.0,clear_violation,331.0,74.0,207.54121893161897,100.0,0.1816939890710382,133,732
2024,United States Grand Prix,Q,GAS,2.0,12.0,clear_violation,330.0,80.0,207.01967920640536,100.0,0.2083897158322057,154,739
2024,United States Grand Prix,Q,GAS,8.0,19.0,clear_violation,332.0,81.0,208.7390451518557,100.0,0.1549295774647887,110,710
2024,United States Grand Prix,Q,PER,14.0,9.0,clear_violation,329.0,81.0,210.0926707054612,100.0,0.1795580110497237,130,724
2024,United States Grand Prix,Q,TSU,4.0,12.0,clear_violation,331.0,78.0,210.58085271346292,100.0,0.1815680880330124,132,727
2024,United States Grand Prix,Q,OCO,8.0,9.0,clear_violation,330.0,80.0,209.3374757873751,100.0,0.2315340909090909,163,704
2024,United States Grand Prix,Q,ZHO,5.0,12.0,clear_violation,330.0,79.0,207.2680943575346,100.0,0.1820652173913043,134,736
2024,United States Grand Prix,R,VER,52.0,12.0,clear_violation,308.0,61.0,193.0572783463692,100.0,0.2100515463917525,163,776
2024,United States Grand Prix,R,VER,56.0,12.0,clear_violation,309.0,74.0,198.24227561417345,100.0,0.2090545938748335,157,751
2024,United States Grand Prix,R,GAS,6.0,20.0,clear_violation,312.0,75.0,190.85262990247048,100.0,0.1864623243933588,146,783
2024,United States Grand Prix,R,GAS,27.0,12.0,clear_violation,333.0,74.0,189.1150863236671,100.0,0.2108585858585858,167,792
2024,United States Grand Prix,R,ALO,11.0,19.0,clear_violation,305.0,67.0,189.4652183255386,99.0,0.2172284644194756,174,801
2024,United States Grand Prix,R,ALO,39.0,12.0,clear_violation,311.0,74.0,195.47065560897516,99.0,0.1925545571245186,150,779
2024,United States Grand Prix,R,STR,2.0,19.0,clear_violation,330.0,73.0,190.61004429920703,100.0,0.2030264817150063,161,793
2024,United States Grand Prix,R,STR,6.0,11.0,clear_violation,316.0,55.0,183.3156290811824,100.0,0.2343558282208589,191,815
2024,United States Grand Prix,R,STR,15.0,19.0,clear_violation,307.0,69.0,189.3231290307209,100.0,0.2189873417721519,173,790
2024,United States Grand Prix,R,MAG,21.0,12.0,clear_violation,338.0,65.0,194.29113775462184,100.0,0.2223634053367217,175,787
2024,United States Grand Prix,R,MAG,40.0,12.0,clear_violation,338.0,57.0,196.7699942280572,100.0,0.2010512483574244,153,761
2024,United States Grand Prix,R,TSU,41.0,1.0,clear_violation,312.0,0.0,173.1092717926799,100.0,0.2055865921787709,184,895
2024,United States Grand Prix,R,TSU,52.0,20.0,clear_violation,310.0,69.0,196.48235969207917,100.0,0.1830065359477124,140,765
2024,United States Grand Prix,R,TSU,53.0,20.0,clear_violation,313.0,68.0,193.46745573283764,100.0,0.182175622542595,139,763
2024,United States Grand Prix,R,ALB,14.0,12.0,clear_violation,308.0,71.0,190.37122262129665,100.0,0.2126582278481012,168,790
2024,United States Grand Prix,R,ALB,28.0,12.0,clear_violation,307.0,72.0,190.45778538365573,100.0,0.22125,177,800
2024,United States Grand Prix,R,ALB,44.0,11.0,clear_violation,311.0,73.0,193.0918814575516,100.0,0.2115384615384615,165,780
2024,United States Grand Prix,R,ZHO,13.0,12.0,clear_violation,307.0,65.0,189.30497772122132,100.0,0.2307692307692307,177,767
2024,United States Grand Prix,R,ZHO,19.0,12.0,clear_violation,306.0,75.0,192.6892275330962,100.0,0.2178343949044586,171,785
2024,United States Grand Prix,R,HUL,17.0,19.0,clear_violation,309.0,73.0,193.3682379142256,100.0,0.2215189873417721,175,790
2024,United States Grand Prix,R,HUL,18.0,16.0,clear_violation,328.0,72.0,190.9198343017777,100.0,0.2509505703422053,198,789
2024,United States Grand Prix,R,HUL,40.0,9.0,clear_violation,310.0,73.0,197.37722437596403,100.0,0.2020997375328084,154,762
2024,United States Grand Prix,R,LAW,2.0,12.0,clear_violation,338.0,72.0,189.7784778323914,100.0,0.2295081967213114,182,793
2024,United States Grand Prix,R,NOR,27.0,12.0,clear_violation,307.0,74.0,196.2503816165333,100.0,0.1870026525198939,141,754
2024,United States Grand Prix,R,NOR,31.0,12.0,clear_violation,305.0,73.0,189.8554064635616,100.0,0.2119289340101522,167,788
2024,United States Grand Prix,R,NOR,51.0,20.0,clear_violation,332.0,69.0,198.38431020325575,100.0,0.2089356110381077,159,761
2024,United States Grand Prix,R,NOR,52.0,20.0,clear_violation,329.0,71.0,195.00344469387792,100.0,0.2210663198959687,170,769
2024,United States Grand Prix,R,COL,6.0,20.0,clear_violation,313.0,69.0,188.83709713428436,100.0,0.2681067344345616,211,787
2024,United States Grand Prix,R,COL,7.0,20.0,clear_violation,337.0,73.0,191.28358050694317,100.0,0.2265415549597855,169,746
2024,United States Grand Prix,R,COL,14.0,9.0,clear_violation,313.0,65.0,189.7388724796594,100.0,0.2408575031525851,191,793
2024,United States Grand Prix,R,COL,41.0,1.0,clear_violation,310.0,64.0,196.105709977718,100.0,0.2134688691232528,168,787
2024,United States Grand Prix,R,RUS,16.0,11.0,clear_violation,332.0,72.0,192.6767464110081,100.0,0.2148337595907928,168,782
2024,United States Grand Prix,R,RUS,40.0,12.0,clear_violation,315.0,74.0,193.6694224400716,100.0,0.191958495460441,148,771
2024,United States Grand Prix,R,RUS,53.0,13.0,clear_violation,337.0,71.0,197.4768569126627,100.0,0.1935064935064935,149,770
2024,United States Grand Prix,R,BOT,13.0,12.0,clear_violation,332.0,66.0,191.6242231782277,100.0,0.2693298969072165,209,776
2024,United States Grand Prix,R,BOT,15.0,9.0,clear_violation,310.0,56.0,185.4221685759601,100.0,0.3472222222222222,275,792
2024,United States Grand Prix,R,PIA,14.0,9.0,clear_violation,305.0,72.0,195.5349423893944,100.0,0.1866151866151866,145,777
2024,United States Grand Prix,R,PIA,39.0,12.0,clear_violation,310.0,75.0,200.63427281273505,100.0,0.1894329896907216,147,776
2024,United States Grand Prix,R,PIA,43.0,19.0,clear_violation,309.0,76.0,200.20907472218735,100.0,0.1788511749347258,137,766
2024,United States Grand Prix,S,RUS,3.0,9.0,clear_violation,336.0,72.0,197.4172678121979,100.0,0.1882510013351135,141,749
2024,United States Grand Prix,S,LEC,14.0,20.0,clear_violation,314.0,62.0,198.78293626940757,100.0,0.2115637319316688,161,761
2024,United States Grand Prix,S,LEC,15.0,20.0,clear_violation,327.0,73.0,199.061683548256,100.0,0.2116689280868385,156,737
2024,United States Grand Prix,S,NOR,14.0,12.0,clear_violation,309.0,73.0,198.5037284245509,100.0,0.1934210526315789,147,760
2024,United States Grand Prix,S,NOR,19.0,12.0,clear_violation,331.0,59.0,196.54328920596492,100.0,0.2037735849056604,162,795
2024,United States Grand Prix,S,SAI,13.0,20.0,clear_violation,312.0,73.0,200.4771625009365,100.0,0.2362204724409448,180,762
2024,United States Grand Prix,S,SAI,14.0,20.0,clear_violation,310.0,70.0,199.1321086963437,100.0,0.2216358839050131,168,758
2024,United States Grand Prix,S,HUL,2.0,12.0,clear_violation,351.0,58.0,194.526509543259,100.0,0.2178477690288714,166,762
2024,United States Grand Prix,S,HAM,9.0,12.0,clear_violation,312.0,69.0,194.79502567369192,100.0,0.2099871959026888,164,781
2024,United States Grand Prix,S,HAM,11.0,12.0,clear_violation,311.0,74.0,198.65098617488368,100.0,0.204485488126649,155,758
2024,United States Grand Prix,S,TSU,13.0,12.0,clear_violation,331.0,69.0,193.54098552484072,100.0,0.1908396946564885,150,786
2024,United States Grand Prix,S,TSU,16.0,1.0,clear_violation,330.0,69.0,195.4276141763656,100.0,0.1944809461235216,148,761
2024,United States Grand Prix,S,COL,2.0,12.0,clear_violation,336.0,70.0,193.8898715120445,100.0,0.2322834645669291,177,762
2024,United States Grand Prix,S,COL,10.0,12.0,clear_violation,332.0,72.0,194.5095941882298,100.0,0.224,168,750
2024,United States Grand Prix,S,PER,2.0,12.0,clear_violation,336.0,66.0,193.8334754348802,100.0,0.2047244094488189,156,762
2024,United States Grand Prix,S,PER,18.0,12.0,clear_violation,311.0,72.0,196.89510579358648,100.0,0.2099596231493943,156,743
2024,United States Grand Prix,S,GAS,4.0,12.0,clear_violation,336.0,73.0,193.6939795664152,100.0,0.202113606340819,153,757
2024,United States Grand Prix,S,GAS,10.0,19.0,clear_violation,311.0,72.0,196.0125215697279,100.0,0.1717305151915455,130,757
2024,United States Grand Prix,S,GAS,11.0,9.0,clear_violation,313.0,76.0,195.4087990419986,100.0,0.1705729166666666,131,768
2024,United States Grand Prix,S,GAS,13.0,9.0,clear_violation,314.0,73.0,194.8966756356189,100.0,0.1804320203303684,142,787
2024,United States Grand Prix,S,LAW,5.0,12.0,clear_violation,335.0,71.0,193.99012415220213,100.0,0.2420212765957446,182,752
2024,United States Grand Prix,S,LAW,10.0,20.0,clear_violation,312.0,73.0,194.744126050813,100.0,0.2179656538969616,165,757
2024,United States Grand Prix,S,LAW,11.0,20.0,clear_violation,313.0,72.0,194.85471993713824,100.0,0.2189119170984456,169,772
2024,United States Grand Prix,S,PIA,6.0,12.0,clear_violation,337.0,73.0,197.17382440735832,100.0,0.1863517060367454,142,762
2024,United States Grand Prix,S,PIA,13.0,20.0,clear_violation,342.0,60.0,193.531010659186,100.0,0.1956521739130435,153,782
2024,United States Grand Prix,S,PIA,14.0,20.0,clear_violation,331.0,73.0,191.5470369658265,100.0,0.178988326848249,138,771
2024,United States Grand Prix,S,ALB,18.0,12.0,clear_violation,339.0,71.0,194.42996359269463,100.0,0.2387862796833773,181,758
2024,United States Grand Prix,SQ,PIA,5.0,19.0,clear_violation,324.0,75.0,206.05711080145625,100.0,0.1830790568654646,132,721
2024,United States Grand Prix,SQ,ALO,5.0,19.0,clear_violation,330.0,71.0,207.6950028292769,100.0,0.1799450549450549,131,728
2024,United States Grand Prix,SQ,ALO,8.0,19.0,clear_violation,329.0,76.0,206.39194960357085,100.0,0.1801152737752161,125,694
2024,United States Grand Prix,SQ,LAW,8.0,1.0,clear_violation,328.0,82.0,208.32810008832504,100.0,0.1875,129,688
2024,United States Grand Prix,SQ,STR,8.0,19.0,clear_violation,326.0,73.0,208.1465542554868,100.0,0.1853448275862069,129,696
2024,United States Grand Prix,SQ,PER,2.0,9.0,clear_violation,329.0,77.0,207.32875201445916,100.0,0.185595567867036,134,722
2024,United States Grand Prix,SQ,ZHO,5.0,19.0,clear_violation,326.0,73.0,205.5333112314083,100.0,0.2043895747599451,149,729
2025,Abu Dhabi Grand Prix,Q,STR,2.0,16.0,clear_violation,327.0,70.0,225.9001598618341,99.0,0.1245954692556634,77,618
2025,Abu Dhabi Grand Prix,Q,STR,3.0,16.0,clear_violation,280.0,56.0,156.27345967044488,99.0,0.1700680272108843,150,882
2025,Abu Dhabi Grand Prix,Q,GAS,5.0,1.0,clear_violation,328.0,68.0,225.4863895589362,100.0,0.1399046104928457,88,629
2025,Abu Dhabi Grand Prix,Q,COL,2.0,1.0,clear_violation,327.0,67.0,223.8278973295044,100.0,0.1578947368421052,99,627
2025,Abu Dhabi Grand Prix,Q,COL,5.0,1.0,clear_violation,329.0,67.0,225.8421197453243,100.0,0.1428571428571428,90,630
2025,Abu Dhabi Grand Prix,Q,TSU,16.0,1.0,clear_violation,330.0,65.0,226.78424801297072,100.0,0.1228346456692913,78,635
2025,Abu Dhabi Grand Prix,R,VER,45.0,1.0,clear_violation,311.0,59.0,213.54898602193015,100.0,0.1471025260029717,99,673
2025,Abu Dhabi Grand Prix,R,VER,51.0,1.0,clear_violation,310.0,59.0,215.3285276890485,100.0,0.1483253588516746,93,627
2025,Abu Dhabi Grand Prix,R,PIA,30.0,1.0,clear_violation,311.0,59.0,210.51020302698996,100.0,0.1609538002980625,108,671
2025,Abu Dhabi Grand Prix,R,LEC,9.0,1.0,clear_violation,314.0,63.0,208.9394313456196,100.0,0.1686390532544378,114,676
2025,Abu Dhabi Grand Prix,R,LEC,52.0,6.0,clear_violation,312.0,66.0,216.158377386182,100.0,0.1554878048780487,102,656
2025,Abu Dhabi Grand Prix,R,OCO,42.0,1.0,clear_violation,324.0,62.0,211.15326673732383,100.0,0.2078907435508346,137,659
2025,Abu Dhabi Grand Prix,R,OCO,44.0,1.0,clear_violation,310.0,63.0,211.17820712673705,100.0,0.2142857142857142,144,672
2025,Abu Dhabi Grand Prix,R,HAM,5.0,1.0,clear_violation,335.0,60.0,206.42636861659932,100.0,0.2108345534407028,144,683
2025,Abu Dhabi Grand Prix,R,HAM,25.0,1.0,clear_violation,307.0,63.0,209.3837685031724,100.0,0.1962209302325581,135,688
2025,Abu Dhabi Grand Prix,R,HAM,27.0,1.0,clear_violation,309.0,63.0,209.58448449222348,100.0,0.1966966966966967,131,666
2025,Abu Dhabi Grand Prix,R,HUL,4.0,1.0,clear_violation,335.0,62.0,206.8741104358105,100.0,0.1760355029585799,119,676
2025,Abu Dhabi Grand Prix,R,HUL,22.0,1.0,clear_violation,334.0,61.0,208.3713787938874,100.0,0.1761280931586608,121,687
2025,Abu Dhabi Grand Prix,R,HUL,29.0,1.0,clear_violation,335.0,57.0,208.22674256619223,100.0,0.1741007194244604,121,695
2025,Abu Dhabi Grand Prix,R,STR,28.0,1.0,clear_violation,308.0,56.0,208.64754917538767,99.0,0.1739130434782608,116,667
2025,Abu Dhabi Grand Prix,R,BOR,39.0,1.0,clear_violation,334.0,56.0,208.92229377991063,100.0,0.1820895522388059,122,670
2025,Abu Dhabi Grand Prix,R,BOR,46.0,1.0,clear_violation,314.0,56.0,211.4158544774588,100.0,0.175595238095238,118,672
2025,Abu Dhabi Grand Prix,R,BEA,11.0,1.0,clear_violation,329.0,56.0,205.06103092686155,100.0,0.2045779685264663,143,699
2025,Abu Dhabi Grand Prix,R,SAI,14.0,1.0,clear_violation,332.0,57.0,205.6472539679941,100.0,0.2043478260869565,141,690
2025,Abu Dhabi Grand Prix,R,TSU,8.0,1.0,clear_violation,336.0,60.0,207.12484659940097,100.0,0.1991404011461318,139,698
2025,Abu Dhabi Grand Prix,R,TSU,9.0,1.0,clear_violation,336.0,61.0,207.6442504285456,100.0,0.1896296296296296,128,675
2025,Abu Dhabi Grand Prix,R,ANT,19.0,1.0,clear_violation,321.0,60.0,206.86816128715813,104.0,0.2818991097922849,190,674
2025,Abu Dhabi Grand Prix,R,ANT,25.0,1.0,clear_violation,327.0,56.0,211.7613276366756,104.0,0.2557803468208092,177,692
2025,Abu Dhabi Grand Prix,R,ANT,26.0,1.0,clear_violation,315.0,60.0,216.19915655968404,104.0,0.2373134328358209,159,670
2025,Abu Dhabi Grand Prix,R,ALB,17.0,1.0,clear_violation,317.0,60.0,205.98110845931603,100.0,0.1811487481590574,123,679
2025,Abu Dhabi Grand Prix,R,ALB,19.0,1.0,clear_violation,319.0,62.0,206.4963988873081,100.0,0.1766467065868263,118,668
2025,Abu Dhabi Grand Prix,R,ALB,53.0,1.0,clear_violation,336.0,53.0,209.76507400386728,100.0,0.1762048192771084,117,664
2025,Abu Dhabi Grand Prix,R,HAD,9.0,6.0,clear_violation,331.0,57.0,207.5451400953189,100.0,0.1952662721893491,132,676
2025,Abu Dhabi Grand Prix,R,HAD,23.0,6.0,clear_violation,313.0,56.0,208.6788049223353,100.0,0.1751824817518248,120,685
2025,Abu Dhabi Grand Prix,R,HAD,41.0,1.0,clear_violation,310.0,55.0,208.7020697680535,100.0,0.1697841726618705,118,695
2025,Abu Dhabi Grand Prix,R,LAW,4.0,1.0,clear_violation,337.0,63.0,208.7627201659367,100.0,0.1698670605612998,115,677
2025,Abu Dhabi Grand Prix,R,LAW,5.0,1.0,clear_violation,327.0,62.0,206.05899443056657,100.0,0.1620437956204379,111,685
2025,Abu Dhabi Grand Prix,R,LAW,21.0,7.0,clear_violation,324.0,47.0,196.5143203857553,100.0,0.2279005524861878,165,724
2025,Abu Dhabi Grand Prix,R,GAS,2.0,6.0,clear_violation,333.0,82.0,202.72345501978575,100.0,0.2037302725968436,142,697
2025,Abu Dhabi Grand Prix,R,GAS,11.0,1.0,clear_violation,307.0,60.0,206.852970489358,100.0,0.1583452211126961,111,701
2025,Abu Dhabi Grand Prix,R,GAS,24.0,4.0,clear_violation,307.0,63.0,208.40181258928104,100.0,0.2831594634873323,190,671
2025,Abu Dhabi Grand Prix,R,GAS,44.0,4.0,clear_violation,310.0,63.0,212.44168964258105,100.0,0.2020802377414561,136,673
2025,Abu Dhabi Grand Prix,R,COL,25.0,1.0,clear_violation,308.0,61.0,207.22370487535272,100.0,0.1612903225806451,110,682
2025,Abu Dhabi Grand Prix,R,COL,26.0,1.0,clear_violation,306.0,60.0,210.86210881195055,100.0,0.1505216095380029,101,671
2025,Abu Dhabi Grand Prix,R,COL,29.0,1.0,clear_violation,307.0,60.0,212.30748303185496,100.0,0.1569767441860465,108,688
2025,Australian Grand Prix,Q,NOR,16.0,4.0,clear_violation,328.0,94.0,248.97361092491803,100.0,0.1245674740484429,72,578
2025,Australian Grand Prix,Q,DOO,11.0,12.0,clear_violation,329.0,85.0,242.30672751620807,100.0,0.1225577264653641,69,563
2025,Australian Grand Prix,Q,HUL,4.0,9.0,clear_violation,314.48333368888893,10.0,146.94067253224708,100.0,0.1825641025641025,178,975
2025,Australian Grand Prix,Q,HUL,5.0,11.0,clear_violation,332.0,77.0,229.06536318132927,100.0,0.1700468018720748,109,641
2025,Australian Grand Prix,Q,OCO,8.0,4.0,clear_violation,323.0,94.0,244.2585103598305,100.0,0.1938250428816466,113,583
2025,Australian Grand Prix,R,GAS,54.0,1.0,clear_violation,305.0,71.0,198.49596511353656,100.0,0.2214285714285714,155,700
2025,Australian Grand Prix,R,ANT,16.0,4.0,clear_violation,307.0,0.0,193.24970635461693,100.0,0.1841059602649006,139,755
2025,Australian Grand Prix,R,TSU,45.0,12.0,clear_violation,313.0,44.0,198.5799698154266,100.0,0.2090545938748335,157,751
2025,Australian Grand Prix,R,LAW,28.0,6.0,clear_violation,303.0,76.0,206.4460764238106,100.0,0.1895043731778425,130,686
2025,Australian Grand Prix,R,NOR,44.0,12.0,clear_violation,306.0,0.0,179.0028154485546,100.0,0.2196969696969697,174,792
2025,Australian Grand Prix,R,PIA,32.0,6.0,clear_violation,317.0,77.0,211.79188333107376,100.0,0.1685878962536023,117,694
2025,Austrian Grand Prix,Q,GAS,20.0,10.0,clear_violation,323.0,0.0,207.67073081098772,100.0,0.1672661870503597,93,556
2025,Austrian Grand Prix,Q,COL,2.0,6.0,clear_violation,321.0,69.0,235.0618589643068,100.0,0.1746987951807229,87,498
2025,Austrian Grand Prix,R,NOR,14.0,10.0,clear_violation,301.0,64.0,218.68259899054144,100.0,0.1766848816029144,97,549
2025,Austrian Grand Prix,R,PIA,48.0,1.0,clear_violation,303.0,63.0,218.0380048707144,99.0,0.188539741219963,102,541
2025,Austrian Grand Prix,R,PIA,70.0,1.0,clear_violation,330.0,62.0,217.2231545427526,99.0,0.2199630314232902,119,541
2025,Austrian Grand Prix,R,LEC,17.0,1.0,clear_violation,302.0,65.0,216.2620063110677,100.0,0.1936685288640595,104,537
2025,Austrian Grand Prix,R,HAM,48.0,3.0,clear_violation,307.0,51.0,215.3777985138324,99.0,0.2303473491773309,126,547
2025,Austrian Grand Prix,R,ALO,29.0,1.0,clear_violation,310.0,63.0,211.18984871886087,100.0,0.2276867030965391,125,549
2025,Austrian Grand Prix,R,OCO,27.0,3.0,clear_violation,314.0,71.0,214.3687338412814,100.0,0.2688172043010752,150,558
2025,Austrian Grand Prix,R,BEA,4.0,3.0,clear_violation,309.0,70.0,212.0219184219713,100.0,0.2010771992818671,112,557
2025,Austrian Grand Prix,R,BEA,29.0,1.0,clear_violation,312.0,56.0,212.17564838847505,100.0,0.2242647058823529,122,544
2025,Austrian Grand Prix,R,STR,15.0,3.0,clear_violation,304.0,65.0,210.92617813461223,99.0,0.2054054054054054,114,555
2025,Austrian Grand Prix,R,COL,31.0,1.0,clear_violation,303.0,62.0,214.16786507672523,100.0,0.1958568738229755,104,531
2025,Azerbaijan Grand Prix,Q,ANT,4.0,16.0,clear_violation,337.0,75.0,207.11567353597133,104.0,0.2094508301404853,164,783
2025,Azerbaijan Grand Prix,Q,LEC,13.0,1.0,clear_violation,337.5603644182004,34.0,157.14916196766055,100.0,0.3016330451488953,314,1041
2025,Azerbaijan Grand Prix,R,ALO,7.0,16.0,clear_violation,332.0,68.0,196.3897849112014,100.0,0.231722428748451,187,807
2025,Bahrain Grand Prix,Q,ANT,16.0,11.0,clear_violation,317.0,66.0,211.69741839505556,100.0,0.1877729257641921,129,687
2025,Bahrain Grand Prix,Q,HAM,14.0,13.0,clear_violation,319.0,70.0,212.370042771528,100.0,0.2034883720930232,140,688
2025,Bahrain Grand Prix,Q,TSU,2.0,15.0,clear_violation,313.0,66.0,212.4867883668876,100.0,0.1732954545454545,122,704
2025,Bahrain Grand Prix,Q,HUL,8.0,11.0,clear_violation,327.0,66.0,210.8801773862132,100.0,0.212338593974175,148,697
2025,Bahrain Grand Prix,Q,STR,2.0,13.0,clear_violation,316.0,62.0,209.5432090324653,100.0,0.1956521739130435,135,690
2025,Bahrain Grand Prix,R,PIA,23.0,11.0,clear_violation,300.0,61.0,199.3952915408508,99.0,0.2093333333333333,157,750
2025,Bahrain Grand Prix,R,NOR,10.0,13.0,clear_violation,319.0,57.0,192.38503428224053,100.0,0.2454308093994778,188,766
2025,Bahrain Grand Prix,R,NOR,36.0,4.0,clear_violation,314.0,47.0,202.0216220099979,100.0,0.2066574202496532,149,721
2025,Bahrain Grand Prix,R,NOR,49.0,4.0,clear_violation,331.0,53.0,199.28194622161595,100.0,0.2383561643835616,174,730
2025,Bahrain Grand Prix,R,LEC,38.0,13.0,clear_violation,302.0,65.0,201.9772447614159,100.0,0.208,156,750
2025,Bahrain Grand Prix,R,HAM,42.0,4.0,clear_violation,308.0,66.0,199.5454557869018,100.0,0.2155525238744884,158,733
2025,Bahrain Grand Prix,R,VER,45.0,13.0,clear_violation,308.0,66.0,198.3749256046458,100.0,0.2225274725274725,162,728
2025,Bahrain Grand Prix,R,VER,48.0,13.0,clear_violation,309.0,58.0,196.58248514916772,100.0,0.2061281337047353,148,718
2025,Bahrain Grand Prix,R,VER,55.0,4.0,clear_violation,330.0,53.0,195.2103911171276,100.0,0.2264150943396226,168,742
2025,Bahrain Grand Prix,R,TSU,9.0,13.0,clear_violation,319.0,56.0,188.65950836607985,100.0,0.247011952191235,186,753
2025,Bahrain Grand Prix,R,TSU,50.0,13.0,clear_violation,307.0,60.0,197.55536025124084,100.0,0.2,146,730
2025,Bahrain Grand Prix,R,TSU,52.0,13.0,clear_violation,327.0,55.0,194.0584962905737,100.0,0.2069892473118279,154,744
2025,Bahrain Grand Prix,R,BEA,52.0,13.0,clear_violation,332.0,52.0,194.41363558040797,100.0,0.2201342281879194,164,745
2025,Bahrain Grand Prix,R,BEA,54.0,13.0,clear_violation,332.0,55.0,196.69221251662864,100.0,0.1853856562922868,137,739
2025,Bahrain Grand Prix,R,ANT,8.0,13.0,clear_violation,304.0,59.0,194.14386588838025,100.0,0.2135135135135135,158,740
2025,Bahrain Grand Prix,R,ANT,10.0,13.0,clear_violation,327.0,55.0,191.4724652861977,100.0,0.2188328912466843,165,754
2025,Bahrain Grand Prix,R,ANT,13.0,11.0,clear_violation,305.0,0.0,160.31511151935462,100.0,0.2335600907029478,206,882
2025,Bahrain Grand Prix,R,ANT,36.0,10.0,clear_violation,311.0,50.0,191.95475611833632,100.0,0.2281879194630872,170,745
2025,Bahrain Grand Prix,R,HAD,2.0,13.0,clear_violation,306.0,55.0,194.07515553143264,100.0,0.2213541666666666,170,768
2025,Bahrain Grand Prix,R,HAD,8.0,13.0,clear_violation,327.0,58.0,199.5681478753962,100.0,0.2011095700416088,145,721
2025,Bahrain Grand Prix,R,HAD,11.0,13.0,clear_violation,305.0,58.0,196.8965126761777,100.0,0.1884253028263795,140,743
2025,Bahrain Grand Prix,R,DOO,11.0,13.0,clear_violation,301.0,66.0,198.44798317560716,100.0,0.2136054421768707,157,735
2025,Bahrain Grand Prix,R,DOO,27.0,13.0,clear_violation,302.0,57.0,194.0279344054106,100.0,0.2114361702127659,159,752
2025,Bahrain Grand Prix,R,DOO,42.0,13.0,clear_violation,305.0,63.0,198.1681234796342,100.0,0.2113821138211382,156,738
2025,Bahrain Grand Prix,R,DOO,56.0,13.0,clear_violation,307.0,56.0,194.29928586980864,100.0,0.2053333333333333,154,750
2025,Bahrain Grand Prix,R,ALO,36.0,1.0,clear_violation,309.0,57.0,190.8844627153032,100.0,0.2250332889480692,169,751
2025,Bahrain Grand Prix,R,LAW,14.0,13.0,clear_violation,307.0,58.0,185.18662024435855,100.0,0.2426937738246505,191,787
2025,Bahrain Grand Prix,R,LAW,18.0,13.0,clear_violation,311.0,55.0,192.7463062335021,100.0,0.2432432432432432,180,740
2025,Bahrain Grand Prix,R,STR,57.0,13.0,clear_violation,304.0,59.0,194.1494538021684,100.0,0.2,145,725
2025,Bahrain Grand Prix,R,SAI,36.0,10.0,clear_violation,312.0,52.0,189.89705464043564,100.0,0.2284196547144754,172,753
2025,Bahrain Grand Prix,R,HUL,36.0,13.0,clear_violation,313.0,62.0,193.77810099904767,100.0,0.2347354138398914,173,737
2025,Belgian Grand Prix,Q,BOR,14.0,10.0,clear_violation,342.0,74.0,242.4627204425801,100.0,0.1362467866323907,106,778
2025,Belgian Grand Prix,Q,HAM,7.0,4.0,clear_violation,343.0,75.0,246.9134772144295,100.0,0.1470588235294117,110,748
2025,Belgian Grand Prix,R,NOR,26.0,10.0,clear_violation,322.0,74.0,230.1343497008162,100.0,0.1455223880597015,117,804
2025,Belgian Grand Prix,R,ALB,44.0,10.0,clear_violation,325.0,69.0,231.76555281366385,100.0,0.1575682382133995,127,806
2025,Belgian Grand Prix,R,BOR,9.0,4.0,clear_violation,319.0,57.0,202.16626481834143,100.0,0.2070815450643776,193,932
2025,Belgian Grand Prix,R,GAS,7.0,4.0,clear_violation,320.0,56.0,200.3980777085678,100.0,0.193058568329718,178,922
2025,Belgian Grand Prix,R,TSU,44.0,4.0,clear_violation,320.0,71.0,229.6701963808732,100.0,0.1440993788819875,116,805
2025,Belgian Grand Prix,R,ANT,7.0,18.0,clear_violation,319.0,41.0,201.07693685143525,104.0,0.2154515778019586,198,919
2025,Belgian Grand Prix,R,ALO,28.0,6.0,clear_violation,324.0,68.0,228.7334017851336,100.0,0.1705237515225335,140,821
2025,Belgian Grand Prix,R,SAI,5.0,6.0,clear_violation,315.0,52.0,200.93646482371076,100.0,0.2707423580786026,248,916
2025,Belgian Grand Prix,R,SAI,11.0,4.0,clear_violation,311.0,53.0,198.4580140840433,100.0,0.2071881606765327,196,946
2025,Belgian Grand Prix,R,COL,8.0,4.0,clear_violation,321.0,51.0,200.20235228867543,100.0,0.2006403415154749,188,937
2025,Belgian Grand Prix,R,COL,17.0,4.0,clear_violation,334.0,70.0,226.7833724320791,100.0,0.1674757281553398,138,824
2025,Belgian Grand Prix,R,HAD,8.0,4.0,clear_violation,311.0,57.0,203.579268528014,100.0,0.1905274488697524,177,929
2025,Belgian Grand Prix,R,HAD,12.0,4.0,clear_violation,318.0,58.0,201.85024399094223,100.0,0.1853813559322034,175,944
2025,Belgian Grand Prix,S,GAS,9.0,4.0,clear_violation,326.0,70.0,233.19647826563136,100.0,0.1480582524271844,122,824
2025,Belgian Grand Prix,S,BOR,10.0,9.0,clear_violation,328.0,69.0,232.1262151042776,100.0,0.1656365883807169,134,809
2025,Belgian Grand Prix,SQ,PIA,5.0,4.0,clear_violation,341.0,76.0,245.2774373534806,100.0,0.102496714848883,78,761
2025,Belgian Grand Prix,SQ,ANT,2.0,15.0,clear_violation,342.0,0.0,198.88171487562957,100.0,0.1503680336487907,143,951
2025,Belgian Grand Prix,SQ,TSU,4.0,19.0,clear_violation,344.0,74.0,243.769942631446,100.0,0.1181818181818181,91,770
2025,Belgian Grand Prix,SQ,BEA,2.0,4.0,clear_violation,344.0,72.0,243.53166135493564,100.0,0.1554993678887484,123,791
2025,British Grand Prix,R,VER,43.0,1.0,clear_violation,316.0,67.0,212.6117412982432,100.0,0.2286874154262516,169,739
2025,British Grand Prix,R,LEC,5.0,1.0,clear_violation,294.0,72.0,177.6690515605254,100.0,0.2542565266742338,224,881
2025,British Grand Prix,R,LEC,13.0,12.0,clear_violation,304.0,67.0,173.15685456366433,100.0,0.2549889135254989,230,902
2025,British Grand Prix,R,LEC,32.0,9.0,clear_violation,305.0,66.0,200.33096460213892,100.0,0.1979030144167758,151,763
2025,British Grand Prix,R,NOR,5.0,6.0,clear_violation,307.0,70.0,200.4248892920969,100.0,0.2204030226700251,175,794
2025,British Grand Prix,R,HAM,12.0,6.0,clear_violation,304.0,0.0,165.90431475735747,100.0,0.2462006079027355,243,987
2025,British Grand Prix,R,HAM,24.0,9.0,clear_violation,301.0,68.0,197.64246048608064,100.0,0.2563131313131313,203,792
2025,British Grand Prix,R,HAM,42.0,3.0,clear_violation,303.0,0.0,160.704094504616,100.0,0.2759336099585062,266,964
2025,British Grand Prix,R,SAI,46.0,6.0,clear_violation,315.0,79.0,222.1127588228683,100.0,0.1988716502115655,141,709
2025,British Grand Prix,R,PIA,45.0,11.0,clear_violation,309.0,73.0,222.0648236374884,100.0,0.1858529819694868,134,721
2025,British Grand Prix,R,PIA,52.0,6.0,clear_violation,316.0,74.0,226.54219602873263,100.0,0.150354609929078,106,705
2025,British Grand Prix,R,BEA,5.0,1.0,clear_violation,297.0,67.0,174.52426272774971,100.0,0.2340425531914893,209,893
2025,British Grand Prix,R,BEA,37.0,9.0,clear_violation,308.0,64.0,202.23560190832197,100.0,0.238276299112801,188,789
2025,Canadian Grand Prix,Q,NOR,16.0,14.0,clear_violation,332.0,61.0,216.5200206967724,100.0,0.1850467289719626,99,535
2025,Canadian Grand Prix,Q,HAM,2.0,2.0,clear_violation,314.0,54.0,161.99564074003527,100.0,0.2669432918395574,193,723
2025,Canadian Grand Prix,Q,HAM,3.0,9.0,clear_violation,337.0,61.0,212.9865705875544,100.0,0.1857142857142857,104,560
2025,Canadian Grand Prix,Q,VER,13.0,14.0,clear_violation,335.0,60.0,205.25985304269057,100.0,0.1861252115059221,110,591
2025,Canadian Grand Prix,Q,ALB,8.0,14.0,clear_violation,333.0,64.0,203.73850791740605,100.0,0.2003610108303249,111,554
2025,Canadian Grand Prix,Q,BEA,3.0,2.0,clear_violation,310.0,41.0,167.72918083042055,100.0,0.2387640449438202,170,712
2025,Canadian Grand Prix,R,GAS,44.0,14.0,clear_violation,345.0,53.0,199.4496721138985,100.0,0.202680067001675,121,597
2025,Canadian Grand Prix,R,ANT,3.0,14.0,clear_violation,315.0,62.0,200.91461625556627,104.0,0.1832460732984293,105,573
2025,Canadian Grand Prix,R,LEC,65.0,14.0,clear_violation,314.0,56.0,207.8317439919936,100.0,0.1906412478336221,110,577
2025,Canadian Grand Prix,R,SAI,56.0,14.0,clear_violation,310.0,50.0,201.40108369187425,100.0,0.2191103789126853,133,607
2025,Canadian Grand Prix,R,HAD,45.0,14.0,clear_violation,333.0,57.0,199.08336832684824,100.0,0.2439446366782006,141,578
2025,Canadian Grand Prix,R,HAD,47.0,14.0,clear_violation,335.0,55.0,200.59621438174537,100.0,0.2152542372881355,127,590
2025,Canadian Grand Prix,R,BEA,41.0,14.0,clear_violation,332.0,53.0,203.79837696653868,100.0,0.2367066895368782,138,583
2025,Canadian Grand Prix,R,BEA,47.0,14.0,clear_violation,310.0,56.0,201.16305064866376,100.0,0.1728813559322033,102,590
2025,Canadian Grand Prix,R,BEA,55.0,14.0,clear_violation,332.0,55.0,203.1787795807051,100.0,0.2282229965156794,131,574
2025,Chinese Grand Prix,Q,NOR,2.0,9.0,clear_violation,334.0,59.0,211.02328100887215,100.0,0.1771428571428571,124,700
2025,Chinese Grand Prix,Q,ANT,18.0,16.0,clear_violation,333.0,68.0,208.9426272874719,100.0,0.1587301587301587,110,693
2025,Chinese Grand Prix,R,HAD,45.0,14.0,clear_violation,336.0,51.0,197.27062081259237,100.0,0.2231404958677686,162,726
2025,Chinese Grand Prix,R,DOO,45.0,14.0,clear_violation,311.0,47.0,198.13205226229908,100.0,0.3103448275862069,225,725
2025,Chinese Grand Prix,R,TSU,16.0,14.0,clear_violation,339.0,56.0,194.21415708998785,100.0,0.2411067193675889,183,759
2025,Chinese Grand Prix,S,DOO,4.0,14.0,clear_violation,339.0,66.0,195.44501476345025,100.0,0.1953232462173315,142,727
2025,Dutch Grand Prix,R,GAS,4.0,12.0,clear_violation,330.0,89.0,197.62023521820024,100.0,0.2291666666666666,132,576
2025,Dutch Grand Prix,R,GAS,69.0,12.0,clear_violation,307.0,72.0,196.22003964140023,100.0,0.2258620689655172,131,580
2025,Dutch Grand Prix,R,ALO,19.0,3.0,clear_violation,300.375,0.0,168.476155191047,100.0,0.225037257824143,151,671
2025,Dutch Grand Prix,R,LEC,2.0,3.0,clear_violation,319.55555555555554,88.0,198.54335121226376,100.0,0.268760907504363,154,573
2025,Dutch Grand Prix,R,LEC,32.0,12.0,clear_violation,303.35000106666666,82.0,175.8895886757289,100.0,0.2570093457943925,165,642
2025,Dutch Grand Prix,R,HUL,69.0,3.0,clear_violation,309.4333312,87.0,194.3274884239412,100.0,0.2226027397260274,130,584
2025,Dutch Grand Prix,R,COL,21.0,3.0,clear_violation,305.0,91.0,201.79054270881332,100.0,0.2126929674099485,124,583
2025,Dutch Grand Prix,R,SAI,69.0,3.0,clear_violation,320.0,90.0,194.70471458005568,100.0,0.3044982698961938,176,578
2025,Dutch Grand Prix,R,RUS,13.0,3.0,clear_violation,307.0,89.0,200.3754454775751,100.0,0.2081128747795414,118,567
2025,Emilia Romagna Grand Prix,Q,HUL,8.0,17.0,clear_violation,328.0,100.0,231.78626333712387,100.0,0.1465968586387434,84,573
2025,Emilia Romagna Grand Prix,R,GAS,3.0,10.0,clear_violation,332.0,85.0,202.8418388848856,100.0,0.2169811320754717,138,636
2025,Emilia Romagna Grand Prix,R,GAS,7.0,17.0,clear_violation,329.0,92.0,214.8248417414012,100.0,0.2019543973941368,124,614
2025,Emilia Romagna Grand Prix,R,ALB,60.0,3.0,clear_violation,335.0,91.0,214.31670285761496,100.0,0.1933884297520661,117,605
2025,Hungarian Grand Prix,Q,STR,14.0,9.0,clear_violation,312.0,95.0,204.93616826073608,99.0,0.1828859060402684,109,596
2025,Hungarian Grand Prix,Q,COL,8.0,9.0,clear_violation,317.0,96.0,202.9862110882357,100.0,0.2013651877133105,118,586
2025,Hungarian Grand Prix,Q,ANT,8.0,14.0,clear_violation,319.0,96.0,207.9947053829988,100.0,0.1935483870967742,108,558
2025,Hungarian Grand Prix,R,NOR,29.0,7.0,clear_violation,288.0,86.0,188.5293864001441,100.0,0.2327868852459016,142,610
2025,Hungarian Grand Prix,R,RUS,29.0,7.0,clear_violation,292.0,88.0,193.3002511361808,100.0,0.2082644628099173,126,605
2025,Hungarian Grand Prix,R,ANT,22.0,7.0,clear_violation,278.0,0.0,151.45978354411037,100.0,0.2307692307692307,180,780
2025,Hungarian Grand Prix,R,ANT,55.0,7.0,clear_violation,302.0,88.0,190.90827075728663,100.0,0.2302737520128824,143,621
2025,Hungarian Grand Prix,R,HAM,29.0,4.0,clear_violation,316.0,81.0,183.65822373934387,100.0,0.3025078369905956,193,638
2025,Hungarian Grand Prix,R,HUL,4.0,1.0,clear_violation,331.0,88.0,185.4831774719177,100.0,0.2317262830482115,149,643
2025,Hungarian Grand Prix,R,HUL,22.0,7.0,clear_violation,300.0,82.0,185.3112280394766,100.0,0.2625,168,640
2025,Hungarian Grand Prix,R,HUL,49.0,1.0,clear_violation,320.0,86.0,192.37350520438852,100.0,0.2067851373182552,128,619
2025,Hungarian Grand Prix,R,SAI,61.0,2.0,clear_violation,323.0,65.0,187.6768692031214,100.0,0.3082942097026604,197,639
2025,Hungarian Grand Prix,R,ALB,30.0,7.0,clear_violation,300.0,81.0,185.7945873275714,100.0,0.2589147286821705,167,645
2025,Hungarian Grand Prix,R,COL,27.0,7.0,clear_violation,294.0,88.0,188.14812082671503,100.0,0.2141732283464567,136,635
2025,Hungarian Grand Prix,R,COL,47.0,7.0,clear_violation,295.0,79.0,186.47157218285363,100.0,0.2307692307692307,147,637
2025,Hungarian Grand Prix,R,GAS,2.0,1.0,clear_violation,304.0,92.0,182.53416205633863,100.0,0.284375,182,640
2025,Hungarian Grand Prix,R,GAS,64.0,1.0,clear_violation,301.0,87.0,185.4019327472357,100.0,0.2492012779552715,156,626
2025,Hungarian Grand Prix,R,BEA,21.0,14.0,clear_violation,296.0,87.0,186.12528051157145,100.0,0.2361111111111111,153,648
2025,Italian Grand Prix,Q,NOR,5.0,1.0,clear_violation,343.0,68.0,207.1010621199222,100.0,0.1266490765171504,96,758
2025,Italian Grand Prix,Q,ALB,2.0,1.0,clear_violation,344.0,47.0,202.55011309862783,100.0,0.194125159642401,152,783
2025,Italian Grand Prix,Q,SAI,2.0,7.0,clear_violation,344.0,69.0,257.4970194077779,100.0,0.1386623164763458,85,613
2025,Italian Grand Prix,R,LEC,4.0,1.0,clear_violation,334.0,62.0,244.8016720736059,100.0,0.1516587677725118,96,633
2025,Italian Grand Prix,R,RUS,48.0,2.0,clear_violation,336.0,69.0,252.15504476147493,100.0,0.1449752883031301,88,607
2025,Italian Grand Prix,R,ALB,27.0,2.0,clear_violation,338.0,65.0,250.4505057515446,100.0,0.1510673234811166,92,609
2025,Italian Grand Prix,R,BOR,52.0,1.0,clear_violation,342.0,69.0,250.48604336298453,100.0,0.1516129032258064,94,620
2025,Italian Grand Prix,R,ANT,6.0,5.0,clear_violation,357.0,68.0,242.46561225849163,100.0,0.1742543171114599,111,637
2025,Italian Grand Prix,R,ANT,23.0,5.0,clear_violation,336.0,69.0,247.2401470119686,100.0,0.136,85,625
2025,Italian Grand Prix,R,ANT,26.0,2.0,clear_violation,335.0,56.0,243.96649007831215,100.0,0.1505376344086021,98,651
2025,Italian Grand Prix,R,HAD,8.0,1.0,clear_violation,361.0,52.0,239.4717541819428,100.0,0.1795275590551181,114,635
2025,Italian Grand Prix,R,SAI,17.0,4.0,clear_violation,353.0,68.0,245.18076784285643,100.0,0.1915887850467289,123,642
2025,Italian Grand Prix,R,SAI,23.0,5.0,clear_violation,336.0,70.0,245.1804520211385,100.0,0.1738437001594896,109,627
2025,Italian Grand Prix,R,SAI,40.0,5.0,clear_violation,358.0,0.0,231.09664658659216,100.0,0.1875,129,688
2025,Italian Grand Prix,R,BEA,40.0,5.0,clear_violation,342.0,0.0,221.89324603175123,100.0,0.1638655462184874,117,714
2025,Italian Grand Prix,R,TSU,27.0,5.0,clear_violation,355.0,62.0,243.43896764861853,100.0,0.1835748792270531,114,621
2025,Italian Grand Prix,R,LAW,27.0,5.0,clear_violation,340.0,56.0,239.57173511086611,100.0,0.1844197138314785,116,629
2025,Italian Grand Prix,R,GAS,15.0,5.0,clear_violation,333.0,69.0,240.88304945821093,100.0,0.15,99,660
2025,Italian Grand Prix,R,GAS,18.0,7.0,clear_violation,333.0,71.0,244.44260085865287,100.0,0.1439873417721519,91,632
2025,Italian Grand Prix,R,GAS,33.0,5.0,clear_violation,329.0,71.0,244.6557921981335,100.0,0.1501597444089457,94,626
2025,Italian Grand Prix,R,COL,9.0,5.0,clear_violation,337.0,66.0,243.72492960612945,100.0,0.1477987421383647,94,636
2025,Italian Grand Prix,R,COL,30.0,1.0,clear_violation,330.0,60.0,240.63040691696224,100.0,0.1458966565349544,96,658
2025,Italian Grand Prix,R,COL,50.0,5.0,clear_violation,317.0,67.0,245.31369509165984,100.0,0.1340523882896764,87,649
2025,Italian Grand Prix,R,STR,2.0,4.0,clear_violation,338.0,61.0,239.0055006427597,99.0,0.1595576619273301,101,633
2025,Japanese Grand Prix,R,NOR,53.0,17.0,clear_violation,313.0,63.0,226.54315419537244,100.0,0.1407837445573294,97,689
2025,Japanese Grand Prix,R,RUS,33.0,17.0,clear_violation,311.0,67.0,223.748652929036,100.0,0.1513353115727003,102,674
2025,Japanese Grand Prix,R,ANT,2.0,17.0,clear_violation,307.0,71.0,218.3354050699392,100.0,0.1474926253687315,100,678
2025,Japanese Grand Prix,R,ANT,47.0,17.0,clear_violation,311.0,70.0,226.1336574875756,100.0,0.1434782608695652,99,690
2025,Japanese Grand Prix,R,TSU,26.0,17.0,clear_violation,333.0,69.0,222.04122559215935,100.0,0.1576763485477178,114,723
2025,Japanese Grand Prix,R,GAS,53.0,17.0,clear_violation,309.0,62.0,224.48389683564,100.0,0.1387283236994219,96,692
2025,Japanese Grand Prix,R,SAI,15.0,17.0,clear_violation,310.0,62.0,218.9360930051272,100.0,0.1825726141078838,132,723
2025,Japanese Grand Prix,R,SAI,25.0,17.0,clear_violation,330.0,60.0,220.70255493077264,100.0,0.1787234042553191,126,705
2025,Las Vegas Grand Prix,Q,RUS,12.0,12.0,clear_violation,330.0,0.0,183.0701948181331,100.0,0.2269272529858849,209,921
2025,Las Vegas Grand Prix,Q,RUS,14.0,14.0,clear_violation,332.0,21.0,184.4134563055274,100.0,0.2212486308871851,202,913
2025,Las Vegas Grand Prix,Q,RUS,22.0,12.0,clear_violation,323.0,37.0,188.5137315368876,100.0,0.209988649262202,185,881
2025,Las Vegas Grand Prix,Q,VER,3.0,1.0,clear_violation,321.0,30.0,171.55973592280495,100.0,0.2691532258064516,267,992
2025,Las Vegas Grand Prix,Q,VER,4.0,8.0,clear_violation,316.0,0.0,167.59036237940057,100.0,0.2641878669275929,270,1022
2025,Las Vegas Grand Prix,Q,HAD,21.0,8.0,clear_violation,336.0,67.0,200.0482918821507,100.0,0.2179034157832744,185,849
2025,Las Vegas Grand Prix,Q,HAM,7.0,12.0,clear_violation,333.0,31.0,172.51191151872257,100.0,0.3007135575942915,295,981
2025,Las Vegas Grand Prix,Q,STR,2.0,14.0,clear_violation,320.0,34.0,177.2776153854274,100.0,0.2393617021276596,225,940
2025,Las Vegas Grand Prix,Q,STR,17.0,1.0,clear_violation,329.0,63.0,195.51609134893684,100.0,0.230324074074074,199,864
2025,Las Vegas Grand Prix,Q,GAS,6.0,14.0,clear_violation,328.0,0.0,172.25062776398187,100.0,0.2567432567432567,257,1001
2025,Las Vegas Grand Prix,Q,SAI,4.0,5.0,clear_violation,324.0,0.0,164.7373056107183,100.0,0.3127376425855513,329,1052
2025,Las Vegas Grand Prix,Q,BOR,4.0,14.0,clear_violation,330.0,3.0,164.97834160001054,100.0,0.2400388726919339,247,1029
2025,Las Vegas Grand Prix,Q,OCO,4.0,14.0,clear_violation,327.0,40.0,183.16732796320997,100.0,0.2963362068965517,275,928
2025,Las Vegas Grand Prix,Q,LEC,4.0,14.0,clear_violation,319.0,37.0,181.08437949035755,100.0,0.2433297758804695,228,937
2025,Las Vegas Grand Prix,Q,LEC,16.0,8.0,clear_violation,322.0,62.0,192.0963417581521,100.0,0.2371134020618556,207,873
2025,Las Vegas Grand Prix,Q,LEC,20.0,14.0,clear_violation,327.0,19.0,188.97109229981828,100.0,0.237880496054115,211,887
2025,Las Vegas Grand Prix,Q,HUL,5.0,1.0,clear_violation,328.0,53.0,185.11278392788597,100.0,0.2312565997888067,219,947
2025,Las Vegas Grand Prix,Q,HUL,13.0,14.0,clear_violation,331.0,41.0,190.1404929491844,100.0,0.2065834279228149,182,881
2025,Las Vegas Grand Prix,Q,TSU,4.0,12.0,clear_violation,321.0,0.0,161.30225206761403,100.0,0.2339015151515151,247,1056
2025,Las Vegas Grand Prix,Q,PIA,20.0,5.0,clear_violation,323.0,1.0,164.797906012968,100.0,0.2031872509960159,204,1004
2025,Mexico City Grand Prix,Q,BOR,2.0,12.0,clear_violation,346.0,66.0,195.0752891029792,100.0,0.2368866328257191,140,591
2025,Mexico City Grand Prix,R,VER,6.0,5.0,clear_violation,352.0,48.0,174.95719165811056,100.0,0.2436090225563909,162,665
2025,Mexico City Grand Prix,R,ANT,51.0,14.0,clear_violation,333.0,64.0,190.51513233935816,100.0,0.2072368421052631,126,608
2025,Mexico City Grand Prix,R,ANT,62.0,14.0,clear_violation,335.0,66.0,188.5844726054095,100.0,0.2204213938411669,136,617
2025,Mexico City Grand Prix,R,STR,44.0,1.0,clear_violation,311.0,0.0,149.52823510882243,99.0,0.2268041237113402,176,776
2025,Mexico City Grand Prix,R,HAM,6.0,4.0,clear_violation,329.0,53.0,177.6236546716423,100.0,0.2647058823529412,171,646
2025,Mexico City Grand Prix,R,HAM,62.0,3.0,clear_violation,331.0,61.0,184.3990671234241,100.0,0.2700156985871271,172,637
2025,Mexico City Grand Prix,R,SAI,18.0,1.0,clear_violation,309.0,0.0,151.51396485014402,100.0,0.2619974059662776,202,771
2025,Mexico City Grand Prix,R,RUS,6.0,5.0,clear_violation,332.0,53.0,174.87928577412708,100.0,0.2563718140929535,171,667
2025,Mexico City Grand Prix,R,BEA,6.0,8.0,clear_violation,347.0,55.0,179.78958509483886,100.0,0.2546583850931677,164,644
2025,Miami Grand Prix,R,VER,17.0,11.0,clear_violation,334.0,57.0,204.75021782891216,100.0,0.1737891737891738,122,702
2025,Miami Grand Prix,R,NOR,17.0,11.0,clear_violation,336.0,51.0,204.20890583350575,100.0,0.1991465149359886,140,703
2025,Miami Grand Prix,R,BOR,30.0,6.0,clear_violation,261.0,65.0,165.11731704136187,100.0,0.1870011402508551,164,877
2025,Miami Grand Prix,R,SAI,16.0,15.0,clear_violation,324.0,60.0,208.736730326728,100.0,0.1949509116409537,139,713
2025,Miami Grand Prix,S,SAI,7.0,17.0,clear_violation,331.0,42.0,183.0372219606425,100.0,0.2440318302387268,184,754
2025,Miami Grand Prix,S,DOO,3.0,11.0,clear_violation,321.0,0.0,146.5427686153075,100.0,0.330603889457523,323,977
2025,Miami Grand Prix,S,TSU,12.0,15.0,clear_violation,320.0,51.0,193.1322604480318,100.0,0.2172739541160593,161,741
2025,Miami Grand Prix,SQ,HAD,2.0,17.0,clear_violation,337.0,46.0,214.2504472770796,100.0,0.1629955947136563,111,681
2025,Monaco Grand Prix,Q,LEC,5.0,10.0,clear_violation,283.0,30.0,117.3002479579541,100.0,0.36,270,750
2025,Monaco Grand Prix,Q,HAM,5.0,10.0,clear_violation,276.8142884571428,32.0,118.347996555462,100.0,0.3655629139072848,276,755
2025,Monaco Grand Prix,Q,HAM,13.0,10.0,clear_violation,276.0,21.0,113.22031063986148,100.0,0.2869897959183674,225,784
2025,Monaco Grand Prix,Q,ALB,6.0,1.0,clear_violation,275.6111118222222,36.0,113.6754023878539,100.0,0.2324393358876117,182,783
2025,Monaco Grand Prix,Q,SAI,4.0,16.0,clear_violation,276.72857234285715,16.0,114.76437616759668,100.0,0.3228346456692913,246,762
2025,Monaco Grand Prix,Q,SAI,6.0,1.0,clear_violation,274.468752,34.0,114.83616377202416,100.0,0.300771208226221,234,778
2025,Monaco Grand Prix,Q,SAI,22.0,10.0,clear_violation,276.0,32.0,124.6680117969034,100.0,0.2737752161383285,190,694
2025,Monaco Grand Prix,Q,TSU,18.0,1.0,clear_violation,278.203128,43.0,117.83379416034872,100.0,0.1939477303988996,141,727
2025,Monaco Grand Prix,Q,ANT,3.0,1.0,clear_violation,268.0,41.0,117.5494332583972,104.0,0.1866840731070496,143,766
2025,Monaco Grand Prix,Q,ANT,4.0,1.0,clear_violation,271.94643474285715,42.0,112.67433959617124,100.0,0.2005076142131979,158,788
2025,Monaco Grand Prix,Q,ANT,10.0,16.0,clear_violation,270.2795444363636,13.0,109.196953651154,100.0,0.2295482295482295,188,819
2025,Monaco Grand Prix,Q,RUS,4.0,1.0,clear_violation,269.0,34.0,107.63536745477616,100.0,0.2327272727272727,192,825
2025,Monaco Grand Prix,Q,RUS,5.0,10.0,clear_violation,277.2071442285714,44.0,128.29426457432436,100.0,0.1929078014184397,136,705
2025,Monaco Grand Prix,Q,RUS,7.0,10.0,clear_violation,276.16388764444446,32.0,112.5135821227508,88.05553777777777,0.1738035264483627,138,794
2025,Monaco Grand Prix,Q,RUS,8.0,1.0,clear_violation,221.9124992,36.0,108.63071808691626,84.0,0.222766217870257,182,817
2025,Monaco Grand Prix,Q,RUS,9.0,1.0,clear_violation,277.57142857142856,34.0,113.45996444143005,100.0,0.2269861286254728,180,793
2025,Monaco Grand Prix,Q,RUS,12.0,10.0,clear_violation,279.88499712,45.0,141.3880903840008,100.0,0.2610062893081761,166,636
2025,Monaco Grand Prix,Q,ALO,15.0,1.0,clear_violation,277.5863616,43.0,120.19267968617427,100.0,0.2486187845303867,180,724
2025,Monaco Grand Prix,Q,GAS,3.0,1.0,clear_violation,274.56999936,32.0,119.58553977027316,100.0,0.2270194986072423,163,718
2025,Monaco Grand Prix,Q,GAS,7.0,10.0,clear_violation,279.0,29.0,114.48922794554882,100.0,0.2619647355163728,208,794
2025,Monaco Grand Prix,Q,STR,5.0,10.0,clear_violation,291.0,22.0,109.72680787247717,99.0,0.2533825338253382,206,813
2025,Monaco Grand Prix,Q,HAD,23.0,10.0,clear_violation,286.0,46.0,166.3892330027937,100.0,0.2575757575757575,136,528
2025,Monaco Grand Prix,Q,OCO,16.0,1.0,clear_violation,277.2499968,42.0,125.0261087733676,100.0,0.4054054054054054,285,703
2025,Monaco Grand Prix,Q,BOR,4.0,10.0,clear_violation,287.0,44.0,155.71476439184792,100.0,0.2668977469670711,154,577
2025,Monaco Grand Prix,R,VER,53.0,10.0,clear_violation,283.0,45.0,153.07886701166194,100.0,0.3063973063973064,182,594
2025,Monaco Grand Prix,R,ANT,41.0,10.0,clear_violation,285.0,43.0,151.16455705636088,100.0,0.2689655172413793,156,580
2025,Monaco Grand Prix,R,ANT,51.0,10.0,clear_violation,286.0,41.0,147.31513788110905,100.0,0.2882736156351791,177,614
2025,Monaco Grand Prix,R,LEC,21.0,10.0,clear_violation,282.0,42.0,156.15764226441223,100.0,0.2693661971830985,153,568
2025,Monaco Grand Prix,R,STR,74.0,10.0,clear_violation,294.0,42.0,153.10906061195251,99.0,0.2886247877758913,170,589
2025,Monaco Grand Prix,R,TSU,8.0,10.0,clear_violation,289.0,44.0,140.54871700127202,100.0,0.2914012738853503,183,628
2025,Monaco Grand Prix,R,HUL,52.0,10.0,clear_violation,289.0,41.0,147.80014403387386,100.0,0.3344103392568659,207,619
2025,Monaco Grand Prix,R,HUL,64.0,10.0,clear_violation,289.0,43.0,147.99306544674826,100.0,0.2880523731587561,176,611
2025,Monaco Grand Prix,R,LAW,9.0,10.0,clear_violation,274.0,45.0,139.96247706293283,100.0,0.2928802588996764,181,618
2025,Monaco Grand Prix,R,HAM,35.0,10.0,clear_violation,284.0,43.0,151.54010576449608,100.0,0.3448873483535528,199,577
2025,Monaco Grand Prix,R,RUS,47.0,10.0,clear_violation,284.0,46.0,147.55896914416033,100.0,0.3187919463087248,190,596
2025,Monaco Grand Prix,R,RUS,48.0,10.0,clear_violation,288.0,43.0,153.50529790213136,100.0,0.3001686340640809,178,593
2025,Monaco Grand Prix,R,BEA,51.0,10.0,clear_violation,286.0,41.0,144.1408732533864,100.0,0.3011093502377179,190,631
2025,Monaco Grand Prix,R,BEA,76.0,10.0,clear_violation,285.0,43.0,152.80793529638834,100.0,0.3008695652173913,173,575
2025,Qatar Grand Prix,Q,NOR,8.0,10.0,clear_violation,326.0,99.0,242.60300315422108,100.0,0.1121951219512195,69,615
2025,Qatar Grand Prix,Q,HAD,8.0,10.0,clear_violation,324.0,97.0,239.9470466040763,100.0,0.1256038647342995,78,621
2025,Qatar Grand Prix,Q,ALB,2.0,15.0,clear_violation,323.0,96.0,236.06250311567507,100.0,0.1383147853736089,87,629
2025,Qatar Grand Prix,Q,ANT,9.0,10.0,clear_violation,329.0,98.0,241.05387474779928,100.0,0.1430921052631578,87,608
2025,Qatar Grand Prix,Q,RUS,17.0,10.0,clear_violation,330.0,97.0,242.7112321277948,100.0,0.1372549019607843,84,612
2025,Qatar Grand Prix,Q,BEA,16.0,15.0,clear_violation,321.0,96.0,240.84009201821945,100.0,0.1644951140065146,101,614
2025,Qatar Grand Prix,Q,OCO,4.0,15.0,clear_violation,326.0,96.0,237.87353376484404,100.0,0.2083333333333333,125,600
2025,Qatar Grand Prix,Q,GAS,8.0,8.0,clear_violation,329.0,100.0,241.10260760690443,100.0,0.1414473684210526,86,608
2025,Qatar Grand Prix,Q,COL,2.0,15.0,clear_violation,328.0,100.0,237.5645661816141,100.0,0.1525974025974026,94,616
2025,Qatar Grand Prix,R,GAS,2.0,14.0,clear_violation,308.0,93.0,215.81815385942733,104.0,0.2077151335311572,140,674
2025,Qatar Grand Prix,R,ANT,3.0,10.0,clear_violation,329.0,90.0,217.67384032472276,100.0,0.1874039938556067,122,651
2025,Qatar Grand Prix,R,ANT,56.0,10.0,clear_violation,318.0,90.0,223.1882463139937,100.0,0.1608832807570978,102,634
2025,Qatar Grand Prix,R,LEC,53.0,14.0,clear_violation,314.0,89.0,229.13288936749623,100.0,0.1396054628224582,92,659
2025,Qatar Grand Prix,R,TSU,2.0,10.0,clear_violation,314.0,92.0,217.7372013673828,100.0,0.1866666666666666,126,675
2025,Qatar Grand Prix,R,TSU,17.0,10.0,clear_violation,338.0,88.0,221.43361116008072,100.0,0.1927162367223065,127,659
2025,Qatar Grand Prix,R,ALB,11.0,10.0,clear_violation,312.0,90.0,218.93227694139688,100.0,0.1603053435114503,105,655
2025,Qatar Grand Prix,R,ALB,13.0,10.0,clear_violation,333.0,90.0,218.5053332934516,100.0,0.1845238095238095,124,672
2025,Qatar Grand Prix,R,ALB,20.0,10.0,clear_violation,336.0,88.0,219.3755807236476,100.0,0.1904047976011994,127,667
2025,Qatar Grand Prix,R,LAW,20.0,8.0,clear_violation,333.0,88.0,221.5363085845785,100.0,0.1601796407185629,107,668
2025,Qatar Grand Prix,R,NOR,11.0,10.0,clear_violation,309.0,93.0,225.4915470716455,100.0,0.1528662420382165,96,628
2025,Qatar Grand Prix,R,NOR,29.0,10.0,clear_violation,309.0,95.0,225.8020532864508,100.0,0.143317230273752,89,621
2025,Qatar Grand Prix,R,COL,47.0,10.0,clear_violation,306.0,89.0,224.76998289756452,100.0,0.1603053435114503,105,655
2025,Qatar Grand Prix,R,HAD,49.0,10.0,clear_violation,305.0,94.0,230.8381334041591,100.0,0.138801261829653,88,634
2025,Qatar Grand Prix,R,RUS,31.0,10.0,clear_violation,315.0,87.0,223.8088193669469,100.0,0.1590551181102362,101,635
2025,Qatar Grand Prix,R,RUS,36.0,10.0,clear_violation,315.0,91.0,226.75676766922373,100.0,0.1756548536209553,114,649
2025,Qatar Grand Prix,R,RUS,42.0,1.0,clear_violation,334.0,92.0,223.84969684514283,100.0,0.1639097744360902,109,665
2025,Qatar Grand Prix,R,PIA,54.0,10.0,clear_violation,313.0,93.0,231.02859907041864,100.0,0.1450858034321372,93,641
2025,Qatar Grand Prix,S,RUS,9.0,10.0,clear_violation,312.0,90.0,225.85816203052528,100.0,0.1659192825112107,111,669
2025,Qatar Grand Prix,S,TSU,6.0,10.0,clear_violation,308.0,88.0,224.96926696191025,100.0,0.1555209953343701,100,643
2025,Qatar Grand Prix,S,TSU,7.0,10.0,clear_violation,310.0,89.0,225.13014260479432,100.0,0.1471048513302034,94,639
2025,Qatar Grand Prix,S,TSU,8.0,10.0,clear_violation,308.0,86.0,224.4987535323889,100.0,0.160377358490566,102,636
2025,Qatar Grand Prix,S,TSU,9.0,10.0,clear_violation,308.0,87.0,227.0120397372997,100.0,0.1315396113602391,88,669
2025,Qatar Grand Prix,S,ANT,6.0,10.0,clear_violation,330.0,89.0,223.6779163812161,100.0,0.1646153846153846,107,650
2025,Qatar Grand Prix,S,ANT,8.0,10.0,clear_violation,332.0,88.0,225.49706920358983,100.0,0.1742543171114599,111,637
2025,Qatar Grand Prix,S,ANT,16.0,10.0,clear_violation,314.0,87.0,227.3685529506838,100.0,0.1703125,109,640
2025,Qatar Grand Prix,S,ALO,12.0,16.0,clear_violation,307.0,89.0,222.44317770860323,100.0,0.1569230769230769,102,650
2025,Qatar Grand Prix,S,HAD,7.0,10.0,clear_violation,330.0,83.0,223.9704036460161,100.0,0.166407465007776,107,643
2025,Qatar Grand Prix,S,HAD,9.0,10.0,clear_violation,306.0,87.0,225.0161961643984,100.0,0.1311475409836065,88,671
2025,Qatar Grand Prix,S,BEA,17.0,5.0,clear_violation,327.0,80.0,223.1143438641212,100.0,0.1801526717557252,118,655
2025,Qatar Grand Prix,S,LEC,3.0,5.0,clear_violation,336.0,89.0,225.5818798537632,100.0,0.1754916792738275,116,661
2025,Qatar Grand Prix,S,LEC,11.0,4.0,clear_violation,329.0,90.0,217.6064211546897,100.0,0.1902587519025875,125,657
2025,Qatar Grand Prix,S,LAW,11.0,6.0,clear_violation,330.0,96.0,221.57634284758103,100.0,0.1576506955177743,102,647
2025,Qatar Grand Prix,S,OCO,12.0,5.0,clear_violation,334.0,85.0,219.0725126691162,100.0,0.2651515151515151,175,660
2025,Qatar Grand Prix,S,COL,8.0,10.0,clear_violation,309.0,86.0,222.26439857265495,100.0,0.1573208722741433,101,642
2025,Qatar Grand Prix,S,COL,9.0,10.0,clear_violation,311.0,87.0,224.2671692539892,100.0,0.1364985163204747,92,674
2025,Qatar Grand Prix,S,COL,10.0,10.0,clear_violation,309.0,89.0,222.9034800940649,100.0,0.1570996978851963,104,662
2025,Qatar Grand Prix,SQ,VER,16.0,4.0,clear_violation,325.0,48.0,181.87298454813177,100.0,0.1869722557297949,155,829
2025,Qatar Grand Prix,SQ,NOR,17.0,16.0,clear_violation,330.0,98.0,240.67334320653063,100.0,0.1163934426229508,71,610
2025,Qatar Grand Prix,SQ,HAD,13.0,8.0,clear_violation,326.0,96.0,238.43827683409185,100.0,0.1227197346600331,74,603
2025,Qatar Grand Prix,SQ,ANT,8.0,4.0,clear_violation,330.0,70.0,175.9081399195003,100.0,0.1358313817330211,116,854
2025,Qatar Grand Prix,SQ,HUL,13.0,16.0,clear_violation,326.0,100.0,236.14264823913445,100.0,0.1272141706924315,79,621
2025,Saudi Arabian Grand Prix,Q,DOO,3.0,7.0,clear_violation,318.0,36.0,186.83870242710364,100.0,0.1897891231964484,171,901
2025,Saudi Arabian Grand Prix,Q,BOR,5.0,2.0,clear_violation,336.0,78.0,245.3020253971983,100.0,0.1486880466472303,102,686
2025,Saudi Arabian Grand Prix,R,NOR,27.0,4.0,clear_violation,315.0,79.0,233.8661778384676,99.0,0.1434720229555236,100,697
2025,Saudi Arabian Grand Prix,R,ANT,25.0,15.0,clear_violation,317.0,79.0,234.81846154247825,100.0,0.1349431818181818,95,704
2025,Saudi Arabian Grand Prix,R,HAM,31.0,22.0,clear_violation,313.0,83.0,234.27448160581724,100.0,0.1400832177531206,101,721
2025,Saudi Arabian Grand Prix,R,ALB,19.0,2.0,clear_violation,321.0,64.0,230.47944273740453,100.0,0.1760660247592847,128,727
2025,Saudi Arabian Grand Prix,R,HAD,22.0,2.0,clear_violation,328.0,67.0,228.26802805169496,100.0,0.1666666666666666,122,732
2025,Saudi Arabian Grand Prix,R,HAD,31.0,22.0,clear_violation,318.0,80.0,229.31519990160731,100.0,0.1509695290858725,109,722
2025,Saudi Arabian Grand Prix,R,ALO,25.0,2.0,clear_violation,331.0,65.0,226.99567233008943,100.0,0.1770401106500691,128,723
2025,Saudi Arabian Grand Prix,R,LAW,18.0,11.0,clear_violation,313.0,84.0,231.1557785871747,100.0,0.131578947368421,95,722
2025,Saudi Arabian Grand Prix,R,LAW,28.0,2.0,clear_violation,334.0,54.0,229.5425341272129,100.0,0.1638655462184874,117,714
2025,Saudi Arabian Grand Prix,R,STR,12.0,22.0,clear_violation,316.0,82.0,226.5928765361485,99.0,0.1432584269662921,102,712
2025,Saudi Arabian Grand Prix,R,BOR,8.0,17.0,clear_violation,318.0,83.0,224.8172040555773,100.0,0.1664411366711772,123,739
2025,Saudi Arabian Grand Prix,R,BOR,21.0,2.0,clear_violation,319.0,79.0,225.8785749318143,100.0,0.1771117166212534,130,734
2025,Singapore Grand Prix,Q,ANT,7.0,2.0,clear_violation,317.0,62.0,195.1219123850786,104.0,0.2244318181818181,158,704
2025,Singapore Grand Prix,Q,HAM,2.0,2.0,clear_violation,308.0,53.0,143.00965908997318,100.0,0.2556390977443609,238,931
2025,Singapore Grand Prix,Q,HAM,11.0,2.0,clear_violation,309.0,57.0,149.94325855317564,100.0,0.2628135223555071,241,917
2025,Singapore Grand Prix,R,VER,37.0,2.0,clear_violation,289.0,63.0,181.5143875428406,100.0,0.2176966292134831,155,712
2025,Singapore Grand Prix,R,VER,38.0,2.0,clear_violation,288.0,61.0,183.53190093085857,100.0,0.2142857142857142,156,728
2025,Singapore Grand Prix,R,NOR,55.0,2.0,clear_violation,299.0,60.0,181.23870262822487,100.0,0.2249322493224932,166,738
2025,Singapore Grand Prix,R,ANT,4.0,2.0,clear_violation,307.0,60.0,179.7624077751291,100.0,0.2373806275579809,174,733
2025,Singapore Grand Prix,R,ANT,49.0,2.0,clear_violation,300.0,60.0,179.8605090191976,100.0,0.2404526166902404,170,707
2025,Singapore Grand Prix,R,LEC,61.0,2.0,clear_violation,298.0,60.0,171.839824583301,100.0,0.3030707610146863,227,749
2025,Singapore Grand Prix,R,HAM,60.0,16.0,clear_violation,295.0,65.0,175.34040607912382,100.0,0.3028263795423957,225,743
2025,Singapore Grand Prix,R,HAM,61.0,5.0,clear_violation,217.0,62.0,137.14191945667403,83.0,0.1948186528497409,188,965
2025,Singapore Grand Prix,R,BEA,14.0,19.0,clear_violation,294.0,60.0,178.0256918750114,100.0,0.2688172043010752,200,744
2025,Singapore Grand Prix,R,BEA,44.0,2.0,clear_violation,307.0,60.0,175.53411306476696,100.0,0.2553475935828877,191,748
2025,Singapore Grand Prix,R,BEA,57.0,2.0,clear_violation,293.0,62.0,183.8049716446157,100.0,0.2475928473177441,180,727
2025,Singapore Grand Prix,R,SAI,43.0,17.0,clear_violation,290.0,59.0,178.91775789157995,100.0,0.2691256830601093,197,732
2025,Singapore Grand Prix,R,STR,55.0,7.0,clear_violation,296.0,54.0,180.2625449039697,100.0,0.2389261744966443,178,745
2025,Singapore Grand Prix,R,ALB,48.0,2.0,clear_violation,307.0,57.0,177.0679395277129,100.0,0.2776243093922652,201,724
2025,Singapore Grand Prix,R,COL,42.0,7.0,clear_violation,295.0,52.0,173.48312394942317,104.0,0.2676767676767677,212,792
2025,Singapore Grand Prix,R,COL,60.0,2.0,clear_violation,295.0,56.0,174.43792226740564,100.0,0.2226720647773279,165,741
2025,Singapore Grand Prix,R,OCO,50.0,19.0,clear_violation,318.0,57.0,175.40880922911018,100.0,0.316272965879265,241,762
2025,Singapore Grand Prix,R,OCO,51.0,2.0,clear_violation,310.0,58.0,176.1186445114728,100.0,0.2808398950131233,214,762
2025,Singapore Grand Prix,R,GAS,50.0,18.0,clear_violation,312.0,55.0,173.4428638277264,100.0,0.247074122236671,190,769
2025,Spanish Grand Prix,R,VER,61.0,2.0,clear_violation,306.0,95.0,210.1161070360604,100.0,0.1614497528830313,98,607
2025,Spanish Grand Prix,R,ANT,14.0,10.0,clear_violation,313.0,92.0,202.4589412418981,100.0,0.1520376175548589,97,638
2025,Spanish Grand Prix,R,ANT,37.0,10.0,clear_violation,311.0,93.0,206.99667357143247,100.0,0.1539735099337748,93,604
2025,Spanish Grand Prix,R,ALO,13.0,5.0,clear_violation,306.0,32.0,184.064542374284,99.0,0.1901306240928882,131,689
2025,Spanish Grand Prix,R,ALB,24.0,2.0,clear_violation,330.0,86.0,199.37590302581003,100.0,0.1832543443917851,116,633
2025,Spanish Grand Prix,R,LAW,52.0,5.0,clear_violation,335.0,97.0,210.1024035120347,100.0,0.1593495934959349,98,615
2025,Spanish Grand Prix,R,COL,12.0,13.0,clear_violation,312.0,88.0,199.49089538741023,100.0,0.1750788643533123,111,634
2025,Spanish Grand Prix,R,BEA,31.0,2.0,clear_violation,309.0,91.0,201.9062419128176,100.0,0.1924882629107981,123,639
2025,Spanish Grand Prix,R,BEA,51.0,2.0,clear_violation,314.0,77.0,200.1767879723053,100.0,0.211038961038961,130,616
2025,São Paulo Grand Prix,R,ANT,6.0,2.0,clear_violation,308.0,77.0,199.9044719252115,104.0,0.1805555555555555,104,576
2025,United States Grand Prix,Q,GAS,10.0,20.0,clear_violation,327.0,80.0,206.6386888388708,100.0,0.1759002770083102,127,722
2025,United States Grand Prix,Q,STR,6.0,12.0,clear_violation,323.0,73.0,209.3744509251156,99.0,0.1908077994428969,137,718
2025,United States Grand Prix,Q,ALB,8.0,15.0,clear_violation,326.0,77.0,209.49330154184156,100.0,0.2101551480959097,149,709
2025,United States Grand Prix,Q,HUL,13.0,19.0,clear_violation,327.0,79.0,211.31833452848497,100.0,0.1770833333333333,119,672
2025,United States Grand Prix,Q,LAW,13.0,19.0,clear_violation,327.0,78.0,207.92793613434856,100.0,0.1854014598540146,127,685
2025,United States Grand Prix,Q,NOR,4.0,9.0,clear_violation,310.0,62.0,162.3697935704029,100.0,0.1112334801762114,101,908
2025,United States Grand Prix,Q,SAI,13.0,19.0,clear_violation,326.0,77.0,212.14625854088968,100.0,0.2156573116691285,146,677
2025,United States Grand Prix,Q,BEA,18.0,15.0,clear_violation,323.0,72.0,209.54873124040063,100.0,0.2031029619181946,144,709
2025,United States Grand Prix,R,GAS,54.0,1.0,clear_violation,316.0,67.0,192.35253235750125,100.0,0.2168978562421185,172,793
2025,United States Grand Prix,R,ANT,4.0,12.0,clear_violation,328.0,76.0,190.52976386345327,104.0,0.2223684210526315,169,760
2025,United States Grand Prix,R,ANT,20.0,20.0,clear_violation,333.0,68.0,194.1831818039285,100.0,0.2120418848167539,162,764
2025,United States Grand Prix,R,ANT,39.0,9.0,clear_violation,313.0,74.0,196.7969050403343,100.0,0.2031454783748361,155,763
2025,United States Grand Prix,R,ALO,20.0,13.0,clear_violation,307.0,73.0,193.10892470389336,100.0,0.2253886010362694,174,772
2025,United States Grand Prix,R,LEC,21.0,9.0,clear_violation,309.0,65.0,191.0399776586821,100.0,0.2320954907161803,175,754
2025,United States Grand Prix,R,STR,6.0,19.0,clear_violation,323.0,68.0,190.67862761297295,99.0,0.1866330390920554,148,793
2025,United States Grand Prix,R,STR,36.0,20.0,clear_violation,311.0,71.0,197.63198924780048,99.0,0.2047556142668428,155,757
2025,United States Grand Prix,R,TSU,55.0,20.0,clear_violation,307.0,75.0,198.3082147794844,100.0,0.1910994764397905,146,764
2025,United States Grand Prix,R,ALB,28.0,12.0,clear_violation,311.0,74.0,197.209767082159,100.0,0.2244094488188976,171,762
2025,United States Grand Prix,R,ALB,35.0,12.0,clear_violation,316.0,72.0,192.67943945180147,100.0,0.2340702210663199,180,769
2025,United States Grand Prix,R,OCO,3.0,12.0,clear_violation,330.0,74.0,190.15638885812675,100.0,0.2878787878787879,228,792
2025,United States Grand Prix,R,NOR,13.0,20.0,clear_violation,311.0,75.0,195.6012557215548,100.0,0.2141882673942701,157,733
2025,United States Grand Prix,R,NOR,15.0,9.0,clear_violation,330.0,69.0,194.7358169500729,100.0,0.2232496697490092,169,757
2025,United States Grand Prix,R,NOR,19.0,13.0,clear_violation,334.0,70.0,193.97820586236227,100.0,0.2198675496688741,166,755
2025,United States Grand Prix,R,COL,4.0,12.0,clear_violation,315.0,73.0,190.0279193893849,100.0,0.2172774869109947,166,764
2025,United States Grand Prix,R,COL,6.0,19.0,clear_violation,310.0,72.0,191.540292948127,100.0,0.202020202020202,160,792
2025,United States Grand Prix,R,HAM,24.0,19.0,clear_violation,309.0,72.0,194.9357088165124,100.0,0.2346002621231979,179,763
2025,United States Grand Prix,R,HAM,46.0,19.0,clear_violation,310.0,75.0,199.2201187811545,100.0,0.2455661664392905,180,733
2025,United States Grand Prix,R,HAM,56.0,19.0,clear_violation,309.0,69.0,190.0640557261153,100.0,0.2679245283018868,213,795
2025,United States Grand Prix,R,BOR,3.0,12.0,clear_violation,334.0,75.0,190.8604898441744,100.0,0.262483994878361,205,781
2025,United States Grand Prix,R,BOR,31.0,20.0,clear_violation,310.0,75.0,194.55120979139903,100.0,0.2392717815344603,184,769
2025,United States Grand Prix,R,BOR,35.0,12.0,clear_violation,314.0,70.0,194.2802931830719,100.0,0.2210927573062261,174,787
2025,United States Grand Prix,R,HAD,2.0,12.0,clear_violation,332.0,70.0,189.62319624598783,100.0,0.2323491655969191,181,779
2025,United States Grand Prix,R,HAD,3.0,12.0,clear_violation,333.0,70.0,190.4814086856829,100.0,0.2219419924337957,176,793
2025,United States Grand Prix,R,RUS,30.0,12.0,clear_violation,311.0,72.0,193.43146111704067,100.0,0.2198675496688741,166,755
2025,United States Grand Prix,R,PIA,3.0,9.0,clear_violation,333.0,73.0,195.02006542647052,100.0,0.1916010498687664,146,762
2025,United States Grand Prix,R,PIA,5.0,13.0,clear_violation,309.0,74.0,195.3008393030034,100.0,0.194300518134715,150,772
2025,United States Grand Prix,R,PIA,12.0,13.0,clear_violation,307.0,77.0,192.9372532501672,100.0,0.1974025974025974,152,770
2025,United States Grand Prix,R,BEA,13.0,19.0,clear_violation,314.0,69.0,195.81417939147656,100.0,0.2373806275579809,174,733
2025,United States Grand Prix,R,BEA,34.0,15.0,clear_violation,335.0,0.0,186.5148764822972,100.0,0.247074122236671,190,769
2025,United States Grand Prix,S,VER,8.0,12.0,clear_violation,304.0,74.0,201.51045704440187,100.0,0.1953551912568306,143,732
2025,United States Grand Prix,S,VER,12.0,12.0,clear_violation,301.0,73.0,199.89694800337472,100.0,0.1752717391304347,129,736
2025,United States Grand Prix,S,GAS,9.0,12.0,clear_violation,308.0,73.0,194.6552327954936,100.0,0.1971279373368146,151,766
2025,United States Grand Prix,S,ANT,16.0,12.0,clear_violation,315.0,63.0,154.82334020838897,100.0,0.180379746835443,171,948
2025,United States Grand Prix,S,HUL,8.0,9.0,clear_violation,323.0,71.0,200.44737860416785,100.0,0.2289156626506024,171,747
2025,United States Grand Prix,S,HUL,12.0,11.0,clear_violation,317.0,71.0,191.15057469553227,100.0,0.2389610389610389,184,770
2025,United States Grand Prix,S,LAW,9.0,11.0,clear_violation,331.0,66.0,197.30757307480735,100.0,0.1915455746367239,145,757
2025,United States Grand Prix,S,OCO,14.0,11.0,clear_violation,323.0,71.0,196.82716327084003,100.0,0.2838196286472148,214,754
2025,United States Grand Prix,S,COL,8.0,12.0,clear_violation,309.0,74.0,198.1012085413336,100.0,0.1826666666666666,137,750
2025,United States Grand Prix,S,COL,13.0,12.0,clear_violation,307.0,69.0,196.82158942628084,100.0,0.1966145833333333,151,768
2025,United States Grand Prix,S,HAM,12.0,9.0,clear_violation,307.0,73.0,198.3664494760441,100.0,0.2513297872340425,189,752
2025,United States Grand Prix,S,HAM,13.0,9.0,clear_violation,309.0,74.0,197.35367630627405,100.0,0.2458791208791208,179,728
2025,United States Grand Prix,S,BOR,6.0,9.0,clear_violation,312.0,70.0,197.09737284075655,100.0,0.2631578947368421,200,760
2025,United States Grand Prix,S,BOR,7.0,9.0,clear_violation,332.0,70.0,198.39306631037,100.0,0.2405405405405405,178,740
2025,United States Grand Prix,S,HAD,9.0,15.0,clear_violation,326.0,68.0,199.71084262639357,100.0,0.2156084656084656,163,756
2025,United States Grand Prix,S,HAD,11.0,9.0,clear_violation,310.0,65.0,195.86260190785825,100.0,0.2148876404494382,153,712
2025,United States Grand Prix,S,RUS,7.0,15.0,clear_violation,327.0,72.0,201.6651752668568,100.0,0.1953232462173315,142,727
2025,United States Grand Prix,S,RUS,8.0,12.0,clear_violation,327.0,58.0,200.35691163893927,100.0,0.1937244201909959,142,733
2025,United States Grand Prix,S,BEA,14.0,15.0,clear_violation,309.0,63.0,198.12068965561008,100.0,0.2522996057818659,192,761
2025,United States Grand Prix,SQ,BOR,2.0,19.0,clear_violation,327.0,75.0,203.61512914266893,100.0,0.2094313453536754,151,721
2025,United States Grand Prix,SQ,LAW,7.0,19.0,clear_violation,323.0,79.0,207.94518276305325,100.0,0.1762962962962962,119,675
