year,race,session,driver,lap,turn,label,max_speed,min_speed,avg_speed,max_throttle,avg_brake,brake_points,num_points
2018,Abu Dhabi Grand Prix,FP2,LEC,15.0,5.0,no_advantage,320.0,67.0,198.01526000000001,100.0,0.19174400000000000,144,751
2018,Austrian Grand Prix,FP1,LEC,22.0,1.0,no_advantage,281.4749980,62.0,182.8732290000000,100.0,0.2084640000000000,133,638
2018,Austrian Grand Prix,FP2,ERI,7.0,4.0,no_advantage,286.39166699999998,55.0,156.94122999999999,100.0,0.19143199999999999,143,747
2018,Austrian Grand Prix,FP2,SAI,10.0,4.0,no_advantage,294.0,61.0,203.52610600000000,100.0,0.22916700000000001,132,576
2018,Austrian Grand Prix,FP2,MAG,14.0,4.0,no_advantage,301.0,60.0,162.16576300000000,100.0,0.1632090000000000,118,723
2018,Austrian Grand Prix,FP2,ALO,12.0,10.0,no_advantage,317.0,62.0,230.2664060000000,100.0,0.16470599999999999,84,510
2018,Austrian Grand Prix,FP2,MAG,32.0,9.0,no_advantage,299.0,69.0,216.2930040000000,100.0,0.1992620000000000,108,542
2018,Austrian Grand Prix,FP3,VER,5.0,4.0,no_advantage,301.0,46.0,177.39615000000001,100.0,0.2750370000000000,184,669
2018,Austrian Grand Prix,FP3,RAI,9.0,7.0,no_advantage,298.0,0.0,13.654443000000001,104.0,0.8556589999999999,7416,8667
2018,Austrian Grand Prix,Q,STR,4.0,9.0,no_advantage,328.0,47.0,214.8484120000000,100.0,0.22018299999999999,120,545
2018,Austrian Grand Prix,Q,LEC,10.0,4.0,no_advantage,307.0,54.0,155.49000000000001,100.0,0.2174500000000000,162,745
2018,Austrian Grand Prix,R,GAS,12.0,3.0,no_advantage,323.0,58.0,217.72526600000000,100.0,0.20817800000000000,112,538
2018,Austrian Grand Prix,R,HAR,53.0,9.0,no_advantage,315.0,62.0,222.47724099999999,100.0,0.1650850000000000,87,527
2018,Azerbaijan Grand Prix,FP1,HAR,1.0,8.0,no_advantage,261.0,48.0,150.1631750000000,100.0,0.24731200000000000,253,1023
2018,Azerbaijan Grand Prix,FP1,SAI,8.0,3.0,no_advantage,330.0,0.0,22.729628000000002,104.0,0.4856070000000000,3492,7191
2018,Azerbaijan Grand Prix,FP1,HAM,13.0,2.0,no_advantage,332.0,0.0,20.091384000000001,104.0,0.8331280000000000,6770,8126
2018,Azerbaijan Grand Prix,FP1,HAR,16.0,1.0,no_advantage,325.0,64.0,182.2522010000000,100.0,0.1935480000000000,174,899
2018,Azerbaijan Grand Prix,FP1,ALO,17.0,2.0,no_advantage,319.0041660,40.0,172.2856330000000,99.0,0.2733960000000000,260,951
2018,Azerbaijan Grand Prix,FP1,SIR,21.0,3.0,no_advantage,320.0,60.0,176.278395000000,100.0,0.2650860000000000,246,928
2018,Azerbaijan Grand Prix,FP1,BOT,23.0,1.0,no_advantage,320.0,66.0,184.7910480000000,100.0,0.2067360000000000,178,861
2018,Azerbaijan Grand Prix,FP1,GRO,19.0,1.0,no_advantage,329.0,65.0,201.61343199999999,100.0,0.18711300000000000,151,807
2018,Azerbaijan Grand Prix,FP2,VET,2.0,2.0,no_advantage,327.0,65.0,182.195797000000,100.0,0.22666700000000001,204,900
2018,Azerbaijan Grand Prix,FP2,VET,3.0,3.0,no_advantage,327.0,2.0,171.928103000000,100.0,0.22797899999999999,220,965
2018,Azerbaijan Grand Prix,FP2,RAI,1.0,2.0,no_advantage,325.0,58.0,177.8013200000000,100.0,0.1997720000000000,175,876
2018,Azerbaijan Grand Prix,FP2,GRO,4.0,1.0,no_advantage,330.0,68.0,204.2569100000000,100.0,0.19451399999999999,156,802
2018,Azerbaijan Grand Prix,FP2,PER,2.0,3.0,no_advantage,330.6394980000000,58.0,190.2178000000000,100.0,0.22325600000000001,192,860
2018,Azerbaijan Grand Prix,FP2,MAG,5.0,3.0,no_advantage,333.0,55.0,180.0344880000000,100.0,0.22063700000000000,201,911
2018,Azerbaijan Grand Prix,FP2,HAR,5.0,15.0,no_advantage,339.0,60.0,178.35659999999999,100.0,0.19305900000000001,178,922
2018,Azerbaijan Grand Prix,FP2,BOT,2.0,1.0,no_advantage,334.0,64.0,185.41909799999999,100.0,0.252262000000000,223,884
2018,Azerbaijan Grand Prix,FP2,HAM,2.0,8.0,no_advantage,330.0,73.0,204.90213299999999,100.0,0.18976299999999999,152,801
2018,Azerbaijan Grand Prix,FP2,VER,1.0,3.0,no_advantage,322.38749999999999,59.0,176.25557000000001,100.0,0.21094599999999999,185,877
2018,Azerbaijan Grand Prix,FP2,VET,14.0,15.0,no_advantage,328.0,64.0,160.96384900000001,100.0,0.20440900000000001,204,998
2018,Azerbaijan Grand Prix,FP2,LEC,16.0,1.0,no_advantage,311.3833340,70.0,199.2784810000000,100.0,0.18536600000000000,152,820
2018,Azerbaijan Grand Prix,FP2,GAS,27.0,15.0,no_advantage,309.0,65.0,192.93557999999999,100.0,0.1844310000000000,154,835
2018,Azerbaijan Grand Prix,FP2,GRO,18.0,15.0,no_advantage,339.0,63.0,189.26458199999999,100.0,0.20092399999999999,174,866
2018,Azerbaijan Grand Prix,FP2,ALO,25.0,15.0,no_advantage,314.0,69.0,198.35999699999999,100.0,0.2206060000000000,182,825
2018,Azerbaijan Grand Prix,FP2,SAI,30.0,1.0,no_advantage,315.0,68.0,197.27666600000001,100.0,0.22677900000000001,188,829
2018,Azerbaijan Grand Prix,FP2,MAG,26.0,15.0,no_advantage,322.0,0.0,169.76628199999999,100.0,0.23541699999999999,226,960
2018,Azerbaijan Grand Prix,FP2,SAI,35.0,2.0,no_advantage,315.0,70.0,198.27263400000001,100.0,0.20924599999999999,172,822
2018,Azerbaijan Grand Prix,FP3,BOT,2.0,1.0,no_advantage,332.0,60.0,195.62686600000001,100.0,0.21299599999999999,177,831
2018,Azerbaijan Grand Prix,FP3,HAR,3.0,15.0,no_advantage,327.0,62.0,181.72432800000001,100.0,0.18435799999999999,165,895
2018,Azerbaijan Grand Prix,FP3,STR,3.0,3.0,no_advantage,326.0,65.0,184.18636100000001,100.0,0.26220199999999999,231,881
2018,Azerbaijan Grand Prix,FP3,GRO,3.0,15.0,no_advantage,326.45416599999999,67.0,188.18070100000000,100.0,0.2213210000000000,191,863
2018,Azerbaijan Grand Prix,FP3,BOT,10.0,7.0,no_advantage,335.0,66.0,178.90401900000001,100.0,0.26225799999999999,230,877
2018,Azerbaijan Grand Prix,FP3,HAR,10.0,3.0,no_advantage,326.3785710000000,44.0,165.74396300000001,100.0,0.20368400000000000,188,923
2018,Azerbaijan Grand Prix,FP3,PER,8.0,15.0,no_advantage,335.0,46.941665999999998,162.1852880000000,100.0,0.2582010000000000,244,945
2018,Azerbaijan Grand Prix,Q,PER,3.0,15.0,no_advantage,332.0,62.0,175.39541600000001,100.0,0.26264799999999999,244,929
2018,Azerbaijan Grand Prix,Q,MAG,6.0,4.0,no_advantage,328.0,0.0,101.69123300000000,104.0,0.3174400000000000,506,1594
2018,Azerbaijan Grand Prix,Q,ERI,7.0,2.0,no_advantage,326.0,52.0,162.99798899999999,100.0,0.24245500000000000,241,994
2018,Azerbaijan Grand Prix,Q,GAS,6.0,15.0,no_advantage,329.0,0.0,89.63286300000000,104.0,0.4288880000000000,775,1807
2018,Azerbaijan Grand Prix,Q,GAS,9.0,,no_advantage,317.0,58.0,161.26745000000000,100.0,0.24728000000000000,250,1011
2018,Azerbaijan Grand Prix,Q,MAG,9.0,15.0,no_advantage,335.9249980,63.0,174.87711999999999,100.0,0.2319310000000000,215,927
2018,Azerbaijan Grand Prix,Q,RAI,10.0,3.0,no_advantage,327.0,68.0,186.57306199999999,100.0,0.21330299999999999,186,872
2018,Azerbaijan Grand Prix,Q,MAG,13.0,3.0,no_advantage,331.0,0.0,83.16486700000000,104.0,0.42746499999999998,828,1937
2018,Azerbaijan Grand Prix,R,ALO,18.0,2.0,no_advantage,313.0,58.0,197.0701780000000,100.0,0.2187120000000000,180,823
2018,Bahrain Grand Prix,FP2,HAM,3.0,1.0,no_advantage,297.0,61.0,157.89697200000001,100.0,0.2002160000000000,185,924
2018,Bahrain Grand Prix,FP3,GRO,13.0,1.0,no_advantage,295.44166600000000,35.0,143.37886300000000,100.0,0.24097600000000000,247,1025
2018,Belgian Grand Prix,FP3,ALO,9.0,5.0,no_advantage,280.0,63.0,200.05146099999999,100.0,0.15319099999999999,144,940
2018,Belgian Grand Prix,R,RIC,4.0,1.0,no_advantage,333.0,65.0,219.69430199999999,100.0,0.16257300000000000,139,855
2018,British Grand Prix,FP1,ALO,7.0,13.0,no_advantage,291.0,0.0,14.738680000000000,104.0,0.8788730000000000,9389,10683
2018,British Grand Prix,FP2,MAG,4.0,15.0,no_advantage,321.0,81.0,221.79798099999999,100.0,0.16083900000000001,115,715
2018,British Grand Prix,Q,SIR,3.0,15.0,no_advantage,292.0,68.0,153.4615260000000,100.0,0.21376400000000001,205,959
2018,Canadian Grand Prix,FP2,MAG,16.0,1.0,no_advantage,298.0,52.0,150.26620100000000,100.0,0.21566099999999999,168,779
2018,Canadian Grand Prix,FP2,ERI,26.0,1.0,no_advantage,305.0,57.0,199.70477299999999,100.0,0.1711860000000000,101,590
2018,Canadian Grand Prix,FP2,HAR,27.0,1.0,no_advantage,302.0,55.0,201.02108200000001,100.0,0.16723499999999999,98,586
2018,Canadian Grand Prix,FP3,VAN,3.0,3.0,no_advantage,298.0,50.0,166.01649900000001,100.0,0.27092200000000000,191,705
2018,Canadian Grand Prix,FP3,HAR,7.0,1.0,no_advantage,295.67916700000001,57.0,176.45717800000000,100.0,0.1893940000000000,125,660
2018,Canadian Grand Prix,Q,LEC,3.0,1.0,no_advantage,299.0,39.0,157.24538100000001,100.0,0.24396799999999999,182,746
2018,Canadian Grand Prix,R,GRO,50.0,13.0,no_advantage,330.0,57.0,199.5701280000000,100.0,0.1969440000000000,116,589
2018,Chinese Grand Prix,FP1,VER,11.0,16.0,no_advantage,281.0,0.0,13.000778000000000,104.0,0.7459209999999999,8458,11339
2018,Chinese Grand Prix,FP1,ALO,18.0,10.0,no_advantage,294.0,61.0,170.70177799999999,100.0,0.2103450000000000,183,870
2018,Chinese Grand Prix,R,VET,56.0,3.0,no_advantage,312.0,56.0,197.17329500000000,100.0,0.21476500000000001,160,745
2018,French Grand Prix,FP1,HAM,6.0,8.0,no_advantage,315.0,0.0,145.99978700000000,100.0,0.22532600000000000,242,1074
2018,French Grand Prix,FP1,ERI,7.0,14.0,no_advantage,324.0,0.0,193.41466000000000,100.0,0.1664630000000000,136,817
2018,French Grand Prix,FP1,LEC,7.0,1.0,no_advantage,324.0,74.0,215.84126699999999,100.0,0.1539510000000000,113,734
2018,French Grand Prix,FP1,LEC,13.0,8.0,no_advantage,302.0,70.0,173.05656300000001,100.0,0.19912500000000000,182,914
2018,French Grand Prix,FP2,GRO,1.0,12.0,no_advantage,299.8249980,0.0,170.47769900000000,100.0,0.21800400000000000,201,922
2018,French Grand Prix,FP3,PER,3.0,4.0,no_advantage,324.0,56.0,182.9932050000000,100.0,0.1855310000000000,159,857
2018,French Grand Prix,FP3,SIR,3.0,8.0,no_advantage,268.01666799999998,48.0,152.43450000000001,100.0,0.22517200000000001,229,1017
2018,French Grand Prix,FP3,STR,2.0,7.0,no_advantage,269.0,58.0,149.35325100000000,100.0,0.222008000000000,230,1036
2018,French Grand Prix,FP3,LEC,4.0,8.0,no_advantage,276.0,52.0,159.04798500000001,100.0,0.2388660000000000,236,988
2018,French Grand Prix,Q,SIR,9.0,15.0,no_advantage,333.0,53.0,193.46844300000001,100.0,0.2254260000000000,172,763
2018,German Grand Prix,FP1,HUL,10.0,2.0,no_advantage,275.1194030000000,0.0,17.613793999999999,104.0,0.6461540000000000,4536,7020
2018,German Grand Prix,FP1,HUL,18.0,12.0,no_advantage,295.0,0.0,117.02222900000000,100.0,0.3259830000000000,340,1043
2018,German Grand Prix,FP2,VER,5.0,2.0,no_advantage,287.0,50.0,116.90207599999999,100.0,0.32859800000000000,347,1056
2018,German Grand Prix,FP2,SIR,25.0,13.0,no_advantage,302.0,49.0,204.6922470000000,100.0,0.20364199999999999,123,604
2018,German Grand Prix,FP3,GAS,2.0,8.0,no_advantage,287.0,0.0,5.52374000000000,104.0,0.9423700000000000,21045,22332
2018,German Grand Prix,FP3,SIR,7.0,2.0,no_advantage,284.0,44.0,173.25420399999999,100.0,0.24089600000000000,172,714
2018,German Grand Prix,FP3,HAR,4.0,8.0,no_advantage,282.0,47.0,172.55108999999999,100.0,0.1994460000000000,144,722
2018,German Grand Prix,Q,ERI,12.0,13.0,no_advantage,321.0,0.0,146.72379000000001,100.0,0.1354530000000000,115,849
2018,German Grand Prix,R,GAS,45.0,12.0,no_advantage,293.0,45.0,174.26219100000000,100.0,0.2086230000000000,150,719
2018,Italian Grand Prix,FP1,VER,3.0,11.0,no_advantage,309.0,0.0,196.7156150000000,100.0,0.17802999999999999,141,792
2018,Italian Grand Prix,FP1,RIC,4.0,7.0,no_advantage,311.0,55.0,211.3631900000000,100.0,0.18523500000000001,138,745
2018,Italian Grand Prix,FP1,HAR,2.0,11.0,no_advantage,307.0,0.0,10.31662400000000,104.0,0.9262089999999999,14171,15300
2018,Italian Grand Prix,FP1,RAI,10.0,4.0,no_advantage,309.0,49.0,212.30798500000000,100.0,0.17432400000000001,129,740
2018,Italian Grand Prix,FP2,VET,17.0,11.0,no_advantage,322.0,57.0,183.51075900000001,100.0,0.1350410000000000,116,859
2018,Italian Grand Prix,Q,MAG,7.0,5.0,no_advantage,307.93333300000000,0.0,40.489662000000003,104.0,0.6737109999999999,2614,3880
2018,Japanese Grand Prix,FP2,LEC,2.0,13.0,no_advantage,322.0,74.0,225.1191490000000,100.0,0.15948300000000001,111,696
2018,Japanese Grand Prix,FP2,SIR,10.0,13.0,no_advantage,284.0,0.0,131.1970260000000,100.0,0.28739500000000001,342,1190
2018,Japanese Grand Prix,FP3,PER,3.0,13.0,no_advantage,282.0,56.0,174.48515200000000,100.0,0.2,179,895
2018,Japanese Grand Prix,FP3,RAI,8.0,7.0,no_advantage,291.0,0.0,161.9482510000000,100.0,0.1934160000000000,188,972
2018,Japanese Grand Prix,FP3,LEC,10.0,13.0,no_advantage,286.0,0.0,37.61236000000000,104.0,0.7169950000000000,2987,4166
2018,Japanese Grand Prix,R,LEC,38.0,9.0,no_advantage,316.0,67.0,219.50224299999999,100.0,0.18091199999999999,127,702
2018,Mexican Grand Prix,FP2,HAM,7.0,1.0,no_advantage,292.0,57.0,140.66812300000001,100.0,0.18938500000000000,157,829
2018,Mexican Grand Prix,FP3,GRO,8.0,1.0,no_advantage,296.0,33.0,148.05480800000001,100.0,0.30283500000000002,235,776
2018,Mexican Grand Prix,Q,VET,3.0,1.0,no_advantage,299.0,47.0,143.48043699999999,100.0,0.16604200000000000,133,801
2018,Mexican Grand Prix,Q,HAM,5.0,11.0,no_advantage,293.0,62.0,161.06752299999999,100.0,0.15611800000000001,111,711
2018,Mexican Grand Prix,Q,ALO,2.0,11.0,no_advantage,341.0,66.0,198.2140310000000,100.0,0.22586200000000001,131,580
2018,Monaco Grand Prix,FP1,VER,21.0,1.0,no_advantage,269.0,46.0,130.01195999999999,100.0,0.1967930000000000,135,686
2018,Monaco Grand Prix,FP3,BOT,5.0,1.0,no_advantage,275.0,40.0,126.96254600000000,100.0,0.22836899999999999,161,705
2018,Monaco Grand Prix,FP3,SAI,13.0,1.0,no_advantage,276.68333300000000,40.0,122.64473700000001,100.0,0.23669499999999999,169,714
2018,Monaco Grand Prix,FP3,STR,20.0,1.0,no_advantage,271.82142700000003,39.0,122.65117400000000,100.0,0.2809920000000000,204,726
2018,Monaco Grand Prix,Q,LEC,10.0,1.0,no_advantage,284.0,38.0,112.17994800000000,100.0,0.24055399999999999,191,794
2018,Monaco Grand Prix,Q,BOT,9.0,,no_advantage,290.0,46.0,163.85109499999999,100.0,0.23572699999999999,128,543
2018,Russian Grand Prix,FP1,NOR,7.0,4.0,no_advantage,285.0,76.0,180.02731499999999,100.0,0.17586199999999999,153,870
2018,Russian Grand Prix,FP1,BOT,10.0,5.0,no_advantage,321.0,53.0,183.59663599999999,100.0,0.20118300000000000,170,845
2018,Russian Grand Prix,FP1,HAM,10.0,2.0,no_advantage,308.0,0.0,18.04729800000000,104.0,0.8326220000000000,7223,8675
2018,Russian Grand Prix,FP1,BOT,16.0,2.0,no_advantage,305.0,71.0,167.69184000000001,100.0,0.22162699999999999,207,934
2018,Russian Grand Prix,FP1,VER,14.0,7.0,no_advantage,270.0,62.0,142.08450199999999,100.0,0.27474599999999999,297,1081
2018,Russian Grand Prix,FP1,LEC,14.0,8.0,no_advantage,279.0,62.0,135.3602260000000,100.0,0.12445600000000000,143,1149
2018,Russian Grand Prix,FP2,VET,3.0,2.0,no_advantage,266.0,70.0,156.854153000000,100.0,0.18181800000000001,182,1001
2018,Russian Grand Prix,FP2,RAI,2.0,2.0,no_advantage,322.0,80.0,188.5424590000000,100.0,0.18660299999999999,156,836
2018,Russian Grand Prix,FP2,HUL,5.0,2.0,no_advantage,280.0,65.0,161.46408500000001,100.0,0.22643400000000000,221,976
2018,Russian Grand Prix,FP2,SIR,7.0,7.0,no_advantage,320.0,80.0,211.55555300000000,100.0,0.1765500000000000,131,742
2018,Russian Grand Prix,FP2,LEC,13.0,2.0,no_advantage,323.0,94.0,219.6944040000000,100.0,0.17541399999999999,127,724
2018,Russian Grand Prix,FP2,LEC,14.0,5.0,no_advantage,280.0,65.0,151.11192500000001,100.0,0.1859580000000000,196,1054
2018,Russian Grand Prix,FP2,HAM,19.0,2.0,no_advantage,312.0,95.0,209.98721699999999,100.0,0.1880790000000000,142,755
2018,Russian Grand Prix,FP3,RAI,1.0,7.0,no_advantage,297.0,60.79166600000000,164.74830900000001,100.0,0.17420099999999999,158,907
2018,Russian Grand Prix,FP3,ERI,2.0,7.0,no_advantage,302.0,0.0,20.735999000000000,104.0,0.8275540000000000,6229,7527
2018,Russian Grand Prix,FP3,VET,7.0,4.0,no_advantage,310.0,0.0,15.087922000000001,104.0,0.8789950000000000,9131,10388
2018,Russian Grand Prix,FP3,HUL,8.0,4.0,no_advantage,296.0,0.0,26.500820999999998,104.0,0.4483690000000000,2653,5917
2018,Russian Grand Prix,FP3,RIC,11.0,4.0,no_advantage,277.0,0.0,19.881467000000001,104.0,0.7000380000000000,5531,7901
2018,Singapore Grand Prix,FP1,PER,8.0,20.0,no_advantage,271.0,45.0,129.9448410000000,100.0,0.2579400000000000,268,1039
2018,Singapore Grand Prix,FP1,HAM,11.0,1.0,no_advantage,284.0,0.0,19.705259999999999,104.0,0.7471750000000000,5157,6902
2018,Singapore Grand Prix,FP1,RAI,13.0,18.0,no_advantage,292.0,57.0,138.82645900000000,100.0,0.20714299999999999,203,980
2018,Singapore Grand Prix,FP1,BOT,18.0,14.0,no_advantage,294.0,57.0,138.81097100000000,100.0,0.26136399999999999,253,968
2018,Singapore Grand Prix,FP2,SIR,3.0,8.0,no_advantage,282.0,43.0,128.93265000000000,100.0,0.26704499999999998,282,1056
2018,Singapore Grand Prix,FP2,HAM,2.0,14.0,no_advantage,316.0,63.0,179.37308500000000,100.0,0.22601800000000000,172,761
2018,Singapore Grand Prix,FP2,GRO,6.0,7.0,no_advantage,300.0,52.0,155.5526210000000,100.0,0.2671230000000000,234,876
2018,Singapore Grand Prix,FP2,MAG,10.0,5.0,no_advantage,291.0,53.0,125.49612600000000,100.0,0.17463200000000001,190,1088
2018,Spanish Grand Prix,FP1,HAR,7.0,4.0,no_advantage,312.0,72.0,201.41854200000000,100.0,0.1529790000000000,95,621
2018,Spanish Grand Prix,FP1,GRO,7.0,4.0,no_advantage,316.0,70.0,201.49166700000001,100.0,0.18739900000000001,116,619
2018,Spanish Grand Prix,FP1,GRO,8.0,7.0,no_advantage,319.0,32.0,173.24227099999999,100.0,0.20251400000000000,145,716
2018,Spanish Grand Prix,FP1,HAR,26.0,10.0,no_advantage,242.0,0.0,104.92904100000000,100.0,0.19896200000000000,230,1156
2018,Spanish Grand Prix,FP2,RAI,13.0,4.0,no_advantage,296.0,46.0,142.10327899999999,100.0,0.19058600000000001,166,871
2018,Spanish Grand Prix,FP2,LEC,21.0,4.0,no_advantage,302.0,75.0,197.66397900000001,100.0,0.18808800000000001,120,638
2018,Spanish Grand Prix,FP2,VER,33.0,2.0,no_advantage,296.0,80.0,205.73063600000000,100.0,0.16123799999999999,99,614
2018,Spanish Grand Prix,FP3,STR,9.0,4.0,no_advantage,285.37500199999999,0.0,127.87193600000001,100.0,0.1767110000000000,173,979
2018,Spanish Grand Prix,Q,ERI,3.0,1.0,no_advantage,311.0,72.0,154.4097570000000,100.0,0.15723300000000001,125,795
2018,Spanish Grand Prix,Q,GRO,17.0,7.0,no_advantage,306.0,52.0,163.07290900000001,100.0,0.20990900000000001,161,767
2018,Spanish Grand Prix,R,SIR,40.0,9.0,no_advantage,264.0,60.0,135.27490200000000,100.0,0.30711200000000000,285,928
2018,United States Grand Prix,FP1,PER,4.0,11.0,no_advantage,285.0,0.0,26.719525999999998,104.0,0.780447000000000,4646,5953
2018,United States Grand Prix,FP1,VET,12.0,11.0,no_advantage,298.0,57.0,159.65479400000001,100.0,0.20786499999999999,185,890
2018,United States Grand Prix,FP2,HAR,13.0,11.0,no_advantage,268.0,0.0,40.24047600000000,104.0,0.6443590000000000,2359,3661
2019,Australian Grand Prix,FP2,RUS,27.0,3.0,no_advantage,291.0,81.0,206.82986299999999,100.0,0.16092000000000001,112,696
2019,Australian Grand Prix,R,KVY,36.0,3.0,no_advantage,324.0,73.0,212.87523600000000,100.0,0.20206499999999999,137,678
2019,Austrian Grand Prix,FP1,GAS,11.0,9.0,no_advantage,316.0,68.0,232.68741600000001,100.0,0.14314099999999999,72,503
2019,Austrian Grand Prix,FP1,VET,11.0,1.0,no_advantage,294.3833340,0.0,5.3536929999999998,104.0,0.922166000000000,20082,21777
2019,Austrian Grand Prix,FP1,NOR,20.0,10.0,no_advantage,317.0,70.0,222.6394440000000,100.0,0.15443999999999999,80,518
2019,Austrian Grand Prix,FP1,VER,25.0,1.0,no_advantage,294.0,63.0,187.3768230000000,100.0,0.19101099999999999,119,623
2019,Austrian Grand Prix,FP2,BOT,2.0,10.0,no_advantage,317.0,72.0,227.1005140000000,100.0,0.15234400,78,512
2019,Austrian Grand Prix,FP2,HAM,2.0,10.0,no_advantage,318.0,70.0,232.9496640000000,100.0,0.146,73,500
2019,Austrian Grand Prix,FP2,GAS,5.0,4.0,no_advantage,286.4166660,60.0,165.67992799999999,100.0,0.15602800000000000,110,705
2019,Austrian Grand Prix,FP2,VET,14.0,10.0,no_advantage,329.0,0.0,168.65538699999999,100.0,0.15204699999999999,104,684
2019,Austrian Grand Prix,FP2,SAI,35.0,6.0,no_advantage,296.0,67.0,224.36496000000000,100.0,0.1640930000000000,85,518
2019,Austrian Grand Prix,FP2,LEC,30.0,3.0,no_advantage,305.0,64.0,207.87815499999999,100.0,0.1890360000000000,100,529
2019,Austrian Grand Prix,FP3,GRO,5.0,3.0,no_advantage,303.0,54.0,146.19853200000000,100.0,0.1587710000000000,124,781
2019,Austrian Grand Prix,FP3,KUB,17.0,10.0,no_advantage,317.0,66.0,220.86016900000001,100.0,0.1811320000000000,96,530
2019,Austrian Grand Prix,FP3,GRO,15.0,9.0,no_advantage,316.0,68.0,227.37184199999999,100.0,0.1895550000000000,98,517
2019,Austrian Grand Prix,Q,KVY,7.0,9.0,no_advantage,320.0,72.0,238.50272200000001,100.0,0.15121000000000001,75,496
2019,Austrian Grand Prix,Q,KVY,8.0,1.0,no_advantage,305.0,36.0,159.8108360000000,100.0,0.15342500000000001,112,730
2019,Austrian Grand Prix,Q,MAG,13.0,4.0,no_advantage,290.74999900000000,0.0,48.225284000000002,104.0,0.3799840000000000,934,2458
2019,Austrian Grand Prix,R,GIO,5.0,1.0,no_advantage,299.0,65.0,218.81167300000001,100.0,0.18435799999999999,99,537
2019,Austrian Grand Prix,R,NOR,5.0,5.0,no_advantage,300.0,65.0,217.93378000000001,99.0,0.18504699999999999,99,535
2019,Azerbaijan Grand Prix,FP2,NOR,4.0,3.0,no_advantage,327.0,60.0,170.3336890000000,100.0,0.2264960000000000,212,936
2019,Azerbaijan Grand Prix,FP2,MAG,4.0,3.0,no_advantage,332.0,62.0,183.07484299999999,100.0,0.19102400000000000,166,869
2019,Azerbaijan Grand Prix,FP2,HAM,5.0,8.0,no_advantage,324.0,74.0,202.94640600000000,100.0,0.18584100000000001,147,791
2019,Azerbaijan Grand Prix,FP2,VET,6.0,3.0,no_advantage,324.0,56.0,178.5149470000000,100.0,0.2058140000000000,177,860
2019,Azerbaijan Grand Prix,FP2,GAS,14.0,3.0,no_advantage,326.8,54.0,157.41300799999999,100.0,0.18597900000000001,191,1027
2019,Azerbaijan Grand Prix,FP2,RIC,13.0,15.0,no_advantage,331.0,0.0,40.89662300000000,104.0,0.49810199999999999,1968,3951
2019,Azerbaijan Grand Prix,FP2,BOT,23.0,3.0,no_advantage,315.0,44.3916670,170.03471099999999,100.0,0.21913199999999999,197,899
2019,Azerbaijan Grand Prix,FP2,GIO,25.0,15.0,no_advantage,322.0,68.0,199.19178600000001,100.0,0.21104300000000001,172,815
2019,Azerbaijan Grand Prix,FP2,GIO,27.0,2.0,no_advantage,316.0,63.0,182.80550400000001,100.0,0.2633370000000000,232,881
2019,Azerbaijan Grand Prix,FP2,GRO,28.0,8.0,no_advantage,316.0,66.0,196.98363100000000,100.0,0.20316300000000001,167,822
2019,Azerbaijan Grand Prix,FP2,GRO,29.0,3.0,no_advantage,315.0,0.0,163.3508090000000,100.0,0.2399190000000000,238,992
2019,Azerbaijan Grand Prix,FP2,VET,26.0,4.0,no_advantage,312.0,68.0,200.00200899999999,100.0,0.18316800000000000,148,808
2019,Azerbaijan Grand Prix,FP3,ALB,11.0,2.0,no_advantage,300.0,0.0,142.13471999999999,100.0,0.3134850000000000,358,1142
2019,Azerbaijan Grand Prix,FP3,HAM,15.0,2.0,no_advantage,326.0281250,65.0,175.6095650000000,100.0,0.2423580000000000,222,916
2019,Azerbaijan Grand Prix,Q,HAM,1.0,3.0,no_advantage,330.0,44.0,157.42474600000000,100.0,0.29235499999999998,283,968
2019,Azerbaijan Grand Prix,Q,HUL,2.0,3.0,no_advantage,333.8,62.0,177.16074900000001,100.0,0.23026300000000000,210,912
2019,Bahrain Grand Prix,R,GRO,8.0,2.0,no_advantage,297.0,63.0,197.2004360000000,100.0,0.18231300000000000,134,735
2019,Belgian Grand Prix,FP1,KUB,2.0,1.0,no_advantage,298.0,0.0,22.194058999999999,104.0,0.8364730000000000,6972,8335
2019,Belgian Grand Prix,FP1,HAM,9.0,1.0,no_advantage,322.0,44.0,189.7408280000000,100.0,0.125,124,992
2019,British Grand Prix,FP1,ALB,11.0,6.0,no_advantage,0.0,0.0,0.0,0.0,0.0,0,768
2019,British Grand Prix,FP2,ALB,1.0,6.0,no_advantage,290.0,67.0,188.15726599999999,100.0,0.1692110000000000,133,786
2019,British Grand Prix,FP2,NOR,11.0,12.0,no_advantage,293.0,0.0,30.132470000000001,104.0,0.7889500000000000,4127,5231
2019,British Grand Prix,R,GRO,1.0,5.0,no_advantage,294.0,0.0,156.65437000000000,100.0,0.17647099999999999,174,986
2019,British Grand Prix,R,PER,26.0,6.0,no_advantage,299.0,92.0,225.68032299999999,100.0,0.16292100000000001,116,712
2019,Canadian Grand Prix,FP1,LAT,4.0,8.0,no_advantage,299.0,53.0,174.1715690000000,100.0,0.21013399999999999,141,671
2019,Canadian Grand Prix,FP1,LAT,9.0,8.0,no_advantage,286.0,50.0,150.35854200000000,100.0,0.21079700000000001,164,778
2019,Canadian Grand Prix,FP1,GRO,10.0,8.0,no_advantage,298.0,54.0,166.16484399999999,100.0,0.21610199999999999,153,708
2019,Canadian Grand Prix,FP1,ALB,13.0,8.0,no_advantage,300.0,56.0,196.45906099999999,100.0,0.1949580000000000,116,595
2019,Canadian Grand Prix,FP1,KVY,16.0,13.0,no_advantage,321.0,52.0,194.41257999999999,100.0,0.18136400000000000,109,601
2019,Canadian Grand Prix,FP1,GAS,12.0,1.0,no_advantage,296.0,52.0,161.27219700000001,100.0,0.19917599999999999,145,728
2019,Canadian Grand Prix,FP1,VET,11.0,1.0,no_advantage,253.0,0.0,13.401128999999999,104.0,0.8726090000000000,7665,8784
2019,Canadian Grand Prix,FP1,MAG,27.0,8.0,no_advantage,294.0,45.0,179.05099999999999,100.0,0.21428600000000000,141,658
2019,Canadian Grand Prix,FP1,VER,23.0,8.0,no_advantage,299.0,56.0,200.5144270000000,100.0,0.15699700000000000,92,586
2019,Canadian Grand Prix,FP1,SAI,31.0,8.0,no_advantage,300.0,60.0,191.60586400000000,99.0,0.20130899999999999,123,611
2019,Canadian Grand Prix,FP2,ALB,1.0,8.0,no_advantage,299.0,57.0,171.39761899999999,100.0,0.21764700000000001,148,680
2019,Canadian Grand Prix,FP2,GAS,1.0,8.0,no_advantage,299.0,63.0,187.72087600000000,100.0,0.20450900000000000,127,621
2019,Canadian Grand Prix,FP2,GRO,1.0,8.0,no_advantage,298.0,0.0,145.80771600000000,100.0,0.26119399999999998,210,804
2019,Canadian Grand Prix,FP2,KVY,16.0,1.0,no_advantage,298.4250020,51.0,159.00996200000000,100.0,0.18783800000000000,139,740
2019,Canadian Grand Prix,FP2,GAS,18.0,1.0,no_advantage,298.0,54.0,151.99036699999999,100.0,0.18814400000000001,146,776
2019,Canadian Grand Prix,FP2,NOR,21.0,8.0,no_advantage,305.0,57.0,193.71409900000000,100.0,0.19669400000000001,119,605
2019,Canadian Grand Prix,FP3,GIO,6.0,13.0,no_advantage,329.0,64.0,204.17863800000001,100.0,0.1875,108,576
2019,Canadian Grand Prix,FP3,RUS,5.0,1.0,no_advantage,306.0,51.0,151.67530900000000,100.0,0.24680299999999999,193,782
2019,Canadian Grand Prix,FP3,NOR,8.0,13.0,no_advantage,325.0,49.0,195.68433400000001,100.0,0.18016499999999999,109,605
2019,Canadian Grand Prix,FP3,RIC,6.0,1.0,no_advantage,302.0,55.0,164.0357710000000,100.0,0.14285700000000001,103,721
2019,Canadian Grand Prix,FP3,LEC,13.0,1.0,no_advantage,306.2510470000000,54.0,168.05720199999999,100.0,0.25951999999999997,184,709
2019,Canadian Grand Prix,FP3,GIO,17.0,1.0,no_advantage,333.0,61.0,213.4615750000000,100.0,0.18571399999999999,104,560
2019,Canadian Grand Prix,Q,LEC,8.0,8.0,no_advantage,306.3107140,60.0,187.74635799999999,100.0,0.17862800000000001,112,627
2019,Canadian Grand Prix,R,ALB,4.0,1.0,no_advantage,298.0,58.0,196.2354040000000,100.0,0.19263000000000000,115,597
2019,Canadian Grand Prix,R,NOR,7.0,8.0,no_advantage,308.0,57.0,195.92635200000001,99.0,0.1912750000000000,114,596
2019,Canadian Grand Prix,R,NOR,8.0,13.0,no_advantage,307.0,55.0,178.59951300000000,99.0,0.24731200000000000,161,651
2019,Canadian Grand Prix,R,RUS,25.0,13.0,no_advantage,302.0,58.0,191.38677400000000,100.0,0.20949300000000001,128,611
2019,Canadian Grand Prix,R,SAI,29.0,13.0,no_advantage,308.0,56.0,197.27726300000000,99.0,0.20777000000000001,123,592
2019,Canadian Grand Prix,R,HUL,30.0,8.0,no_advantage,299.0,61.0,203.25351000000001,100.0,0.1597220000000000,92,576
2019,Canadian Grand Prix,R,GRO,33.0,1.0,no_advantage,307.0,56.0,198.0213140000000,100.0,0.18074299999999999,107,592
2019,Canadian Grand Prix,R,ALB,57.0,8.0,no_advantage,300.0,60.0,199.5697790000000,100.0,0.1857640000000000,107,576
2019,Chinese Grand Prix,FP3,NOR,10.0,16.0,no_advantage,315.0,60.0,196.8492470000000,100.0,0.15654499999999999,116,741
2019,Chinese Grand Prix,R,VET,25.0,14.0,no_advantage,304.0,61.0,200.80520200000001,100.0,0.15591400000000000,116,744
2019,French Grand Prix,FP1,VET,12.0,1.0,no_advantage,292.0,36.0,143.96865399999999,100.0,0.13922899999999999,148,1063
2019,French Grand Prix,FP1,RAI,6.0,4.0,no_advantage,316.0,73.0,186.27532800000000,100.0,0.1873510000000000,157,838
2019,French Grand Prix,FP1,GAS,9.0,2.0,no_advantage,318.0,0.0,149.94104700000000,100.0,0.19234499999999999,196,1019
2019,French Grand Prix,FP2,VET,2.0,12.0,no_advantage,326.0,66.0,201.60522000000000,100.0,0.16279099999999999,126,774
2019,French Grand Prix,FP2,NOR,10.0,8.0,no_advantage,325.0,80.0,225.14335100000000,100.0,0.15028900000000001,104,692
2019,French Grand Prix,FP2,HAM,9.0,4.0,no_advantage,307.65,57.0,180.02524399999999,104.0,0.20321500000000001,177,871
2019,French Grand Prix,FP2,RUS,17.0,2.0,no_advantage,330.0,0.0,40.1535330000000,104.0,0.6957200000000000,2666,3832
2019,French Grand Prix,FP2,PER,16.0,2.0,no_advantage,305.0,75.0,211.70282499999999,100.0,0.18758400000000000,139,741
2019,French Grand Prix,FP2,PER,26.0,8.0,no_advantage,312.0,77.0,213.32870100000000,100.0,0.19478699999999999,142,729
2019,French Grand Prix,R,RIC,35.0,8.0,no_advantage,307.0,81.0,217.15791999999999,100.0,0.14540500000000001,106,729
2019,German Grand Prix,FP1,BOT,27.0,13.0,no_advantage,302.0,54.0,206.98533100000000,100.0,0.16275200000000001,97,596
2019,German Grand Prix,FP3,VET,2.0,1.0,clear_violation,323.0,57.0,224.5666160000000,100.0,0.1793480000000000,99,552
2019,German Grand Prix,FP3,VET,12.0,17.0,clear_violation,324.0,58.0,226.2569710000000,100.0,0.1669720000000000,91,545
2019,German Grand Prix,FP3,RAI,8.0,17.0,clear_violation,328.0,57.0,223.82151500000001,100.0,0.1615800000000000,90,557
2019,German Grand Prix,FP3,RAI,15.0,17.0,clear_violation,334.0,56.0,224.11071699999999,100.0,0.15467600000000001,86,556
2019,German Grand Prix,FP3,RAI,17.0,17.0,clear_violation,334.0,55.0,224.4597500000000,100.0,0.16606499999999999,92,554
2019,German Grand Prix,FP3,ALB,11.0,17.0,clear_violation,321.0,54.0,221.96137400000001,100.0,0.16337499999999999,91,557
2019,German Grand Prix,FP3,KVY,9.0,1.0,clear_violation,323.0,55.0,222.63024700000000,100.0,0.1556350000000000,87,559
2019,German Grand Prix,FP3,KVY,12.0,1.0,clear_violation,321.0,53.0,221.9442490000000,100.0,0.13799300000000000,77,558
2019,German Grand Prix,FP3,HAM,17.0,17.0,clear_violation,318.0,58.0,226.58156299999999,100.0,0.13138700000000000,72,548
2019,German Grand Prix,FP3,SAI,17.0,17.0,clear_violation,325.0,56.0,222.8942570000000,100.0,0.15467600000000001,86,556
2019,German Grand Prix,Q,GAS,14.0,17.0,clear_violation,329.0,56.0,228.35173000000000,100.0,0.13468600000000000,73,542
2019,German Grand Prix,Q,LEC,7.0,1.0,clear_violation,296.0,53.0,192.46580100000000,100.0,0.18662500000000001,120,643
2019,German Grand Prix,Q,GIO,5.0,1.0,clear_violation,336.0,56.0,217.53159600000001,100.0,0.15669000000000000,89,568
2019,German Grand Prix,Q,KUB,4.0,17.0,clear_violation,325.0,51.0,218.1870470000000,100.0,0.1728400000000000,98,567
2019,German Grand Prix,R,HAM,52.0,1.0,no_advantage,305.0,58.0,210.85515400000000,100.0,0.15878400000000001,94,592
2019,German Grand Prix,R,GRO,61.0,6.0,no_advantage,307.0,48.0,208.751248000000,100.0,0.18363900000000000,110,599
2019,Hungarian Grand Prix,R,HAM,2.0,3.0,no_advantage,296.0,92.0,190.73963000000001,100.0,0.19193499999999999,119,620
2019,Hungarian Grand Prix,R,BOT,7.0,4.0,no_advantage,291.0,95.0,193.11535200000000,100.0,0.1791530000000000,110,614
2019,Hungarian Grand Prix,R,PER,69.0,1.0,no_advantage,302.0,70.0,187.37594999999999,100.0,0.25471700000000003,162,636
2019,Monaco Grand Prix,FP1,VET,6.0,1.0,no_advantage,274.7749980,40.0,132.15421699999999,100.0,0.2725950000000000,187,686
2019,Monaco Grand Prix,FP1,BOT,12.0,1.0,no_advantage,286.0,42.0,140.95048000000000,100.0,0.2115090000000000,136,643
2019,Monaco Grand Prix,FP1,KVY,20.0,1.0,no_advantage,280.0,39.0,126.38962500000000,100.0,0.27310899999999999,195,714
2019,Monaco Grand Prix,FP1,NOR,27.0,1.0,no_advantage,279.68333200000001,43.0,131.09321700000001,99.0,0.2714080000000000,187,689
2019,Monaco Grand Prix,FP1,VER,18.0,5.0,no_advantage,282.0,0.0,90.58767000000000,100.0,0.4221420000000000,469,1111
2019,Monaco Grand Prix,FP1,STR,18.0,1.0,no_advantage,285.0,46.0,154.76607999999999,100.0,0.25,146,584
2019,Monaco Grand Prix,FP2,RUS,5.0,1.0,no_advantage,275.0,40.0,123.33762400000001,100.0,0.21224499999999999,156,735
2019,Monaco Grand Prix,FP2,HAM,18.0,1.0,no_advantage,276.0,45.0,117.60504299999999,100.0,0.2109380,162,768
2019,Monaco Grand Prix,FP2,VET,26.0,1.0,no_advantage,283.0,44.0,156.58432300000001,100.0,0.2607940000000000,151,579
2019,Monaco Grand Prix,FP3,STR,17.0,1.0,no_advantage,279.0,33.0,109.55958900000000,100.0,0.16747600000000001,138,824
2019,Spanish Grand Prix,FP1,GRO,12.0,7.0,no_advantage,304.0,38.0,121.82012500000000,100.0,0.12730800000000000,131,1029
2019,Spanish Grand Prix,FP2,HAM,5.0,13.0,no_advantage,319.0,78.0,203.18231800000001,100.0,0.14402599999999999,88,611
2019,Spanish Grand Prix,FP2,KVY,24.0,1.0,no_advantage,304.0,70.0,199.50586699999999,100.0,0.16427400000000000,103,627
2020,70th Anniversary Grand Prix,FP1,VET,8.0,9.0,clear_violation,315.0,90.0,237.81042400000001,100.0,0.11428600000000000,88,770
2020,70th Anniversary Grand Prix,FP1,RAI,9.0,9.0,clear_violation,319.0,88.0,235.7088590000000,100.0,0.12612599999999999,98,777
2020,70th Anniversary Grand Prix,FP1,MAG,10.0,9.0,clear_violation,318.0,57.0,232.2546880000000,100.0,0.14936700000000000,118,790
2020,70th Anniversary Grand Prix,FP1,ALB,20.0,15.0,clear_violation,320.0,90.0,235.35438300000001,100.0,0.15038599999999999,117,778
2020,70th Anniversary Grand Prix,FP1,KUB,12.0,9.0,clear_violation,319.0,86.0,235.50446900000000,100.0,0.16174600000000000,126,779
2020,70th Anniversary Grand Prix,FP2,RIC,9.0,9.0,clear_violation,320.0,96.0,241.7799110000000,100.0,0.10052899999999999,76,756
2020,70th Anniversary Grand Prix,FP2,ALB,15.0,9.0,clear_violation,300.0,81.0,224.62590900000001,100.0,0.15950900000000001,130,815
2020,70th Anniversary Grand Prix,FP2,SAI,22.0,9.0,clear_violation,313.0,85.0,213.19966900000000,99.0,0.1451990000000000,124,854
2020,70th Anniversary Grand Prix,FP2,STR,17.0,14.0,no_advantage,305.0,82.0,212.7599360000000,100.0,0.21769500000000000,187,859
2020,70th Anniversary Grand Prix,FP2,RAI,24.0,13.0,no_advantage,325.0,0.0,178.08017799999999,100.0,0.2200390000000000,224,1018
2020,70th Anniversary Grand Prix,FP3,VER,8.0,15.0,clear_violation,311.0,64.0,170.842511000000,100.0,0.14459000000000000,155,1072
2020,70th Anniversary Grand Prix,FP3,RUS,5.0,15.0,clear_violation,325.0,52.0,213.30552200000000,100.0,0.1558140000000000,134,860
2020,70th Anniversary Grand Prix,Q,KVY,5.0,15.0,clear_violation,333.0,91.0,239.08943199999999,100.0,0.1227150000000000,94,766
2020,70th Anniversary Grand Prix,R,ALB,10.0,15.0,clear_violation,324.0,86.0,222.94771000000000,100.0,0.20372699999999999,164,805
2020,70th Anniversary Grand Prix,R,ALB,33.0,15.0,clear_violation,350.0,86.0,228.10748500000000,100.0,0.18625,149,800
2020,70th Anniversary Grand Prix,R,KVY,30.0,15.0,clear_violation,337.0,82.0,225.45434000000000,100.0,0.18835199999999999,152,807
2020,70th Anniversary Grand Prix,R,VET,36.0,15.0,clear_violation,331.0,83.0,229.72138300000000,100.0,0.1927410000000000,154,799
2020,70th Anniversary Grand Prix,R,VET,37.0,15.0,clear_violation,332.0,82.0,228.78311600000001,100.0,0.20050100000000001,160,798
2020,70th Anniversary Grand Prix,R,GRO,29.0,15.0,clear_violation,315.0,84.0,222.9886470000000,100.0,0.14512200000000000,119,820
2020,70th Anniversary Grand Prix,R,LAT,16.0,15.0,clear_violation,336.0,84.0,223.5283110000000,100.0,0.2267160000000000,185,816
2020,70th Anniversary Grand Prix,R,LAT,51.0,15.0,clear_violation,342.0,89.0,227.85609400000001,100.0,0.23595500000000000,189,801
2020,70th Anniversary Grand Prix,R,MAG,17.0,15.0,clear_violation,315.0,86.0,223.5318730000000,100.0,0.17135900000000001,140,817
2020,Austrian Grand Prix,FP1,STR,5.0,10.0,clear_violation,319.0,71.0,233.03648300000000,100.0,0.1870750000000000,110,588
2020,Austrian Grand Prix,FP1,STR,5.0,9.0,no_advantage,319.0,71.0,233.03648300000000,100.0,0.1870750000000000,110,588
2020,Austrian Grand Prix,FP2,RAI,12.0,10.0,clear_violation,319.0,68.0,234.2403620000000,100.0,0.17677599999999999,102,577
2020,Austrian Grand Prix,FP2,RAI,13.0,10.0,clear_violation,290.0,54.0,165.09050099999999,100.0,0.28255500000000000,230,814
2020,Austrian Grand Prix,FP2,RAI,29.0,10.0,clear_violation,311.0,59.0,219.0152710000000,100.0,0.19739000000000001,121,613
2020,Austrian Grand Prix,FP2,RAI,30.0,10.0,clear_violation,303.0,50.0,208.28053100000000,100.0,0.2043340000000000,132,646
2020,Austrian Grand Prix,FP2,STR,30.0,10.0,clear_violation,298.0,67.0,221.53800100000001,100.0,0.20130899999999999,123,611
2020,Austrian Grand Prix,FP2,MAG,2.0,9.0,clear_violation,310.0,70.0,232.05238800000001,100.0,0.15689700000000001,91,580
2020,Austrian Grand Prix,FP2,HAM,23.0,10.0,clear_violation,300.0,66.0,203.3090040000000,100.0,0.1885370000000000,125,663
2020,Austrian Grand Prix,FP2,LAT,5.0,3.0,no_advantage,311.0,0.0,138.85569500000000,100.0,0.25204100000000002,247,980
2020,Austrian Grand Prix,FP2,RAI,10.0,6.0,no_advantage,318.0,44.0,180.1627260000000,100.0,0.2156080000000000,163,756
2020,Austrian Grand Prix,FP2,VER,13.0,6.0,no_advantage,290.0,75.0,224.22467499999999,100.0,0.12935300000000000,78,603
2020,Austrian Grand Prix,FP3,RAI,16.0,9.0,clear_violation,318.0,67.0,221.37979500000000,100.0,0.16748800000000000,102,609
2020,Austrian Grand Prix,FP3,BOT,18.0,1.0,no_advantage,292.0,0.0,37.05282600000000,104.0,0.7092260000000000,2583,3642
2020,Austrian Grand Prix,Q,BOT,16.0,5.0,no_advantage,299.0,0.0,51.6293580000000,104.0,0.5876520000000000,1542,2624
2020,Austrian Grand Prix,R,KVY,39.0,10.0,clear_violation,297.0,60.0,220.32948600000000,100.0,0.16583700000000001,100,603
2020,Austrian Grand Prix,R,KVY,40.0,10.0,clear_violation,297.0,60.0,220.43266800000001,100.0,0.16033100000000000,97,605
2020,Austrian Grand Prix,R,KVY,60.0,9.0,clear_violation,283.0,56.0,174.8750530000000,100.0,0.25980399999999998,159,612
2020,Austrian Grand Prix,R,KVY,63.0,10.0,clear_violation,330.0,46.0,219.09797300000000,100.0,0.19540199999999999,119,609
2020,Austrian Grand Prix,R,KVY,64.0,10.0,clear_violation,324.0,4.0,216.7535340000000,100.0,0.16828499999999999,104,618
2020,Austrian Grand Prix,R,OCO,65.0,10.0,clear_violation,320.0,63.0,223.63782200000000,100.0,0.19833300000000001,119,600
2020,Austrian Grand Prix,R,VET,39.0,10.0,clear_violation,305.0,65.0,223.872617000000,100.0,0.18790799999999999,115,612
2020,Austrian Grand Prix,R,VET,40.0,10.0,clear_violation,304.0,64.0,222.4082570000000,100.0,0.1967480000000000,121,615
2020,Austrian Grand Prix,R,VET,58.0,10.0,clear_violation,263.0,70.0,152.17914200000001,100.0,0.23404300000000000,143,611
2020,Austrian Grand Prix,R,VET,59.0,10.0,clear_violation,216.5499970,71.0,139.81424100000001,100.0,0.23452799999999999,144,614
2020,Austrian Grand Prix,R,GRO,16.0,9.0,clear_violation,305.0,59.0,218.7420570000000,100.0,0.17193400000000000,136,791
2020,Austrian Grand Prix,R,GRO,27.0,10.0,clear_violation,231.0,87.0,143.39745199999999,100.0,0.24149100000000001,149,617
2020,Austrian Grand Prix,R,GRO,28.0,10.0,clear_violation,288.0,57.0,168.13730600000000,100.0,0.20772900000000000,129,621
2020,Belgian Grand Prix,FP1,GAS,5.0,9.0,clear_violation,329.0,38.0,208.76509100000001,100.0,0.1444980000000000,151,1045
2020,Belgian Grand Prix,FP1,GAS,15.0,19.0,clear_violation,331.0,66.0,232.8327570000000,100.0,0.12034100000000000,113,939
2020,Belgian Grand Prix,FP1,GAS,16.0,19.0,clear_violation,306.0,71.0,216.11688500000000,100.0,0.11932900000000000,121,1014
2020,Belgian Grand Prix,FP1,VER,9.0,9.0,clear_violation,323.0,74.0,237.48658300000000,100.0,0.12309400000000000,113,918
2020,Belgian Grand Prix,FP1,SAI,19.0,9.0,clear_violation,319.0,69.0,226.21268100000000,100.0,0.12045699999999999,116,963
2020,Belgian Grand Prix,FP2,VET,20.0,9.0,clear_violation,314.0,69.0,224.8663120000000,100.0,0.15360799999999999,149,970
2020,Belgian Grand Prix,FP2,GAS,19.0,9.0,clear_violation,312.0,68.0,225.8108270000000,100.0,0.11709799999999999,113,965
2020,Belgian Grand Prix,FP2,GAS,20.0,9.0,clear_violation,313.0,67.0,226.49835999999999,100.0,0.11215000000000000,108,963
2020,Belgian Grand Prix,FP2,GAS,23.0,9.0,clear_violation,318.0,69.0,227.98310200000000,100.0,0.12041900000000000,115,955
2020,Belgian Grand Prix,FP2,STR,15.0,9.0,clear_violation,316.0,65.0,227.84919600000001,100.0,0.14749000000000001,141,956
2020,Belgian Grand Prix,FP3,RAI,4.0,19.0,clear_violation,323.0,66.0,238.12444099999999,100.0,0.13005500000000000,119,915
2020,Belgian Grand Prix,Q,MAG,7.0,14.0,no_advantage,298.0,0.0,110.04169000000000,104.0,0.28302800000000000,557,1968
2020,Belgian Grand Prix,R,GAS,5.0,9.0,clear_violation,343.0,64.0,223.99299500000001,100.0,0.14696799999999999,143,973
2020,Belgian Grand Prix,R,STR,7.0,9.0,clear_violation,330.0,63.0,223.66426400000000,100.0,0.1762300000000000,172,976
2020,Belgian Grand Prix,R,NOR,34.0,9.0,clear_violation,325.0,66.0,229.31899400000000,100.0,0.1568420000000000,149,950
2020,Belgian Grand Prix,R,GRO,36.0,9.0,clear_violation,322.0,66.0,226.588996000000,100.0,0.1391480000000000,134,963
2020,British Grand Prix,FP1,RIC,9.0,15.0,clear_violation,323.0,99.0,237.70149200000000,100.0,0.12403100000000000,96,774
2020,British Grand Prix,FP1,NOR,10.0,5.0,clear_violation,313.0,87.0,226.1959600000000,100.0,0.15945599999999999,129,809
2020,British Grand Prix,FP1,ALB,14.0,15.0,clear_violation,320.0,92.0,236.67397099999999,100.0,0.1384220000000000,107,773
2020,British Grand Prix,FP1,OCO,11.0,15.0,clear_violation,319.0,98.0,238.75016700000000,100.0,0.13020799999999999,100,768
2020,British Grand Prix,FP1,RAI,8.0,7.0,no_advantage,309.0,75.0,204.47954999999999,100.0,0.17152500000000001,153,892
2020,British Grand Prix,FP2,NOR,5.0,15.0,clear_violation,318.0,65.0,209.97705999999999,99.0,0.1536700000000000,134,872
2020,British Grand Prix,FP2,GAS,4.0,15.0,clear_violation,323.0,79.0,223.97409999999999,100.0,0.10403900000000001,85,817
2020,British Grand Prix,FP2,MAG,25.0,9.0,clear_violation,298.0,93.0,220.30513400000001,100.0,0.16326499999999999,136,833
2020,British Grand Prix,FP3,RAI,15.0,9.0,clear_violation,314.0,89.0,238.794688000000,100.0,0.1328120,102,768
2020,British Grand Prix,FP3,MAG,12.0,9.0,clear_violation,308.0,69.0,198.88457000000000,100.0,0.1491890000000000,138,925
2020,British Grand Prix,FP3,ALB,2.0,9.0,clear_violation,312.0,95.0,238.20093399999999,100.0,0.14155799999999999,109,770
2020,British Grand Prix,Q,VET,19.0,9.0,clear_violation,319.0,92.0,244.80123800000001,100.0,0.12,90,750
2020,British Grand Prix,Q,GRO,5.0,9.0,clear_violation,320.0,89.0,241.53509000000000,100.0,0.12746399999999999,97,761
2020,British Grand Prix,R,GAS,37.0,15.0,clear_violation,333.0,85.0,231.15471900000000,100.0,0.13104299999999999,103,786
2020,British Grand Prix,R,ALB,6.0,9.0,clear_violation,310.0,79.0,213.72652500000001,100.0,0.18496399999999999,155,838
2020,British Grand Prix,R,ALB,19.0,9.0,clear_violation,322.0,79.0,219.2021050000000,100.0,0.20476200000000000,172,840
2020,British Grand Prix,R,NOR,19.0,9.0,clear_violation,318.0,71.0,223.11622800000001,100.0,0.17575800000000000,145,825
2020,British Grand Prix,R,VET,47.0,9.0,clear_violation,306.0,83.0,232.86057099999999,100.0,0.13291100000000000,105,790
2020,British Grand Prix,R,SAI,19.0,9.0,clear_violation,307.0,76.0,222.73101399999999,100.0,0.17475700000000000,144,824
2020,British Grand Prix,R,SAI,43.0,9.0,clear_violation,306.0,87.0,231.97410800000000,100.0,0.11265799999999999,89,790
2020,British Grand Prix,R,RAI,47.0,9.0,clear_violation,300.0,60.0,178.22909400000000,100.0,0.1928070000000000,193,1001
2020,British Grand Prix,R,GRO,9.0,9.0,clear_violation,325.0,80.0,223.98565099999999,100.0,0.16544100000000000,135,816
2020,British Grand Prix,R,GAS,42.0,15.0,no_advantage,303.0,87.0,232.4427270000000,100.0,0.1189870000000000,94,790
2020,Eifel Grand Prix,FP3,NOR,9.0,4.0,clear_violation,313.0,81.0,206.13815900000000,100.0,0.16046199999999999,125,779
2020,Eifel Grand Prix,FP3,VET,5.0,13.0,clear_violation,290.0,87.0,193.57287199999999,100.0,0.2243670000000000,186,829
2020,Eifel Grand Prix,FP3,VET,7.0,4.0,clear_violation,293.0,82.0,196.53380700000000,100.0,0.20904600000000001,171,818
2020,Eifel Grand Prix,FP3,RAI,8.0,4.0,clear_violation,311.0,79.0,196.72210999999999,100.0,0.1906520000000000,155,813
2020,Eifel Grand Prix,FP3,RAI,22.0,4.0,clear_violation,313.0,83.0,207.89340200000001,100.0,0.16947000000000001,131,773
2020,Eifel Grand Prix,FP3,GAS,5.0,4.0,clear_violation,295.0,83.0,199.01133300000001,100.0,0.16791000000000000,135,804
2020,Eifel Grand Prix,FP3,PER,16.0,4.0,clear_violation,298.0,86.0,198.66621499999999,100.0,0.17755899999999999,144,811
2020,Eifel Grand Prix,FP3,LEC,6.0,4.0,clear_violation,287.0,58.0,184.3768510000000,100.0,0.22784799999999999,198,869
2020,Eifel Grand Prix,FP3,MAG,6.0,13.0,clear_violation,292.0,84.0,190.22781699999999,100.0,0.22894400000000001,193,843
2020,Eifel Grand Prix,FP3,ALB,14.0,4.0,clear_violation,311.0,88.0,209.3678510000000,100.0,0.18205499999999999,140,769
2020,Eifel Grand Prix,FP3,OCO,2.0,13.0,clear_violation,312.0,64.0,191.1736250000000,100.0,0.20124200000000000,162,805
2020,Eifel Grand Prix,FP3,VER,2.0,4.0,clear_violation,312.0,72.0,200.55492500000000,100.0,0.20078199999999999,154,767
2020,Eifel Grand Prix,FP3,SAI,7.0,4.0,clear_violation,312.0,70.0,196.2961520000000,99.0,0.19559900000000,160,818
2020,Eifel Grand Prix,FP3,SAI,8.0,4.0,clear_violation,317.0,74.0,202.88152400000001,99.0,0.1820480000000000,144,791
2020,Eifel Grand Prix,FP3,VER,1.0,4.0,no_advantage,291.0,56.0,172.47237300000000,100.0,0.1966820000000000,166,844
2020,Eifel Grand Prix,FP3,GAS,4.0,4.0,no_advantage,291.0,80.0,196.92525300000000,100.0,0.1668730000000000,135,809
2020,Eifel Grand Prix,FP3,SAI,6.0,4.0,no_advantage,321.0,37.0,164.8601450000000,99.0,0.20579100000000000,199,967
2020,Eifel Grand Prix,FP3,LEC,5.0,4.0,no_advantage,290.0,82.0,197.70191100000000,100.0,0.1960540000000000,159,811
2020,Eifel Grand Prix,FP3,RAI,7.0,4.0,no_advantage,311.0,79.0,197.174872000000,100.0,0.19112199999999999,155,811
2020,Eifel Grand Prix,FP3,NOR,8.0,4.0,no_advantage,309.0,55.0,188.29669300000000,100.0,0.15610299999999999,133,852
2020,Eifel Grand Prix,FP3,PER,15.0,4.0,no_advantage,296.0,83.0,197.70257100000001,100.0,0.17857100000000001,145,812
2020,Eifel Grand Prix,FP3,ALB,13.0,4.0,no_advantage,276.0,0.0,19.27988900000000,104.0,0.4871430000000000,4073,8361
2020,Eifel Grand Prix,FP3,RUS,20.0,4.0,no_advantage,314.0,89.0,208.35284300000001,100.0,0.17532500000000001,135,770
2020,Eifel Grand Prix,Q,GIO,2.0,4.0,clear_violation,313.0,88.0,207.90393000000000,100.0,0.16795900000000000,130,774
2020,Eifel Grand Prix,Q,MAG,2.0,4.0,clear_violation,311.0,88.0,208.1362670000000,100.0,0.1834630000000000,142,774
2020,Eifel Grand Prix,Q,GRO,7.0,4.0,clear_violation,312.0,84.0,211.7307300000000,100.0,0.1517150000000000,115,758
2020,Eifel Grand Prix,Q,MAG,1.0,4.0,no_advantage,268.0,61.0,182.18228400000001,100.0,0.1701090000000000,140,823
2020,Eifel Grand Prix,Q,GIO,1.0,4.0,no_advantage,283.0,55.0,168.4026250000000,100.0,0.1905830000000000,170,892
2020,Eifel Grand Prix,Q,ALB,3.0,4.0,no_advantage,291.0,66.0,155.38669500000000,100.0,0.19457900000000000,201,1033
2020,Eifel Grand Prix,Q,GRO,6.0,4.0,no_advantage,274.0,0.0,71.66740299999999,104.0,0.4621210000000000,1037,2244
2020,Eifel Grand Prix,R,GAS,11.0,4.0,clear_violation,322.0,71.0,193.1663570000000,100.0,0.18214700000000000,151,829
2020,Eifel Grand Prix,R,GAS,52.0,4.0,clear_violation,297.0,78.0,203.1459550000000,100.0,0.17258899999999999,136,788
2020,Eifel Grand Prix,R,PER,36.0,4.0,clear_violation,295.0,84.0,201.64516699999999,100.0,0.18789400000000001,149,793
2020,Eifel Grand Prix,R,LEC,12.0,4.0,clear_violation,300.0,83.0,197.33582799999999,100.0,0.22676600000000000,183,807
2020,Eifel Grand Prix,R,MAG,23.0,4.0,clear_violation,296.0,78.0,198.7295280000,100.0,0.1925,154,800
2020,Eifel Grand Prix,R,MAG,54.0,14.0,clear_violation,317.0,81.0,200.33191400000001,100.0,0.20599300000000001,165,801
2020,Eifel Grand Prix,R,KVY,13.0,4.0,clear_violation,317.0,62.0,195.7023400000000,100.0,0.18604699999999999,152,817
2020,Eifel Grand Prix,R,KVY,27.0,4.0,clear_violation,292.0,79.0,200.17152700000000,100.0,0.16261200000000001,127,781
2020,Eifel Grand Prix,R,HUL,35.0,4.0,clear_violation,299.0,82.0,199.82986900000000,100.0,0.1822720000000000,146,801
2020,Eifel Grand Prix,R,RIC,50.0,4.0,clear_violation,305.0,77.0,201.34973600000001,100.0,0.191970000000000,153,797
2020,Eifel Grand Prix,R,HAM,3.0,4.0,clear_violation,300.0,84.0,199.2995890000000,100.0,0.21428600000000000,171,798
2020,Eifel Grand Prix,R,VET,55.0,4.0,clear_violation,334.0,73.0,200.10215600000001,100.0,0.24438900000000000,196,802
2020,Eifel Grand Prix,R,VET,60.0,4.0,clear_violation,318.0,78.0,200.2863420000000,100.0,0.24937300000000001,199,798
2020,Eifel Grand Prix,R,SAI,7.0,4.0,clear_violation,312.0,71.0,193.24447599999999,99.0,0.20388300000000001,168,824
2020,Eifel Grand Prix,R,LAT,57.0,4.0,clear_violation,294.0,73.0,195.69297399999999,100.0,0.1975610000000000,162,820
2020,Eifel Grand Prix,R,RAI,17.0,4.0,clear_violation,302.0,79.0,191.2136740000000,100.0,0.21916200000000000,183,835
2020,Eifel Grand Prix,R,RAI,37.0,4.0,clear_violation,321.0,76.0,197.77445399999999,100.0,0.22580600000000001,182,806
2020,Eifel Grand Prix,R,GRO,5.0,4.0,clear_violation,319.0,74.0,194.56472099999999,100.0,0.2111650000000000,174,824
2020,Eifel Grand Prix,R,GRO,32.0,4.0,clear_violation,317.0,78.0,198.75211700000000,100.0,0.18982599999999999,153,806
2020,Eifel Grand Prix,R,GRO,33.0,4.0,clear_violation,320.0,80.0,200.88622599999999,100.0,0.178168000000000,142,797
2020,Eifel Grand Prix,R,GIO,53.0,4.0,clear_violation,301.0,79.0,199.84010799999999,100.0,0.21,168,800
2020,Eifel Grand Prix,R,RIC,6.0,1.0,no_advantage,319.0,75.0,194.1210060000000,100.0,0.18925500000000001,155,819
2020,Eifel Grand Prix,R,RUS,12.0,2.0,no_advantage,314.0,0.0,160.65952999999999,100.0,0.2246740000000000,224,997
2020,Eifel Grand Prix,R,VET,56.0,1.0,no_advantage,300.0,84.0,201.97726200000000,100.0,0.21635199999999999,172,795
2020,Emilia Romagna Grand Prix,FP1,RIC,5.0,15.0,clear_violation,318.0,104.0,222.8605830000000,100.0,0.1339160000000000,92,687
2020,Emilia Romagna Grand Prix,FP1,RIC,13.0,15.0,clear_violation,322.0,110.0,229.77899199999999,100.0,0.13082700000000000,87,665
2020,Emilia Romagna Grand Prix,FP1,NOR,3.0,15.0,clear_violation,312.0,96.0,217.44156699999999,100.0,0.16855500000000001,119,706
2020,Emilia Romagna Grand Prix,FP1,NOR,4.0,15.0,clear_violation,315.0,102.0,220.77896400000000,100.0,0.15129699999999999,105,694
2020,Emilia Romagna Grand Prix,FP1,NOR,36.0,9.0,clear_violation,325.0,107.0,232.36190800000000,100.0,0.12213700000000000,80,655
2020,Emilia Romagna Grand Prix,FP1,NOR,38.0,9.0,clear_violation,322.0,94.0,216.9839950000000,100.0,0.1709040000000000,121,708
2020,Emilia Romagna Grand Prix,FP1,VET,15.0,15.0,clear_violation,319.0,107.0,228.84235000000001,100.0,0.18628900000000001,125,671
2020,Emilia Romagna Grand Prix,FP1,VET,22.0,10.0,clear_violation,304.0,101.0,219.5143960000000,100.0,0.18714300000000000,131,700
2020,Emilia Romagna Grand Prix,FP1,VET,23.0,9.0,clear_violation,302.0,103.0,219.39023800000001,100.0,0.18571399999999999,130,700
2020,Emilia Romagna Grand Prix,FP1,VET,28.0,9.0,clear_violation,303.0,98.0,219.84058999999999,100.0,0.21,147,700
2020,Emilia Romagna Grand Prix,FP1,LAT,3.0,15.0,clear_violation,324.0,95.0,215.74530400000000,100.0,0.21156600000000000,150,709
2020,Emilia Romagna Grand Prix,FP1,RAI,22.0,9.0,clear_violation,298.0,98.0,217.91959000000000,100.0,0.16572200000000001,117,706
2020,Emilia Romagna Grand Prix,FP1,GRO,17.0,15.0,clear_violation,318.0,105.0,229.62042099999999,100.0,0.14392800000000000,96,667
2020,Emilia Romagna Grand Prix,FP1,GRO,28.0,15.0,clear_violation,304.0,94.0,217.89169500000000,100.0,0.14408000000000001,101,701
2020,Emilia Romagna Grand Prix,FP1,GAS,3.0,9.0,clear_violation,325.0,98.0,224.01553200000001,100.0,0.17784300000000000,122,686
2020,Emilia Romagna Grand Prix,FP1,GAS,4.0,9.0,clear_violation,326.0,52.0,203.59367100000000,100.0,0.1904130000000000,143,751
2020,Emilia Romagna Grand Prix,FP1,GAS,5.0,9.0,clear_violation,328.0,100.0,225.48428300000000,100.0,0.172821000000000,117,677
2020,Emilia Romagna Grand Prix,FP1,GAS,7.0,9.0,clear_violation,321.0,103.0,228.90738099999999,100.0,0.15350200000000000,103,671
2020,Emilia Romagna Grand Prix,FP1,GAS,9.0,15.0,clear_violation,325.0,103.0,229.63405399999999,100.0,0.15915899999999999,106,666
2020,Emilia Romagna Grand Prix,FP1,GAS,32.0,9.0,clear_violation,316.0,98.0,224.35350299999999,100.0,0.15666200000000000,107,683
2020,Emilia Romagna Grand Prix,FP1,PER,4.0,15.0,clear_violation,321.0,100.0,222.6766970000000,100.0,0.1586610000000000,109,687
2020,Emilia Romagna Grand Prix,FP1,PER,6.0,15.0,clear_violation,324.0,100.0,224.07544799999999,100.0,0.18594400000000000,127,683
2020,Emilia Romagna Grand Prix,FP1,LEC,5.0,15.0,clear_violation,314.0,105.0,225.24897300000001,100.0,0.1512480000000000,103,681
2020,Emilia Romagna Grand Prix,FP1,LEC,9.0,15.0,clear_violation,314.0,106.0,228.04463400000000,100.0,0.14222199999999999,96,675
2020,Emilia Romagna Grand Prix,FP1,LEC,18.0,15.0,clear_violation,314.0,106.0,230.41869299999999,100.0,0.15142400000000000,101,667
2020,Emilia Romagna Grand Prix,FP1,LEC,29.0,15.0,clear_violation,301.0,94.0,217.6978700000000,100.0,0.15722400000000000,111,706
2020,Emilia Romagna Grand Prix,FP1,STR,18.0,15.0,clear_violation,323.0,104.0,227.6890580000000,100.0,0.19316500000000000,130,673
2020,Emilia Romagna Grand Prix,FP1,STR,35.0,15.0,clear_violation,302.0,89.0,213.6211370000000,100.0,0.1894150000000000,136,718
2020,Emilia Romagna Grand Prix,FP1,MAG,13.0,15.0,clear_violation,313.0,101.0,225.79071200000001,100.0,0.16911799999999999,115,680
2020,Emilia Romagna Grand Prix,FP1,MAG,14.0,9.0,clear_violation,320.0,100.0,227.3018020000000,100.0,0.17011799999999999,115,676
2020,Emilia Romagna Grand Prix,FP1,MAG,30.0,9.0,clear_violation,300.0,99.0,217.5445330000000,100.0,0.18413599999999999,130,706
2020,Emilia Romagna Grand Prix,FP1,MAG,38.0,15.0,clear_violation,303.0,85.0,209.38299200000000,100.0,0.19672100000000001,144,732
2020,Emilia Romagna Grand Prix,FP1,ALB,8.0,15.0,clear_violation,318.0,101.0,227.4276710000000,100.0,0.16863900000000001,114,676
2020,Emilia Romagna Grand Prix,FP1,ALB,10.0,15.0,clear_violation,317.0,97.0,227.87280999999999,100.0,0.16840500000000000,113,671
2020,Emilia Romagna Grand Prix,FP1,ALB,14.0,9.0,clear_violation,314.0,101.0,228.50144599999999,100.0,0.1661680000000000,111,668
2020,Emilia Romagna Grand Prix,FP1,ALB,19.0,9.0,clear_violation,317.0,100.0,231.84544600000001,100.0,0.1555890000000000,103,662
2020,Emilia Romagna Grand Prix,FP1,ALB,26.0,15.0,clear_violation,317.0,106.0,232.4980960000000,100.0,0.16187599999999999,107,661
2020,Emilia Romagna Grand Prix,FP1,KVY,2.0,15.0,clear_violation,318.0,101.0,221.5193270000000,100.0,0.1645020000000000,114,693
2020,Emilia Romagna Grand Prix,FP1,KVY,4.0,9.0,clear_violation,321.0,95.0,226.881335000000,100.0,0.15384600000000001,104,676
2020,Emilia Romagna Grand Prix,FP1,KVY,11.0,9.0,clear_violation,321.0,101.0,228.98491300000001,100.0,0.1437130000000000,96,668
2020,Emilia Romagna Grand Prix,FP1,KVY,23.0,9.0,clear_violation,307.0,97.0,224.25144499999999,100.0,0.14202000000000001,97,683
2020,Emilia Romagna Grand Prix,FP1,KVY,30.0,15.0,clear_violation,321.0,101.0,229.6896300000000,100.0,0.15718599999999999,105,668
2020,Emilia Romagna Grand Prix,FP1,OCO,16.0,15.0,clear_violation,326.0,108.0,230.77525199999999,100.0,0.1794870000000000,119,663
2020,Emilia Romagna Grand Prix,FP1,VER,2.0,15.0,clear_violation,316.0,88.0,212.10178900000000,100.0,0.21023500000000001,152,723
2020,Emilia Romagna Grand Prix,FP1,VER,4.0,15.0,clear_violation,320.0,101.0,226.45414700000001,100.0,0.16716000000000000,113,676
2020,Emilia Romagna Grand Prix,FP1,VER,36.0,9.0,clear_violation,305.0,100.0,223.30195599999999,100.0,0.16279099999999999,112,688
2020,Emilia Romagna Grand Prix,FP1,HAM,5.0,15.0,clear_violation,321.0,99.0,222.12948100000000,100.0,0.21159400000000000,146,690
2020,Emilia Romagna Grand Prix,FP1,HAM,39.0,15.0,clear_violation,311.0,88.0,210.33361199999999,100.0,0.19204399999999999,140,729
2020,Emilia Romagna Grand Prix,FP1,SAI,18.0,9.0,clear_violation,323.0,94.0,218.73325100000000,100.0,0.15593699999999999,109,699
2020,Emilia Romagna Grand Prix,FP1,SAI,22.0,15.0,clear_violation,323.0,108.0,233.4482650000000,100.0,0.1441580000000000,95,659
2020,Emilia Romagna Grand Prix,FP1,SAI,39.0,9.0,clear_violation,301.0,72.0,212.7926600000000,100.0,0.19833600000000001,143,721
2020,Emilia Romagna Grand Prix,FP1,RUS,11.0,15.0,clear_violation,320.0,106.0,224.6154530000000,100.0,0.14727499999999999,100,679
2020,Emilia Romagna Grand Prix,FP1,BOT,9.0,9.0,clear_violation,323.0,0.0,228.98678899999999,100.0,0.15892100000000001,106,667
2020,Emilia Romagna Grand Prix,FP1,BOT,32.0,15.0,clear_violation,312.0,99.0,221.29407300000000,100.0,0.18115899999999999,125,690
2020,Emilia Romagna Grand Prix,FP1,BOT,34.0,15.0,clear_violation,311.0,96.0,218.85771700000001,100.0,0.16212299999999999,113,697
2020,Emilia Romagna Grand Prix,FP1,BOT,41.0,15.0,clear_violation,311.0,93.0,220.37035000000000,100.0,0.17216600000000001,120,697
2020,Emilia Romagna Grand Prix,FP1,GIO,6.0,15.0,clear_violation,316.0,100.0,215.3788910000000,100.0,0.17391300000000001,124,713
2020,Emilia Romagna Grand Prix,FP1,GIO,8.0,15.0,clear_violation,318.0,104.0,222.3513090000000,100.0,0.1625540000000000,112,689
2020,Emilia Romagna Grand Prix,FP1,GIO,9.0,15.0,clear_violation,321.0,103.0,223.5556500000000,100.0,0.14119399999999999,97,687
2020,Emilia Romagna Grand Prix,FP1,BOT,1.0,15.0,no_advantage,273.3374980,22.5500030,168.34799000000001,100.0,0.21497600000000000,178,828
2020,Emilia Romagna Grand Prix,FP1,RAI,1.0,15.0,no_advantage,271.72142800000000,61.1833340,168.94189800000001,100.0,0.19757600000000000,163,825
2020,Emilia Romagna Grand Prix,FP1,SAI,1.0,15.0,no_advantage,279.0,31.0,164.88784899999999,100.0,0.21208500000000000,179,844
2020,Emilia Romagna Grand Prix,FP1,GIO,1.0,15.0,no_advantage,268.49999700000001,42.18214200000000,153.71319299999999,100.0,0.2249170000000000,204,907
2020,Emilia Romagna Grand Prix,FP1,KVY,5.0,2.0,no_advantage,307.0,63.0,180.13463899999999,100.0,0.19976400000000000,169,846
2020,Emilia Romagna Grand Prix,FP1,RUS,32.0,13.0,no_advantage,301.0,100.0,221.35581199999999,100.0,0.1649780000000000,114,691
2020,Emilia Romagna Grand Prix,FP1,BOT,42.0,13.0,no_advantage,312.0,96.0,213.86852099999999,100.0,0.233983000000000,168,718
2020,Emilia Romagna Grand Prix,Q,BOT,4.0,9.0,clear_violation,329.0,105.0,236.1975050000000,100.0,0.14683199999999999,95,647
2020,Emilia Romagna Grand Prix,Q,HAM,9.0,9.0,clear_violation,326.0,108.0,237.33650600000001,100.0,0.13178300000000001,85,645
2020,Emilia Romagna Grand Prix,Q,ALB,4.0,9.0,clear_violation,317.0,107.0,233.43816600000000,100.0,0.15749199999999999,103,654
2020,Emilia Romagna Grand Prix,Q,ALB,17.0,9.0,clear_violation,320.0,105.0,236.2557630000000,100.0,0.15432100000000001,100,648
2020,Emilia Romagna Grand Prix,Q,VET,19.0,15.0,clear_violation,321.0,107.0,234.91783200000000,100.0,0.15725200000000000,103,655
2020,Emilia Romagna Grand Prix,Q,STR,15.0,15.0,clear_violation,322.0,105.0,232.15007100000000,100.0,0.19004499999999999,126,663
2020,Emilia Romagna Grand Prix,Q,RAI,4.0,9.0,clear_violation,326.0,104.0,232.09460300000001,100.0,0.14871000000000001,98,659
2020,Emilia Romagna Grand Prix,Q,RAI,9.0,15.0,clear_violation,327.0,107.0,232.99988300000001,100.0,0.1580550000000000,104,658
2020,Emilia Romagna Grand Prix,R,LEC,58.0,9.0,clear_violation,313.0,91.0,215.02032399999999,100.0,0.21818199999999999,156,715
2020,Emilia Romagna Grand Prix,R,MAG,12.0,9.0,clear_violation,306.0,93.0,219.97121799999999,100.0,0.17959800000000001,125,696
2020,Emilia Romagna Grand Prix,R,MAG,23.0,9.0,clear_violation,307.0,100.0,220.6857870000000,100.0,0.17002900000000001,118,694
2020,Emilia Romagna Grand Prix,R,ALB,33.0,9.0,clear_violation,312.0,96.0,222.29895099999999,100.0,0.17777799999999999,120,675
2020,Emilia Romagna Grand Prix,R,VER,47.0,9.0,clear_violation,308.0,106.0,226.79754800000001,100.0,0.14477599999999999,97,670
2020,Emilia Romagna Grand Prix,R,NOR,4.0,9.0,clear_violation,328.0,93.0,216.8269370000000,100.0,0.19971700000000001,141,706
2020,Emilia Romagna Grand Prix,R,HAM,24.0,15.0,clear_violation,311.0,102.0,226.04980599999999,100.0,0.16519200000000001,112,678
2020,Emilia Romagna Grand Prix,R,VET,12.0,9.0,clear_violation,309.0,96.0,219.45003399999999,100.0,0.20114899999999999,140,696
2020,Emilia Romagna Grand Prix,R,SAI,15.0,9.0,clear_violation,299.0,93.0,219.900512000000,100.0,0.1669060000000000,116,695
2020,Emilia Romagna Grand Prix,R,SAI,30.0,9.0,clear_violation,302.0,92.0,192.9729290000000,100.0,0.2262210000000000,176,778
2020,Emilia Romagna Grand Prix,R,LAT,3.0,9.0,clear_violation,318.0,85.0,212.83511200000001,100.0,0.24061199999999999,173,719
2020,Emilia Romagna Grand Prix,R,RUS,37.0,9.0,clear_violation,312.0,99.0,222.91937600000000,100.0,0.17771100000000001,118,664
2020,Emilia Romagna Grand Prix,R,BOT,25.0,9.0,clear_violation,308.0,102.0,224.3121950000000,100.0,0.1634760000000000,111,679
2020,Emilia Romagna Grand Prix,R,GRO,8.0,9.0,clear_violation,334.0,88.0,216.99736300000001,100.0,0.2050920000000000,145,707
2020,Emilia Romagna Grand Prix,R,GRO,46.0,9.0,clear_violation,313.0,94.0,222.38961599999999,100.0,0.1564330000000000,107,684
2020,Emilia Romagna Grand Prix,R,GRO,60.0,9.0,clear_violation,325.0,93.0,222.09334400000000,100.0,0.191027000000000,132,691
2020,Emilia Romagna Grand Prix,R,GRO,63.0,9.0,clear_violation,331.0,91.0,223.0878340000000,100.0,0.19124099999999999,131,685
2020,Emilia Romagna Grand Prix,R,LAT,60.0,4.0,no_advantage,316.0,94.0,221.73209499999999,100.0,0.20579700000000001,142,690
2020,Hungarian Grand Prix,FP1,MAG,24.0,4.0,clear_violation,283.0,94.0,188.62062299999999,100.0,0.21379300000000001,155,725
2020,Hungarian Grand Prix,FP1,ALB,13.0,11.0,clear_violation,300.0,94.0,202.20933800000000,100.0,0.21091399999999999,143,678
2020,Hungarian Grand Prix,FP1,ALB,22.0,4.0,clear_violation,281.0,92.0,188.00431100000000,100.0,0.21074399999999999,153,726
2020,Hungarian Grand Prix,FP1,BOT,36.0,12.0,clear_violation,297.0,87.0,188.9122500000000,100.0,0.21655199999999999,157,725
2020,Hungarian Grand Prix,FP2,VET,9.0,11.0,clear_violation,278.0,70.0,152.10479400000000,100.0,0.2671080000000000,242,906
2020,Hungarian Grand Prix,FP2,RAI,7.0,11.0,clear_violation,282.0,68.0,145.81174700000000,100.0,0.2879580000000000,275,955
2020,Hungarian Grand Prix,FP2,RAI,6.0,11.0,no_advantage,249.0,0.0,11.80692900000000,104.0,0.8754170000000000,10238,11695
2020,Hungarian Grand Prix,FP3,RIC,9.0,4.0,clear_violation,317.0,99.0,205.5433740000000,100.0,0.16216200000000000,108,666
2020,Hungarian Grand Prix,FP3,LAT,15.0,11.0,clear_violation,314.0,79.0,178.57756400000000,100.0,0.18455500000000000,141,764
2020,Hungarian Grand Prix,FP3,ALB,9.0,12.0,clear_violation,317.0,85.0,189.76474300000001,100.0,0.16573800000000000,119,718
2020,Hungarian Grand Prix,FP3,HAM,6.0,12.0,clear_violation,316.0,87.0,192.8931100000000,100.0,0.1638420000000000,116,708
2020,Hungarian Grand Prix,Q,PER,18.0,4.0,clear_violation,326.0,94.0,208.8905350000000,100.0,0.19575100000000001,129,659
2020,Hungarian Grand Prix,Q,GIO,2.0,4.0,clear_violation,319.0,90.0,202.1803250000000,100.0,0.20649000000000001,140,678
2020,Hungarian Grand Prix,R,VET,11.0,12.0,clear_violation,299.0,76.0,183.58805500000000,100.0,0.25335099999999999,189,746
2020,Hungarian Grand Prix,R,GRO,41.0,4.0,clear_violation,302.0,80.0,191.10699800000,100.0,0.21787699999999999,156,716
2020,Hungarian Grand Prix,R,GRO,46.0,12.0,clear_violation,299.0,83.0,191.24885599999999,100.0,0.21739100000000000,155,713
2020,Italian Grand Prix,FP1,NOR,4.0,11.0,clear_violation,333.0,67.0,248.54523900000001,100.0,0.13031599999999999,95,729
2020,Italian Grand Prix,FP1,NOR,9.0,11.0,clear_violation,336.0,70.0,252.02310600000001,100.0,0.11961100000000000,86,719
2020,Italian Grand Prix,FP1,NOR,10.0,11.0,clear_violation,324.0,69.0,192.66858800000000,100.0,0.14452699999999999,136,941
2020,Italian Grand Prix,FP1,NOR,22.0,11.0,clear_violation,319.0,0.0,147.4020510000000,100.0,0.22457299999999999,276,1229
2020,Italian Grand Prix,FP1,NOR,23.0,1.0,clear_violation,326.0,68.0,244.29316100000000,100.0,0.13090399999999999,97,741
2020,Italian Grand Prix,FP1,VET,5.0,5.0,clear_violation,324.0,53.0,209.62453800000000,100.0,0.16473299999999999,142,862
2020,Italian Grand Prix,FP1,VET,11.0,11.0,clear_violation,334.0,69.0,252.47898799999999,100.0,0.15298999999999999,110,719
2020,Italian Grand Prix,FP1,GRO,11.0,5.0,clear_violation,337.0,64.0,212.93400099999999,100.0,0.15240300000000001,130,853
2020,Italian Grand Prix,FP1,GAS,16.0,11.0,clear_violation,339.0,65.0,252.81386200000000,100.0,0.11838400000000000,85,718
2020,Italian Grand Prix,FP1,LEC,14.0,5.0,clear_violation,319.0,55.0,186.05396500000001,100.0,0.21494400000000000,210,977
2020,Italian Grand Prix,FP1,LEC,21.0,5.0,clear_violation,323.0,68.0,236.57548700000001,100.0,0.1607840000000000,123,765
2020,Italian Grand Prix,FP1,MAG,4.0,5.0,clear_violation,328.0,66.0,198.39794200000000,100.0,0.14689900000000000,135,919
2020,Italian Grand Prix,FP1,MAG,5.0,2.0,clear_violation,332.0,36.0,208.6340360000000,100.0,0.18287000000000000,158,864
2020,Italian Grand Prix,FP1,ALB,2.0,11.0,clear_violation,326.0,66.0,247.51752200000001,100.0,0.1377900000000000,101,733
2020,Italian Grand Prix,FP1,ALB,3.0,11.0,clear_violation,320.0,58.0,184.43039800000000,100.0,0.17849899999999999,176,986
2020,Italian Grand Prix,FP1,ALB,23.0,11.0,clear_violation,327.0,65.0,242.51207500000001,100.0,0.1483960000000000,111,748
2020,Italian Grand Prix,FP1,ALB,24.0,11.0,clear_violation,329.0,66.0,243.43504200000001,100.0,0.13997299999999999,104,743
2020,Italian Grand Prix,FP1,BOT,7.0,11.0,clear_violation,336.0,70.0,254.37788399999999,100.0,0.12605000000000000,90,714
2020,Italian Grand Prix,FP1,BOT,8.0,11.0,clear_violation,331.0,52.0,186.9870210000000,100.0,0.1868580000000000,182,974
2020,Italian Grand Prix,FP1,STR,15.0,6.0,no_advantage,337.0,66.0,202.19874200000001,100.0,0.17430200000000001,156,895
2020,Italian Grand Prix,FP1,VET,19.0,6.0,no_advantage,310.0,0.0,160.80983599999999,100.0,0.28063900000000003,316,1126
2020,Italian Grand Prix,FP2,RIC,8.0,11.0,clear_violation,344.0,68.0,258.35808200000002,100.0,0.12138699999999999,84,692
2020,Italian Grand Prix,FP2,NOR,17.0,11.0,clear_violation,332.0,64.0,254.23165000000000,100.0,0.1222710000000000,84,687
2020,Italian Grand Prix,FP2,NOR,18.0,11.0,clear_violation,324.0,65.0,182.67612000000000,100.0,0.11332600000000000,108,953
2020,Italian Grand Prix,FP2,VET,7.0,5.0,clear_violation,314.0,56.0,196.46219900000000,100.0,0.1893940000000000,175,924
2020,Italian Grand Prix,FP2,VET,12.0,11.0,clear_violation,333.0,67.0,252.05908700000001,100.0,0.10863500000000000,78,718
2020,Italian Grand Prix,FP2,VET,13.0,11.0,clear_violation,310.0,69.0,193.92123000000001,100.0,0.1873660000000000,175,934
2020,Italian Grand Prix,FP2,GRO,10.0,11.0,clear_violation,341.0,68.0,254.89625500000000,100.0,0.12605000000000000,90,714
2020,Italian Grand Prix,FP2,GRO,11.0,11.0,clear_violation,315.0,33.0,141.17389299999999,100.0,0.2222220000000000,282,1269
2020,Italian Grand Prix,FP2,GRO,19.0,11.0,clear_violation,322.0,65.0,243.56210200000001,100.0,0.12080500000000000,90,745
2020,Italian Grand Prix,FP2,GRO,20.0,11.0,clear_violation,323.0,66.0,242.43917700000000,100.0,0.11914300000000000,89,747
2020,Italian Grand Prix,FP2,LEC,4.0,11.0,clear_violation,336.0,70.0,255.58225500000000,100.0,0.15517200000000000,108,696
2020,Italian Grand Prix,FP2,LEC,5.0,11.0,clear_violation,318.0,61.0,186.61679200000000,100.0,0.188912000000000,184,974
2020,Italian Grand Prix,FP2,MAG,15.0,11.0,clear_violation,330.0,69.0,251.0033360000000,100.0,0.12292800000000000,89,724
2020,Italian Grand Prix,FP2,ALB,14.0,11.0,clear_violation,334.0,67.0,255.4885930000000,100.0,0.12834999999999999,91,709
2020,Italian Grand Prix,FP2,ALB,15.0,11.0,clear_violation,318.0,43.0,154.97506799999999,100.0,0.19555900000000001,229,1171
2020,Italian Grand Prix,FP2,ALB,19.0,11.0,clear_violation,328.0,66.0,242.56479700000000,100.0,0.13885200000000000,104,749
2020,Italian Grand Prix,FP2,ALB,20.0,11.0,clear_violation,328.0,64.0,239.92011099999999,100.0,0.14437100000000000,109,755
2020,Italian Grand Prix,FP2,VER,20.0,11.0,clear_violation,329.0,66.0,244.19073399999999,100.0,0.13453499999999999,97,721
2020,Italian Grand Prix,FP2,VER,24.0,11.0,clear_violation,318.0,68.0,246.12852200000000,100.0,0.12381000000000000,91,735
2020,Italian Grand Prix,FP2,VER,25.0,11.0,clear_violation,322.0,68.0,247.3379910000000,100.0,0.1406900000000000,102,725
2020,Italian Grand Prix,FP2,VER,26.0,11.0,clear_violation,324.0,65.0,245.3721750000000,100.0,0.12449300000000001,92,739
2020,Italian Grand Prix,FP2,SAI,19.0,11.0,clear_violation,333.0,67.0,244.0518200000000,100.0,0.1307280000000000,97,742
2020,Italian Grand Prix,FP2,SAI,20.0,11.0,clear_violation,334.0,65.0,240.63654500000001,100.0,0.136,102,750
2020,Italian Grand Prix,FP2,SAI,29.0,11.0,clear_violation,347.0,62.0,245.7761670000000,100.0,0.13031200000000001,92,706
2020,Italian Grand Prix,FP2,RUS,15.0,11.0,clear_violation,319.0,67.0,234.55345100000000,100.0,0.13066000000000000,101,773
2020,Italian Grand Prix,FP2,RUS,16.0,11.0,clear_violation,319.0,67.0,239.88382999999999,100.0,0.14172199999999999,107,755
2020,Italian Grand Prix,FP2,RUS,17.0,11.0,clear_violation,323.0,64.0,237.13317000000001,100.0,0.1487940000000000,111,746
2020,Italian Grand Prix,FP2,RAI,3.0,5.0,no_advantage,317.0,54.0,165.34233499999999,100.0,0.16120200000000001,177,1098
2020,Italian Grand Prix,FP2,SAI,11.0,6.0,no_advantage,317.96666699999997,0.0,130.1366590000000,100.0,0.18461500000000000,252,1365
2020,Italian Grand Prix,FP2,LEC,21.0,6.0,no_advantage,326.0,64.0,240.2489160000000,100.0,0.13568500000000000,100,737
2020,Italian Grand Prix,FP3,LEC,3.0,11.0,clear_violation,323.0,53.0,181.7341100000000,100.0,0.2571710000000000,260,1011
2020,Italian Grand Prix,FP3,LEC,4.0,11.0,clear_violation,335.0,69.0,253.9056680000000,100.0,0.1125,81,720
2020,Italian Grand Prix,FP3,ALB,4.0,11.0,clear_violation,341.0,64.0,256.37920300000002,100.0,0.12903200000000001,92,713
2020,Italian Grand Prix,FP3,ALB,5.0,11.0,clear_violation,326.0,52.0,189.93446399999999,100.0,0.2201450000000000,212,963
2020,Italian Grand Prix,FP3,ALB,6.0,11.0,clear_violation,342.0,63.0,256.9816100000000,100.0,0.14285700000000001,102,714
2020,Italian Grand Prix,FP3,ALB,7.0,11.0,clear_violation,330.0,55.0,193.37387699999999,100.0,0.1724870000000000,163,945
2020,Italian Grand Prix,FP3,ALB,14.0,11.0,clear_violation,341.0,63.0,257.72457800000001,100.0,0.12447000000000000,88,707
2020,Italian Grand Prix,FP3,VET,4.0,11.0,clear_violation,334.0,69.0,253.69915800000001,100.0,0.11927900000000000,86,721
2020,Italian Grand Prix,FP3,GIO,6.0,5.0,clear_violation,319.0,56.0,177.55530099999999,100.0,0.17344999999999999,179,1032
2020,Italian Grand Prix,Q,STR,2.0,11.0,clear_violation,343.0,70.0,259.3102740000000,100.0,0.1357140000000000,95,700
2020,Italian Grand Prix,Q,STR,3.0,11.0,clear_violation,325.0,62.0,207.75570700000000,100.0,0.2634590000000000,230,873
2020,Italian Grand Prix,Q,ALB,4.0,11.0,clear_violation,336.0,70.0,258.098911000000,100.0,0.1225070000000000,86,702
2020,Italian Grand Prix,Q,ALB,15.0,11.0,clear_violation,342.0,68.0,260.01851599999998,100.0,0.1318050000000000,92,698
2020,Italian Grand Prix,Q,GAS,2.0,11.0,clear_violation,340.0,69.0,260.22663899999998,100.0,0.10186500000000000,71,697
2020,Italian Grand Prix,Q,GAS,3.0,11.0,clear_violation,330.0,50.0,205.07039800000001,100.0,0.17945800000000001,159,886
2020,Italian Grand Prix,Q,LEC,2.0,11.0,clear_violation,340.0,67.0,257.1998800000000,100.0,0.12889500000000001,91,706
2020,Italian Grand Prix,Q,MAG,2.0,11.0,clear_violation,333.0,68.0,255.65566000000001,100.0,0.11797800000000000,84,712
2020,Italian Grand Prix,Q,RIC,9.0,5.0,no_advantage,314.91666600000002,0.0,44.867809999999999,104.0,0.09761000000000000,388,3975
2020,Italian Grand Prix,Q,MAG,13.0,7.0,no_advantage,313.26666699999998,0.0,43.32870500000000,104.0,0.4392800000000000,1805,4109
2020,Italian Grand Prix,R,GAS,16.0,11.0,clear_violation,332.0,63.0,240.53503799999999,100.0,0.12416600000000000,93,749
2020,Italian Grand Prix,R,GAS,17.0,11.0,clear_violation,332.0,61.0,240.85778500000001,100.0,0.1301460000000000,98,753
2020,Italian Grand Prix,R,STR,28.0,4.0,clear_violation,340.0,0.0,144.632293000000,100.0,0.3386450000000000,425,1255
2020,Italian Grand Prix,R,NOR,14.0,11.0,clear_violation,331.0,62.0,241.85586100000000,100.0,0.13520699999999999,101,747
2020,Italian Grand Prix,R,NOR,15.0,11.0,clear_violation,331.0,64.0,241.77276400000000,100.0,0.12734599999999999,95,746
2020,Italian Grand Prix,R,BOT,15.0,11.0,clear_violation,334.0,65.0,240.54223900000000,100.0,0.16822400000000001,126,749
2020,Italian Grand Prix,R,BOT,16.0,11.0,clear_violation,340.0,60.0,242.35103400000000,100.0,0.15508000000000000,116,748
2020,Italian Grand Prix,R,KVY,24.0,11.0,clear_violation,349.0,63.0,236.7727970000000,100.0,0.1926610000000000,147,763
2020,Italian Grand Prix,R,KVY,25.0,11.0,clear_violation,323.0,59.0,168.15714399999999,100.0,0.16728599999999999,180,1076
2020,Italian Grand Prix,R,KVY,28.0,11.0,clear_violation,338.0,0.0,169.2474020000000,100.0,0.22492999999999999,240,1067
2020,Italian Grand Prix,R,KVY,29.0,11.0,clear_violation,339.0,63.0,240.1578730000000,100.0,0.16313000000000000,123,754
2020,Italian Grand Prix,R,KVY,30.0,11.0,clear_violation,340.0,65.0,242.4328830000000,100.0,0.14650500000000000,109,744
2020,Italian Grand Prix,R,RAI,33.0,11.0,clear_violation,327.0,67.0,245.11584700000000,100.0,0.14864900000000000,110,740
2020,Italian Grand Prix,R,RAI,34.0,11.0,clear_violation,329.0,47.0,240.90147700000000,100.0,0.17066700000000001,128,750
2020,Italian Grand Prix,R,RAI,42.0,11.0,clear_violation,329.0,66.0,244.0601780000000,100.0,0.14420500000000000,107,742
2020,Italian Grand Prix,R,RAI,43.0,11.0,clear_violation,328.0,53.0,238.40262700000000,100.0,0.16358800000000001,124,758
2020,Italian Grand Prix,R,RUS,43.0,11.0,clear_violation,334.0,62.0,243.2119290000000,100.0,0.14899299999999999,111,745
2020,Italian Grand Prix,R,RUS,44.0,11.0,clear_violation,325.0,64.0,243.54433800000001,100.0,0.14016200000000001,104,742
2020,Italian Grand Prix,R,ALB,39.0,11.0,clear_violation,348.0,62.0,244.9702140000000,100.0,0.16216200000000000,120,740
2020,Italian Grand Prix,R,ALB,40.0,11.0,clear_violation,345.0,55.0,239.80433500000001,100.0,0.19787500000000000,149,753
2020,Italian Grand Prix,R,GAS,3.0,1.0,no_advantage,338.0,64.0,239.49930900000001,100.0,0.14741000000000001,111,753
2020,Portuguese Grand Prix,FP1,RIC,25.0,4.0,clear_violation,319.0,75.0,185.3741820000000,100.0,0.13066000000000000,101,773
2020,Portuguese Grand Prix,FP1,NOR,23.0,4.0,clear_violation,299.0,72.0,203.17768300000000,100.0,0.19268600000000000,137,711
2020,Portuguese Grand Prix,FP1,NOR,28.0,4.0,clear_violation,297.0,36.0,145.7473590000000,100.0,0.12955500000000000,128,988
2020,Portuguese Grand Prix,FP1,VET,6.0,4.0,clear_violation,329.0,67.0,186.47557300000000,100.0,0.29935499999999998,232,775
2020,Portuguese Grand Prix,FP1,VET,14.0,4.0,clear_violation,317.0,75.0,207.96081699999999,100.0,0.2143880000000000,149,695
2020,Portuguese Grand Prix,FP1,VET,22.0,4.0,clear_violation,309.0,72.0,195.92976400000001,100.0,0.22567599999999999,167,740
2020,Portuguese Grand Prix,FP1,VET,25.0,1.0,clear_violation,312.0,72.0,207.2878490000000,100.0,0.2163320000000000,151,698
2020,Portuguese Grand Prix,FP1,VET,33.0,4.0,clear_violation,336.0,70.0,204.95972399999999,100.0,0.21045200000000000,149,708
2020,Portuguese Grand Prix,FP1,VET,36.0,1.0,clear_violation,292.0,47.0,154.60411500000001,100.0,0.1679140000000000,157,935
2020,Portuguese Grand Prix,FP1,LAT,31.0,1.0,clear_violation,300.3625020,68.0,197.91420600000001,100.0,0.1958900000000000,143,730
2020,Portuguese Grand Prix,FP1,RAI,6.0,4.0,clear_violation,318.0,68.0,196.48681600000000,100.0,0.22070799999999999,162,734
2020,Portuguese Grand Prix,FP1,RAI,7.0,4.0,clear_violation,322.0,71.0,199.0149520000000,100.0,0.2157680000000000,156,723
2020,Portuguese Grand Prix,FP1,RAI,33.0,4.0,clear_violation,319.0,75.0,202.5312710000000,100.0,0.1875,132,704
2020,Portuguese Grand Prix,FP1,GRO,13.0,4.0,clear_violation,320.0,58.0,194.90163200000001,100.0,0.17379700000000001,130,748
2020,Portuguese Grand Prix,FP1,GRO,18.0,1.0,clear_violation,317.0,74.0,204.94086100000001,100.0,0.1652540000000000,117,708
2020,Portuguese Grand Prix,FP1,GRO,25.0,1.0,clear_violation,303.0,70.0,197.09702700000000,100.0,0.2127370000000000,157,738
2020,Portuguese Grand Prix,FP1,GAS,10.0,1.0,clear_violation,326.0,71.0,199.24785299999999,100.0,0.22115399999999999,161,728
2020,Portuguese Grand Prix,FP1,GAS,11.0,4.0,clear_violation,325.0,77.0,207.069772000000,100.0,0.17985599999999999,125,695
2020,Portuguese Grand Prix,FP1,GAS,22.0,1.0,clear_violation,324.0,74.0,200.98464600000000,100.0,0.18637000000000001,134,719
2020,Portuguese Grand Prix,FP1,PER,4.0,1.0,clear_violation,330.0,77.0,199.72938099999999,100.0,0.22099400000000000,160,724
2020,Portuguese Grand Prix,FP1,PER,11.0,4.0,clear_violation,325.0,73.0,204.2666900000000,100.0,0.2039380000000000,145,711
2020,Portuguese Grand Prix,FP1,PER,20.0,1.0,clear_violation,301.0,73.0,200.4318920000000,100.0,0.19613300000000000,142,724
2020,Portuguese Grand Prix,FP1,PER,21.0,1.0,clear_violation,302.0,74.0,201.9267230000000,100.0,0.19498599999999999,140,718
2020,Portuguese Grand Prix,FP1,PER,22.0,4.0,clear_violation,303.0,76.0,202.4352170000000,100.0,0.2083920000000000,149,715
2020,Portuguese Grand Prix,FP1,PER,25.0,4.0,clear_violation,331.0,68.0,200.081917000000,100.0,0.24376700000000001,176,722
2020,Portuguese Grand Prix,FP1,LEC,6.0,1.0,clear_violation,314.0,76.0,206.41252800000001,100.0,0.1819480000000000,127,698
2020,Portuguese Grand Prix,FP1,LEC,9.0,4.0,clear_violation,318.0,74.0,193.1663180000000,100.0,0.21438099999999999,161,751
2020,Portuguese Grand Prix,FP1,LEC,31.0,4.0,clear_violation,315.0,61.0,197.59407899999999,100.0,0.1953550000000000,143,732
2020,Portuguese Grand Prix,FP1,STR,3.0,4.0,clear_violation,320.0,55.0,191.1540970000000,100.0,0.23653099999999999,180,761
2020,Portuguese Grand Prix,FP1,STR,5.0,4.0,clear_violation,327.0,57.0,177.59240000000000,100.0,0.23803700000000000,194,815
2020,Portuguese Grand Prix,FP1,STR,6.0,4.0,clear_violation,324.0,68.0,199.66131500000000,100.0,0.25864500000000001,187,723
2020,Portuguese Grand Prix,FP1,STR,7.0,4.0,clear_violation,325.0,70.0,200.53592900000001,100.0,0.24549199999999999,177,721
2020,Portuguese Grand Prix,FP1,STR,9.0,4.0,clear_violation,326.0,73.0,202.5076130000000,100.0,0.22486000000000000,161,716
2020,Portuguese Grand Prix,FP1,STR,10.0,1.0,clear_violation,328.0,65.0,185.85216299999999,100.0,0.2480720000000000,193,778
2020,Portuguese Grand Prix,FP1,STR,16.0,1.0,clear_violation,319.0,68.0,202.83930000000001,100.0,0.21568599999999999,154,714
2020,Portuguese Grand Prix,FP1,STR,22.0,1.0,clear_violation,325.0,64.0,193.8862270000000,100.0,0.2225200000000000,166,746
2020,Portuguese Grand Prix,FP1,STR,23.0,1.0,clear_violation,322.0,70.0,205.4471410000000,100.0,0.21954699999999999,155,706
2020,Portuguese Grand Prix,FP1,STR,24.0,1.0,clear_violation,323.0,65.0,206.7068770000000,100.0,0.21602299999999999,151,699
2020,Portuguese Grand Prix,FP1,STR,28.0,1.0,clear_violation,323.0,67.0,196.58493200000001,100.0,0.2181570000000000,161,738
2020,Portuguese Grand Prix,FP1,STR,30.0,4.0,clear_violation,298.0,67.0,191.84523300000001,100.0,0.2127660000000000,160,752
2020,Portuguese Grand Prix,FP1,ALB,5.0,4.0,clear_violation,317.0,70.0,199.5989190000000,100.0,0.22176299999999999,161,726
2020,Portuguese Grand Prix,FP1,ALB,19.0,4.0,clear_violation,321.0,67.0,190.2934630000000,100.0,0.2204720000000000,168,762
2020,Portuguese Grand Prix,FP1,ALB,27.0,1.0,clear_violation,317.0,75.0,194.0338680000000,100.0,0.20833299999999999,155,744
2020,Portuguese Grand Prix,FP1,ALB,32.0,4.0,clear_violation,302.5833340,68.0,198.34921900000001,100.0,0.22602700000000001,165,730
2020,Portuguese Grand Prix,FP1,ALB,33.0,4.0,clear_violation,317.0,48.0,152.96534100000000,100.0,0.3127660000000000,294,940
2020,Portuguese Grand Prix,FP1,KVY,20.0,1.0,clear_violation,322.0,63.0,194.91967299999999,100.0,0.18463599999999999,137,742
2020,Portuguese Grand Prix,FP1,KVY,24.0,1.0,clear_violation,325.0,71.0,199.5514190000000,100.0,0.22099400000000000,160,724
2020,Portuguese Grand Prix,FP1,KVY,29.0,4.0,clear_violation,305.0,65.0,198.7084210000000,100.0,0.21212100000000000,154,726
2020,Portuguese Grand Prix,FP1,OCO,8.0,1.0,clear_violation,328.0,71.0,202.71335199999999,100.0,0.21818199999999999,156,715
2020,Portuguese Grand Prix,FP1,OCO,11.0,1.0,clear_violation,329.0,72.0,205.6762800000000,100.0,0.2170210000000000,153,705
2020,Portuguese Grand Prix,FP1,VER,3.0,1.0,clear_violation,317.0,72.0,198.39318100000000,100.0,0.19725999999999999,144,730
2020,Portuguese Grand Prix,FP1,HAM,27.0,1.0,clear_violation,306.0,74.0,200.88068600000000,100.0,0.21300100000000000,154,723
2020,Portuguese Grand Prix,FP1,HAM,28.0,1.0,clear_violation,312.0,79.0,204.17997199999999,100.0,0.20396600000000001,144,706
2020,Portuguese Grand Prix,FP1,SAI,3.0,4.0,clear_violation,313.0,71.0,197.31995300000000,100.0,0.23433200000000001,172,734
2020,Portuguese Grand Prix,FP1,SAI,4.0,1.0,clear_violation,313.0,72.0,191.5725790000000,100.0,0.1976130000000000,149,754
2020,Portuguese Grand Prix,FP1,SAI,15.0,4.0,clear_violation,325.0,73.0,202.97118000000000,100.0,0.20646100000000001,147,712
2020,Portuguese Grand Prix,FP1,SAI,20.0,4.0,clear_violation,316.0,30.0,182.54726800000000,100.0,0.22376699999999999,177,791
2020,Portuguese Grand Prix,FP1,SAI,27.0,4.0,clear_violation,306.74166600000001,51.0,183.6780780000000,100.0,0.20127400000000001,158,785
2020,Portuguese Grand Prix,FP1,SAI,34.0,1.0,clear_violation,296.0,72.0,202.01126300000001,100.0,0.18802199999999999,135,718
2020,Portuguese Grand Prix,FP1,SAI,40.0,4.0,clear_violation,294.0,67.0,193.27316600000000,100.0,0.20266700000000001,152,750
2020,Portuguese Grand Prix,FP1,RUS,28.0,1.0,clear_violation,299.0,77.0,199.9903310000000,100.0,0.1883660000000000,136,722
2020,Portuguese Grand Prix,FP1,BOT,27.0,1.0,clear_violation,312.0,77.0,204.10846500000000,100.0,0.21378300000000000,152,711
2020,Portuguese Grand Prix,FP1,BOT,32.0,4.0,clear_violation,309.0,70.0,198.27401200000000,104.0,0.2079340000000000,152,731
2020,Portuguese Grand Prix,FP1,GIO,23.0,4.0,clear_violation,323.0,70.0,181.3157230000000,100.0,0.21026300000000001,168,799
2020,Portuguese Grand Prix,FP2,RIC,16.0,4.0,clear_violation,294.0,77.0,202.1870560000000,100.0,0.1506280000000000,108,717
2020,Portuguese Grand Prix,FP2,NOR,6.0,4.0,clear_violation,294.0,68.0,199.88097099999999,100.0,0.20470300000000000,148,723
2020,Portuguese Grand Prix,FP2,NOR,7.0,4.0,clear_violation,293.3624990,72.0,200.9145830000000,100.0,0.1944060000000000,139,715
2020,Portuguese Grand Prix,FP2,NOR,29.0,4.0,clear_violation,312.0,72.0,204.9924340000000,100.0,0.17613599999999999,124,704
2020,Portuguese Grand Prix,FP2,VET,7.0,4.0,clear_violation,304.2583330,69.0,198.81891999999999,100.0,0.24517900000000001,178,726
2020,Portuguese Grand Prix,FP2,VET,12.0,1.0,clear_violation,302.0,72.0,197.76085100000000,100.0,0.2779290000000000,204,734
2020,Portuguese Grand Prix,FP2,LAT,15.0,1.0,clear_violation,291.0,73.0,194.217326000000,100.0,0.16734099999999999,124,741
2020,Portuguese Grand Prix,FP2,LAT,17.0,4.0,clear_violation,288.0,72.0,197.05075299999999,100.0,0.20082000000000000,147,732
2020,Portuguese Grand Prix,FP2,RAI,5.0,4.0,clear_violation,300.0,66.0,196.9099020000000,100.0,0.1978320000000000,146,738
2020,Portuguese Grand Prix,FP2,RAI,9.0,4.0,clear_violation,296.0,69.0,200.85001600000001,100.0,0.2125,153,720
2020,Portuguese Grand Prix,FP2,RAI,13.0,4.0,clear_violation,292.0,72.0,199.88964899999999,100.0,0.1991700000000000,144,723
2020,Portuguese Grand Prix,FP2,RAI,30.0,4.0,clear_violation,326.0,70.0,197.82164499999999,100.0,0.2403850000000000,175,728
2020,Portuguese Grand Prix,FP2,GRO,4.0,4.0,clear_violation,294.0,70.0,199.25244000000001,100.0,0.18032799999999999,132,732
2020,Portuguese Grand Prix,FP2,GRO,12.0,1.0,clear_violation,289.0,72.0,196.96204399999999,100.0,0.18292700000000001,135,738
2020,Portuguese Grand Prix,FP2,GRO,13.0,4.0,clear_violation,290.0,73.0,199.26855000000000,100.0,0.1755830000000000,128,729
2020,Portuguese Grand Prix,FP2,GRO,14.0,2.0,clear_violation,293.0,74.0,199.92480499999999,100.0,0.16989000000000001,123,724
2020,Portuguese Grand Prix,FP2,GRO,15.0,1.0,clear_violation,294.0,72.0,190.67671700000000,100.0,0.19499300000000000,148,759
2020,Portuguese Grand Prix,FP2,GRO,19.0,4.0,clear_violation,313.0,74.0,202.12455900000000,100.0,0.19220100000000001,138,718
2020,Portuguese Grand Prix,FP2,GRO,26.0,4.0,clear_violation,303.0,74.0,198.4190520000000,100.0,0.1863010000000000,136,730
2020,Portuguese Grand Prix,FP2,GRO,27.0,4.0,clear_violation,295.0,74.0,198.62887699999999,100.0,0.18381300000000000,134,729
2020,Portuguese Grand Prix,FP2,GAS,4.0,4.0,clear_violation,309.0,70.0,192.79310200000000,100.0,0.19337699999999999,146,755
2020,Portuguese Grand Prix,FP2,GAS,6.0,4.0,clear_violation,304.0,73.0,200.468673000000,100.0,0.17337000000000000,125,721
2020,Portuguese Grand Prix,FP2,GAS,9.0,4.0,clear_violation,306.0,71.0,200.41836200000000,100.0,0.19694900000000001,142,721
2020,Portuguese Grand Prix,FP2,GAS,19.0,4.0,clear_violation,317.0,75.0,208.25535300000001,100.0,0.16618500000000000,115,692
2020,Portuguese Grand Prix,FP2,PER,20.0,4.0,clear_violation,320.0,74.0,201.16844000000000,100.0,0.1977720000000000,142,718
2020,Portuguese Grand Prix,FP2,PER,21.0,4.0,clear_violation,321.0,73.0,207.01793699999999,100.0,0.18544900000000000,130,701
2020,Portuguese Grand Prix,FP2,LEC,5.0,4.0,clear_violation,321.0,73.0,190.79413600000001,100.0,0.22002600000000000,167,759
2020,Portuguese Grand Prix,FP2,STR,10.0,4.0,clear_violation,289.0,69.0,200.91096999999999,100.0,0.203601000000000,147,722
2020,Portuguese Grand Prix,FP2,STR,20.0,4.0,clear_violation,318.0,60.0,193.77228900000000,100.0,0.23180600000000001,172,742
2020,Portuguese Grand Prix,FP2,STR,22.0,4.0,clear_violation,316.0,72.0,206.87393599999999,100.0,0.20399400000000001,143,701
2020,Portuguese Grand Prix,FP2,MAG,5.0,4.0,clear_violation,292.0,72.0,198.71359100000001,100.0,0.17421100000000000,127,729
2020,Portuguese Grand Prix,FP2,MAG,26.0,4.0,clear_violation,293.0,73.0,194.95207800000000,100.0,0.23004100000000000,170,739
2020,Portuguese Grand Prix,FP2,ALB,2.0,4.0,clear_violation,297.81785700000000,71.0,197.37698900000001,100.0,0.2098090000000000,154,734
2020,Portuguese Grand Prix,FP2,ALB,3.0,4.0,clear_violation,309.0,74.0,198.1681660000000,100.0,0.22479600000000000,165,734
2020,Portuguese Grand Prix,FP2,ALB,4.0,1.0,clear_violation,294.0,70.0,199.11100900000000,100.0,0.21565899999999999,157,728
2020,Portuguese Grand Prix,FP2,ALB,12.0,1.0,clear_violation,295.0,71.0,200.60590700000000,100.0,0.20833299999999999,150,720
2020,Portuguese Grand Prix,FP2,ALB,15.0,1.0,clear_violation,293.0,72.0,199.7930810000000,100.0,0.2077560000000000,150,722
2020,Portuguese Grand Prix,FP2,ALB,19.0,1.0,clear_violation,311.0,71.0,175.10345699999999,100.0,0.21385199999999999,176,823
2020,Portuguese Grand Prix,FP2,ALB,20.0,1.0,clear_violation,317.0,73.0,208.4956330000000,100.0,0.19568300000000000,136,695
2020,Portuguese Grand Prix,FP2,ALB,28.0,4.0,clear_violation,316.0,63.0,179.93351899999999,100.0,0.1980070000000000,159,803
2020,Portuguese Grand Prix,FP2,ALB,31.0,4.0,clear_violation,309.0,75.0,185.44075599999999,100.0,0.2043700000000000,159,778
2020,Portuguese Grand Prix,FP2,ALB,32.0,4.0,clear_violation,313.0,73.0,207.4254500000000,100.0,0.19368700000000000,135,697
2020,Portuguese Grand Prix,FP2,KVY,8.0,4.0,clear_violation,318.0,70.0,199.73114500000000,100.0,0.1927880000000000,139,721
2020,Portuguese Grand Prix,FP2,KVY,12.0,1.0,clear_violation,291.0,73.0,199.3174260000000,100.0,0.1825730000000000,132,723
2020,Portuguese Grand Prix,FP2,KVY,15.0,4.0,clear_violation,320.0,72.0,200.42586800000001,100.0,0.17827299999999999,128,718
2020,Portuguese Grand Prix,FP2,KVY,29.0,4.0,clear_violation,320.0,75.0,207.73892400000000,100.0,0.18208099999999999,126,692
2020,Portuguese Grand Prix,FP2,OCO,14.0,1.0,clear_violation,295.0,74.0,200.9492640000000,100.0,0.19833600000000001,143,721
2020,Portuguese Grand Prix,FP2,VER,13.0,1.0,clear_violation,307.26666699999998,73.0,202.63224800000000,100.0,0.2125870000000000,152,715
2020,Portuguese Grand Prix,FP2,HAM,24.0,4.0,clear_violation,315.8125000000000,74.0,202.27173800000000,100.0,0.20786499999999999,148,712
2020,Portuguese Grand Prix,FP2,SAI,2.0,1.0,clear_violation,310.0,73.0,199.04175000000001,100.0,0.20385700000000001,148,726
2020,Portuguese Grand Prix,FP2,SAI,17.0,4.0,clear_violation,295.0,75.0,199.51439999999999,100.0,0.1793100000000000,130,725
2020,Portuguese Grand Prix,FP2,SAI,21.0,4.0,clear_violation,317.0,77.0,200.29067599999999,100.0,0.17777799999999999,128,720
2020,Portuguese Grand Prix,FP2,SAI,27.0,4.0,clear_violation,316.0,77.0,210.44623899999999,100.0,0.1827490000000000,125,684
2020,Portuguese Grand Prix,FP2,RUS,7.0,4.0,clear_violation,295.0,74.0,198.95268100000001,100.0,0.19336999999999999,140,724
2020,Portuguese Grand Prix,FP2,RUS,8.0,4.0,clear_violation,294.0,73.0,198.55024800000001,100.0,0.18732799999999999,136,726
2020,Portuguese Grand Prix,FP2,GIO,22.0,4.0,clear_violation,316.0,77.0,206.60871200000000,100.0,0.1757140000000000,123,700
2020,Portuguese Grand Prix,FP2,GIO,25.0,4.0,clear_violation,315.0,74.0,194.07820200000000,100.0,0.1760750000000000,131,744
2020,Portuguese Grand Prix,FP2,GIO,28.0,4.0,clear_violation,302.9678570000000,75.0,199.61135800000000,100.0,0.18672200000000000,135,723
2020,Portuguese Grand Prix,FP2,GIO,30.0,4.0,clear_violation,327.0,71.0,197.37879899999999,100.0,0.2188780000000000,160,731
2020,Portuguese Grand Prix,FP2,GIO,31.0,4.0,clear_violation,299.0,74.0,199.76082700000001,100.0,0.18948799999999999,137,723
2020,Portuguese Grand Prix,FP2,GIO,32.0,4.0,clear_violation,298.9928580,75.0,200.18178000000000,100.0,0.1808070000000000,130,719
2020,Portuguese Grand Prix,FP3,NOR,13.0,1.0,clear_violation,319.0,63.0,187.58663899999999,100.0,0.15334200000000001,117,763
2020,Portuguese Grand Prix,FP3,LAT,3.0,1.0,clear_violation,326.0,79.0,208.0186730000000,100.0,0.2005810000000000,138,688
2020,Portuguese Grand Prix,FP3,RAI,4.0,1.0,clear_violation,323.0,79.0,211.6075650000000,100.0,0.18195500000000001,121,665
2020,Portuguese Grand Prix,FP3,GRO,5.0,1.0,clear_violation,320.0,79.0,212.00861499999999,100.0,0.17018100000000000,113,664
2020,Portuguese Grand Prix,FP3,GRO,9.0,1.0,clear_violation,319.0,78.0,212.60677000000001,100.0,0.1812780000000000,122,673
2020,Portuguese Grand Prix,FP3,GRO,11.0,4.0,clear_violation,313.0,80.0,213.37254500000000,100.0,0.16023699999999999,108,674
2020,Portuguese Grand Prix,FP3,GRO,16.0,1.0,clear_violation,317.0,77.0,213.00814900000000,100.0,0.16862199999999999,115,682
2020,Portuguese Grand Prix,FP3,GRO,18.0,1.0,clear_violation,313.0,75.0,212.687540000000,100.0,0.1591240000000000,109,685
2020,Portuguese Grand Prix,FP3,GAS,11.0,1.0,clear_violation,301.0,77.0,207.62099400000000,100.0,0.1669060000000000,116,695
2020,Portuguese Grand Prix,FP3,GAS,12.0,4.0,clear_violation,300.0,76.0,206.6317270000000,100.0,0.17435200000000001,121,694
2020,Portuguese Grand Prix,FP3,GAS,20.0,1.0,clear_violation,321.0,46.0,164.40028300000000,100.0,0.18665200000000001,165,884
2020,Portuguese Grand Prix,FP3,STR,14.0,1.0,clear_violation,324.0,72.0,213.12564599999999,100.0,0.21091399999999999,143,678
2020,Portuguese Grand Prix,FP3,MAG,10.0,1.0,clear_violation,315.0,57.0,159.74693900000000,100.0,0.21734400000000001,198,911
2020,Portuguese Grand Prix,FP3,ALB,7.0,1.0,clear_violation,324.0,77.0,215.94886399999999,100.0,0.18461500000000000,120,650
2020,Portuguese Grand Prix,FP3,ALB,12.0,1.0,clear_violation,321.0,77.0,216.97980100000001,100.0,0.17921699999999999,119,664
2020,Portuguese Grand Prix,FP3,KVY,16.0,1.0,clear_violation,314.0,70.0,209.0383060000000,100.0,0.16204399999999999,111,685
2020,Portuguese Grand Prix,FP3,KVY,19.0,4.0,clear_violation,298.0,73.0,204.70777200000001,100.0,0.1783170000000000,125,701
2020,Portuguese Grand Prix,FP3,OCO,16.0,1.0,clear_violation,323.0,76.0,213.31013799999999,100.0,0.19047600000000001,128,672
2020,Portuguese Grand Prix,FP3,VER,7.0,1.0,clear_violation,328.0,77.0,216.35842500000001,100.0,0.17619799999999999,114,647
2020,Portuguese Grand Prix,FP3,SAI,3.0,1.0,clear_violation,327.0,41.0,194.01596400000000,100.0,0.18157200000000001,134,738
2020,Portuguese Grand Prix,FP3,SAI,20.0,1.0,clear_violation,321.0,79.0,212.47847500000000,100.0,0.16053000000000001,109,679
2020,Portuguese Grand Prix,FP3,RUS,3.0,1.0,clear_violation,331.0,79.0,209.61877899999999,100.0,0.19230800000000001,130,676
2020,Portuguese Grand Prix,FP3,BOT,17.0,1.0,clear_violation,303.0,79.0,205.10739200000000,100.0,0.16642999999999999,117,703
2020,Portuguese Grand Prix,FP3,GIO,8.0,1.0,clear_violation,326.0,79.0,212.54712300000000,100.0,0.17065900000000001,114,668
2020,Portuguese Grand Prix,FP3,RUS,8.0,5.0,no_advantage,316.0,61.0,157.55353299999999,100.0,0.15168499999999999,135,890
2020,Portuguese Grand Prix,FP3,HAM,11.0,8.0,no_advantage,310.69166600000000,55.0,172.09207300000000,100.0,0.25570199999999998,213,833
2020,Portuguese Grand Prix,Q,VER,4.0,1.0,clear_violation,320.0,51.0,184.83838000000000,100.0,0.24199699999999999,189,781
2020,Portuguese Grand Prix,Q,STR,11.0,1.0,clear_violation,326.0,77.0,215.21602500000000,100.0,0.20474800000000001,138,674
2020,Portuguese Grand Prix,Q,KVY,9.0,4.0,clear_violation,320.0,76.0,214.12479099999999,100.0,0.17333299999999999,117,675
2020,Portuguese Grand Prix,Q,VET,5.0,1.0,clear_violation,328.0,76.0,213.5937380000000,100.0,0.21449699999999999,145,676
2020,Portuguese Grand Prix,Q,LAT,5.0,1.0,clear_violation,325.0,79.0,212.2567560000000,100.0,0.19236400000000001,131,681
2020,Portuguese Grand Prix,R,BOT,20.0,4.0,clear_violation,304.0,73.0,200.94348199999999,100.0,0.20396600000000001,144,706
2020,Portuguese Grand Prix,R,BOT,35.0,4.0,clear_violation,312.71666800000003,75.0,204.25608900000000,100.0,0.19831199999999999,141,711
2020,Portuguese Grand Prix,R,VER,7.0,4.0,clear_violation,324.0,68.0,196.82685499999999,100.0,0.21994500000000000,161,732
2020,Portuguese Grand Prix,R,GAS,11.0,1.0,clear_violation,325.0,73.0,200.876666000000,100.0,0.20084299999999999,143,712
2020,Portuguese Grand Prix,R,GAS,15.0,1.0,clear_violation,308.7142860000000,69.0,200.48169400000000,100.0,0.2084510000000000,148,710
2020,Portuguese Grand Prix,R,SAI,32.0,1.0,clear_violation,339.0,59.0,198.15943400000000,100.0,0.2348900000000000,171,728
2020,Portuguese Grand Prix,R,OCO,2.0,1.0,clear_violation,324.0,60.0,185.5225650000000,100.0,0.29118800000000000,228,783
2020,Portuguese Grand Prix,R,VET,54.0,1.0,clear_violation,332.0,75.0,203.88396399999999,100.0,0.2347950000000000,166,707
2020,Portuguese Grand Prix,R,RAI,30.0,4.0,clear_violation,329.0,66.0,198.37855800000000,100.0,0.2548210000000000,185,726
2020,Portuguese Grand Prix,R,RAI,56.0,4.0,clear_violation,331.0,70.0,204.23518600000000,100.0,0.2189270000000000,155,708
2020,Portuguese Grand Prix,R,ALB,2.0,1.0,clear_violation,318.0,59.0,183.19330400000001,100.0,0.2697620000000000,215,797
2020,Portuguese Grand Prix,R,ALB,49.0,1.0,clear_violation,302.0,74.0,205.4903140000000,100.0,0.17422099999999999,123,706
2020,Portuguese Grand Prix,R,NOR,32.0,4.0,clear_violation,302.0,76.0,199.1712050000000,100.0,0.21045400000000000,153,727
2020,Portuguese Grand Prix,R,NOR,48.0,4.0,clear_violation,304.0,75.0,205.38689400000001,100.0,0.1702130000000000,120,705
2020,Portuguese Grand Prix,R,NOR,53.0,1.0,clear_violation,340.0,67.0,203.08161799999999,100.0,0.21690100000000001,154,710
2020,Portuguese Grand Prix,R,RUS,16.0,1.0,clear_violation,309.0,71.0,198.94826499999999,100.0,0.21279600000000001,153,719
2020,Portuguese Grand Prix,R,GIO,47.0,4.0,clear_violation,302.0,73.0,200.04226100000000,100.0,0.21666700000000000,156,720
2020,Portuguese Grand Prix,R,MAG,9.0,4.0,clear_violation,309.1166680000000,73.0,197.5934630000000,100.0,0.22845399999999999,167,731
2020,Portuguese Grand Prix,R,MAG,25.0,4.0,clear_violation,298.0,75.0,199.1846890000000,100.0,0.2002820000000000,142,709
2020,Portuguese Grand Prix,R,MAG,38.0,1.0,clear_violation,323.0,76.0,199.29684800000001,100.0,0.21212100000000000,154,726
2020,Portuguese Grand Prix,R,GRO,12.0,1.0,clear_violation,311.0,72.0,198.1152120000000,100.0,0.19781699999999999,145,733
2020,Portuguese Grand Prix,R,GRO,24.0,4.0,clear_violation,324.0,68.0,199.43762400000000,100.0,0.21629200000000001,154,712
2020,Portuguese Grand Prix,R,GRO,28.0,4.0,clear_violation,303.0,74.0,200.06217699999999,100.0,0.18533900000000000,134,723
2020,Portuguese Grand Prix,R,GRO,30.0,1.0,clear_violation,327.0,67.0,198.27897100000001,100.0,0.2216140000000000,162,731
2020,Portuguese Grand Prix,R,GRO,39.0,1.0,clear_violation,326.0,71.0,201.9046950000000,100.0,0.21030599999999999,151,718
2020,Portuguese Grand Prix,R,LAT,17.0,4.0,clear_violation,307.0,71.0,198.61129099999999,100.0,0.19888000000000000,142,714
2020,Portuguese Grand Prix,R,LAT,38.0,1.0,clear_violation,303.0,71.0,193.78100400000000,100.0,0.25668400000000002,192,748
2020,Portuguese Grand Prix,R,LAT,49.0,1.0,clear_violation,309.0,74.0,202.31843100000000,100.0,0.23184399999999999,166,716
2020,Portuguese Grand Prix,R,LAT,50.0,1.0,clear_violation,306.0,75.0,202.05572400000000,100.0,0.2114050000000000,152,719
2020,Portuguese Grand Prix,R,KVY,32.0,1.0,clear_violation,306.0,68.0,201.6198770000000,100.0,0.18662999999999999,134,718
2020,Portuguese Grand Prix,R,KVY,33.0,1.0,clear_violation,304.0,70.0,201.77035799999999,100.0,0.1796660000000000,129,718
2020,Portuguese Grand Prix,R,KVY,35.0,1.0,clear_violation,305.0,72.0,201.69760500000001,100.0,0.17433799999999999,125,717
2020,Portuguese Grand Prix,R,KVY,37.0,1.0,clear_violation,307.0,73.0,200.01312999999999,100.0,0.17688000000000001,127,718
2020,Portuguese Grand Prix,R,KVY,52.0,1.0,clear_violation,310.0,74.0,202.03567000000001,100.0,0.18131100000000000,130,717
2020,Portuguese Grand Prix,R,STR,2.0,1.0,clear_violation,315.0,51.0,186.07008500000001,100.0,0.28241300000000003,220,779
2020,Portuguese Grand Prix,R,STR,6.0,4.0,clear_violation,338.0,64.0,198.39449200000001,100.0,0.24383600000000000,178,730
2020,Portuguese Grand Prix,R,STR,27.0,1.0,clear_violation,307.0,71.0,198.54033000000001,100.0,0.2430170000000000,174,716
2020,Portuguese Grand Prix,R,PER,5.0,4.0,no_advantage,303.0,73.0,200.4996120000000,100.0,0.217753000000000,157,721
2020,Pre-Season Test 1,FP1,STR,5.0,10.0,clear_violation,319.0,71.0,233.03648300000000,100.0,0.1870750000000000,110,588
2020,Pre-Season Test 1,FP1,STR,5.0,9.0,no_advantage,319.0,71.0,233.03648300000000,100.0,0.1870750000000000,110,588
2020,Pre-Season Test 1,FP2,RAI,12.0,10.0,clear_violation,319.0,68.0,234.2403620000000,100.0,0.17677599999999999,102,577
2020,Pre-Season Test 1,FP2,RAI,13.0,10.0,clear_violation,290.0,54.0,165.09050099999999,100.0,0.28255500000000000,230,814
2020,Pre-Season Test 1,FP2,RAI,29.0,10.0,clear_violation,311.0,59.0,219.0152710000000,100.0,0.19739000000000001,121,613
2020,Pre-Season Test 1,FP2,RAI,30.0,10.0,clear_violation,303.0,50.0,208.28053100000000,100.0,0.2043340000000000,132,646
2020,Pre-Season Test 1,FP2,STR,30.0,10.0,clear_violation,298.0,67.0,221.53800100000001,100.0,0.20130899999999999,123,611
2020,Pre-Season Test 1,FP2,MAG,2.0,9.0,clear_violation,310.0,70.0,232.05238800000001,100.0,0.15689700000000001,91,580
2020,Pre-Season Test 1,FP2,HAM,23.0,10.0,clear_violation,300.0,66.0,203.3090040000000,100.0,0.1885370000000000,125,663
2020,Pre-Season Test 1,FP2,LAT,5.0,3.0,no_advantage,311.0,0.0,138.85569500000000,100.0,0.25204100000000002,247,980
2020,Pre-Season Test 1,FP2,RAI,10.0,6.0,no_advantage,318.0,44.0,180.1627260000000,100.0,0.2156080000000000,163,756
2020,Pre-Season Test 1,FP2,VER,13.0,6.0,no_advantage,290.0,75.0,224.22467499999999,100.0,0.12935300000000000,78,603
2020,Pre-Season Test 1,FP3,RAI,16.0,9.0,clear_violation,318.0,67.0,221.37979500000000,100.0,0.16748800000000000,102,609
2020,Pre-Season Test 1,FP3,BOT,18.0,1.0,no_advantage,292.0,0.0,37.05282600000000,104.0,0.7092260000000000,2583,3642
2020,Pre-Season Test 1,Q,BOT,16.0,5.0,no_advantage,299.0,0.0,51.6293580000000,104.0,0.5876520000000000,1542,2624
2020,Pre-Season Test 1,R,KVY,39.0,10.0,clear_violation,297.0,60.0,220.32948600000000,100.0,0.16583700000000001,100,603
2020,Pre-Season Test 1,R,KVY,40.0,10.0,clear_violation,297.0,60.0,220.43266800000001,100.0,0.16033100000000000,97,605
2020,Pre-Season Test 1,R,KVY,60.0,9.0,clear_violation,283.0,56.0,174.8750530000000,100.0,0.25980399999999998,159,612
2020,Pre-Season Test 1,R,KVY,63.0,10.0,clear_violation,330.0,46.0,219.09797300000000,100.0,0.19540199999999999,119,609
2020,Pre-Season Test 1,R,KVY,64.0,10.0,clear_violation,324.0,4.0,216.7535340000000,100.0,0.16828499999999999,104,618
2020,Pre-Season Test 1,R,OCO,65.0,10.0,clear_violation,320.0,63.0,223.63782200000000,100.0,0.19833300000000001,119,600
2020,Pre-Season Test 1,R,VET,39.0,10.0,clear_violation,305.0,65.0,223.872617000000,100.0,0.18790799999999999,115,612
2020,Pre-Season Test 1,R,VET,40.0,10.0,clear_violation,304.0,64.0,222.4082570000000,100.0,0.1967480000000000,121,615
2020,Pre-Season Test 1,R,VET,58.0,10.0,clear_violation,263.0,70.0,152.17914200000001,100.0,0.23404300000000000,143,611
2020,Pre-Season Test 1,R,VET,59.0,10.0,clear_violation,216.5499970,71.0,139.81424100000001,100.0,0.23452799999999999,144,614
2020,Pre-Season Test 1,R,GRO,16.0,9.0,clear_violation,305.0,59.0,218.7420570000000,100.0,0.17193400000000000,136,791
2020,Pre-Season Test 1,R,GRO,27.0,10.0,clear_violation,231.0,87.0,143.39745199999999,100.0,0.24149100000000001,149,617
2020,Pre-Season Test 1,R,GRO,28.0,10.0,clear_violation,288.0,57.0,168.13730600000000,100.0,0.20772900000000000,129,621
2020,Pre-Season Test 2,FP1,STR,5.0,10.0,clear_violation,319.0,71.0,233.03648300000000,100.0,0.1870750000000000,110,588
2020,Pre-Season Test 2,FP1,STR,5.0,9.0,no_advantage,319.0,71.0,233.03648300000000,100.0,0.1870750000000000,110,588
2020,Pre-Season Test 2,FP2,RAI,12.0,10.0,clear_violation,319.0,68.0,234.2403620000000,100.0,0.17677599999999999,102,577
2020,Pre-Season Test 2,FP2,RAI,13.0,10.0,clear_violation,290.0,54.0,165.09050099999999,100.0,0.28255500000000000,230,814
2020,Pre-Season Test 2,FP2,RAI,29.0,10.0,clear_violation,311.0,59.0,219.0152710000000,100.0,0.19739000000000001,121,613
2020,Pre-Season Test 2,FP2,RAI,30.0,10.0,clear_violation,303.0,50.0,208.28053100000000,100.0,0.2043340000000000,132,646
2020,Pre-Season Test 2,FP2,STR,30.0,10.0,clear_violation,298.0,67.0,221.53800100000001,100.0,0.20130899999999999,123,611
2020,Pre-Season Test 2,FP2,MAG,2.0,9.0,clear_violation,310.0,70.0,232.05238800000001,100.0,0.15689700000000001,91,580
2020,Pre-Season Test 2,FP2,HAM,23.0,10.0,clear_violation,300.0,66.0,203.3090040000000,100.0,0.1885370000000000,125,663
2020,Pre-Season Test 2,FP2,LAT,5.0,3.0,no_advantage,311.0,0.0,138.85569500000000,100.0,0.25204100000000002,247,980
2020,Pre-Season Test 2,FP2,RAI,10.0,6.0,no_advantage,318.0,44.0,180.1627260000000,100.0,0.2156080000000000,163,756
2020,Pre-Season Test 2,FP2,VER,13.0,6.0,no_advantage,290.0,75.0,224.22467499999999,100.0,0.12935300000000000,78,603
2020,Pre-Season Test 2,FP3,RAI,16.0,9.0,clear_violation,318.0,67.0,221.37979500000000,100.0,0.16748800000000000,102,609
2020,Pre-Season Test 2,FP3,BOT,18.0,1.0,no_advantage,292.0,0.0,37.05282600000000,104.0,0.7092260000000000,2583,3642
2020,Pre-Season Test 2,Q,BOT,16.0,5.0,no_advantage,299.0,0.0,51.6293580000000,104.0,0.5876520000000000,1542,2624
2020,Pre-Season Test 2,R,KVY,39.0,10.0,clear_violation,297.0,60.0,220.32948600000000,100.0,0.16583700000000001,100,603
2020,Pre-Season Test 2,R,KVY,40.0,10.0,clear_violation,297.0,60.0,220.43266800000001,100.0,0.16033100000000000,97,605
2020,Pre-Season Test 2,R,KVY,60.0,9.0,clear_violation,283.0,56.0,174.8750530000000,100.0,0.25980399999999998,159,612
2020,Pre-Season Test 2,R,KVY,63.0,10.0,clear_violation,330.0,46.0,219.09797300000000,100.0,0.19540199999999999,119,609
2020,Pre-Season Test 2,R,KVY,64.0,10.0,clear_violation,324.0,4.0,216.7535340000000,100.0,0.16828499999999999,104,618
2020,Pre-Season Test 2,R,OCO,65.0,10.0,clear_violation,320.0,63.0,223.63782200000000,100.0,0.19833300000000001,119,600
2020,Pre-Season Test 2,R,VET,39.0,10.0,clear_violation,305.0,65.0,223.872617000000,100.0,0.18790799999999999,115,612
2020,Pre-Season Test 2,R,VET,40.0,10.0,clear_violation,304.0,64.0,222.4082570000000,100.0,0.1967480000000000,121,615
2020,Pre-Season Test 2,R,VET,58.0,10.0,clear_violation,263.0,70.0,152.17914200000001,100.0,0.23404300000000000,143,611
2020,Pre-Season Test 2,R,VET,59.0,10.0,clear_violation,216.5499970,71.0,139.81424100000001,100.0,0.23452799999999999,144,614
2020,Pre-Season Test 2,R,GRO,16.0,9.0,clear_violation,305.0,59.0,218.7420570000000,100.0,0.17193400000000000,136,791
2020,Pre-Season Test 2,R,GRO,27.0,10.0,clear_violation,231.0,87.0,143.39745199999999,100.0,0.24149100000000001,149,617
2020,Pre-Season Test 2,R,GRO,28.0,10.0,clear_violation,288.0,57.0,168.13730600000000,100.0,0.20772900000000000,129,621
2020,Russian Grand Prix,FP1,GRO,23.0,2.0,clear_violation,313.0,88.0,198.49835600000000,100.0,0.15451599999999999,142,919
2020,Russian Grand Prix,FP1,STR,5.0,2.0,clear_violation,318.0,28.0,147.35128200000000,100.0,0.2686080000000000,332,1236
2020,Russian Grand Prix,FP1,BOT,9.0,13.0,no_advantage,303.0,0.0,32.36365800000000,100.0,0.04805100000000000,270,5619
2020,Russian Grand Prix,FP1,RUS,13.0,13.0,no_advantage,303.0,89.0,205.38915600000001,100.0,0.16535400000000000,147,889
2020,Russian Grand Prix,FP2,NOR,5.0,2.0,clear_violation,313.0,69.0,154.4762790000000,100.0,0.15195200000000000,179,1178
2020,Russian Grand Prix,FP2,BOT,8.0,2.0,clear_violation,320.0,70.0,170.2085830000000,100.0,0.20168100000000000,216,1071
2020,Russian Grand Prix,FP2,BOT,8.0,13.0,no_advantage,320.0,70.0,170.2085830000000,100.0,0.20168100000000000,216,1071
2020,Russian Grand Prix,FP2,HAM,8.0,13.0,no_advantage,330.0,7.0,179.45276600000000,100.0,0.16097600000000001,165,1025
2020,Russian Grand Prix,FP2,BOT,18.0,14.0,no_advantage,309.0,69.0,200.9153150000000,100.0,0.1848180000000000,168,909
2020,Russian Grand Prix,FP2,HAM,17.0,13.0,no_advantage,311.0,62.0,204.2639060000000,100.0,0.17037900000000000,153,898
2020,Russian Grand Prix,FP2,LEC,26.0,17.0,no_advantage,303.0,91.0,205.25900899999999,100.0,0.16891900000000001,150,888
2020,Russian Grand Prix,FP3,ALB,10.0,2.0,clear_violation,321.0,99.0,221.9485110000000,100.0,0.15878800000000001,131,825
2020,Russian Grand Prix,FP3,RUS,6.0,2.0,clear_violation,195.0,0.0,6.5933909999999996,100.0,0.04282400000000000,37,864
2020,Russian Grand Prix,FP3,BOT,1.0,7.0,no_advantage,301.0,60.35833400000000,151.4501600000000,100.0,0.2451670000000000,279,1138
2020,Russian Grand Prix,FP3,LEC,5.0,2.0,no_advantage,316.0,56.0,191.89529899999999,100.0,0.18566800000000000,171,921
2020,Russian Grand Prix,FP3,RUS,5.0,2.0,no_advantage,0.0,0.0,0.0,0.0,0.0,0,1323
2020,Russian Grand Prix,FP3,ALB,9.0,2.0,no_advantage,285.0,0.0,28.508666000000002,104.0,0.6214570000000000,3968,6385
2020,Russian Grand Prix,Q,HAM,2.0,2.0,clear_violation,333.0,102.0,222.39564999999999,100.0,0.16199800000000000,133,821
2020,Russian Grand Prix,Q,HAM,7.0,18.0,clear_violation,334.0,107.0,227.60149999999999,100.0,0.1519300000000000,122,803
2020,Russian Grand Prix,Q,GAS,2.0,2.0,clear_violation,330.0,66.0,147.48132699999999,100.0,0.1284330000000000,159,1238
2020,Russian Grand Prix,Q,GRO,2.0,2.0,clear_violation,326.0,96.0,221.4715810000000,100.0,0.15356700000000001,127,827
2020,Russian Grand Prix,Q,MAG,2.0,2.0,clear_violation,326.0,67.0,181.56109300000000,100.0,0.17594399999999999,177,1006
2020,Russian Grand Prix,Q,HAM,1.0,2.0,no_advantage,300.0,60.0,142.14405800000000,104.0,0.2465080000000000,300,1217
2020,Russian Grand Prix,Q,GRO,1.0,2.0,no_advantage,284.0,34.0,143.57522000000000,100.0,0.2456580000000000,297,1209
2020,Russian Grand Prix,Q,MAG,1.0,2.0,no_advantage,294.0,28.0,140.17776300000000,100.0,0.2223120000000000,275,1237
2020,Russian Grand Prix,Q,GAS,1.0,2.0,no_advantage,295.0,30.0,131.62192800000000,100.0,0.1418820000000000,187,1318
2020,Russian Grand Prix,Q,LAT,1.0,2.0,no_advantage,292.0,59.1833340,135.47837500000000,100.0,0.17670100000000000,226,1279
2020,Russian Grand Prix,Q,HAM,7.0,18.0,no_advantage,334.0,107.0,227.60149999999999,100.0,0.1519300000000000,122,803
2020,Russian Grand Prix,R,RIC,25.0,2.0,clear_violation,318.0,97.0,206.51037500000001,100.0,0.15699700000000000,138,879
2020,Russian Grand Prix,R,ALB,50.0,2.0,clear_violation,307.0,92.0,209.0927050000000,100.0,0.17336399999999999,151,871
2020,Russian Grand Prix,R,GRO,39.0,2.0,clear_violation,305.0,89.0,202.09152200000000,100.0,0.19866800000000001,179,901
2020,Russian Grand Prix,R,GRO,41.0,2.0,clear_violation,310.0,81.0,198.34582399999999,100.0,0.1882480000000000,173,919
2020,Russian Grand Prix,R,GRO,47.0,2.0,clear_violation,333.0,89.0,205.74311499999999,100.0,0.1790190000000000,157,877
2020,Russian Grand Prix,R,LEC,7.0,4.0,no_advantage,309.0,89.0,204.0213070000000,100.0,0.18141099999999999,162,893
2020,Russian Grand Prix,R,PER,9.0,2.0,no_advantage,338.0,93.0,205.76045900000000,100.0,0.2222220000000000,196,882
2020,Russian Grand Prix,R,RIC,24.0,2.0,no_advantage,314.0,95.0,206.37813800000001,100.0,0.17272699999999999,152,880
2020,Russian Grand Prix,R,GRO,38.0,2.0,no_advantage,303.0,88.0,206.7545520000000,100.0,0.17687100000000000,156,882
2020,Russian Grand Prix,R,ALB,49.0,2.0,no_advantage,306.0,98.0,212.58202199999999,100.0,0.1633610000000000,140,857
2020,Spanish Grand Prix,R,GRO,59.0,2.0,clear_violation,316.0,68.0,192.05117500000000,100.0,0.20505999999999999,154,751
2020,Styrian Grand Prix,FP1,GRO,3.0,9.0,clear_violation,313.0,65.0,227.35072000000000,100.0,0.13590600000000000,81,596
2020,Styrian Grand Prix,FP1,GAS,11.0,10.0,clear_violation,312.0,69.0,233.45714100000001,100.0,0.11245700000000000,65,578
2020,Styrian Grand Prix,FP1,STR,14.0,10.0,clear_violation,319.0,69.0,238.85964500000000,100.0,0.1546570000000000,88,569
2020,Styrian Grand Prix,FP1,STR,15.0,10.0,clear_violation,300.0,27.0,153.02470900000000,100.0,0.144960000000000,128,883
2020,Styrian Grand Prix,FP1,ALB,24.0,9.0,clear_violation,318.0,65.0,226.73183700000001,100.0,0.20840300000000000,124,595
2020,Styrian Grand Prix,FP1,OCO,9.0,10.0,clear_violation,314.0,69.0,233.9094970000000,100.0,0.1514630000000000,88,581
2020,Styrian Grand Prix,FP2,VET,15.0,9.0,clear_violation,317.0,70.0,240.3232840000000,100.0,0.1625440000000000,92,566
2020,Styrian Grand Prix,FP2,VET,34.0,9.0,clear_violation,297.0,68.0,222.6449820000000,100.0,0.15220900000000001,93,611
2020,Styrian Grand Prix,FP2,GRO,23.0,9.0,clear_violation,300.0,63.0,220.62490600000001,100.0,0.1539710000000000,95,617
2020,Styrian Grand Prix,FP2,GRO,30.0,9.0,clear_violation,301.0,64.0,212.49826500000000,100.0,0.1573210000000000,101,642
2020,Styrian Grand Prix,FP2,GAS,34.0,10.0,clear_violation,290.0,65.0,221.62746200000001,100.0,0.13866200000000001,85,613
2020,Styrian Grand Prix,FP2,GAS,35.0,10.0,clear_violation,291.0,68.0,221.67196300000001,100.0,0.14796699999999999,91,615
2020,Styrian Grand Prix,FP2,PER,20.0,9.0,clear_violation,298.0,64.0,220.75843800000001,100.0,0.18181800000000001,112,616
2020,Styrian Grand Prix,FP2,STR,6.0,9.0,clear_violation,323.0,71.0,241.0791300000000,100.0,0.15398200000000001,87,565
2020,Styrian Grand Prix,FP2,MAG,21.0,10.0,clear_violation,295.0,67.0,221.32245100000000,100.0,0.1791530000000000,110,614
2020,Styrian Grand Prix,FP2,MAG,22.0,10.0,clear_violation,295.0,67.0,220.35369399999999,100.0,0.16128999999999999,100,620
2020,Styrian Grand Prix,FP2,MAG,28.0,9.0,clear_violation,300.0,68.0,219.71998300000001,100.0,0.1832800000000000,114,622
2020,Styrian Grand Prix,FP2,ALB,8.0,9.0,clear_violation,323.0,71.0,239.17518200000001,100.0,0.17193000000000000,98,570
2020,Styrian Grand Prix,FP2,KVY,14.0,10.0,clear_violation,323.0,68.0,239.53447499999999,100.0,0.16520199999999999,94,569
2020,Styrian Grand Prix,FP2,VER,3.0,9.0,clear_violation,322.0,70.0,240.3400670000000,100.0,0.13829800000000000,78,564
2020,Styrian Grand Prix,FP2,VER,9.0,10.0,clear_violation,324.0,75.0,243.01811300000000,100.0,0.1494660000000000,84,562
2020,Styrian Grand Prix,FP2,HAM,2.0,9.0,clear_violation,319.0,71.0,236.6755400000000,100.0,0.1443480000000000,83,575
2020,Styrian Grand Prix,FP2,ALB,19.0,8.0,no_advantage,294.0,66.0,221.80745800000000,100.0,0.18019499999999999,111,616
2020,Styrian Grand Prix,Q,NOR,29.0,9.0,clear_violation,287.0,46.0,176.9567320000000,100.0,0.20921100000000001,159,760
2020,Styrian Grand Prix,Q,ALB,17.0,9.0,clear_violation,297.0,51.0,193.98236900000001,100.0,0.23088200000000000,157,680
2020,Styrian Grand Prix,Q,KVY,19.0,9.0,clear_violation,291.0,47.0,194.7626150000000,100.0,0.1875,129,688
2020,Styrian Grand Prix,Q,MAG,17.0,9.0,clear_violation,291.0,50.0,191.7183130000000,100.0,0.2011580000000000,139,691
2020,Styrian Grand Prix,R,VER,66.0,10.0,clear_violation,306.0,60.0,225.2432220000000,100.0,0.17803700000000000,107,601
2020,Styrian Grand Prix,R,VER,67.0,10.0,clear_violation,309.0,61.0,219.15916899999999,100.0,0.19155800000000001,118,616
2020,Styrian Grand Prix,R,ALB,68.0,10.0,clear_violation,300.0,67.0,231.3890780000000,100.0,0.14871799999999999,87,585
2020,Styrian Grand Prix,R,ALB,69.0,10.0,clear_violation,301.0,67.0,228.31794099999999,100.0,0.1546220000000000,92,595
2020,Styrian Grand Prix,R,STR,7.0,9.0,clear_violation,322.0,60.0,220.65143300000000,100.0,0.2169660000000000,133,613
2020,Styrian Grand Prix,R,STR,57.0,9.0,clear_violation,314.0,61.0,226.5938880000000,100.0,0.18288599999999999,109,596
2020,Styrian Grand Prix,R,RIC,44.0,10.0,clear_violation,299.0,69.0,226.27114599999999,100.0,0.13833300000000001,83,600
2020,Styrian Grand Prix,R,RIC,45.0,10.0,clear_violation,298.0,69.0,225.39310699999999,100.0,0.1352250000000000,81,599
2020,Styrian Grand Prix,R,KVY,31.0,9.0,clear_violation,293.0,68.0,222.03911600000001,100.0,0.15789500000000001,96,608
2020,Styrian Grand Prix,R,RAI,22.0,9.0,clear_violation,301.0,51.0,219.16531300000000,100.0,0.19286900000000001,119,617
2020,Styrian Grand Prix,R,MAG,47.0,9.0,clear_violation,316.0,54.0,218.42308399999999,100.0,0.2222220000000000,134,603
2020,Styrian Grand Prix,R,GRO,47.0,10.0,clear_violation,308.0,60.0,223.965229000000,100.0,0.1731750000000000,102,589
2020,Styrian Grand Prix,R,GRO,48.0,10.0,clear_violation,323.0,59.0,224.00980400000000,100.0,0.17346900000000001,102,588
2020,Styrian Grand Prix,R,GIO,35.0,10.0,clear_violation,301.0,66.0,222.3518940000000,100.0,0.17569799999999999,107,609
2020,Styrian Grand Prix,R,GIO,36.0,10.0,clear_violation,303.0,62.0,221.824584000000,100.0,0.17320300000000000,106,612
2020,Styrian Grand Prix,R,GIO,42.0,9.0,clear_violation,318.0,65.0,226.17450500000001,100.0,0.18257999999999999,109,597
2020,Styrian Grand Prix,R,GIO,52.0,10.0,clear_violation,303.0,67.0,225.08610800000000,100.0,0.1658290000000000,99,597
2020,Styrian Grand Prix,R,GIO,53.0,10.0,clear_violation,302.0,66.0,225.7265540000000,100.0,0.1713810000000000,103,601
2020,Styrian Grand Prix,R,GAS,47.0,10.0,clear_violation,296.0,61.0,214.02937700000001,100.0,0.16830100000000001,103,612
2020,Styrian Grand Prix,R,GAS,48.0,10.0,clear_violation,319.0,61.0,218.1290490000000,100.0,0.17637300000000000,106,601
2020,Styrian Grand Prix,R,LAT,60.0,9.0,clear_violation,302.0,66.0,224.72571800000000,100.0,0.21201999999999999,127,599
2020,Styrian Grand Prix,R,VET,1.0,,no_advantage,308.0,0.0,150.45866400000000,100.0,0.2865230000000000,253,883
2020,Tuscan Grand Prix,FP2,LEC,3.0,12.0,no_advantage,311.0,71.0,156.48894300000001,100.0,0.17461800000000000,183,1048
2020,Tuscan Grand Prix,FP2,VET,21.0,13.0,no_advantage,291.0,119.0,222.6048240000000,100.0,0.1614650000000000,119,737
2020,Tuscan Grand Prix,FP3,GAS,11.0,11.0,no_advantage,314.0,74.0,152.1631660000000,100.0,0.13395299999999999,144,1075
2020,Tuscan Grand Prix,Q,KVY,10.0,7.0,no_advantage,307.1541660,80.0,171.20167000000001,100.0,0.11252700000000000,106,942
2020,Tuscan Grand Prix,R,SAI,4.0,2.0,no_advantage,268.0,60.0,140.59035800000001,99.0,0.12596399999999999,147,1167
2021,Abu Dhabi Grand Prix,FP1,NOR,2.0,16.0,clear_violation,316.0,66.0,213.7317360000000,100.0,0.15494800000000000,119,768
2021,Abu Dhabi Grand Prix,FP1,NOR,3.0,16.0,clear_violation,276.0,49.0,133.76383400000000,100.0,0.1446280000000000,175,1210
2021,Abu Dhabi Grand Prix,FP1,NOR,6.0,7.0,clear_violation,316.0,55.0,159.63926300000000,100.0,0.11940300000000000,120,1005
2021,Abu Dhabi Grand Prix,FP1,VET,7.0,16.0,clear_violation,317.0,72.0,216.93057700000000,100.0,0.15567300000000001,118,758
2021,Abu Dhabi Grand Prix,FP1,VET,8.0,16.0,clear_violation,259.0,52.0,132.38699900000000,99.0,0.08987900000000000,111,1235
2021,Abu Dhabi Grand Prix,FP1,LAT,4.0,16.0,clear_violation,315.0,73.0,212.55699200000001,100.0,0.16219800000000001,121,746
2021,Abu Dhabi Grand Prix,FP1,LAT,5.0,16.0,clear_violation,273.0,40.0,136.47417100000001,100.0,0.223268000000000,261,1169
2021,Abu Dhabi Grand Prix,FP1,LAT,6.0,16.0,clear_violation,314.0,72.0,213.05359200000001,100.0,0.155468000000000,118,759
2021,Abu Dhabi Grand Prix,FP1,MAZ,17.0,7.0,clear_violation,300.0,82.0,200.924077000000,100.0,0.18237500000000001,149,817
2021,Abu Dhabi Grand Prix,FP1,PER,4.0,16.0,clear_violation,317.0,72.0,217.17254000000000,100.0,0.16963100000000000,124,731
2021,Abu Dhabi Grand Prix,FP1,ALO,3.0,15.0,clear_violation,313.0,69.0,215.15909500000001,100.0,0.15747000000000000,117,743
2021,Abu Dhabi Grand Prix,FP1,ALO,9.0,16.0,clear_violation,315.0,72.0,217.54378500000001,100.0,0.14418000000000000,109,756
2021,Abu Dhabi Grand Prix,FP1,TSU,4.0,15.0,clear_violation,314.0,73.0,216.41997300000000,100.0,0.14566899999999999,111,762
2021,Abu Dhabi Grand Prix,FP1,HAM,16.0,16.0,clear_violation,318.0,70.0,221.43049400000001,100.0,0.14285700000000001,106,742
2021,Abu Dhabi Grand Prix,FP1,SAI,2.0,16.0,clear_violation,314.0,67.0,215.2266790000000,100.0,0.14305000000000001,106,741
2021,Abu Dhabi Grand Prix,FP1,SAI,19.0,7.0,clear_violation,317.0,50.0,143.58873199999999,100.0,0.12795799999999999,146,1141
2021,Abu Dhabi Grand Prix,FP1,BOT,2.0,16.0,clear_violation,316.0,72.0,217.3662660000000,100.0,0.16600300000000001,125,753
2021,Abu Dhabi Grand Prix,FP1,BOT,3.0,16.0,clear_violation,267.0,62.0,142.9555410000000,100.0,0.1490300000000000,169,1134
2021,Abu Dhabi Grand Prix,FP1,BOT,24.0,16.0,clear_violation,299.0,68.0,209.86364200000000,100.0,0.1556120000000000,122,784
2021,Abu Dhabi Grand Prix,FP1,BOT,25.0,16.0,clear_violation,303.0,66.0,206.25377399999999,100.0,0.1670850000000000,133,796
2021,Abu Dhabi Grand Prix,FP1,ALO,11.0,1.0,no_advantage,275.0,0.0,24.896087000000001,104.0,0.7696350000000000,5125,6659
2021,Abu Dhabi Grand Prix,FP2,RIC,13.0,16.0,clear_violation,317.0,67.0,221.98037500000001,99.0,0.1214570000000000,90,741
2021,Abu Dhabi Grand Prix,FP2,NOR,4.0,16.0,clear_violation,317.0,64.0,221.0175650000000,100.0,0.14594599999999999,108,740
2021,Abu Dhabi Grand Prix,FP2,VET,21.0,16.0,clear_violation,294.0,62.0,208.3036740000000,100.0,0.1434010000000000,113,788
2021,Abu Dhabi Grand Prix,FP2,VET,22.0,16.0,clear_violation,295.0,64.0,205.94218599999999,100.0,0.16145200000000001,129,799
2021,Abu Dhabi Grand Prix,FP2,RAI,8.0,16.0,clear_violation,322.0,71.0,218.73710600000001,100.0,0.13981399999999999,105,751
2021,Abu Dhabi Grand Prix,FP2,MAZ,16.0,16.0,clear_violation,299.0,67.0,200.68017800000001,100.0,0.1705240000000000,140,821
2021,Abu Dhabi Grand Prix,FP2,MAZ,17.0,16.0,clear_violation,287.0,67.0,177.37766999999999,100.0,0.17564700000000000,163,928
2021,Abu Dhabi Grand Prix,FP2,MAZ,19.0,16.0,clear_violation,298.0,69.0,204.20043400000000,100.0,0.1524160000000000,123,807
2021,Abu Dhabi Grand Prix,FP2,MAZ,20.0,16.0,clear_violation,297.0,67.0,204.07286800000000,100.0,0.15099000000000001,122,808
2021,Abu Dhabi Grand Prix,FP2,ALO,7.0,16.0,clear_violation,323.0,70.0,223.54392500000000,100.0,0.1346940000000000,99,735
2021,Abu Dhabi Grand Prix,FP2,ALO,8.0,16.0,clear_violation,271.0,53.0,129.10502000000000,100.0,0.25588699999999998,326,1274
2021,Abu Dhabi Grand Prix,FP2,LEC,6.0,16.0,clear_violation,317.0,67.0,221.28216900000001,100.0,0.13844100000000001,103,744
2021,Abu Dhabi Grand Prix,FP2,LEC,22.0,16.0,clear_violation,298.0,64.0,209.62305100000000,100.0,0.14923500000000001,117,784
2021,Abu Dhabi Grand Prix,FP2,LEC,23.0,16.0,clear_violation,304.0,64.0,210.0937570000000,100.0,0.1445010000000000,113,782
2021,Abu Dhabi Grand Prix,FP2,VER,4.0,16.0,clear_violation,317.0,69.0,221.29828499999999,100.0,0.1495960000000000,111,742
2021,Abu Dhabi Grand Prix,FP2,VER,5.0,16.0,clear_violation,261.0,37.0,132.85085799999999,100.0,0.280517000000000,347,1237
2021,Abu Dhabi Grand Prix,FP2,BOT,23.0,1.0,no_advantage,301.0,69.0,210.63065599999999,100.0,0.13239100000000001,103,778
2021,Abu Dhabi Grand Prix,FP3,VET,4.0,16.0,clear_violation,316.0,65.0,216.68312499999999,100.0,0.14848900000000001,113,761
2021,Abu Dhabi Grand Prix,FP3,VET,5.0,16.0,clear_violation,272.0,64.0,160.819302000000,100.0,0.16062699999999999,164,1021
2021,Abu Dhabi Grand Prix,FP3,VET,13.0,16.0,clear_violation,316.0,66.0,218.3804500000000,100.0,0.1629140000000000,123,755
2021,Abu Dhabi Grand Prix,FP3,RAI,20.0,16.0,clear_violation,327.0,68.0,217.92546200000001,100.0,0.16600300000000001,125,753
2021,Abu Dhabi Grand Prix,FP3,RAI,21.0,16.0,clear_violation,282.0,56.0,177.69440800000001,100.0,0.1673910000000000,154,920
2021,Abu Dhabi Grand Prix,FP3,MAZ,4.0,7.0,clear_violation,322.0,35.0,170.03501299999999,100.0,0.1375390000000000,133,967
2021,Abu Dhabi Grand Prix,FP3,LAT,4.0,1.0,no_advantage,324.0,69.0,199.18570900000000,100.0,0.15783000000000000,128,811
2021,Abu Dhabi Grand Prix,FP3,HAM,16.0,12.0,no_advantage,283.0,59.0,162.00361899999999,100.0,0.18774700000000000,190,1012
2021,Abu Dhabi Grand Prix,FP3,MAZ,15.0,1.0,no_advantage,227.9625020,58.0,144.20044799999999,100.0,0.13100400000000001,150,1145
2021,Abu Dhabi Grand Prix,FP3,RIC,11.0,1.0,no_advantage,289.0,57.0,171.69787900000000,99.0,0.0870020000000000,83,954
2021,Abu Dhabi Grand Prix,FP3,HAM,20.0,1.0,no_advantage,306.0,68.0,213.29567299999999,100.0,0.15254200000000001,117,767
2021,Abu Dhabi Grand Prix,Q,LEC,16.0,16.0,clear_violation,322.0,72.0,226.28047500000000,100.0,0.14972500000000000,109,728
2021,Abu Dhabi Grand Prix,Q,TSU,18.0,16.0,clear_violation,321.0,68.0,226.711083000000,100.0,0.1298340000000000,94,724
2021,Abu Dhabi Grand Prix,Q,GAS,5.0,16.0,clear_violation,323.0,67.0,224.59640800000000,100.0,0.14066899999999999,101,718
2021,Abu Dhabi Grand Prix,Q,MSC,1.0,1.0,no_advantage,304.0,43.0,155.0249700000000,100.0,0.13872300000000001,139,1002
2021,Abu Dhabi Grand Prix,Q,MAZ,1.0,1.0,no_advantage,291.0,18.0,137.16647900000001,100.0,0.1361630000000000,154,1131
2021,Abu Dhabi Grand Prix,Q,VET,10.0,16.0,no_advantage,291.0,47.0,163.59351699999999,100.0,0.22143599999999999,219,989
2021,Abu Dhabi Grand Prix,Q,TSU,12.0,1.0,no_advantage,282.0,34.0,136.93833699999999,100.0,0.10600999999999999,127,1198
2021,Abu Dhabi Grand Prix,Q,VET,13.0,1.0,no_advantage,318.0,69.0,223.53140099999999,100.0,0.13858699999999999,102,736
2021,Abu Dhabi Grand Prix,Q,VER,9.0,1.0,no_advantage,266.0,29.0,123.66497099999999,100.0,0.2957640000000000,391,1322
2021,Abu Dhabi Grand Prix,Q,GAS,13.0,1.0,no_advantage,288.0,65.0,180.21270799999999,100.0,0.18453000000000000,167,905
2021,Abu Dhabi Grand Prix,R,LEC,41.0,16.0,clear_violation,310.0,57.0,212.54355300000000,100.0,0.15809799999999999,123,778
2021,Abu Dhabi Grand Prix,R,LEC,42.0,16.0,clear_violation,312.0,56.0,211.55452800000000,100.0,0.15728900000000001,123,782
2021,Abu Dhabi Grand Prix,R,STR,4.0,15.0,clear_violation,321.0,58.0,204.04045800000000,100.0,0.19825400000000001,159,802
2021,Abu Dhabi Grand Prix,R,STR,45.0,16.0,clear_violation,303.0,59.0,211.8371240000000,100.0,0.17624500000000001,138,783
2021,Abu Dhabi Grand Prix,R,STR,46.0,16.0,clear_violation,302.0,62.0,211.5528710000000,100.0,0.16178300000000001,127,785
2021,Abu Dhabi Grand Prix,R,VER,16.0,15.0,clear_violation,322.0,63.0,210.8494820000000,100.0,0.17647099999999999,138,782
2021,Abu Dhabi Grand Prix,R,MSC,3.0,7.0,clear_violation,336.0,76.0,199.89180700000000,100.0,0.24083099999999999,197,818
2021,Abu Dhabi Grand Prix,R,VET,17.0,16.0,clear_violation,315.0,59.0,207.5966700000000,100.0,0.1806780000000000,144,797
2021,Abu Dhabi Grand Prix,R,VET,18.0,16.0,clear_violation,305.0,63.0,208.47269499999999,100.0,0.16080400000000000,128,796
2021,Abu Dhabi Grand Prix,R,VET,30.0,16.0,clear_violation,302.0,61.0,209.71906899999999,100.0,0.1782050000000000,139,780
2021,Abu Dhabi Grand Prix,R,VET,31.0,16.0,clear_violation,320.0,55.0,209.4918330000000,100.0,0.18870300000000001,147,779
2021,Abu Dhabi Grand Prix,R,LAT,50.0,16.0,clear_violation,318.0,65.0,209.19459200000000,100.0,0.1848100000000000,146,790
2021,Abu Dhabi Grand Prix,R,VER,1.0,7.0,no_advantage,319.0,0.0,197.65963800000000,100.0,0.19704400000000000,160,812
2021,Abu Dhabi Grand Prix,R,LEC,13.0,4.0,no_advantage,308.0,62.0,207.59640800000000,100.0,0.16624400000000000,131,788
2021,Abu Dhabi Grand Prix,R,TSU,38.0,,no_advantage,330.0,63.0,212.58772200000001,100.0,0.16025600000000001,125,780
2021,Austrian Grand Prix,FP1,VET,21.0,10.0,clear_violation,317.0,59.0,234.9060170000000,100.0,0.14590700000000001,82,562
2021,Austrian Grand Prix,FP1,VET,22.0,10.0,clear_violation,303.0,64.0,147.70890000000000,100.0,0.0920310000000000,82,891
2021,Austrian Grand Prix,FP1,RAI,6.0,10.0,clear_violation,316.0,71.0,233.14134000000001,100.0,0.14802100000000001,86,581
2021,Austrian Grand Prix,FP1,RAI,7.0,10.0,clear_violation,307.0,44.0,144.1393610000000,100.0,0.11558900000000000,109,943
2021,Austrian Grand Prix,FP1,RAI,13.0,10.0,clear_violation,315.0,73.0,236.16229100000001,100.0,0.14956500000000000,86,575
2021,Austrian Grand Prix,FP1,RAI,14.0,10.0,clear_violation,303.0,50.0,127.95256500000001,100.0,0.13653499999999999,145,1062
2021,Austrian Grand Prix,FP1,RAI,19.0,10.0,clear_violation,312.0,69.0,234.92790299999999,100.0,0.16782000000000000,97,578
2021,Austrian Grand Prix,FP1,MAZ,12.0,9.0,clear_violation,309.0,70.0,229.91833800000001,100.0,0.17258899999999999,102,591
2021,Austrian Grand Prix,FP1,MAZ,23.0,10.0,clear_violation,310.0,71.0,231.41085899999999,100.0,0.1993010000000000,114,572
2021,Austrian Grand Prix,FP1,MAZ,24.0,10.0,clear_violation,303.0,54.0,135.06822700000001,100.0,0.07637500000000000,75,982
2021,Austrian Grand Prix,FP1,GAS,2.0,10.0,clear_violation,315.0,69.0,233.81515800000000,100.0,0.12607900000000000,73,579
2021,Austrian Grand Prix,FP1,GAS,3.0,10.0,clear_violation,307.0,46.0,147.86093600000001,100.0,0.12663800000000000,116,916
2021,Austrian Grand Prix,FP1,GAS,12.0,9.0,clear_violation,315.0,72.0,234.1399530000000,100.0,0.12131699999999999,70,577
2021,Austrian Grand Prix,FP1,GAS,26.0,10.0,clear_violation,294.0,66.0,220.66600900000000,100.0,0.1495800000000000,89,595
2021,Austrian Grand Prix,FP1,GAS,29.0,10.0,clear_violation,298.0,67.0,221.0025590000000,100.0,0.16638100000000000,97,583
2021,Austrian Grand Prix,FP1,GAS,30.0,10.0,clear_violation,297.0,68.0,221.17659900000001,100.0,0.15980200000000000,97,607
2021,Austrian Grand Prix,FP1,GAS,33.0,10.0,clear_violation,292.0,66.0,221.03977100000000,100.0,0.14705900000000000,90,612
2021,Austrian Grand Prix,FP1,GAS,34.0,10.0,clear_violation,291.0,67.0,220.26781000000000,100.0,0.13517899999999999,83,614
2021,Austrian Grand Prix,FP1,TSU,11.0,10.0,clear_violation,314.0,70.0,234.0317460000000,100.0,0.13644200000000001,79,579
2021,Austrian Grand Prix,FP1,TSU,12.0,10.0,clear_violation,304.0,58.0,160.3517440000000,100.0,0.16132900000000000,136,843
2021,Austrian Grand Prix,FP1,TSU,25.0,10.0,clear_violation,289.0,66.0,220.11583200000001,100.0,0.15177099999999999,90,593
2021,Austrian Grand Prix,FP1,TSU,26.0,10.0,clear_violation,293.0,65.0,219.03938700000000,100.0,0.1480870000000000,89,601
2021,Austrian Grand Prix,FP1,HAM,5.0,10.0,clear_violation,299.0,67.0,221.21055999999999,100.0,0.16065599999999999,98,610
2021,Austrian Grand Prix,FP1,HAM,6.0,10.0,clear_violation,295.0,67.0,221.6011450000000,100.0,0.15737699999999999,96,610
2021,Austrian Grand Prix,FP1,HAM,7.0,10.0,clear_violation,306.0,65.0,221.78195800000000,100.0,0.14893600000000001,91,611
2021,Austrian Grand Prix,FP1,MSC,23.0,9.0,clear_violation,311.0,73.0,223.63238699999999,100.0,0.17229700000000001,102,592
2021,Austrian Grand Prix,FP1,ILO,8.0,10.0,clear_violation,318.0,64.0,229.21399700000001,100.0,0.1703200000000000,101,593
2021,Austrian Grand Prix,FP1,ILO,9.0,10.0,clear_violation,308.0,58.0,149.3018450000000,100.0,0.22332199999999999,203,909
2021,Austrian Grand Prix,FP1,ILO,10.0,10.0,clear_violation,318.0,68.0,230.08023900000001,100.0,0.18166399999999999,107,589
2021,Austrian Grand Prix,FP1,TSU,3.0,5.0,no_advantage,306.0,54.0,153.23360500000001,100.0,0.192090000000000,170,885
2021,Austrian Grand Prix,FP1,STR,6.0,7.0,no_advantage,297.0,57.0,174.88045600000001,100.0,0.2652010000000000,205,773
2021,Austrian Grand Prix,FP2,LAT,9.0,9.0,clear_violation,314.0,67.0,232.27756199999999,100.0,0.17637000000000000,103,584
2021,Austrian Grand Prix,FP2,LAT,14.0,10.0,clear_violation,314.0,69.0,234.15445500000001,100.0,0.18448300000000001,107,580
2021,Austrian Grand Prix,FP2,RAI,4.0,10.0,clear_violation,320.0,71.0,234.420229000000,100.0,0.15025900000000000,87,579
2021,Austrian Grand Prix,FP2,RAI,14.0,10.0,clear_violation,320.0,72.0,237.64656700000000,100.0,0.1431060000000000,82,573
2021,Austrian Grand Prix,FP2,RAI,15.0,10.0,clear_violation,302.0,51.0,138.0071430000000,100.0,0.12932800000000000,127,982
2021,Austrian Grand Prix,FP2,MAZ,4.0,9.0,clear_violation,314.0,67.0,221.29302799999999,100.0,0.20097999999999999,123,612
2021,Austrian Grand Prix,FP2,MAZ,11.0,9.0,clear_violation,320.0,72.0,233.5664580000000,100.0,0.18010300000000001,105,583
2021,Austrian Grand Prix,FP2,MAZ,17.0,9.0,clear_violation,293.0,63.0,214.6931750000000,100.0,0.20063200000000000,127,633
2021,Austrian Grand Prix,FP2,MAZ,30.0,9.0,clear_violation,294.0,62.0,218.53001699999999,100.0,0.1870970000000000,116,620
2021,Austrian Grand Prix,FP2,GAS,5.0,9.0,clear_violation,318.0,69.0,234.076833000000,100.0,0.11226300000000000,65,579
2021,Austrian Grand Prix,FP2,GAS,11.0,10.0,clear_violation,318.0,71.0,237.19907100000000,100.0,0.12390900000000001,71,573
2021,Austrian Grand Prix,FP2,GAS,12.0,10.0,clear_violation,312.0,53.0,122.68594800000000,100.0,0.04170400000000000,46,1103
2021,Austrian Grand Prix,FP2,GAS,22.0,10.0,clear_violation,292.0,65.0,220.1409700000000,100.0,0.16449500000000000,101,614
2021,Austrian Grand Prix,FP2,GAS,23.0,10.0,clear_violation,293.0,66.0,218.7297890000000,100.0,0.16828499999999999,104,618
2021,Austrian Grand Prix,FP2,LEC,7.0,9.0,clear_violation,313.0,74.0,215.59383900000000,100.0,0.14218000000000000,90,633
2021,Austrian Grand Prix,FP2,TSU,14.0,10.0,clear_violation,316.0,75.0,235.8806300000000,100.0,0.1274000000000000,73,573
2021,Austrian Grand Prix,FP2,OCO,12.0,10.0,clear_violation,314.0,73.0,236.13964799999999,100.0,0.1426090000000000,82,575
2021,Austrian Grand Prix,FP2,MSC,10.0,9.0,clear_violation,319.0,75.0,236.8664010000000,100.0,0.17247399999999999,99,574
2021,Austrian Grand Prix,FP2,SAI,10.0,9.0,clear_violation,314.0,73.0,236.2708660000000,100.0,0.16928399999999999,97,573
2021,Austrian Grand Prix,FP2,SAI,17.0,10.0,clear_violation,279.2500010000000,56.0,168.84189400000000,100.0,0.2064680000000000,166,804
2021,Austrian Grand Prix,FP2,SAI,21.0,10.0,clear_violation,314.0,67.0,234.59185400000001,100.0,0.1733100000000000,100,577
2021,Austrian Grand Prix,FP2,GIO,11.0,9.0,clear_violation,318.0,72.0,235.7503940000000,100.0,0.14930599999999999,86,576
2021,Austrian Grand Prix,FP2,LEC,7.0,9.0,no_advantage,313.0,74.0,215.59383900000000,100.0,0.14218000000000000,90,633
2021,Austrian Grand Prix,FP2,HAM,21.0,4.0,no_advantage,288.0,67.0,221.12119500000000,100.0,0.13866200000000001,85,613
2021,Austrian Grand Prix,FP3,NOR,17.0,10.0,clear_violation,313.0,72.0,224.11738500000001,100.0,0.15867800000000001,96,605
2021,Austrian Grand Prix,FP3,NOR,19.0,10.0,clear_violation,314.0,68.0,235.52911499999999,100.0,0.1391300000000000,80,575
2021,Austrian Grand Prix,FP3,LAT,13.0,10.0,clear_violation,315.0,71.0,234.36065700000000,100.0,0.18685099999999999,108,578
2021,Austrian Grand Prix,FP3,LAT,14.0,10.0,clear_violation,308.0,61.0,157.69140200000001,100.0,0.20770100000000000,178,857
2021,Austrian Grand Prix,FP3,RAI,4.0,9.0,clear_violation,316.0,69.0,232.0358590000000,100.0,0.1421230000000000,83,584
2021,Austrian Grand Prix,FP3,MAZ,4.0,9.0,clear_violation,298.0,63.0,218.00259199999999,100.0,0.18167200000000000,113,622
2021,Austrian Grand Prix,FP3,MAZ,8.0,10.0,clear_violation,297.0,64.0,218.26830600000000,100.0,0.18518499999999999,115,621
2021,Austrian Grand Prix,FP3,MAZ,9.0,10.0,clear_violation,298.0,60.0,217.6072630000000,100.0,0.18679499999999999,116,621
2021,Austrian Grand Prix,FP3,GAS,13.0,10.0,clear_violation,316.0,66.0,236.02078900000001,100.0,0.1343800000000000,77,573
2021,Austrian Grand Prix,FP3,GAS,14.0,10.0,clear_violation,308.0,52.0,120.48680000000000,100.0,0.07788700000000000,87,1117
2021,Austrian Grand Prix,FP3,GAS,16.0,9.0,clear_violation,318.0,70.0,235.53946199999999,100.0,0.1256540000000000,72,573
2021,Austrian Grand Prix,FP3,ALO,12.0,9.0,clear_violation,312.0,70.0,232.9845050000000,100.0,0.14408199999999999,84,583
2021,Austrian Grand Prix,FP3,LEC,11.0,10.0,clear_violation,317.0,68.0,232.9199780000000,100.0,0.16234899999999999,94,579
2021,Austrian Grand Prix,FP3,STR,6.0,10.0,clear_violation,310.0,67.0,233.81471700000000,100.0,0.1892360000000000,109,576
2021,Austrian Grand Prix,FP3,HAM,14.0,10.0,clear_violation,316.0,72.0,238.55895200000001,100.0,0.13051099999999999,74,567
2021,Austrian Grand Prix,FP3,SAI,16.0,10.0,clear_violation,313.0,68.0,229.22324800000001,100.0,0.17966099999999999,106,590
2021,Austrian Grand Prix,FP3,MAZ,18.0,7.0,no_advantage,286.0,0.0,30.279005999999999,104.0,0.6665180000000001,2984,4477
2021,Austrian Grand Prix,FP3,BOT,14.0,1.0,no_advantage,287.6875010,0.0,44.22913600000000,104.0,0.5998040000000000,1836,3061
2021,Austrian Grand Prix,Q,GAS,2.0,9.0,clear_violation,317.0,65.0,237.1911760000000,100.0,0.1381120000000000,79,572
2021,Austrian Grand Prix,Q,LEC,5.0,9.0,clear_violation,320.0,71.0,239.03430499999999,100.0,0.1486730000000000,84,565
2021,Austrian Grand Prix,Q,RIC,8.0,9.0,clear_violation,320.0,69.0,237.87748500000001,100.0,0.13157900000000000,75,570
2021,Austrian Grand Prix,Q,GIO,14.0,10.0,clear_violation,320.0,73.0,239.99104399999999,100.0,0.14638399999999999,83,567
2021,Austrian Grand Prix,R,SAI,34.0,10.0,clear_violation,307.0,63.0,221.2029850000000,100.0,0.20915000000000000,128,612
2021,Austrian Grand Prix,R,SAI,35.0,10.0,clear_violation,310.0,62.0,221.45472699999999,100.0,0.19967299999999999,122,611
2021,Austrian Grand Prix,R,RIC,68.0,10.0,clear_violation,301.0,60.0,222.54442299999999,99.0,0.16447400000000001,100,608
2021,Austrian Grand Prix,R,RIC,69.0,10.0,clear_violation,301.0,61.0,222.61655999999999,99.0,0.14144699999999999,86,608
2021,Austrian Grand Prix,R,LEC,60.0,10.0,clear_violation,318.0,60.0,224.63116500000001,100.0,0.1986750000000000,120,604
2021,Austrian Grand Prix,R,LEC,61.0,10.0,clear_violation,323.0,57.0,223.19718900000001,100.0,0.2079210000000000,126,606
2021,Austrian Grand Prix,R,LEC,64.0,10.0,clear_violation,319.0,60.0,224.1294950000000,100.0,0.19702000000000000,119,604
2021,Austrian Grand Prix,R,LEC,65.0,10.0,clear_violation,318.0,55.0,219.5895130000000,100.0,0.22402600000000000,138,616
2021,Austrian Grand Prix,R,GAS,28.0,10.0,clear_violation,298.0,67.0,221.1540320000000,100.0,0.16202900000000001,99,611
2021,Austrian Grand Prix,R,GAS,29.0,10.0,clear_violation,298.0,67.0,221.44999700000000,100.0,0.14893600000000001,91,611
2021,Austrian Grand Prix,R,GAS,67.0,10.0,clear_violation,306.0,66.0,226.61687400000000,100.0,0.1610740000000000,96,596
2021,Austrian Grand Prix,R,GAS,68.0,10.0,clear_violation,304.0,67.0,225.84901900000000,100.0,0.15833300000000000,95,600
2021,Austrian Grand Prix,R,GAS,71.0,9.0,clear_violation,326.0,59.0,220.66676699999999,100.0,0.20228399999999999,124,613
2021,Austrian Grand Prix,R,ALO,59.0,10.0,clear_violation,316.0,66.0,224.1462650000000,100.0,0.19008300000000000,115,605
2021,Austrian Grand Prix,R,ALO,60.0,10.0,clear_violation,321.0,66.0,222.21172000000001,100.0,0.17704900000000001,108,610
2021,Austrian Grand Prix,R,ALO,61.0,10.0,clear_violation,314.0,65.0,223.0678540000000,100.0,0.1828670000000000,111,607
2021,Austrian Grand Prix,R,TSU,21.0,10.0,clear_violation,300.0,68.0,219.99462100000000,100.0,0.18536600000000000,114,615
2021,Austrian Grand Prix,R,TSU,22.0,10.0,clear_violation,301.0,67.0,219.02636999999999,100.0,0.19611000000000001,121,617
2021,Austrian Grand Prix,R,TSU,31.0,10.0,clear_violation,300.0,69.0,219.70811599999999,100.0,0.15121999999999999,93,615
2021,Austrian Grand Prix,R,TSU,32.0,10.0,clear_violation,319.0,64.0,219.02735300000001,100.0,0.2224030000000000,137,616
2021,Austrian Grand Prix,R,GIO,27.0,9.0,clear_violation,319.0,58.0,218.49836600000000,100.0,0.2032260000000000,126,620
2021,Austrian Grand Prix,R,RAI,35.0,10.0,clear_violation,298.0,61.0,221.138194000000,100.0,0.1821140000000000,112,615
2021,Austrian Grand Prix,R,RAI,36.0,10.0,clear_violation,298.0,64.0,220.48333099999999,100.0,0.16910600000000001,104,615
2021,Austrian Grand Prix,R,RAI,57.0,10.0,clear_violation,303.0,64.0,224.65552299999999,100.0,0.16086200000000000,97,603
2021,Austrian Grand Prix,R,RAI,58.0,10.0,clear_violation,303.0,64.0,225.13088800000000,100.0,0.17109600000000000,103,602
2021,Austrian Grand Prix,R,RAI,59.0,10.0,clear_violation,300.0,65.0,222.94215199999999,100.0,0.16666700000000001,101,606
2021,Austrian Grand Prix,R,VET,29.0,10.0,clear_violation,318.0,62.0,217.1592360000000,100.0,0.21900200000000000,136,621
2021,Austrian Grand Prix,R,VET,30.0,10.0,clear_violation,313.0,60.0,218.67037800000000,100.0,0.2148630000000000,133,619
2021,Austrian Grand Prix,R,MSC,63.0,9.0,clear_violation,307.0,66.0,214.76972599999999,100.0,0.17115700000000000,108,631
2021,Austrian Grand Prix,R,MAZ,12.0,9.0,clear_violation,304.0,60.0,214.84034000000000,100.0,0.20031800000000000,126,629
2021,Austrian Grand Prix,R,MAZ,20.0,9.0,clear_violation,302.0,61.0,215.1195060000000,100.0,0.1984130000000000,125,630
2021,Austrian Grand Prix,R,MAZ,31.0,9.0,clear_violation,299.0,63.0,213.75041300000001,100.0,0.21835399999999999,138,632
2021,Austrian Grand Prix,R,MAZ,46.0,9.0,clear_violation,301.0,0.0,168.81066300000001,100.0,0.2615770000000000,209,799
2021,Austrian Grand Prix,R,OCO,1.0,3.0,no_advantage,328.0,0.0,73.10827100000000,104.0,0.11186000000000000,83,742
2021,Azerbaijan Grand Prix,FP1,HAM,12.0,15.0,no_advantage,324.0,44.0,167.07383999999999,100.0,0.26357999999999998,296,1123
2021,Azerbaijan Grand Prix,FP1,TSU,15.0,15.0,no_advantage,325.0,0.0,40.07261100000000,104.0,0.6816130000000000,3177,4661
2021,Azerbaijan Grand Prix,FP1,GAS,15.0,15.0,no_advantage,323.81666600000000,0.0,46.07752500000000,104.0,0.687008000000000,2792,4064
2021,Azerbaijan Grand Prix,FP1,SAI,17.0,15.0,no_advantage,310.0,0.0,137.9007200000000,100.0,0.25387500000000002,344,1355
2021,Azerbaijan Grand Prix,FP1,MSC,19.0,4.0,no_advantage,313.0,68.0,183.9748860000000,100.0,0.22428999999999999,229,1021
2021,Azerbaijan Grand Prix,FP1,BOT,19.0,2.0,no_advantage,313.0,70.0,194.38204800000000,100.0,0.21910700000000000,211,963
2021,Azerbaijan Grand Prix,FP1,NOR,18.0,2.0,no_advantage,314.0,70.0,194.29680200000001,100.0,0.2035310000000000,196,963
2021,Azerbaijan Grand Prix,FP2,BOT,1.0,1.0,no_advantage,331.0,44.0,168.8234190000000,104.0,0.2375,247,1040
2021,Azerbaijan Grand Prix,FP2,NOR,1.0,15.0,no_advantage,325.10833300000002,0.0,139.07388399999999,100.0,0.24021899999999999,307,1278
2021,Azerbaijan Grand Prix,FP2,LAT,3.0,2.0,no_advantage,330.0,59.0,158.81797000000000,100.0,0.2868020000000000,339,1182
2021,Azerbaijan Grand Prix,FP2,MAZ,3.0,1.0,no_advantage,342.0,49.0,163.4062850000000,100.0,0.2463010000000000,283,1149
2021,Azerbaijan Grand Prix,FP2,LAT,4.0,15.0,no_advantage,332.0,0.0,150.8687380000000,100.0,0.29243000000000002,367,1255
2021,Azerbaijan Grand Prix,FP2,TSU,6.0,2.0,no_advantage,333.0,0.0,43.248510000000003,104.0,0.641978000000000,2921,4550
2021,Azerbaijan Grand Prix,FP2,GAS,12.0,15.0,no_advantage,330.0,37.0,138.61335399999999,100.0,0.1729490000000000,234,1353
2021,Azerbaijan Grand Prix,FP2,VET,10.0,2.0,no_advantage,331.0,33.0,182.5702920000000,100.0,0.2119140000,217,1024
2021,Azerbaijan Grand Prix,FP3,BOT,1.0,3.0,no_advantage,322.0,0.0,164.8904390000000,100.0,0.27298099999999997,294,1077
2021,Azerbaijan Grand Prix,FP3,RAI,5.0,1.0,no_advantage,331.0,49.0,161.0416040000000,100.0,0.2109780000000000,246,1166
2021,Azerbaijan Grand Prix,FP3,LAT,10.0,3.0,no_advantage,330.0,57.0,152.24735400000000,100.0,0.254321000000000,309,1215
2021,Azerbaijan Grand Prix,FP3,SAI,8.0,15.0,no_advantage,327.0,57.0,169.22220899999999,100.0,0.16921600000000001,177,1046
2021,Azerbaijan Grand Prix,FP3,MSC,12.0,15.0,no_advantage,327.0,60.0,175.0167210000000,100.0,0.2200560000000000,237,1077
2021,Azerbaijan Grand Prix,FP3,VET,8.0,15.0,no_advantage,325.0,0.0,35.314501999999997,104.0,0.6984310000000000,3694,5289
2021,Azerbaijan Grand Prix,Q,MAZ,8.0,3.0,no_advantage,329.0,56.0,162.5572950000000,100.0,0.2296360000000000,265,1154
2021,Azerbaijan Grand Prix,R,SAI,10.0,8.0,no_advantage,317.0,70.0,192.17466800000000,100.0,0.24948699999999999,243,974
2021,Azerbaijan Grand Prix,R,BOT,22.0,16.0,no_advantage,340.0,70.0,199.35700900000001,100.0,0.2127660000000000,200,940
2021,Azerbaijan Grand Prix,R,MAZ,23.0,4.0,no_advantage,313.0,66.0,197.76051200000001,100.0,0.22210500000000000,211,950
2021,Bahrain Grand Prix,FP2,TSU,5.0,4.0,clear_violation,317.0,67.0,211.2728650000000,100.0,0.16936499999999999,136,803
2021,Bahrain Grand Prix,FP2,OCO,9.0,4.0,clear_violation,317.0,70.0,210.74238399999999,100.0,0.18046999999999999,146,809
2021,Bahrain Grand Prix,FP2,HAM,2.0,4.0,clear_violation,313.0,75.0,212.35650799999999,100.0,0.175,140,800
2021,Bahrain Grand Prix,FP2,MSC,12.0,4.0,clear_violation,315.0,70.0,204.88796600000001,100.0,0.1872750000000000,156,833
2021,Bahrain Grand Prix,FP2,BOT,2.0,4.0,clear_violation,313.0,48.0,162.1815610000000,100.0,0.21339700000000000,223,1045
2021,Bahrain Grand Prix,FP2,BOT,15.0,4.0,clear_violation,299.0,70.0,199.28982999999999,100.0,0.18969600000000000,162,854
2021,Bahrain Grand Prix,FP2,BOT,17.0,4.0,clear_violation,298.0,70.0,196.79531900000001,100.0,0.19721600000000000,170,862
2021,Bahrain Grand Prix,FP2,BOT,18.0,4.0,clear_violation,296.0,72.0,198.32233400000001,100.0,0.18691600000000000,160,856
2021,Bahrain Grand Prix,FP2,BOT,19.0,4.0,clear_violation,298.0,68.0,196.85369700000001,100.0,0.1883720000000000,162,860
2021,Bahrain Grand Prix,FP2,RAI,5.0,3.0,no_advantage,318.0,61.0,168.91410999999999,100.0,0.1807350000000000,182,1007
2021,Bahrain Grand Prix,FP3,TSU,14.0,4.0,clear_violation,327.0,68.0,210.25977000000000,100.0,0.17916099999999999,141,787
2021,Bahrain Grand Prix,FP3,BOT,3.0,4.0,clear_violation,321.0,70.0,208.80064200000001,100.0,0.17423300000000000,142,815
2021,Bahrain Grand Prix,FP3,BOT,7.0,4.0,clear_violation,303.0,63.0,201.25863200000001,100.0,0.19312799999999999,163,844
2021,Bahrain Grand Prix,FP3,BOT,9.0,4.0,clear_violation,299.0,65.0,200.62648799999999,100.0,0.18557899999999999,157,846
2021,Bahrain Grand Prix,Q,RIC,8.0,4.0,clear_violation,319.0,74.0,214.46333200000001,100.0,0.18765699999999999,149,794
2021,Bahrain Grand Prix,Q,PER,7.0,4.0,clear_violation,314.0,71.0,214.9603850000000,100.0,0.18915499999999999,150,793
2021,Bahrain Grand Prix,R,GAS,6.0,4.0,no_advantage,292.0,68.0,200.9134570000000,100.0,0.19239899999999999,162,842
2021,Bahrain Grand Prix,R,NOR,9.0,4.0,no_advantage,327.0,62.0,199.9958360000000,100.0,0.20799100000000001,177,851
2021,Belgian Grand Prix,FP2,TSU,5.0,9.0,clear_violation,328.0,66.0,232.4596150000000,100.0,0.13071199999999999,123,941
2021,Belgian Grand Prix,FP2,SAI,2.0,9.0,clear_violation,329.0,71.0,233.0784590000000,100.0,0.15154699999999999,142,937
2021,Belgian Grand Prix,FP2,GAS,2.0,5.0,no_advantage,309.0,0.0,42.84263500000000,104.0,0.7024400000000000,3541,5041
2021,Belgian Grand Prix,FP3,LEC,13.0,9.0,clear_violation,312.0,28.0,195.05313000000001,100.0,0.1840440000000000,203,1103
2021,Belgian Grand Prix,FP3,RUS,1.0,18.0,no_advantage,307.0,39.0,170.85016600000000,100.0,0.22913300000000000,280,1222
2021,Belgian Grand Prix,FP3,SAI,1.0,5.0,no_advantage,296.0,51.0,180.1271140000000,100.0,0.13501700000000000,155,1148
2021,Belgian Grand Prix,FP3,HAM,1.0,5.0,no_advantage,295.0,0.0,154.97940299999999,100.0,0.3263160000000000,434,1330
2021,Belgian Grand Prix,FP3,OCO,2.0,5.0,no_advantage,286.0,0.0,19.84758000000000,104.0,0.6790340000000000,7394,10889
2021,Belgian Grand Prix,FP3,ALO,8.0,5.0,no_advantage,276.0,0.0,18.74119700000000,104.0,0.6591380000000000,7588,11512
2021,Belgian Grand Prix,FP3,MAZ,14.0,5.0,no_advantage,307.0,55.0,199.17930999999999,100.0,0.22509199999999999,244,1084
2021,British Grand Prix,FP1,MAZ,13.0,9.0,clear_violation,326.0,85.0,232.10842299999999,100.0,0.15335900000000000,121,789
2021,British Grand Prix,FP1,MAZ,17.0,15.0,clear_violation,327.0,82.0,232.9275860000000,100.0,0.15414000000000000,121,785
2021,British Grand Prix,FP1,RUS,21.0,9.0,clear_violation,327.0,82.0,234.30745600000000,100.0,0.15620999999999999,122,781
2021,British Grand Prix,FP2,NOR,15.0,15.0,clear_violation,323.0,80.0,226.71902399999999,99.0,0.1601510000000000,127,793
2021,British Grand Prix,FP2,NOR,19.0,9.0,clear_violation,307.0,84.0,230.1890730000000,100.0,0.13745299999999999,109,793
2021,British Grand Prix,FP2,GAS,4.0,9.0,clear_violation,299.0,86.0,221.6881120000000,100.0,0.1343830000000000,111,826
2021,British Grand Prix,FP2,TSU,30.0,9.0,clear_violation,299.0,86.0,226.46464900000001,100.0,0.12237300000000000,99,809
2021,British Grand Prix,FP2,GIO,22.0,9.0,clear_violation,307.0,86.0,226.99143500000000,100.0,0.13027300000000000,105,806
2021,British Grand Prix,Q,PER,16.0,15.0,clear_violation,322.0,96.0,241.88767500000000,100.0,0.12368400000000000,94,760
2021,British Grand Prix,Q,VET,11.0,15.0,clear_violation,326.0,93.0,240.48539099999999,100.0,0.13761499999999999,105,763
2021,British Grand Prix,R,LEC,50.0,9.0,clear_violation,320.0,78.0,225.17065299999999,100.0,0.16113200000000000,131,813
2021,British Grand Prix,R,NOR,31.0,9.0,clear_violation,323.0,78.0,223.18913100000000,99.0,0.17317099999999999,142,820
2021,British Grand Prix,R,RIC,9.0,9.0,clear_violation,301.0,78.0,223.02270899999999,100.0,0.14163600000000001,116,819
2021,British Grand Prix,R,SAI,6.0,9.0,clear_violation,322.0,83.0,222.32429700000000,100.0,0.17317099999999999,142,820
2021,British Grand Prix,R,SAI,26.0,9.0,clear_violation,307.0,87.0,228.41241400000001,100.0,0.1371570000000000,110,802
2021,British Grand Prix,R,GAS,8.0,9.0,clear_violation,318.0,83.0,219.6963010000000,100.0,0.1684720000000000,140,831
2021,British Grand Prix,R,GAS,12.0,9.0,clear_violation,332.0,79.0,220.3515400000000,100.0,0.16767199999999999,139,829
2021,British Grand Prix,R,GAS,16.0,9.0,clear_violation,330.0,80.0,221.55780899999999,100.0,0.16281899999999999,134,823
2021,British Grand Prix,R,GAS,29.0,15.0,clear_violation,334.0,0.0,185.15128700000000,100.0,0.19129599999999999,189,988
2021,British Grand Prix,R,GIO,7.0,9.0,clear_violation,329.0,83.0,219.5064870000000,100.0,0.18607399999999999,155,833
2021,British Grand Prix,R,RAI,7.0,9.0,clear_violation,304.0,82.0,219.7305970000000,100.0,0.16566600000000001,138,833
2021,British Grand Prix,R,PER,17.0,9.0,clear_violation,329.0,79.0,222.18660900000000,100.0,0.19099800000000000,157,822
2021,British Grand Prix,R,VET,30.0,15.0,clear_violation,320.0,70.0,222.6952790000000,100.0,0.20634900000000000,169,819
2021,British Grand Prix,S,GAS,7.0,9.0,clear_violation,324.0,82.0,222.66922500000001,100.0,0.13283200000000001,106,798
2021,British Grand Prix,S,RAI,6.0,9.0,clear_violation,339.0,86.0,224.63634400000001,100.0,0.18842400000000001,153,812
2021,British Grand Prix,S,GIO,13.0,9.0,clear_violation,318.0,87.0,226.22652900000000,100.0,0.1565220000000000,126,805
2021,British Grand Prix,S,LAT,9.0,9.0,clear_violation,313.0,90.0,223.55709500000000,100.0,0.1619630000000000,132,815
2021,British Grand Prix,S,SAI,1.0,7.0,no_advantage,322.0,0.0,196.63593900000001,100.0,0.20197599999999999,184,911
2021,British Grand Prix,S,MAZ,2.0,3.0,no_advantage,311.0,84.0,223.3471190000000,100.0,0.19146299999999999,157,820
2021,British Grand Prix,SQ,GAS,7.0,9.0,clear_violation,324.0,82.0,222.66922500000001,100.0,0.13283200000000001,106,798
2021,British Grand Prix,SQ,RAI,6.0,9.0,clear_violation,339.0,86.0,224.63634400000001,100.0,0.18842400000000001,153,812
2021,British Grand Prix,SQ,GIO,13.0,9.0,clear_violation,318.0,87.0,226.22652900000000,100.0,0.1565220000000000,126,805
2021,British Grand Prix,SQ,LAT,9.0,9.0,clear_violation,313.0,90.0,223.55709500000000,100.0,0.1619630000000000,132,815
2021,British Grand Prix,SQ,SAI,1.0,7.0,no_advantage,322.0,0.0,196.63593900000001,100.0,0.20197599999999999,184,911
2021,British Grand Prix,SQ,MAZ,2.0,3.0,no_advantage,311.0,84.0,223.3471190000000,100.0,0.19146299999999999,157,820
2021,Dutch Grand Prix,FP1,OCO,1.0,11.0,no_advantage,297.0,35.0,142.65816100000001,100.0,0.2034090000000000,179,880
2021,Dutch Grand Prix,FP1,NOR,16.0,13.0,no_advantage,308.0,38.0,186.27055500000000,100.0,0.16759800000000000,120,716
2021,Dutch Grand Prix,FP3,VET,1.0,10.0,no_advantage,298.0,59.0,168.98157499999999,100.0,0.17349700000000001,127,732
2021,Dutch Grand Prix,FP3,NOR,14.0,9.0,no_advantage,301.80000000000001,49.0,146.27766299999999,100.0,0.12938600000000000,118,912
2021,Emilia Romagna Grand Prix,FP1,TSU,1.0,4.0,no_advantage,0.0,0.0,0.0,0.0,0.0,0,949
2021,Emilia Romagna Grand Prix,FP1,HAM,16.0,15.0,no_advantage,0.0,0.0,0.0,104.0,1.0,721,721
2021,Emilia Romagna Grand Prix,FP1,LAT,18.0,18.0,no_advantage,0.0,0.0,0.0,104.0,1.0,773,773
2021,Emilia Romagna Grand Prix,FP2,RIC,12.0,9.0,clear_violation,323.0,106.0,230.97363100000001,100.0,0.11475399999999999,77,671
2021,Emilia Romagna Grand Prix,FP2,NOR,5.0,9.0,clear_violation,323.0,58.0,186.73965200000001,99.0,0.13148399999999999,109,829
2021,Emilia Romagna Grand Prix,FP2,NOR,17.0,9.0,clear_violation,328.0,95.0,217.37353100000001,99.0,0.20084299999999999,143,712
2021,Emilia Romagna Grand Prix,FP2,VET,12.0,9.0,clear_violation,327.0,94.0,227.08204000000001,100.0,0.17941199999999999,122,680
2021,Emilia Romagna Grand Prix,FP2,VET,20.0,15.0,clear_violation,306.0,99.0,218.67726800000000,100.0,0.16879400000000000,119,705
2021,Emilia Romagna Grand Prix,FP2,RAI,25.0,15.0,clear_violation,309.0,93.0,217.9201120000000,100.0,0.19605100000000000,139,709
2021,Emilia Romagna Grand Prix,FP2,GAS,7.0,9.0,clear_violation,323.0,104.0,232.59565100000000,100.0,0.13533800000000001,90,665
2021,Emilia Romagna Grand Prix,FP2,GAS,29.0,9.0,clear_violation,313.0,96.0,219.8065180000000,100.0,0.18945899999999999,133,702
2021,Emilia Romagna Grand Prix,FP2,PER,10.0,9.0,clear_violation,319.0,110.0,231.77747800000000,100.0,0.14349799999999999,96,669
2021,Emilia Romagna Grand Prix,FP2,LEC,4.0,9.0,clear_violation,321.0,106.0,230.90105700000001,100.0,0.15797300000000000,106,671
2021,Emilia Romagna Grand Prix,FP2,LEC,8.0,9.0,clear_violation,322.0,109.0,234.78333499999999,100.0,0.14871000000000001,98,659
2021,Emilia Romagna Grand Prix,FP2,TSU,9.0,9.0,clear_violation,322.0,106.0,230.77229500000001,100.0,0.13353100000000001,90,674
2021,Emilia Romagna Grand Prix,FP2,HAM,17.0,9.0,clear_violation,304.0,104.0,221.0869840000000,100.0,0.1530760000000000,107,699
2021,Emilia Romagna Grand Prix,FP2,MSC,4.0,9.0,clear_violation,329.0,101.0,222.583898000000,100.0,0.1882180000000000,131,696
2021,Emilia Romagna Grand Prix,FP2,MSC,6.0,9.0,clear_violation,323.0,105.0,225.36884200000000,100.0,0.18658900000000000,128,686
2021,Emilia Romagna Grand Prix,FP2,RUS,24.0,15.0,clear_violation,304.0,103.0,221.22230400000001,100.0,0.16189100000000001,113,698
2021,Emilia Romagna Grand Prix,FP2,GIO,12.0,9.0,clear_violation,323.0,105.0,230.38148300000000,100.0,0.13690500000000000,92,672
2021,Emilia Romagna Grand Prix,FP2,GIO,24.0,9.0,clear_violation,304.0,99.0,221.5454950000000,100.0,0.15450600000000000,108,699
2021,Emilia Romagna Grand Prix,FP3,RIC,10.0,9.0,clear_violation,320.0,103.0,231.4647250000000,100.0,0.12443799999999999,83,667
2021,Emilia Romagna Grand Prix,FP3,NOR,2.0,9.0,clear_violation,320.0,110.0,230.28575599999999,99.0,0.12184200000000001,82,673
2021,Emilia Romagna Grand Prix,FP3,NOR,4.0,9.0,clear_violation,319.0,111.0,229.10937799999999,99.0,0.11982200000000000,81,676
2021,Emilia Romagna Grand Prix,FP3,VET,9.0,9.0,clear_violation,319.0,107.0,230.15185500000001,100.0,0.16095400000000001,108,671
2021,Emilia Romagna Grand Prix,FP3,RAI,7.0,9.0,clear_violation,316.0,101.0,228.8489530000000,100.0,0.16100400000000001,109,677
2021,Emilia Romagna Grand Prix,FP3,RAI,12.0,9.0,clear_violation,320.0,105.0,231.10661700000000,100.0,0.14903100000000000,100,671
2021,Emilia Romagna Grand Prix,FP3,MAZ,2.0,9.0,clear_violation,319.0,95.0,224.0348510000000,100.0,0.1837920000000000,127,691
2021,Emilia Romagna Grand Prix,FP3,MAZ,12.0,15.0,clear_violation,327.0,98.0,228.34209700000000,100.0,0.18463800000000000,125,677
2021,Emilia Romagna Grand Prix,FP3,MAZ,21.0,15.0,clear_violation,323.0,105.0,230.78323399999999,100.0,0.19225000000000000,129,671
2021,Emilia Romagna Grand Prix,FP3,GAS,18.0,9.0,clear_violation,320.0,102.0,231.64815700000000,100.0,0.13793100000000000,92,667
2021,Emilia Romagna Grand Prix,FP3,PER,2.0,9.0,clear_violation,316.0,111.0,227.00351699999999,100.0,0.1581260000000000,108,683
2021,Emilia Romagna Grand Prix,FP3,ALO,6.0,15.0,clear_violation,318.0,107.0,229.068091000000,100.0,0.155096000000000,105,677
2021,Emilia Romagna Grand Prix,FP3,LEC,7.0,9.0,clear_violation,324.0,105.0,232.13652500000001,100.0,0.15119800000000000,101,668
2021,Emilia Romagna Grand Prix,FP3,STR,13.0,9.0,clear_violation,318.0,109.0,231.38891300000000,100.0,0.17091500000000001,114,667
2021,Emilia Romagna Grand Prix,FP3,TSU,5.0,9.0,clear_violation,317.0,105.0,228.87277700000001,100.0,0.12998499999999999,88,677
2021,Emilia Romagna Grand Prix,FP3,VER,4.0,9.0,clear_violation,315.0,108.0,232.0772890000000,100.0,0.15338299999999999,102,665
2021,Emilia Romagna Grand Prix,FP3,HAM,6.0,9.0,clear_violation,319.0,110.0,232.3064700000000,100.0,0.13253000000000001,88,664
2021,Emilia Romagna Grand Prix,FP3,MSC,2.0,9.0,clear_violation,314.0,105.0,225.32745600000001,100.0,0.1804950000000000,124,687
2021,Emilia Romagna Grand Prix,FP3,MSC,6.0,9.0,clear_violation,317.0,107.0,228.29375800000000,100.0,0.16666700000000001,113,678
2021,Emilia Romagna Grand Prix,FP3,BOT,3.0,9.0,clear_violation,317.0,109.0,231.66887900000000,100.0,0.1469270000000000,98,667
2021,Emilia Romagna Grand Prix,Q,PER,3.0,9.0,clear_violation,317.0,109.0,233.82061200000001,100.0,0.15535399999999999,103,663
2021,Emilia Romagna Grand Prix,Q,GAS,4.0,15.0,clear_violation,322.0,107.0,234.51593600000001,100.0,0.135258000000000,89,658
2021,Emilia Romagna Grand Prix,Q,GAS,9.0,9.0,clear_violation,321.0,106.0,235.561382000000,100.0,0.1156770000000000,76,657
2021,Emilia Romagna Grand Prix,Q,NOR,14.0,9.0,clear_violation,324.0,110.0,237.88320300000001,99.0,0.11809799999999999,77,652
2021,Emilia Romagna Grand Prix,Q,STR,16.0,15.0,clear_violation,320.0,109.0,230.4075370000000,100.0,0.16542499999999999,111,671
2021,Emilia Romagna Grand Prix,Q,STR,19.0,9.0,clear_violation,325.0,107.0,235.23207700000000,100.0,0.1765600000000000,116,657
2021,Emilia Romagna Grand Prix,Q,VET,10.0,15.0,clear_violation,325.0,105.0,233.84387400000000,100.0,0.16666700000000001,110,660
2021,Emilia Romagna Grand Prix,Q,LAT,2.0,15.0,clear_violation,325.0,110.0,231.49224000000001,100.0,0.17664700000000000,118,668
2021,Emilia Romagna Grand Prix,Q,GIO,2.0,9.0,clear_violation,322.0,105.0,230.1521700000000,100.0,0.15532499999999999,105,676
2021,Emilia Romagna Grand Prix,Q,MSC,9.0,9.0,clear_violation,321.0,107.0,231.74083600000000,100.0,0.15246599999999999,102,669
2021,Emilia Romagna Grand Prix,Q,NOR,6.0,3.0,no_advantage,329.0,71.0,203.56601200000000,99.0,0.16842099999999999,128,760
2021,Emilia Romagna Grand Prix,Q,NOR,9.0,15.0,no_advantage,297.0,66.0,176.09693200000001,99.0,0.17714299999999999,155,875
2021,Emilia Romagna Grand Prix,R,ALO,47.0,9.0,clear_violation,303.0,100.0,221.15129600000000,100.0,0.16714300000000001,117,700
2021,Emilia Romagna Grand Prix,R,TSU,40.0,9.0,clear_violation,303.0,99.0,220.98842300000001,100.0,0.17478500000000000,122,698
2021,Emilia Romagna Grand Prix,R,TSU,43.0,9.0,clear_violation,306.0,99.0,222.09964099999999,100.0,0.1683450000000000,117,695
2021,Emilia Romagna Grand Prix,R,TSU,44.0,15.0,clear_violation,306.0,97.0,221.26649000000000,100.0,0.16,112,700
2021,Emilia Romagna Grand Prix,R,TSU,53.0,9.0,clear_violation,303.0,99.0,221.91344100000001,100.0,0.16212299999999999,113,697
2021,Emilia Romagna Grand Prix,R,RIC,58.0,15.0,clear_violation,297.0,98.0,221.49029600000000,100.0,0.13583799999999999,94,692
2021,Emilia Romagna Grand Prix,R,MSC,37.0,9.0,clear_violation,308.0,96.0,211.4741130000000,100.0,0.22814200000000001,167,732
2021,Emilia Romagna Grand Prix,R,GIO,54.0,9.0,clear_violation,299.0,102.0,222.51488200000000,100.0,0.15804599999999999,110,696
2021,Emilia Romagna Grand Prix,R,VER,9.0,2.0,no_advantage,295.0,83.0,193.87114199999999,100.0,0.22670000000000001,180,794
2021,Emilia Romagna Grand Prix,R,LAT,1.0,14.0,no_advantage,259.0,0.0,121.01807900000000,100.0,0.33811200000000002,283,837
2021,Emilia Romagna Grand Prix,R,SAI,12.0,7.0,no_advantage,301.0,79.0,196.8388610000000,100.0,0.2599230000000000,203,781
2021,French Grand Prix,FP1,RAI,3.0,2.0,no_advantage,326.0,53.0,160.7009300000000,100.0,0.14500399999999999,164,1131
2021,French Grand Prix,FP1,SAI,5.0,4.0,no_advantage,317.0,77.0,218.2705590000000,100.0,0.15985600000000000,133,832
2021,French Grand Prix,FP1,GAS,5.0,2.0,no_advantage,314.0,62.0,157.0399050000000,100.0,0.1348310000000000,156,1157
2021,French Grand Prix,FP1,RAI,14.0,6.0,no_advantage,301.4750020,0.0,127.32408900000000,100.0,0.20041999999999999,286,1427
2021,French Grand Prix,FP1,NIS,12.0,7.0,no_advantage,324.0,72.0,211.95607500000000,100.0,0.17832200000000001,153,858
2021,French Grand Prix,FP1,SAI,20.0,11.0,no_advantage,304.0,51.0,206.05500200000000,100.0,0.17175099999999999,152,885
2021,French Grand Prix,FP2,TSU,1.0,6.0,no_advantage,299.8833320000000,37.0,146.12957100000000,100.0,0.12861700000000001,160,1244
2021,French Grand Prix,FP2,NOR,1.0,6.0,no_advantage,298.8374980,0.0,124.14551700000000,100.0,0.16598399999999999,243,1464
2021,French Grand Prix,FP2,SAI,1.0,6.0,no_advantage,302.0,27.0,132.69121799999999,100.0,0.15189000000000000,209,1376
2021,French Grand Prix,FP2,MSC,4.0,2.0,no_advantage,321.0,41.0,173.19900899999999,100.0,0.18648899999999999,196,1051
2021,French Grand Prix,FP2,LEC,8.0,6.0,no_advantage,298.0,43.0,138.7048210000000,100.0,0.15701200000000001,206,1312
2021,French Grand Prix,FP2,MAZ,13.0,7.0,no_advantage,303.0,72.0,165.21221900000000,100.0,0.16090900000000000,177,1100
2021,French Grand Prix,FP2,VER,17.0,6.0,no_advantage,308.0,69.0,205.36057700000001,100.0,0.18665200000000001,165,884
2021,French Grand Prix,FP3,NOR,2.0,6.0,clear_violation,319.0,74.0,221.64703399999999,100.0,0.16381399999999999,134,818
2021,French Grand Prix,FP3,RAI,7.0,6.0,clear_violation,321.0,78.0,222.96652700000001,100.0,0.17747900000000000,145,817
2021,French Grand Prix,FP3,MAZ,9.0,6.0,clear_violation,324.0,67.0,219.77665500000001,100.0,0.19444400000000001,161,828
2021,French Grand Prix,FP3,GAS,2.0,6.0,clear_violation,322.0,78.0,220.99919100000000,100.0,0.15450100000000000,127,822
2021,French Grand Prix,FP3,TSU,7.0,6.0,clear_violation,321.0,78.0,222.55334500000001,100.0,0.17177899999999999,140,815
2021,French Grand Prix,FP3,TSU,15.0,6.0,clear_violation,323.0,74.0,224.14033100000000,100.0,0.17509200000000000,142,811
2021,French Grand Prix,FP3,VER,5.0,6.0,clear_violation,323.0,81.0,225.80227900000000,100.0,0.1706100000000000,137,803
2021,French Grand Prix,FP3,SAI,2.0,6.0,clear_violation,315.0,72.0,219.8747390000000,100.0,0.15942000000000001,132,828
2021,French Grand Prix,FP3,SAI,16.0,6.0,clear_violation,321.0,77.0,224.53147200000001,100.0,0.15698400000000001,127,809
2021,French Grand Prix,FP3,GIO,8.0,6.0,clear_violation,320.0,79.0,222.48107999999999,100.0,0.15073500000000001,123,816
2021,French Grand Prix,FP3,GIO,7.0,2.0,no_advantage,301.0999980000000,0.0,133.5371870000000,100.0,0.19501499999999999,266,1364
2021,French Grand Prix,FP3,MAZ,6.0,2.0,no_advantage,301.18333200000001,60.0,151.54282599999999,100.0,0.13882000000000000,167,1203
2021,French Grand Prix,FP3,BOT,7.0,2.0,no_advantage,299.81592200000000,60.0,157.56087299999999,100.0,0.16681099999999999,193,1157
2021,French Grand Prix,FP3,SAI,9.0,2.0,no_advantage,298.95833099999999,60.0,142.75189599999999,100.0,0.10125600000000000,129,1274
2021,French Grand Prix,Q,GAS,15.0,6.0,clear_violation,328.0,83.0,227.9125180000000,100.0,0.15914800000000001,127,798
2021,French Grand Prix,Q,GAS,18.0,6.0,clear_violation,325.0,81.0,227.75695800000000,100.0,0.16145200000000001,129,799
2021,French Grand Prix,Q,STR,3.0,6.0,clear_violation,323.0,71.0,225.74707799999999,100.0,0.19269500000000001,153,794
2021,French Grand Prix,Q,NOR,8.0,6.0,clear_violation,323.0,79.0,227.42324700000000,100.0,0.16875,135,800
2021,French Grand Prix,Q,MAZ,4.0,2.0,no_advantage,325.0,75.0,222.87071299999999,100.0,0.1826090000000000,147,805
2021,French Grand Prix,Q,VET,5.0,2.0,no_advantage,304.2916670,60.0,145.40108100000000,100.0,0.0756580000000000,92,1216
2021,French Grand Prix,Q,SAI,8.0,2.0,no_advantage,300.0,25.0,130.33446499999999,100.0,0.12616500000000000,176,1395
2021,French Grand Prix,Q,VER,11.0,2.0,no_advantage,306.4249980,60.0,166.92794699999999,100.0,0.16298299999999999,177,1086
2021,French Grand Prix,R,GIO,13.0,6.0,clear_violation,331.0,71.0,204.59477899999999,100.0,0.20674200000000001,184,890
2021,French Grand Prix,R,NOR,30.0,11.0,no_advantage,322.0,69.0,209.25782699999999,100.0,0.18823500000000001,160,850
2021,Hungarian Grand Prix,FP1,MAZ,10.0,11.0,clear_violation,311.0,83.0,189.64955399999999,100.0,0.24896299999999999,180,723
2021,Hungarian Grand Prix,FP1,MSC,21.0,4.0,clear_violation,292.0,84.0,176.3605770000000,100.0,0.230567000000000,175,759
2021,Hungarian Grand Prix,FP1,GIO,2.0,4.0,clear_violation,316.0,89.0,186.55953500000001,100.0,0.2269020000000000,167,736
2021,Hungarian Grand Prix,FP2,MAZ,2.0,11.0,clear_violation,311.0,91.0,188.75963700000000,100.0,0.2407150000000000,175,727
2021,Hungarian Grand Prix,FP2,HAM,20.0,11.0,clear_violation,298.0,79.0,170.01460000000000,100.0,0.18306400000000000,147,803
2021,Hungarian Grand Prix,FP2,GIO,12.0,11.0,clear_violation,314.0,96.0,198.0518290000000,100.0,0.1976910000000000,137,693
2021,Hungarian Grand Prix,FP3,RAI,20.0,11.0,clear_violation,318.0,45.0,176.18329100000000,100.0,0.22007699999999999,171,777
2021,Hungarian Grand Prix,FP3,GIO,10.0,11.0,clear_violation,314.0,92.0,197.3008450000000,100.0,0.23242499999999999,162,697
2021,Hungarian Grand Prix,R,RUS,5.0,,no_advantage,306.0,83.0,179.73626200000001,100.0,0.28326699999999999,215,759
2021,Hungarian Grand Prix,R,TSU,10.0,,no_advantage,324.0,76.0,185.34936700000000,100.0,0.2288020000000000,170,743
2021,Hungarian Grand Prix,R,VER,14.0,1.0,no_advantage,325.0,85.0,184.70494800000000,100.0,0.2570660000000000,191,743
2021,Italian Grand Prix,FP1,RIC,24.0,11.0,clear_violation,333.0,70.0,255.1002590000000,99.0,0.10533700000000000,75,712
2021,Italian Grand Prix,FP1,RIC,25.0,11.0,clear_violation,313.0,47.0,150.21392900000001,99.0,0.09610600000000000,116,1207
2021,Italian Grand Prix,FP1,NOR,24.0,11.0,clear_violation,338.0,68.0,255.49288300000001,100.0,0.1227080000000000,87,709
2021,Italian Grand Prix,FP1,NOR,25.0,11.0,clear_violation,313.6458330000000,45.0,156.80847299999999,99.0,0.15716800000000000,182,1158
2021,Italian Grand Prix,FP1,GAS,23.0,11.0,clear_violation,314.25833399999999,41.0,155.38744399999999,100.0,0.16023999999999999,187,1167
2021,Italian Grand Prix,FP1,GAS,24.0,11.0,clear_violation,344.0,57.0,196.48754700000,100.0,0.15384600000000001,142,923
2021,Italian Grand Prix,FP1,GAS,27.0,11.0,clear_violation,337.0,64.0,251.75701000000001,100.0,0.12638900000000000,91,720
2021,Italian Grand Prix,FP1,ALO,12.0,11.0,clear_violation,332.0,66.0,247.87067999999999,100.0,0.1133880000000000,83,732
2021,Italian Grand Prix,FP1,ALO,13.0,11.0,clear_violation,323.0,64.0,210.47907300000000,100.0,0.19557600000000000,168,859
2021,Italian Grand Prix,FP1,LEC,4.0,5.0,clear_violation,332.0,51.0,237.3848620000000,100.0,0.1402360000000000,107,763
2021,Italian Grand Prix,FP1,LEC,11.0,11.0,clear_violation,340.0,64.0,252.70084499999999,100.0,0.12361100000000000,89,720
2021,Italian Grand Prix,FP1,LEC,12.0,11.0,clear_violation,327.0,50.0,177.5310220000000,100.0,0.13111500000000001,134,1022
2021,Italian Grand Prix,FP1,LEC,22.0,11.0,clear_violation,338.0,67.0,253.68101200000001,100.0,0.13146900000000000,94,715
2021,Italian Grand Prix,FP1,LEC,23.0,11.0,clear_violation,319.0,50.0,148.24871300000001,100.0,0.12764200000000001,157,1230
2021,Italian Grand Prix,FP1,TSU,25.0,11.0,clear_violation,333.0,67.0,250.2593890000000,100.0,0.11724100000000000,85,725
2021,Italian Grand Prix,FP1,TSU,26.0,11.0,clear_violation,310.0,56.0,162.64738600000001,100.0,0.13991000000000001,156,1115
2021,Italian Grand Prix,FP1,MSC,12.0,11.0,clear_violation,333.0,69.0,245.11215200000001,100.0,0.1241570000000000,92,741
2021,Italian Grand Prix,FP1,MSC,13.0,11.0,clear_violation,316.0,60.0,190.50023400000001,100.0,0.16317999999999999,156,956
2021,Italian Grand Prix,FP1,SAI,25.0,11.0,clear_violation,333.0,67.0,251.4542060000000,100.0,0.12171500000000000,88,723
2021,Italian Grand Prix,FP2,NOR,16.0,11.0,clear_violation,351.0,62.0,240.36246800000001,100.0,0.1489070000000000,109,732
2021,Italian Grand Prix,FP2,NOR,17.0,11.0,clear_violation,328.0,66.0,240.79539399999999,100.0,0.12881799999999999,97,753
2021,Italian Grand Prix,FP2,VET,21.0,11.0,clear_violation,326.0,66.0,243.0665290000000,100.0,0.12432400000000000,92,740
2021,Italian Grand Prix,FP2,VET,22.0,11.0,clear_violation,323.0,65.0,239.39498800000001,100.0,0.13270799999999999,99,746
2021,Italian Grand Prix,FP2,MAZ,11.0,11.0,clear_violation,320.0,64.0,236.33051200000000,100.0,0.14882500000000001,114,766
2021,Italian Grand Prix,FP2,MAZ,12.0,11.0,clear_violation,324.0,54.0,236.21775700000001,100.0,0.1618800000000000,124,766
2021,Italian Grand Prix,FP2,HAM,23.0,5.0,clear_violation,320.0,65.0,240.02959400000000,100.0,0.15775400000000001,118,748
2021,Italian Grand Prix,FP2,MSC,3.0,5.0,clear_violation,333.0,68.0,232.56082499999999,100.0,0.14852799999999999,116,781
2021,Italian Grand Prix,FP2,SAI,12.0,11.0,clear_violation,323.0,65.0,239.40751100000000,100.0,0.12928799999999999,98,758
2021,Italian Grand Prix,FP2,SAI,13.0,11.0,clear_violation,326.0,65.0,222.4603580000000,100.0,0.14969299999999999,122,815
2021,Italian Grand Prix,FP2,BOT,5.0,5.0,clear_violation,324.0,42.0,233.99866499999999,100.0,0.14137500000000000,109,771
2021,Italian Grand Prix,Q,NOR,5.0,11.0,clear_violation,335.0,66.0,255.6005820000000,100.0,0.11673699999999999,83,711
2021,Italian Grand Prix,Q,STR,3.0,5.0,clear_violation,305.0,59.0,160.34399600000000,100.0,0.23851600000000001,270,1132
2021,Italian Grand Prix,Q,TSU,8.0,11.0,clear_violation,332.0,71.0,254.15742200000000,100.0,0.11049000000000000,79,715
2021,Italian Grand Prix,Q,LEC,6.0,,no_advantage,304.0,72.0,223.58874100000000,100.0,0.12719300000000000,58,456
2021,Italian Grand Prix,R,PER,32.0,5.0,clear_violation,349.0,63.0,239.53194099999999,100.0,0.16886499999999999,128,758
2021,Italian Grand Prix,R,ALO,44.0,11.0,clear_violation,329.0,65.0,196.33449200000001,100.0,0.1540130000000000,142,922
2021,Italian Grand Prix,R,ALO,45.0,11.0,clear_violation,332.0,61.0,239.06206399999999,100.0,0.13060700000000000,99,758
2021,Italian Grand Prix,R,ALO,46.0,11.0,clear_violation,330.0,60.0,239.32601000000000,100.0,0.13112599999999999,99,755
2021,Italian Grand Prix,R,RIC,5.0,11.0,clear_violation,320.0,64.0,239.75179600000001,99.0,0.11788100000000000,89,755
2021,Italian Grand Prix,R,RIC,6.0,11.0,clear_violation,322.0,64.0,239.58269200000001,99.0,0.1273210000000000,96,754
2021,Italian Grand Prix,R,NOR,11.0,11.0,clear_violation,329.0,63.0,238.8645700000000,100.0,0.14775700000000000,112,758
2021,Italian Grand Prix,R,NOR,12.0,11.0,clear_violation,336.0,58.0,236.97870200000000,100.0,0.15858500000000000,121,763
2021,Italian Grand Prix,R,NOR,31.0,11.0,clear_violation,348.0,54.0,238.95076599999999,100.0,0.16447400000000001,125,760
2021,Italian Grand Prix,R,MSC,32.0,5.0,clear_violation,337.0,0.0,211.00756300000000,100.0,0.16009300000000001,138,862
2021,Italian Grand Prix,R,VET,45.0,11.0,clear_violation,353.0,52.0,239.55192199999999,100.0,0.15435399999999999,117,758
2021,Italian Grand Prix,R,VET,46.0,11.0,clear_violation,319.0,60.0,239.3815290000000,100.0,0.15496699999999999,117,755
2021,Italian Grand Prix,R,RUS,45.0,11.0,clear_violation,345.0,53.0,237.7793380000000,100.0,0.1743120000000000,133,763
2021,Italian Grand Prix,R,RUS,46.0,11.0,clear_violation,337.0,60.0,239.16032100000001,100.0,0.17063500000000001,129,756
2021,Italian Grand Prix,R,MAZ,2.0,5.0,clear_violation,343.0,51.0,230.33301599999999,100.0,0.2010180000000000,158,786
2021,Italian Grand Prix,R,HAM,4.0,4.0,no_advantage,329.0,64.0,240.2902970000000,100.0,0.15517200000000000,117,754
2021,Italian Grand Prix,R,ALO,7.0,5.0,no_advantage,326.0,63.0,235.89770999999999,100.0,0.13446500000000000,103,766
2021,Italian Grand Prix,R,VER,22.0,2.0,no_advantage,333.0,62.0,237.10349400000001,100.0,0.15947700000000001,122,765
2021,Italian Grand Prix,S,NOR,6.0,11.0,clear_violation,337.0,65.0,244.189136000000,100.0,0.13765200000000000,102,741
2021,Italian Grand Prix,S,NOR,7.0,11.0,clear_violation,338.0,61.0,243.96827900000000,100.0,0.14150900000000000,105,742
2021,Italian Grand Prix,S,GAS,1.0,1.0,no_advantage,302.0,0.0,46.41740000000000,104.0,0.5697800000000000,543,953
2021,Italian Grand Prix,S,TSU,3.0,5.0,no_advantage,319.34166800000003,44.0,160.7084960000000,100.0,0.20590900000000001,230,1117
2021,Italian Grand Prix,SQ,NOR,6.0,11.0,clear_violation,337.0,65.0,244.189136000000,100.0,0.13765200000000000,102,741
2021,Italian Grand Prix,SQ,NOR,7.0,11.0,clear_violation,338.0,61.0,243.96827900000000,100.0,0.14150900000000000,105,742
2021,Italian Grand Prix,SQ,GAS,1.0,1.0,no_advantage,302.0,0.0,46.41740000000000,104.0,0.5697800000000000,543,953
2021,Italian Grand Prix,SQ,TSU,3.0,5.0,no_advantage,319.34166800000003,44.0,160.7084960000000,100.0,0.20590900000000001,230,1117
2021,Mexico City Grand Prix,FP1,STR,5.0,11.0,clear_violation,344.0,57.0,186.7776710000000,100.0,0.24720700000000001,177,716
2021,Mexico City Grand Prix,FP1,MSC,2.0,11.0,clear_violation,339.0,61.0,173.250594000000,100.0,0.24870500000000001,192,772
2021,Mexico City Grand Prix,FP1,BOT,9.0,12.0,no_advantage,343.0,49.0,177.28081800000001,100.0,0.14947099999999999,113,756
2021,Mexico City Grand Prix,FP1,ALO,14.0,12.0,no_advantage,339.0,63.0,185.04042000000001,100.0,0.18370200000000000,133,724
2021,Mexico City Grand Prix,FP1,OCO,10.0,4.0,no_advantage,293.0,38.0,143.9618520000000,100.0,0.19656299999999999,183,931
2021,Mexico City Grand Prix,FP1,STR,13.0,12.0,no_advantage,347.0,44.0,170.9766530000000,100.0,0.21355499999999999,167,782
2021,Mexico City Grand Prix,FP1,BOT,17.0,13.0,no_advantage,345.0,39.0,168.6536820000000,100.0,0.2233380000000000,178,797
2021,Mexico City Grand Prix,FP1,MAZ,14.0,11.0,no_advantage,303.0,0.0,20.77989200000000,104.0,0.7924670000000000,5113,6452
2021,Mexico City Grand Prix,FP1,PER,13.0,12.0,no_advantage,338.0,57.0,182.72442300000,100.0,0.20218600000000000,148,732
2021,Mexico City Grand Prix,FP1,NOR,21.0,4.0,no_advantage,323.0,61.0,182.18143900000001,98.0,0.21828100000000000,160,733
2021,Mexico City Grand Prix,FP1,LEC,17.0,12.0,no_advantage,339.0,46.0,182.40696600000001,100.0,0.1989100000000000,146,734
2021,Mexico City Grand Prix,FP2,LAT,2.0,11.0,clear_violation,341.0,61.0,189.13485200000000,100.0,0.22925499999999999,163,711
2021,Mexico City Grand Prix,FP2,MAZ,23.0,11.0,clear_violation,321.0,59.0,180.23687600000000,100.0,0.261456000000000,194,742
2021,Mexico City Grand Prix,FP2,MAZ,26.0,11.0,clear_violation,321.0,64.0,182.51142800000000,100.0,0.2673940000000000,196,733
2021,Mexico City Grand Prix,FP2,STR,2.0,12.0,no_advantage,350.0,57.0,189.49259300000000,100.0,0.23728800000000000,168,708
2021,Mexico City Grand Prix,FP2,BOT,5.0,1.0,no_advantage,302.0,57.0,149.15707800000001,100.0,0.2436040000000000,219,899
2021,Mexico City Grand Prix,FP2,HAM,6.0,1.0,no_advantage,300.0,45.0,136.81559100000001,100.0,0.17364700000000000,170,979
2021,Mexico City Grand Prix,FP2,MAZ,12.0,12.0,no_advantage,345.0,63.0,187.80108200000001,100.0,0.25426100000000001,179,704
2021,Mexico City Grand Prix,FP2,MSC,17.0,12.0,no_advantage,319.0,62.0,176.96048700000000,100.0,0.21899700000000000,166,758
2021,Mexico City Grand Prix,FP2,LAT,10.0,16.0,no_advantage,319.0,0.0,139.32081900000000,100.0,0.2814120000000000,271,963
2021,Mexico City Grand Prix,FP2,VET,24.0,12.0,no_advantage,324.0,62.0,185.86555400000000,100.0,0.2222220000000000,160,720
2021,Mexico City Grand Prix,FP3,NOR,6.0,1.0,clear_violation,339.0,62.0,177.67182299999999,100.0,0.22015899999999999,166,754
2021,Mexico City Grand Prix,FP3,NOR,11.0,1.0,clear_violation,339.0,37.0,142.3677880000000,100.0,0.16276599999999999,153,940
2021,Mexico City Grand Prix,FP3,MAZ,5.0,11.0,clear_violation,302.0,45.0,134.82119399999999,100.0,0.19,190,1000
2021,Mexico City Grand Prix,FP3,ALO,10.0,12.0,clear_violation,361.0,61.0,194.59822600000001,100.0,0.20899899999999999,144,689
2021,Mexico City Grand Prix,FP3,LEC,2.0,8.0,no_advantage,340.0,58.0,171.77119700000000,100.0,0.22064500000000001,171,775
2021,Mexico City Grand Prix,FP3,MAZ,2.0,8.0,no_advantage,341.0,59.0,179.49593899999999,100.0,0.2606950000000000,195,748
2021,Mexico City Grand Prix,FP3,GAS,4.0,12.0,no_advantage,306.0,53.0,165.6317110000000,100.0,0.207664000000000,168,809
2021,Mexico City Grand Prix,FP3,STR,10.0,12.0,no_advantage,343.0,61.0,192.10070999999999,100.0,0.2177650000000000,152,698
2021,Mexico City Grand Prix,FP3,VET,7.0,12.0,no_advantage,344.0,57.0,185.4196460000000,100.0,0.19390600000000000,140,722
2021,Mexico City Grand Prix,FP3,ALO,10.0,12.0,no_advantage,361.0,61.0,194.59822600000001,100.0,0.20899899999999999,144,689
2021,Mexico City Grand Prix,FP3,VET,16.0,12.0,no_advantage,342.0,60.0,175.7535870000000,100.0,0.19444400000000001,147,756
2021,Mexico City Grand Prix,Q,TSU,15.0,11.0,clear_violation,340.0,60.0,138.89593300000001,100.0,0.1671860000000000,161,963
2021,Mexico City Grand Prix,Q,MSC,2.0,12.0,clear_violation,340.0,58.0,188.4516000000000,100.0,0.21598899999999999,154,713
2021,Mexico City Grand Prix,Q,SAI,5.0,12.0,no_advantage,344.0,64.0,195.10463700000000,100.0,0.21114400000000000,144,682
2021,Mexico City Grand Prix,Q,GIO,12.0,7.0,no_advantage,286.0,61.0,143.53605999999999,100.0,0.22424900000000000,209,932
2021,Mexico City Grand Prix,Q,NOR,17.0,1.0,no_advantage,347.0,60.0,168.3366130000000,99.0,0.20654900000000001,164,794
2021,Mexico City Grand Prix,R,MAZ,33.0,11.0,clear_violation,326.0,60.0,182.43776299999999,100.0,0.2398880000000000,172,717
2021,Monaco Grand Prix,FP1,LAT,32.0,10.0,clear_violation,281.0,46.0,151.70144900000000,100.0,0.30498500000000001,208,682
2021,Monaco Grand Prix,FP1,MAZ,17.0,10.0,clear_violation,268.63333499999999,41.0,120.94427899999999,99.0,0.0,0,855
2021,Monaco Grand Prix,FP1,MAZ,28.0,10.0,clear_violation,272.0,29.0,125.62078000000000,99.0,0.0,0,820
2021,Monaco Grand Prix,FP1,PER,27.0,10.0,clear_violation,273.0,39.0,124.18642800000001,100.0,0.25240400000000002,210,832
2021,Monaco Grand Prix,FP1,PER,29.0,10.0,clear_violation,271.0,39.0,117.79225000000000,100.0,0.2522830000000000,221,876
2021,Monaco Grand Prix,FP1,ALO,30.0,10.0,clear_violation,284.0,46.0,148.1408480000000,100.0,0.28183100000000000,197,699
2021,Monaco Grand Prix,FP1,HAM,9.0,10.0,clear_violation,270.43749900000000,46.0,143.12109500000000,100.0,0.32083299999999998,231,720
2021,Monaco Grand Prix,FP1,SAI,12.0,10.0,clear_violation,281.0,45.0,147.36840699999999,100.0,0.22048400000000001,155,703
2021,Monaco Grand Prix,FP1,SAI,27.0,10.0,clear_violation,278.0,39.0,126.52817700000000,100.0,0.20537900000000001,168,818
2021,Monaco Grand Prix,FP1,RUS,14.0,10.0,clear_violation,276.0,41.0,139.9748590000000,100.0,0.21002699999999999,155,738
2021,Monaco Grand Prix,FP1,GIO,23.0,10.0,clear_violation,276.0,47.0,137.75702100000001,100.0,0.2931730000000000,219,747
2021,Monaco Grand Prix,FP1,RAI,14.0,1.0,no_advantage,288.0,47.0,138.72486400000000,100.0,0.2768820000000000,206,744
2021,Monaco Grand Prix,FP1,ALO,19.0,1.0,no_advantage,270.0,23.0,137.88504200000000,100.0,0.26639900000000000,199,747
2021,Monaco Grand Prix,FP2,NOR,20.0,10.0,clear_violation,279.0,42.0,139.2443230000000,100.0,0.25471700000000003,189,742
2021,Monaco Grand Prix,FP2,VET,7.0,10.0,clear_violation,279.0,27.0,112.91620100000000,100.0,0.23060100000000000,211,915
2021,Monaco Grand Prix,FP2,VET,14.0,10.0,clear_violation,285.0,46.0,133.59658800000000,100.0,0.2805190000000000,216,770
2021,Monaco Grand Prix,FP2,VET,18.0,10.0,clear_violation,269.45,30.0,108.07131099999999,100.0,0.2450260000000000,234,955
2021,Monaco Grand Prix,FP2,MAZ,15.0,10.0,clear_violation,281.0,32.0,105.2242860000000,98.0,0.0,0,987
2021,Monaco Grand Prix,FP2,MAZ,22.0,10.0,clear_violation,278.0,45.0,149.3776230000000,99.0,0.0,0,693
2021,Monaco Grand Prix,FP2,PER,7.0,10.0,clear_violation,279.0,37.0,124.71318900000000,100.0,0.2898550000000000,240,828
2021,Monaco Grand Prix,FP2,PER,14.0,10.0,clear_violation,268.0916670,30.0,127.9260150000000,100.0,0.28553800000000001,231,809
2021,Monaco Grand Prix,FP2,PER,16.0,10.0,clear_violation,279.0,37.0,112.13865500000000,100.0,0.2383030000000000,219,919
2021,Monaco Grand Prix,FP2,PER,18.0,10.0,clear_violation,267.28333199999997,34.0,114.19498800000000,100.0,0.2713180000000000,245,903
2021,Monaco Grand Prix,FP2,LEC,6.0,10.0,clear_violation,284.0,31.0,135.15680000000000,100.0,0.3045750000000000,233,765
2021,Monaco Grand Prix,FP2,LEC,26.0,10.0,clear_violation,277.0,44.0,134.6935690000000,100.0,0.3050850000000000,234,767
2021,Monaco Grand Prix,FP2,STR,8.0,10.0,clear_violation,279.0,37.0,116.17787000000000,100.0,0.2283460000000000,203,889
2021,Monaco Grand Prix,FP2,STR,17.0,10.0,clear_violation,279.0,33.0,107.79997500000000,100.0,0.15618399999999999,149,954
2021,Monaco Grand Prix,FP2,TSU,8.0,10.0,clear_violation,284.0,39.0,124.79053999999999,100.0,0.24058299999999999,198,823
2021,Monaco Grand Prix,FP2,OCO,16.0,10.0,clear_violation,274.0,32.0,105.81053799999999,100.0,0.31384600000000001,306,975
2021,Monaco Grand Prix,FP2,HAM,4.0,10.0,clear_violation,282.0,42.0,140.32272200000000,100.0,0.29347800000000002,216,736
2021,Monaco Grand Prix,FP2,HAM,16.0,10.0,clear_violation,283.0,44.0,130.71965700000001,100.0,0.23514499999999999,186,791
2021,Monaco Grand Prix,FP2,HAM,19.0,10.0,clear_violation,278.0,47.0,125.30443800000000,100.0,0.32116800000000001,264,822
2021,Monaco Grand Prix,FP2,HAM,20.0,10.0,clear_violation,282.0,46.0,149.52050800000001,100.0,0.29190800000000000,202,692
2021,Monaco Grand Prix,FP2,HAM,24.0,10.0,clear_violation,277.0,48.0,153.40472600000001,100.0,0.29253699999999999,196,670
2021,Monaco Grand Prix,FP2,SAI,6.0,10.0,clear_violation,285.0,28.0,139.12083400000000,100.0,0.22550300000000001,168,745
2021,Monaco Grand Prix,FP2,SAI,10.0,10.0,clear_violation,276.0,37.0,128.51206999999999,100.0,0.241636000000000,195,807
2021,Monaco Grand Prix,FP2,SAI,20.0,10.0,clear_violation,272.9375010,29.0,114.41097300000000,100.0,0.23977899999999999,217,905
2021,Monaco Grand Prix,FP2,RUS,4.0,10.0,clear_violation,271.0,43.0,143.0354060000000,100.0,0.24689700000000001,179,725
2021,Monaco Grand Prix,FP2,RUS,16.0,10.0,clear_violation,270.04166900000001,35.0,122.13716599999999,100.0,0.20567400000000000,174,846
2021,Monaco Grand Prix,FP2,BOT,17.0,10.0,clear_violation,282.0,48.0,156.68080599999999,100.0,0.27121200000000001,179,660
2021,Monaco Grand Prix,FP3,RIC,9.0,10.0,clear_violation,281.0,43.0,137.14062999999999,100.0,0.11170200000000000,84,752
2021,Monaco Grand Prix,FP3,RIC,11.0,10.0,clear_violation,284.0,43.0,129.3090160000000,100.0,0.13608000000000001,109,801
2021,Monaco Grand Prix,FP3,RIC,15.0,10.0,clear_violation,279.0,45.0,153.9772810000000,100.0,0.18032799999999999,121,671
2021,Monaco Grand Prix,FP3,RIC,17.0,10.0,clear_violation,277.0,38.0,125.08340900000000,100.0,0.14268400000000001,118,827
2021,Monaco Grand Prix,FP3,RIC,23.0,10.0,clear_violation,288.0,44.0,150.045534000000,100.0,0.21220900000000001,146,688
2021,Monaco Grand Prix,FP3,VET,7.0,10.0,clear_violation,270.1714300,35.0,110.06360300000000,100.0,0.25133100000000003,236,939
2021,Monaco Grand Prix,FP3,VET,11.0,10.0,clear_violation,280.0,43.0,129.04525200000000,100.0,0.25625,205,800
2021,Monaco Grand Prix,FP3,LAT,3.0,10.0,clear_violation,286.0,47.0,147.8500190000000,100.0,0.29285699999999998,205,700
2021,Monaco Grand Prix,FP3,RAI,8.0,10.0,clear_violation,274.4500010000000,21.0,134.50550300000000,100.0,0.25554100000000002,196,767
2021,Monaco Grand Prix,FP3,RAI,10.0,10.0,clear_violation,288.0,30.0,120.51041700000000,100.0,0.29836800000000002,256,858
2021,Monaco Grand Prix,FP3,MAZ,15.0,10.0,clear_violation,284.0,47.0,155.1579950000000,100.0,0.0,0,667
2021,Monaco Grand Prix,FP3,PER,9.0,10.0,clear_violation,277.0,22.0,110.74115500000001,100.0,0.2607300000000000,243,932
2021,Monaco Grand Prix,FP3,LEC,4.0,10.0,clear_violation,281.0,41.0,128.3249300000000,100.0,0.27791600000000000,224,806
2021,Monaco Grand Prix,FP3,LEC,10.0,10.0,clear_violation,286.0,34.0,127.580963000000,100.0,0.24287500000000001,196,807
2021,Monaco Grand Prix,FP3,LEC,14.0,10.0,clear_violation,284.0,32.0,121.712805000000,100.0,0.2702700000000000,230,851
2021,Monaco Grand Prix,FP3,LEC,19.0,10.0,clear_violation,282.0,30.0,126.94091299999999,100.0,0.2723930000000000,222,815
2021,Monaco Grand Prix,FP3,LEC,25.0,10.0,clear_violation,273.2250020,39.0,114.62349399999999,100.0,0.23640400000000000,213,901
2021,Monaco Grand Prix,FP3,STR,21.0,10.0,clear_violation,279.0,32.0,118.0160500000000,99.0,0.23657100000000000,207,875
2021,Monaco Grand Prix,FP3,OCO,16.0,10.0,clear_violation,277.0,26.0,124.31312600000000,100.0,0.2777780000000000,230,828
2021,Monaco Grand Prix,FP3,VER,9.0,10.0,clear_violation,278.0,39.0,121.72097300000000,100.0,0.22379299999999999,190,849
2021,Monaco Grand Prix,FP3,VER,15.0,10.0,clear_violation,290.0,29.0,149.97111400000000,100.0,0.24492800000000001,169,690
2021,Monaco Grand Prix,FP3,VER,17.0,10.0,clear_violation,279.0,28.0,119.26709000000000,100.0,0.2664360000000000,231,867
2021,Monaco Grand Prix,FP3,HAM,6.0,10.0,clear_violation,274.0,47.0,139.49147400000001,100.0,0.3122480000000000,232,743
2021,Monaco Grand Prix,FP3,HAM,16.0,10.0,clear_violation,286.0,17.0,143.66945400000000,100.0,0.30055399999999999,217,722
2021,Monaco Grand Prix,FP3,HAM,18.0,10.0,clear_violation,284.0,47.0,153.53311600000001,100.0,0.2878340000000000,194,674
2021,Monaco Grand Prix,FP3,SAI,6.0,10.0,clear_violation,277.0,32.0,111.53041700000000,100.0,0.21052599999999999,196,931
2021,Monaco Grand Prix,FP3,SAI,7.0,10.0,clear_violation,286.0,47.0,150.5936130000000,100.0,0.2441860000000000,168,688
2021,Monaco Grand Prix,FP3,SAI,18.0,10.0,clear_violation,281.0,28.0,133.6150080000000,100.0,0.2364340000000000,183,774
2021,Monaco Grand Prix,FP3,SAI,26.0,10.0,clear_violation,277.0,38.0,119.16025300000000,100.0,0.20391699999999999,177,868
2021,Monaco Grand Prix,FP3,RUS,6.0,10.0,clear_violation,281.0,32.0,113.09238300000000,100.0,0.19562800000000000,179,915
2021,Monaco Grand Prix,FP3,RUS,21.0,10.0,clear_violation,280.0,41.0,129.1360760000000,100.0,0.1822720000000000,146,801
2021,Monaco Grand Prix,FP3,BOT,4.0,10.0,clear_violation,275.0,37.0,138.3762980000000,100.0,0.29396000000000000,219,745
2021,Monaco Grand Prix,FP3,LEC,19.0,1.0,no_advantage,282.0,30.0,126.94091299999999,100.0,0.2723930000000000,222,815
2021,Monaco Grand Prix,FP3,BOT,13.0,1.0,no_advantage,271.57499899999999,45.0,136.84971800000000,100.0,0.30993399999999999,234,755
2021,Monaco Grand Prix,Q,SAI,10.0,10.0,clear_violation,284.0,44.0,144.82632400000000,100.0,0.23430999999999999,168,717
2021,Monaco Grand Prix,Q,SAI,12.0,10.0,clear_violation,281.0,25.0,119.09013700000000,100.0,0.18692700000000001,163,872
2021,Monaco Grand Prix,Q,SAI,16.0,10.0,clear_violation,286.0,34.0,136.65156400000001,100.0,0.22572200000000001,172,762
2021,Monaco Grand Prix,Q,HAM,10.0,10.0,clear_violation,286.0,37.0,139.04511199999999,100.0,0.3073830000000000,229,745
2021,Monaco Grand Prix,Q,HAM,21.0,10.0,clear_violation,284.0,48.0,155.1166660000000,100.0,0.28785600000000000,192,667
2021,Monaco Grand Prix,Q,VET,21.0,10.0,clear_violation,268.0,48.0,143.27980400000001,100.0,0.25591100000000000,184,719
2021,Monaco Grand Prix,Q,RAI,14.0,10.0,clear_violation,287.0,28.0,127.33445200000000,100.0,0.3083540000000000,251,814
2021,Monaco Grand Prix,Q,RUS,13.0,10.0,clear_violation,288.0,48.0,153.56280799999999,100.0,0.22700300000000001,153,674
2021,Monaco Grand Prix,Q,RAI,5.0,1.0,no_advantage,285.0,35.0,116.30850100000001,100.0,0.2895620000000000,258,891
2021,Monaco Grand Prix,R,NOR,10.0,10.0,clear_violation,282.0,42.0,153.10842299999999,99.0,0.2789320000000000,188,674
2021,Monaco Grand Prix,R,NOR,18.0,10.0,clear_violation,287.0,42.0,154.26077000000001,99.0,0.2645740000000000,177,669
2021,Monaco Grand Prix,R,GAS,19.0,10.0,clear_violation,284.0,47.0,152.97079500000001,100.0,0.28065000000000001,190,677
2021,Monaco Grand Prix,R,HAM,64.0,10.0,clear_violation,284.0,45.0,154.78928500000001,100.0,0.2705530000000000,181,669
2021,Monaco Grand Prix,R,STR,45.0,10.0,clear_violation,289.0,42.0,151.8997650000000,100.0,0.2781070000000000,188,676
2021,Monaco Grand Prix,R,GIO,37.0,10.0,clear_violation,283.0,44.0,156.50893700000000,100.0,0.2897900000000000,193,666
2021,Monaco Grand Prix,R,RIC,46.0,10.0,clear_violation,288.0,39.0,143.6068800000000,99.0,0.28133700000000000,202,718
2021,Monaco Grand Prix,R,RUS,56.0,10.0,clear_violation,287.0,46.0,141.7579370000000,100.0,0.2802200000000000,204,728
2021,Monaco Grand Prix,R,LAT,45.0,10.0,clear_violation,289.0,46.0,155.54159400000000,100.0,0.3063060000000000,204,666
2021,Monaco Grand Prix,R,LAT,56.0,10.0,clear_violation,286.0,47.0,153.22153499999999,100.0,0.31203599999999998,210,673
2021,Monaco Grand Prix,R,TSU,34.0,10.0,clear_violation,284.0,48.0,153.65010200000000,100.0,0.26300099999999998,177,673
2021,Monaco Grand Prix,R,TSU,74.0,10.0,clear_violation,294.0,45.0,152.8675970000000,100.0,0.26448700000000003,178,673
2021,Monaco Grand Prix,R,MAZ,7.0,10.0,clear_violation,288.0,47.0,148.54912100000001,100.0,0.0,0,695
2021,Monaco Grand Prix,R,MAZ,12.0,10.0,clear_violation,287.0,47.0,150.14097400000000,100.0,0.0,0,690
2021,Monaco Grand Prix,R,MAZ,39.0,10.0,clear_violation,282.0,38.0,145.83923600000000,100.0,0.0,0,710
2021,Monaco Grand Prix,R,MAZ,42.0,10.0,clear_violation,284.0,40.0,146.76492600000000,100.0,0.0,0,703
2021,Monaco Grand Prix,R,MAZ,43.0,10.0,clear_violation,284.0,36.0,143.06160000000000,100.0,0.0,0,723
2021,Monaco Grand Prix,R,MAZ,46.0,10.0,clear_violation,287.0,46.0,143.25515600000000,100.0,0.0,0,717
2021,Monaco Grand Prix,R,MAZ,68.0,10.0,clear_violation,285.0,45.0,146.80681300000001,100.0,0.0,0,705
2021,Monaco Grand Prix,R,MSC,25.0,10.0,clear_violation,284.0,42.0,143.4833310000000,100.0,0.3101530000000000,223,719
2021,Monaco Grand Prix,R,MSC,26.0,10.0,clear_violation,267.0,44.0,141.59858399999999,100.0,0.33058999999999999,241,729
2021,Monaco Grand Prix,R,MSC,38.0,10.0,clear_violation,286.0,42.0,136.32285999999999,100.0,0.33112599999999998,250,755
2021,Monaco Grand Prix,R,MSC,39.0,10.0,clear_violation,284.0,28.0,139.76474200000001,100.0,0.33423199999999997,248,742
2021,Portuguese Grand Prix,FP1,RIC,7.0,1.0,clear_violation,310.0,69.0,199.0445460000000,99.0,0.17527200000000001,129,736
2021,Portuguese Grand Prix,FP1,NOR,20.0,4.0,clear_violation,316.0,73.0,206.0860700000000,100.0,0.17458099999999999,125,716
2021,Portuguese Grand Prix,FP1,VET,25.0,1.0,clear_violation,298.0,72.0,197.4372850000000,100.0,0.21552900000000000,161,747
2021,Portuguese Grand Prix,FP1,VET,29.0,1.0,clear_violation,296.0,75.0,199.81078400000001,100.0,0.18724600000000000,138,737
2021,Portuguese Grand Prix,FP1,LAT,4.0,4.0,clear_violation,317.0,68.0,195.17808900000000,100.0,0.22902800000000001,172,751
2021,Portuguese Grand Prix,FP1,LAT,14.0,1.0,clear_violation,321.0,71.0,201.1876840000000,100.0,0.21763099999999999,158,726
2021,Portuguese Grand Prix,FP1,RAI,16.0,1.0,clear_violation,313.0,70.0,205.27751599999999,100.0,0.20334300000000000,146,718
2021,Portuguese Grand Prix,FP1,MAZ,15.0,4.0,clear_violation,314.0,62.0,189.0836920000000,100.0,0.22908600000000001,178,777
2021,Portuguese Grand Prix,FP1,MAZ,18.0,1.0,clear_violation,312.0,74.0,200.5578140000000,100.0,0.21603300000000000,159,736
2021,Portuguese Grand Prix,FP1,MAZ,22.0,1.0,clear_violation,293.0,73.0,191.8693450000000,100.0,0.22997400000000001,178,774
2021,Portuguese Grand Prix,FP1,MAZ,26.0,4.0,clear_violation,297.0,67.0,195.05290099999999,100.0,0.2318840000000000,176,759
2021,Portuguese Grand Prix,FP1,MAZ,27.0,4.0,clear_violation,297.0,72.0,195.4942590000000,100.0,0.2350600000000000,177,753
2021,Portuguese Grand Prix,FP1,MAZ,28.0,1.0,clear_violation,299.0,49.0,168.25576200000000,100.0,0.28832999999999998,252,874
2021,Portuguese Grand Prix,FP1,GAS,2.0,4.0,clear_violation,303.0,68.0,187.92084900000000,100.0,0.22092999999999999,171,774
2021,Portuguese Grand Prix,FP1,GAS,3.0,4.0,clear_violation,314.0,68.0,198.43173100000001,100.0,0.20680299999999999,152,735
2021,Portuguese Grand Prix,FP1,GAS,11.0,4.0,clear_violation,317.0,73.0,204.09343699999999,100.0,0.20362600000000000,146,717
2021,Portuguese Grand Prix,FP1,GAS,13.0,4.0,clear_violation,315.0,73.0,204.91734000000000,100.0,0.17415700000000001,124,712
2021,Portuguese Grand Prix,FP1,GAS,15.0,4.0,clear_violation,319.0,64.0,176.69013200000001,100.0,0.17533299999999999,145,827
2021,Portuguese Grand Prix,FP1,ALO,18.0,1.0,clear_violation,318.0,71.0,197.35367400000001,100.0,0.20777499999999999,155,746
2021,Portuguese Grand Prix,FP1,ALO,20.0,1.0,clear_violation,317.0,73.0,204.27595600000001,100.0,0.18421100000000001,133,722
2021,Portuguese Grand Prix,FP1,ALO,23.0,1.0,clear_violation,310.0,71.0,199.43838000000000,100.0,0.2891890000000000,214,740
2021,Portuguese Grand Prix,FP1,LEC,3.0,4.0,clear_violation,300.0,70.0,198.35063800000000,100.0,0.20408200000000001,150,735
2021,Portuguese Grand Prix,FP1,LEC,7.0,1.0,clear_violation,326.0,63.0,185.4426050000000,100.0,0.24015200000000000,189,787
2021,Portuguese Grand Prix,FP1,LEC,11.0,4.0,clear_violation,292.0,74.0,201.30650499999999,100.0,0.18044099999999999,131,726
2021,Portuguese Grand Prix,FP1,LEC,12.0,1.0,clear_violation,295.7083330,74.0,205.02954900000000,100.0,0.18513299999999999,132,713
2021,Portuguese Grand Prix,FP1,LEC,19.0,1.0,clear_violation,309.0,75.0,205.30922500000000,100.0,0.19386300000000001,139,717
2021,Portuguese Grand Prix,FP1,STR,4.0,4.0,clear_violation,320.0,66.0,198.15710500000000,100.0,0.22282600000000000,164,736
2021,Portuguese Grand Prix,FP1,TSU,11.0,4.0,clear_violation,314.0,69.0,203.05249499999999,100.0,0.17916699999999999,129,720
2021,Portuguese Grand Prix,FP1,MSC,22.0,4.0,clear_violation,295.0,70.0,193.94565299999999,100.0,0.21176500000000001,162,765
2021,Portuguese Grand Prix,FP1,SAI,2.0,4.0,clear_violation,298.0,72.0,191.24235999999999,100.0,0.22816200000000000,175,767
2021,Portuguese Grand Prix,FP1,SAI,4.0,4.0,clear_violation,297.0,72.0,200.98116500000000,100.0,0.20220099999999999,147,727
2021,Portuguese Grand Prix,FP1,SAI,25.0,1.0,clear_violation,312.0,71.0,193.4846310000000,100.0,0.20921100000000001,159,760
2021,Portuguese Grand Prix,FP1,RUS,24.0,1.0,clear_violation,307.0,72.0,199.63363200000001,100.0,0.20108699999999999,148,736
2021,Portuguese Grand Prix,FP1,BOT,27.0,1.0,clear_violation,314.0,74.0,201.4955100000000,100.0,0.1958900000000000,143,730
2021,Portuguese Grand Prix,FP1,ILO,17.0,1.0,clear_violation,316.0,74.0,201.99236700000000,100.0,0.2216140000000000,162,731
2021,Portuguese Grand Prix,FP2,RIC,18.0,1.0,clear_violation,314.0,67.0,190.7679140000000,99.0,0.15334200000000001,117,763
2021,Portuguese Grand Prix,FP2,NOR,20.0,1.0,clear_violation,288.0,70.0,196.75631200000001,100.0,0.1911170000000000,142,743
2021,Portuguese Grand Prix,FP2,VET,16.0,4.0,clear_violation,287.0,73.0,196.123506000000,100.0,0.20833299999999999,155,744
2021,Portuguese Grand Prix,FP2,RAI,7.0,1.0,clear_violation,314.0,55.0,179.60274300000000,100.0,0.21279200000000001,173,813
2021,Portuguese Grand Prix,FP2,RAI,13.0,4.0,clear_violation,315.0,71.0,191.2291320000000,100.0,0.21596899999999999,165,764
2021,Portuguese Grand Prix,FP2,MAZ,11.0,4.0,clear_violation,316.0,48.0,190.16794800000000,99.0,0.17639400000000000,136,771
2021,Portuguese Grand Prix,FP2,MAZ,13.0,1.0,clear_violation,313.0,74.0,202.17209500000001,100.0,0.22696000000000000,165,727
2021,Portuguese Grand Prix,FP2,MAZ,17.0,1.0,clear_violation,294.0,72.0,186.8830970000000,100.0,0.2337990000000000,184,787
2021,Portuguese Grand Prix,FP2,MAZ,20.0,1.0,clear_violation,292.0,70.0,191.19241600000001,100.0,0.22033900000000001,169,767
2021,Portuguese Grand Prix,FP2,MAZ,21.0,1.0,clear_violation,291.0,73.0,193.63626500000001,100.0,0.23841100000000001,180,755
2021,Portuguese Grand Prix,FP2,MAZ,22.0,1.0,clear_violation,292.0,73.0,191.17886400000000,100.0,0.24151400000000001,185,766
2021,Portuguese Grand Prix,FP2,MAZ,26.0,1.0,clear_violation,294.0,73.0,193.7491220000000,100.0,0.2370860000000000,179,755
2021,Portuguese Grand Prix,FP2,ALO,28.0,1.0,clear_violation,294.0,71.0,193.84556799999999,100.0,0.1848400000000000,139,752
2021,Portuguese Grand Prix,FP2,LEC,21.0,4.0,clear_violation,314.0,69.0,197.79777100000001,100.0,0.21603300000000000,159,736
2021,Portuguese Grand Prix,FP2,STR,18.0,4.0,clear_violation,313.0,69.0,197.70184800000001,100.0,0.2178620000000000,161,739
2021,Portuguese Grand Prix,FP2,STR,20.0,1.0,clear_violation,294.0499990000000,71.0,195.37267000000000,100.0,0.20481900000000000,153,747
2021,Portuguese Grand Prix,FP2,TSU,9.0,4.0,clear_violation,310.0,72.0,204.76763099999999,100.0,0.18207300000000001,130,714
2021,Portuguese Grand Prix,FP2,TSU,31.0,1.0,clear_violation,292.0,48.0,193.9567030000000,100.0,0.1809780000000000,137,757
2021,Portuguese Grand Prix,FP2,VER,19.0,4.0,clear_violation,296.0,70.0,195.64282000000000,100.0,0.2032300000000000,151,743
2021,Portuguese Grand Prix,FP2,VER,21.0,4.0,clear_violation,295.0,69.0,201.16215500000001,100.0,0.1793100000000000,130,725
2021,Portuguese Grand Prix,FP2,VER,22.0,1.0,clear_violation,298.0,71.0,201.01920300000000,100.0,0.17582400000000001,128,728
2021,Portuguese Grand Prix,FP2,HAM,22.0,1.0,clear_violation,300.0,75.0,196.94302700000000,100.0,0.1972970000000000,146,740
2021,Portuguese Grand Prix,FP2,HAM,27.0,1.0,clear_violation,320.0,74.0,200.20192000000000,100.0,0.20438999999999999,149,729
2021,Portuguese Grand Prix,FP2,MSC,10.0,1.0,clear_violation,316.0,65.0,182.043627000000,100.0,0.20248400000000000,163,805
2021,Portuguese Grand Prix,FP2,MSC,13.0,1.0,clear_violation,317.0,72.0,206.21509699999999,100.0,0.19859199999999999,141,710
2021,Portuguese Grand Prix,FP2,MSC,23.0,4.0,clear_violation,293.0,71.0,196.90899600000000,100.0,0.20967700000000000,156,744
2021,Portuguese Grand Prix,FP2,SAI,12.0,1.0,clear_violation,307.0,66.0,159.87817500000000,100.0,0.20546400000000001,188,915
2021,Portuguese Grand Prix,FP2,RUS,21.0,4.0,clear_violation,298.0,71.0,197.34499400000001,100.0,0.20270299999999999,150,740
2021,Portuguese Grand Prix,FP2,GIO,19.0,4.0,clear_violation,306.0,71.0,194.29698800000000,100.0,0.21571199999999999,162,751
2021,Portuguese Grand Prix,FP2,GIO,29.0,4.0,clear_violation,296.0,65.0,173.7832750000000,100.0,0.19474300000000000,163,837
2021,Portuguese Grand Prix,FP3,NOR,16.0,1.0,clear_violation,291.0,67.0,197.8690960000000,100.0,0.18860199999999999,139,737
2021,Portuguese Grand Prix,FP3,VET,10.0,1.0,clear_violation,315.0,71.0,208.75372200000001,100.0,0.19400899999999999,136,701
2021,Portuguese Grand Prix,FP3,VET,14.0,1.0,clear_violation,309.0,73.0,187.44365099999999,100.0,0.2092430000000000,163,779
2021,Portuguese Grand Prix,FP3,VET,15.0,1.0,clear_violation,312.0,75.0,208.61147700000001,100.0,0.20457800000000001,143,699
2021,Portuguese Grand Prix,FP3,RAI,2.0,1.0,clear_violation,314.0,69.0,171.71189100000001,100.0,0.19176499999999999,163,850
2021,Portuguese Grand Prix,FP3,RAI,23.0,1.0,clear_violation,300.0,68.0,201.03256600000000,100.0,0.2173310000000000,158,727
2021,Portuguese Grand Prix,FP3,MAZ,6.0,4.0,clear_violation,311.0,67.0,172.68812900000000,100.0,0.1772300000000000,151,852
2021,Portuguese Grand Prix,FP3,MAZ,7.0,1.0,clear_violation,315.0,77.0,202.85932500000001,99.0,0.21636600000000000,156,721
2021,Portuguese Grand Prix,FP3,MAZ,12.0,1.0,clear_violation,318.0,76.0,206.16845799999999,100.0,0.2028170000000000,144,710
2021,Portuguese Grand Prix,FP3,MAZ,14.0,4.0,clear_violation,320.0,73.0,207.55994699999999,100.0,0.19290800000000000,136,705
2021,Portuguese Grand Prix,FP3,MAZ,19.0,1.0,clear_violation,321.0,0.0,155.05494200000001,100.0,0.16719899999999999,157,939
2021,Portuguese Grand Prix,FP3,GAS,2.0,4.0,clear_violation,315.0,75.0,207.51901000000001,100.0,0.15647200000000000,110,703
2021,Portuguese Grand Prix,FP3,GAS,14.0,1.0,clear_violation,316.0,77.0,210.28274700000000,100.0,0.1774890000000000,123,693
2021,Portuguese Grand Prix,FP3,GAS,16.0,1.0,clear_violation,314.0,72.0,208.5430330000000,100.0,0.1657140000000000,116,700
2021,Portuguese Grand Prix,FP3,PER,15.0,1.0,clear_violation,316.0,66.0,189.2983070000000,100.0,0.21373100000000000,165,772
2021,Portuguese Grand Prix,FP3,ALO,11.0,1.0,clear_violation,320.0,77.0,212.36752100000001,100.0,0.19912800000000000,137,688
2021,Portuguese Grand Prix,FP3,ALO,14.0,1.0,clear_violation,315.0,57.0,186.20432400000001,100.0,0.2087070000000000,163,781
2021,Portuguese Grand Prix,FP3,STR,14.0,1.0,clear_violation,311.0,72.0,209.169914000000,100.0,0.2066000000000000,144,697
2021,Portuguese Grand Prix,FP3,HAM,6.0,1.0,clear_violation,318.0,62.0,192.74760900000001,100.0,0.23412700000000000,177,756
2021,Portuguese Grand Prix,FP3,HAM,20.0,1.0,clear_violation,308.0,36.0,168.43366900000001,100.0,0.27167599999999997,235,865
2021,Portuguese Grand Prix,FP3,MSC,20.0,4.0,clear_violation,323.0,74.0,189.8500300000000,100.0,0.1932560000000000,149,771
2021,Portuguese Grand Prix,FP3,SAI,16.0,1.0,clear_violation,310.0,77.0,210.07321400000001,100.0,0.1988470000000000,138,694
2021,Portuguese Grand Prix,FP3,SAI,22.0,4.0,clear_violation,312.0,75.0,197.18018499999999,100.0,0.21739100000000000,160,736
2021,Portuguese Grand Prix,Q,HAM,3.0,1.0,clear_violation,315.0,79.0,212.29253000000000,100.0,0.17732600000000001,122,688
2021,Portuguese Grand Prix,Q,VER,16.0,4.0,clear_violation,315.0,77.0,213.50884600000001,100.0,0.1774190000000000,121,682
2021,Portuguese Grand Prix,Q,LEC,3.0,4.0,clear_violation,313.0,58.0,173.44633700000000,100.0,0.19572999999999999,165,843
2021,Portuguese Grand Prix,Q,GAS,25.0,14.0,clear_violation,315.0,74.0,210.68589100000000,100.0,0.15129699999999999,105,694
2021,Portuguese Grand Prix,Q,RAI,4.0,4.0,clear_violation,322.0,70.0,207.38059500000000,100.0,0.20141800000000001,142,705
2021,Portuguese Grand Prix,Q,RAI,12.0,1.0,clear_violation,314.0,62.0,192.74146800000000,100.0,0.2134390000000000,162,759
2021,Portuguese Grand Prix,Q,MAZ,5.0,1.0,clear_violation,317.0,72.0,205.0212410000000,100.0,0.19241600000000000,137,712
2021,Portuguese Grand Prix,R,GAS,30.0,4.0,clear_violation,299.0,73.0,200.6300190000000,100.0,0.1878450000000000,136,724
2021,Portuguese Grand Prix,R,GAS,34.0,1.0,clear_violation,299.0,71.0,197.79689099999999,100.0,0.19645299999999999,144,733
2021,Portuguese Grand Prix,R,GAS,39.0,1.0,clear_violation,298.0,73.0,200.60668899999999,100.0,0.18333300000000000,132,720
2021,Portuguese Grand Prix,R,ALO,29.0,1.0,clear_violation,296.0,73.0,200.10695300000000,100.0,0.20495200000000000,149,727
2021,Portuguese Grand Prix,R,ALO,40.0,1.0,clear_violation,297.0,70.0,189.66821500000000,100.0,0.23468100000000000,180,767
2021,Portuguese Grand Prix,R,STR,19.0,1.0,clear_violation,296.0,72.0,197.96837600000001,100.0,0.2053070000000000,147,716
2021,Portuguese Grand Prix,R,TSU,10.0,4.0,clear_violation,323.0,69.0,194.26127800000000,100.0,0.2527620000000000,183,724
2021,Portuguese Grand Prix,R,TSU,11.0,1.0,clear_violation,336.0,69.0,196.7908510000000,100.0,0.2476320000000000,183,739
2021,Portuguese Grand Prix,R,VER,24.0,4.0,clear_violation,323.0,68.0,201.4809440000000,100.0,0.21823200000000001,158,724
2021,Portuguese Grand Prix,R,VER,66.0,14.0,clear_violation,298.0,73.0,209.56403900000001,100.0,0.20600900000000000,144,699
2021,Portuguese Grand Prix,R,NOR,18.0,4.0,clear_violation,292.0,74.0,199.48643300000001,100.0,0.19562199999999999,143,731
2021,Portuguese Grand Prix,R,MSC,11.0,1.0,clear_violation,328.0,67.0,195.96937500000001,100.0,0.26273500000000000,196,746
2021,Portuguese Grand Prix,R,MSC,25.0,1.0,clear_violation,305.0,69.0,194.48553799999999,100.0,0.22811699999999999,172,754
2021,Portuguese Grand Prix,R,VET,26.0,1.0,clear_violation,300.1666690,71.0,200.2610210000000,100.0,0.20713300000000001,151,729
2021,Portuguese Grand Prix,R,VET,56.0,1.0,clear_violation,297.33750099999997,68.0,199.73297600000001,100.0,0.22359399999999999,163,729
2021,Portuguese Grand Prix,R,LAT,30.0,1.0,clear_violation,335.0,69.0,197.876279000000,100.0,0.25271700000000002,186,736
2021,Portuguese Grand Prix,R,MAZ,8.0,1.0,clear_violation,312.0,60.0,188.9305960000000,99.0,0.27648600000000001,214,774
2021,Portuguese Grand Prix,R,MAZ,12.0,1.0,clear_violation,306.0,70.0,195.53615300000001,100.0,0.24161099999999999,180,745
2021,Portuguese Grand Prix,R,RAI,2.0,,no_advantage,309.8,0.0,18.45399100000000,104.0,0.5148970000000000,674,1309
2021,Pre-Season Test,FP1,RIC,3.0,9.0,clear_violation,323.0,74.0,200.46169399999999,100.0,0.16764399999999999,143,853
2021,Pre-Season Test,FP1,RIC,4.0,9.0,clear_violation,269.0,62.0,146.96823100000000,99.0,0.09527900000000000,111,1165
2021,Pre-Season Test,FP1,RIC,11.0,19.0,clear_violation,321.0,74.0,203.7474350000000,99.0,0.178359000000000,150,841
2021,Pre-Season Test,FP1,NOR,10.0,19.0,clear_violation,318.0,64.0,199.9073920000000,100.0,0.16996500000000000,146,859
2021,Pre-Season Test,FP1,VET,8.0,9.0,clear_violation,320.0,72.0,203.56882500000000,100.0,0.187872000000000,158,841
2021,Pre-Season Test,FP1,RAI,2.0,9.0,clear_violation,321.0,72.0,196.58371399999999,100.0,0.1791040000000000,156,871
2021,Pre-Season Test,FP1,MAZ,6.0,19.0,clear_violation,318.0,45.0,191.7638090000000,100.0,0.21651799999999999,194,896
2021,Pre-Season Test,FP1,MAZ,8.0,19.0,clear_violation,318.0,72.0,193.9331760000000,100.0,0.2395010000000000,211,881
2021,Pre-Season Test,FP1,MAZ,14.0,19.0,clear_violation,299.0,69.0,186.18784700000000,100.0,0.2210180000000000,204,923
2021,Pre-Season Test,FP1,GAS,3.0,9.0,clear_violation,317.0,74.0,199.61844500000001,100.0,0.15906400000000001,136,855
2021,Pre-Season Test,FP1,PER,5.0,9.0,clear_violation,314.0,55.0,168.63180800000001,100.0,0.16683100000000001,169,1013
2021,Pre-Season Test,FP1,PER,6.0,9.0,clear_violation,317.0,69.0,193.83004099999999,100.0,0.19004499999999999,168,884
2021,Pre-Season Test,FP1,PER,11.0,19.0,clear_violation,315.0,73.0,204.5574290000000,100.0,0.15990499999999999,134,838
2021,Pre-Season Test,FP1,PER,14.0,9.0,clear_violation,295.0,73.0,192.59563199999999,100.0,0.1732280000000000,154,889
2021,Pre-Season Test,FP1,PER,16.0,19.0,clear_violation,296.0,71.0,192.09720400000000,100.0,0.1840630000000000,164,891
2021,Pre-Season Test,FP1,STR,4.0,9.0,clear_violation,316.0,70.0,199.20260900000000,100.0,0.2202800000000000,189,858
2021,Pre-Season Test,FP1,STR,13.0,9.0,clear_violation,320.0,74.0,200.95307299999999,100.0,0.23294100000000001,198,850
2021,Pre-Season Test,FP1,TSU,11.0,19.0,clear_violation,316.0,70.0,201.43414100000001,100.0,0.16998800000000000,145,853
2021,Pre-Season Test,FP1,TSU,14.0,19.0,clear_violation,316.0,73.0,201.35389499999999,100.0,0.16470599999999999,140,850
2021,Pre-Season Test,FP1,TSU,21.0,19.0,clear_violation,323.0,67.0,188.50287700000001,100.0,0.19800899999999999,179,904
2021,Pre-Season Test,FP1,OCO,4.0,9.0,clear_violation,313.0,74.0,198.60908000000001,100.0,0.20069600000000001,173,862
2021,Pre-Season Test,FP1,OCO,16.0,9.0,clear_violation,311.0,73.0,201.99008799999999,100.0,0.18632099999999999,158,848
2021,Pre-Season Test,FP1,VER,13.0,19.0,clear_violation,295.0,66.0,190.24769400000000,100.0,0.18090999999999999,163,901
2021,Pre-Season Test,FP1,SAI,7.0,19.0,clear_violation,318.0,73.0,201.3489680000000,100.0,0.17116100000000001,146,853
2021,Pre-Season Test,FP1,MAZ,10.0,19.0,no_advantage,290.0,0.0,31.80187300000000,104.0,0.710292000000000,3837,5402
2021,Pre-Season Test,FP2,VET,7.0,19.0,clear_violation,293.0,76.0,192.92089500000000,100.0,0.17249200000000001,153,887
2021,Pre-Season Test,FP2,VET,25.0,9.0,clear_violation,297.0,70.0,191.65361100000001,100.0,0.1912630000000000,162,847
2021,Pre-Season Test,FP2,LAT,2.0,19.0,clear_violation,317.0,75.0,199.21232400000000,100.0,0.1916380000000000,165,861
2021,Pre-Season Test,FP2,RAI,20.0,9.0,clear_violation,328.0,66.0,191.55413300000001,100.0,0.22732600000000000,193,849
2021,Pre-Season Test,FP2,RAI,22.0,19.0,clear_violation,301.0,69.0,190.75461300000001,100.0,0.20410500000000001,179,877
2021,Pre-Season Test,FP2,RAI,24.0,9.0,clear_violation,301.0,68.0,191.15133000000000,100.0,0.203125,182,896
2021,Pre-Season Test,FP2,MAZ,4.0,19.0,clear_violation,326.0,75.0,198.46627899999999,100.0,0.22092999999999999,190,860
2021,Pre-Season Test,FP2,MAZ,6.0,19.0,clear_violation,321.0,73.0,196.97698399999999,100.0,0.20967700000000000,182,868
2021,Pre-Season Test,FP2,MAZ,16.0,19.0,clear_violation,298.0,69.0,189.50171399999999,100.0,0.225,198,880
2021,Pre-Season Test,FP2,MAZ,19.0,19.0,clear_violation,298.0,64.0,184.20763500000001,100.0,0.18427199999999999,157,852
2021,Pre-Season Test,FP2,GAS,22.0,19.0,clear_violation,297.0,65.0,188.9104680000000,100.0,0.17062099999999999,151,885
2021,Pre-Season Test,FP2,PER,22.0,9.0,clear_violation,295.0,73.0,189.8944580000000,100.0,0.19322000000000000,171,885
2021,Pre-Season Test,FP2,ALO,2.0,9.0,clear_violation,324.0,76.0,203.79134199999999,100.0,0.18214300000000000,153,840
2021,Pre-Season Test,FP2,LEC,5.0,9.0,clear_violation,320.0,77.0,203.16409200000001,100.0,0.1876480000000000,158,842
2021,Pre-Season Test,FP2,LEC,11.0,19.0,clear_violation,319.0,75.0,204.21995899999999,100.0,0.1923540000000000,161,837
2021,Pre-Season Test,FP2,LEC,16.0,9.0,clear_violation,299.0,70.0,193.4684350000000,100.0,0.22716600000000001,194,854
2021,Pre-Season Test,FP2,STR,15.0,19.0,clear_violation,296.0,69.0,190.5166190000000,100.0,0.17633900000000000,158,896
2021,Pre-Season Test,FP2,TSU,10.0,19.0,clear_violation,316.0,72.0,202.57946699999999,100.0,0.1621300000000000,137,845
2021,Pre-Season Test,FP2,TSU,18.0,19.0,clear_violation,297.0,68.0,189.36423099999999,100.0,0.16878599999999999,146,865
2021,Pre-Season Test,FP2,TSU,19.0,9.0,clear_violation,298.0,67.0,189.54148900000001,100.0,0.1724140000000000,150,870
2021,Pre-Season Test,FP2,OCO,19.0,9.0,clear_violation,298.0,68.0,188.37060600000001,100.0,0.19693400000000000,167,848
2021,Pre-Season Test,FP2,HAM,7.0,19.0,clear_violation,319.0,75.0,206.86861999999999,100.0,0.1717050000000000,142,827
2021,Pre-Season Test,FP2,MSC,2.0,19.0,clear_violation,326.0,75.0,200.10402700000000,100.0,0.20023400000000000,171,854
2021,Pre-Season Test,FP2,BOT,20.0,9.0,clear_violation,322.0,67.0,188.2295850000000,100.0,0.2324770000000000,199,856
2021,Pre-Season Test,FP2,VER,3.0,20.0,no_advantage,265.0,51.0,138.66575499999999,100.0,0.21634999999999999,262,1211
2021,Pre-Season Test,FP2,MSC,3.0,1.0,no_advantage,284.0,50.0,123.4820360000000,100.0,0.13497799999999999,186,1378
2021,Pre-Season Test,FP2,OCO,5.0,1.0,no_advantage,269.0,56.0,121.75870399999999,100.0,0.08267400000000000,115,1391
2021,Pre-Season Test,FP2,NOR,4.0,11.0,no_advantage,270.0,48.0,129.86846000000000,100.0,0.10698000000000001,141,1318
2021,Pre-Season Test,FP3,RAI,10.0,9.0,clear_violation,321.0,70.0,202.13151900000000,100.0,0.18779899999999999,157,836
2021,Pre-Season Test,FP3,RAI,19.0,9.0,clear_violation,321.0,68.0,202.33074199999999,100.0,0.19008300000000000,161,847
2021,Pre-Season Test,FP3,MAZ,2.0,19.0,clear_violation,317.0,69.0,198.7663140000000,100.0,0.20465100000000000,176,860
2021,Pre-Season Test,FP3,MAZ,9.0,9.0,clear_violation,318.0,70.0,201.41573800000000,100.0,0.20588200000000001,175,850
2021,Pre-Season Test,FP3,MAZ,12.0,19.0,clear_violation,319.0,68.0,201.63304500000001,100.0,0.20848100000000000,177,849
2021,Pre-Season Test,FP3,GAS,4.0,9.0,clear_violation,322.0,70.0,203.0217710000000,100.0,0.15840399999999999,131,827
2021,Pre-Season Test,FP3,LEC,10.0,19.0,clear_violation,320.0,74.0,205.61654999999999,100.0,0.1872750000000000,156,833
2021,Pre-Season Test,FP3,STR,2.0,9.0,clear_violation,312.0,75.0,201.93400500000001,100.0,0.1975610000000000,162,820
2021,Pre-Season Test,FP3,TSU,2.0,9.0,clear_violation,312.0,64.0,200.10856600000000,100.0,0.16090599999999999,135,839
2021,Pre-Season Test,FP3,VER,9.0,19.0,clear_violation,315.0,73.0,208.014925000000,100.0,0.16990300000000000,140,824
2021,Pre-Season Test,FP3,HAM,12.0,9.0,clear_violation,318.0,73.0,207.63709299999999,100.0,0.1709090000000000,141,825
2021,Pre-Season Test,FP3,MSC,12.0,19.0,clear_violation,318.0,73.0,195.19181900000001,100.0,0.20159500000000000,177,878
2021,Pre-Season Test,FP3,BOT,2.0,19.0,clear_violation,312.0,74.0,205.5698850000000,100.0,0.17396600000000001,143,822
2021,Pre-Season Test,Q,PER,8.0,19.0,clear_violation,318.0,72.0,208.3117160000000,100.0,0.1652590000000000,137,829
2021,Pre-Season Test,Q,RIC,5.0,9.0,clear_violation,324.0,73.0,207.74397800000000,99.0,0.16726800000000000,139,831
2021,Pre-Season Test,Q,RUS,10.0,9.0,clear_violation,322.0,73.0,205.04929999999999,100.0,0.20546300000000001,173,842
2021,Pre-Season Test,Q,STR,4.0,19.0,clear_violation,318.0,75.0,203.9299810000000,100.0,0.20451800000000001,172,841
2021,Pre-Season Test,Q,RAI,3.0,19.0,clear_violation,326.0,72.0,203.6564650000000,100.0,0.1869050000000000,157,840
2021,Pre-Season Test,Q,MAZ,2.0,19.0,clear_violation,320.0,71.0,200.26716099999999,100.0,0.20960200000000001,179,854
2021,Pre-Season Test,Q,MAZ,8.0,3.0,no_advantage,292.0,66.0,159.69818500000000,100.0,0.190253000000000,203,1067
2021,Pre-Season Test,Q,MAZ,8.0,15.0,no_advantage,292.0,66.0,159.69818500000000,100.0,0.190253000000000,203,1067
2021,Pre-Season Test,R,VER,4.0,19.0,clear_violation,319.0,69.0,193.44980799999999,100.0,0.20457100000000000,179,875
2021,Pre-Season Test,R,PER,13.0,19.0,clear_violation,296.0,0.0,161.28638599999999,100.0,0.21246499999999999,225,1059
2021,Pre-Season Test,R,TSU,11.0,9.0,clear_violation,316.0,66.0,191.43069600000001,100.0,0.1858900000000000,166,893
2021,Pre-Season Test,R,VET,51.0,19.0,clear_violation,292.0,67.0,192.99175800000000,100.0,0.20180400000000001,179,887
2021,Pre-Season Test,R,VET,55.0,19.0,clear_violation,295.0,69.0,192.98433199999999,100.0,0.18693699999999999,166,888
2021,Pre-Season Test,R,GIO,28.0,9.0,clear_violation,302.0,72.0,194.5346510000000,100.0,0.20477799999999999,180,879
2021,Pre-Season Test,R,STR,21.0,9.0,clear_violation,295.0,65.0,189.8663220000000,100.0,0.2073170000000000,187,902
2021,Pre-Season Test,R,STR,29.0,9.0,clear_violation,327.0,62.0,188.88684499999999,100.0,0.23756900000000000,215,905
2021,Pre-Season Test,R,STR,47.0,9.0,clear_violation,296.0,63.0,193.10662900000000,100.0,0.21016899999999999,186,885
2021,Pre-Season Test,R,RAI,13.0,9.0,clear_violation,306.0,0.0,159.69748999999999,100.0,0.2469600000000000,264,1069
2021,Pre-Season Test,R,RAI,16.0,1.0,clear_violation,313.0,64.0,188.62101799999999,100.0,0.23730699999999999,215,906
2021,Pre-Season Test,R,RAI,33.0,19.0,clear_violation,340.0,55.0,189.95051699999999,100.0,0.24496599999999999,219,894
2021,Pre-Season Test,R,RAI,40.0,19.0,clear_violation,311.0,67.0,192.09356099999999,100.0,0.22947100000000001,204,889
2021,Pre-Season Test,R,RUS,14.0,19.0,clear_violation,297.0,69.0,188.48061200000001,100.0,0.22932700000000000,208,907
2021,Pre-Season Test,R,RUS,40.0,9.0,clear_violation,299.0,69.0,191.2579910000000,100.0,0.20693500000000001,185,894
2021,Pre-Season Test,R,LAT,55.0,9.0,clear_violation,302.0,66.0,188.4225020000000,100.0,0.2,181,905
2021,Pre-Season Test,R,MSC,46.0,19.0,clear_violation,300.0,67.0,192.21241000000001,100.0,0.20604700000000001,184,893
2021,Pre-Season Test,R,MAZ,5.0,19.0,clear_violation,298.0,67.0,186.87236200000001,100.0,0.22417599999999999,204,910
2021,Pre-Season Test,R,MAZ,30.0,19.0,clear_violation,323.0,70.0,180.99150599999999,100.0,0.24050600000000000,228,948
2021,Pre-Season Test,R,MAZ,39.0,9.0,clear_violation,298.0,63.0,184.2659270000000,100.0,0.2623660000000000,244,930
2021,Pre-Season Test,R,OCO,6.0,1.0,clear_violation,297.0,67.0,186.68049500000001,100.0,0.2050160000000000,188,917
2021,Pre-Season Test,R,GAS,11.0,9.0,clear_violation,308.0,0.0,159.47015900000000,100.0,0.20709000000000000,222,1072
2021,Qatar Grand Prix,FP1,MSC,20.0,7.0,no_advantage,298.0,85.0,212.90444199999999,100.0,0.15295600000000001,119,778
2021,Qatar Grand Prix,FP2,RIC,18.0,2.0,clear_violation,295.5428570000000,84.0,211.25083699999999,99.0,0.14463799999999999,116,802
2021,Qatar Grand Prix,FP2,NOR,21.0,2.0,clear_violation,298.0,86.0,215.85757599999999,100.0,0.16178300000000001,127,785
2021,Qatar Grand Prix,FP2,ALO,18.0,7.0,clear_violation,296.0,89.0,218.6347340000000,100.0,0.1511630000000000,117,774
2021,Qatar Grand Prix,FP2,ALO,21.0,7.0,clear_violation,322.0,38.0,187.77569800000001,100.0,0.1915370000000000,172,898
2021,Qatar Grand Prix,FP2,LEC,13.0,8.0,clear_violation,310.0,94.0,224.6440510000000,100.0,0.142668000000000,108,757
2021,Qatar Grand Prix,FP2,LEC,21.0,7.0,clear_violation,302.0,90.0,215.7420460000000,100.0,0.1692110000000000,133,786
2021,Qatar Grand Prix,FP2,STR,6.0,16.0,clear_violation,313.0,96.0,228.94797600000001,100.0,0.19350500000000001,143,739
2021,Qatar Grand Prix,FP2,RUS,6.0,2.0,clear_violation,320.0,98.0,227.404584000000,100.0,0.13672899999999999,102,746
2021,Qatar Grand Prix,FP2,BOT,10.0,7.0,clear_violation,312.0,103.0,233.37259800000001,100.0,0.12534400000000001,91,726
2021,Qatar Grand Prix,FP2,BOT,18.0,7.0,clear_violation,293.0,84.0,219.22891100000001,100.0,0.13730600000000001,106,772
2021,Qatar Grand Prix,FP2,GAS,9.0,16.0,no_advantage,310.0,64.0,223.1923050000000,100.0,0.14154700000000001,108,763
2021,Qatar Grand Prix,FP3,GAS,8.0,16.0,clear_violation,320.0,96.0,234.65116800000001,100.0,0.12465400000000000,90,722
2021,Qatar Grand Prix,FP3,LEC,16.0,16.0,clear_violation,326.0,101.0,226.99089100000000,100.0,0.14152200000000001,106,749
2021,Qatar Grand Prix,FP3,STR,12.0,16.0,clear_violation,321.0,101.0,227.47342399999999,100.0,0.17804600000000001,133,747
2021,Qatar Grand Prix,FP3,TSU,19.0,2.0,clear_violation,320.0,96.0,229.4785830000000,100.0,0.12280700000000000,91,741
2021,Qatar Grand Prix,FP3,OCO,14.0,2.0,clear_violation,327.0,100.0,232.89206100000001,100.0,0.14188300000000001,104,733
2021,Qatar Grand Prix,FP3,PER,2.0,15.0,no_advantage,320.0,103.0,229.69548300000000,100.0,0.12330600000000000,91,738
2021,Qatar Grand Prix,FP3,NOR,8.0,15.0,no_advantage,317.5750010000000,57.0,163.00685700000000,100.0,0.13102100000000000,136,1038
2021,Qatar Grand Prix,FP3,LEC,16.0,16.0,no_advantage,326.0,101.0,226.99089100000000,100.0,0.14152200000000001,106,749
2021,Qatar Grand Prix,Q,NOR,4.0,16.0,clear_violation,329.0,100.0,234.09566599999999,100.0,0.1092440000000000,78,714
2021,Qatar Grand Prix,Q,LEC,5.0,16.0,clear_violation,327.0,99.0,233.80668900000001,100.0,0.13426600000000000,96,715
2021,Qatar Grand Prix,Q,MSC,2.0,2.0,clear_violation,320.0,96.0,230.16701699999999,100.0,0.15675700000000001,116,740
2021,Qatar Grand Prix,Q,TSU,2.0,1.0,no_advantage,321.0,99.0,234.44282000000001,100.0,0.11095500000000000,79,712
2021,Qatar Grand Prix,R,GAS,3.0,16.0,clear_violation,306.0,88.0,212.8155020000000,100.0,0.15510699999999999,123,793
2021,Qatar Grand Prix,R,GAS,4.0,16.0,clear_violation,310.0,90.0,212.04293000000001,100.0,0.17587900000000001,140,796
2021,Qatar Grand Prix,R,ALO,29.0,2.0,clear_violation,300.0,92.0,215.1915200000000,100.0,0.14885000000000001,110,739
2021,Qatar Grand Prix,R,OCO,47.0,2.0,clear_violation,301.0,88.0,217.58111400000001,100.0,0.1956240000000000,152,777
2021,Qatar Grand Prix,R,VET,10.0,16.0,clear_violation,329.0,86.0,213.31258800000001,100.0,0.19416200000000000,153,788
2021,Qatar Grand Prix,R,VET,11.0,16.0,clear_violation,326.0,87.0,210.8588920000000,100.0,0.21246799999999999,167,786
2021,Qatar Grand Prix,R,GIO,49.0,16.0,clear_violation,335.0,91.0,217.9832320000000,100.0,0.20486599999999999,160,781
2021,Qatar Grand Prix,R,GIO,50.0,16.0,clear_violation,328.0,95.0,220.14974100000001,100.0,0.1896550000000000,143,754
2021,Qatar Grand Prix,R,STR,7.0,15.0,no_advantage,337.0,88.0,209.60881300000000,100.0,0.2544760000000000,199,782
2021,Qatar Grand Prix,R,BOT,32.0,7.0,no_advantage,303.0,94.0,220.16059000000001,100.0,0.14702000000000001,111,755
2021,Russian Grand Prix,FP1,RAI,8.0,2.0,clear_violation,310.0,67.0,179.84234799999999,100.0,0.18405500000000000,187,1016
2021,Russian Grand Prix,FP1,GAS,9.0,2.0,clear_violation,311.0,71.0,169.40320100000000,100.0,0.1872100000000000,202,1079
2021,Russian Grand Prix,FP1,GIO,5.0,2.0,clear_violation,313.0,66.0,155.036858000000,100.0,0.22259999999999999,262,1177
2021,Russian Grand Prix,FP1,RAI,2.0,13.0,no_advantage,326.0,70.0,204.79947000000001,100.0,0.18925000000000000,169,893
2021,Russian Grand Prix,FP1,MAZ,2.0,4.0,no_advantage,321.0,87.0,203.08719900000000,100.0,0.21714900000000001,195,898
2021,Russian Grand Prix,FP1,NOR,16.0,10.0,no_advantage,266.0,79.0,158.03233399999999,100.0,0.13487099999999999,152,1127
2021,Russian Grand Prix,FP1,GIO,21.0,13.0,no_advantage,300.0,92.0,202.11484600000000,100.0,0.1836280000000000,166,904
2021,Russian Grand Prix,FP2,PER,19.0,2.0,clear_violation,307.0,83.0,198.93250200000000,100.0,0.1936540000000000,177,914
2021,Russian Grand Prix,FP2,PER,6.0,14.0,no_advantage,318.0,44.0,190.9716200000000,100.0,0.15961900000000001,151,946
2021,Russian Grand Prix,FP2,HAM,14.0,7.0,no_advantage,299.0,0.0,151.5469420000000,104.0,0.23980000000000001,288,1201
2021,Russian Grand Prix,FP2,VET,17.0,7.0,no_advantage,296.0,98.0,207.8428300000000,100.0,0.18036500000000000,158,876
2021,Russian Grand Prix,Q,NOR,7.0,2.0,clear_violation,294.0,56.0,174.68129500000001,100.0,0.2260540000000000,236,1044
2021,Russian Grand Prix,Q,HAM,5.0,2.0,clear_violation,307.0,76.0,161.65025000000000,100.0,0.303887000000000,344,1132
2021,Russian Grand Prix,Q,BOT,11.0,2.0,clear_violation,300.0,38.0,170.74699000000001,100.0,0.20448200000000000,219,1071
2021,Russian Grand Prix,Q,BOT,4.0,10.0,no_advantage,296.0,37.0,157.24101700000000,100.0,0.23281800000000000,271,1164
2021,Russian Grand Prix,Q,STR,5.0,10.0,no_advantage,302.0,43.0,158.22909899999999,100.0,0.23097100000000001,264,1143
2021,Russian Grand Prix,Q,LAT,10.0,13.0,no_advantage,287.0,47.0,140.6118540000000,100.0,0.22552200000000000,281,1246
2021,Russian Grand Prix,Q,TSU,14.0,4.0,no_advantage,307.0,81.0,192.85175599999999,100.0,0.1853810000000000,175,944
2021,Russian Grand Prix,Q,VET,18.0,7.0,no_advantage,281.0,44.0,147.22435500000000,100.0,0.275750000000000,340,1233
2021,Russian Grand Prix,Q,PER,21.0,5.0,no_advantage,277.0,40.0,164.03445099999999,100.0,0.26320600000000000,289,1098
2021,Russian Grand Prix,Q,PER,24.0,15.0,no_advantage,273.0,54.0,152.62527299999999,100.0,0.2805820000000000,328,1169
2021,Russian Grand Prix,R,BOT,40.0,2.0,clear_violation,336.0,60.0,205.67320000000001,100.0,0.22339200000000001,191,855
2021,Russian Grand Prix,R,RUS,19.0,2.0,clear_violation,309.0,90.0,204.38874300000001,100.0,0.18497800000000000,165,892
2021,Russian Grand Prix,R,MSC,4.0,2.0,clear_violation,330.0,84.0,199.43647000000001,100.0,0.19344300000000000,177,915
2021,Saudi Arabian Grand Prix,FP1,VER,18.0,11.0,no_advantage,304.7541660,0.0,74.55586700000001,104.0,0.2526070000000000,654,2589
2021,Saudi Arabian Grand Prix,FP2,PER,1.0,4.0,no_advantage,298.4416670,27.0,149.77785000000000,100.0,0.23785999999999999,289,1215
2021,Saudi Arabian Grand Prix,FP2,VER,1.0,8.0,no_advantage,300.85000100000002,29.0,169.16139600000000,100.0,0.22077900000000000,238,1078
2021,Saudi Arabian Grand Prix,FP2,PER,4.0,2.0,no_advantage,308.0,55.0,157.30005399999999,100.0,0.16871400000000000,206,1221
2021,Saudi Arabian Grand Prix,FP2,GAS,5.0,2.0,no_advantage,312.0,66.0,163.73823200000001,100.0,0.09641600000000000,113,1172
2021,Saudi Arabian Grand Prix,FP2,GAS,10.0,8.0,no_advantage,320.0,93.0,243.85498999999999,100.0,0.09367100000000000,74,790
2021,Saudi Arabian Grand Prix,FP2,LEC,14.0,8.0,no_advantage,312.0,67.0,152.68838900000000,100.0,0.162291000000000,204,1257
2021,Saudi Arabian Grand Prix,FP2,ALO,14.0,5.0,no_advantage,298.0,90.0,231.4500260000000,100.0,0.11571300000000000,95,821
2021,Saudi Arabian Grand Prix,FP2,MSC,13.0,23.0,no_advantage,310.0,85.0,231.26152200000001,100.0,0.12077300000000001,100,828
2021,Saudi Arabian Grand Prix,FP2,VET,19.0,11.0,no_advantage,298.0,91.0,218.90872600000000,100.0,0.14840200000000001,130,876
2021,Saudi Arabian Grand Prix,FP3,HAM,4.0,1.0,no_advantage,308.0,66.0,144.4806930000000,100.0,0.14681600000000000,196,1335
2021,Saudi Arabian Grand Prix,Q,SAI,11.0,4.0,clear_violation,323.0,89.0,243.77941899999999,100.0,0.1379750000000000,109,790
2021,Saudi Arabian Grand Prix,Q,BOT,17.0,17.0,no_advantage,302.33749999999998,0.0,32.6063350000000,104.0,0.6966700000000000,4079,5855
2021,Saudi Arabian Grand Prix,R,STR,3.0,7.0,no_advantage,316.0,84.0,221.04796500000000,100.0,0.20391699999999999,177,868
2021,Saudi Arabian Grand Prix,R,OCO,6.0,,no_advantage,307.0,83.0,229.76618300000001,100.0,0.13189400000000001,110,834
2021,Saudi Arabian Grand Prix,R,VET,42.0,4.0,no_advantage,303.0,89.0,233.20929000000001,100.0,0.1299640000000000,108,831
2021,Spanish Grand Prix,FP1,LEC,16.0,2.0,clear_violation,314.0,67.0,178.28321900000000,100.0,0.19757600000000000,163,825
2021,Spanish Grand Prix,FP1,SAI,15.0,2.0,clear_violation,291.0,53.0,152.16698000000000,100.0,0.16563100000000000,160,966
2021,Spanish Grand Prix,FP1,MAZ,1.0,7.0,no_advantage,278.0,74.0,152.2863490000000,100.0,0.206858000000000,187,904
2021,Spanish Grand Prix,FP1,HAM,8.0,2.0,no_advantage,305.0,57.0,146.85093400000000,100.0,0.1815450000000000,181,997
2021,Spanish Grand Prix,FP1,SAI,14.0,2.0,no_advantage,311.0,83.0,209.05558099999999,100.0,0.17354200000000000,122,703
2021,Spanish Grand Prix,FP1,LEC,15.0,2.0,no_advantage,318.0,42.0,152.73373500000000,100.0,0.17445500000000000,168,963
2021,Spanish Grand Prix,FP1,SAI,16.0,13.0,no_advantage,314.0,57.0,189.68260300000000,100.0,0.17616599999999999,136,772
2021,Spanish Grand Prix,FP2,LEC,5.0,2.0,no_advantage,305.0,58.0,142.15416200000001,100.0,0.16454500000000000,168,1021
2021,Spanish Grand Prix,FP3,RIC,5.0,13.0,no_advantage,297.0,77.0,166.5721400000000,99.0,0.07577500000000000,66,871
2021,Spanish Grand Prix,FP3,RAI,12.0,13.0,no_advantage,298.0,45.0,127.35568200000000,100.0,0.22869600000000001,263,1150
2021,Spanish Grand Prix,FP3,NOR,11.0,10.0,no_advantage,294.0,62.0,133.4800800000000,99.0,0.08462200000000000,93,1099
2021,Spanish Grand Prix,Q,STR,3.0,13.0,no_advantage,298.0,69.0,172.61257300000000,100.0,0.22340399999999999,189,846
2021,Spanish Grand Prix,R,ALO,11.0,2.0,clear_violation,316.0,81.0,190.6054400000000,100.0,0.21586500000000000,166,769
2021,Spanish Grand Prix,R,STR,60.0,2.0,clear_violation,336.0,78.0,191.3694050000000,100.0,0.2747400000000000,211,768
2021,Spanish Grand Prix,R,MAZ,5.0,2.0,clear_violation,340.0,78.0,192.5384910000000,100.0,0.23087099999999999,175,758
2021,Styrian Grand Prix,FP1,NOR,16.0,10.0,clear_violation,315.0,65.0,232.1018620000000,100.0,0.15042700000000001,88,585
2021,Styrian Grand Prix,FP1,NOR,20.0,10.0,clear_violation,284.0,68.0,218.0657430000000,100.0,0.15620000000000001,97,621
2021,Styrian Grand Prix,FP1,NOR,21.0,10.0,clear_violation,289.0,65.0,218.89704399999999,99.0,0.1766610000000000,109,617
2021,Styrian Grand Prix,FP1,NOR,27.0,10.0,clear_violation,292.0,64.0,217.94497300000000,99.0,0.14862700000000001,92,619
2021,Styrian Grand Prix,FP1,NOR,28.0,10.0,clear_violation,297.0,63.0,218.10291500000000,99.0,0.18578400000000000,115,619
2021,Styrian Grand Prix,FP1,NOR,29.0,10.0,clear_violation,293.0,61.0,218.5530800000000,99.0,0.17447499999999999,108,619
2021,Styrian Grand Prix,FP1,MAZ,11.0,9.0,clear_violation,314.0,62.0,226.0605120000000,100.0,0.18833300000000000,113,600
2021,Styrian Grand Prix,FP1,MAZ,18.0,9.0,clear_violation,291.0,63.0,214.09872100000001,100.0,0.1795280000000000,114,635
2021,Styrian Grand Prix,FP1,GAS,7.0,10.0,clear_violation,316.0,67.0,231.31727000000001,100.0,0.16184000000000001,95,587
2021,Styrian Grand Prix,FP1,GAS,17.0,10.0,clear_violation,313.0,67.0,233.34227899999999,100.0,0.15025900000000000,87,579
2021,Styrian Grand Prix,FP1,ALO,9.0,9.0,clear_violation,315.0,68.0,230.50438800000001,100.0,0.13582300000000000,80,589
2021,Styrian Grand Prix,FP1,ALO,11.0,10.0,clear_violation,312.0,66.0,231.0706590000000,100.0,0.1292520000000000,76,588
2021,Styrian Grand Prix,FP1,ALO,14.0,9.0,clear_violation,316.0,68.0,233.34114400000001,100.0,0.13620699999999999,79,580
2021,Styrian Grand Prix,FP1,OCO,6.0,9.0,clear_violation,314.0,64.0,228.70782800000001,100.0,0.16526099999999999,98,593
2021,Styrian Grand Prix,FP1,VER,6.0,10.0,clear_violation,312.0,71.0,232.74323200000001,100.0,0.1678080000000000,98,584
2021,Styrian Grand Prix,FP1,HAM,8.0,10.0,clear_violation,312.0,70.0,231.45275599999999,100.0,0.14846400000000001,87,586
2021,Styrian Grand Prix,FP1,HAM,23.0,10.0,clear_violation,289.0,67.0,221.51122000000001,100.0,0.15309400000000001,94,614
2021,Styrian Grand Prix,FP1,HAM,24.0,10.0,clear_violation,289.0,69.0,221.4182200000000,100.0,0.15711900000000001,96,611
2021,Styrian Grand Prix,FP1,SAI,8.0,10.0,clear_violation,306.0,67.0,229.5135190000000,100.0,0.15619700000000000,92,589
2021,Styrian Grand Prix,FP1,SAI,9.0,10.0,clear_violation,288.0,60.0,149.3982030000000,100.0,0.1639160000000000,149,909
2021,Styrian Grand Prix,FP1,BOT,19.0,10.0,clear_violation,315.0,71.0,234.40345500000001,100.0,0.14507800000000001,84,579
2021,Styrian Grand Prix,FP2,NOR,11.0,10.0,clear_violation,318.0,70.0,233.5711820000000,100.0,0.15198600000000001,88,579
2021,Styrian Grand Prix,FP2,NOR,27.0,10.0,clear_violation,289.0,64.0,219.59652199999999,100.0,0.16558400000000001,102,616
2021,Styrian Grand Prix,FP2,NOR,28.0,10.0,clear_violation,289.0,60.0,219.1719370000000,100.0,0.1634300000000000,101,618
2021,Styrian Grand Prix,FP2,NOR,31.0,9.0,clear_violation,296.0,59.0,217.51172299999999,99.0,0.17713400000000001,110,621
2021,Styrian Grand Prix,FP2,NOR,33.0,10.0,clear_violation,295.0,0.0,174.5781030000000,100.0,0.22827500000000001,176,771
2021,Styrian Grand Prix,FP2,NOR,34.0,10.0,clear_violation,322.0,51.0,220.62171000000001,100.0,0.16938100000000000,104,614
2021,Styrian Grand Prix,FP2,VET,32.0,10.0,clear_violation,286.0,66.0,217.73927100000000,100.0,0.15916400000000000,99,622
2021,Styrian Grand Prix,FP2,VET,33.0,10.0,clear_violation,298.0,67.0,220.73504600000001,100.0,0.15171299999999999,93,613
2021,Styrian Grand Prix,FP2,MAZ,9.0,9.0,clear_violation,319.0,66.0,230.6009340000000,100.0,0.1839860000000000,108,587
2021,Styrian Grand Prix,FP2,MAZ,15.0,9.0,clear_violation,291.0,63.0,213.56763900000001,100.0,0.18769700000000000,119,634
2021,Styrian Grand Prix,FP2,MAZ,24.0,9.0,clear_violation,298.0,63.0,216.3712830000000,99.0,0.19617200000000001,123,627
2021,Styrian Grand Prix,FP2,ALO,8.0,9.0,clear_violation,314.0,68.0,232.42050000000000,100.0,0.14554800000000001,85,584
2021,Styrian Grand Prix,FP2,ALO,21.0,10.0,clear_violation,306.0,67.0,222.17836500000001,100.0,0.17405599999999999,106,609
2021,Styrian Grand Prix,FP2,ALO,22.0,10.0,clear_violation,309.0,67.0,221.37907500000000,100.0,0.16202900000000001,99,611
2021,Styrian Grand Prix,FP2,TSU,30.0,10.0,clear_violation,296.0,57.0,217.60031000000001,100.0,0.15645200000000001,97,620
2021,Styrian Grand Prix,FP2,TSU,31.0,10.0,clear_violation,297.0,61.0,219.62185700000001,100.0,0.15422100000000000,95,616
2021,Styrian Grand Prix,FP2,TSU,37.0,10.0,clear_violation,297.0,69.0,217.87020600000000,100.0,0.1723030000000000,107,621
2021,Styrian Grand Prix,FP2,VER,26.0,10.0,clear_violation,299.0,67.0,223.05178900000001,100.0,0.16639200000000001,101,607
2021,Styrian Grand Prix,FP2,VER,27.0,10.0,clear_violation,304.0,65.0,223.0938700000000,100.0,0.16474500000000000,100,607
2021,Styrian Grand Prix,FP2,HAM,14.0,10.0,clear_violation,311.0,73.0,236.97789800000001,100.0,0.1190890000000000,68,571
2021,Styrian Grand Prix,FP2,HAM,15.0,10.0,clear_violation,299.0,49.0,148.40852200000000,100.0,0.18701899999999999,170,909
2021,Styrian Grand Prix,FP2,HAM,21.0,9.0,clear_violation,291.0,71.0,222.9302920000000,100.0,0.13157900000000000,80,608
2021,Styrian Grand Prix,FP2,HAM,27.0,10.0,clear_violation,298.0,70.0,222.7628430000000,100.0,0.13861399999999999,84,606
2021,Styrian Grand Prix,FP2,HAM,28.0,10.0,clear_violation,299.0,70.0,220.9584740000000,100.0,0.1454250000000000,89,612
2021,Styrian Grand Prix,FP2,GIO,8.0,10.0,clear_violation,318.0,66.0,232.8380020000000,100.0,0.1623930000000000,95,585
2021,Styrian Grand Prix,FP3,NOR,8.0,9.0,clear_violation,300.0,67.0,212.5466020000000,99.0,0.14420100000000000,92,638
2021,Styrian Grand Prix,FP3,NOR,12.0,10.0,clear_violation,316.0,70.0,237.61577399999999,100.0,0.14736800000000000,84,570
2021,Styrian Grand Prix,FP3,NOR,13.0,10.0,clear_violation,306.0,40.0,124.65770700000000,99.0,0.11683499999999999,127,1087
2021,Styrian Grand Prix,FP3,RAI,2.0,9.0,clear_violation,312.0,67.0,233.1394900000000,100.0,0.16753000000000001,97,579
2021,Styrian Grand Prix,FP3,MAZ,3.0,9.0,clear_violation,292.0,66.0,217.8741100000000,100.0,0.1955130000000000,122,624
2021,Styrian Grand Prix,FP3,MAZ,6.0,10.0,clear_violation,293.0,63.0,217.7060730000000,100.0,0.20032100000000000,125,624
2021,Styrian Grand Prix,FP3,MAZ,11.0,10.0,clear_violation,316.0,71.0,231.45250400000000,100.0,0.18835600000000000,110,584
2021,Styrian Grand Prix,FP3,MAZ,12.0,10.0,clear_violation,315.0,40.0,132.1093310000000,100.0,0.13339799999999999,137,1027
2021,Styrian Grand Prix,FP3,ALO,4.0,10.0,clear_violation,309.0,70.0,231.24296899999999,100.0,0.15078000000000000,87,577
2021,Styrian Grand Prix,FP3,ALO,5.0,10.0,clear_violation,288.0,51.0,138.82805099999999,100.0,0.20084099999999999,191,951
2021,Styrian Grand Prix,FP3,LEC,17.0,9.0,clear_violation,312.0,74.0,236.44213400000001,100.0,0.1436080000000000,82,571
2021,Styrian Grand Prix,FP3,TSU,4.0,10.0,clear_violation,314.0,72.0,233.4779740000000,100.0,0.14659700000000001,84,573
2021,Styrian Grand Prix,FP3,TSU,5.0,10.0,clear_violation,306.0,56.0,142.1755990000000,100.0,0.1059320000000000,100,944
2021,Styrian Grand Prix,FP3,VER,13.0,10.0,clear_violation,317.0,73.0,239.91475299999999,100.0,0.14690300000000001,83,565
2021,Styrian Grand Prix,FP3,VER,14.0,10.0,clear_violation,303.0,48.0,152.6798790000000,100.0,0.10972899999999999,97,884
2021,Styrian Grand Prix,FP3,MSC,17.0,10.0,clear_violation,316.0,70.0,235.09569800000000,100.0,0.15889500000000001,92,579
2021,Styrian Grand Prix,FP3,MSC,18.0,10.0,clear_violation,308.0,53.0,124.6458510000000,100.0,0.0871560000000000,95,1090
2021,Styrian Grand Prix,FP3,SAI,2.0,9.0,clear_violation,311.0,71.0,231.9204000000000,100.0,0.16901400000000000,96,568
2021,Styrian Grand Prix,Q,HAM,23.0,9.0,clear_violation,317.0,74.0,233.77566899999999,100.0,0.14507800000000001,84,579
2021,Styrian Grand Prix,Q,GAS,5.0,10.0,clear_violation,320.0,70.0,239.07625300000001,100.0,0.13628299999999999,77,565
2021,Styrian Grand Prix,Q,TSU,14.0,10.0,clear_violation,318.0,73.0,240.17796500000000,100.0,0.14664300000000000,83,566
2021,Styrian Grand Prix,Q,STR,14.0,10.0,clear_violation,318.0,68.0,239.2790140000000,100.0,0.18342200000000000,104,567
2021,Styrian Grand Prix,Q,SAI,14.0,9.0,clear_violation,315.0,74.0,239.87872600000000,100.0,0.15520300000000001,88,567
2021,Styrian Grand Prix,Q,VET,14.0,10.0,clear_violation,318.0,74.0,240.05042000000000,100.0,0.1501770000000000,85,566
2021,Styrian Grand Prix,Q,MAZ,2.0,9.0,clear_violation,317.0,68.0,231.37825799999999,100.0,0.1788760000000000,105,587
2021,Styrian Grand Prix,R,HAM,5.0,9.0,clear_violation,293.0,68.0,221.54495000000000,100.0,0.15210399999999999,94,618
2021,Styrian Grand Prix,R,HAM,56.0,10.0,clear_violation,296.0,70.0,224.3314800000000,100.0,0.14285700000000001,87,609
2021,Styrian Grand Prix,R,HAM,57.0,10.0,clear_violation,297.0,68.0,224.30472100000000,100.0,0.1611840000000000,98,608
2021,Styrian Grand Prix,R,NOR,7.0,10.0,clear_violation,296.0,62.0,217.7071070000000,99.0,0.18152900000000000,114,628
2021,Styrian Grand Prix,R,NOR,8.0,10.0,clear_violation,291.0,60.0,217.29971300000000,99.0,0.18066599999999999,114,631
2021,Styrian Grand Prix,R,LEC,48.0,10.0,clear_violation,313.0,61.0,222.3101420000000,100.0,0.20195399999999999,124,614
2021,Styrian Grand Prix,R,LEC,49.0,10.0,clear_violation,320.0,59.0,222.68991100000000,100.0,0.2,122,610
2021,Styrian Grand Prix,R,LEC,51.0,10.0,clear_violation,310.0,58.0,220.92998399999999,100.0,0.2025930000000000,125,617
2021,Styrian Grand Prix,R,LEC,52.0,10.0,clear_violation,315.0,57.0,219.7396390000000,100.0,0.20161299999999999,125,620
2021,Styrian Grand Prix,R,TSU,28.0,9.0,clear_violation,304.0,66.0,218.4246870000000,100.0,0.19329099999999999,121,626
2021,Styrian Grand Prix,R,TSU,69.0,9.0,clear_violation,320.0,62.0,220.3283390000000,100.0,0.20941599999999999,129,616
2021,Styrian Grand Prix,R,RAI,64.0,10.0,clear_violation,316.0,60.0,221.45785900000001,100.0,0.18181800000000001,112,616
2021,Styrian Grand Prix,R,RAI,65.0,10.0,clear_violation,319.0,61.0,220.51157300000000,100.0,0.22491900000000001,139,618
2021,Styrian Grand Prix,R,VET,66.0,10.0,clear_violation,295.0,61.0,220.30508599999999,100.0,0.16181200000000001,100,618
2021,Styrian Grand Prix,R,VET,67.0,10.0,clear_violation,295.0,56.0,217.15739099999999,100.0,0.18210899999999999,114,626
2021,Styrian Grand Prix,R,MAZ,28.0,9.0,clear_violation,295.0,63.0,216.74665800000000,100.0,0.1962030000000000,124,632
2021,São Paulo Grand Prix,FP1,LEC,18.0,4.0,no_advantage,314.0,53.0,147.09678700000001,100.0,0.14631500000000000,133,909
2021,São Paulo Grand Prix,FP1,RUS,18.0,4.0,no_advantage,312.0,63.0,154.1079660000000,100.0,0.1397230000000000,121,866
2021,São Paulo Grand Prix,FP1,BOT,28.0,5.0,no_advantage,319.0,57.0,179.69505300000000,100.0,0.20108699999999999,148,736
2021,São Paulo Grand Prix,FP2,NOR,20.0,4.0,clear_violation,326.0,76.0,205.89075600000001,100.0,0.19290099999999999,125,648
2021,São Paulo Grand Prix,FP2,RAI,29.0,4.0,clear_violation,314.0,77.0,204.02483799999999,100.0,0.17791399999999999,116,652
2021,São Paulo Grand Prix,FP2,RAI,33.0,4.0,clear_violation,313.0,74.0,204.5023550000000,100.0,0.19295599999999999,126,653
2021,São Paulo Grand Prix,FP2,MAZ,2.0,4.0,clear_violation,302.0,83.0,200.21843999999999,100.0,0.20209600000000000,135,668
2021,São Paulo Grand Prix,FP2,GAS,22.0,4.0,clear_violation,306.0,82.0,205.53725299999999,100.0,0.1523080000000000,99,650
2021,São Paulo Grand Prix,FP2,LEC,8.0,4.0,clear_violation,323.0,78.0,203.63744000000000,100.0,0.18292700000000001,120,656
2021,São Paulo Grand Prix,FP2,LEC,22.0,4.0,clear_violation,319.63333499999999,81.0,208.20987800000000,100.0,0.1934480000000000,124,641
2021,São Paulo Grand Prix,Q,HAM,11.0,4.0,clear_violation,324.0,94.0,223.10229600000000,100.0,0.14285700000000001,86,602
2021,São Paulo Grand Prix,Q,LEC,6.0,4.0,clear_violation,326.0,87.0,220.95123100000001,100.0,0.1672190000000000,101,604
2021,São Paulo Grand Prix,Q,GIO,5.0,4.0,clear_violation,330.0,86.0,218.51775400000000,100.0,0.1729200000000000,106,613
2021,São Paulo Grand Prix,Q,MSC,10.0,4.0,clear_violation,325.0,81.0,218.6277490000000,100.0,0.16366600000000001,100,611
2021,São Paulo Grand Prix,R,HAM,48.0,4.0,clear_violation,335.0,82.0,205.75296299999999,100.0,0.18433200000000000,120,651
2021,São Paulo Grand Prix,R,VER,48.0,4.0,clear_violation,308.0,83.0,206.76529099999999,100.0,0.18083500000000000,117,647
2021,São Paulo Grand Prix,R,GAS,5.0,4.0,clear_violation,333.0,76.0,200.6452020000000,100.0,0.21148000000000000,140,662
2021,São Paulo Grand Prix,R,NOR,60.0,4.0,clear_violation,310.0,74.0,205.74061900000001,100.0,0.19508400000000001,127,651
2021,São Paulo Grand Prix,R,RAI,64.0,4.0,clear_violation,312.0,79.0,205.95488399999999,100.0,0.19504600000000000,126,646
2021,São Paulo Grand Prix,R,MSC,43.0,4.0,clear_violation,311.0,80.0,202.11003400000001,100.0,0.1696970000000000,112,660
2021,São Paulo Grand Prix,R,MSC,65.0,4.0,clear_violation,310.0,81.0,205.70875300000000,100.0,0.1697530000000000,110,648
2021,São Paulo Grand Prix,S,VET,16.0,4.0,clear_violation,310.0,76.0,205.49509300000000,100.0,0.2076920000000000,135,650
2021,São Paulo Grand Prix,S,STR,17.0,4.0,clear_violation,336.0,77.0,205.66750400000001,100.0,0.20987700000000001,136,648
2021,São Paulo Grand Prix,S,MSC,21.0,4.0,clear_violation,310.0,81.0,200.51445899999999,100.0,0.19025200000000000,121,636
2021,São Paulo Grand Prix,S,MAZ,7.0,4.0,clear_violation,336.0,77.0,199.00029599999999,100.0,0.21193999999999999,142,670
2021,São Paulo Grand Prix,S,MAZ,22.0,4.0,clear_violation,311.0,80.0,201.44398200000001,100.0,0.1859380,119,640
2021,São Paulo Grand Prix,S,RAI,3.0,1.0,no_advantage,340.9666670000000,74.0,205.99894800000001,100.0,0.2241110000000000,145,647
2021,São Paulo Grand Prix,SQ,VET,16.0,4.0,clear_violation,310.0,76.0,205.49509300000000,100.0,0.2076920000000000,135,650
2021,São Paulo Grand Prix,SQ,STR,17.0,4.0,clear_violation,336.0,77.0,205.66750400000001,100.0,0.20987700000000001,136,648
2021,São Paulo Grand Prix,SQ,MSC,21.0,4.0,clear_violation,310.0,81.0,200.51445899999999,100.0,0.19025200000000000,121,636
2021,São Paulo Grand Prix,SQ,MAZ,7.0,4.0,clear_violation,336.0,77.0,199.00029599999999,100.0,0.21193999999999999,142,670
2021,São Paulo Grand Prix,SQ,MAZ,22.0,4.0,clear_violation,311.0,80.0,201.44398200000001,100.0,0.1859380,119,640
2021,São Paulo Grand Prix,SQ,RAI,3.0,1.0,no_advantage,340.9666670000000,74.0,205.99894800000001,100.0,0.2241110000000000,145,647
2021,Turkish Grand Prix,FP1,NOR,9.0,14.0,clear_violation,321.0,86.0,220.9272460000000,100.0,0.16511300000000001,124,751
2021,Turkish Grand Prix,FP1,VET,21.0,1.0,clear_violation,297.0,34.0,202.6824590000000,100.0,0.1799270000000000,147,817
2021,Turkish Grand Prix,FP1,RAI,2.0,6.0,clear_violation,0.0,0.0,0.0,0.0,0.0,0,780
2021,Turkish Grand Prix,FP1,RAI,4.0,6.0,clear_violation,327.0,80.0,213.8223230000000,100.0,0.16103899999999999,124,770
2021,Turkish Grand Prix,FP1,MAZ,21.0,1.0,clear_violation,302.0,83.0,207.00171800000001,100.0,0.1793280000000000,144,803
2021,Turkish Grand Prix,FP1,MAZ,25.0,1.0,clear_violation,307.0,75.0,201.62799500000000,100.0,0.19732000000000000,162,821
2021,Turkish Grand Prix,FP1,GAS,5.0,14.0,clear_violation,329.0,84.0,217.70086499999999,100.0,0.1220470000000000,93,762
2021,Turkish Grand Prix,FP1,GAS,6.0,14.0,clear_violation,301.0,53.0,160.68930399999999,100.0,0.11175900000000000,115,1029
2021,Turkish Grand Prix,FP1,GAS,9.0,1.0,clear_violation,323.0,83.0,219.17901900000001,100.0,0.11507900000000000,87,756
2021,Turkish Grand Prix,FP1,GAS,23.0,1.0,clear_violation,304.0,80.0,211.49440000000001,100.0,0.14559400000000000,114,783
2021,Turkish Grand Prix,FP1,GAS,24.0,1.0,clear_violation,307.0,78.0,212.06292800000000,100.0,0.13555000000000000,106,782
2021,Turkish Grand Prix,FP1,GAS,25.0,14.0,clear_violation,307.0,74.0,210.08400200000000,100.0,0.12040600000000000,95,789
2021,Turkish Grand Prix,FP1,GAS,26.0,1.0,clear_violation,305.0,76.0,212.14971600000001,100.0,0.13974400000000001,109,780
2021,Turkish Grand Prix,FP1,PER,21.0,1.0,clear_violation,301.0,78.0,212.98561200000000,100.0,0.1583010000000000,123,777
2021,Turkish Grand Prix,FP1,ALO,4.0,6.0,clear_violation,312.0,85.0,215.4254760000000,100.0,0.14026000000000000,108,770
2021,Turkish Grand Prix,FP1,ALO,23.0,1.0,clear_violation,295.0,82.0,210.95631100000000,100.0,0.14249400000000001,112,786
2021,Turkish Grand Prix,FP1,LEC,8.0,6.0,clear_violation,294.0,74.0,201.445749000000,100.0,0.16321600000000000,134,821
2021,Turkish Grand Prix,FP1,LEC,13.0,6.0,clear_violation,327.0,85.0,223.45890900000001,100.0,0.16172500000000001,120,742
2021,Turkish Grand Prix,FP1,LEC,24.0,1.0,clear_violation,308.0,73.0,210.8261040000000,100.0,0.15668799999999999,123,785
2021,Turkish Grand Prix,FP1,STR,10.0,1.0,clear_violation,318.0,87.0,220.4140420000000,100.0,0.15915099999999999,120,754
2021,Turkish Grand Prix,FP1,SAI,7.0,14.0,clear_violation,323.0,86.0,220.91882899999999,100.0,0.15466700000000000,116,750
2021,Turkish Grand Prix,FP1,GIO,15.0,14.0,clear_violation,329.0,81.0,218.88581700000000,100.0,0.1541500000000000,117,759
2021,Turkish Grand Prix,FP1,GIO,18.0,1.0,clear_violation,329.0,83.0,221.5191510000000,100.0,0.14666699999999999,110,750
2021,Turkish Grand Prix,FP1,GIO,20.0,1.0,clear_violation,300.0,72.0,162.47669200000001,100.0,0.1898240000000000,194,1022
2021,Turkish Grand Prix,FP2,RIC,14.0,1.0,clear_violation,294.0,70.0,196.89010800000000,100.0,0.11862399999999999,100,843
2021,Turkish Grand Prix,FP2,RIC,15.0,1.0,clear_violation,321.0,83.0,223.2564110000000,100.0,0.15903000000000000,118,742
2021,Turkish Grand Prix,FP2,VET,22.0,1.0,clear_violation,300.0,85.0,212.42879500000001,100.0,0.15038599999999999,117,778
2021,Turkish Grand Prix,FP2,MAZ,4.0,6.0,clear_violation,329.0,83.0,220.3328370000000,100.0,0.19066700000000000,143,750
2021,Turkish Grand Prix,FP2,MAZ,6.0,1.0,clear_violation,327.0,84.0,221.0499040000000,100.0,0.17373500000000000,127,731
2021,Turkish Grand Prix,FP2,MAZ,9.0,14.0,clear_violation,332.0,86.0,221.45173399999999,100.0,0.16688900000000001,125,749
2021,Turkish Grand Prix,FP2,MAZ,10.0,14.0,clear_violation,298.0,70.0,150.43602700000000,100.0,0.10516800000000000,116,1103
2021,Turkish Grand Prix,FP2,MAZ,13.0,1.0,clear_violation,328.0,82.0,220.70263299999999,100.0,0.17795500000000000,134,753
2021,Turkish Grand Prix,FP2,GAS,11.0,1.0,clear_violation,325.0,82.0,222.97881400000000,100.0,0.12398900000000000,92,742
2021,Turkish Grand Prix,FP2,GAS,28.0,1.0,clear_violation,306.0,81.0,212.17084199999999,100.0,0.1384220000000000,107,773
2021,Turkish Grand Prix,FP2,PER,19.0,1.0,clear_violation,310.0,81.0,213.7844230000000,100.0,0.15870999999999999,123,775
2021,Turkish Grand Prix,FP2,PER,22.0,1.0,clear_violation,306.0,82.0,215.1812970000000,100.0,0.1716510000000000,132,769
2021,Turkish Grand Prix,FP2,LEC,24.0,1.0,clear_violation,315.0,77.0,212.84927600000000,100.0,0.17503199999999999,136,777
2021,Turkish Grand Prix,FP2,TSU,19.0,1.0,clear_violation,308.0,81.0,212.73597000000001,100.0,0.14762500000000001,115,779
2021,Turkish Grand Prix,FP2,TSU,28.0,1.0,clear_violation,312.0,80.0,211.01164100000000,100.0,0.1495960000000000,111,742
2021,Turkish Grand Prix,FP2,OCO,8.0,1.0,clear_violation,324.0,85.0,222.85779199999999,100.0,0.16644300000000001,124,745
2021,Turkish Grand Prix,FP2,HAM,2.0,1.0,clear_violation,305.0,68.0,184.9740520000000,100.0,0.19106100000000001,171,895
2021,Turkish Grand Prix,FP2,MSC,5.0,1.0,clear_violation,304.0,45.0,174.5866700000000,100.0,0.18624299999999999,176,945
2021,Turkish Grand Prix,FP2,SAI,7.0,1.0,clear_violation,291.0,80.0,184.1353130000000,100.0,0.13606199999999999,123,904
2021,Turkish Grand Prix,FP2,SAI,25.0,1.0,clear_violation,321.0,80.0,211.7170530000000,100.0,0.1673050000000000,131,783
2021,Turkish Grand Prix,FP2,SAI,26.0,1.0,clear_violation,310.0,81.0,213.06552199999999,100.0,0.15206200000000000,118,776
2021,Turkish Grand Prix,FP2,RUS,2.0,1.0,clear_violation,316.0,88.0,218.57633500000000,100.0,0.17082800000000001,130,761
2021,Turkish Grand Prix,FP2,BOT,17.0,1.0,clear_violation,316.0,58.0,196.60635500000001,100.0,0.1834320000000000,155,845
2021,Turkish Grand Prix,FP2,GIO,15.0,1.0,clear_violation,331.0,82.0,223.34551099999999,100.0,0.14516100000000001,108,744
2021,Turkish Grand Prix,FP2,GIO,23.0,1.0,clear_violation,324.0,71.0,207.69951900000001,100.0,0.17521900000000001,140,799
2021,Turkish Grand Prix,FP2,MSC,4.0,1.0,no_advantage,313.0,52.0,166.60907700000001,100.0,0.12861400000000001,129,1003
2021,Turkish Grand Prix,FP2,MAZ,5.0,1.0,no_advantage,293.0,73.0,156.67878300000001,100.0,0.1450380000000000,152,1048
2021,Turkish Grand Prix,FP2,SAI,6.0,1.0,no_advantage,288.0,48.0,120.4638940000000,100.0,0.10219000000000000,140,1370
2021,Turkish Grand Prix,FP2,NOR,8.0,10.0,no_advantage,265.0,0.0,41.087373000000,104.0,0.6287770000000000,2539,4038
2021,Turkish Grand Prix,FP2,TSU,15.0,9.0,no_advantage,305.0,68.0,192.28351000000001,100.0,0.11136900000000000,96,862
2021,Turkish Grand Prix,FP2,BOT,16.0,1.0,no_advantage,295.0,0.0,137.478261000000,100.0,0.21916700000000000,263,1200
2021,Turkish Grand Prix,FP2,VER,15.0,7.0,no_advantage,304.0,85.0,214.56335000000001,100.0,0.1539460000000000,119,773
2021,Turkish Grand Prix,FP3,STR,7.0,14.0,clear_violation,302.0,73.0,199.60641400000000,100.0,0.18115899999999999,150,828
2021,Turkish Grand Prix,FP3,GIO,19.0,1.0,clear_violation,285.0,76.0,170.13260800000000,100.0,0.19179499999999999,187,975
2021,Turkish Grand Prix,FP3,GAS,3.0,11.0,no_advantage,267.0,65.0,151.2440550000000,100.0,0.12073700000000000,131,1085
2021,Turkish Grand Prix,FP3,ALO,11.0,1.0,no_advantage,274.0,47.0,157.72263699999999,100.0,0.17247899999999999,183,1061
2021,Turkish Grand Prix,FP3,SAI,14.0,8.0,no_advantage,270.0,34.0,133.39377600000000,100.0,0.11689400000000000,146,1249
2021,Turkish Grand Prix,FP3,GIO,18.0,1.0,no_advantage,274.0,65.0,133.12207799999999,100.0,0.16987200000000000,212,1248
2021,Turkish Grand Prix,Q,HAM,2.0,1.0,clear_violation,311.0,85.0,207.1698580000000,100.0,0.195,156,800
2021,Turkish Grand Prix,Q,HAM,6.0,1.0,clear_violation,302.0,78.0,192.7830790000000,100.0,0.176196000000000,151,857
2021,Turkish Grand Prix,Q,VER,7.0,1.0,clear_violation,319.0,88.0,222.988205000000,100.0,0.16598099999999999,121,729
2021,Turkish Grand Prix,Q,LEC,2.0,1.0,clear_violation,298.0,66.0,187.23587300000000,100.0,0.1864410000000000,165,885
2021,Turkish Grand Prix,Q,LEC,3.0,1.0,clear_violation,324.0,84.0,215.25341800000001,100.0,0.16514999999999999,127,769
2021,Turkish Grand Prix,Q,LEC,17.0,14.0,clear_violation,325.0,0.0,193.4290480000000,100.0,0.15948799999999999,137,859
2021,Turkish Grand Prix,Q,PER,12.0,1.0,clear_violation,301.0,0.0,146.42143200000001,100.0,0.279320000000000,312,1117
2021,Turkish Grand Prix,Q,TSU,2.0,1.0,clear_violation,299.0,73.0,178.07937899999999,100.0,0.19052700000000000,177,929
2021,Turkish Grand Prix,Q,VET,7.0,1.0,clear_violation,303.0,83.0,188.14343600000001,100.0,0.21577700000000000,186,862
2021,Turkish Grand Prix,Q,RUS,19.0,14.0,clear_violation,316.0,88.0,219.47770000000000,100.0,0.15915099999999999,120,754
2021,Turkish Grand Prix,Q,MSC,2.0,1.0,clear_violation,301.0,72.0,192.73649700000001,100.0,0.18329500000000001,158,862
2021,Turkish Grand Prix,Q,SAI,2.0,1.0,clear_violation,309.0,0.0,165.24090200000001,100.0,0.1880600000000000,189,1005
2021,Turkish Grand Prix,Q,SAI,3.0,1.0,clear_violation,320.0,76.0,212.39739100000000,100.0,0.1641030000000000,128,780
2021,Turkish Grand Prix,Q,LAT,8.0,1.0,clear_violation,305.0,73.0,196.18479199999999,100.0,0.18629799999999999,155,832
2021,Turkish Grand Prix,Q,GIO,2.0,1.0,clear_violation,300.0,50.0,177.1462590000000,100.0,0.19658100000000001,184,936
2021,Turkish Grand Prix,Q,RAI,2.0,1.0,clear_violation,298.0,29.0,177.57823200000001,100.0,0.18376100000000001,172,936
2021,Turkish Grand Prix,Q,RAI,3.0,1.0,clear_violation,304.0,72.0,178.7393870000000,100.0,0.22570200000000001,209,926
2021,Turkish Grand Prix,Q,RAI,5.0,1.0,clear_violation,301.0,28.0,161.90074600000000,100.0,0.2138670000,219,1024
2021,Turkish Grand Prix,Q,MAZ,2.0,1.0,clear_violation,303.0,65.0,193.41813600000000,100.0,0.21378500000000000,183,856
2021,Turkish Grand Prix,Q,MAZ,8.0,1.0,clear_violation,304.0,58.0,179.89298800000000,100.0,0.19555600000000001,176,900
2021,Turkish Grand Prix,Q,SAI,1.0,1.0,no_advantage,269.0,9.0,126.18134900000000,100.0,0.16229499999999999,198,1220
2021,Turkish Grand Prix,Q,TSU,4.0,1.0,no_advantage,286.0,72.0,152.82573800000000,100.0,0.15974099999999999,173,1083
2021,Turkish Grand Prix,Q,MAZ,7.0,1.0,no_advantage,301.0,0.0,103.86619600000000,104.0,0.2809130000000000,443,1577
2021,Turkish Grand Prix,Q,LEC,17.0,14.0,no_advantage,325.0,0.0,193.4290480000000,100.0,0.15948799999999999,137,859
2021,Turkish Grand Prix,Q,STR,16.0,1.0,no_advantage,293.0,48.0,154.55819600000001,100.0,0.20728300000000000,222,1071
2021,Turkish Grand Prix,R,SAI,14.0,12.0,no_advantage,308.0,65.0,201.55940000000001,100.0,0.19902900000000001,164,824
2021,Turkish Grand Prix,R,VET,36.0,7.0,no_advantage,306.0,69.0,193.36321400000000,100.0,0.20799100000000001,177,851
2021,United States Grand Prix,FP1,RIC,3.0,9.0,clear_violation,323.0,74.0,200.46169399999999,100.0,0.16764399999999999,143,853
2021,United States Grand Prix,FP1,RIC,4.0,9.0,clear_violation,269.0,62.0,146.96823100000000,99.0,0.09527900000000000,111,1165
2021,United States Grand Prix,FP1,RIC,11.0,19.0,clear_violation,321.0,74.0,203.7474350000000,99.0,0.178359000000000,150,841
2021,United States Grand Prix,FP1,NOR,10.0,19.0,clear_violation,318.0,64.0,199.9073920000000,100.0,0.16996500000000000,146,859
2021,United States Grand Prix,FP1,VET,8.0,9.0,clear_violation,320.0,72.0,203.56882500000000,100.0,0.187872000000000,158,841
2021,United States Grand Prix,FP1,RAI,2.0,9.0,clear_violation,321.0,72.0,196.58371399999999,100.0,0.1791040000000000,156,871
2021,United States Grand Prix,FP1,MAZ,6.0,19.0,clear_violation,318.0,45.0,191.7638090000000,100.0,0.21651799999999999,194,896
2021,United States Grand Prix,FP1,MAZ,8.0,19.0,clear_violation,318.0,72.0,193.9331760000000,100.0,0.2395010000000000,211,881
2021,United States Grand Prix,FP1,MAZ,14.0,19.0,clear_violation,299.0,69.0,186.18784700000000,100.0,0.2210180000000000,204,923
2021,United States Grand Prix,FP1,GAS,3.0,9.0,clear_violation,317.0,74.0,199.61844500000001,100.0,0.15906400000000001,136,855
2021,United States Grand Prix,FP1,PER,5.0,9.0,clear_violation,314.0,55.0,168.63180800000001,100.0,0.16683100000000001,169,1013
2021,United States Grand Prix,FP1,PER,6.0,9.0,clear_violation,317.0,69.0,193.83004099999999,100.0,0.19004499999999999,168,884
2021,United States Grand Prix,FP1,PER,11.0,19.0,clear_violation,315.0,73.0,204.5574290000000,100.0,0.15990499999999999,134,838
2021,United States Grand Prix,FP1,PER,14.0,9.0,clear_violation,295.0,73.0,192.59563199999999,100.0,0.1732280000000000,154,889
2021,United States Grand Prix,FP1,PER,16.0,19.0,clear_violation,296.0,71.0,192.09720400000000,100.0,0.1840630000000000,164,891
2021,United States Grand Prix,FP1,STR,4.0,9.0,clear_violation,316.0,70.0,199.20260900000000,100.0,0.2202800000000000,189,858
2021,United States Grand Prix,FP1,STR,13.0,9.0,clear_violation,320.0,74.0,200.95307299999999,100.0,0.23294100000000001,198,850
2021,United States Grand Prix,FP1,TSU,11.0,19.0,clear_violation,316.0,70.0,201.43414100000001,100.0,0.16998800000000000,145,853
2021,United States Grand Prix,FP1,TSU,14.0,19.0,clear_violation,316.0,73.0,201.35389499999999,100.0,0.16470599999999999,140,850
2021,United States Grand Prix,FP1,TSU,21.0,19.0,clear_violation,323.0,67.0,188.50287700000001,100.0,0.19800899999999999,179,904
2021,United States Grand Prix,FP1,OCO,4.0,9.0,clear_violation,313.0,74.0,198.60908000000001,100.0,0.20069600000000001,173,862
2021,United States Grand Prix,FP1,OCO,16.0,9.0,clear_violation,311.0,73.0,201.99008799999999,100.0,0.18632099999999999,158,848
2021,United States Grand Prix,FP1,VER,13.0,19.0,clear_violation,295.0,66.0,190.24769400000000,100.0,0.18090999999999999,163,901
2021,United States Grand Prix,FP1,SAI,7.0,19.0,clear_violation,318.0,73.0,201.3489680000000,100.0,0.17116100000000001,146,853
2021,United States Grand Prix,FP1,MAZ,10.0,19.0,no_advantage,290.0,0.0,31.80187300000000,104.0,0.710292000000000,3837,5402
2021,United States Grand Prix,FP2,VET,7.0,19.0,clear_violation,293.0,76.0,192.92089500000000,100.0,0.17249200000000001,153,887
2021,United States Grand Prix,FP2,VET,25.0,9.0,clear_violation,297.0,70.0,191.65361100000001,100.0,0.1912630000000000,162,847
2021,United States Grand Prix,FP2,LAT,2.0,19.0,clear_violation,317.0,75.0,199.21232400000000,100.0,0.1916380000000000,165,861
2021,United States Grand Prix,FP2,RAI,20.0,9.0,clear_violation,328.0,66.0,191.55413300000001,100.0,0.22732600000000000,193,849
2021,United States Grand Prix,FP2,RAI,22.0,19.0,clear_violation,301.0,69.0,190.75461300000001,100.0,0.20410500000000001,179,877
2021,United States Grand Prix,FP2,RAI,24.0,9.0,clear_violation,301.0,68.0,191.15133000000000,100.0,0.203125,182,896
2021,United States Grand Prix,FP2,MAZ,4.0,19.0,clear_violation,326.0,75.0,198.46627899999999,100.0,0.22092999999999999,190,860
2021,United States Grand Prix,FP2,MAZ,6.0,19.0,clear_violation,321.0,73.0,196.97698399999999,100.0,0.20967700000000000,182,868
2021,United States Grand Prix,FP2,MAZ,16.0,19.0,clear_violation,298.0,69.0,189.50171399999999,100.0,0.225,198,880
2021,United States Grand Prix,FP2,MAZ,19.0,19.0,clear_violation,298.0,64.0,184.20763500000001,100.0,0.18427199999999999,157,852
2021,United States Grand Prix,FP2,GAS,22.0,19.0,clear_violation,297.0,65.0,188.9104680000000,100.0,0.17062099999999999,151,885
2021,United States Grand Prix,FP2,PER,22.0,9.0,clear_violation,295.0,73.0,189.8944580000000,100.0,0.19322000000000000,171,885
2021,United States Grand Prix,FP2,ALO,2.0,9.0,clear_violation,324.0,76.0,203.79134199999999,100.0,0.18214300000000000,153,840
2021,United States Grand Prix,FP2,LEC,5.0,9.0,clear_violation,320.0,77.0,203.16409200000001,100.0,0.1876480000000000,158,842
2021,United States Grand Prix,FP2,LEC,11.0,19.0,clear_violation,319.0,75.0,204.21995899999999,100.0,0.1923540000000000,161,837
2021,United States Grand Prix,FP2,LEC,16.0,9.0,clear_violation,299.0,70.0,193.4684350000000,100.0,0.22716600000000001,194,854
2021,United States Grand Prix,FP2,STR,15.0,19.0,clear_violation,296.0,69.0,190.5166190000000,100.0,0.17633900000000000,158,896
2021,United States Grand Prix,FP2,TSU,10.0,19.0,clear_violation,316.0,72.0,202.57946699999999,100.0,0.1621300000000000,137,845
2021,United States Grand Prix,FP2,TSU,18.0,19.0,clear_violation,297.0,68.0,189.36423099999999,100.0,0.16878599999999999,146,865
2021,United States Grand Prix,FP2,TSU,19.0,9.0,clear_violation,298.0,67.0,189.54148900000001,100.0,0.1724140000000000,150,870
2021,United States Grand Prix,FP2,OCO,19.0,9.0,clear_violation,298.0,68.0,188.37060600000001,100.0,0.19693400000000000,167,848
2021,United States Grand Prix,FP2,HAM,7.0,19.0,clear_violation,319.0,75.0,206.86861999999999,100.0,0.1717050000000000,142,827
2021,United States Grand Prix,FP2,MSC,2.0,19.0,clear_violation,326.0,75.0,200.10402700000000,100.0,0.20023400000000000,171,854
2021,United States Grand Prix,FP2,BOT,20.0,9.0,clear_violation,322.0,67.0,188.2295850000000,100.0,0.2324770000000000,199,856
2021,United States Grand Prix,FP2,VER,3.0,20.0,no_advantage,265.0,51.0,138.66575499999999,100.0,0.21634999999999999,262,1211
2021,United States Grand Prix,FP2,MSC,3.0,1.0,no_advantage,284.0,50.0,123.4820360000000,100.0,0.13497799999999999,186,1378
2021,United States Grand Prix,FP2,OCO,5.0,1.0,no_advantage,269.0,56.0,121.75870399999999,100.0,0.08267400000000000,115,1391
2021,United States Grand Prix,FP2,NOR,4.0,11.0,no_advantage,270.0,48.0,129.86846000000000,100.0,0.10698000000000001,141,1318
2021,United States Grand Prix,FP3,RAI,10.0,9.0,clear_violation,321.0,70.0,202.13151900000000,100.0,0.18779899999999999,157,836
2021,United States Grand Prix,FP3,RAI,19.0,9.0,clear_violation,321.0,68.0,202.33074199999999,100.0,0.19008300000000000,161,847
2021,United States Grand Prix,FP3,MAZ,2.0,19.0,clear_violation,317.0,69.0,198.7663140000000,100.0,0.20465100000000000,176,860
2021,United States Grand Prix,FP3,MAZ,9.0,9.0,clear_violation,318.0,70.0,201.41573800000000,100.0,0.20588200000000001,175,850
2021,United States Grand Prix,FP3,MAZ,12.0,19.0,clear_violation,319.0,68.0,201.63304500000001,100.0,0.20848100000000000,177,849
2021,United States Grand Prix,FP3,GAS,4.0,9.0,clear_violation,322.0,70.0,203.0217710000000,100.0,0.15840399999999999,131,827
2021,United States Grand Prix,FP3,LEC,10.0,19.0,clear_violation,320.0,74.0,205.61654999999999,100.0,0.1872750000000000,156,833
2021,United States Grand Prix,FP3,STR,2.0,9.0,clear_violation,312.0,75.0,201.93400500000001,100.0,0.1975610000000000,162,820
2021,United States Grand Prix,FP3,TSU,2.0,9.0,clear_violation,312.0,64.0,200.10856600000000,100.0,0.16090599999999999,135,839
2021,United States Grand Prix,FP3,VER,9.0,19.0,clear_violation,315.0,73.0,208.014925000000,100.0,0.16990300000000000,140,824
2021,United States Grand Prix,FP3,HAM,12.0,9.0,clear_violation,318.0,73.0,207.63709299999999,100.0,0.1709090000000000,141,825
2021,United States Grand Prix,FP3,MSC,12.0,19.0,clear_violation,318.0,73.0,195.19181900000001,100.0,0.20159500000000000,177,878
2021,United States Grand Prix,FP3,BOT,2.0,19.0,clear_violation,312.0,74.0,205.5698850000000,100.0,0.17396600000000001,143,822
2021,United States Grand Prix,Q,PER,8.0,19.0,clear_violation,318.0,72.0,208.3117160000000,100.0,0.1652590000000000,137,829
2021,United States Grand Prix,Q,RIC,5.0,9.0,clear_violation,324.0,73.0,207.74397800000000,99.0,0.16726800000000000,139,831
2021,United States Grand Prix,Q,RUS,10.0,9.0,clear_violation,322.0,73.0,205.04929999999999,100.0,0.20546300000000001,173,842
2021,United States Grand Prix,Q,STR,4.0,19.0,clear_violation,318.0,75.0,203.9299810000000,100.0,0.20451800000000001,172,841
2021,United States Grand Prix,Q,RAI,3.0,19.0,clear_violation,326.0,72.0,203.6564650000000,100.0,0.1869050000000000,157,840
2021,United States Grand Prix,Q,MAZ,2.0,19.0,clear_violation,320.0,71.0,200.26716099999999,100.0,0.20960200000000001,179,854
2021,United States Grand Prix,Q,MAZ,8.0,3.0,no_advantage,292.0,66.0,159.69818500000000,100.0,0.190253000000000,203,1067
2021,United States Grand Prix,Q,MAZ,8.0,15.0,no_advantage,292.0,66.0,159.69818500000000,100.0,0.190253000000000,203,1067
2021,United States Grand Prix,R,VER,4.0,19.0,clear_violation,319.0,69.0,193.44980799999999,100.0,0.20457100000000000,179,875
2021,United States Grand Prix,R,PER,13.0,19.0,clear_violation,296.0,0.0,161.28638599999999,100.0,0.21246499999999999,225,1059
2021,United States Grand Prix,R,TSU,11.0,9.0,clear_violation,316.0,66.0,191.43069600000001,100.0,0.1858900000000000,166,893
2021,United States Grand Prix,R,VET,51.0,19.0,clear_violation,292.0,67.0,192.99175800000000,100.0,0.20180400000000001,179,887
2021,United States Grand Prix,R,VET,55.0,19.0,clear_violation,295.0,69.0,192.98433199999999,100.0,0.18693699999999999,166,888
2021,United States Grand Prix,R,GIO,28.0,9.0,clear_violation,302.0,72.0,194.5346510000000,100.0,0.20477799999999999,180,879
2021,United States Grand Prix,R,STR,21.0,9.0,clear_violation,295.0,65.0,189.8663220000000,100.0,0.2073170000000000,187,902
2021,United States Grand Prix,R,STR,29.0,9.0,clear_violation,327.0,62.0,188.88684499999999,100.0,0.23756900000000000,215,905
2021,United States Grand Prix,R,STR,47.0,9.0,clear_violation,296.0,63.0,193.10662900000000,100.0,0.21016899999999999,186,885
2021,United States Grand Prix,R,RAI,13.0,9.0,clear_violation,306.0,0.0,159.69748999999999,100.0,0.2469600000000000,264,1069
2021,United States Grand Prix,R,RAI,16.0,1.0,clear_violation,313.0,64.0,188.62101799999999,100.0,0.23730699999999999,215,906
2021,United States Grand Prix,R,RAI,33.0,19.0,clear_violation,340.0,55.0,189.95051699999999,100.0,0.24496599999999999,219,894
2021,United States Grand Prix,R,RAI,40.0,19.0,clear_violation,311.0,67.0,192.09356099999999,100.0,0.22947100000000001,204,889
2021,United States Grand Prix,R,RUS,14.0,19.0,clear_violation,297.0,69.0,188.48061200000001,100.0,0.22932700000000000,208,907
2021,United States Grand Prix,R,RUS,40.0,9.0,clear_violation,299.0,69.0,191.2579910000000,100.0,0.20693500000000001,185,894
2021,United States Grand Prix,R,LAT,55.0,9.0,clear_violation,302.0,66.0,188.4225020000000,100.0,0.2,181,905
2021,United States Grand Prix,R,MSC,46.0,19.0,clear_violation,300.0,67.0,192.21241000000001,100.0,0.20604700000000001,184,893
2021,United States Grand Prix,R,MAZ,5.0,19.0,clear_violation,298.0,67.0,186.87236200000001,100.0,0.22417599999999999,204,910
2021,United States Grand Prix,R,MAZ,30.0,19.0,clear_violation,323.0,70.0,180.99150599999999,100.0,0.24050600000000000,228,948
2021,United States Grand Prix,R,MAZ,39.0,9.0,clear_violation,298.0,63.0,184.2659270000000,100.0,0.2623660000000000,244,930
2021,United States Grand Prix,R,OCO,6.0,1.0,clear_violation,297.0,67.0,186.68049500000001,100.0,0.2050160000000000,188,917
2021,United States Grand Prix,R,GAS,11.0,9.0,clear_violation,308.0,0.0,159.47015900000000,100.0,0.20709000000000000,222,1072
2022,Abu Dhabi Grand Prix,Q,PER,11.0,1.0,clear_violation,331.0,66.0,220.3868050000000,100.0,0.12363100000000000,79,639
2022,Abu Dhabi Grand Prix,Q,ALB,5.0,1.0,clear_violation,330.0,65.0,216.49900800000000,100.0,0.1721560000000000,115,668
2022,Abu Dhabi Grand Prix,R,LEC,6.0,1.0,clear_violation,303.0,62.0,206.13500300000001,100.0,0.16736400000000001,120,717
2022,Abu Dhabi Grand Prix,R,PER,14.0,1.0,clear_violation,305.0,64.0,204.4484950000000,100.0,0.1539570000000000,107,695
2022,Abu Dhabi Grand Prix,R,PER,38.0,1.0,clear_violation,307.0,67.0,208.48873499999999,100.0,0.15474499999999999,106,685
2022,Abu Dhabi Grand Prix,R,SAI,5.0,1.0,clear_violation,312.0,56.0,202.92216600000000,100.0,0.2140850000000000,152,710
2022,Abu Dhabi Grand Prix,R,SAI,25.0,1.0,clear_violation,309.0,63.0,206.8619000000000,100.0,0.1657140000000000,116,700
2022,Abu Dhabi Grand Prix,R,RUS,28.0,1.0,clear_violation,299.0,65.0,208.51651500000,100.0,0.15781899999999999,110,697
2022,Abu Dhabi Grand Prix,R,NOR,5.0,1.0,clear_violation,320.0,60.0,201.94378399999999,100.0,0.2112680000000000,150,710
2022,Abu Dhabi Grand Prix,R,NOR,42.0,1.0,clear_violation,300.0,56.0,198.78133500000001,100.0,0.20279700000000001,145,715
2022,Abu Dhabi Grand Prix,R,STR,15.0,1.0,clear_violation,299.0,61.0,203.70638099999999,100.0,0.17073199999999999,119,697
2022,Abu Dhabi Grand Prix,R,STR,43.0,9.0,clear_violation,322.0,57.0,201.51749599999999,100.0,0.21529699999999999,152,706
2022,Abu Dhabi Grand Prix,R,VET,8.0,9.0,clear_violation,323.0,60.0,201.13367500000001,100.0,0.20141800000000001,142,705
2022,Abu Dhabi Grand Prix,R,VET,15.0,1.0,clear_violation,300.0,58.0,204.14290399999999,100.0,0.18220300000000000,129,708
2022,Abu Dhabi Grand Prix,R,ZHO,38.0,1.0,clear_violation,302.0,68.0,204.23094599999999,100.0,0.17897700000000000,126,704
2022,Abu Dhabi Grand Prix,R,ALB,33.0,3.0,clear_violation,313.0,63.0,202.82074200000000,100.0,0.1757140000000000,123,700
2022,Abu Dhabi Grand Prix,R,GAS,17.0,16.0,clear_violation,306.0,64.0,207.70573999999999,100.0,0.15142900000000001,106,700
2022,Abu Dhabi Grand Prix,R,GAS,18.0,16.0,clear_violation,303.0,63.0,206.8732340000000,100.0,0.1459230000000000,102,699
2022,Abu Dhabi Grand Prix,R,GAS,22.0,3.0,clear_violation,310.0,60.0,204.41374999999999,100.0,0.15767000000000000,111,704
2022,Abu Dhabi Grand Prix,R,GAS,57.0,6.0,clear_violation,323.0,75.0,201.2238960000000,100.0,0.18706000000000000,133,711
2022,Abu Dhabi Grand Prix,R,MSC,2.0,1.0,clear_violation,300.0,62.0,199.43740000000000,100.0,0.19602300000000000,138,704
2022,Abu Dhabi Grand Prix,R,MAG,19.0,3.0,clear_violation,301.0,65.0,197.74653100000000,100.0,0.1763890000000000,127,720
2022,Abu Dhabi Grand Prix,R,MAG,53.0,1.0,clear_violation,302.0,65.0,203.16261299999999,100.0,0.1741650000000000,120,689
2022,Abu Dhabi Grand Prix,R,HAM,7.0,1.0,clear_violation,304.0,62.0,204.30554900000001,100.0,0.17903900000000000,123,687
2022,Abu Dhabi Grand Prix,R,HAM,12.0,1.0,clear_violation,300.0,66.0,203.30719800000000,100.0,0.1712230000000000,119,695
2022,Abu Dhabi Grand Prix,R,HAM,51.0,1.0,clear_violation,303.0,63.0,206.80091700000000,100.0,0.16936699999999999,115,679
2022,Abu Dhabi Grand Prix,R,ALO,15.0,1.0,clear_violation,320.0,58.0,203.88767899999999,100.0,0.19350300000000001,137,708
2022,Australian Grand Prix,FP2,RUS,5.0,1.0,no_advantage,314.0,51.0,196.3845710000000,100.0,0.16317999999999999,117,717
2022,Australian Grand Prix,FP2,HAM,6.0,12.0,no_advantage,313.0,74.0,214.0910020000000,100.0,0.14877299999999999,97,652
2022,Australian Grand Prix,FP2,MSC,1.0,11.0,no_advantage,297.872182000000,0.0,162.9097870000000,100.0,0.17480100000000001,154,881
2022,Australian Grand Prix,FP2,SAI,10.0,6.0,no_advantage,312.0,98.0,237.62587900000000,100.0,0.14745800000000001,87,590
2022,Australian Grand Prix,FP2,BOT,10.0,1.0,no_advantage,312.0,65.0,184.41398599999999,100.0,0.21123000000000000,158,748
2022,Australian Grand Prix,FP2,LAT,10.0,6.0,no_advantage,312.0,48.0,152.2549870000000,100.0,0.19188600000000000,175,912
2022,Australian Grand Prix,FP2,HAM,11.0,8.0,no_advantage,301.0,56.0,169.41039599999999,100.0,0.19148899999999999,162,846
2022,Australian Grand Prix,FP2,OCO,13.0,10.0,no_advantage,321.0,95.0,236.52339000000001,100.0,0.15973399999999999,96,601
2022,Australian Grand Prix,FP2,SAI,23.0,13.0,no_advantage,303.0,63.0,217.37565900000001,100.0,0.14854500000000001,97,653
2022,Australian Grand Prix,FP3,VER,13.0,6.0,no_advantage,324.0,0.0,174.50225499999999,100.0,0.22961100000000001,183,797
2022,Australian Grand Prix,FP3,HAM,13.0,9.0,no_advantage,299.0,74.0,202.22461799999999,100.0,0.19664599999999999,129,656
2022,Australian Grand Prix,FP3,SAI,16.0,10.0,no_advantage,298.0,85.0,156.11332300000001,100.0,0.14794199999999999,133,899
2022,Australian Grand Prix,FP3,NOR,12.0,10.0,no_advantage,310.0,67.0,189.85968299999999,100.0,0.1388100000000000,98,706
2022,Australian Grand Prix,Q,TSU,14.0,11.0,clear_violation,317.0,32.0,192.82863699999999,100.0,0.11208200000000000,77,687
2022,Australian Grand Prix,Q,TSU,3.0,11.0,no_advantage,306.0,75.0,166.3477970000000,100.0,0.11524600000000000,96,833
2022,Australian Grand Prix,Q,TSU,3.0,10.0,no_advantage,306.0,75.0,166.3477970000000,100.0,0.11524600000000000,96,833
2022,Australian Grand Prix,Q,RUS,9.0,11.0,no_advantage,301.05817100000002,11.0,177.67288099999999,100.0,0.14925400000000000,120,804
2022,Australian Grand Prix,Q,SAI,21.0,6.0,no_advantage,315.0,95.0,235.22874400000001,100.0,0.14309500000000000,86,601
2022,Australian Grand Prix,R,LAT,8.0,4.0,no_advantage,313.0,87.0,215.05049900000000,100.0,0.1782480000000000,118,662
2022,Australian Grand Prix,R,VET,10.0,11.0,no_advantage,314.0,0.0,201.82137399999999,100.0,0.17202799999999999,123,715
2022,Australian Grand Prix,R,MSC,11.0,11.0,no_advantage,310.0,81.0,215.60230999999999,100.0,0.1687120000000000,110,652
2022,Australian Grand Prix,R,MAG,15.0,9.0,no_advantage,307.0,88.0,222.09828099999999,100.0,0.15348800000000001,99,645
2022,Australian Grand Prix,R,BOT,16.0,10.0,no_advantage,321.0,78.0,222.69800400000000,100.0,0.17746899999999999,115,648
2022,Australian Grand Prix,R,MAG,50.0,2.0,no_advantage,307.0,88.0,223.22594699999999,100.0,0.14743600000000001,92,624
2022,Australian Grand Prix,R,PER,51.0,13.0,no_advantage,308.0,92.0,226.55949500000000,100.0,0.13843600000000000,85,614
2022,Australian Grand Prix,R,GAS,53.0,13.0,no_advantage,305.0,56.0,219.41589400000001,100.0,0.13272999999999999,88,663
2022,Austrian Grand Prix,FP1,BOT,18.0,9.0,no_advantage,298.0,65.0,180.10687400000000,100.0,0.22131100000000001,135,610
2022,Austrian Grand Prix,FP1,HAM,25.0,1.0,no_advantage,279.01000200,33.0,140.4807320000000,100.0,0.20883099999999999,175,838
2022,Austrian Grand Prix,FP2,LEC,18.0,3.0,no_advantage,293.0,65.0,221.2335590000000,100.0,0.17228499999999999,92,534
2022,Austrian Grand Prix,FP2,HAM,6.0,1.0,no_advantage,292.0,67.0,221.19089399999999,100.0,0.1623130000000000,87,536
2022,Austrian Grand Prix,Q,VER,2.0,10.0,clear_violation,323.0,70.0,234.23634799999999,100.0,0.1828790000000000,94,514
2022,Austrian Grand Prix,Q,VER,3.0,10.0,clear_violation,297.0,49.0,135.10822400000001,100.0,0.182648000000000,160,876
2022,Austrian Grand Prix,Q,SAI,2.0,10.0,clear_violation,318.0,71.0,232.56687500000001,100.0,0.1774190000000000,88,496
2022,Austrian Grand Prix,Q,SAI,3.0,10.0,clear_violation,297.0,47.0,122.88135200000001,100.0,0.19957100000000000,186,932
2022,Austrian Grand Prix,Q,SAI,12.0,1.0,clear_violation,320.0,68.0,233.62760200000000,100.0,0.17348900000000000,89,513
2022,Austrian Grand Prix,Q,RUS,7.0,1.0,clear_violation,320.0,70.0,233.18465399999999,100.0,0.13398099999999999,69,515
2022,Austrian Grand Prix,Q,MAG,5.0,10.0,clear_violation,322.0,71.0,231.09218400000000,100.0,0.17835699999999999,89,499
2022,Austrian Grand Prix,Q,MSC,17.0,10.0,clear_violation,320.0,65.0,231.6125790000000,100.0,0.1646590000000000,82,498
2022,Austrian Grand Prix,Q,ALO,13.0,10.0,clear_violation,317.0,69.0,233.84099499999999,100.0,0.17984200000000000,91,506
2022,Austrian Grand Prix,Q,HAM,15.0,10.0,clear_violation,318.0,71.0,236.5162200000000,100.0,0.12974100000000000,65,501
2022,Austrian Grand Prix,Q,ALB,5.0,9.0,clear_violation,323.0,73.0,231.24805799999999,100.0,0.16247600000000001,84,517
2022,Austrian Grand Prix,Q,PER,14.0,9.0,clear_violation,320.0,69.0,233.5203190000000,100.0,0.1807470000000000,92,509
2022,Austrian Grand Prix,Q,TSU,13.0,10.0,clear_violation,319.0,70.0,230.19607600000001,100.0,0.15728200000000001,81,515
2022,Austrian Grand Prix,Q,NOR,17.0,7.0,clear_violation,317.0,68.0,231.74509300000000,99.0,0.1341220000000000,68,507
2022,Austrian Grand Prix,Q,STR,2.0,10.0,clear_violation,311.0,66.0,229.95347000000001,100.0,0.17913399999999999,91,508
2022,Austrian Grand Prix,Q,STR,3.0,10.0,clear_violation,292.0,49.0,142.93425400000001,100.0,0.1646040000000000,133,808
2022,Austrian Grand Prix,Q,STR,8.0,1.0,clear_violation,310.0,57.0,158.87428199999999,100.0,0.24010899999999999,176,733
2022,Austrian Grand Prix,Q,LAT,2.0,10.0,clear_violation,319.0,62.0,226.4144930000000,100.0,0.18091499999999999,91,503
2022,Austrian Grand Prix,Q,VET,11.0,1.0,clear_violation,320.0,72.0,232.40317899999999,100.0,0.15547000000000000,81,521
2022,Austrian Grand Prix,Q,NOR,14.0,1.0,no_advantage,284.94000100,55.0,166.097520000000,98.0,0.152327000000000,108,709
2022,Austrian Grand Prix,Q,TSU,18.0,1.0,no_advantage,287.4249980,0.0,72.94745200000000,100.0,0.09386300000000000,156,1662
2022,Austrian Grand Prix,R,VER,12.0,9.0,clear_violation,297.0,65.0,214.67612099999999,100.0,0.20934600000000000,112,535
2022,Austrian Grand Prix,R,VER,24.0,10.0,clear_violation,293.0,63.0,218.72215700000001,100.0,0.18832399999999999,100,531
2022,Austrian Grand Prix,R,VER,25.0,10.0,clear_violation,294.0,67.0,217.00864799999999,100.0,0.1843690000000000,92,499
2022,Austrian Grand Prix,R,GAS,6.0,9.0,clear_violation,315.0,61.0,213.35775799999999,100.0,0.20147899999999999,109,541
2022,Austrian Grand Prix,R,GAS,18.0,10.0,clear_violation,298.0,65.0,217.4215480000000,100.0,0.1648150000000000,89,540
2022,Austrian Grand Prix,R,GAS,19.0,10.0,clear_violation,295.0,66.0,216.4346270000000,100.0,0.1794870000000000,98,546
2022,Austrian Grand Prix,R,GAS,22.0,10.0,clear_violation,302.0,65.0,213.2556110000000,100.0,0.1736750000000000,95,547
2022,Austrian Grand Prix,R,GAS,23.0,10.0,clear_violation,297.0,63.0,212.3368390000000,100.0,0.19145000000000001,103,538
2022,Austrian Grand Prix,R,GAS,31.0,1.0,clear_violation,298.0,66.0,215.5623630000000,100.0,0.17777799999999999,96,540
2022,Austrian Grand Prix,R,PER,14.0,10.0,clear_violation,295.0,66.0,214.68702700000000,100.0,0.2084130000000000,109,523
2022,Austrian Grand Prix,R,PER,15.0,9.0,clear_violation,297.0,65.0,214.058600000000,100.0,0.19128800000000001,101,528
2022,Austrian Grand Prix,R,LEC,9.0,9.0,clear_violation,304.0,61.0,218.23527999999999,100.0,0.18382399999999999,100,544
2022,Austrian Grand Prix,R,LEC,10.0,10.0,clear_violation,317.0,51.0,215.3902510000000,100.0,0.22160099999999999,119,537
2022,Austrian Grand Prix,R,LEC,11.0,10.0,clear_violation,304.0,59.0,216.20789700000000,100.0,0.21526400000000001,110,511
2022,Austrian Grand Prix,R,STR,17.0,10.0,clear_violation,289.0,63.0,214.81571900000000,100.0,0.17679600000000001,96,543
2022,Austrian Grand Prix,R,STR,18.0,10.0,clear_violation,290.0,63.0,212.9669460000000,100.0,0.17550299999999999,96,547
2022,Austrian Grand Prix,R,STR,54.0,10.0,clear_violation,294.0,65.0,220.92813200000001,100.0,0.1647940000000000,88,534
2022,Austrian Grand Prix,R,STR,55.0,10.0,clear_violation,293.0,65.0,220.91403500000001,100.0,0.17635999999999999,94,533
2022,Austrian Grand Prix,R,STR,60.0,9.0,clear_violation,294.0,61.0,222.20076599999999,100.0,0.18233099999999999,97,532
2022,Austrian Grand Prix,R,MAG,23.0,9.0,clear_violation,303.0,62.0,213.10417300000000,100.0,0.18864500000000001,103,546
2022,Austrian Grand Prix,R,MAG,38.0,10.0,clear_violation,291.0,62.0,216.78435800000000,100.0,0.15384600000000001,86,559
2022,Austrian Grand Prix,R,MAG,39.0,10.0,clear_violation,292.0,61.0,216.7130940000000,100.0,0.17902399999999999,99,553
2022,Austrian Grand Prix,R,TSU,13.0,10.0,clear_violation,298.0,56.0,211.12979700000000,100.0,0.19926900000000000,109,547
2022,Austrian Grand Prix,R,TSU,14.0,10.0,clear_violation,299.0,64.0,214.26517699999999,100.0,0.1798170000000000,98,545
2022,Austrian Grand Prix,R,TSU,20.0,1.0,clear_violation,296.0,63.0,211.51241300000001,100.0,0.17036999999999999,92,540
2022,Austrian Grand Prix,R,ALB,22.0,10.0,clear_violation,301.0,64.0,215.3957110000000,100.0,0.20218600000000000,111,549
2022,Austrian Grand Prix,R,ALB,23.0,10.0,clear_violation,299.0,60.0,213.90179200000000,100.0,0.21666700000000000,117,540
2022,Austrian Grand Prix,R,ALB,65.0,9.0,clear_violation,323.0,59.0,216.36829900000001,104.0,0.25045699999999999,137,547
2022,Austrian Grand Prix,R,ZHO,10.0,10.0,clear_violation,306.0,62.0,212.0738020000000,100.0,0.21468899999999999,114,531
2022,Austrian Grand Prix,R,ZHO,11.0,10.0,clear_violation,304.0,64.0,214.61091700000000,100.0,0.21082100000000001,113,536
2022,Austrian Grand Prix,R,ZHO,13.0,10.0,clear_violation,315.0,58.0,211.02734200000000,100.0,0.2340040000000000,128,547
2022,Austrian Grand Prix,R,ZHO,14.0,10.0,clear_violation,299.0,64.0,213.95645900000000,100.0,0.21937799999999999,120,547
2022,Austrian Grand Prix,R,ZHO,35.0,1.0,clear_violation,302.0,64.0,216.1766870000000,100.0,0.20786499999999999,111,534
2022,Austrian Grand Prix,R,ZHO,37.0,9.0,clear_violation,312.0,49.0,216.45470599999999,100.0,0.1963960000000000,109,555
2022,Austrian Grand Prix,R,RIC,20.0,10.0,clear_violation,310.0,63.0,219.04368600000001,100.0,0.15878999999999999,84,529
2022,Austrian Grand Prix,R,RIC,21.0,10.0,clear_violation,293.0,64.0,215.91297900000001,100.0,0.15798899999999999,88,557
2022,Austrian Grand Prix,R,RIC,47.0,9.0,clear_violation,294.0,66.0,219.72487799999999,100.0,0.14054100000000000,78,555
2022,Austrian Grand Prix,R,NOR,7.0,10.0,clear_violation,291.0,65.0,214.96093500000001,99.0,0.19782200000000000,109,551
2022,Austrian Grand Prix,R,NOR,8.0,10.0,clear_violation,294.0,64.0,215.0991770000000,99.0,0.1956120000000000,107,547
2022,Austrian Grand Prix,R,NOR,9.0,10.0,clear_violation,296.0,65.0,215.95360299999999,99.0,0.18299399999999999,99,541
2022,Austrian Grand Prix,R,NOR,10.0,10.0,clear_violation,296.0,68.0,214.83529200000001,99.0,0.20226800000000000,107,529
2022,Austrian Grand Prix,R,NOR,31.0,1.0,clear_violation,297.0,65.0,214.32994600000001,98.0,0.2,108,540
2022,Austrian Grand Prix,R,NOR,38.0,10.0,clear_violation,295.0,65.0,217.39382499999999,98.0,0.21223000000000000,118,556
2022,Austrian Grand Prix,R,NOR,39.0,10.0,clear_violation,307.0,61.0,216.38213500000001,98.0,0.19782200000000000,109,551
2022,Austrian Grand Prix,R,HAM,4.0,1.0,clear_violation,315.0,62.0,214.1347640000000,100.0,0.19301499999999999,105,544
2022,Austrian Grand Prix,R,HAM,22.0,10.0,clear_violation,295.0,67.0,219.90404500000000,100.0,0.16296300000000000,88,540
2022,Austrian Grand Prix,R,HAM,23.0,10.0,clear_violation,295.0,66.0,216.78819100000001,100.0,0.18114600000000000,98,541
2022,Austrian Grand Prix,R,HAM,41.0,10.0,clear_violation,295.0,68.0,219.60293300000,100.0,0.1705990000000000,94,551
2022,Austrian Grand Prix,R,HAM,42.0,10.0,clear_violation,293.0,67.0,217.13022599999999,100.0,0.1691450000000000,91,538
2022,Austrian Grand Prix,R,MSC,12.0,9.0,clear_violation,312.0,63.0,214.6759160000000,100.0,0.22495299999999999,119,529
2022,Austrian Grand Prix,R,MSC,13.0,10.0,clear_violation,311.0,61.0,214.553640000000,100.0,0.21955700000000000,119,542
2022,Austrian Grand Prix,R,MSC,14.0,10.0,clear_violation,308.0,62.0,213.85010600000001,100.0,0.22563200000000000,125,554
2022,Austrian Grand Prix,R,MSC,52.0,1.0,clear_violation,295.0,64.0,219.1616800000000,100.0,0.18216299999999999,96,527
2022,Austrian Grand Prix,R,VET,13.0,10.0,clear_violation,314.0,60.0,212.88207900000000,100.0,0.22527500000000000,123,546
2022,Austrian Grand Prix,R,VET,14.0,10.0,clear_violation,303.0,62.0,215.01059500000000,100.0,0.21100900000000000,115,545
2022,Austrian Grand Prix,R,VET,37.0,10.0,clear_violation,316.0,60.0,216.12087399999999,100.0,0.21518999999999999,119,553
2022,Austrian Grand Prix,R,VET,38.0,10.0,clear_violation,303.0,61.0,214.76947699999999,100.0,0.2114700000000000,118,558
2022,Austrian Grand Prix,R,VET,65.0,9.0,clear_violation,320.0,66.0,215.05789899999999,100.0,0.21052599999999999,116,551
2022,Austrian Grand Prix,R,VET,70.0,10.0,clear_violation,297.0,65.0,220.07684000000000,100.0,0.18773899999999999,98,522
2022,Austrian Grand Prix,R,SAI,11.0,9.0,clear_violation,296.0,64.0,217.62419499999999,100.0,0.21206200000000000,109,514
2022,Austrian Grand Prix,R,SAI,13.0,10.0,clear_violation,293.0,65.0,216.12097700000001,100.0,0.18181800000000001,96,528
2022,Austrian Grand Prix,R,SAI,14.0,10.0,clear_violation,305.0,62.0,217.94722800000000,100.0,0.19330900000000001,104,538
2022,Austrian Grand Prix,R,SAI,32.0,1.0,clear_violation,292.0,68.0,223.1424230000000,100.0,0.16698700000000000,87,521
2022,Austrian Grand Prix,R,LAT,10.0,9.0,clear_violation,311.0,58.0,211.18089100000000,100.0,0.20794000000000001,110,529
2022,Austrian Grand Prix,R,LAT,37.0,1.0,clear_violation,296.0,67.0,215.77456200000000,100.0,0.2,110,550
2022,Austrian Grand Prix,S,VER,15.0,10.0,clear_violation,298.0,67.0,225.02480100000000,100.0,0.1761250000000000,90,511
2022,Austrian Grand Prix,S,VER,16.0,10.0,clear_violation,298.0,69.0,221.64350700000000,100.0,0.16760800000000001,89,531
2022,Austrian Grand Prix,S,LEC,14.0,9.0,clear_violation,297.0,63.0,222.9014000000000,100.0,0.16666700000000001,90,540
2022,Austrian Grand Prix,S,SAI,9.0,9.0,clear_violation,296.0,64.0,221.33431200000001,100.0,0.1840610000000000,97,527
2022,Austrian Grand Prix,S,SAI,16.0,9.0,clear_violation,296.0,67.0,224.0960850000000,100.0,0.18455700000000000,98,531
2022,Austrian Grand Prix,S,PER,16.0,1.0,clear_violation,299.0,66.0,223.1078730000000,100.0,0.18738400000000000,101,539
2022,Austrian Grand Prix,S,PER,17.0,9.0,clear_violation,300.0,66.0,221.77743000000001,100.0,0.18582399999999999,97,522
2022,Austrian Grand Prix,S,MAG,5.0,10.0,clear_violation,321.0,47.0,220.24243400000000,100.0,0.19769700000000001,103,521
2022,Austrian Grand Prix,S,MAG,6.0,10.0,clear_violation,307.0,63.0,220.60212500000000,100.0,0.18975300000000000,100,527
2022,Austrian Grand Prix,S,MAG,11.0,9.0,clear_violation,307.0,65.0,217.92862700000001,100.0,0.17857100000000001,95,532
2022,Austrian Grand Prix,S,HAM,15.0,9.0,clear_violation,318.0,64.0,216.16557900000001,100.0,0.20229000000000000,106,524
2022,Austrian Grand Prix,S,HAM,17.0,9.0,clear_violation,312.0,59.0,219.75840800000000,100.0,0.19330900000000001,104,538
2022,Austrian Grand Prix,S,MSC,18.0,10.0,clear_violation,314.0,57.0,216.57500700000000,100.0,0.21762599999999999,121,556
2022,Austrian Grand Prix,S,MSC,19.0,10.0,clear_violation,313.0,55.0,214.650235000000,100.0,0.1944950000000000,106,545
2022,Austrian Grand Prix,S,NOR,23.0,10.0,clear_violation,303.0,62.0,217.29801200000000,98.0,0.20512800000000000,112,546
2022,Austrian Grand Prix,S,RIC,21.0,9.0,clear_violation,316.0,64.0,217.3609340000000,99.0,0.18401500000000001,99,538
2022,Austrian Grand Prix,S,RIC,22.0,10.0,clear_violation,315.0,62.0,217.55910000000000,99.0,0.19360900000000000,103,532
2022,Austrian Grand Prix,S,RIC,23.0,10.0,clear_violation,314.0,62.0,216.79098700000000,99.0,0.18647200000000000,102,547
2022,Austrian Grand Prix,S,STR,17.0,10.0,clear_violation,313.0,58.0,216.75392500000001,100.0,0.2007370000000000,109,543
2022,Austrian Grand Prix,S,STR,18.0,10.0,clear_violation,314.0,58.0,217.87712600000000,100.0,0.2039360000000000,114,559
2022,Austrian Grand Prix,S,ZHO,19.0,1.0,clear_violation,307.0,63.0,217.45829499999999,100.0,0.19776099999999999,106,536
2022,Austrian Grand Prix,S,ZHO,21.0,1.0,clear_violation,317.0,52.0,218.71465599999999,100.0,0.22181100000000001,120,541
2022,Austrian Grand Prix,S,GAS,14.0,9.0,clear_violation,311.0,63.0,220.19318600000000,100.0,0.17190400000000000,93,541
2022,Austrian Grand Prix,S,GAS,16.0,10.0,clear_violation,313.0,63.0,218.92992599999999,100.0,0.19521200000000000,106,543
2022,Austrian Grand Prix,S,GAS,17.0,10.0,clear_violation,299.0,61.0,217.5817490000000,100.0,0.18047900000000000,98,543
2022,Austrian Grand Prix,S,GAS,21.0,9.0,clear_violation,304.0,48.0,214.31278399999999,100.0,0.17454500000000001,96,550
2022,Austrian Grand Prix,S,ALB,9.0,9.0,clear_violation,310.0,63.0,215.8544810000000,100.0,0.1951220000000000,104,533
2022,Austrian Grand Prix,S,ALB,12.0,9.0,clear_violation,304.0,61.0,215.80320900000001,100.0,0.1890360000000000,100,529
2022,Austrian Grand Prix,S,TSU,13.0,9.0,clear_violation,302.0,65.0,218.98693700000001,100.0,0.19343099999999999,106,548
2022,Austrian Grand Prix,S,TSU,17.0,9.0,clear_violation,302.0,65.0,217.69191499999999,100.0,0.17463200000000001,95,544
2022,Austrian Grand Prix,S,TSU,19.0,1.0,clear_violation,300.0,67.0,217.12383900000000,100.0,0.1937270000000000,105,542
2022,Austrian Grand Prix,S,VET,19.0,10.0,clear_violation,310.0,61.0,204.66270100000000,100.0,0.196113000000000,111,566
2022,Austrian Grand Prix,S,VET,20.0,10.0,clear_violation,308.0,63.0,211.40490299999999,100.0,0.22841700000000001,127,556
2022,Austrian Grand Prix,SQ,VER,15.0,10.0,clear_violation,298.0,67.0,225.02480100000000,100.0,0.1761250000000000,90,511
2022,Austrian Grand Prix,SQ,VER,16.0,10.0,clear_violation,298.0,69.0,221.64350700000000,100.0,0.16760800000000001,89,531
2022,Austrian Grand Prix,SQ,LEC,14.0,9.0,clear_violation,297.0,63.0,222.9014000000000,100.0,0.16666700000000001,90,540
2022,Austrian Grand Prix,SQ,SAI,9.0,9.0,clear_violation,296.0,64.0,221.33431200000001,100.0,0.1840610000000000,97,527
2022,Austrian Grand Prix,SQ,SAI,16.0,9.0,clear_violation,296.0,67.0,224.0960850000000,100.0,0.18455700000000000,98,531
2022,Austrian Grand Prix,SQ,PER,16.0,1.0,clear_violation,299.0,66.0,223.1078730000000,100.0,0.18738400000000000,101,539
2022,Austrian Grand Prix,SQ,PER,17.0,9.0,clear_violation,300.0,66.0,221.77743000000001,100.0,0.18582399999999999,97,522
2022,Austrian Grand Prix,SQ,MAG,5.0,10.0,clear_violation,321.0,47.0,220.24243400000000,100.0,0.19769700000000001,103,521
2022,Austrian Grand Prix,SQ,MAG,6.0,10.0,clear_violation,307.0,63.0,220.60212500000000,100.0,0.18975300000000000,100,527
2022,Austrian Grand Prix,SQ,MAG,11.0,9.0,clear_violation,307.0,65.0,217.92862700000001,100.0,0.17857100000000001,95,532
2022,Austrian Grand Prix,SQ,HAM,15.0,9.0,clear_violation,318.0,64.0,216.16557900000001,100.0,0.20229000000000000,106,524
2022,Austrian Grand Prix,SQ,HAM,17.0,9.0,clear_violation,312.0,59.0,219.75840800000000,100.0,0.19330900000000001,104,538
2022,Austrian Grand Prix,SQ,MSC,18.0,10.0,clear_violation,314.0,57.0,216.57500700000000,100.0,0.21762599999999999,121,556
2022,Austrian Grand Prix,SQ,MSC,19.0,10.0,clear_violation,313.0,55.0,214.650235000000,100.0,0.1944950000000000,106,545
2022,Austrian Grand Prix,SQ,NOR,23.0,10.0,clear_violation,303.0,62.0,217.29801200000000,98.0,0.20512800000000000,112,546
2022,Austrian Grand Prix,SQ,RIC,21.0,9.0,clear_violation,316.0,64.0,217.3609340000000,99.0,0.18401500000000001,99,538
2022,Austrian Grand Prix,SQ,RIC,22.0,10.0,clear_violation,315.0,62.0,217.55910000000000,99.0,0.19360900000000000,103,532
2022,Austrian Grand Prix,SQ,RIC,23.0,10.0,clear_violation,314.0,62.0,216.79098700000000,99.0,0.18647200000000000,102,547
2022,Austrian Grand Prix,SQ,STR,17.0,10.0,clear_violation,313.0,58.0,216.75392500000001,100.0,0.2007370000000000,109,543
2022,Austrian Grand Prix,SQ,STR,18.0,10.0,clear_violation,314.0,58.0,217.87712600000000,100.0,0.2039360000000000,114,559
2022,Austrian Grand Prix,SQ,ZHO,19.0,1.0,clear_violation,307.0,63.0,217.45829499999999,100.0,0.19776099999999999,106,536
2022,Austrian Grand Prix,SQ,ZHO,21.0,1.0,clear_violation,317.0,52.0,218.71465599999999,100.0,0.22181100000000001,120,541
2022,Austrian Grand Prix,SQ,GAS,14.0,9.0,clear_violation,311.0,63.0,220.19318600000000,100.0,0.17190400000000000,93,541
2022,Austrian Grand Prix,SQ,GAS,16.0,10.0,clear_violation,313.0,63.0,218.92992599999999,100.0,0.19521200000000000,106,543
2022,Austrian Grand Prix,SQ,GAS,17.0,10.0,clear_violation,299.0,61.0,217.5817490000000,100.0,0.18047900000000000,98,543
2022,Austrian Grand Prix,SQ,GAS,21.0,9.0,clear_violation,304.0,48.0,214.31278399999999,100.0,0.17454500000000001,96,550
2022,Austrian Grand Prix,SQ,ALB,9.0,9.0,clear_violation,310.0,63.0,215.8544810000000,100.0,0.1951220000000000,104,533
2022,Austrian Grand Prix,SQ,ALB,12.0,9.0,clear_violation,304.0,61.0,215.80320900000001,100.0,0.1890360000000000,100,529
2022,Austrian Grand Prix,SQ,TSU,13.0,9.0,clear_violation,302.0,65.0,218.98693700000001,100.0,0.19343099999999999,106,548
2022,Austrian Grand Prix,SQ,TSU,17.0,9.0,clear_violation,302.0,65.0,217.69191499999999,100.0,0.17463200000000001,95,544
2022,Austrian Grand Prix,SQ,TSU,19.0,1.0,clear_violation,300.0,67.0,217.12383900000000,100.0,0.1937270000000000,105,542
2022,Austrian Grand Prix,SQ,VET,19.0,10.0,clear_violation,310.0,61.0,204.66270100000000,100.0,0.196113000000000,111,566
2022,Austrian Grand Prix,SQ,VET,20.0,10.0,clear_violation,308.0,63.0,211.40490299999999,100.0,0.22841700000000001,127,556
2022,Azerbaijan Grand Prix,FP1,GAS,14.0,16.0,no_advantage,326.0,71.0,179.91790300000000,100.0,0.2159830000000000,200,926
2022,Azerbaijan Grand Prix,FP1,STR,10.0,4.0,no_advantage,312.0,59.0,158.61606599999999,100.0,0.29137800000000003,294,1009
2022,Azerbaijan Grand Prix,FP1,GAS,21.0,15.0,no_advantage,323.3142860000000,31.0,147.16952599999999,100.0,0.1668150000000000,188,1127
2022,Azerbaijan Grand Prix,FP1,OCO,17.0,17.0,no_advantage,330.0,42.0,158.2038180000000,100.0,0.25692500000000001,269,1047
2022,Azerbaijan Grand Prix,FP1,VER,22.0,15.0,no_advantage,319.0,71.0,195.24129600000001,100.0,0.2193940000000000,181,825
2022,Azerbaijan Grand Prix,FP2,NOR,1.0,3.0,no_advantage,313.0,0.0,151.58097799999999,100.0,0.2304730000000000,239,1037
2022,Azerbaijan Grand Prix,FP2,MSC,11.0,4.0,no_advantage,316.6613630,0.0,29.957111999999999,104.0,0.6739800000000000,3717,5515
2022,Azerbaijan Grand Prix,FP2,PER,11.0,1.0,no_advantage,333.0,49.0,139.23253800000001,100.0,0.20819099999999999,244,1172
2022,Azerbaijan Grand Prix,FP2,GAS,14.0,1.0,no_advantage,329.0,56.0,156.21678299999999,100.0,0.14438000000000001,149,1032
2022,Azerbaijan Grand Prix,FP2,LEC,13.0,7.0,no_advantage,318.70499700,0.0,128.08359500000000,100.0,0.3111110000000000,392,1260
2022,Azerbaijan Grand Prix,FP2,PER,12.0,15.0,no_advantage,331.0,0.0,139.4893750000000,100.0,0.20654900000000001,246,1191
2022,Azerbaijan Grand Prix,FP2,STR,18.0,15.0,no_advantage,317.0,69.0,193.90631600000000,100.0,0.22422100000000000,187,834
2022,Azerbaijan Grand Prix,FP2,SAI,22.0,15.0,no_advantage,313.0,69.0,197.6882250000000,100.0,0.2181370000000000,178,816
2022,Azerbaijan Grand Prix,FP3,BOT,1.0,1.0,no_advantage,323.4,47.0,158.52319499999999,100.0,0.24028600000000000,235,978
2022,Azerbaijan Grand Prix,FP3,BOT,12.0,3.0,no_advantage,331.0,56.0,152.6684420000000,100.0,0.22483500000000001,239,1063
2022,Azerbaijan Grand Prix,FP3,LEC,13.0,15.0,no_advantage,326.0250010000000,0.0,121.44507000000000,100.0,0.3209230000000000,431,1343
2022,Azerbaijan Grand Prix,FP3,BOT,16.0,2.0,no_advantage,321.0,44.0,164.69111799999999,100.0,0.22894000000000000,231,1009
2022,Azerbaijan Grand Prix,Q,RUS,6.0,7.0,clear_violation,329.0,60.0,192.67294899999999,100.0,0.18277099999999999,157,859
2022,Azerbaijan Grand Prix,Q,BOT,1.0,3.0,no_advantage,326.0716840000000,52.0,168.2328480000000,100.0,0.2424920000000000,218,899
2022,Azerbaijan Grand Prix,Q,VET,3.0,3.0,no_advantage,333.66250000000002,39.0,152.5661720000000,100.0,0.21828400000000001,234,1072
2022,Azerbaijan Grand Prix,Q,STR,5.0,7.0,no_advantage,326.0,0.0,93.53460099999999,104.0,0.4125710000000000,722,1750
2022,Azerbaijan Grand Prix,Q,VET,10.0,15.0,no_advantage,330.3749990000000,48.0,149.52533299999999,100.0,0.24379000000000001,265,1087
2022,Azerbaijan Grand Prix,Q,TSU,15.0,2.0,no_advantage,335.0,0.0,68.7410230000000,100.0,0.11646400000000000,278,2387
2022,Azerbaijan Grand Prix,Q,NOR,14.0,15.0,no_advantage,324.0,73.0,207.75910300000001,100.0,0.1708230000000000,137,802
2022,Azerbaijan Grand Prix,R,VET,12.0,3.0,no_advantage,337.0,66.0,191.68297999999999,100.0,0.2496970000000000,206,825
2022,Bahrain Grand Prix,FP1,LEC,11.0,11.0,no_advantage,285.8124990,0.0,38.823352000000000,104.0,0.6086520000000000,2406,3953
2022,Bahrain Grand Prix,FP1,ALB,10.0,4.0,no_advantage,287.2300680000000,0.0,123.87555100000000,100.0,0.30354100000000001,360,1186
2022,Bahrain Grand Prix,Q,ZHO,11.0,5.0,clear_violation,317.0,69.0,208.94974500000001,100.0,0.1825960000000000,128,701
2022,Bahrain Grand Prix,R,ALO,41.0,4.0,clear_violation,301.0,55.0,192.12106399999999,100.0,0.22868700000000000,169,739
2022,Bahrain Grand Prix,R,TSU,25.0,4.0,clear_violation,301.0,62.0,194.2497280000000,100.0,0.1913500000000000,146,763
2022,Bahrain Grand Prix,R,NOR,2.0,4.0,clear_violation,303.0,56.0,190.31030100000001,99.0,0.2270970000000000,176,775
2022,Bahrain Grand Prix,R,HAM,34.0,4.0,clear_violation,296.0,65.0,196.73407399999999,100.0,0.19433200000000000,144,741
2022,Bahrain Grand Prix,R,HUL,8.0,1.0,no_advantage,314.0,55.0,189.19629800000001,100.0,0.22868200000000000,177,774
2022,Bahrain Grand Prix,R,ALB,28.0,10.0,no_advantage,321.0,56.0,190.98719299999999,100.0,0.23298400000000000,178,764
2022,Belgian Grand Prix,FP2,SAI,3.0,13.0,no_advantage,262.0,56.0,166.267306000000,100.0,0.13344900000000001,154,1154
2022,Belgian Grand Prix,FP2,GAS,12.0,8.0,no_advantage,279.0,50.0,137.31969400000000,100.0,0.06426000000000000,89,1385
2022,Belgian Grand Prix,FP2,SAI,15.0,9.0,no_advantage,314.0,65.0,222.18890500000001,100.0,0.14654200000000001,125,853
2022,Belgian Grand Prix,FP2,MSC,19.0,7.0,no_advantage,310.0,63.0,201.99905699999999,100.0,0.19556000000000001,185,946
2022,Belgian Grand Prix,FP3,GAS,10.0,17.0,no_advantage,311.0,0.0,24.009983999999999,104.0,0.8100720000000000,6338,7824
2022,Belgian Grand Prix,Q,RIC,5.0,9.0,clear_violation,330.0,69.0,235.93638799999999,100.0,0.12468500000000000,99,794
2022,Belgian Grand Prix,Q,TSU,5.0,18.0,clear_violation,334.0,47.0,230.53167999999999,100.0,0.1259260000000000,102,810
2022,Belgian Grand Prix,R,GAS,8.0,4.0,clear_violation,347.0,59.0,211.71284299999999,100.0,0.1736730000000000,157,904
2022,Belgian Grand Prix,R,ALB,9.0,4.0,clear_violation,322.0,60.0,212.8407430000000,100.0,0.1734810000000000,157,905
2022,Belgian Grand Prix,R,MSC,32.0,4.0,clear_violation,316.0,68.0,221.4440090000000,100.0,0.14285700000000001,121,847
2022,Belgian Grand Prix,R,VET,39.0,4.0,clear_violation,315.0,64.0,220.94559300000000,100.0,0.1535800000000000,133,866
2022,Belgian Grand Prix,R,LAT,7.0,4.0,clear_violation,341.0,62.0,215.94693300000000,100.0,0.19537599999999999,169,865
2022,British Grand Prix,FP2,BOT,20.0,3.0,no_advantage,299.0,79.0,221.22307599999999,100.0,0.18307899999999999,132,721
2022,British Grand Prix,FP2,ZHO,18.0,3.0,no_advantage,292.0,0.0,40.60203900000000,104.0,0.7242020000000000,2723,3760
2022,British Grand Prix,FP2,MSC,21.0,9.0,no_advantage,293.0,83.0,220.56948000000000,100.0,0.13437099999999999,95,707
2022,British Grand Prix,FP2,PER,15.0,3.0,no_advantage,301.0,65.0,215.3547970000000,100.0,0.16869100000000001,125,741
2022,British Grand Prix,FP3,VET,12.0,3.0,no_advantage,312.0,87.0,231.3596010000000,100.0,0.1430640000000000,99,692
2022,British Grand Prix,FP3,PER,10.0,3.0,no_advantage,297.0,68.0,206.89976400000000,100.0,0.1310620000000000,100,763
2022,British Grand Prix,FP3,SAI,16.0,3.0,no_advantage,296.0,73.0,183.95543300000000,100.0,0.15845100000000001,135,852
2022,British Grand Prix,Q,LAT,18.0,3.0,clear_violation,291.0,45.0,166.83612600000001,100.0,0.22325100000000000,217,972
2022,British Grand Prix,Q,VER,15.0,13.0,no_advantage,297.0,72.0,188.53487400000000,100.0,0.21007400000000001,171,814
2022,British Grand Prix,Q,LAT,17.0,3.0,no_advantage,296.0,70.0,186.2410800000000,100.0,0.20470600000000000,174,850
2022,British Grand Prix,Q,LAT,19.0,1.0,no_advantage,285.0,67.0,166.77240699999999,100.0,0.24783500000000000,229,924
2022,British Grand Prix,R,VER,45.0,9.0,clear_violation,306.0,83.0,226.21063300000000,100.0,0.14204500000000000,100,704
2022,British Grand Prix,R,GAS,10.0,15.0,clear_violation,297.0,83.0,215.80113200000000,100.0,0.13706299999999999,98,715
2022,British Grand Prix,R,LEC,45.0,15.0,clear_violation,303.0,77.0,225.99281800000000,100.0,0.1452510000000000,104,716
2022,British Grand Prix,R,STR,50.0,15.0,clear_violation,298.0,78.0,225.15268699999999,100.0,0.16305900000000001,113,693
2022,British Grand Prix,R,MAG,8.0,9.0,clear_violation,318.0,80.0,217.13514400000000,100.0,0.16338000000000000,116,710
2022,British Grand Prix,R,MAG,49.0,9.0,clear_violation,296.0,78.0,224.65505099999999,100.0,0.13218400000000000,92,696
2022,British Grand Prix,R,LAT,26.0,15.0,clear_violation,307.0,79.0,220.58363800000001,100.0,0.19746100000000000,140,709
2022,British Grand Prix,R,LAT,31.0,9.0,clear_violation,306.0,83.0,221.0385150000000,100.0,0.18435799999999999,132,716
2022,British Grand Prix,R,TSU,10.0,3.0,no_advantage,324.0,76.0,216.8097230000000,100.0,0.15655900000000000,111,709
2022,Canadian Grand Prix,FP1,VET,19.0,1.0,no_advantage,292.0,51.0,143.73860800000000,100.0,0.16707300000000000,137,820
2022,Canadian Grand Prix,FP1,RUS,22.0,10.0,no_advantage,299.0,53.0,194.24605900000000,100.0,0.19934099999999999,121,607
2022,Canadian Grand Prix,FP2,VER,7.0,1.0,no_advantage,292.90999800,32.0,130.78384100000000,100.0,0.26362600000000003,237,899
2022,Canadian Grand Prix,FP2,PER,7.0,1.0,no_advantage,330.0,60.0,206.28306400000000,100.0,0.1857640000000000,107,576
2022,Canadian Grand Prix,FP2,VET,8.0,1.0,no_advantage,296.0,59.0,178.96869100000001,100.0,0.22290099999999999,146,655
2022,Canadian Grand Prix,FP2,GAS,33.0,1.0,no_advantage,282.0,0.0,110.81805100000000,100.0,0.19981299999999999,214,1071
2022,Canadian Grand Prix,FP3,MAG,2.0,3.0,no_advantage,282.0,51.0,150.44873500000000,100.0,0.24278200000000000,185,762
2022,Canadian Grand Prix,FP3,MSC,3.0,10.0,no_advantage,282.0,40.0,147.2304680000000,100.0,0.24873700000000001,197,792
2022,Canadian Grand Prix,FP3,VET,2.0,10.0,no_advantage,281.0,41.0,148.1265740000000,99.0,0.31065500000000001,242,779
2022,Canadian Grand Prix,FP3,VET,3.0,1.0,no_advantage,282.0,41.0,153.58209400000001,99.0,0.2849740000000000,220,772
2022,Canadian Grand Prix,FP3,TSU,6.0,10.0,no_advantage,294.0,40.0,155.78074200000000,100.0,0.2315650000000000,179,773
2022,Canadian Grand Prix,FP3,TSU,7.0,1.0,no_advantage,294.0,45.0,158.02591200000001,100.0,0.22913900000000001,173,755
2022,Canadian Grand Prix,FP3,OCO,2.0,1.0,no_advantage,291.0,48.0,154.47393299999999,100.0,0.28191500000000003,212,752
2022,Canadian Grand Prix,FP3,ALB,1.0,1.0,no_advantage,283.0,50.0,137.41271200000000,100.0,0.23746999999999999,199,838
2022,Canadian Grand Prix,FP3,GAS,4.0,3.0,no_advantage,294.0,45.0,160.3933110000000,100.0,0.23901100000000000,174,728
2022,Canadian Grand Prix,FP3,MAG,6.0,10.0,no_advantage,285.0,50.0,152.17029800000000,100.0,0.22279099999999999,174,781
2022,Canadian Grand Prix,FP3,GAS,8.0,1.0,no_advantage,298.0,51.0,151.45447300000001,100.0,0.22236800000000001,169,760
2022,Canadian Grand Prix,FP3,BOT,8.0,1.0,no_advantage,292.0,50.0,159.8309490000000,100.0,0.2674900000000000,195,729
2022,Canadian Grand Prix,FP3,SAI,14.0,3.0,no_advantage,292.0,46.0,148.39665600000001,100.0,0.31949699999999998,254,795
2022,Canadian Grand Prix,FP3,MAG,11.0,1.0,no_advantage,292.0,50.0,152.13251099999999,100.0,0.28192200000000001,223,791
2022,Canadian Grand Prix,FP3,VER,6.0,10.0,no_advantage,297.0,44.0,159.64014499999999,100.0,0.22964000000000001,172,749
2022,Canadian Grand Prix,FP3,VER,6.0,4.0,no_advantage,297.0,44.0,159.64014499999999,100.0,0.22964000000000001,172,749
2022,Canadian Grand Prix,FP3,ALB,12.0,10.0,no_advantage,282.0,53.0,150.20240500000000,100.0,0.2609250000000000,203,778
2022,Canadian Grand Prix,FP3,ZHO,10.0,1.0,no_advantage,295.0,52.0,162.62041600000001,100.0,0.23216800000000001,166,715
2022,Canadian Grand Prix,Q,VER,5.0,2.0,clear_violation,295.0,45.0,152.33711800000000,100.0,0.2612140000000000,198,758
2022,Canadian Grand Prix,Q,VER,9.0,2.0,clear_violation,291.0,50.0,160.06172200000000,100.0,0.27434799999999998,200,729
2022,Canadian Grand Prix,Q,ALO,8.0,2.0,clear_violation,280.0,39.0,158.1672000000000,100.0,0.28314899999999998,205,724
2022,Canadian Grand Prix,Q,ALO,27.0,10.0,clear_violation,286.0,42.0,155.01985500000001,100.0,0.3171050000000000,241,760
2022,Canadian Grand Prix,Q,SAI,18.0,2.0,clear_violation,304.0,45.0,163.29270000000000,100.0,0.26657300000000000,189,709
2022,Canadian Grand Prix,Q,HAM,2.0,14.0,clear_violation,294.0,47.0,155.8792690000000,100.0,0.2543510000000000,190,747
2022,Canadian Grand Prix,Q,HAM,5.0,2.0,clear_violation,295.0,44.0,154.4549580000000,100.0,0.2898940000000000,218,752
2022,Canadian Grand Prix,Q,MAG,3.0,10.0,clear_violation,290.0,45.0,160.9680420000000,100.0,0.24621699999999999,179,727
2022,Canadian Grand Prix,Q,MAG,8.0,2.0,clear_violation,277.0,47.0,151.03224299999999,100.0,0.26666699999999999,200,750
2022,Canadian Grand Prix,Q,RUS,29.0,2.0,clear_violation,281.0,0.0,125.28509800000000,100.0,0.27742600000000001,263,948
2022,Canadian Grand Prix,Q,RIC,23.0,6.0,clear_violation,282.0,50.0,174.1439010000000,100.0,0.207493000000000,144,694
2022,Canadian Grand Prix,Q,BOT,2.0,14.0,clear_violation,288.0,48.0,157.4525920000000,100.0,0.26245000000000002,195,743
2022,Canadian Grand Prix,Q,ALB,2.0,10.0,clear_violation,296.0,45.0,150.69361300000000,100.0,0.28735600000000000,225,783
2022,Canadian Grand Prix,Q,PER,3.0,2.0,clear_violation,294.0,39.0,155.01055299999999,100.0,0.26308700000000002,196,745
2022,Canadian Grand Prix,Q,NOR,4.0,2.0,clear_violation,287.0,40.0,155.9612000000000,99.0,0.24133299999999999,181,750
2022,Canadian Grand Prix,Q,NOR,7.0,7.0,clear_violation,287.0,42.0,155.75640200000001,99.0,0.23230999999999999,174,749
2022,Canadian Grand Prix,Q,LEC,8.0,2.0,clear_violation,295.0,27.0,152.41693500000000,100.0,0.2998680000000000,227,757
2022,Canadian Grand Prix,Q,GAS,9.0,8.0,clear_violation,297.0,46.0,157.6057130000000,100.0,0.24932599999999999,185,742
2022,Canadian Grand Prix,Q,VET,5.0,10.0,clear_violation,290.0,40.0,151.2040980000000,99.0,0.28608600000000001,220,769
2022,Canadian Grand Prix,Q,ALB,1.0,10.0,no_advantage,262.0,14.0,125.62870800000000,100.0,0.252986000000000,233,921
2022,Canadian Grand Prix,Q,PER,2.0,1.0,no_advantage,294.0,45.0,157.60450900000001,100.0,0.2584570000000000,191,739
2022,Canadian Grand Prix,Q,MAG,2.0,10.0,no_advantage,286.0,43.0,157.40403800000001,100.0,0.2608110000000000,193,740
2022,Canadian Grand Prix,Q,VET,3.0,1.0,no_advantage,293.0,47.0,157.24569199999999,99.0,0.2860930000000000,216,755
2022,Canadian Grand Prix,Q,HAM,4.0,2.0,no_advantage,287.0,41.0,143.77522300000001,104.0,0.296970000000000,245,825
2022,Canadian Grand Prix,Q,VER,4.0,1.0,no_advantage,292.0,32.0,150.76351199999999,100.0,0.27353699999999997,215,786
2022,Canadian Grand Prix,Q,TSU,4.0,10.0,no_advantage,297.0,42.0,156.80320900000001,100.0,0.31176500000000001,212,680
2022,Canadian Grand Prix,Q,VET,4.0,10.0,no_advantage,293.0,48.0,160.29618700000000,99.0,0.2594590000000000,192,740
2022,Canadian Grand Prix,Q,LAT,5.0,1.0,no_advantage,299.0,48.0,158.19130400000000,100.0,0.2608110000000000,193,740
2022,Canadian Grand Prix,Q,OCO,6.0,3.0,no_advantage,288.0,48.0,151.5954820000000,100.0,0.28903200000000001,224,775
2022,Canadian Grand Prix,Q,NOR,6.0,7.0,no_advantage,287.0,46.0,151.13712699999999,99.0,0.24324299999999999,189,777
2022,Canadian Grand Prix,Q,NOR,7.0,1.0,no_advantage,287.0,42.0,155.75640200000001,99.0,0.23230999999999999,174,749
2022,Canadian Grand Prix,Q,MAG,7.0,1.0,no_advantage,297.0,48.0,164.1607120000000,100.0,0.273876000000000,195,712
2022,Canadian Grand Prix,Q,ALO,7.0,1.0,no_advantage,277.0,42.0,144.16025700000000,100.0,0.2518520000000000,204,810
2022,Canadian Grand Prix,Q,LEC,7.0,1.0,no_advantage,300.0,45.0,164.99429100000000,100.0,0.2446350000000000,171,699
2022,Canadian Grand Prix,Q,MSC,8.0,1.0,no_advantage,295.0,48.0,166.21612600000000,100.0,0.2629310000000000,183,696
2022,Canadian Grand Prix,Q,OCO,9.0,10.0,no_advantage,297.0,49.0,165.2376830000000,100.0,0.24034300000000000,168,699
2022,Canadian Grand Prix,Q,RUS,10.0,1.0,no_advantage,296.0,42.0,163.66324499999999,100.0,0.2401130000000000,170,708
2022,Canadian Grand Prix,Q,ZHO,13.0,1.0,no_advantage,292.0,47.0,165.9610710000000,100.0,0.23711299999999999,161,679
2022,Canadian Grand Prix,Q,SAI,17.0,1.0,no_advantage,290.0,54.0,175.20918699999999,100.0,0.22928999999999999,155,676
2022,Canadian Grand Prix,Q,RIC,22.0,6.0,no_advantage,275.1750020,22.0,131.11547500000000,100.0,0.1772430000000000,162,914
2022,Canadian Grand Prix,Q,RUS,28.0,2.0,no_advantage,280.0,57.0,152.81335000000001,100.0,0.2506430000000000,195,778
2022,Canadian Grand Prix,Q,ALO,26.0,10.0,no_advantage,279.375,32.0,141.7641850000000,100.0,0.2956420000000000,251,849
2022,Canadian Grand Prix,R,GAS,32.0,14.0,clear_violation,313.0,58.0,197.09686900000000,100.0,0.3288360000000000,195,593
2022,Canadian Grand Prix,R,GAS,67.0,14.0,clear_violation,340.0,51.0,198.1505370000000,100.0,0.23608799999999999,140,593
2022,Canadian Grand Prix,R,LEC,59.0,14.0,clear_violation,330.0,54.0,196.98915600000001,99.0,0.215,129,600
2022,Canadian Grand Prix,R,MAG,47.0,14.0,clear_violation,310.0,61.0,194.463755000000,100.0,0.19966999999999999,121,606
2022,Canadian Grand Prix,R,TSU,10.0,14.0,clear_violation,310.0,64.0,160.69649699999999,100.0,0.14685300000000001,105,715
2022,Canadian Grand Prix,R,NOR,47.0,14.0,clear_violation,308.0,60.0,197.60182900000001,99.0,0.1917810000000000,112,584
2022,Canadian Grand Prix,R,LAT,7.0,14.0,clear_violation,314.0,58.0,190.50344400000000,100.0,0.24115800000000001,150,622
2022,Canadian Grand Prix,R,RUS,8.0,14.0,clear_violation,303.0,61.0,195.00862200000000,100.0,0.21079300000000001,125,593
2022,Canadian Grand Prix,R,BOT,1.0,14.0,no_advantage,311.0,0.0,173.6894720000000,100.0,0.30658999999999997,214,698
2022,Dutch Grand Prix,FP1,ALO,6.0,11.0,no_advantage,315.0,53.0,191.59986799999999,100.0,0.2263840000000000,139,614
2022,Dutch Grand Prix,FP1,MAG,5.0,11.0,no_advantage,311.0,95.0,199.83461100000000,100.0,0.2016950000000000,119,590
2022,Dutch Grand Prix,FP1,PER,15.0,9.0,no_advantage,320.0,78.0,180.26198500000001,100.0,0.1608830000000000,102,634
2022,Dutch Grand Prix,Q,TSU,2.0,3.0,clear_violation,319.0,96.0,208.9709040000000,100.0,0.16783200000000001,96,572
2022,Dutch Grand Prix,Q,MAG,8.0,3.0,clear_violation,321.0,93.0,211.3366340000000,100.0,0.18352099999999999,98,534
2022,Dutch Grand Prix,Q,VET,8.0,13.0,no_advantage,319.0,50.0,168.24491200000000,100.0,0.20029500000000000,136,679
2022,Dutch Grand Prix,R,VER,41.0,3.0,clear_violation,306.0,88.0,200.8490520000000,100.0,0.2058320000000000,120,583
2022,Dutch Grand Prix,R,GAS,12.0,3.0,clear_violation,289.0249990000000,0.0,159.81967599999999,100.0,0.1900140000000000,137,721
2022,Dutch Grand Prix,R,LEC,27.0,3.0,clear_violation,300.0,90.0,198.68994100000000,100.0,0.19931900000000000,117,587
2022,Dutch Grand Prix,R,LEC,36.0,3.0,clear_violation,302.0,90.0,199.73775300000000,100.0,0.22164900000000001,129,582
2022,Dutch Grand Prix,R,OCO,20.0,3.0,clear_violation,297.0,90.0,197.16379800000001,100.0,0.24428800000000001,139,569
2022,Dutch Grand Prix,R,MSC,30.0,3.0,clear_violation,300.0,88.0,194.7920870000000,100.0,0.19263000000000000,115,597
2022,Dutch Grand Prix,R,VET,11.0,3.0,clear_violation,294.0,89.0,197.15745400000000,100.0,0.20035100000000000,114,569
2022,Dutch Grand Prix,R,LAT,17.0,3.0,clear_violation,303.0,95.0,194.88362400000000,100.0,0.23429500000000000,138,589
2022,Dutch Grand Prix,R,MAG,1.0,2.0,no_advantage,297.0,0.0,172.5339600000000,100.0,0.28156700000000001,194,689
2022,Emilia Romagna Grand Prix,FP1,MAG,2.0,12.0,no_advantage,276.0,66.0,169.36623100000000,100.0,0.29712899999999998,238,801
2022,Emilia Romagna Grand Prix,FP1,STR,2.0,12.0,no_advantage,280.0,66.0,160.60220899999999,100.0,0.2865850000000000,235,820
2022,Emilia Romagna Grand Prix,FP1,NOR,5.0,17.0,no_advantage,281.0,68.0,177.83103299999999,100.0,0.24767000000000000,186,751
2022,Emilia Romagna Grand Prix,FP1,OCO,9.0,17.0,no_advantage,287.0,25.0,160.4089820000000,100.0,0.249080000000000,203,815
2022,Emilia Romagna Grand Prix,FP1,STR,8.0,13.0,no_advantage,261.9375020,0.0,45.96342400000000,104.0,0.6251750000000000,1788,2860
2022,Emilia Romagna Grand Prix,FP1,STR,12.0,18.0,no_advantage,279.0,50.0,166.62196499999999,100.0,0.26774599999999998,215,803
2022,Emilia Romagna Grand Prix,FP1,MAG,12.0,17.0,no_advantage,268.0,0.0,18.367954999999998,104.0,0.8213420000000000,6119,7450
2022,Emilia Romagna Grand Prix,FP1,SAI,14.0,13.0,no_advantage,291.0,46.0,173.45946499999999,100.0,0.2626900000000000,207,788
2022,Emilia Romagna Grand Prix,FP1,MAG,15.0,18.0,no_advantage,288.0,61.0,183.79192800000001,100.0,0.2804530000000000,198,706
2022,Emilia Romagna Grand Prix,FP1,VET,14.0,2.0,no_advantage,289.0,76.0,185.18826999999999,100.0,0.24289800000000000,171,704
2022,Emilia Romagna Grand Prix,FP1,VER,11.0,13.0,no_advantage,292.0,75.0,186.0654570000000,100.0,0.242468000000000,169,697
2022,Emilia Romagna Grand Prix,FP1,GAS,11.0,4.0,no_advantage,262.0687500,0.0,13.525641000000000,104.0,0.8760730000000000,8674,9901
2022,Emilia Romagna Grand Prix,FP1,VET,17.0,13.0,no_advantage,292.0,75.0,186.15206699999999,100.0,0.260432000000000,181,695
2022,Emilia Romagna Grand Prix,FP1,RUS,15.0,13.0,no_advantage,282.0,65.0,184.08941899999999,100.0,0.23628700000000000,168,711
2022,Emilia Romagna Grand Prix,FP1,GAS,17.0,13.0,no_advantage,292.0,0.0,75.13916300000000,100.0,0.1471950000000000,286,1943
2022,Emilia Romagna Grand Prix,FP2,MAG,24.0,13.0,no_advantage,298.0,92.0,216.6178110000000,100.0,0.16429700000000000,104,633
2022,Emilia Romagna Grand Prix,Q,ALO,22.0,13.0,clear_violation,289.0,54.0,173.0464850000000,100.0,0.2506530000000000,192,766
2022,Emilia Romagna Grand Prix,Q,PER,21.0,2.0,clear_violation,300.0,82.0,189.74317300000001,100.0,0.23462100000000000,164,699
2022,Emilia Romagna Grand Prix,Q,VET,23.0,2.0,clear_violation,296.0,75.0,174.97659400000001,100.0,0.2750680000000000,203,738
2022,Emilia Romagna Grand Prix,Q,MSC,6.0,14.0,clear_violation,293.0,70.0,191.79838300000000,100.0,0.19635300000000000,140,713
2022,Emilia Romagna Grand Prix,Q,VER,14.0,2.0,no_advantage,282.0,0.0,10.72272300000000,104.0,0.8052730000000000,10781,13388
2022,Emilia Romagna Grand Prix,Q,PER,20.0,2.0,no_advantage,274.0,46.0,160.23709500000001,100.0,0.2452320000000000,180,734
2022,Emilia Romagna Grand Prix,Q,ALO,21.0,11.0,no_advantage,265.65,32.55,160.39997800000000,100.0,0.24559000000000000,181,737
2022,Emilia Romagna Grand Prix,Q,VET,22.0,2.0,no_advantage,296.0,74.0,193.89666399999999,100.0,0.2619390000000000,181,691
2022,Emilia Romagna Grand Prix,Q,BOT,22.0,12.0,no_advantage,292.0,76.0,192.63226000000000,100.0,0.25584800000000002,175,684
2022,Emilia Romagna Grand Prix,R,PER,28.0,14.0,clear_violation,308.0,94.0,210.4805830000000,100.0,0.1946620000000000,124,637
2022,Emilia Romagna Grand Prix,R,LEC,14.0,9.0,clear_violation,302.0,73.0,189.81326700000000,100.0,0.2539450000000000,177,697
2022,Emilia Romagna Grand Prix,R,VET,13.0,14.0,clear_violation,300.0,61.0,186.770692000000,100.0,0.2877090000000000,206,716
2022,Emilia Romagna Grand Prix,R,LAT,13.0,14.0,clear_violation,304.0,77.0,182.7686490000000,100.0,0.25383499999999998,182,717
2022,Emilia Romagna Grand Prix,R,MSC,16.0,14.0,clear_violation,301.0,63.0,183.01622399999999,100.0,0.26506000000000002,198,747
2022,Emilia Romagna Grand Prix,R,MSC,24.0,14.0,clear_violation,303.0,0.0,186.56972900000000,100.0,0.21246499999999999,150,706
2022,Emilia Romagna Grand Prix,R,MSC,27.0,9.0,clear_violation,302.0,97.0,211.59488600000000,100.0,0.19122300000000000,122,638
2022,Emilia Romagna Grand Prix,R,RIC,54.0,15.0,clear_violation,303.0,93.0,211.49661000000000,100.0,0.16770199999999999,108,644
2022,French Grand Prix,FP1,VER,11.0,10.0,no_advantage,334.0,74.0,219.73940800000000,100.0,0.1771980000000000,129,728
2022,French Grand Prix,FP1,GAS,16.0,11.0,no_advantage,299.0,57.0,143.31207000000001,100.0,0.10682200000000000,119,1114
2022,French Grand Prix,FP1,VET,18.0,11.0,no_advantage,302.0,75.0,204.14590300000000,100.0,0.1922110000000000,153,796
2022,French Grand Prix,FP2,MSC,5.0,11.0,no_advantage,305.0,60.0,137.74743400000000,100.0,0.10967200000000001,127,1158
2022,French Grand Prix,FP2,RUS,7.0,11.0,no_advantage,294.0,52.0,145.331684000000,100.0,0.1532030000000000,165,1077
2022,French Grand Prix,FP2,MAG,12.0,2.0,no_advantage,319.0,60.0,150.860501000000,100.0,0.10983800000000001,115,1047
2022,French Grand Prix,FP3,MAG,4.0,11.0,no_advantage,326.0,58.0,203.53721300000001,100.0,0.17829500000000001,138,774
2022,French Grand Prix,FP3,LEC,3.0,12.0,no_advantage,310.0,51.0,142.99406999999999,100.0,0.16620199999999999,179,1077
2022,French Grand Prix,FP3,PER,8.0,11.0,no_advantage,314.0,75.0,209.64276599999999,100.0,0.17721500000000001,126,711
2022,French Grand Prix,FP3,NOR,4.0,3.0,no_advantage,293.5000010000000,60.0,156.38487200000000,100.0,0.08841499999999999,87,984
2022,French Grand Prix,FP3,SAI,4.0,11.0,no_advantage,296.85427199999998,0.0,121.37099100000000,100.0,0.24415000000000001,313,1282
2022,French Grand Prix,FP3,ALB,8.0,3.0,no_advantage,324.0,81.0,219.80345500000001,100.0,0.1763090000000000,128,726
2022,French Grand Prix,FP3,PER,15.0,3.0,no_advantage,315.0,72.0,208.2397920000000,100.0,0.19235800000000000,146,759
2022,French Grand Prix,FP3,BOT,16.0,9.0,no_advantage,292.0,0.0,141.71008300000000,100.0,0.26205099999999998,299,1141
2022,French Grand Prix,FP3,TSU,16.0,1.0,no_advantage,311.0,0.0,48.07070000000000,104.0,0.41722500000000001,1371,3286
2022,French Grand Prix,Q,TSU,7.0,3.0,clear_violation,336.0,76.0,223.06319199999999,100.0,0.14738299999999999,107,726
2022,French Grand Prix,Q,RIC,5.0,6.0,clear_violation,331.0,80.0,222.57341500000001,100.0,0.15426999999999999,112,726
2022,French Grand Prix,Q,MSC,8.0,3.0,clear_violation,336.0,79.0,223.0552080000000,100.0,0.2112680000000000,150,710
2022,French Grand Prix,Q,ALB,4.0,8.0,no_advantage,303.78911399999998,31.0,156.88281900000001,100.0,0.16916900000000001,169,999
2022,French Grand Prix,R,VER,9.0,6.0,clear_violation,335.0,71.0,207.6007210000000,100.0,0.2230970000000000,170,762
2022,French Grand Prix,R,GAS,44.0,3.0,clear_violation,331.0,67.0,207.60636299999999,100.0,0.16536500000000001,127,768
2022,French Grand Prix,R,PER,5.0,3.0,clear_violation,339.0,75.0,206.6228800000000,100.0,0.22506699999999999,167,742
2022,French Grand Prix,R,PER,6.0,3.0,clear_violation,337.0,72.0,207.8101880000000,100.0,0.2190080000000000,159,726
2022,French Grand Prix,R,STR,3.0,3.0,clear_violation,322.0,67.0,206.60195700000000,100.0,0.2,154,770
2022,French Grand Prix,R,ALB,44.0,3.0,clear_violation,309.0,73.0,207.0159020000000,100.0,0.22135400000000000,170,768
2022,French Grand Prix,R,NOR,28.0,6.0,clear_violation,319.0,73.0,207.86003800000000,100.0,0.20666699999999999,155,750
2022,French Grand Prix,R,NOR,29.0,6.0,clear_violation,318.0,76.0,207.72196000000000,100.0,0.1989390000000000,150,754
2022,French Grand Prix,R,SAI,30.0,3.0,clear_violation,339.0,73.0,211.21902399999999,100.0,0.2423840000000000,183,755
2022,French Grand Prix,R,LAT,36.0,3.0,clear_violation,332.0,67.0,205.2610980000000,100.0,0.21721900000000000,164,755
2022,French Grand Prix,R,HAM,31.0,2.0,no_advantage,308.0,74.0,211.36886699999999,100.0,0.19174400000000000,144,751
2022,Hungarian Grand Prix,FP1,MSC,4.0,12.0,no_advantage,289.0,56.0,124.15902100000000,100.0,0.20067599999999999,178,887
2022,Hungarian Grand Prix,FP1,MSC,12.0,3.0,no_advantage,315.0,56.0,140.37749199999999,100.0,0.20673100000000000,172,832
2022,Hungarian Grand Prix,FP1,HAM,12.0,12.0,no_advantage,310.0,77.0,176.95936500000,100.0,0.16592599999999999,112,675
2022,Hungarian Grand Prix,FP1,TSU,14.0,1.0,no_advantage,257.1375010,59.0,114.53472400000000,100.0,0.05222400000000000,54,1034
2022,Hungarian Grand Prix,FP1,ALO,21.0,11.0,no_advantage,257.46428300000002,0.0,22.49818000000000,104.0,0.7638920000000000,4028,5273
2022,Hungarian Grand Prix,FP2,MSC,15.0,12.0,no_advantage,318.0,71.0,178.84413799999999,100.0,0.23206099999999999,152,655
2022,Hungarian Grand Prix,FP2,HAM,16.0,4.0,no_advantage,262.0,0.0,23.728949000000000,104.0,0.7674040000000000,3814,4970
2022,Hungarian Grand Prix,FP2,LEC,21.0,4.0,no_advantage,297.0,80.0,187.23403300000001,100.0,0.20695100000000000,131,633
2022,Hungarian Grand Prix,FP2,OCO,22.0,4.0,no_advantage,293.0,85.0,185.49088399999999,100.0,0.2488480000000000,162,651
2022,Hungarian Grand Prix,FP3,GAS,3.0,4.0,no_advantage,285.0,64.0,140.1360040000000,100.0,0.2175930000000000,188,864
2022,Hungarian Grand Prix,FP3,LAT,3.0,4.0,no_advantage,277.0,66.0,145.68426900000000,100.0,0.27434700000000001,231,842
2022,Hungarian Grand Prix,FP3,ZHO,7.0,4.0,no_advantage,278.0,65.0,142.40365499999999,100.0,0.2692310000000000,224,832
2022,Hungarian Grand Prix,FP3,ALB,6.0,4.0,no_advantage,277.0,64.0,141.6605290000000,100.0,0.2810620000000000,233,829
2022,Hungarian Grand Prix,FP3,MAG,6.0,4.0,no_advantage,271.0,69.0,144.70916199999999,100.0,0.24146300000000001,198,820
2022,Hungarian Grand Prix,FP3,GAS,7.0,12.0,no_advantage,256.0,0.0,27.829906000000001,104.0,0.6707750000000000,2830,4219
2022,Hungarian Grand Prix,FP3,VET,8.0,11.0,no_advantage,256.0,61.0,129.5993470000000,99.0,0.26153799999999999,238,910
2022,Hungarian Grand Prix,FP3,MSC,11.0,12.0,no_advantage,276.0,64.0,140.16777700000000,100.0,0.2654760000000000,223,840
2022,Hungarian Grand Prix,FP3,RUS,6.0,12.0,no_advantage,238.0,0.0,48.577126000000000,104.0,0.5341250000000000,1260,2359
2022,Hungarian Grand Prix,FP3,PER,6.0,2.0,no_advantage,287.0,62.0,138.47532799999999,100.0,0.21893499999999999,185,845
2022,Hungarian Grand Prix,Q,VER,9.0,11.0,clear_violation,313.0,91.0,198.53696800000000,100.0,0.205686000000000,123,598
2022,Hungarian Grand Prix,Q,MSC,2.0,5.0,clear_violation,313.0,93.0,191.0258260000000,100.0,0.22601599999999999,139,615
2022,Hungarian Grand Prix,Q,TSU,5.0,5.0,clear_violation,311.0,93.0,194.74377600000000,100.0,0.19934099999999999,121,607
2022,Hungarian Grand Prix,Q,GAS,8.0,5.0,clear_violation,313.0,91.0,199.61940999999999,100.0,0.1844330000000000,109,591
2022,Hungarian Grand Prix,R,MAG,4.0,4.0,clear_violation,293.0,91.0,183.3041490000000,100.0,0.27472500000000000,175,637
2022,Hungarian Grand Prix,R,MAG,52.0,4.0,clear_violation,288.0,89.0,179.28008500000001,100.0,0.2288260000000000,154,673
2022,Hungarian Grand Prix,R,MAG,55.0,12.0,clear_violation,290.0,88.0,185.00177400000001,100.0,0.23671500000000001,147,621
2022,Hungarian Grand Prix,R,TSU,52.0,7.0,clear_violation,258.0,0.0,140.40232399999999,100.0,0.27717999999999998,232,837
2022,Hungarian Grand Prix,R,ALB,57.0,7.0,clear_violation,290.0,85.0,180.7271090000000,100.0,0.2559620000000000,161,629
2022,Hungarian Grand Prix,R,ZHO,65.0,4.0,clear_violation,285.0,86.0,189.4268990000000,100.0,0.2170420000000000,135,622
2022,Hungarian Grand Prix,R,ZHO,69.0,13.0,clear_violation,292.0,69.0,177.3243600000000,100.0,0.25825799999999999,172,666
2022,Hungarian Grand Prix,R,RIC,64.0,4.0,clear_violation,288.0,86.0,188.68347100000000,100.0,0.2112680000000000,135,639
2022,Hungarian Grand Prix,R,HAM,15.0,12.0,clear_violation,282.0,87.0,184.27766299999999,100.0,0.22641500000000001,144,636
2022,Hungarian Grand Prix,R,HAM,24.0,12.0,clear_violation,296.0,91.0,185.47256999999999,100.0,0.22966500000000001,144,627
2022,Hungarian Grand Prix,R,VET,35.0,7.0,clear_violation,306.0,79.0,181.87924300000000,100.0,0.28527100000000000,184,645
2022,Hungarian Grand Prix,R,LAT,52.0,11.0,clear_violation,292.0,84.0,180.99486800000000,100.0,0.2874430000000000,190,661
2022,Hungarian Grand Prix,R,LAT,58.0,13.0,clear_violation,289.0,89.0,185.8756590000000,100.0,0.2679430000000000,168,627
2022,Hungarian Grand Prix,R,LAT,62.0,4.0,clear_violation,288.0,88.0,186.01857999999999,100.0,0.28391200000000000,180,634
2022,Hungarian Grand Prix,R,HAM,15.0,12.0,no_advantage,282.0,87.0,184.27766299999999,100.0,0.22641500000000001,144,636
2022,Hungarian Grand Prix,R,MAG,51.0,4.0,no_advantage,290.0,87.0,186.16529800000001,100.0,0.22435900000000000,140,624
2022,Hungarian Grand Prix,R,LAT,58.0,13.0,no_advantage,289.0,89.0,185.8756590000000,100.0,0.2679430000000000,168,627
2022,Italian Grand Prix,Q,LEC,5.0,2.0,clear_violation,345.0,36.0,172.57164800000001,100.0,0.20674600000000001,190,919
2022,Italian Grand Prix,Q,NOR,4.0,7.0,clear_violation,336.0,69.0,249.58614399999999,100.0,0.12440200000000000,78,627
2022,Italian Grand Prix,Q,GAS,17.0,6.0,clear_violation,342.0,68.0,253.45473799999999,100.0,0.12126000000000001,77,635
2022,Italian Grand Prix,Q,ALO,16.0,7.0,clear_violation,339.0,72.0,254.54214300000001,100.0,0.13744100000000001,87,633
2022,Italian Grand Prix,Q,DEV,7.0,10.0,clear_violation,346.0,58.0,252.8073290000000,100.0,0.14756700000000000,94,637
2022,Italian Grand Prix,Q,MAG,7.0,7.0,clear_violation,336.0,70.0,251.8652910000000,100.0,0.12852700000000000,82,638
2022,Italian Grand Prix,Q,MAG,9.0,7.0,clear_violation,340.0,69.0,251.19539499999999,100.0,0.139937000000000,89,636
2022,Italian Grand Prix,R,VER,15.0,7.0,clear_violation,319.0,67.0,240.9698200000000,100.0,0.13157900000000000,85,646
2022,Italian Grand Prix,R,GAS,14.0,2.0,clear_violation,354.0,64.0,234.0109830000000,100.0,0.17664700000000000,118,668
2022,Italian Grand Prix,R,PER,24.0,7.0,clear_violation,332.0,64.0,237.18589200000000,100.0,0.14076200000000000,96,682
2022,Italian Grand Prix,R,ALO,21.0,5.0,clear_violation,322.0,69.0,235.5006830000000,100.0,0.15568899999999999,104,668
2022,Italian Grand Prix,R,STR,22.0,7.0,clear_violation,329.0,68.0,235.77988800000000,99.0,0.0,0,680
2022,Italian Grand Prix,R,MAG,17.0,7.0,clear_violation,320.0,72.0,235.423522000000,100.0,0.15074599999999999,101,670
2022,Italian Grand Prix,R,MAG,18.0,10.0,clear_violation,321.0,66.0,232.92569499999999,100.0,0.15058500000000000,103,684
2022,Italian Grand Prix,R,RIC,41.0,7.0,clear_violation,325.0,70.0,238.21639800000000,99.0,0.11694200000000000,78,667
2022,Italian Grand Prix,R,RIC,43.0,7.0,clear_violation,323.0,67.0,237.94380200000001,99.0,0.1357250000000000,87,641
2022,Italian Grand Prix,R,NOR,13.0,2.0,clear_violation,331.0,52.0,231.4406570000000,100.0,0.18926999999999999,127,671
2022,Italian Grand Prix,R,DEV,11.0,7.0,clear_violation,342.0,67.0,234.34935100000001,100.0,0.19581499999999999,131,669
2022,Italian Grand Prix,R,DEV,16.0,10.0,clear_violation,339.0,64.0,235.14637600000000,100.0,0.19423399999999999,128,659
2022,Italian Grand Prix,R,DEV,18.0,7.0,clear_violation,336.0,63.0,235.4496610000000,100.0,0.18666700000000000,126,675
2022,Italian Grand Prix,R,MSC,16.0,7.0,clear_violation,330.0,62.0,237.7633450000000,100.0,0.13960500000000001,92,659
2022,Italian Grand Prix,R,SAI,39.0,7.0,clear_violation,324.0,69.0,244.27445000000000,100.0,0.14554000000000000,93,639
2022,Japanese Grand Prix,FP1,LAT,4.0,11.0,no_advantage,293.0,61.0,186.90363400000001,100.0,0.22007299999999999,182,827
2022,Japanese Grand Prix,FP2,LAT,4.0,16.0,no_advantage,279.0,0.0,127.93050500000000,100.0,0.251793000000000,316,1255
2022,Japanese Grand Prix,FP2,TSU,5.0,9.0,no_advantage,291.0,64.0,197.48965999999999,100.0,0.17375,139,800
2022,Japanese Grand Prix,Q,ALB,2.0,14.0,clear_violation,332.0,73.0,226.25785800000000,100.0,0.17621800000000001,123,698
2022,Mexico City Grand Prix,FP1,LAW,16.0,4.0,no_advantage,291.0,58.0,153.76616000000001,100.0,0.14741000000000001,111,753
2022,Mexico City Grand Prix,FP3,MSC,4.0,4.0,no_advantage,342.0,67.0,189.3261920000000,100.0,0.21009800000000001,129,614
2022,Mexico City Grand Prix,FP3,TSU,21.0,1.0,no_advantage,311.0,51.0,126.3376500000000,100.0,0.09282700000000001,88,948
2022,Mexico City Grand Prix,Q,RUS,17.0,12.0,clear_violation,344.0,64.0,194.06608100000000,100.0,0.20431900000000000,123,602
2022,Mexico City Grand Prix,Q,HAM,15.0,3.0,clear_violation,347.0,62.0,195.1675470000000,100.0,0.20695400000000000,125,604
2022,Mexico City Grand Prix,Q,MSC,8.0,2.0,clear_violation,348.0,64.0,191.26856000000001,100.0,0.22875799999999999,140,612
2022,Mexico City Grand Prix,Q,ALB,9.0,8.0,clear_violation,351.0,62.0,186.0776340000000,100.0,0.2294020000000000,142,619
2022,Mexico City Grand Prix,R,ALO,58.0,14.0,clear_violation,302.0,63.0,181.07233199999999,100.0,0.21384600000000001,139,650
2022,Mexico City Grand Prix,R,LEC,11.0,2.0,clear_violation,323.0,61.0,178.9218600000000,100.0,0.24922600000000000,161,646
2022,Miami Grand Prix,FP1,PER,1.0,1.0,no_advantage,287.0,42.0,151.96129400000001,100.0,0.18687400000000001,168,899
2022,Miami Grand Prix,FP2,STR,2.0,17.0,no_advantage,326.0,16.0,185.2034230000000,100.0,0.2050310000000000,163,795
2022,Miami Grand Prix,Q,VER,16.0,5.0,clear_violation,322.0,38.0,154.78666300000000,100.0,0.2295970000000000,211,919
2022,Miami Grand Prix,Q,HAM,5.0,15.0,clear_violation,337.0,42.0,194.16739899999999,100.0,0.20707700000000001,158,763
2022,Miami Grand Prix,Q,GAS,2.0,15.0,clear_violation,336.0,63.0,208.2963340000000,100.0,0.18077499999999999,126,697
2022,Miami Grand Prix,R,GAS,24.0,5.0,clear_violation,320.0,59.0,197.79955200000001,100.0,0.18292700000000001,135,738
2022,Miami Grand Prix,R,ALO,3.0,6.0,clear_violation,320.0,62.0,198.82742999999999,100.0,0.19727900000000001,145,735
2022,Miami Grand Prix,R,ALO,56.0,15.0,clear_violation,317.0,62.0,206.57773599999999,100.0,0.20930199999999999,144,688
2022,Miami Grand Prix,R,MAG,20.0,12.0,clear_violation,336.0,64.0,201.2921990000000,100.0,0.21662100000000001,159,734
2022,Miami Grand Prix,R,VET,5.0,15.0,clear_violation,317.0,55.0,197.8735850000000,100.0,0.20777499999999999,155,746
2022,Miami Grand Prix,R,LAT,34.0,15.0,clear_violation,317.0,63.0,188.8747540000000,100.0,0.21883300000000000,165,754
2022,Miami Grand Prix,R,MAG,20.0,11.0,no_advantage,336.0,64.0,201.2921990000000,100.0,0.21662100000000001,159,734
2022,Monaco Grand Prix,FP1,LEC,10.0,1.0,no_advantage,281.0,45.0,155.15185500000001,100.0,0.31010500000000002,178,574
2022,Monaco Grand Prix,Q,SAI,1.0,10.0,clear_violation,271.9166680000000,29.0,100.52184699999999,100.0,0.29842299999999999,265,888
2022,Monaco Grand Prix,Q,SAI,4.0,10.0,clear_violation,277.0,43.0,122.18468100000000,100.0,0.26859499999999997,195,726
2022,Monaco Grand Prix,Q,PER,7.0,10.0,clear_violation,275.8285710000000,37.0,126.87062200000000,100.0,0.2517390000000000,181,719
2022,Monaco Grand Prix,Q,RUS,13.0,10.0,clear_violation,274.91666300000003,39.0,125.9383100000000,100.0,0.21045200000000000,149,708
2022,Monaco Grand Prix,Q,RUS,22.0,10.0,clear_violation,275.3,42.0,131.5685890000000,100.0,0.22056600000000001,148,671
2022,Monaco Grand Prix,R,GAS,4.0,10.0,clear_violation,249.0,36.0,115.92940500000000,100.0,0.3128210000000000,244,780
2022,Monaco Grand Prix,R,GAS,63.0,10.0,clear_violation,288.0,42.0,148.02903100000000,100.0,0.2907560000000000,173,595
2022,Monaco Grand Prix,R,STR,11.0,10.0,clear_violation,268.0,38.0,122.75264300000001,100.0,0.3410960000000000,249,730
2022,Monaco Grand Prix,R,MAG,19.0,11.0,clear_violation,257.0,36.0,120.09101500000000,100.0,0.27369800000000000,205,749
2022,Monaco Grand Prix,R,TSU,44.0,10.0,clear_violation,286.0,44.0,146.72783300000000,100.0,0.30209999999999998,187,619
2022,Monaco Grand Prix,R,ALB,15.0,10.0,clear_violation,266.0,37.0,122.6412750000000,100.0,0.3825140000000000,280,732
2022,Monaco Grand Prix,R,ALB,17.0,10.0,clear_violation,267.0,40.0,120.82442200000000,100.0,0.3857730000000000,282,731
2022,Monaco Grand Prix,R,ALB,22.0,10.0,clear_violation,247.0,0.0,90.79380500000001,100.0,0.3615540000000000,363,1004
2022,Monaco Grand Prix,R,ZHO,11.0,10.0,clear_violation,271.0,38.0,119.2378560000000,100.0,0.29451100000000002,220,747
2022,Monaco Grand Prix,R,ZHO,49.0,11.0,clear_violation,293.0,45.0,141.3557370000000,100.0,0.34768700000000002,218,627
2022,Monaco Grand Prix,R,HAM,13.0,10.0,clear_violation,263.0,38.0,120.38760800000000,100.0,0.322237000000000,242,751
2022,Monaco Grand Prix,R,SAI,48.0,10.0,clear_violation,284.0,46.0,151.49565799999999,100.0,0.33777000000000001,203,601
2022,Monaco Grand Prix,R,RUS,8.0,10.0,clear_violation,263.0,36.0,117.89305000000000,100.0,0.31847999999999999,243,763
2022,Monaco Grand Prix,R,RUS,12.0,10.0,clear_violation,258.0,38.0,121.84846500000000,100.0,0.319061000000000,231,724
2022,Pre-Season Test,Q,HAM,5.0,19.0,clear_violation,317.0,72.0,204.1257090000000,100.0,0.18601400000000001,133,715
2022,Pre-Season Test,Q,VET,8.0,9.0,clear_violation,315.0,70.0,201.28446800000000,100.0,0.19787500000000000,149,753
2022,Pre-Season Test,Q,ZHO,5.0,12.0,clear_violation,324.0,70.0,201.67026600000,100.0,0.19034499999999999,138,725
2022,Pre-Season Test,Q,ZHO,14.0,12.0,clear_violation,322.0,71.0,203.08019200000001,100.0,0.18144600000000000,133,733
2022,Pre-Season Test,Q,TSU,11.0,9.0,clear_violation,321.0,74.0,203.7105730000000,100.0,0.1546810000000000,114,737
2022,Pre-Season Test,R,VER,48.0,9.0,clear_violation,308.0,65.0,195.165287000000,100.0,0.20416100000000001,157,769
2022,Pre-Season Test,R,VER,51.0,9.0,clear_violation,309.0,67.0,194.9443910000000,100.0,0.2058430000000000,155,753
2022,Pre-Season Test,R,GAS,9.0,11.0,clear_violation,300.0,63.0,186.56374400000001,100.0,0.18596099999999999,151,812
2022,Pre-Season Test,R,GAS,31.0,19.0,clear_violation,299.0,69.0,190.9329200000000,100.0,0.15648899999999999,123,786
2022,Pre-Season Test,R,GAS,34.0,19.0,clear_violation,297.0,72.0,189.5695660000000,100.0,0.16470599999999999,126,765
2022,Pre-Season Test,R,PER,8.0,19.0,clear_violation,325.0,66.0,189.70456300000001,100.0,0.22797899999999999,176,772
2022,Pre-Season Test,R,PER,47.0,6.0,clear_violation,307.0,69.0,196.014593000000,100.0,0.20132500000000000,152,755
2022,Pre-Season Test,R,PER,54.0,6.0,clear_violation,308.0,63.0,193.85110000000000,100.0,0.202276000000000,160,791
2022,Pre-Season Test,R,ALO,3.0,19.0,clear_violation,305.0,69.0,187.61245000000000,100.0,0.20298900000000000,163,803
2022,Pre-Season Test,R,MAG,26.0,19.0,clear_violation,296.0,69.0,187.93249100000000,100.0,0.21973699999999999,167,760
2022,Pre-Season Test,R,TSU,15.0,19.0,clear_violation,326.0,65.0,187.27837400000001,100.0,0.18813099999999999,149,792
2022,Pre-Season Test,R,ALB,6.0,19.0,clear_violation,325.0,64.0,187.63217100000000,100.0,0.23690800000000001,190,802
2022,Pre-Season Test,R,ALB,8.0,12.0,clear_violation,302.0,65.0,185.12404200000000,100.0,0.22055100000000000,176,798
2022,Pre-Season Test,R,ALB,12.0,19.0,clear_violation,305.0,70.0,188.9306110000000,100.0,0.22544100000000000,179,794
2022,Pre-Season Test,R,ZHO,32.0,12.0,clear_violation,325.0,67.0,186.98206099999999,100.0,0.25157200000000002,200,795
2022,Pre-Season Test,R,ZHO,33.0,12.0,clear_violation,321.0,67.0,188.23125800000000,100.0,0.23447399999999999,185,789
2022,Pre-Season Test,R,ZHO,36.0,19.0,clear_violation,297.0,68.0,190.77503899999999,100.0,0.21510899999999999,168,781
2022,Pre-Season Test,R,RIC,7.0,19.0,clear_violation,316.0,67.0,186.3853830000000,99.0,0.17794499999999999,142,798
2022,Pre-Season Test,R,RIC,33.0,19.0,clear_violation,297.0,65.0,185.44256300000001,99.0,0.17565900000000001,140,797
2022,Pre-Season Test,R,NOR,15.0,19.0,clear_violation,296.0,0.0,158.6925550000000,100.0,0.21436200000000000,200,933
2022,Pre-Season Test,R,NOR,51.0,19.0,clear_violation,302.0,62.0,191.66004500000000,100.0,0.22251299999999999,170,764
2022,Pre-Season Test,R,HAM,13.0,19.0,clear_violation,293.0,0.0,160.06161399999999,100.0,0.24152499999999999,228,944
2022,Pre-Season Test,R,HAM,43.0,9.0,clear_violation,299.0,74.0,195.1352120000000,100.0,0.1877500000000000,141,751
2022,Pre-Season Test,R,HAM,52.0,9.0,clear_violation,324.0,71.0,195.48843700000000,100.0,0.2204720000000000,168,762
2022,Pre-Season Test,R,MSC,3.0,19.0,clear_violation,318.0,68.0,186.01523100000000,100.0,0.23815500000000001,191,802
2022,Pre-Season Test,R,MSC,10.0,19.0,clear_violation,323.0,66.0,183.86196200000001,100.0,0.24324299999999999,198,814
2022,Pre-Season Test,R,MSC,39.0,19.0,clear_violation,298.0,67.0,189.5983840000000,100.0,0.21951200000000001,171,779
2022,Pre-Season Test,R,MSC,53.0,19.0,clear_violation,303.0,68.0,189.97736599999999,100.0,0.20668300000000001,167,808
2022,Pre-Season Test,R,RUS,35.0,19.0,clear_violation,322.0,63.0,191.92467700000000,100.0,0.20882000000000001,161,771
2022,Pre-Season Track Session,FP2,BOT,20.0,3.0,no_advantage,299.0,79.0,221.22307599999999,100.0,0.18307899999999999,132,721
2022,Pre-Season Track Session,FP2,ZHO,18.0,3.0,no_advantage,292.0,0.0,40.60203900000000,104.0,0.7242020000000000,2723,3760
2022,Pre-Season Track Session,FP2,MSC,21.0,9.0,no_advantage,293.0,83.0,220.56948000000000,100.0,0.13437099999999999,95,707
2022,Pre-Season Track Session,FP2,PER,15.0,3.0,no_advantage,301.0,65.0,215.3547970000000,100.0,0.16869100000000001,125,741
2022,Pre-Season Track Session,FP3,VET,12.0,3.0,no_advantage,312.0,87.0,231.3596010000000,100.0,0.1430640000000000,99,692
2022,Pre-Season Track Session,FP3,PER,10.0,3.0,no_advantage,297.0,68.0,206.89976400000000,100.0,0.1310620000000000,100,763
2022,Pre-Season Track Session,FP3,SAI,16.0,3.0,no_advantage,296.0,73.0,183.95543300000000,100.0,0.15845100000000001,135,852
2022,Pre-Season Track Session,Q,LAT,18.0,3.0,clear_violation,291.0,45.0,166.83612600000001,100.0,0.22325100000000000,217,972
2022,Pre-Season Track Session,Q,VER,15.0,13.0,no_advantage,297.0,72.0,188.53487400000000,100.0,0.21007400000000001,171,814
2022,Pre-Season Track Session,Q,LAT,17.0,3.0,no_advantage,296.0,70.0,186.2410800000000,100.0,0.20470600000000000,174,850
2022,Pre-Season Track Session,Q,LAT,19.0,1.0,no_advantage,285.0,67.0,166.77240699999999,100.0,0.24783500000000000,229,924
2022,Pre-Season Track Session,R,VER,45.0,9.0,clear_violation,306.0,83.0,226.21063300000000,100.0,0.14204500000000000,100,704
2022,Pre-Season Track Session,R,GAS,10.0,15.0,clear_violation,297.0,83.0,215.80113200000000,100.0,0.13706299999999999,98,715
2022,Pre-Season Track Session,R,LEC,45.0,15.0,clear_violation,303.0,77.0,225.99281800000000,100.0,0.1452510000000000,104,716
2022,Pre-Season Track Session,R,STR,50.0,15.0,clear_violation,298.0,78.0,225.15268699999999,100.0,0.16305900000000001,113,693
2022,Pre-Season Track Session,R,MAG,8.0,9.0,clear_violation,318.0,80.0,217.13514400000000,100.0,0.16338000000000000,116,710
2022,Pre-Season Track Session,R,MAG,49.0,9.0,clear_violation,296.0,78.0,224.65505099999999,100.0,0.13218400000000000,92,696
2022,Pre-Season Track Session,R,LAT,26.0,15.0,clear_violation,307.0,79.0,220.58363800000001,100.0,0.19746100000000000,140,709
2022,Pre-Season Track Session,R,LAT,31.0,9.0,clear_violation,306.0,83.0,221.0385150000000,100.0,0.18435799999999999,132,716
2022,Pre-Season Track Session,R,TSU,10.0,3.0,no_advantage,324.0,76.0,216.8097230000000,100.0,0.15655900000000000,111,709
2022,Saudi Arabian Grand Prix,FP1,VER,12.0,8.0,no_advantage,299.29374999999999,60.0,153.63211200000001,100.0,0.25830300000000000,280,1084
2022,Saudi Arabian Grand Prix,FP1,TSU,20.0,8.0,no_advantage,293.0,67.0,171.3639760000000,100.0,0.1568630000000000,152,969
2022,Saudi Arabian Grand Prix,R,PER,35.0,2.0,clear_violation,315.0,76.0,233.55891500000001,100.0,0.15083800000000000,108,716
2022,Saudi Arabian Grand Prix,R,LEC,47.0,2.0,clear_violation,315.0,72.0,238.33029700000000,100.0,0.16312099999999999,115,705
2022,Saudi Arabian Grand Prix,R,MAG,11.0,2.0,clear_violation,330.0,64.0,225.57181900000000,100.0,0.15633400000000000,116,742
2022,Saudi Arabian Grand Prix,R,ALB,4.0,2.0,clear_violation,315.0,75.0,223.83313799999999,100.0,0.15768199999999999,117,742
2022,Saudi Arabian Grand Prix,R,ALB,8.0,2.0,clear_violation,312.0,76.0,221.79306199999999,100.0,0.1608300000000000,124,771
2022,Saudi Arabian Grand Prix,R,ZHO,5.0,2.0,clear_violation,327.0,60.0,223.69323199999999,100.0,0.16489400000000001,124,752
2022,Saudi Arabian Grand Prix,R,ZHO,48.0,2.0,clear_violation,305.0,67.0,227.11813300000000,100.0,0.1459170000000000,109,747
2022,Saudi Arabian Grand Prix,R,OCO,8.0,2.0,clear_violation,325.0,79.0,222.54764599999999,100.0,0.18855700000000000,145,769
2022,Saudi Arabian Grand Prix,R,OCO,12.0,2.0,clear_violation,326.0,69.0,228.06168600000001,100.0,0.17349700000000001,127,732
2022,Saudi Arabian Grand Prix,R,NOR,4.0,2.0,clear_violation,304.0,70.0,223.02607300000000,99.0,0.15176200000000001,112,738
2022,Saudi Arabian Grand Prix,R,LAT,5.0,2.0,clear_violation,313.0,82.0,224.06418099999999,100.0,0.16556299999999999,125,755
2022,Singapore Grand Prix,FP1,RUS,3.0,11.0,no_advantage,294.0,65.0,149.09316300000000,104.0,0.6477000000000001,535,826
2022,Singapore Grand Prix,FP2,VET,2.0,13.0,no_advantage,303.0,9.0,149.9661390000000,100.0,0.22941800000000001,209,911
2022,Singapore Grand Prix,FP2,RUS,4.0,11.0,no_advantage,265.0,55.0,121.02773800000000,100.0,0.2344580000000000,264,1126
2022,Singapore Grand Prix,FP2,GAS,7.0,18.0,no_advantage,307.0,62.0,172.3170200000000,100.0,0.2020330000000000,159,787
2022,Singapore Grand Prix,FP2,BOT,13.0,16.0,no_advantage,300.0,38.0,144.16767800000000,100.0,0.2934900000000000,275,937
2022,Singapore Grand Prix,FP3,LAT,5.0,7.0,no_advantage,279.0,53.0,136.1660300000000,100.0,0.2934560000000000,287,978
2022,Singapore Grand Prix,FP3,GAS,12.0,18.0,no_advantage,291.0,53.0,144.0701180000000,100.0,0.25933800000000001,243,937
2022,Singapore Grand Prix,Q,MSC,1.0,16.0,no_advantage,268.0,37.0,108.2175450000000,100.0,0.3012450000000000,363,1205
2022,Singapore Grand Prix,Q,LEC,2.0,8.0,no_advantage,291.0,57.0,157.01027600000000,100.0,0.2399540000000000,209,871
2022,Singapore Grand Prix,Q,ALB,3.0,18.0,no_advantage,296.0,53.0,151.15309600000001,100.0,0.3227920000000000,296,917
2022,Singapore Grand Prix,Q,MAG,17.0,8.0,no_advantage,266.0,0.0,39.81963100000000,104.0,0.5876740000000000,2031,3456
2022,Singapore Grand Prix,Q,GAS,19.0,18.0,no_advantage,291.0,53.0,151.628970000000,100.0,0.2662340000000000,246,924
2022,Spanish Grand Prix,FP1,DEV,24.0,2.0,clear_violation,275.0,0.0,115.70677400000000,100.0,0.20677000000000001,226,1093
2022,Spanish Grand Prix,FP2,NOR,3.0,7.0,no_advantage,310.0,33.0,157.17176100000000,99.0,0.17967800000000000,145,807
2022,Spanish Grand Prix,FP2,PER,26.0,8.0,no_advantage,298.0,60.0,179.50786800000000,100.0,0.21378300000000000,152,711
2022,Spanish Grand Prix,Q,PER,10.0,12.0,clear_violation,320.0,83.0,207.62831399999999,100.0,0.18312100000000001,115,628
2022,Spanish Grand Prix,Q,NOR,11.0,12.0,clear_violation,317.0,82.0,207.74324700000000,100.0,0.1781700000000000,111,623
2022,Spanish Grand Prix,Q,TSU,2.0,12.0,clear_violation,320.0,84.0,204.18443400000001,100.0,0.17014399999999999,106,623
2022,Spanish Grand Prix,Q,PER,5.0,8.0,no_advantage,321.0,70.0,174.19111699999999,100.0,0.21866300000000000,157,718
2022,Spanish Grand Prix,R,VER,24.0,12.0,clear_violation,330.0,74.0,186.53204299999999,100.0,0.24548200000000001,163,664
2022,Spanish Grand Prix,R,PER,50.0,9.0,clear_violation,305.0,79.0,189.9801160000000,100.0,0.24260399999999999,164,676
2022,Spanish Grand Prix,R,HAM,12.0,12.0,clear_violation,300.0,76.0,189.97917100000001,100.0,0.19734900000000000,134,679
2022,Spanish Grand Prix,R,HAM,35.0,12.0,clear_violation,296.0,75.0,190.03513699999999,100.0,0.18128700000000000,124,684
2022,Spanish Grand Prix,R,HAM,41.0,12.0,clear_violation,296.0,77.0,191.785636000000,100.0,0.17113100000000001,115,672
2022,Spanish Grand Prix,R,ALO,25.0,12.0,clear_violation,297.0,76.0,184.73627099999999,100.0,0.28816000000000003,202,701
2022,Spanish Grand Prix,R,ALO,26.0,12.0,clear_violation,295.0,73.0,184.73260700000000,100.0,0.23109800000000000,162,701
2022,Spanish Grand Prix,R,TSU,8.0,9.0,clear_violation,305.0,78.0,186.51875699999999,100.0,0.20146000000000000,138,685
2022,Spanish Grand Prix,R,VET,14.0,9.0,clear_violation,296.0,73.0,182.54926300000000,100.0,0.23520700000000000,159,676
2022,Spanish Grand Prix,R,VET,38.0,9.0,clear_violation,297.0,77.0,188.12223599999999,100.0,0.21676300000000001,150,692
2022,Spanish Grand Prix,R,MSC,31.0,12.0,clear_violation,283.0,0.0,156.69678700000000,100.0,0.234375,195,832
2022,Spanish Grand Prix,R,MAG,30.0,9.0,clear_violation,279.0,0.0,150.62574300000000,100.0,0.2779740000000000,236,849
2022,Spanish Grand Prix,R,ALB,16.0,12.0,clear_violation,305.0,80.0,181.88059899999999,100.0,0.23255799999999999,160,688
2022,Spanish Grand Prix,R,ALB,36.0,12.0,clear_violation,303.0,76.0,184.14328800000001,100.0,0.22061000000000000,152,689
2022,Spanish Grand Prix,R,ALB,39.0,12.0,clear_violation,303.0,73.0,183.41119800000001,100.0,0.22557500000000000,157,696
2022,Spanish Grand Prix,R,ALB,62.0,9.0,clear_violation,299.0,78.0,184.52176800000001,100.0,0.24167900000000000,167,691
2022,Spanish Grand Prix,R,SAI,6.0,4.0,no_advantage,304.0,75.0,187.818881000000,100.0,0.21542900000000001,148,687
2022,Spanish Grand Prix,R,VER,8.0,4.0,no_advantage,299.0,77.0,189.27038400000001,100.0,0.18797000000000000,125,665
2022,São Paulo Grand Prix,Q,MAG,6.0,8.0,clear_violation,300.0,70.0,193.86660800000001,100.0,0.20707100000000001,123,594
2022,São Paulo Grand Prix,R,STR,23.0,4.0,clear_violation,304.0,75.0,193.5348620000000,100.0,0.21258500000000000,125,588
2022,São Paulo Grand Prix,R,STR,24.0,4.0,clear_violation,305.0,75.0,192.71570199999999,100.0,0.21717200000000000,129,594
2022,São Paulo Grand Prix,R,STR,42.0,4.0,clear_violation,317.0,73.0,196.5226770000000,99.0,0.19326199999999999,109,564
2022,São Paulo Grand Prix,R,STR,60.0,4.0,clear_violation,310.0,77.0,199.21189699999999,99.0,0.23478299999999999,135,575
2022,São Paulo Grand Prix,R,HAM,7.0,4.0,clear_violation,306.0,78.0,188.35090099999999,100.0,0.23064799999999999,146,633
2022,São Paulo Grand Prix,R,VET,70.0,4.0,clear_violation,309.0,74.0,200.60974300000001,100.0,0.20170900000000000,118,585
2022,São Paulo Grand Prix,S,VER,7.0,4.0,clear_violation,307.0,77.0,203.91453100000001,100.0,0.19576700000000000,111,567
2022,São Paulo Grand Prix,SQ,VER,7.0,4.0,clear_violation,307.0,77.0,203.91453100000001,100.0,0.19576700000000000,111,567
2022,United States Grand Prix,Q,HAM,5.0,19.0,clear_violation,317.0,72.0,204.1257090000000,100.0,0.18601400000000001,133,715
2022,United States Grand Prix,Q,VET,8.0,9.0,clear_violation,315.0,70.0,201.28446800000000,100.0,0.19787500000000000,149,753
2022,United States Grand Prix,Q,ZHO,5.0,12.0,clear_violation,324.0,70.0,201.67026600000,100.0,0.19034499999999999,138,725
2022,United States Grand Prix,Q,ZHO,14.0,12.0,clear_violation,322.0,71.0,203.08019200000001,100.0,0.18144600000000000,133,733
2022,United States Grand Prix,Q,TSU,11.0,9.0,clear_violation,321.0,74.0,203.7105730000000,100.0,0.1546810000000000,114,737
2022,United States Grand Prix,R,VER,48.0,9.0,clear_violation,308.0,65.0,195.165287000000,100.0,0.20416100000000001,157,769
2022,United States Grand Prix,R,VER,51.0,9.0,clear_violation,309.0,67.0,194.9443910000000,100.0,0.2058430000000000,155,753
2022,United States Grand Prix,R,GAS,9.0,11.0,clear_violation,300.0,63.0,186.56374400000001,100.0,0.18596099999999999,151,812
2022,United States Grand Prix,R,GAS,31.0,19.0,clear_violation,299.0,69.0,190.9329200000000,100.0,0.15648899999999999,123,786
2022,United States Grand Prix,R,GAS,34.0,19.0,clear_violation,297.0,72.0,189.5695660000000,100.0,0.16470599999999999,126,765
2022,United States Grand Prix,R,PER,8.0,19.0,clear_violation,325.0,66.0,189.70456300000001,100.0,0.22797899999999999,176,772
2022,United States Grand Prix,R,PER,47.0,6.0,clear_violation,307.0,69.0,196.014593000000,100.0,0.20132500000000000,152,755
2022,United States Grand Prix,R,PER,54.0,6.0,clear_violation,308.0,63.0,193.85110000000000,100.0,0.202276000000000,160,791
2022,United States Grand Prix,R,ALO,3.0,19.0,clear_violation,305.0,69.0,187.61245000000000,100.0,0.20298900000000000,163,803
2022,United States Grand Prix,R,MAG,26.0,19.0,clear_violation,296.0,69.0,187.93249100000000,100.0,0.21973699999999999,167,760
2022,United States Grand Prix,R,TSU,15.0,19.0,clear_violation,326.0,65.0,187.27837400000001,100.0,0.18813099999999999,149,792
2022,United States Grand Prix,R,ALB,6.0,19.0,clear_violation,325.0,64.0,187.63217100000000,100.0,0.23690800000000001,190,802
2022,United States Grand Prix,R,ALB,8.0,12.0,clear_violation,302.0,65.0,185.12404200000000,100.0,0.22055100000000000,176,798
2022,United States Grand Prix,R,ALB,12.0,19.0,clear_violation,305.0,70.0,188.9306110000000,100.0,0.22544100000000000,179,794
2022,United States Grand Prix,R,ZHO,32.0,12.0,clear_violation,325.0,67.0,186.98206099999999,100.0,0.25157200000000002,200,795
2022,United States Grand Prix,R,ZHO,33.0,12.0,clear_violation,321.0,67.0,188.23125800000000,100.0,0.23447399999999999,185,789
2022,United States Grand Prix,R,ZHO,36.0,19.0,clear_violation,297.0,68.0,190.77503899999999,100.0,0.21510899999999999,168,781
2022,United States Grand Prix,R,RIC,7.0,19.0,clear_violation,316.0,67.0,186.3853830000000,99.0,0.17794499999999999,142,798
2022,United States Grand Prix,R,RIC,33.0,19.0,clear_violation,297.0,65.0,185.44256300000001,99.0,0.17565900000000001,140,797
2022,United States Grand Prix,R,NOR,15.0,19.0,clear_violation,296.0,0.0,158.6925550000000,100.0,0.21436200000000000,200,933
2022,United States Grand Prix,R,NOR,51.0,19.0,clear_violation,302.0,62.0,191.66004500000000,100.0,0.22251299999999999,170,764
2022,United States Grand Prix,R,HAM,13.0,19.0,clear_violation,293.0,0.0,160.06161399999999,100.0,0.24152499999999999,228,944
2022,United States Grand Prix,R,HAM,43.0,9.0,clear_violation,299.0,74.0,195.1352120000000,100.0,0.1877500000000000,141,751
2022,United States Grand Prix,R,HAM,52.0,9.0,clear_violation,324.0,71.0,195.48843700000000,100.0,0.2204720000000000,168,762
2022,United States Grand Prix,R,MSC,3.0,19.0,clear_violation,318.0,68.0,186.01523100000000,100.0,0.23815500000000001,191,802
2022,United States Grand Prix,R,MSC,10.0,19.0,clear_violation,323.0,66.0,183.86196200000001,100.0,0.24324299999999999,198,814
2022,United States Grand Prix,R,MSC,39.0,19.0,clear_violation,298.0,67.0,189.5983840000000,100.0,0.21951200000000001,171,779
2022,United States Grand Prix,R,MSC,53.0,19.0,clear_violation,303.0,68.0,189.97736599999999,100.0,0.20668300000000001,167,808
2022,United States Grand Prix,R,RUS,35.0,19.0,clear_violation,322.0,63.0,191.92467700000000,100.0,0.20882000000000001,161,771
2023,Abu Dhabi Grand Prix,Q,VER,5.0,16.0,clear_violation,333.0,68.0,222.24945299999999,100.0,0.1546710000000000,101,653
2023,Abu Dhabi Grand Prix,Q,HUL,2.0,16.0,clear_violation,331.0,68.0,221.8595490000000,100.0,0.1600610000000000,105,656
2023,Abu Dhabi Grand Prix,Q,HUL,8.0,16.0,clear_violation,326.0,70.0,223.35363699999999,100.0,0.12792500000000001,82,641
2023,Abu Dhabi Grand Prix,Q,PER,16.0,1.0,clear_violation,331.0,72.0,225.47189399999999,100.0,0.1332310000000000,87,653
2023,Abu Dhabi Grand Prix,Q,GAS,17.0,1.0,clear_violation,327.0,68.0,224.02781600000000,100.0,0.12386700000000000,82,662
2023,Abu Dhabi Grand Prix,Q,ZHO,2.0,16.0,clear_violation,327.0,70.0,222.96250699999999,100.0,0.14018700000000001,90,642
2023,Abu Dhabi Grand Prix,Q,SAR,2.0,1.0,clear_violation,332.0,68.0,222.48464700000000,100.0,0.14701400000000001,96,653
2023,Abu Dhabi Grand Prix,Q,SAR,5.0,1.0,clear_violation,330.0,70.0,222.41022899999999,100.0,0.1674350000000000,109,651
2023,Abu Dhabi Grand Prix,R,VER,23.0,1.0,clear_violation,306.0,66.0,208.65349499999999,100.0,0.15820000000000001,109,689
2023,Abu Dhabi Grand Prix,R,LEC,10.0,1.0,clear_violation,309.0,61.0,208.7193750000000,100.0,0.18409400000000001,125,679
2023,Abu Dhabi Grand Prix,R,LEC,28.0,16.0,clear_violation,308.0,60.0,210.90986599999999,100.0,0.17903900000000000,123,687
2023,Abu Dhabi Grand Prix,R,LEC,29.0,16.0,clear_violation,310.0,60.0,209.6641760000000,100.0,0.17595300000000000,120,682
2023,Abu Dhabi Grand Prix,R,RUS,54.0,1.0,clear_violation,309.0,59.0,209.54086300000000,100.0,0.1411590000000000,95,673
2023,Abu Dhabi Grand Prix,R,PER,41.0,1.0,clear_violation,308.0,62.0,211.115415000000,100.0,0.15789500000000001,108,684
2023,Abu Dhabi Grand Prix,R,NOR,9.0,1.0,clear_violation,322.0,60.0,205.55744000000001,99.0,0.18759000000000001,130,693
2023,Abu Dhabi Grand Prix,R,NOR,31.0,12.0,clear_violation,309.0,60.0,208.58995700000000,100.0,0.17877899999999999,123,688
2023,Abu Dhabi Grand Prix,R,NOR,47.0,6.0,clear_violation,310.0,61.0,211.3459080000000,100.0,0.15165200000000001,101,666
2023,Abu Dhabi Grand Prix,R,PIA,15.0,4.0,clear_violation,327.0,64.0,208.5681940000000,99.0,0.1698390000000000,116,683
2023,Abu Dhabi Grand Prix,R,PIA,31.0,1.0,clear_violation,311.0,60.0,209.10686699999999,99.0,0.1661810000000000,114,686
2023,Abu Dhabi Grand Prix,R,ALO,33.0,1.0,clear_violation,306.0,60.0,207.81217400000000,100.0,0.15483000000000000,109,704
2023,Abu Dhabi Grand Prix,R,TSU,15.0,16.0,clear_violation,304.0,61.0,207.09454199999999,100.0,0.16299600000000000,111,681
2023,Abu Dhabi Grand Prix,R,TSU,16.0,16.0,clear_violation,302.0,61.0,204.28332000000000,100.0,0.150074000000000,101,673
2023,Abu Dhabi Grand Prix,R,TSU,17.0,1.0,clear_violation,302.0,60.0,207.88651400000001,100.0,0.16830300000000001,120,713
2023,Abu Dhabi Grand Prix,R,HAM,14.0,1.0,clear_violation,325.0,65.0,205.4202850000000,100.0,0.18311900000000000,128,699
2023,Abu Dhabi Grand Prix,R,STR,14.0,1.0,clear_violation,332.0,59.0,205.60167300000001,100.0,0.18168799999999999,127,699
2023,Abu Dhabi Grand Prix,R,STR,32.0,1.0,clear_violation,305.0,60.0,208.7546840000000,100.0,0.150355000000000,106,705
2023,Abu Dhabi Grand Prix,R,RIC,5.0,1.0,clear_violation,332.0,61.0,206.00169299999999,100.0,0.1753890000000000,124,707
2023,Abu Dhabi Grand Prix,R,RIC,31.0,1.0,clear_violation,305.0,60.0,201.83605499999999,100.0,0.17114599999999999,121,707
2023,Abu Dhabi Grand Prix,R,GAS,41.0,4.0,clear_violation,305.0,63.0,211.78503599999999,100.0,0.1346700000000000,94,698
2023,Abu Dhabi Grand Prix,R,GAS,43.0,4.0,clear_violation,306.0,63.0,210.05171999999999,100.0,0.1440920000000000,100,694
2023,Abu Dhabi Grand Prix,R,ALB,2.0,7.0,clear_violation,320.0,56.0,201.14084099999999,100.0,0.18118899999999999,131,723
2023,Abu Dhabi Grand Prix,R,ALB,14.0,4.0,clear_violation,311.0,62.0,205.63061800000000,100.0,0.167622000000000,117,698
2023,Abu Dhabi Grand Prix,R,ALB,31.0,4.0,clear_violation,313.0,63.0,206.1087840000000,100.0,0.18142900000000001,127,700
2023,Abu Dhabi Grand Prix,R,ALB,32.0,4.0,clear_violation,314.0,63.0,207.92788999999999,100.0,0.17261099999999999,121,701
2023,Abu Dhabi Grand Prix,R,HUL,11.0,1.0,clear_violation,311.0,64.0,202.78812400000001,100.0,0.15629499999999999,108,691
2023,Abu Dhabi Grand Prix,R,SAR,2.0,7.0,clear_violation,322.0,57.0,200.74711700000000,100.0,0.1900140000000000,137,721
2023,Abu Dhabi Grand Prix,R,SAR,10.0,4.0,clear_violation,313.0,62.0,204.33238399999999,100.0,0.16058400000000000,110,685
2023,Abu Dhabi Grand Prix,R,ZHO,12.0,1.0,clear_violation,311.0,67.0,204.17137700000001,100.0,0.171875,121,704
2023,Abu Dhabi Grand Prix,R,SAI,6.0,1.0,clear_violation,310.0,63.0,204.15672499999999,100.0,0.191027000000000,132,691
2023,Abu Dhabi Grand Prix,R,SAI,30.0,1.0,clear_violation,305.0,63.0,209.83668700000001,100.0,0.1654360000000000,112,677
2023,Abu Dhabi Grand Prix,R,MAG,23.0,4.0,clear_violation,300.0,0.0,169.08147500000001,100.0,0.19053300000000001,161,845
2023,Australian Grand Prix,FP1,MAG,5.0,3.0,no_advantage,318.0,67.0,183.26926499999999,100.0,0.17446300000000001,138,791
2023,Australian Grand Prix,FP1,TSU,13.0,1.0,no_advantage,297.7406260,39.0,144.1787300000000,100.0,0.07278200000000000,73,1003
2023,Australian Grand Prix,FP1,DEV,22.0,13.0,no_advantage,294.0,85.0,221.06913000000000,100.0,0.13353999999999999,86,644
2023,Australian Grand Prix,FP2,NOR,8.0,1.0,no_advantage,303.06666700000000,79.0,192.10034600000000,99.0,0.1782440000000000,136,763
2023,Australian Grand Prix,FP2,STR,10.0,3.0,no_advantage,292.0,76.0,196.45062300000001,100.0,0.22083300000000000,159,720
2023,Australian Grand Prix,FP3,MAG,14.0,13.0,no_advantage,296.0,0.0,185.57296800000000,100.0,0.12923499999999999,103,797
2023,Australian Grand Prix,FP3,PER,6.0,3.0,no_advantage,311.0999980000000,21.55000200,205.92039500000001,100.0,0.13478299999999999,93,690
2023,Australian Grand Prix,FP3,PER,16.0,1.0,no_advantage,315.0,82.0,173.1496850000000,100.0,0.15413499999999999,123,798
2023,Australian Grand Prix,Q,VER,11.0,1.0,clear_violation,326.0,83.0,196.36648900000,100.0,0.1922040000000000,143,744
2023,Australian Grand Prix,Q,HAM,7.0,9.0,clear_violation,314.0,69.0,167.24332899999999,100.0,0.2006840000000000,176,877
2023,Australian Grand Prix,Q,NOR,9.0,6.0,clear_violation,319.0,71.0,193.4212460000000,99.0,0.134641000000000,103,765
2023,Australian Grand Prix,Q,NOR,16.0,3.0,clear_violation,319.0,48.0,187.78882600000000,99.0,0.15543999999999999,120,772
2023,Australian Grand Prix,R,VER,47.0,13.0,clear_violation,303.0,48.0,224.56454500000001,100.0,0.1456,91,625
2023,Australian Grand Prix,R,VER,47.0,13.0,no_advantage,303.0,48.0,224.56454500000001,100.0,0.1456,91,625
2023,Australian Grand Prix,R,HUL,51.0,12.0,no_advantage,305.0,76.0,224.29322800000000,100.0,0.14603200000000000,92,630
2023,Austrian Grand Prix,Q,VER,2.0,10.0,clear_violation,326.0,68.0,238.58082999999999,100.0,0.16700200000000001,83,497
2023,Austrian Grand Prix,Q,VER,3.0,10.0,clear_violation,296.0,48.0,113.24739200000000,100.0,0.0609280000000000,63,1034
2023,Austrian Grand Prix,Q,VER,14.0,10.0,clear_violation,324.0,69.0,239.64206500000000,100.0,0.16367300000000001,82,501
2023,Austrian Grand Prix,Q,VER,15.0,10.0,clear_violation,299.0,33.0,118.84224800000000,100.0,0.1029260000000000,102,991
2023,Austrian Grand Prix,Q,SAI,2.0,6.0,clear_violation,321.0,63.0,233.82995299999999,100.0,0.1752990000000000,88,502
2023,Austrian Grand Prix,Q,SAI,9.0,9.0,clear_violation,323.0,68.0,234.0655880000000,100.0,0.1744190000000000,90,516
2023,Austrian Grand Prix,Q,NOR,2.0,10.0,clear_violation,322.0,67.0,235.94163800000001,100.0,0.14910499999999999,75,503
2023,Austrian Grand Prix,Q,NOR,3.0,10.0,clear_violation,294.0,46.0,116.01950300000000,99.0,0.14796400000000001,149,1007
2023,Austrian Grand Prix,Q,NOR,9.0,10.0,clear_violation,324.0,71.0,237.37383100000000,99.0,0.13480900000000001,67,497
2023,Austrian Grand Prix,Q,NOR,10.0,10.0,clear_violation,295.0,54.0,123.0626400000000,99.0,0.13130300000000000,125,952
2023,Austrian Grand Prix,Q,HAM,3.0,10.0,clear_violation,324.0,67.0,232.36634699999999,100.0,0.14734800000000001,75,509
2023,Austrian Grand Prix,Q,STR,12.0,9.0,clear_violation,323.0,68.0,236.9103080000000,100.0,0.17373700000000000,86,495
2023,Austrian Grand Prix,Q,STR,21.0,9.0,clear_violation,321.0,64.0,236.55987900000000,100.0,0.1755420000000000,89,507
2023,Austrian Grand Prix,Q,ALO,17.0,9.0,clear_violation,321.0,67.0,237.30058299999999,100.0,0.1488930000000000,74,497
2023,Austrian Grand Prix,Q,HUL,2.0,9.0,clear_violation,323.0,69.0,236.44905399999999,100.0,0.14056199999999999,70,498
2023,Austrian Grand Prix,Q,HUL,17.0,6.0,clear_violation,326.0,66.0,238.38046700000001,100.0,0.1442690000000000,73,506
2023,Austrian Grand Prix,Q,GAS,5.0,10.0,clear_violation,321.0,64.0,236.77580599999999,100.0,0.15090500000000001,75,497
2023,Austrian Grand Prix,Q,GAS,14.0,10.0,clear_violation,323.0,68.0,238.5404510000000,100.0,0.13518900000000000,68,503
2023,Austrian Grand Prix,Q,ALB,14.0,10.0,clear_violation,330.0,68.0,235.17558000000000,100.0,0.178,89,500
2023,Austrian Grand Prix,Q,ALB,20.0,9.0,clear_violation,325.0,68.0,236.28236000000001,100.0,0.16122400000000001,79,490
2023,Austrian Grand Prix,Q,RUS,17.0,9.0,clear_violation,323.0,68.0,238.06315100000000,100.0,0.16149100000000000,78,483
2023,Austrian Grand Prix,Q,OCO,5.0,10.0,clear_violation,320.0,61.0,233.23039199999999,100.0,0.18762499999999999,94,501
2023,Austrian Grand Prix,Q,OCO,14.0,10.0,clear_violation,323.0,68.0,238.34095300000001,100.0,0.1883500000000000,97,515
2023,Austrian Grand Prix,Q,PIA,18.0,9.0,clear_violation,322.0,69.0,236.86227400000001,99.0,0.1317370000000000,66,501
2023,Austrian Grand Prix,Q,BOT,13.0,10.0,clear_violation,325.0,70.0,235.53946400000001,100.0,0.17025399999999999,87,511
2023,Austrian Grand Prix,Q,PER,12.0,9.0,clear_violation,326.0,65.0,238.69463800000000,100.0,0.14770500000000000,74,501
2023,Austrian Grand Prix,Q,PER,15.0,9.0,clear_violation,325.0,66.0,236.82952900000001,100.0,0.15010100000000001,74,493
2023,Austrian Grand Prix,Q,PER,18.0,10.0,clear_violation,327.0,69.0,237.72240800000000,100.0,0.1568630000000000,80,510
2023,Austrian Grand Prix,Q,TSU,9.0,10.0,clear_violation,321.0,66.0,234.72953999999999,100.0,0.1465860000000000,73,498
2023,Austrian Grand Prix,Q,ZHO,2.0,10.0,clear_violation,323.0,69.0,234.36547100000001,100.0,0.18613900000000000,94,505
2023,Austrian Grand Prix,Q,MAG,6.0,10.0,clear_violation,321.0,67.0,234.83219500000001,100.0,0.1588240000000000,81,510
2023,Austrian Grand Prix,Q,MAG,7.0,10.0,clear_violation,308.0,49.0,125.72770700000000,100.0,0.12670200000000001,121,955
2023,Austrian Grand Prix,Q,DEV,6.0,10.0,clear_violation,318.0,59.0,232.63141100000001,100.0,0.18421100000000001,91,494
2023,Austrian Grand Prix,R,VER,65.0,10.0,clear_violation,307.0,64.0,223.62130600000000,100.0,0.18545500000000001,102,550
2023,Austrian Grand Prix,R,VER,66.0,10.0,clear_violation,317.0,63.0,225.7125850000000,100.0,0.1717560000000000,90,524
2023,Austrian Grand Prix,R,GAS,6.0,10.0,clear_violation,308.0,67.0,216.99946100000000,100.0,0.18081200000000000,98,542
2023,Austrian Grand Prix,R,GAS,7.0,10.0,clear_violation,311.0,63.0,216.00057799999999,100.0,0.19419200000000000,107,551
2023,Austrian Grand Prix,R,GAS,22.0,9.0,clear_violation,293.0,66.0,219.26293100000001,100.0,0.14869900000000000,80,538
2023,Austrian Grand Prix,R,GAS,25.0,10.0,clear_violation,295.0,65.0,220.11361500000001,100.0,0.15370000000000000,81,527
2023,Austrian Grand Prix,R,GAS,26.0,10.0,clear_violation,294.0,65.0,219.14449999999999,100.0,0.16153799999999999,84,520
2023,Austrian Grand Prix,R,GAS,27.0,10.0,clear_violation,294.0,65.0,218.88903900000000,100.0,0.15947500000000001,85,533
2023,Austrian Grand Prix,R,GAS,28.0,10.0,clear_violation,293.0,63.0,218.21616399999999,100.0,0.15037600000000001,80,532
2023,Austrian Grand Prix,R,GAS,29.0,10.0,clear_violation,293.0,58.0,217.0498970000000,100.0,0.15427500000000000,83,538
2023,Austrian Grand Prix,R,PER,11.0,9.0,clear_violation,321.0,64.0,214.45328599999999,100.0,0.2125240000000000,112,527
2023,Austrian Grand Prix,R,PER,17.0,10.0,clear_violation,301.0,66.0,220.01403999999999,100.0,0.17744900000000000,96,541
2023,Austrian Grand Prix,R,PER,18.0,10.0,clear_violation,300.0,66.0,219.26609800000000,100.0,0.19001899999999999,99,521
2023,Austrian Grand Prix,R,PER,61.0,9.0,clear_violation,324.0,53.0,224.95999900000001,100.0,0.17657999999999999,95,538
2023,Austrian Grand Prix,R,ALO,4.0,10.0,clear_violation,297.0,63.0,215.74872400000001,100.0,0.16087799999999999,88,547
2023,Austrian Grand Prix,R,ALO,5.0,10.0,clear_violation,298.0,64.0,217.26812200000001,100.0,0.16917299999999999,90,532
2023,Austrian Grand Prix,R,LEC,5.0,9.0,clear_violation,299.0,65.0,220.81993700000001,99.0,0.1864410000000000,99,531
2023,Austrian Grand Prix,R,LEC,8.0,9.0,clear_violation,298.0,66.0,221.41616400000001,99.0,0.17712200000000000,96,542
2023,Austrian Grand Prix,R,LEC,32.0,9.0,clear_violation,302.0,62.0,219.47175500000000,100.0,0.16111100000000000,87,540
2023,Austrian Grand Prix,R,STR,6.0,9.0,clear_violation,312.0,60.0,216.07889599999999,100.0,0.20772099999999999,113,544
2023,Austrian Grand Prix,R,STR,10.0,9.0,clear_violation,301.0,61.0,217.70625799999999,100.0,0.19408500000000001,105,541
2023,Austrian Grand Prix,R,STR,33.0,10.0,clear_violation,320.0,57.0,216.60870800000001,100.0,0.22568800000000000,123,545
2023,Austrian Grand Prix,R,STR,34.0,10.0,clear_violation,319.0,55.0,217.6797910000000,100.0,0.20973800000000001,112,534
2023,Austrian Grand Prix,R,SAR,15.0,9.0,clear_violation,282.0,0.0,145.31769800000001,100.0,0.24876799999999999,202,812
2023,Austrian Grand Prix,R,SAR,54.0,10.0,clear_violation,306.0,64.0,220.4774420000000,100.0,0.1736750000000000,95,547
2023,Austrian Grand Prix,R,SAR,55.0,10.0,clear_violation,306.0,63.0,218.941968000000,100.0,0.17184600000000000,94,547
2023,Austrian Grand Prix,R,SAR,57.0,9.0,clear_violation,309.0,63.0,219.88235599999999,100.0,0.18265700000000001,99,542
2023,Austrian Grand Prix,R,MAG,28.0,10.0,clear_violation,303.0,64.0,213.14563500000000,100.0,0.19384100000000001,107,552
2023,Austrian Grand Prix,R,MAG,29.0,10.0,clear_violation,302.0,64.0,214.16590600000001,100.0,0.17863699999999999,97,543
2023,Austrian Grand Prix,R,MAG,42.0,9.0,clear_violation,301.0,65.0,217.6208190000000,100.0,0.1860040000000000,101,543
2023,Austrian Grand Prix,R,MAG,43.0,10.0,clear_violation,300.0,64.0,218.9206150000000,100.0,0.1851150000000000,97,524
2023,Austrian Grand Prix,R,MAG,44.0,10.0,clear_violation,299.0,66.0,218.90449100000001,100.0,0.2,109,545
2023,Austrian Grand Prix,R,MAG,57.0,9.0,clear_violation,298.0,61.0,209.28662399999999,100.0,0.19618099999999999,113,576
2023,Austrian Grand Prix,R,DEV,5.0,9.0,clear_violation,302.0,59.0,212.48822999999999,100.0,0.19744100000000001,108,547
2023,Austrian Grand Prix,R,DEV,21.0,9.0,clear_violation,300.0,61.0,218.8090130000000,100.0,0.18773200000000001,101,538
2023,Austrian Grand Prix,R,TSU,5.0,10.0,clear_violation,300.0,60.0,213.62535900000000,100.0,0.1813190000000000,99,546
2023,Austrian Grand Prix,R,TSU,6.0,9.0,clear_violation,318.0,60.0,215.7637610000000,100.0,0.19597100000000001,107,546
2023,Austrian Grand Prix,R,TSU,8.0,9.0,clear_violation,317.0,64.0,215.6613900000000,100.0,0.19301499999999999,105,544
2023,Austrian Grand Prix,R,TSU,9.0,10.0,clear_violation,315.0,64.0,217.56310700000000,100.0,0.17463200000000001,95,544
2023,Austrian Grand Prix,R,TSU,10.0,10.0,clear_violation,316.0,61.0,214.87108499999999,100.0,0.19557200000000000,106,542
2023,Austrian Grand Prix,R,TSU,22.0,9.0,clear_violation,310.0,54.0,211.6687700000000,100.0,0.17657700000000001,98,555
2023,Austrian Grand Prix,R,TSU,47.0,10.0,clear_violation,313.0,65.0,219.40360200000001,100.0,0.18317800000000001,98,535
2023,Austrian Grand Prix,R,TSU,48.0,10.0,clear_violation,302.0,69.0,219.98293799999999,100.0,0.15977400000000000,85,532
2023,Austrian Grand Prix,R,TSU,49.0,10.0,clear_violation,301.0,67.0,220.26154000000000,100.0,0.14962100000000000,79,528
2023,Austrian Grand Prix,R,TSU,62.0,10.0,clear_violation,319.0,58.0,217.64806700000000,100.0,0.2003780000000000,106,529
2023,Austrian Grand Prix,R,TSU,63.0,10.0,clear_violation,322.0,60.0,214.9864140000000,100.0,0.18294800000000000,103,563
2023,Austrian Grand Prix,R,ALB,19.0,9.0,clear_violation,324.0,55.0,217.09247600000000,100.0,0.2158670000000000,117,542
2023,Austrian Grand Prix,R,ALB,20.0,9.0,clear_violation,323.0,56.0,216.94279200000000,100.0,0.22404399999999999,123,549
2023,Austrian Grand Prix,R,ALB,25.0,10.0,clear_violation,301.0,62.0,216.1584450000000,100.0,0.20415900000000001,108,529
2023,Austrian Grand Prix,R,ALB,26.0,10.0,clear_violation,305.0,62.0,218.15058600000000,100.0,0.19318199999999999,102,528
2023,Austrian Grand Prix,R,ALB,27.0,10.0,clear_violation,307.0,58.0,218.48729700000001,100.0,0.1894930000000000,101,533
2023,Austrian Grand Prix,R,ALB,28.0,10.0,clear_violation,306.0,60.0,216.9667930000000,100.0,0.20147899999999999,109,541
2023,Austrian Grand Prix,R,ALB,29.0,10.0,clear_violation,304.0,63.0,217.03379100000001,100.0,0.19776099999999999,106,536
2023,Austrian Grand Prix,R,HUL,8.0,10.0,clear_violation,313.0,52.0,216.3202200000000,100.0,0.17953300000000000,100,557
2023,Austrian Grand Prix,R,HUL,9.0,9.0,clear_violation,315.0,61.0,215.9495030000000,100.0,0.1836730000000000,99,539
2023,Austrian Grand Prix,R,HUL,10.0,10.0,clear_violation,314.0,59.0,217.44444300000001,100.0,0.19963000000000000,108,541
2023,Austrian Grand Prix,R,OCO,27.0,10.0,clear_violation,310.0,60.0,220.0174420000000,100.0,0.2278720000000000,121,531
2023,Austrian Grand Prix,R,OCO,28.0,10.0,clear_violation,308.0,63.0,217.64656500000001,100.0,0.20555599999999999,111,540
2023,Austrian Grand Prix,R,OCO,38.0,9.0,clear_violation,297.0,61.0,215.17219100000000,100.0,0.21350400000000000,117,548
2023,Austrian Grand Prix,R,OCO,58.0,10.0,clear_violation,297.0,63.0,219.91406300000000,100.0,0.1962960000000000,106,540
2023,Austrian Grand Prix,R,OCO,59.0,10.0,clear_violation,297.0,64.0,221.07824700000000,100.0,0.1895910000000000,102,538
2023,Austrian Grand Prix,R,NOR,28.0,10.0,clear_violation,318.0,59.0,221.65509399999999,100.0,0.21062600000000001,111,527
2023,Austrian Grand Prix,R,NOR,29.0,10.0,clear_violation,298.0,62.0,218.23017800000000,100.0,0.18832399999999999,100,531
2023,Austrian Grand Prix,R,NOR,64.0,10.0,clear_violation,305.0,63.0,221.8192120000000,100.0,0.18315000000000001,100,546
2023,Austrian Grand Prix,R,NOR,65.0,10.0,clear_violation,305.0,62.0,220.45526899999999,100.0,0.16878399999999999,93,551
2023,Austrian Grand Prix,R,HAM,4.0,10.0,clear_violation,301.0,64.0,219.12505500000000,100.0,0.32774700000000001,176,537
2023,Austrian Grand Prix,R,HAM,5.0,10.0,clear_violation,300.0,67.0,219.43361800000000,100.0,0.19137000000000001,102,533
2023,Austrian Grand Prix,R,HAM,6.0,10.0,clear_violation,295.0,68.0,219.096660000000,100.0,0.16296300000000000,88,540
2023,Austrian Grand Prix,R,HAM,7.0,10.0,clear_violation,300.0,65.0,219.3066690000000,100.0,0.17216100000000001,94,546
2023,Austrian Grand Prix,R,HAM,8.0,10.0,clear_violation,299.0,66.0,219.4418880000000,100.0,0.14602599999999999,79,541
2023,Austrian Grand Prix,R,HAM,9.0,10.0,clear_violation,301.0,67.0,220.97478300000000,100.0,0.1651030000000000,88,533
2023,Austrian Grand Prix,R,HAM,10.0,10.0,clear_violation,301.0,65.0,217.9398230000000,100.0,0.16266200000000000,88,541
2023,Austrian Grand Prix,R,HAM,31.0,10.0,clear_violation,316.0,62.0,217.67014800000001,100.0,0.17973200000000000,94,523
2023,Austrian Grand Prix,R,SAI,5.0,10.0,clear_violation,304.0,64.0,220.80637100000001,100.0,0.19360900000000000,103,532
2023,Austrian Grand Prix,R,SAI,6.0,10.0,clear_violation,310.0,60.0,219.54525400000000,100.0,0.2011170000000000,108,537
2023,Austrian Grand Prix,R,SAI,8.0,10.0,clear_violation,313.0,59.0,220.9076330000000,100.0,0.18299399999999999,99,541
2023,Austrian Grand Prix,R,SAI,9.0,10.0,clear_violation,314.0,59.0,221.0928040000000,100.0,0.1977400000000000,105,531
2023,Austrian Grand Prix,R,SAI,10.0,9.0,clear_violation,314.0,62.0,218.95648199999999,100.0,0.19851600000000000,107,539
2023,Austrian Grand Prix,R,SAI,11.0,9.0,clear_violation,313.0,61.0,219.8481780000000,100.0,0.21755700000000000,114,524
2023,Austrian Grand Prix,R,SAI,17.0,9.0,clear_violation,325.0,62.0,223.44256999999999,100.0,0.22580600000000001,119,527
2023,Austrian Grand Prix,R,BOT,5.0,9.0,clear_violation,307.0,59.0,213.0827110000000,100.0,0.2522850000000000,138,547
2023,Austrian Grand Prix,R,PIA,12.0,9.0,clear_violation,317.0,61.0,215.70130000000000,99.0,0.2278720000000000,121,531
2023,Austrian Grand Prix,S,SAI,18.0,9.0,clear_violation,296.0,56.0,203.08321500000000,100.0,0.23716799999999999,134,565
2023,Austrian Grand Prix,S,NOR,16.0,9.0,clear_violation,298.0,55.0,204.8404600000000,100.0,0.19689100000000001,114,579
2023,Austrian Grand Prix,S,HAM,13.0,9.0,clear_violation,301.0,59.0,200.6594540000000,100.0,0.2188610000000000,123,562
2023,Austrian Grand Prix,S,HAM,16.0,9.0,clear_violation,298.0,56.0,204.50376499999999,100.0,0.23050300000000001,133,577
2023,Austrian Grand Prix,S,LEC,15.0,10.0,clear_violation,302.0,51.0,202.16881599999999,100.0,0.20543300000000000,121,589
2023,Austrian Grand Prix,S,LEC,16.0,10.0,clear_violation,305.0,48.0,203.22167600000000,100.0,0.23661499999999999,137,579
2023,Austrian Grand Prix,S,GAS,23.0,9.0,clear_violation,296.0,54.0,199.6917200000000,100.0,0.18487400000000001,110,595
2023,Azerbaijan Grand Prix,FP1,NOR,1.0,1.0,no_advantage,322.0,0.0,139.09944100000001,100.0,0.25254399999999999,273,1081
2023,Azerbaijan Grand Prix,FP1,MAG,2.0,1.0,no_advantage,333.0,62.0,186.66546700000001,100.0,0.27176499999999998,231,850
2023,Azerbaijan Grand Prix,FP1,SAR,2.0,1.0,no_advantage,329.0,69.0,196.80383499999999,104.0,0.28067999999999999,231,823
2023,Azerbaijan Grand Prix,FP1,GAS,6.0,1.0,no_advantage,332.90909099999999,69.0,200.1989490000000,100.0,0.2009990000000000,161,801
2023,Azerbaijan Grand Prix,FP1,LEC,12.0,7.0,no_advantage,333.0,49.0,186.9511210000000,100.0,0.24040600000000001,213,886
2023,Azerbaijan Grand Prix,FP1,LEC,14.0,2.0,no_advantage,331.0,0.0,37.11779900000000,104.0,0.08302400000000000,358,4312
2023,Azerbaijan Grand Prix,Q,BOT,17.0,3.0,clear_violation,331.6909090000000,52.0,171.10295700000000,100.0,0.27479300000000001,266,968
2023,Azerbaijan Grand Prix,Q,ZHO,1.0,1.0,no_advantage,329.8333330000000,35.73214300000000,163.09742299999999,100.0,0.24714400000000000,238,963
2023,Azerbaijan Grand Prix,Q,SAI,15.0,3.0,no_advantage,327.6305560000000,55.0,144.15924999999999,100.0,0.2737580000000000,314,1147
2023,Azerbaijan Grand Prix,R,STR,19.0,16.0,clear_violation,342.0,65.0,196.68466300000000,100.0,0.22518199999999999,186,826
2023,Bahrain Grand Prix,FP1,ALO,9.0,4.0,no_advantage,310.0,60.0,201.844144000000,100.0,0.18493200000000001,135,730
2023,Bahrain Grand Prix,FP1,NOR,9.0,1.0,no_advantage,281.51071600000000,0.0,58.50078200000000,104.0,0.4901110000000000,1239,2528
2023,Bahrain Grand Prix,FP2,PIA,5.0,1.0,no_advantage,299.0,57.0,144.73942700000001,100.0,0.1587150000000000,163,1027
2023,Bahrain Grand Prix,FP2,SAR,14.0,10.0,no_advantage,300.0,66.0,194.47496200000000,100.0,0.19230800000000001,150,780
2023,Bahrain Grand Prix,FP2,ALO,13.0,10.0,no_advantage,292.0,0.0,161.57867999999999,99.0,0.20043100000000000,186,928
2023,Bahrain Grand Prix,Q,SAI,2.0,8.0,clear_violation,327.0,65.0,211.43314100000001,100.0,0.18093899999999999,131,724
2023,Bahrain Grand Prix,Q,STR,2.0,13.0,clear_violation,318.0,68.0,211.6198610000000,99.0,0.18387600000000001,130,707
2023,Bahrain Grand Prix,Q,HUL,16.0,4.0,clear_violation,319.0,64.0,214.29221600000000,100.0,0.19121800000000000,135,706
2023,Bahrain Grand Prix,Q,GAS,5.0,15.0,clear_violation,323.0,67.0,211.95933299999999,100.0,0.18030499999999999,130,721
2023,Bahrain Grand Prix,R,GAS,43.0,4.0,clear_violation,303.0,66.0,201.9239240000000,100.0,0.19505500000000001,142,728
2023,Bahrain Grand Prix,R,GAS,44.0,4.0,clear_violation,303.0,63.0,202.49145300000001,100.0,0.1815680000000000,132,727
2023,Bahrain Grand Prix,R,LEC,8.0,4.0,clear_violation,306.0,56.0,195.4141720000000,100.0,0.19973500000000000,151,756
2023,Bahrain Grand Prix,R,MAG,28.0,4.0,clear_violation,305.0,59.0,194.58010300000001,100.0,0.21287800000000001,162,761
2023,Bahrain Grand Prix,R,DEV,19.0,13.0,clear_violation,304.0,59.0,194.89023000000000,100.0,0.19463100000000000,145,745
2023,Bahrain Grand Prix,R,DEV,50.0,4.0,clear_violation,305.0,56.0,195.2669710000000,100.0,0.20592199999999999,153,743
2023,Bahrain Grand Prix,R,HUL,21.0,4.0,clear_violation,309.0,62.0,196.8260410000000,100.0,0.21143600000000001,159,752
2023,Bahrain Grand Prix,R,HUL,39.0,4.0,clear_violation,305.0,60.0,197.156212000000,100.0,0.18733200000000000,139,742
2023,Bahrain Grand Prix,R,HUL,47.0,4.0,clear_violation,307.0,63.0,198.68813000000000,100.0,0.1950210000000000,141,723
2023,Bahrain Grand Prix,R,HUL,52.0,4.0,clear_violation,307.0,61.0,197.82019099999999,100.0,0.20272100000000001,149,735
2023,Bahrain Grand Prix,R,HUL,56.0,13.0,clear_violation,309.0,61.0,193.86923400000001,100.0,0.20025799999999999,155,774
2023,Bahrain Grand Prix,R,NOR,3.0,4.0,clear_violation,304.0,53.0,192.75924900000001,100.0,0.23404300000000000,176,752
2023,Bahrain Grand Prix,R,NOR,15.0,4.0,clear_violation,304.0,57.0,195.7795340000000,100.0,0.2310870000000000,168,727
2023,Bahrain Grand Prix,R,NOR,50.0,7.0,clear_violation,302.0,64.0,200.74079399999999,100.0,0.20665700000000001,149,721
2023,Bahrain Grand Prix,R,HAM,50.0,8.0,clear_violation,326.0,60.0,197.25154599999999,100.0,0.22330100000000000,161,721
2023,Bahrain Grand Prix,R,RUS,42.0,13.0,clear_violation,311.0,61.0,198.05424199999999,100.0,0.2301260000000000,165,717
2023,Bahrain Grand Prix,R,BOT,7.0,4.0,clear_violation,300.0,60.0,192.31363800000000,100.0,0.22372000000000000,166,742
2023,Bahrain Grand Prix,R,RUS,8.0,10.0,no_advantage,324.0,57.0,190.7539850000000,100.0,0.23076900000000000,177,767
2023,Bahrain Grand Prix,R,STR,51.0,10.0,no_advantage,304.0,59.0,197.56702200000001,99.0,0.19781699999999999,145,733
2023,Belgian Grand Prix,Q,VER,13.0,9.0,clear_violation,317.0,59.0,204.4245480000000,100.0,0.1840960000000000,169,918
2023,Belgian Grand Prix,Q,NOR,3.0,15.0,clear_violation,299.0,50.0,199.03361699999999,100.0,0.16943900000000001,163,962
2023,Belgian Grand Prix,Q,MAG,2.0,10.0,clear_violation,310.0,53.0,204.3330730000000,100.0,0.18763099999999999,179,954
2023,Belgian Grand Prix,Q,MAG,15.0,9.0,clear_violation,310.0,36.0,197.57288500000001,100.0,0.22028700000000001,215,976
2023,Belgian Grand Prix,Q,RIC,7.0,4.0,clear_violation,316.0,57.0,208.03665300000000,100.0,0.18151800000000001,165,909
2023,Belgian Grand Prix,Q,ALB,8.0,8.0,no_advantage,318.0,34.0,167.95370299999999,100.0,0.2743520000000000,307,1119
2023,Belgian Grand Prix,R,VER,21.0,4.0,clear_violation,312.0,67.0,216.74781899999999,100.0,0.16910900000000001,150,887
2023,Belgian Grand Prix,R,PER,22.0,11.0,clear_violation,313.0,64.0,216.87081400000000,100.0,0.17084299999999999,150,878
2023,Belgian Grand Prix,R,HAM,37.0,9.0,clear_violation,320.0,65.0,224.08695000000000,100.0,0.15140799999999999,129,852
2023,Belgian Grand Prix,R,NOR,36.0,4.0,clear_violation,311.0,61.0,220.6189140000000,100.0,0.13105100000000000,111,847
2023,Belgian Grand Prix,R,TSU,13.0,9.0,clear_violation,319.0,67.0,221.51555700000000,100.0,0.12305900000000000,103,837
2023,Belgian Grand Prix,R,TSU,14.0,9.0,clear_violation,319.0,65.0,221.48443000000000,100.0,0.144,126,875
2023,Belgian Grand Prix,R,ALB,28.0,9.0,clear_violation,333.0,65.0,224.32321600000000,100.0,0.16449700000000000,139,845
2023,Belgian Grand Prix,R,RIC,37.0,15.0,clear_violation,338.0,61.0,220.31699699999999,100.0,0.1543700000000000,136,881
2023,Belgian Grand Prix,R,SAR,9.0,9.0,clear_violation,351.0,0.0,194.22641500000000,100.0,0.17355400000000001,168,968
2023,Belgian Grand Prix,R,SAR,33.0,4.0,clear_violation,328.0,64.0,219.4236980000000,100.0,0.16292799999999999,138,847
2023,Belgian Grand Prix,R,SAR,36.0,4.0,clear_violation,331.0,67.0,227.58629600000000,100.0,0.1605230000000000,135,841
2023,Belgian Grand Prix,R,HUL,10.0,11.0,clear_violation,318.0,63.0,218.71135100000001,100.0,0.15034200000000000,132,878
2023,Belgian Grand Prix,R,SAI,10.0,4.0,clear_violation,327.0,63.0,219.5690950000000,100.0,0.18181800000000001,158,869
2023,Belgian Grand Prix,R,SAI,21.0,11.0,clear_violation,318.0,66.0,206.6952380000000,100.0,0.2130240000000000,193,906
2023,British Grand Prix,FP1,ALB,7.0,15.0,no_advantage,322.0,88.0,229.54624400000000,100.0,0.15859000000000001,108,681
2023,British Grand Prix,FP1,RUS,22.0,6.0,no_advantage,300.0,0.0,33.40829500000000,104.0,0.7170970000000000,3389,4726
2023,British Grand Prix,FP2,HAM,2.0,16.0,no_advantage,319.0,74.0,228.39925199999999,100.0,0.1346700000000000,94,698
2023,British Grand Prix,Q,VER,2.0,15.0,clear_violation,304.0,62.0,223.8672180000000,100.0,0.15767000000000000,111,704
2023,British Grand Prix,Q,NOR,3.0,15.0,clear_violation,285.0,54.0,174.75223800000001,100.0,0.13997799999999999,125,893
2023,British Grand Prix,Q,NOR,19.0,15.0,clear_violation,303.0,93.0,235.9181730000000,100.0,0.11739100000000000,81,690
2023,British Grand Prix,Q,PIA,3.0,15.0,clear_violation,305.0,85.0,222.89257100000000,100.0,0.14655199999999999,102,696
2023,British Grand Prix,Q,SAI,2.0,15.0,clear_violation,294.0,0.0,162.5276300000000,100.0,0.2278740000000000,224,983
2023,British Grand Prix,Q,HAM,2.0,15.0,clear_violation,301.0,0.0,183.25971899999999,100.0,0.1506230000000000,133,883
2023,British Grand Prix,Q,ALB,6.0,15.0,clear_violation,308.0,92.0,229.47292800000000,100.0,0.18155600000000000,126,694
2023,British Grand Prix,Q,HUL,5.0,15.0,clear_violation,303.0,87.0,228.2219550000000,100.0,0.13380300000000001,95,710
2023,British Grand Prix,Q,STR,15.0,15.0,clear_violation,308.0,87.0,232.7878490000000,100.0,0.14964000000000000,104,695
2023,British Grand Prix,Q,SAR,3.0,15.0,clear_violation,306.0,74.0,221.40396200000001,100.0,0.17348400000000000,123,709
2023,British Grand Prix,Q,SAR,13.0,15.0,clear_violation,308.0,76.0,230.85700499999999,100.0,0.15922600000000001,107,672
2023,British Grand Prix,Q,SAR,15.0,9.0,clear_violation,307.0,89.0,232.27982600000001,100.0,0.1563850000000000,109,697
2023,British Grand Prix,Q,DEV,2.0,15.0,clear_violation,304.0,79.0,217.92492300000001,100.0,0.20671100000000001,154,745
2023,British Grand Prix,Q,SAR,6.0,11.0,no_advantage,307.0,72.0,198.19434899999999,100.0,0.19791700000000001,152,768
2023,British Grand Prix,R,PER,38.0,15.0,clear_violation,277.0,51.0,153.03501700000001,100.0,0.24373800000000001,253,1038
2023,British Grand Prix,R,STR,10.0,15.0,clear_violation,318.0,83.0,222.75236300000000,100.0,0.15441199999999999,105,680
2023,British Grand Prix,R,STR,11.0,15.0,clear_violation,305.0,88.0,220.2449620000000,100.0,0.1384180000000000,98,708
2023,British Grand Prix,R,STR,39.0,15.0,clear_violation,319.0,74.0,228.08698300000000,100.0,0.17305000000000001,122,705
2023,British Grand Prix,R,SAR,16.0,9.0,clear_violation,304.0,79.0,223.1712610000000,100.0,0.15417300000000000,109,707
2023,British Grand Prix,R,MAG,14.0,9.0,clear_violation,299.0,79.0,220.24272600000000,100.0,0.12813400000000000,92,718
2023,British Grand Prix,R,MAG,20.0,15.0,clear_violation,299.0,82.0,223.24806699999999,100.0,0.14563100000000001,105,721
2023,British Grand Prix,R,MAG,27.0,15.0,clear_violation,299.0,84.0,222.71407300000001,100.0,0.13464200000000001,96,713
2023,British Grand Prix,R,DEV,10.0,15.0,clear_violation,305.0,81.0,223.18492200000000,100.0,0.18529399999999999,126,680
2023,British Grand Prix,R,ALB,10.0,15.0,clear_violation,303.0,83.0,223.27132599999999,100.0,0.15226899999999999,104,683
2023,British Grand Prix,R,HUL,7.0,15.0,clear_violation,310.0,78.0,214.6742810000000,100.0,0.1902100000000000,136,715
2023,British Grand Prix,R,NOR,13.0,15.0,clear_violation,303.0,82.0,224.31702000000001,100.0,0.1326680000000000,93,701
2023,British Grand Prix,R,NOR,14.0,9.0,clear_violation,303.0,77.0,225.3896170000000,100.0,0.14486599999999999,103,711
2023,British Grand Prix,R,NOR,47.0,15.0,clear_violation,305.0,86.0,226.5645950000000,100.0,0.12894000000000000,90,698
2023,British Grand Prix,R,RUS,14.0,9.0,clear_violation,311.0,75.0,224.43376300000000,100.0,0.16147300000000001,114,706
2023,British Grand Prix,R,RUS,45.0,15.0,clear_violation,310.0,81.0,227.6150810000000,100.0,0.1530760000000000,107,699
2023,British Grand Prix,R,RUS,46.0,15.0,clear_violation,302.0,82.0,226.95510200000001,100.0,0.13920500000000000,98,704
2023,Canadian Grand Prix,FP2,NOR,25.0,1.0,no_advantage,297.0,56.0,196.48958200000001,99.0,0.2059800000000000,124,602
2023,Canadian Grand Prix,FP2,ALB,32.0,1.0,no_advantage,310.0,61.0,201.5350430000000,100.0,0.19435200000000000,117,602
2023,Canadian Grand Prix,FP2,SAI,34.0,13.0,no_advantage,304.0,61.0,199.62427500000001,100.0,0.22186000000000000,136,613
2023,Canadian Grand Prix,FP2,NOR,35.0,13.0,no_advantage,306.0,62.0,198.01865400000000,99.0,0.1986750000000000,120,604
2023,Canadian Grand Prix,FP3,ALB,2.0,13.0,no_advantage,289.0,50.0,154.47596300000001,100.0,0.2906090000000000,229,788
2023,Canadian Grand Prix,FP3,STR,5.0,13.0,no_advantage,297.0,51.0,162.24218900000000,100.0,0.2514120000000000,178,708
2023,Canadian Grand Prix,FP3,ALO,6.0,13.0,no_advantage,305.0,51.0,168.30854199999999,100.0,0.2225480000000000,152,683
2023,Canadian Grand Prix,FP3,HUL,10.0,9.0,no_advantage,299.0,54.0,177.93360699999999,100.0,0.23477000000000001,158,673
2023,Canadian Grand Prix,FP3,GAS,6.0,10.0,no_advantage,296.0,30.0,140.5458750000000,100.0,0.25868300000000000,216,835
2023,Canadian Grand Prix,FP3,PER,11.0,1.0,no_advantage,281.0,22.0,139.59521899999999,100.0,0.2771930000000000,237,855
2023,Canadian Grand Prix,FP3,OCO,8.0,3.0,no_advantage,280.0,55.0,166.476951000000,100.0,0.2576420000000000,177,687
2023,Canadian Grand Prix,FP3,HAM,11.0,1.0,no_advantage,297.0,23.86785100000000,141.3237120000000,100.0,0.24516900000000000,203,828
2023,Canadian Grand Prix,FP3,ALB,19.0,2.0,no_advantage,308.0,53.0,177.86200700000001,100.0,0.2507420000000000,169,674
2023,Canadian Grand Prix,FP3,ZHO,19.0,3.0,no_advantage,284.0,55.0,171.29797900000000,100.0,0.23186300000000001,163,703
2023,Canadian Grand Prix,FP3,RUS,18.0,9.0,no_advantage,303.0,54.0,176.18221399999999,100.0,0.21481500000000001,145,675
2023,Canadian Grand Prix,Q,HAM,5.0,4.0,clear_violation,297.0,52.0,178.63184799999999,100.0,0.22763000000000000,145,637
2023,Canadian Grand Prix,Q,HAM,14.0,14.0,clear_violation,325.0,55.0,186.7120090000000,100.0,0.19598800000000000,127,648
2023,Canadian Grand Prix,Q,SAI,7.0,9.0,clear_violation,288.0,49.0,166.6855700000000,100.0,0.2679080000000000,187,698
2023,Canadian Grand Prix,Q,SAI,25.0,2.0,clear_violation,299.0,27.0,160.6141070000000,100.0,0.2764230000000000,204,738
2023,Canadian Grand Prix,Q,ALB,21.0,14.0,clear_violation,310.0,57.0,171.692053000000,100.0,0.2680120000000000,186,694
2023,Canadian Grand Prix,Q,ALB,23.0,13.0,clear_violation,303.0,36.0,148.45846800000001,100.0,0.27054400000000001,214,791
2023,Canadian Grand Prix,Q,LEC,3.0,9.0,clear_violation,307.0,47.0,169.4933630000000,100.0,0.2753620000000000,190,690
2023,Canadian Grand Prix,Q,LEC,18.0,14.0,clear_violation,334.0,58.0,189.88069500000000,100.0,0.23270399999999999,148,636
2023,Canadian Grand Prix,Q,PER,4.0,9.0,clear_violation,307.0,55.0,178.29410200000001,100.0,0.23723700000000000,158,666
2023,Canadian Grand Prix,Q,PER,21.0,14.0,clear_violation,333.0,53.0,182.6926200000000,100.0,0.21395300000000000,138,645
2023,Canadian Grand Prix,Q,MAG,7.0,9.0,clear_violation,288.0,47.0,151.6658930000000,100.0,0.30474899999999999,231,758
2023,Canadian Grand Prix,Q,MAG,18.0,,clear_violation,333.0,59.0,186.25870300000000,100.0,0.25535200000000002,167,654
2023,Canadian Grand Prix,Q,GAS,9.0,14.0,clear_violation,308.0,53.0,184.23519800000000,100.0,0.21439700000000000,137,639
2023,Canadian Grand Prix,Q,DEV,3.0,9.0,clear_violation,313.0,35.0,145.2135310000000,100.0,0.25,203,812
2023,Canadian Grand Prix,R,ALO,47.0,9.0,clear_violation,303.0,62.0,200.20866699999999,100.0,0.1834710000000000,111,605
2023,Canadian Grand Prix,R,DEV,4.0,13.0,clear_violation,336.0,59.0,197.4192680000000,100.0,0.24873899999999999,148,595
2023,Canadian Grand Prix,R,ALB,22.0,13.0,clear_violation,345.0,57.0,197.73751200000001,100.0,0.2303840000000000,138,599
2023,Canadian Grand Prix,R,ZHO,42.0,13.0,clear_violation,312.0,61.0,193.3328590000000,100.0,0.22388100000000000,135,603
2023,Canadian Grand Prix,R,NOR,70.0,13.0,clear_violation,326.0,60.0,196.49856600000001,99.0,0.2528930000000000,153,605
2023,Canadian Grand Prix,R,SAI,56.0,9.0,clear_violation,313.0,56.0,204.2038650000000,100.0,0.20477799999999999,120,586
2023,Canadian Grand Prix,R,PIA,19.0,13.0,clear_violation,330.0,59.0,198.87040900000000,99.0,0.21393000000000001,129,603
2023,Canadian Grand Prix,R,PIA,70.0,13.0,clear_violation,334.0,58.0,200.54973000000001,99.0,0.20707100000000001,123,594
2023,Dutch Grand Prix,FP1,ALO,6.0,12.0,no_advantage,311.0,43.0,146.66399500000000,100.0,0.1732480000000000,136,785
2023,Dutch Grand Prix,FP1,VER,28.0,11.0,no_advantage,323.0,9.0,102.41413700000000,100.0,0.14684700000000001,163,1110
2023,Dutch Grand Prix,FP2,SAI,13.0,11.0,no_advantage,310.53750000000002,72.0,141.60803100000001,100.0,0.09541500000000000,77,807
2023,Dutch Grand Prix,FP2,STR,17.0,11.0,no_advantage,299.0,52.0,189.0274240000000,100.0,0.17863100000000001,107,599
2023,Dutch Grand Prix,FP2,SAI,28.0,13.0,no_advantage,300.0,15.0,173.0213480000000,100.0,0.21299100000000001,141,662
2023,Dutch Grand Prix,FP3,NOR,1.0,11.0,no_advantage,279.5968110000000,27.0,143.55678100000000,100.0,0.15915099999999999,120,754
2023,Dutch Grand Prix,FP3,VER,3.0,3.0,no_advantage,287.0,47.0,139.81171200000000,100.0,0.24108199999999999,196,813
2023,Dutch Grand Prix,FP3,PER,1.0,11.0,no_advantage,280.1916670,33.0,135.57957700000000,100.0,0.12846299999999999,102,794
2023,Dutch Grand Prix,FP3,LEC,2.0,1.0,no_advantage,295.0,66.0,175.1280090000000,100.0,0.19969500000000001,131,656
2023,Dutch Grand Prix,FP3,SAI,2.0,1.0,no_advantage,290.12083300000000,32.0,143.00515899999999,100.0,0.1913270000000000,150,784
2023,Dutch Grand Prix,FP3,ALO,4.0,1.0,no_advantage,294.0,33.0,156.30224999999999,100.0,0.2064340000000000,154,746
2023,Dutch Grand Prix,FP3,OCO,4.0,1.0,no_advantage,296.0,74.0,170.67860300000001,100.0,0.27136399999999999,181,667
2023,Dutch Grand Prix,FP3,VER,16.0,11.0,no_advantage,305.0,29.0,176.25214199999999,100.0,0.21630099999999999,138,638
2023,Dutch Grand Prix,Q,VER,2.0,1.0,clear_violation,295.0,8.0,144.15463500000001,100.0,0.22596200000000000,188,832
2023,Dutch Grand Prix,Q,VER,21.0,3.0,clear_violation,297.9636360000000,0.0,133.18664300000000,100.0,0.23522499999999999,199,846
2023,Dutch Grand Prix,Q,ALB,2.0,11.0,clear_violation,293.0,19.0,165.73201399999999,100.0,0.27510899999999999,189,687
2023,Dutch Grand Prix,Q,LEC,2.0,11.0,clear_violation,299.0,34.0,172.15496700000000,100.0,0.23458599999999999,156,665
2023,Dutch Grand Prix,Q,LEC,5.0,1.0,clear_violation,299.0,45.0,154.70170300000001,100.0,0.23027200000000000,178,773
2023,Dutch Grand Prix,Q,LEC,6.0,1.0,clear_violation,299.0,9.0,164.28220700000000,100.0,0.223944000000000,159,710
2023,Dutch Grand Prix,Q,LEC,20.0,1.0,clear_violation,304.0,47.0,171.81945800000000,100.0,0.21029400000000001,143,680
2023,Dutch Grand Prix,Q,STR,19.0,3.0,clear_violation,300.0,74.0,168.3084700000000,100.0,0.19298199999999999,132,684
2023,Dutch Grand Prix,Q,GAS,5.0,1.0,clear_violation,300.0,38.0,143.3106310000000,100.0,0.1719510000000000,141,820
2023,Dutch Grand Prix,Q,GAS,13.0,3.0,clear_violation,296.0,73.0,163.69478699999999,100.0,0.181058000000000,130,718
2023,Dutch Grand Prix,Q,TSU,3.0,11.0,clear_violation,295.0,25.0,164.5263960000000,100.0,0.20827399999999999,146,701
2023,Dutch Grand Prix,Q,HUL,2.0,1.0,clear_violation,294.0,38.0,162.78491399999999,100.0,0.21696799999999999,156,719
2023,Dutch Grand Prix,Q,MAG,10.0,1.0,clear_violation,305.0,44.0,133.00921500000001,100.0,0.22024500000000000,198,899
2023,Dutch Grand Prix,Q,ALB,1.0,11.0,no_advantage,289.6852370000000,44.916668000000001,155.84988500000000,100.0,0.2268190000000000,159,701
2023,Dutch Grand Prix,Q,HUL,1.0,1.0,no_advantage,289.0,20.0,125.34698200000000,100.0,0.182648000000000,160,876
2023,Dutch Grand Prix,Q,VER,1.0,1.0,no_advantage,290.60555499999998,20.0,136.43871600000000,100.0,0.20379700000000001,161,790
2023,Dutch Grand Prix,Q,LEC,4.0,1.0,no_advantage,298.0,74.0,184.0503260000000,100.0,0.23454800000000001,148,631
2023,Dutch Grand Prix,Q,GAS,4.0,1.0,no_advantage,297.0,47.0,157.92350300000001,100.0,0.18019299999999999,131,727
2023,Dutch Grand Prix,R,GAS,6.0,3.0,clear_violation,297.0,79.0,177.41106700000000,100.0,0.2138360000000000,136,636
2023,Dutch Grand Prix,R,LEC,3.0,11.0,no_advantage,302.0,62.0,170.61154999999999,100.0,0.2680120000000000,186,694
2023,Dutch Grand Prix,R,ALB,4.0,11.0,no_advantage,269.0,57.0,139.59121600000000,100.0,0.293399000000000,240,818
2023,Dutch Grand Prix,R,GAS,5.0,3.0,no_advantage,292.0,78.0,179.42227199999999,100.0,0.2176,136,625
2023,Hungarian Grand Prix,FP1,ALB,8.0,4.0,no_advantage,6.0,6.0,6.0,104.0,1.0,729,729
2023,Hungarian Grand Prix,FP1,HUL,6.0,4.0,no_advantage,76.0,76.0,76.0,104.0,1.0,756,756
2023,Hungarian Grand Prix,FP1,SAR,10.0,4.0,no_advantage,221.0,221.0,221.0,104.0,1.0,764,764
2023,Hungarian Grand Prix,FP1,NOR,9.0,3.0,no_advantage,66.0,66.0,66.0,104.0,1.0,757,757
2023,Hungarian Grand Prix,FP1,TSU,6.0,5.0,no_advantage,0.0,0.0,0.0,104.0,1.0,782,782
2023,Hungarian Grand Prix,FP3,LEC,7.0,14.0,no_advantage,288.0,74.0,181.4169220000000,100.0,0.23076900000000000,147,637
2023,Hungarian Grand Prix,Q,VER,11.0,5.0,clear_violation,312.0,96.0,202.53215100000000,100.0,0.21308700000000000,127,596
2023,Hungarian Grand Prix,Q,NOR,8.0,5.0,clear_violation,309.0,93.0,199.17290700000001,100.0,0.19039700000000001,115,604
2023,Hungarian Grand Prix,Q,PIA,2.0,12.0,clear_violation,314.0,89.0,198.26384500000000,100.0,0.19834700000000000,120,605
2023,Hungarian Grand Prix,Q,ZHO,4.0,5.0,clear_violation,310.0,92.0,197.92652400000000,100.0,0.2025930000000000,125,617
2023,Hungarian Grand Prix,Q,ZHO,9.0,4.0,clear_violation,310.0,92.0,196.21939699999999,100.0,0.22036700000000001,132,599
2023,Hungarian Grand Prix,Q,ZHO,18.0,12.0,clear_violation,314.0,97.0,203.2184280000000,100.0,0.21805800000000000,128,587
2023,Hungarian Grand Prix,Q,PER,16.0,4.0,clear_violation,316.0,93.0,193.76551400000000,100.0,0.1951220000000000,120,615
2023,Hungarian Grand Prix,Q,STR,12.0,12.0,clear_violation,313.0,93.0,200.18166400000001,100.0,0.20689700000000000,120,580
2023,Hungarian Grand Prix,Q,GAS,15.0,4.0,clear_violation,314.0,89.0,199.9944820000000,100.0,0.21548800000000001,128,594
2023,Hungarian Grand Prix,Q,ALB,2.0,4.0,clear_violation,314.0,92.0,196.6144500000000,100.0,0.23567900000000000,144,611
2023,Hungarian Grand Prix,Q,MAG,2.0,5.0,clear_violation,316.0,93.0,195.63871000000000,100.0,0.22988500000000001,140,609
2023,Hungarian Grand Prix,Q,SAR,2.0,11.0,clear_violation,314.0,96.0,198.77297100000001,100.0,0.2107840000000000,129,612
2023,Hungarian Grand Prix,R,NOR,31.0,4.0,clear_violation,297.0,79.0,185.3735430000000,100.0,0.25354300000000002,161,635
2023,Hungarian Grand Prix,R,NOR,62.0,5.0,clear_violation,303.0,74.0,186.650168000000,100.0,0.24882599999999999,159,639
2023,Hungarian Grand Prix,R,PER,6.0,4.0,clear_violation,320.0,69.0,182.38892999999999,100.0,0.23728800000000000,154,649
2023,Hungarian Grand Prix,R,PER,27.0,4.0,clear_violation,315.0,72.0,180.70018800000000,100.0,0.2688,168,625
2023,Hungarian Grand Prix,R,HAM,11.0,4.0,clear_violation,292.0,86.0,183.20544200000001,100.0,0.21568599999999999,143,663
2023,Hungarian Grand Prix,R,PIA,21.0,4.0,clear_violation,297.0,83.0,186.6787120000000,100.0,0.22308900000000001,143,641
2023,Hungarian Grand Prix,R,PIA,33.0,4.0,clear_violation,300.0,81.0,183.33474300000000,100.0,0.21226400000000001,135,636
2023,Hungarian Grand Prix,R,PIA,46.0,4.0,clear_violation,301.0,85.0,187.30743799999999,100.0,0.2273450000000000,143,629
2023,Hungarian Grand Prix,R,RUS,43.0,11.0,clear_violation,296.0,78.0,186.58906099999999,100.0,0.2403850000000000,150,624
2023,Hungarian Grand Prix,R,LEC,32.0,4.0,clear_violation,305.0,78.0,184.53887800000001,100.0,0.23943700000000001,153,639
2023,Hungarian Grand Prix,R,SAI,15.0,4.0,clear_violation,301.0,69.0,174.2021030000000,100.0,0.26843699999999998,182,678
2023,Hungarian Grand Prix,R,STR,26.0,4.0,clear_violation,300.0,78.0,184.6490590000000,100.0,0.2573190000000000,167,649
2023,Hungarian Grand Prix,R,ALB,8.0,4.0,clear_violation,319.0,75.0,176.29014500000000,100.0,0.2774480000000000,187,674
2023,Hungarian Grand Prix,R,RIC,7.0,4.0,clear_violation,313.0,80.0,183.06377699999999,100.0,0.21417800000000001,142,663
2023,Hungarian Grand Prix,R,HUL,12.0,4.0,clear_violation,297.0,79.0,181.64717500000000,100.0,0.22018299999999999,144,654
2023,Hungarian Grand Prix,R,MAG,22.0,4.0,clear_violation,300.0,82.0,181.85235299999999,100.0,0.2302940000000000,149,647
2023,Hungarian Grand Prix,R,MAG,60.0,7.0,clear_violation,299.0,81.0,179.10666399999999,100.0,0.2029200000000000,139,685
2023,Hungarian Grand Prix,R,SAR,22.0,4.0,clear_violation,302.0,80.0,181.0168830000000,100.0,0.24845700000000001,161,648
2023,Italian Grand Prix,FP1,SAR,8.0,10.0,no_advantage,324.0,55.0,159.7108460000000,100.0,0.1601690000000000,152,949
2023,Italian Grand Prix,FP1,ALB,8.0,10.0,no_advantage,338.0,66.0,219.43753400000000,100.0,0.15944100000000000,114,715
2023,Italian Grand Prix,FP1,OCO,21.0,10.0,no_advantage,320.0,62.0,232.4104210000000,100.0,0.16862199999999999,115,682
2023,Italian Grand Prix,FP1,LAW,26.0,9.0,no_advantage,327.0,63.0,234.7761150000000,100.0,0.15454499999999999,102,660
2023,Italian Grand Prix,FP3,PIA,7.0,5.0,no_advantage,311.3666670000000,0.0,28.245812999999998,104.0,0.7102970000000000,3918,5516
2023,Italian Grand Prix,FP3,NOR,17.0,4.0,no_advantage,324.0,67.0,238.48557000000000,100.0,0.12202900000000000,77,631
2023,Italian Grand Prix,FP3,HUL,16.0,4.0,no_advantage,336.0,70.0,251.35303400000001,100.0,0.13136300000000001,80,609
2023,Italian Grand Prix,FP3,BOT,22.0,8.0,no_advantage,315.0,56.0,194.3409260000000,100.0,0.187423000000000,152,811
2023,Italian Grand Prix,FP3,SAI,19.0,4.0,no_advantage,320.0,48.0,132.993625000000,100.0,0.16128999999999999,195,1209
2023,Italian Grand Prix,FP3,HAM,20.0,4.0,no_advantage,317.0,60.0,180.36455400000000,100.0,0.14977499999999999,133,888
2023,Italian Grand Prix,Q,VER,2.0,7.0,clear_violation,341.0,66.0,252.3288240000000,100.0,0.1233970000000000,77,624
2023,Italian Grand Prix,Q,PIA,7.0,7.0,clear_violation,335.0,71.0,251.28630500000000,100.0,0.10603600000000001,65,613
2023,Italian Grand Prix,Q,ALO,2.0,7.0,clear_violation,341.0,70.0,251.42322799999999,100.0,0.1291870000000000,81,627
2023,Italian Grand Prix,Q,ZHO,7.0,7.0,clear_violation,350.0,68.0,251.5721920000000,100.0,0.14696500000000001,92,626
2023,Italian Grand Prix,Q,OCO,4.0,10.0,clear_violation,340.0,67.0,248.7099840000000,100.0,0.13548399999999999,84,620
2023,Italian Grand Prix,Q,STR,2.0,2.0,clear_violation,344.0,55.0,212.04558900000001,100.0,0.2073670000000000,152,733
2023,Italian Grand Prix,R,PER,14.0,2.0,clear_violation,350.0,65.0,236.90026399999999,100.0,0.1529050000000000,100,654
2023,Italian Grand Prix,R,PER,43.0,2.0,clear_violation,349.0,63.0,237.30751100000001,100.0,0.1679510000000000,109,649
2023,Italian Grand Prix,R,PER,45.0,2.0,clear_violation,349.0,71.0,237.66235800000001,100.0,0.16216200000000000,102,629
2023,Italian Grand Prix,R,ALO,3.0,10.0,clear_violation,331.0,65.0,236.79531499999999,100.0,0.15476200000000001,104,672
2023,Italian Grand Prix,R,LEC,47.0,5.0,clear_violation,339.0,51.0,235.7031770000000,100.0,0.16289600000000001,108,663
2023,Italian Grand Prix,R,SAR,43.0,5.0,clear_violation,334.0,53.0,232.76508000000001,100.0,0.1582090000000000,106,670
2023,Italian Grand Prix,R,NOR,5.0,7.0,clear_violation,332.0,69.0,236.84846700000000,99.0,0.16232800000000000,106,653
2023,Italian Grand Prix,R,NOR,38.0,2.0,clear_violation,346.0,52.0,237.75053800000001,99.0,0.15926499999999999,104,653
2023,Italian Grand Prix,R,HAM,40.0,5.0,clear_violation,344.0,62.0,238.1059600000000,100.0,0.17928900000000000,116,647
2023,Italian Grand Prix,R,HAM,41.0,4.0,clear_violation,359.0,54.0,236.2285930000000,100.0,0.15015000000000001,100,666
2023,Italian Grand Prix,R,SAI,47.0,5.0,clear_violation,335.0,45.0,237.31279900000001,100.0,0.1696970000000000,112,660
2023,Italian Grand Prix,R,RUS,14.0,2.0,clear_violation,331.0,56.0,238.48215999999999,100.0,0.12576699999999999,82,652
2023,Italian Grand Prix,R,BOT,43.0,5.0,clear_violation,353.0,51.0,237.4036450000000,100.0,0.1811260000000000,119,657
2023,Italian Grand Prix,R,PIA,40.0,5.0,clear_violation,340.0,63.0,237.31245999999999,100.0,0.14660500000000001,95,648
2023,Japanese Grand Prix,FP1,SAR,7.0,17.0,no_advantage,295.0,59.0,143.75882899999999,100.0,0.1837490000000000,199,1083
2023,Japanese Grand Prix,FP1,SAR,9.0,9.0,no_advantage,323.0,70.0,214.74761400000000,100.0,0.1814570000000000,137,755
2023,Japanese Grand Prix,FP1,ZHO,11.0,13.0,no_advantage,319.0,47.0,160.5189270000000,100.0,0.18533600000000000,182,982
2023,Japanese Grand Prix,FP1,PER,21.0,17.0,no_advantage,307.0,59.0,203.8250160000000,100.0,0.1422980000000000,109,766
2023,Japanese Grand Prix,FP1,LEC,25.0,11.0,no_advantage,303.0,0.0,146.38691600000001,100.0,0.2532350000000000,274,1082
2023,Japanese Grand Prix,Q,GAS,2.0,2.0,clear_violation,329.0,72.0,227.26329000000001,100.0,0.11621200000000000,81,697
2023,Japanese Grand Prix,Q,ALB,2.0,8.0,clear_violation,334.0,74.0,228.16821100000001,100.0,0.16063700000000000,111,691
2023,Japanese Grand Prix,Q,HUL,2.0,2.0,clear_violation,333.0,70.0,226.9271970000000,100.0,0.14884400000000000,103,692
2023,Japanese Grand Prix,Q,ZHO,5.0,9.0,clear_violation,327.0,73.0,229.58934500000001,100.0,0.13119500000000001,90,686
2023,Japanese Grand Prix,R,NOR,28.0,2.0,clear_violation,306.0,63.0,212.39258599999999,100.0,0.1484590000000000,106,714
2023,Japanese Grand Prix,R,PIA,31.0,14.0,clear_violation,308.0,63.0,210.0045570000000,100.0,0.14760599999999999,111,752
2023,Japanese Grand Prix,R,PIA,44.0,9.0,clear_violation,307.0,64.0,211.67309800000001,99.0,0.1304950000000000,95,728
2023,Japanese Grand Prix,R,LEC,45.0,2.0,clear_violation,323.0,66.0,214.0839650000000,100.0,0.17695500000000000,129,729
2023,Japanese Grand Prix,R,HAM,16.0,14.0,clear_violation,304.0,61.0,202.4907320000000,100.0,0.1881580000000000,143,760
2023,Japanese Grand Prix,R,HAM,53.0,14.0,clear_violation,302.0,66.0,212.36628500000000,100.0,0.16986299999999999,124,730
2023,Japanese Grand Prix,R,RUS,16.0,13.0,clear_violation,311.0,63.0,209.3405950000000,100.0,0.15967500000000001,118,739
2023,Japanese Grand Prix,R,RUS,28.0,14.0,clear_violation,305.0,66.0,214.53649300000001,100.0,0.12517200000000001,91,727
2023,Japanese Grand Prix,R,RUS,33.0,14.0,clear_violation,304.0,67.0,212.8355360000000,100.0,0.1349860000000000,98,726
2023,Japanese Grand Prix,R,ALO,9.0,9.0,clear_violation,319.0,61.0,208.5199180000000,100.0,0.1911170000000000,142,743
2023,Japanese Grand Prix,R,TSU,46.0,14.0,clear_violation,323.0,62.0,210.89504800000000,100.0,0.16512499999999999,125,757
2023,Japanese Grand Prix,R,MAG,10.0,9.0,clear_violation,308.0,59.0,204.83097500000000,100.0,0.17777799999999999,136,765
2023,Japanese Grand Prix,R,ALB,21.0,14.0,clear_violation,309.0,65.0,209.07284700000000,100.0,0.1766300000000000,130,736
2023,Japanese Grand Prix,R,PER,11.0,14.0,clear_violation,321.0,51.0,205.72513900000001,100.0,0.18181800000000001,140,770
2023,Japanese Grand Prix,R,BOT,4.0,11.0,no_advantage,270.2428580000000,59.0,135.98244500000001,100.0,0.22337699999999999,258,1155
2023,Las Vegas Grand Prix,FP2,PER,1.0,12.0,no_advantage,332.0,32.0,183.79450399999999,100.0,0.2108840000000000,186,882
2023,Las Vegas Grand Prix,FP2,MAG,2.0,12.0,no_advantage,343.0,73.0,217.09246500000000,100.0,0.19607800000000000,150,765
2023,Las Vegas Grand Prix,FP2,STR,6.0,14.0,no_advantage,330.0,0.0,178.85602499999999,100.0,0.22330100000000000,207,927
2023,Las Vegas Grand Prix,FP2,VER,11.0,12.0,no_advantage,313.0,71.0,202.23986199999999,100.0,0.2112680000000000,180,852
2023,Las Vegas Grand Prix,FP2,HUL,12.0,12.0,no_advantage,338.0,80.0,214.62010100000001,100.0,0.19408700000000001,151,778
2023,Las Vegas Grand Prix,FP2,GAS,13.0,12.0,no_advantage,330.0,0.0,194.10202000000001,100.0,0.1765380000000000,155,878
2023,Las Vegas Grand Prix,FP2,ALB,18.0,14.0,no_advantage,329.0,53.0,159.50715099999999,100.0,0.20696100000000001,220,1063
2023,Las Vegas Grand Prix,FP2,RUS,19.0,5.0,no_advantage,320.0,75.0,173.0648140000000,100.0,0.19689100000000001,190,965
2023,Las Vegas Grand Prix,FP2,SAR,21.0,12.0,no_advantage,331.0,74.0,188.60754900000001,100.0,0.20962200000000000,183,873
2023,Las Vegas Grand Prix,FP2,RUS,31.0,14.0,no_advantage,331.0,14.0,208.7757300000000,100.0,0.19362699999999999,158,816
2023,Las Vegas Grand Prix,FP2,SAR,36.0,5.0,no_advantage,350.0,53.0,215.67800399999999,100.0,0.20232000000000000,157,776
2023,Las Vegas Grand Prix,FP2,VER,34.0,5.0,no_advantage,328.0,79.0,223.70646300000001,100.0,0.1747700000000000,133,761
2023,Las Vegas Grand Prix,FP3,MAG,5.0,5.0,no_advantage,320.0,50.0,165.00331499999999,100.0,0.20576500000000000,207,1006
2023,Las Vegas Grand Prix,FP3,BOT,10.0,14.0,no_advantage,327.0,67.0,215.3460670000000,100.0,0.17310100000000000,139,803
2023,Las Vegas Grand Prix,FP3,SAR,2.0,5.0,no_advantage,338.0,64.0,193.34860300000000,100.0,0.18327599999999999,160,873
2023,Las Vegas Grand Prix,FP3,ZHO,11.0,1.0,no_advantage,323.0,63.0,177.7101930000000,100.0,0.2577640000000000,249,966
2023,Las Vegas Grand Prix,FP3,RUS,19.0,12.0,no_advantage,323.0,50.0,136.16566900000001,100.0,0.12183500000000000,154,1264
2023,Las Vegas Grand Prix,FP3,RIC,11.0,12.0,no_advantage,318.0,0.0,28.731964000000001,104.0,0.8020690000000000,4806,5992
2023,Las Vegas Grand Prix,FP3,VER,10.0,12.0,no_advantage,318.72083300000003,0.0,36.07106800000000,104.0,0.5211920000000000,2484,4766
2023,Las Vegas Grand Prix,FP3,ALB,12.0,5.0,no_advantage,325.0,53.0,139.89085700000001,100.0,0.16971700000000001,204,1202
2023,Las Vegas Grand Prix,Q,RUS,3.0,8.0,clear_violation,336.0,69.0,207.96698000000001,100.0,0.17448900000000001,145,831
2023,Las Vegas Grand Prix,Q,RUS,6.0,8.0,clear_violation,324.0,41.0,187.05543499999999,100.0,0.16815099999999999,151,898
2023,Las Vegas Grand Prix,Q,HAM,5.0,8.0,clear_violation,336.0,63.0,185.17464600000000,100.0,0.16630700000000001,154,926
2023,Las Vegas Grand Prix,Q,NOR,7.0,8.0,clear_violation,333.0,75.0,196.19474000000000,99.0,0.15759000000000001,136,863
2023,Las Vegas Grand Prix,Q,TSU,5.0,8.0,clear_violation,349.0,78.0,229.18774400000001,100.0,0.17962500000000001,134,746
2023,Las Vegas Grand Prix,Q,TSU,8.0,5.0,no_advantage,325.0,29.0,182.93772899999999,100.0,0.23756900000000000,215,905
2023,Las Vegas Grand Prix,R,GAS,29.0,17.0,clear_violation,336.0,76.0,217.02043100000000,100.0,0.1976280000000000,150,759
2023,Las Vegas Grand Prix,R,ALO,47.0,8.0,clear_violation,344.0,78.0,226.59921800000001,100.0,0.18706999999999999,136,727
2023,Las Vegas Grand Prix,R,LEC,43.0,12.0,clear_violation,336.0,43.0,226.21005400000001,100.0,0.19393099999999999,147,758
2023,Las Vegas Grand Prix,R,STR,20.0,8.0,clear_violation,329.0,73.0,222.56885900000000,100.0,0.18961000000000000,146,770
2023,Las Vegas Grand Prix,R,SAR,40.0,8.0,clear_violation,353.0,68.0,223.36106200000000,100.0,0.2002650000000000,151,754
2023,Las Vegas Grand Prix,R,MAG,13.0,7.0,clear_violation,333.0,80.0,219.86163999999999,100.0,0.17146600000000001,131,764
2023,Las Vegas Grand Prix,R,ALB,40.0,4.0,clear_violation,341.0,64.0,218.44299300000000,100.0,0.21391099999999999,163,762
2023,Las Vegas Grand Prix,R,OCO,8.0,17.0,clear_violation,348.0,81.0,219.81982199999999,104.0,0.2407170000000000,188,781
2023,Las Vegas Grand Prix,R,OCO,9.0,17.0,clear_violation,349.0,81.0,221.18629300000001,100.0,0.23107600000000000,174,753
2023,Las Vegas Grand Prix,R,HAM,17.0,7.0,clear_violation,297.0,69.0,185.75446299999999,100.0,0.23399600000000001,212,906
2023,Las Vegas Grand Prix,R,HAM,47.0,8.0,clear_violation,337.0,82.0,227.83405999999999,104.0,0.17565700000000001,127,723
2023,Las Vegas Grand Prix,R,BOT,2.0,8.0,clear_violation,327.0,0.0,148.43447800000001,100.0,0.31174800000000003,337,1081
2023,Las Vegas Grand Prix,R,BOT,14.0,1.0,clear_violation,331.0,64.0,213.57619700000001,100.0,0.21507999999999999,174,809
2023,Mexico City Grand Prix,FP1,SAI,6.0,1.0,no_advantage,341.0,63.0,185.34683999999999,100.0,0.22929900000000000,144,628
2023,Mexico City Grand Prix,FP1,NOR,3.0,12.0,no_advantage,287.0,0.0,25.957263000000001,104.0,0.630243000000000,2855,4530
2023,Mexico City Grand Prix,FP3,OCO,10.0,1.0,no_advantage,285.0,0.0,15.006688000000000,104.0,0.8310030000000000,6240,7509
2023,Mexico City Grand Prix,FP3,STR,14.0,9.0,no_advantage,346.0,47.0,135.69046299999999,100.0,0.145933000000000,122,836
2023,Mexico City Grand Prix,Q,ALB,11.0,2.0,clear_violation,347.0,64.0,196.1424400000000,100.0,0.23972599999999999,140,584
2023,Mexico City Grand Prix,Q,SAR,2.0,12.0,clear_violation,346.0,62.0,189.8977220000000,100.0,0.23355300000000001,142,608
2023,Mexico City Grand Prix,Q,SAR,5.0,11.0,clear_violation,348.0,62.0,191.4124270000000,100.0,0.22824300000000000,139,609
2023,Mexico City Grand Prix,R,SAR,54.0,2.0,clear_violation,335.0,62.0,180.76892799999999,100.0,0.2220470000000000,141,635
2023,Mexico City Grand Prix,R,SAR,65.0,2.0,clear_violation,355.0,57.0,180.53355900000000,100.0,0.23909500000000000,148,619
2023,Mexico City Grand Prix,R,MAG,24.0,2.0,clear_violation,315.0,0.0,146.7126900000000,100.0,0.2442000000000000,200,819
2023,Mexico City Grand Prix,R,MAG,29.0,17.0,clear_violation,332.0,64.0,182.64991100000000,100.0,0.23222699999999999,147,633
2023,Mexico City Grand Prix,R,TSU,8.0,1.0,clear_violation,353.0,65.0,175.8855930000000,100.0,0.26153799999999999,170,650
2023,Mexico City Grand Prix,R,TSU,49.0,1.0,clear_violation,352.0,0.0,155.11219399999999,100.0,0.20233499999999999,156,771
2023,Mexico City Grand Prix,R,TSU,53.0,12.0,clear_violation,330.0,58.0,182.2180050000000,100.0,0.20930199999999999,135,645
2023,Mexico City Grand Prix,R,SAI,28.0,2.0,clear_violation,322.0,59.0,178.51939800000000,100.0,0.23773000000000000,155,652
2023,Mexico City Grand Prix,R,RUS,16.0,12.0,clear_violation,324.0,55.0,181.15447499999999,100.0,0.19568600000000000,127,649
2023,Mexico City Grand Prix,R,TSU,48.0,1.0,no_advantage,356.0,56.0,179.34621000000001,100.0,0.22727300000000000,150,660
2023,Miami Grand Prix,FP1,HAM,3.0,4.0,no_advantage,334.0,61.0,204.22623200000001,100.0,0.1914010000000000,138,721
2023,Miami Grand Prix,FP1,PIA,6.0,15.0,no_advantage,333.0,55.0,200.2491030000000,99.0,0.19425400000000001,142,731
2023,Miami Grand Prix,FP1,TSU,15.0,6.0,no_advantage,333.0,63.0,207.61374499999999,100.0,0.1483050000000000,105,708
2023,Miami Grand Prix,FP1,ALB,17.0,17.0,no_advantage,337.0,0.0,191.54551300000000,100.0,0.20405599999999999,161,789
2023,Miami Grand Prix,FP1,GAS,13.0,7.0,no_advantage,310.0,35.0,144.52391299999999,100.0,0.14116500000000001,143,1013
2023,Miami Grand Prix,FP1,STR,20.0,6.0,no_advantage,311.0,39.0,143.67509799999999,100.0,0.16469400000000001,167,1014
2023,Miami Grand Prix,FP2,ALB,15.0,17.0,no_advantage,335.0,0.0,196.91064200000000,100.0,0.2002650000000000,151,754
2023,Miami Grand Prix,FP3,ALB,4.0,17.0,no_advantage,340.0,6.0,200.94267800000000,100.0,0.21991700000000000,159,723
2023,Miami Grand Prix,FP3,ALO,10.0,17.0,no_advantage,333.0,34.0,204.86492400000000,100.0,0.17433799999999999,125,717
2023,Miami Grand Prix,FP3,HUL,4.0,7.0,no_advantage,312.0,60.0,165.48796400000001,100.0,0.12272700000000000,108,880
2023,Miami Grand Prix,FP3,NOR,9.0,4.0,no_advantage,309.0,34.0,150.25140600000000,99.0,0.14636600000000000,143,977
2023,Miami Grand Prix,R,SAI,33.0,7.0,clear_violation,331.0,62.0,203.7841070000000,100.0,0.2305590000000000,169,733
2023,Miami Grand Prix,R,OCO,5.0,15.0,clear_violation,343.0,66.0,203.7761960000000,100.0,0.2173310000000000,158,727
2023,Miami Grand Prix,R,MAG,35.0,15.0,clear_violation,338.0,63.0,207.39554000000001,100.0,0.2032970000000000,148,728
2023,Miami Grand Prix,R,STR,22.0,11.0,clear_violation,337.0,63.0,208.10512600000001,100.0,0.19444400000000001,140,720
2023,Miami Grand Prix,R,ALB,27.0,6.0,clear_violation,337.0,68.0,210.0145570000000,100.0,0.19491500000000000,138,708
2023,Miami Grand Prix,R,ALB,33.0,6.0,clear_violation,324.0,66.0,206.51141200000001,100.0,0.20833299999999999,150,720
2023,Miami Grand Prix,R,SAR,34.0,15.0,clear_violation,323.0,64.0,207.13633899999999,100.0,0.1876750000000000,134,714
2023,Monaco Grand Prix,Q,LEC,10.0,11.0,clear_violation,272.71000200,27.0,109.70223900000001,100.0,0.29066999999999998,243,836
2023,Monaco Grand Prix,Q,SAI,1.0,10.0,clear_violation,278.0,28.0,107.1271710000000,100.0,0.24553000000000000,206,839
2023,Monaco Grand Prix,Q,HAM,11.0,10.0,clear_violation,290.0,34.0,130.45217600000001,100.0,0.2049060000000000,142,693
2023,Monaco Grand Prix,Q,GAS,20.0,10.0,clear_violation,274.65,37.0,125.43082500000000,100.0,0.2347950000000000,166,707
2023,Monaco Grand Prix,Q,RUS,10.0,10.0,clear_violation,280.0,40.0,136.74260100000001,100.0,0.27217100000000000,178,654
2023,Monaco Grand Prix,Q,TSU,14.0,10.0,clear_violation,271.7875010,33.0,121.04537300000000,100.0,0.20680299999999999,152,735
2023,Monaco Grand Prix,Q,PER,3.0,10.0,clear_violation,277.0,31.0,102.33893800000000,100.0,0.18029100000000001,161,893
2023,Monaco Grand Prix,R,GAS,53.0,10.0,clear_violation,275.0,35.0,124.99721599999999,100.0,0.31912000000000001,232,727
2023,Monaco Grand Prix,R,GAS,66.0,10.0,clear_violation,277.0,38.0,121.55680200000000,100.0,0.29909000000000002,230,769
2023,Monaco Grand Prix,R,PER,31.0,10.0,clear_violation,282.0,38.0,149.19928899999999,100.0,0.2903750000000000,178,613
2023,Monaco Grand Prix,R,PER,59.0,10.0,clear_violation,266.0,36.0,117.08925800000000,100.0,0.3148150000000000,238,756
2023,Monaco Grand Prix,R,ALO,53.0,10.0,clear_violation,279.0,37.0,130.9540380000000,100.0,0.31693199999999999,219,691
2023,Monaco Grand Prix,R,ALO,55.0,10.0,clear_violation,256.0,0.0,93.0507520000000,100.0,0.257172000000000,251,976
2023,Monaco Grand Prix,R,ALO,57.0,16.0,clear_violation,270.0,37.0,115.18033600000000,100.0,0.32512999999999997,251,772
2023,Monaco Grand Prix,R,SAR,69.0,10.0,clear_violation,274.0,33.0,127.86919600000000,100.0,0.3490700000000000,244,699
2023,Monaco Grand Prix,R,MAG,36.0,10.0,clear_violation,284.0,45.0,147.43662599999999,100.0,0.3060560000000000,187,611
2023,Monaco Grand Prix,R,MAG,45.0,10.0,clear_violation,289.0,42.0,149.36905200000001,100.0,0.32078600000000002,196,611
2023,Monaco Grand Prix,R,MAG,55.0,11.0,clear_violation,224.0,32.0,93.48268400000001,100.0,0.2481980000000000,241,971
2023,Monaco Grand Prix,R,DEV,58.0,10.0,clear_violation,263.0,34.0,113.25840200000000,100.0,0.30527599999999999,243,796
2023,Monaco Grand Prix,R,DEV,65.0,10.0,clear_violation,277.0,37.0,122.52270200000000,100.0,0.26657800000000,201,754
2023,Monaco Grand Prix,R,ALB,15.0,10.0,clear_violation,283.0,43.0,144.5749380000000,100.0,0.3,186,620
2023,Monaco Grand Prix,R,ALB,51.0,11.0,clear_violation,283.0,37.0,131.2978470000000,100.0,0.3357660000000000,230,685
2023,Monaco Grand Prix,R,ALB,58.0,11.0,clear_violation,263.0,35.0,110.67649000000000,100.0,0.3802470000000000,308,810
2023,Monaco Grand Prix,R,ALB,73.0,10.0,clear_violation,283.0,34.0,126.99293100000000,100.0,0.3539570000000000,246,695
2023,Monaco Grand Prix,R,ZHO,19.0,1.0,clear_violation,285.0,43.0,143.099099000000,100.0,0.3349210000000000,211,630
2023,Monaco Grand Prix,R,ZHO,51.0,10.0,clear_violation,281.0,32.0,131.77587299999999,100.0,0.33575600000000000,231,688
2023,Monaco Grand Prix,R,HUL,3.0,10.0,clear_violation,287.0,44.0,153.267700000000,100.0,0.30256400000000000,177,585
2023,Monaco Grand Prix,R,HUL,53.0,10.0,clear_violation,271.0,35.0,118.00345400000000,100.0,0.33116899999999999,255,770
2023,Monaco Grand Prix,R,OCO,11.0,10.0,clear_violation,277.0,44.0,151.65758199999999,100.0,0.3060200000000000,183,598
2023,Monaco Grand Prix,R,OCO,52.0,10.0,clear_violation,280.0,36.0,134.6758330000000,100.0,0.4132730000000000,274,663
2023,Monaco Grand Prix,R,NOR,60.0,11.0,clear_violation,272.0,34.0,116.21116000000001,104.0,0.23853199999999999,182,763
2023,Monaco Grand Prix,R,SAI,11.0,11.0,clear_violation,288.0,43.0,151.0811250000000,100.0,0.34442600000000001,207,601
2023,Monaco Grand Prix,R,SAI,52.0,10.0,clear_violation,289.0,39.0,135.91162000000000,100.0,0.3302890000000000,217,657
2023,Monaco Grand Prix,R,PIA,61.0,10.0,clear_violation,272.0,35.0,118.34669300000000,100.0,0.2652010000000000,205,773
2023,Qatar Grand Prix,Q,LEC,4.0,4.0,clear_violation,319.0,93.0,225.26760200000001,100.0,0.15950900000000001,104,652
2023,Qatar Grand Prix,Q,LEC,15.0,4.0,clear_violation,317.0,75.0,186.98973599999999,100.0,0.16601800000000000,128,771
2023,Qatar Grand Prix,Q,LEC,21.0,5.0,clear_violation,318.0,78.0,174.45402700000000,100.0,0.203125,169,832
2023,Qatar Grand Prix,Q,PIA,22.0,14.0,clear_violation,317.0,99.0,231.11235900000000,99.0,0.1305730000000000,82,628
2023,Qatar Grand Prix,Q,GAS,4.0,14.0,clear_violation,314.0,85.0,217.55625900000001,100.0,0.1795250000000000,121,674
2023,Qatar Grand Prix,Q,OCO,12.0,5.0,clear_violation,314.0,89.0,223.5609250000000,100.0,0.21739100000000000,145,667
2023,Qatar Grand Prix,Q,NOR,2.0,5.0,clear_violation,317.0,84.0,225.82072600000001,100.0,0.12574900000000000,84,668
2023,Qatar Grand Prix,Q,NOR,17.0,5.0,clear_violation,316.0,94.0,230.88095999999999,99.0,0.12398000000000001,76,613
2023,Qatar Grand Prix,Q,NOR,20.0,10.0,clear_violation,319.0,97.0,231.4001270000000,100.0,0.13228300000000001,84,635
2023,Qatar Grand Prix,Q,SAI,7.0,5.0,clear_violation,318.0,68.0,188.21013800000000,100.0,0.21265800000000001,168,790
2023,Qatar Grand Prix,Q,SAI,15.0,5.0,clear_violation,319.0,88.0,183.85368299999999,100.0,0.18625,149,800
2023,Qatar Grand Prix,Q,SAI,16.0,12.0,clear_violation,287.0250020,62.0,159.3568770000000,100.0,0.17155300000000001,158,921
2023,Qatar Grand Prix,Q,PER,15.0,5.0,clear_violation,323.0,91.0,226.87973700000001,100.0,0.1400300000000000,92,657
2023,Qatar Grand Prix,Q,ALB,2.0,5.0,clear_violation,322.0,93.0,223.68452400000001,100.0,0.17205899999999999,117,680
2023,Qatar Grand Prix,Q,HUL,11.0,5.0,clear_violation,322.0,95.0,226.8432190000000,100.0,0.14871000000000001,98,659
2023,Qatar Grand Prix,Q,STR,2.0,5.0,clear_violation,320.0,87.0,221.08292700000001,100.0,0.15828400000000001,107,676
2023,Qatar Grand Prix,Q,STR,7.0,2.0,clear_violation,326.0,83.0,178.65626800000001,100.0,0.2054960000000000,172,837
2023,Qatar Grand Prix,Q,MAG,5.0,15.0,clear_violation,318.0,87.0,222.16837500000000,100.0,0.16964299999999999,114,672
2023,Qatar Grand Prix,R,PIA,16.0,12.0,clear_violation,309.0,93.0,217.46357599999999,99.0,0.15351500000000001,107,697
2023,Qatar Grand Prix,R,PIA,21.0,16.0,clear_violation,304.0,95.0,220.49820500000001,99.0,0.1318180000000000,87,660
2023,Qatar Grand Prix,R,PIA,22.0,16.0,clear_violation,304.0,95.0,218.7382540000000,99.0,0.1414140000000000,98,693
2023,Qatar Grand Prix,R,NOR,30.0,5.0,clear_violation,329.0,91.0,223.68310900000000,100.0,0.14937100000000000,95,636
2023,Qatar Grand Prix,R,NOR,50.0,4.0,clear_violation,310.0,88.0,225.86180200000001,100.0,0.1409300000000000,94,667
2023,Qatar Grand Prix,R,RUS,8.0,12.0,clear_violation,322.0,80.0,214.83690600000000,100.0,0.18546000000000001,125,674
2023,Qatar Grand Prix,R,RUS,10.0,12.0,clear_violation,328.0,86.0,214.81037200000000,104.0,0.20086100000000001,140,697
2023,Qatar Grand Prix,R,RUS,55.0,4.0,clear_violation,301.0,91.0,222.2336150000000,100.0,0.15653500000000001,103,658
2023,Qatar Grand Prix,R,LEC,18.0,5.0,clear_violation,310.0,93.0,215.92253600000001,100.0,0.20609600000000000,142,689
2023,Qatar Grand Prix,R,ALO,7.0,4.0,clear_violation,311.0,87.0,214.69242399999999,100.0,0.17335200000000001,121,698
2023,Qatar Grand Prix,R,ALO,17.0,15.0,clear_violation,313.0,91.0,217.6069510000000,100.0,0.16862199999999999,115,682
2023,Qatar Grand Prix,R,ALO,33.0,2.0,clear_violation,309.0,45.0,203.12221099999999,100.0,0.1790630000000000,130,726
2023,Qatar Grand Prix,R,OCO,5.0,12.0,clear_violation,306.0,87.0,211.20295500000000,100.0,0.2510820000000000,174,693
2023,Qatar Grand Prix,R,BOT,9.0,4.0,clear_violation,305.0,87.0,212.56881799999999,100.0,0.22662900000000000,160,706
2023,Qatar Grand Prix,R,BOT,10.0,5.0,clear_violation,309.0,86.0,213.14677200000000,100.0,0.2151000000000000,151,702
2023,Qatar Grand Prix,R,BOT,13.0,5.0,clear_violation,301.0,89.0,211.7459740000000,100.0,0.18676499999999999,127,680
2023,Qatar Grand Prix,R,ZHO,5.0,1.0,clear_violation,310.0,88.0,207.66695200000001,100.0,0.18555199999999999,131,706
2023,Qatar Grand Prix,R,ZHO,15.0,5.0,clear_violation,300.0,90.0,213.3669540000000,100.0,0.17062300000000000,115,674
2023,Qatar Grand Prix,R,PER,14.0,4.0,clear_violation,330.0,86.0,211.9254130000000,100.0,0.18668599999999999,129,691
2023,Qatar Grand Prix,R,PER,22.0,12.0,clear_violation,325.0,93.0,219.80333600000000,100.0,0.16840500000000000,113,671
2023,Qatar Grand Prix,R,PER,23.0,15.0,clear_violation,305.0,93.0,220.54311500000000,100.0,0.1664170000000000,111,667
2023,Qatar Grand Prix,R,PER,25.0,12.0,clear_violation,305.0,89.0,216.66710499999999,100.0,0.16228100000000001,111,684
2023,Qatar Grand Prix,R,PER,36.0,12.0,clear_violation,301.0,97.0,220.1199040000000,100.0,0.14776100000000000,99,670
2023,Qatar Grand Prix,R,PER,55.0,12.0,clear_violation,308.0,89.0,219.81074599999999,100.0,0.15114500000000000,99,655
2023,Qatar Grand Prix,R,STR,20.0,15.0,clear_violation,313.0,92.0,214.07339600000000,100.0,0.16361100000000001,116,709
2023,Qatar Grand Prix,R,STR,36.0,5.0,clear_violation,313.0,83.0,215.7232580000000,100.0,0.18740799999999999,128,683
2023,Qatar Grand Prix,R,STR,39.0,2.0,clear_violation,313.0,68.0,210.73048299999999,100.0,0.18777300000000000,129,687
2023,Qatar Grand Prix,R,STR,52.0,4.0,clear_violation,309.0,87.0,216.202654000000,100.0,0.20294100000000001,138,680
2023,Qatar Grand Prix,R,GAS,5.0,12.0,clear_violation,306.0,87.0,209.86889099999999,100.0,0.1840230000000000,129,701
2023,Qatar Grand Prix,R,GAS,16.0,5.0,clear_violation,318.0,93.0,215.19671600000001,100.0,0.1721190000000000,121,703
2023,Qatar Grand Prix,R,GAS,28.0,13.0,clear_violation,301.0,96.0,221.56626900000001,100.0,0.15053800000000001,98,651
2023,Qatar Grand Prix,R,GAS,42.0,13.0,clear_violation,301.0,93.0,222.99634599999999,100.0,0.15022800000000000,99,659
2023,Qatar Grand Prix,R,GAS,43.0,12.0,clear_violation,300.0,83.0,221.4538280000000,100.0,0.1415530000000000,93,657
2023,Qatar Grand Prix,R,GAS,52.0,1.0,clear_violation,332.0,91.0,218.78935500000000,100.0,0.13541700000000001,91,672
2023,Qatar Grand Prix,R,GAS,55.0,2.0,clear_violation,332.0,91.0,226.54616799999999,100.0,0.14150900000000000,90,636
2023,Qatar Grand Prix,R,ALB,11.0,15.0,clear_violation,328.0,87.0,213.43634700000001,100.0,0.1935930000000000,139,718
2023,Qatar Grand Prix,R,ALB,12.0,5.0,clear_violation,331.0,81.0,211.09594500000000,100.0,0.20933499999999999,148,707
2023,Qatar Grand Prix,R,ALB,21.0,12.0,clear_violation,308.0,92.0,216.56577700000000,100.0,0.19264700000000001,131,680
2023,Qatar Grand Prix,R,ALB,45.0,12.0,clear_violation,285.42000100,0.0,175.38864899999999,100.0,0.20164099999999999,172,853
2023,Qatar Grand Prix,R,ALB,46.0,15.0,clear_violation,307.0,96.0,223.77144600000000,100.0,0.17272699999999999,114,660
2023,Qatar Grand Prix,R,MAG,5.0,1.0,clear_violation,315.0,82.0,206.5090960000000,100.0,0.22784799999999999,162,711
2023,Qatar Grand Prix,R,TSU,29.0,15.0,clear_violation,325.0,88.0,217.8868190000000,100.0,0.14540100000000000,98,674
2023,Qatar Grand Prix,R,HUL,18.0,12.0,clear_violation,304.0,93.0,220.4351440000000,100.0,0.16011600000000001,110,687
2023,Qatar Grand Prix,R,HUL,56.0,5.0,clear_violation,306.0,88.0,223.29350400000001,100.0,0.1563470000000000,101,646
2023,Qatar Grand Prix,R,LAW,9.0,12.0,clear_violation,305.0,91.0,212.8015570000000,100.0,0.1875,132,704
2023,Qatar Grand Prix,R,LAW,10.0,13.0,clear_violation,324.0,88.0,213.42088400000000,100.0,0.1829790000000000,129,705
2023,Qatar Grand Prix,R,LAW,11.0,13.0,clear_violation,330.0,90.0,213.39344000000000,100.0,0.18611100000000000,134,720
2023,Qatar Grand Prix,R,SAR,9.0,15.0,clear_violation,315.0,89.0,212.05652000000001,100.0,0.16265900000000000,115,707
2023,Qatar Grand Prix,R,SAR,38.0,2.0,clear_violation,314.0,90.0,217.40152000000000,100.0,0.18072299999999999,120,664
2023,Qatar Grand Prix,R,ALO,32.0,2.0,no_advantage,333.0,92.0,223.3475070000000,100.0,0.15408300000000000,100,649
2023,Qatar Grand Prix,S,GAS,7.0,15.0,clear_violation,310.0,88.0,215.19881699999999,100.0,0.17761199999999999,119,670
2023,Qatar Grand Prix,S,ALO,3.0,15.0,clear_violation,304.0,63.0,186.91928799999999,100.0,0.20901100000000000,167,799
2023,Qatar Grand Prix,S,ALO,7.0,15.0,clear_violation,311.0,87.0,217.1353190000000,100.0,0.15789500000000001,105,665
2023,Qatar Grand Prix,S,LEC,19.0,15.0,clear_violation,327.0,84.0,212.3754250000000,100.0,0.20206499999999999,137,678
2023,Qatar Grand Prix,S,STR,8.0,15.0,clear_violation,312.0,88.0,215.97386299999999,100.0,0.1301170000000000,89,684
2023,Qatar Grand Prix,S,STR,15.0,4.0,clear_violation,316.0,76.0,211.9832200000000,100.0,0.19619300000000001,134,683
2023,Qatar Grand Prix,S,STR,18.0,15.0,clear_violation,318.0,81.0,215.08503300000001,100.0,0.1489970000000000,104,698
2023,Qatar Grand Prix,S,STR,19.0,15.0,clear_violation,318.0,80.0,215.3187770000000,100.0,0.1572700000000000,106,674
2023,Qatar Grand Prix,S,MAG,3.0,2.0,clear_violation,315.0,74.0,174.1330550000000,100.0,0.2664320000000000,227,852
2023,Qatar Grand Prix,S,MAG,19.0,15.0,clear_violation,344.0,85.0,216.2372660000000,100.0,0.1875,126,672
2023,Qatar Grand Prix,S,TSU,9.0,13.0,clear_violation,307.0,86.0,213.59190799999999,100.0,0.16251800000000000,111,683
2023,Qatar Grand Prix,S,ALB,19.0,13.0,clear_violation,336.0,82.0,218.29245599999999,100.0,0.20783099999999999,138,664
2023,Qatar Grand Prix,S,ZHO,18.0,13.0,clear_violation,329.0,88.0,214.61506100000000,100.0,0.1810340000000000,126,696
2023,Qatar Grand Prix,S,ZHO,19.0,5.0,clear_violation,331.0,85.0,211.453708000000,100.0,0.17151200000000000,118,688
2023,Qatar Grand Prix,S,HUL,3.0,15.0,clear_violation,313.0,73.0,186.39011900000000,100.0,0.23661299999999999,190,803
2023,Qatar Grand Prix,S,NOR,9.0,5.0,clear_violation,309.0,91.0,217.68979600000000,99.0,0.15233800000000000,101,663
2023,Qatar Grand Prix,S,HAM,7.0,5.0,clear_violation,305.0,84.0,212.59356800000000,100.0,0.23922700000000000,161,673
2023,Qatar Grand Prix,S,SAI,8.0,15.0,clear_violation,310.0,88.0,218.85993500000001,100.0,0.22585400000000000,152,673
2023,Qatar Grand Prix,S,BOT,15.0,15.0,clear_violation,308.0,86.0,212.58689100000001,100.0,0.21176500000000001,144,680
2023,Saudi Arabian Grand Prix,FP1,ALB,5.0,8.0,no_advantage,334.0,88.0,237.7762110000000,100.0,0.1592800000000000,115,722
2023,Saudi Arabian Grand Prix,Q,HAM,20.0,27.0,clear_violation,329.0,89.0,247.16711400000000,104.0,0.11160700000000000,75,672
2023,Saudi Arabian Grand Prix,Q,HUL,13.0,27.0,clear_violation,336.0,88.0,248.10287299999999,100.0,0.15102599999999999,103,682
2023,Saudi Arabian Grand Prix,Q,MAG,16.0,27.0,clear_violation,334.0,95.0,246.80362700000001,100.0,0.13313600000000000,90,676
2023,Saudi Arabian Grand Prix,Q,SAR,2.0,27.0,clear_violation,333.0,87.0,245.45231300000000,100.0,0.14450900000000000,100,692
2023,Saudi Arabian Grand Prix,R,VER,5.0,23.0,clear_violation,329.0,84.0,230.39156299999999,100.0,0.1469390000000000,108,735
2023,Saudi Arabian Grand Prix,R,VER,37.0,23.0,clear_violation,316.0,84.0,237.3462940000000,100.0,0.1514730000000000,108,713
2023,Saudi Arabian Grand Prix,R,PER,37.0,23.0,clear_violation,315.0,88.0,237.147738000000,100.0,0.11657300000000000,83,712
2023,Saudi Arabian Grand Prix,R,LEC,31.0,23.0,clear_violation,314.0,85.0,233.24276200000000,100.0,0.1348310000000000,96,712
2023,Saudi Arabian Grand Prix,R,LEC,32.0,2.0,clear_violation,315.0,76.0,231.9333910000000,100.0,0.13674000000000000,99,724
2023,Saudi Arabian Grand Prix,R,STR,12.0,5.0,clear_violation,303.0,82.0,228.67630299999999,100.0,0.15524499999999999,111,715
2023,Saudi Arabian Grand Prix,R,SAR,5.0,23.0,clear_violation,317.0,82.0,225.75057500000000,100.0,0.16356399999999999,123,752
2023,Saudi Arabian Grand Prix,R,MAG,4.0,23.0,clear_violation,317.0,75.0,225.41738200000000,100.0,0.15789500000000001,114,722
2023,Saudi Arabian Grand Prix,R,MAG,23.0,23.0,clear_violation,332.0,83.0,229.26330799999999,100.0,0.14365400000000000,103,717
2023,Saudi Arabian Grand Prix,R,ALB,5.0,23.0,clear_violation,340.0,75.0,224.95777500000000,100.0,0.1899070000000000,143,753
2023,Saudi Arabian Grand Prix,R,ALB,26.0,23.0,clear_violation,327.0,79.0,223.08652200000000,100.0,0.17938399999999999,134,747
2023,Saudi Arabian Grand Prix,R,ZHO,22.0,2.0,clear_violation,324.0,70.0,225.9585090000000,100.0,0.17524300000000001,126,719
2023,Saudi Arabian Grand Prix,R,HUL,9.0,23.0,clear_violation,311.0,82.0,228.4756250000000,100.0,0.15027299999999999,110,732
2023,Saudi Arabian Grand Prix,R,NOR,32.0,23.0,clear_violation,325.0,75.0,231.55180200000001,99.0,0.15803800000000001,116,734
2023,Saudi Arabian Grand Prix,R,SAI,16.0,23.0,clear_violation,307.0,0.0,193.57197600000001,100.0,0.18981500000000001,164,864
2023,Saudi Arabian Grand Prix,R,PIA,43.0,23.0,clear_violation,328.0,78.0,229.92401500000000,99.0,0.15870799999999999,113,712
2023,Singapore Grand Prix,FP2,SAR,11.0,19.0,no_advantage,262.0,53.0,128.27075099999999,100.0,0.22817499999999999,230,1008
2023,Singapore Grand Prix,FP3,VER,3.0,14.0,no_advantage,271.0,4.0,95.087620000000,100.0,0.11519400000000000,163,1415
2023,Singapore Grand Prix,FP3,ALB,11.0,14.0,no_advantage,265.0,0.0,98.51230200000001,100.0,0.1795250000000000,242,1348
2023,Singapore Grand Prix,Q,ALB,11.0,19.0,clear_violation,317.0,65.0,187.01618900000000,100.0,0.22206500000000001,157,707
2023,Singapore Grand Prix,R,GAS,6.0,7.0,clear_violation,306.0,62.0,171.2502450000000,100.0,0.2503210000000000,195,779
2023,Singapore Grand Prix,R,PER,60.0,7.0,clear_violation,317.0,54.0,175.93280700000000,100.0,0.24339400000000000,175,719
2023,Singapore Grand Prix,R,ALO,29.0,2.0,clear_violation,313.0,59.0,171.93923699999999,100.0,0.24675300000000000,190,770
2023,Singapore Grand Prix,R,LEC,23.0,7.0,clear_violation,298.0,58.0,170.22653900000000,100.0,0.2729590000000000,214,784
2023,Singapore Grand Prix,R,MAG,35.0,7.0,clear_violation,295.0,57.0,172.40020400000000,100.0,0.24615400000000001,192,780
2023,Singapore Grand Prix,R,MAG,36.0,2.0,clear_violation,299.0,40.0,163.4714560000000,100.0,0.28732700000000000,229,797
2023,Singapore Grand Prix,R,HUL,39.0,7.0,clear_violation,326.0,62.0,175.92011800000000,100.0,0.25578200000000001,188,735
2023,Singapore Grand Prix,R,HUL,53.0,7.0,clear_violation,299.0,61.0,169.90634399999999,100.0,0.2421190000000000,192,793
2023,Singapore Grand Prix,R,HAM,24.0,7.0,clear_violation,301.0,65.0,174.37910700000000,100.0,0.23766200000000001,183,770
2023,Singapore Grand Prix,R,RUS,51.0,19.0,clear_violation,293.0,61.0,182.43657400000001,100.0,0.23777200000000001,175,736
2023,Singapore Grand Prix,R,ALO,46.0,14.0,no_advantage,297.0,0.0,155.84073500000000,100.0,0.22041800000000000,190,862
2023,Spanish Grand Prix,FP2,RUS,7.0,10.0,no_advantage,317.0,40.0,175.57450200000000,100.0,0.11977699999999999,86,718
2023,Spanish Grand Prix,FP3,STR,9.0,5.0,no_advantage,295.0,8.0,137.63986800000001,100.0,0.1927710000000000,176,913
2023,Spanish Grand Prix,Q,HUL,2.0,5.0,clear_violation,334.0,99.0,226.74851899999999,100.0,0.16784499999999999,95,566
2023,Spanish Grand Prix,Q,PER,15.0,5.0,clear_violation,326.0,0.0,130.18606700000001,100.0,0.11270500000000000,110,976
2023,Spanish Grand Prix,Q,TSU,18.0,5.0,clear_violation,327.0,101.0,228.78390500000000,100.0,0.11371800000000000,63,554
2023,Spanish Grand Prix,Q,LEC,4.0,2.0,clear_violation,318.0,73.0,151.1725630000000,100.0,0.1981240000000000,169,853
2023,Spanish Grand Prix,Q,ALO,1.0,14.0,no_advantage,280.0,33.94285700000000,169.74963199999999,100.0,0.15352099999999999,109,710
2023,Spanish Grand Prix,Q,DEV,4.0,12.0,no_advantage,324.0,0.0,163.17305899999999,100.0,0.22137399999999999,174,786
2023,Spanish Grand Prix,Q,PER,14.0,5.0,no_advantage,294.69750100,0.0,38.61609200000000,100.0,0.0425090000000000,143,3364
2023,Spanish Grand Prix,R,VER,39.0,5.0,clear_violation,312.0,96.0,210.96850699999999,100.0,0.16198299999999999,98,605
2023,Spanish Grand Prix,R,VER,45.0,5.0,clear_violation,308.0,97.0,208.87322900000001,100.0,0.15562899999999999,94,604
2023,Spanish Grand Prix,R,VER,56.0,10.0,clear_violation,309.0,101.0,216.4425030000000,100.0,0.17479000000000000,104,595
2023,Spanish Grand Prix,R,ALO,34.0,13.0,clear_violation,308.0,94.0,206.19532899999999,100.0,0.18064500000000000,112,620
2023,Spanish Grand Prix,R,ZHO,56.0,2.0,clear_violation,335.0,92.0,207.79375899999999,100.0,0.18166900000000000,111,611
2023,Spanish Grand Prix,R,HUL,22.0,9.0,clear_violation,314.0,91.0,205.72852000000000,100.0,0.19808300000000001,124,626
2023,Spanish Grand Prix,R,NOR,41.0,9.0,clear_violation,301.0,90.0,205.60689600000001,100.0,0.20772900000000000,129,621
2023,Spanish Grand Prix,R,MAG,4.0,2.0,clear_violation,348.0,93.0,202.9611300000000,100.0,0.19654099999999999,125,636
2023,Spanish Grand Prix,R,MAG,37.0,9.0,clear_violation,337.0,86.0,203.0708840000000,100.0,0.21138199999999999,130,615
2023,São Paulo Grand Prix,FP1,SAR,20.0,1.0,no_advantage,322.55000000000001,0.0,25.559809999999999,104.0,0.6921020000000000,3111,4495
2023,São Paulo Grand Prix,FP1,BOT,28.0,1.0,no_advantage,332.0,83.0,209.78899400000000,100.0,0.18053100000000000,102,565
2023,São Paulo Grand Prix,Q,ALB,14.0,4.0,clear_violation,327.0,83.0,216.62207400000000,100.0,0.19090900000000000,105,550
2023,São Paulo Grand Prix,S,SAR,5.0,1.0,clear_violation,342.0,78.0,196.08562100000000,100.0,0.19601299999999999,118,602
2023,São Paulo Grand Prix,S,SAR,4.0,1.0,no_advantage,336.0,77.0,200.89844500000001,100.0,0.18685099999999999,108,578
2023,United States Grand Prix,Q,NOR,10.0,19.0,clear_violation,323.0,74.0,205.99397600000000,99.0,0.16076299999999999,118,734
2023,United States Grand Prix,Q,RUS,14.0,9.0,clear_violation,317.0,72.0,204.11917099999999,100.0,0.19386300000000001,139,717
2023,United States Grand Prix,Q,VER,17.0,19.0,clear_violation,325.0,75.0,207.87962600000000,100.0,0.1864410000000000,132,708
2023,United States Grand Prix,Q,ZHO,5.0,20.0,clear_violation,323.0,73.0,201.74086500000001,100.0,0.18403200000000000,136,739
2023,United States Grand Prix,Q,RIC,11.0,19.0,clear_violation,320.0,74.0,203.87837800000000,100.0,0.18307899999999999,132,721
2023,United States Grand Prix,Q,HUL,5.0,19.0,clear_violation,328.0,70.0,203.34316400000000,100.0,0.21371000000000001,159,744
2023,United States Grand Prix,Q,SAR,4.0,12.0,clear_violation,324.0,71.0,198.01891300000000,100.0,0.20930199999999999,153,731
2023,United States Grand Prix,R,NOR,16.0,19.0,clear_violation,297.0,65.0,191.08464300000000,99.0,0.19254700000000000,155,805
2023,United States Grand Prix,R,NOR,26.0,19.0,clear_violation,296.0,67.0,190.08955599999999,99.0,0.20754700000000001,165,795
2023,United States Grand Prix,R,SAI,41.0,19.0,clear_violation,307.0,67.0,195.56308799999999,100.0,0.21761000000000000,173,795
2023,United States Grand Prix,R,PER,41.0,12.0,clear_violation,303.0,70.0,194.4466530000000,100.0,0.19570699999999999,155,792
2023,United States Grand Prix,R,RUS,11.0,12.0,clear_violation,295.0,67.0,191.91125700000001,100.0,0.19597999999999999,156,796
2023,United States Grand Prix,R,GAS,22.0,12.0,clear_violation,324.0,69.0,191.73947899999999,100.0,0.19440900000000000,153,787
2023,United States Grand Prix,R,STR,26.0,12.0,clear_violation,332.0,63.0,191.9696040000000,100.0,0.21419500000000000,169,789
2023,United States Grand Prix,R,TSU,3.0,20.0,clear_violation,328.0,68.0,183.8426710000000,100.0,0.20698300000000000,166,802
2023,United States Grand Prix,R,ALB,20.0,20.0,clear_violation,303.0,68.0,190.46207300000000,100.0,0.2167740000000000,168,775
2023,United States Grand Prix,R,ALB,21.0,20.0,clear_violation,302.0,69.0,190.08108500000000,100.0,0.2144640000000000,172,802
2023,United States Grand Prix,R,ALB,45.0,6.0,clear_violation,301.0,71.0,191.42439999999999,100.0,0.21100900000000000,161,763
2023,United States Grand Prix,R,ALB,47.0,6.0,clear_violation,300.0,68.0,191.80095399999999,100.0,0.22626800000000000,174,769
2023,United States Grand Prix,R,ALB,48.0,6.0,clear_violation,301.0,69.0,193.91957500000001,100.0,0.20838799999999999,159,763
2023,United States Grand Prix,R,ALB,49.0,19.0,clear_violation,302.0,66.0,192.7085040000000,100.0,0.19154599999999999,145,757
2023,United States Grand Prix,R,SAR,12.0,19.0,clear_violation,326.0,0.0,157.97122400000001,100.0,0.23560800000000001,221,938
2023,United States Grand Prix,R,SAR,32.0,11.0,clear_violation,302.0,65.0,185.12144100000000,100.0,0.23145800000000000,181,782
2023,United States Grand Prix,R,SAR,41.0,19.0,clear_violation,308.0,68.0,192.51122899999999,100.0,0.20129000000000000,156,775
2023,United States Grand Prix,R,HUL,5.0,19.0,clear_violation,329.0,62.0,187.4248900000000,100.0,0.24327799999999999,190,781
2023,United States Grand Prix,R,HUL,13.0,13.0,clear_violation,296.0,67.0,187.9393620000000,100.0,0.2051950000000000,158,770
2023,United States Grand Prix,R,MAG,2.0,11.0,clear_violation,310.0,66.0,184.30387200000001,100.0,0.21013599999999999,170,809
2023,United States Grand Prix,R,MAG,5.0,19.0,clear_violation,319.0,70.0,187.63072800000000,100.0,0.2046940000000000,157,767
2023,United States Grand Prix,R,MAG,10.0,12.0,clear_violation,304.0,69.0,185.53423100000001,100.0,0.22098799999999999,179,810
2023,United States Grand Prix,R,MAG,22.0,19.0,clear_violation,302.0,67.0,189.4332490000000,100.0,0.19053700000000001,149,782
2023,United States Grand Prix,R,MAG,55.0,19.0,clear_violation,307.0,66.0,186.84929399999999,100.0,0.19592899999999999,154,786
2023,United States Grand Prix,R,ALO,2.0,11.0,clear_violation,301.0,64.0,185.11185499999999,100.0,0.22304800000000000,180,807
2023,United States Grand Prix,R,ALO,18.0,9.0,clear_violation,319.0,63.0,188.32975800000000,100.0,0.21580900000000000,172,797
2023,United States Grand Prix,R,OCO,5.0,19.0,clear_violation,307.0,68.0,179.55402599999999,100.0,0.2457000000000000,200,814
2023,United States Grand Prix,R,HAM,6.0,19.0,clear_violation,321.0,67.0,191.71961899999999,100.0,0.21733500000000000,168,773
2023,United States Grand Prix,R,HAM,16.0,19.0,clear_violation,296.0,68.0,191.66585100000000,100.0,0.2082290000000000,167,802
2023,United States Grand Prix,R,HAM,56.0,9.0,clear_violation,306.0,69.0,193.2187790000000,100.0,0.2156080000000000,163,756
2023,United States Grand Prix,R,LEC,11.0,12.0,clear_violation,307.0,62.0,187.51446700000000,100.0,0.2375,190,800
2023,United States Grand Prix,R,LEC,49.0,20.0,clear_violation,304.0,62.0,192.42281199999999,100.0,0.25691700000000001,195,759
2023,United States Grand Prix,R,LEC,50.0,20.0,clear_violation,303.0,64.0,193.4920520000000,100.0,0.23415300000000000,181,773
2023,United States Grand Prix,R,LEC,52.0,19.0,clear_violation,306.0,59.0,190.83836700000001,100.0,0.22409299999999999,173,772
2023,United States Grand Prix,S,NOR,18.0,12.0,clear_violation,302.0,67.0,193.41194400000001,99.0,0.1763160000000000,134,760
2023,United States Grand Prix,S,NOR,19.0,11.0,clear_violation,304.0,67.0,193.43725100000000,99.0,0.18499399999999999,143,773
2023,United States Grand Prix,S,PER,2.0,12.0,clear_violation,332.0,72.0,191.19464800000000,100.0,0.20671800000000001,160,774
2023,United States Grand Prix,S,RUS,3.0,15.0,clear_violation,317.0,67.0,193.52182199999999,100.0,0.21328200000000000,167,783
2023,United States Grand Prix,S,ALB,7.0,1.0,clear_violation,304.0,70.0,192.70097500000000,100.0,0.22348499999999999,177,792
2023,United States Grand Prix,S,ALB,19.0,19.0,clear_violation,305.0,66.0,195.91707900000000,100.0,0.21716500000000000,167,769
2023,United States Grand Prix,S,PIA,3.0,9.0,clear_violation,301.0,66.0,190.11293699999999,99.0,0.18742100000000000,149,795
2023,United States Grand Prix,S,PIA,6.0,20.0,clear_violation,300.0,68.0,190.2799720000000,99.0,0.17676800000000001,140,792
2023,United States Grand Prix,S,PIA,7.0,20.0,clear_violation,316.0,66.0,191.2525230000000,99.0,0.17735799999999999,141,795
2023,United States Grand Prix,S,RIC,4.0,12.0,clear_violation,328.0,68.0,191.23452200000000,100.0,0.19225800000000001,149,775
2023,United States Grand Prix,S,ZHO,13.0,15.0,clear_violation,327.0,66.0,191.11010099999999,100.0,0.23574100000000001,186,789
2023,United States Grand Prix,S,MAG,8.0,19.0,clear_violation,313.0,67.0,190.08122000000000,100.0,0.2266500000000000,182,803
2023,United States Grand Prix,S,MAG,9.0,12.0,clear_violation,311.0,65.0,190.16298699999999,100.0,0.215,172,800
2023,United States Grand Prix,S,MAG,12.0,1.0,clear_violation,306.0,67.0,187.56820400000001,100.0,0.20492900000000000,158,771
2023,United States Grand Prix,S,MAG,13.0,15.0,clear_violation,310.0,55.0,188.19631899999999,100.0,0.21517400000000000,173,804
2023,United States Grand Prix,S,SAR,12.0,19.0,clear_violation,333.0,63.0,186.42077399999999,100.0,0.23871000000000001,185,775
2024,Abu Dhabi Grand Prix,Q,LEC,11.0,1.0,clear_violation,327.0,67.0,227.42244700000001,100.0,0.1136,71,625
2024,Abu Dhabi Grand Prix,Q,COL,2.0,1.0,clear_violation,333.0,69.0,222.49676299999999,100.0,0.16957200000000000,107,631
2024,Abu Dhabi Grand Prix,R,VER,9.0,1.0,clear_violation,337.0,58.0,210.6395730000000,100.0,0.1613370000000000,111,688
2024,Abu Dhabi Grand Prix,R,GAS,37.0,1.0,clear_violation,306.0,62.0,211.20227700000001,100.0,0.14645000000000000,99,676
2024,Abu Dhabi Grand Prix,R,ALO,10.0,1.0,clear_violation,315.0,59.0,207.61451600000001,99.0,0.18410000000000001,132,717
2024,Abu Dhabi Grand Prix,R,LEC,10.0,1.0,clear_violation,330.0,60.0,210.641575000000,100.0,0.17588699999999999,124,705
2024,Abu Dhabi Grand Prix,R,LEC,56.0,1.0,clear_violation,316.0,56.0,215.0519140000000,100.0,0.15615599999999999,104,666
2024,Abu Dhabi Grand Prix,R,STR,9.0,1.0,clear_violation,312.0,62.0,207.9785660000000,99.0,0.16642799999999999,116,697
2024,Abu Dhabi Grand Prix,R,STR,15.0,1.0,clear_violation,330.0,60.0,209.80537400000000,99.0,0.181022000000000,124,685
2024,Abu Dhabi Grand Prix,R,STR,16.0,1.0,clear_violation,330.0,56.0,208.22026299999999,99.0,0.18248200000000001,125,685
2024,Abu Dhabi Grand Prix,R,STR,56.0,1.0,clear_violation,309.0,59.0,210.35464999999999,99.0,0.14655199999999999,102,696
2024,Abu Dhabi Grand Prix,R,MAG,30.0,6.0,clear_violation,335.0,0.0,156.07696700000000,100.0,0.23417700000000000,222,948
2024,Abu Dhabi Grand Prix,R,MAG,46.0,1.0,clear_violation,311.0,64.0,210.93157299999999,100.0,0.15925400000000001,111,697
2024,Abu Dhabi Grand Prix,R,TSU,4.0,1.0,clear_violation,316.0,62.0,208.67711700000001,100.0,0.1712230000000000,119,695
2024,Abu Dhabi Grand Prix,R,TSU,13.0,1.0,clear_violation,311.0,59.0,208.93448400000000,100.0,0.17246400000000001,119,690
2024,Abu Dhabi Grand Prix,R,TSU,28.0,1.0,clear_violation,309.0,61.0,209.2356520000000,100.0,0.1510790000000000,105,695
2024,Abu Dhabi Grand Prix,R,ALB,24.0,1.0,clear_violation,315.0,60.0,209.79813600000000,100.0,0.1804950000000000,124,687
2024,Abu Dhabi Grand Prix,R,LAW,9.0,1.0,clear_violation,313.0,60.0,207.27359999999999,100.0,0.16932000000000000,117,691
2024,Abu Dhabi Grand Prix,R,LAW,10.0,1.0,clear_violation,314.0,58.0,207.74289999999999,100.0,0.17110800000000001,122,713
2024,Abu Dhabi Grand Prix,R,HAM,49.0,1.0,clear_violation,313.0,63.0,213.92795500000000,100.0,0.17699100000000001,120,678
2024,Abu Dhabi Grand Prix,R,SAI,24.0,1.0,clear_violation,311.0,61.0,209.92709900000000,100.0,0.17862400000000000,122,683
2024,Abu Dhabi Grand Prix,R,DOO,10.0,1.0,clear_violation,309.0,59.0,206.58170500000,100.0,0.17787100000000000,127,714
2024,Abu Dhabi Grand Prix,R,DOO,24.0,1.0,clear_violation,332.0,57.0,211.05339900000001,100.0,0.19411800000000001,132,680
2024,Abu Dhabi Grand Prix,R,DOO,42.0,1.0,clear_violation,312.0,61.0,208.53064200000000,100.0,0.1635040000000000,112,685
2024,Abu Dhabi Grand Prix,R,RUS,36.0,1.0,clear_violation,312.0,59.0,210.8794240000000,100.0,0.1531790000000000,106,692
2024,Abu Dhabi Grand Prix,R,RUS,52.0,1.0,clear_violation,312.0,60.0,213.71492200000000,100.0,0.15261600000000000,105,688
2024,Abu Dhabi Grand Prix,R,PIA,14.0,1.0,clear_violation,337.0,58.0,210.36334700000000,100.0,0.16100400000000001,109,677
2024,Abu Dhabi Grand Prix,R,PIA,29.0,1.0,clear_violation,313.0,60.0,208.1756180000000,100.0,0.14450900000000000,100,692
2024,Abu Dhabi Grand Prix,R,PIA,45.0,11.0,clear_violation,336.0,58.0,209.40902800000001,100.0,0.1673880000000000,116,693
2024,Australian Grand Prix,FP1,ALO,9.0,10.0,no_advantage,304.8071440000000,33.0,186.23830599999999,100.0,0.17774899999999999,139,782
2024,Australian Grand Prix,FP1,HAM,13.0,2.0,no_advantage,304.0673060000000,15.775,183.30095700000001,100.0,0.1400520000000000,107,764
2024,Australian Grand Prix,FP2,SAR,17.0,1.0,no_advantage,323.0,81.0,210.70395400000001,100.0,0.1512480000000000,103,681
2024,Australian Grand Prix,FP2,LEC,19.0,2.0,no_advantage,296.0,93.0,227.3151130000000,100.0,0.14751600000000001,95,644
2024,Australian Grand Prix,FP2,STR,24.0,13.0,no_advantage,298.0,38.0,204.6834600000,100.0,0.10378700000000000,74,713
2024,Australian Grand Prix,Q,ALB,2.0,10.0,clear_violation,322.0,97.0,239.35818000000000,100.0,0.12690399999999999,75,591
2024,Australian Grand Prix,Q,RIC,5.0,5.0,clear_violation,322.0,96.0,243.61633000000000,100.0,0.10641900000000000,63,592
2024,Australian Grand Prix,Q,ALO,16.0,6.0,no_advantage,311.1678560000000,27.0,166.03254400000000,100.0,0.1148110000000000,100,871
2024,Australian Grand Prix,R,HAM,10.0,2.0,clear_violation,320.0,88.0,224.58252700000000,100.0,0.17424200000000001,115,660
2024,Austrian Grand Prix,Q,LEC,21.0,9.0,clear_violation,323.0,71.0,219.1065270000000,100.0,0.18571399999999999,104,560
2024,Austrian Grand Prix,Q,PIA,16.0,6.0,clear_violation,319.0,68.0,237.56460000000001,99.0,0.13320100000000001,67,503
2024,Austrian Grand Prix,Q,GAS,17.0,6.0,clear_violation,319.0,66.0,237.3682550000000,100.0,0.13424100000000000,69,514
2024,Austrian Grand Prix,Q,TSU,5.0,6.0,clear_violation,325.0,65.0,235.21321100000000,100.0,0.15942000000000001,77,483
2024,Austrian Grand Prix,R,PIA,70.0,1.0,clear_violation,310.0,58.0,221.72162900000001,99.0,0.1713220000000000,92,537
2024,Austrian Grand Prix,R,VER,63.0,3.0,clear_violation,304.0,65.0,220.50867400000001,100.0,0.1865670000000000,100,536
2024,Austrian Grand Prix,R,VER,64.0,3.0,clear_violation,299.0,45.0,156.04870700000001,100.0,0.23129300000000000,170,735
2024,Austrian Grand Prix,R,HUL,12.0,3.0,clear_violation,308.0,0.0,173.3760260000000,100.0,0.2631580000000000,180,684
2024,Austrian Grand Prix,R,PER,21.0,1.0,clear_violation,297.0,60.0,198.42939100000001,100.0,0.256993000000000,147,572
2024,Austrian Grand Prix,R,GAS,35.0,3.0,clear_violation,321.0,54.0,210.65134599999999,100.0,0.24014300000000000,134,558
2024,Austrian Grand Prix,R,LEC,46.0,6.0,clear_violation,314.0,65.0,219.21104399999999,100.0,0.2222220000000000,124,558
2024,Austrian Grand Prix,R,TSU,36.0,1.0,clear_violation,318.0,61.0,215.38592900000000,100.0,0.20224700000000001,108,534
2024,Austrian Grand Prix,R,ZHO,20.0,3.0,clear_violation,302.0,48.0,203.95330500000000,100.0,0.21631200000000000,122,564
2024,Austrian Grand Prix,R,SAR,58.0,6.0,clear_violation,306.0,63.0,218.6018640000000,100.0,0.19038800000000000,103,541
2024,Austrian Grand Prix,R,NOR,10.0,3.0,clear_violation,302.0,58.0,215.40692400000000,100.0,0.19295000000000001,104,539
2024,Austrian Grand Prix,R,NOR,56.0,1.0,clear_violation,318.0,59.0,224.87322700000001,100.0,0.1864410000000000,99,531
2024,Austrian Grand Prix,R,NOR,59.0,3.0,clear_violation,322.0,48.0,220.57926399999999,100.0,0.21521299999999999,116,539
2024,Austrian Grand Prix,R,NOR,64.0,3.0,clear_violation,318.0,33.0,128.2989050000000,100.0,0.11915400000000000,107,898
2024,Austrian Grand Prix,S,NOR,6.0,1.0,clear_violation,316.0,62.0,220.9442530000000,100.0,0.1821710000000000,94,516
2024,Austrian Grand Prix,S,NOR,16.0,1.0,clear_violation,322.0,61.0,220.87450300000000,100.0,0.19109499999999999,103,539
2024,Austrian Grand Prix,S,ALO,7.0,1.0,clear_violation,323.0,60.0,220.60477700000001,100.0,0.17590800000000001,92,523
2024,Austrian Grand Prix,S,ALO,21.0,3.0,clear_violation,304.0,43.0,209.80420500000000,99.0,0.20892900000000000,117,560
2024,Austrian Grand Prix,SQ,PIA,7.0,6.0,clear_violation,324.0,68.0,231.0901630000000,99.0,0.1465860000000000,73,498
2024,Austrian Grand Prix,SQ,HAM,2.0,6.0,clear_violation,318.0,63.0,232.13503700000001,100.0,0.1732280000000000,88,508
2024,Austrian Grand Prix,SQ,TSU,5.0,9.0,clear_violation,322.0,0.0,207.61102800000000,100.0,0.14727299999999999,81,550
2024,Austrian Grand Prix,SQ,ZHO,2.0,9.0,clear_violation,322.0,69.0,229.5922820000000,100.0,0.18023300000000000,93,516
2024,Austrian Grand Prix,SQ,BOT,5.0,6.0,clear_violation,320.0,66.0,230.97117900000001,100.0,0.1603960000000000,81,505
2024,Austrian Grand Prix,SQ,SAR,8.0,6.0,clear_violation,325.0,64.0,234.21078700000001,100.0,0.1765870000000000,89,504
2024,Azerbaijan Grand Prix,Q,SAI,2.0,15.0,clear_violation,342.0142850,49.0,169.05070499999999,100.0,0.2157070000000000,206,955
2024,Azerbaijan Grand Prix,R,VER,24.0,15.0,clear_violation,351.68333200000001,66.0,193.3803290000000,100.0,0.2517400000000000,217,862
2024,Azerbaijan Grand Prix,R,OCO,36.0,1.0,clear_violation,322.0,42.0,188.0330330000000,100.0,0.2233560000000000,197,882
2024,Bahrain Grand Prix,Q,MAG,8.0,7.0,clear_violation,320.0,73.0,211.7345740000000,100.0,0.1957140000000000,137,700
2024,Bahrain Grand Prix,Q,GAS,2.0,13.0,clear_violation,310.0,65.0,210.22481900000000,100.0,0.1733150000000000,126,727
2024,Bahrain Grand Prix,R,VER,46.0,4.0,clear_violation,303.0,63.0,204.3571450000000,100.0,0.20253199999999999,144,711
2024,Bahrain Grand Prix,R,LEC,4.0,10.0,clear_violation,320.0,64.0,197.2893030000000,100.0,0.225131000000000,172,764
2024,Bahrain Grand Prix,R,RUS,46.0,10.0,clear_violation,304.0,60.0,201.87260100000000,100.0,0.1991870000000000,147,738
2024,Bahrain Grand Prix,R,NOR,3.0,15.0,clear_violation,323.0,57.0,196.55293200000000,98.0,0.20512800000000000,152,741
2024,Bahrain Grand Prix,R,NOR,4.0,15.0,clear_violation,300.0,62.0,197.44479699999999,98.0,0.2,153,765
2024,Bahrain Grand Prix,R,NOR,56.0,13.0,clear_violation,306.0,63.0,201.85221100000001,99.0,0.2127370000000000,157,738
2024,Bahrain Grand Prix,R,HAM,27.0,10.0,clear_violation,303.0,63.0,197.96168499999999,100.0,0.23624200000000001,176,745
2024,Bahrain Grand Prix,R,HAM,47.0,4.0,clear_violation,305.0,65.0,203.333094000000,100.0,0.20889500000000000,155,742
2024,Bahrain Grand Prix,R,PIA,37.0,15.0,clear_violation,304.0,66.0,203.02111300000001,99.0,0.19390600000000000,140,722
2024,Bahrain Grand Prix,R,PIA,38.0,15.0,clear_violation,308.0,64.0,203.73738299999999,99.0,0.20470300000000000,148,723
2024,Bahrain Grand Prix,R,PIA,50.0,4.0,clear_violation,305.0,64.0,201.74177000000000,99.0,0.20244599999999999,149,736
2024,Bahrain Grand Prix,R,RIC,51.0,13.0,clear_violation,326.0,60.0,197.60100900000000,100.0,0.1937670000000000,143,738
2024,Bahrain Grand Prix,R,RIC,55.0,4.0,clear_violation,327.0,62.0,198.77923999999999,100.0,0.21138199999999999,156,738
2024,Bahrain Grand Prix,R,RIC,56.0,4.0,clear_violation,327.0,59.0,198.3004810000000,100.0,0.2179140000000000,163,748
2024,Bahrain Grand Prix,R,TSU,10.0,4.0,clear_violation,307.0,62.0,193.867972000000,100.0,0.19499300000000000,148,759
2024,Bahrain Grand Prix,R,TSU,27.0,13.0,clear_violation,324.0,62.0,198.133011000000,100.0,0.21268200000000001,161,757
2024,Bahrain Grand Prix,R,ALB,47.0,4.0,clear_violation,305.0,62.0,201.5024560000000,100.0,0.20798900000000001,151,726
2024,Bahrain Grand Prix,R,ALB,49.0,10.0,clear_violation,306.0,61.0,199.63164300000000,100.0,0.20241300000000001,151,746
2024,Bahrain Grand Prix,R,GAS,44.0,4.0,clear_violation,288.0,0.0,167.6155400000000,100.0,0.21899399999999999,196,895
2024,Bahrain Grand Prix,R,GAS,55.0,4.0,clear_violation,301.0,62.0,200.82032400000000,100.0,0.20327400000000001,149,733
2024,Bahrain Grand Prix,R,SAR,9.0,4.0,no_advantage,315.0,57.0,191.525019000000,100.0,0.22178000000000000,167,753
2024,Belgian Grand Prix,Q,ZHO,8.0,4.0,clear_violation,315.0,57.0,209.04877900000000,100.0,0.17640600000000001,160,907
2024,Belgian Grand Prix,R,HAM,13.0,4.0,clear_violation,323.0,73.0,231.24399900000000,100.0,0.1506850000000000,121,803
2024,Belgian Grand Prix,R,NOR,2.0,6.0,clear_violation,355.0,71.0,226.05736400000001,99.0,0.20408200000000001,170,833
2024,Belgian Grand Prix,R,NOR,23.0,19.0,clear_violation,338.0,53.0,230.11708100000001,99.0,0.15976299999999999,135,845
2024,Belgian Grand Prix,R,SAI,15.0,14.0,clear_violation,321.0,68.0,225.20391000000001,100.0,0.17125699999999999,143,835
2024,Belgian Grand Prix,R,SAI,36.0,4.0,clear_violation,327.0,71.0,231.08752799999999,100.0,0.17142900000000000,138,805
2024,Belgian Grand Prix,R,SAI,41.0,4.0,clear_violation,322.0,68.0,231.70735600000000,100.0,0.1642510000000000,136,828
2024,Belgian Grand Prix,R,STR,2.0,4.0,clear_violation,356.0,62.0,223.89492200000001,100.0,0.1807370000000000,152,841
2024,Belgian Grand Prix,R,MAG,23.0,4.0,clear_violation,321.0,73.0,227.77303400000000,100.0,0.13043500000000000,111,851
2024,Belgian Grand Prix,R,SAR,33.0,4.0,clear_violation,324.0,70.0,229.11663600000000,100.0,0.13895800000000000,112,806
2024,Belgian Grand Prix,R,HUL,14.0,6.0,clear_violation,351.0,68.0,225.500199000000,100.0,0.1562870000000000,133,851
2024,British Grand Prix,Q,RUS,8.0,9.0,clear_violation,303.0,90.0,215.8557160000000,100.0,0.16960700000000001,125,737
2024,British Grand Prix,Q,NOR,4.0,3.0,clear_violation,297.0,57.0,182.62064100000001,99.0,0.17217800000000000,151,877
2024,British Grand Prix,Q,VER,7.0,9.0,clear_violation,307.0,64.0,193.42589500000000,100.0,0.2011900000000000,169,840
2024,British Grand Prix,Q,SAI,7.0,9.0,clear_violation,308.0,74.0,217.86088899999999,100.0,0.19807400000000000,144,727
2024,British Grand Prix,Q,ALB,7.0,9.0,clear_violation,310.0,81.0,206.6924410000000,100.0,0.227331000000000,178,783
2024,British Grand Prix,Q,ALO,9.0,4.0,clear_violation,285.0,28.0,165.6644060000000,100.0,0.19042799999999999,187,982
2024,British Grand Prix,Q,TSU,7.0,9.0,clear_violation,308.0,63.0,205.08564699999999,100.0,0.20558399999999999,162,788
2024,British Grand Prix,Q,ZHO,9.0,9.0,clear_violation,305.0,88.0,198.6954420000000,100.0,0.17919800000000000,143,798
2024,British Grand Prix,R,HAM,19.0,2.0,clear_violation,300.0,74.0,201.7304790000000,100.0,0.21419500000000000,169,789
2024,British Grand Prix,R,NOR,20.0,12.0,clear_violation,305.0,81.0,215.69102599999999,99.0,0.17209900000000000,132,767
2024,British Grand Prix,R,SAI,28.0,3.0,clear_violation,301.0,63.0,205.38209499999999,100.0,0.21019099999999999,165,785
2024,British Grand Prix,R,ALB,35.0,18.0,clear_violation,304.0,68.0,200.41194100000001,100.0,0.19767399999999999,153,774
2024,British Grand Prix,R,ALB,36.0,18.0,clear_violation,304.0,68.0,204.5707470000000,100.0,0.2036080000000000,158,776
2024,British Grand Prix,R,SAR,16.0,15.0,clear_violation,306.0,81.0,224.8505760000000,100.0,0.17110800000000001,122,713
2024,British Grand Prix,R,RIC,31.0,9.0,clear_violation,298.0,73.0,204.56238700000000,100.0,0.1835990000000000,150,817
2024,British Grand Prix,R,LEC,24.0,14.0,clear_violation,292.0,66.0,189.86394400000000,100.0,0.17942900000000001,157,875
2024,British Grand Prix,R,RUS,19.0,2.0,clear_violation,302.0,63.0,200.20493500000001,100.0,0.2032830000000000,161,792
2024,Canadian Grand Prix,Q,RUS,4.0,4.0,clear_violation,307.0,54.0,179.0765880000000,100.0,0.1921920000000000,128,666
2024,Canadian Grand Prix,Q,HAM,4.0,1.0,clear_violation,306.0,46.0,158.42704200000000,104.0,0.23202200000000001,171,737
2024,Canadian Grand Prix,Q,SAI,2.0,2.0,clear_violation,303.0,46.0,189.88893200000001,100.0,0.2391650000000000,149,623
2024,Canadian Grand Prix,Q,SAI,15.0,13.0,clear_violation,308.0,47.0,149.22722300000001,100.0,0.2595910000000000,203,782
2024,Canadian Grand Prix,Q,MAG,2.0,8.0,clear_violation,309.0,54.0,187.523675000000,100.0,0.23053000000000001,148,642
2024,Canadian Grand Prix,R,VER,17.0,2.0,clear_violation,307.0,37.0,172.8051250000000,100.0,0.2600300000000000,175,673
2024,Canadian Grand Prix,R,GAS,41.0,6.0,clear_violation,298.0,43.0,154.23729499999999,100.0,0.20599700000000001,158,767
2024,Canadian Grand Prix,R,GAS,44.0,14.0,clear_violation,329.0,54.0,182.37468999999999,100.0,0.2230770000000000,145,650
2024,Canadian Grand Prix,R,PER,21.0,9.0,clear_violation,312.0,52.0,170.2106430000000,100.0,0.2543100000000000,177,696
2024,Canadian Grand Prix,R,PER,32.0,14.0,clear_violation,317.0,48.0,167.86498300000000,100.0,0.30043500000000001,207,689
2024,Canadian Grand Prix,R,ALO,6.0,,clear_violation,304.0,45.0,161.5618300000000,100.0,0.24054100000000000,178,740
2024,Canadian Grand Prix,R,ALO,32.0,14.0,clear_violation,309.0,47.0,169.03248300000001,100.0,0.26384800000000003,181,686
2024,Canadian Grand Prix,R,LEC,30.0,4.0,clear_violation,300.0,44.0,152.18527499999999,100.0,0.26875,215,800
2024,Canadian Grand Prix,R,LEC,32.0,14.0,clear_violation,298.0,52.0,168.68975000000000,100.0,0.2125,153,720
2024,Canadian Grand Prix,R,STR,34.0,14.0,clear_violation,310.0,53.0,171.5234660000000,100.0,0.22633100000000000,153,676
2024,Canadian Grand Prix,R,SAR,3.0,14.0,clear_violation,309.0,45.0,151.37317999999999,100.0,0.29533700000000002,228,772
2024,Canadian Grand Prix,R,SAR,5.0,2.0,clear_violation,306.0,33.0,157.4362820000000,100.0,0.2971890000000000,222,747
2024,Canadian Grand Prix,R,SAR,6.0,6.0,clear_violation,303.0,0.0,132.9864210000000,100.0,0.28258499999999998,258,913
2024,Canadian Grand Prix,R,SAR,13.0,1.0,clear_violation,316.0,35.0,163.57324800000001,100.0,0.29756800000000000,208,699
2024,Canadian Grand Prix,R,MAG,32.0,14.0,clear_violation,318.0,48.0,169.2249510000000,100.0,0.3072460000000000,212,690
2024,Canadian Grand Prix,R,MAG,52.0,14.0,clear_violation,335.0,56.0,185.8083610000000,100.0,0.2841610000000000,183,644
2024,Canadian Grand Prix,R,MAG,60.0,9.0,clear_violation,311.0,60.0,190.16876099999999,100.0,0.2375600000000000,148,623
2024,Canadian Grand Prix,R,TSU,66.0,9.0,clear_violation,311.0,0.0,158.01401799999999,100.0,0.25654500000000002,196,764
2024,Canadian Grand Prix,R,ALB,17.0,14.0,clear_violation,330.0,48.0,175.79289000000000,100.0,0.282090000000000,189,670
2024,Canadian Grand Prix,R,ALB,34.0,14.0,clear_violation,310.0,50.0,170.58758499999999,100.0,0.2878340000000000,194,674
2024,Canadian Grand Prix,R,HUL,31.0,14.0,clear_violation,310.0,47.0,164.06551200000001,100.0,0.3029050000000000,219,723
2024,Canadian Grand Prix,R,RIC,48.0,1.0,clear_violation,313.0,42.0,183.57257000000001,100.0,0.25,153,612
2024,Canadian Grand Prix,R,NOR,42.0,1.0,clear_violation,320.0,38.0,180.8720870000000,100.0,0.23981200000000000,153,638
2024,Canadian Grand Prix,R,HAM,7.0,2.0,clear_violation,307.0,40.0,162.73379399999999,100.0,0.31104999999999999,228,733
2024,Canadian Grand Prix,R,HAM,49.0,7.0,clear_violation,305.0,53.0,187.83738199999999,100.0,0.21553100000000000,136,631
2024,Canadian Grand Prix,R,RUS,2.0,14.0,clear_violation,293.0,49.0,161.82100500000001,100.0,0.2506810000000000,184,734
2024,Canadian Grand Prix,R,RUS,21.0,14.0,clear_violation,305.0,51.0,175.8038350000000,100.0,0.22638700000000000,151,667
2024,Canadian Grand Prix,R,RUS,51.0,8.0,clear_violation,328.0,53.0,192.14334500000001,100.0,0.24455600000000000,146,597
2024,Canadian Grand Prix,R,RUS,63.0,14.0,clear_violation,334.0,58.0,196.71261600000000,100.0,0.2262300000000000,138,610
2024,Chinese Grand Prix,FP1,HAM,19.0,6.0,no_advantage,301.0,61.0,191.72605899999999,100.0,0.20618600000000001,160,776
2024,Chinese Grand Prix,R,GAS,4.0,14.0,clear_violation,336.0,62.0,188.43284199999999,100.0,0.20918400000000001,164,784
2024,Chinese Grand Prix,R,GAS,48.0,6.0,clear_violation,326.0,56.0,191.67450400000001,100.0,0.1964510000000000,155,789
2024,Chinese Grand Prix,R,SAR,8.0,6.0,clear_violation,333.0,52.0,186.02852400000000,100.0,0.2280490000000000,187,820
2024,Chinese Grand Prix,R,ALB,54.0,6.0,clear_violation,314.0,57.0,189.18532200000001,100.0,0.2071610000000000,162,782
2024,Chinese Grand Prix,R,HUL,2.0,6.0,clear_violation,340.0,55.0,188.24741100000000,100.0,0.23959600000000000,190,793
2024,Chinese Grand Prix,S,LEC,16.0,14.0,clear_violation,337.0,58.0,185.42952800000000,99.0,0.24843199999999999,198,797
2024,Chinese Grand Prix,S,RIC,15.0,14.0,clear_violation,339.0,44.0,187.3237380000000,100.0,0.20125799999999999,160,795
2024,Chinese Grand Prix,S,STR,8.0,14.0,clear_violation,339.0,51.0,186.32772900000001,100.0,0.18289500000000000,139,760
2024,Chinese Grand Prix,SQ,VER,9.0,6.0,clear_violation,291.0,42.0,160.92432199999999,100.0,0.19560700000000000,187,956
2024,Chinese Grand Prix,SQ,VER,10.0,16.0,clear_violation,293.0,51.0,162.13448399999999,100.0,0.1730980000000000,157,907
2024,Chinese Grand Prix,SQ,PER,11.0,16.0,clear_violation,295.0,49.0,160.1969170000000,100.0,0.19581999999999999,178,909
2024,Chinese Grand Prix,SQ,ZHO,13.0,6.0,clear_violation,291.0,52.0,155.25572199999999,100.0,0.24254899999999999,236,973
2024,Chinese Grand Prix,SQ,NOR,11.0,16.0,clear_violation,295.0,53.0,161.7272350000000,100.0,0.18435799999999999,165,895
2024,Chinese Grand Prix,SQ,HAM,12.0,6.0,clear_violation,277.0,0.0,133.21611200000001,100.0,0.2824360000000000,320,1133
2024,Chinese Grand Prix,SQ,ZHO,12.0,6.0,no_advantage,259.0,0.0,29.304179000000001,104.0,0.735288000000000,3836,5217
2024,Dutch Grand Prix,R,SAI,45.0,1.0,clear_violation,334.0,84.0,203.9709480000000,100.0,0.27586200000000000,160,580
2024,Dutch Grand Prix,R,GAS,36.0,3.0,clear_violation,310.0,95.0,201.51551599999999,100.0,0.23875399999999999,138,578
2024,Dutch Grand Prix,R,MAG,3.0,1.0,clear_violation,343.0,27.0,185.2709590000000,100.0,0.21962599999999999,141,642
2024,Dutch Grand Prix,R,ZHO,64.0,3.0,clear_violation,301.4187500,90.0,192.05029500000001,100.0,0.24918000000000001,152,610
2024,Emilia Romagna Grand Prix,Q,ALB,2.0,18.0,clear_violation,335.0,103.0,227.31466100000000,100.0,0.17881900000000001,103,576
2024,Emilia Romagna Grand Prix,Q,GAS,13.0,17.0,clear_violation,328.0,108.0,230.8002440000000,100.0,0.1362860000000000,80,587
2024,Emilia Romagna Grand Prix,Q,SAR,2.0,18.0,clear_violation,335.0,97.0,229.3753640000000,100.0,0.16062199999999999,93,579
2024,Emilia Romagna Grand Prix,Q,SAR,7.0,9.0,clear_violation,336.0,98.0,229.17605699999999,100.0,0.18213099999999999,106,582
2024,Emilia Romagna Grand Prix,R,VER,11.0,17.0,clear_violation,311.0,93.0,216.49038200000001,100.0,0.18770200000000001,116,618
2024,Emilia Romagna Grand Prix,R,VER,15.0,18.0,clear_violation,310.0,95.0,214.8050820000000,100.0,0.1938610000000000,120,619
2024,Emilia Romagna Grand Prix,R,VER,20.0,6.0,clear_violation,311.0,92.0,215.50990400000001,100.0,0.20261399999999999,124,612
2024,Emilia Romagna Grand Prix,R,NOR,62.0,6.0,clear_violation,319.0,88.0,218.0542540000000,100.0,0.17863100000000001,107,599
2024,Emilia Romagna Grand Prix,R,LEC,47.0,15.0,clear_violation,332.0,81.0,215.46025599999999,100.0,0.19193499999999999,119,620
2024,Emilia Romagna Grand Prix,R,HAM,26.0,13.0,clear_violation,311.0,77.0,203.71901800000001,100.0,0.21267000000000000,141,663
2024,Emilia Romagna Grand Prix,R,PER,17.0,17.0,clear_violation,315.0,47.0,201.78730600000000,100.0,0.18797000000000000,125,665
2024,Emilia Romagna Grand Prix,R,TSU,23.0,6.0,clear_violation,334.0,86.0,210.41130500000000,100.0,0.2091920000000000,132,631
2024,Emilia Romagna Grand Prix,R,HUL,56.0,17.0,clear_violation,314.0,89.0,212.31657000000001,100.0,0.20382200000000000,128,628
2024,Emilia Romagna Grand Prix,R,HUL,59.0,17.0,clear_violation,316.0,85.0,212.61156399999999,100.0,0.22653699999999999,140,618
2024,Emilia Romagna Grand Prix,R,BOT,61.0,18.0,clear_violation,311.0,83.0,202.8021110000000,100.0,0.2557430000000000,167,653
2024,Hungarian Grand Prix,R,PIA,33.0,11.0,clear_violation,295.0,84.0,182.9063670000000,99.0,0.22477100000000000,147,654
2024,Hungarian Grand Prix,R,VER,35.0,2.0,clear_violation,322.0,68.0,181.7278390000000,100.0,0.25625,164,640
2024,Hungarian Grand Prix,R,VER,66.0,7.0,clear_violation,303.0,82.0,188.38481100000001,100.0,0.24345100000000000,158,649
2024,Hungarian Grand Prix,R,TSU,33.0,1.0,clear_violation,295.0,82.0,181.26671600000000,100.0,0.20993600000000001,131,624
2024,Hungarian Grand Prix,R,GAS,11.0,11.0,clear_violation,299.0,85.0,180.69781499999999,100.0,0.21384600000000001,139,650
2024,Italian Grand Prix,Q,PIA,2.0,2.0,clear_violation,344.0,52.0,187.19310500000000,99.0,0.12396699999999999,105,847
2024,Italian Grand Prix,Q,COL,5.0,7.0,clear_violation,348.0,69.0,250.31348000000000,100.0,0.1490020000000000,97,651
2024,Italian Grand Prix,R,NOR,31.0,4.0,clear_violation,334.0,67.0,243.06945200000001,100.0,0.15175700000000000,95,626
2024,Italian Grand Prix,R,SAI,13.0,2.0,clear_violation,330.0,64.0,241.59638100000001,100.0,0.17182700000000001,111,646
2024,Italian Grand Prix,R,RUS,31.0,2.0,clear_violation,347.0,52.0,239.62016399999999,100.0,0.184,115,625
2024,Italian Grand Prix,R,ALB,3.0,2.0,clear_violation,350.0,65.0,239.78786800000000,100.0,0.18501500000000001,121,654
2024,Italian Grand Prix,R,ALB,33.0,2.0,clear_violation,332.0,46.0,239.69460799999999,100.0,0.17674400000000001,114,645
2024,Italian Grand Prix,R,ALB,37.0,2.0,clear_violation,336.0,50.0,240.06568899999999,100.0,0.17984500000000000,116,645
2024,Italian Grand Prix,R,MAG,18.0,5.0,clear_violation,355.0,60.0,240.12389700000000,100.0,0.18209900000000001,118,648
2024,Italian Grand Prix,R,ALO,18.0,4.0,clear_violation,346.0,70.0,243.34250100000000,100.0,0.1536050000000000,98,638
2024,Italian Grand Prix,R,RIC,10.0,2.0,clear_violation,347.0,50.0,238.11459700000000,100.0,0.18512899999999999,122,659
2024,Italian Grand Prix,R,GAS,18.0,5.0,clear_violation,337.0,61.0,240.09624400000001,100.0,0.16718300000000000,108,646
2024,Italian Grand Prix,R,GAS,27.0,4.0,clear_violation,342.0,60.0,237.04629299999999,100.0,0.1897590000000000,126,664
2024,Italian Grand Prix,R,STR,40.0,2.0,clear_violation,356.0,39.0,240.13923700000001,100.0,0.1625,104,640
2024,Italian Grand Prix,R,TSU,5.0,2.0,clear_violation,353.0,53.0,224.00338099999999,100.0,0.21015500000000001,149,709
2024,Japanese Grand Prix,FP3,MAG,1.0,11.0,no_advantage,276.437504,33.0,160.6740260000000,100.0,0.1797870000000000,169,940
2024,Japanese Grand Prix,Q,HUL,8.0,13.0,clear_violation,325.0,70.0,228.13395800000001,100.0,0.15086200000000000,105,696
2024,Japanese Grand Prix,R,PER,6.0,9.0,clear_violation,303.0,64.0,211.6992810000000,100.0,0.16141700000000000,123,762
2024,Japanese Grand Prix,R,SAI,35.0,17.0,clear_violation,305.0,62.0,215.76774399999999,100.0,0.17059600000000000,123,721
2024,Japanese Grand Prix,R,LEC,26.0,9.0,clear_violation,305.0,58.0,199.59628300000000,100.0,0.20860500000000001,160,767
2024,Japanese Grand Prix,R,NOR,22.0,9.0,clear_violation,303.0,63.0,212.3016220000000,99.0,0.15353300000000000,113,736
2024,Japanese Grand Prix,R,PIA,30.0,17.0,clear_violation,304.0,63.0,212.59184099999999,99.0,0.12582800000000000,95,755
2024,Japanese Grand Prix,R,PIA,49.0,17.0,clear_violation,322.0,65.0,216.16589200000001,99.0,0.15710399999999999,115,732
2024,Japanese Grand Prix,R,HAM,45.0,14.0,clear_violation,305.0,67.0,218.70978199999999,100.0,0.162534000000000,118,726
2024,Japanese Grand Prix,R,SAR,11.0,14.0,clear_violation,324.0,65.0,209.10104300000000,100.0,0.1802400000000000,135,749
2024,Japanese Grand Prix,R,SAR,41.0,9.0,clear_violation,302.0,0.0,143.5630380000000,100.0,0.18680300000000000,201,1076
2024,Japanese Grand Prix,R,SAR,52.0,9.0,clear_violation,308.0,64.0,214.0038160000000,100.0,0.17027000000000000,126,740
2024,Las Vegas Grand Prix,Q,HAM,23.0,4.0,clear_violation,347.0,81.0,232.39540400000001,100.0,0.18281000000000000,134,733
2024,Las Vegas Grand Prix,Q,ALB,9.0,4.0,clear_violation,352.0,89.0,232.8532360000000,104.0,0.18032799999999999,132,732
2024,Las Vegas Grand Prix,R,HAM,22.0,8.0,clear_violation,351.0,85.0,227.83113000000000,100.0,0.19615900000000000,143,729
2024,Las Vegas Grand Prix,R,HAM,47.0,8.0,clear_violation,339.0,75.0,228.65126100000001,100.0,0.18893399999999999,140,741
2024,Las Vegas Grand Prix,R,SAI,27.0,17.0,clear_violation,337.0,69.0,217.84771200000000,100.0,0.23574100000000001,186,789
2024,Las Vegas Grand Prix,R,LEC,50.0,8.0,clear_violation,345.0,68.0,227.1407650000000,100.0,0.21024300000000001,156,742
2024,Las Vegas Grand Prix,R,VER,26.0,8.0,clear_violation,334.0,81.0,225.34843100000001,100.0,0.17748300000000000,134,755
2024,Las Vegas Grand Prix,R,PIA,11.0,8.0,clear_violation,336.0,0.0,179.49853100000001,100.0,0.23168100000000000,215,928
2024,Las Vegas Grand Prix,R,HUL,15.0,8.0,clear_violation,341.0,0.0,188.82358400000001,100.0,0.21403500000000000,183,855
2024,Las Vegas Grand Prix,R,STR,10.0,8.0,clear_violation,337.0,0.0,169.4729760000000,104.0,0.2861510000000000,281,982
2024,Las Vegas Grand Prix,R,STR,39.0,8.0,clear_violation,340.0,68.0,223.77305899999999,100.0,0.21550600000000000,164,761
2024,Mexico City Grand Prix,Q,PIA,5.0,12.0,clear_violation,344.0,67.0,197.00353999999999,99.0,0.20915000000000000,128,612
2024,Mexico City Grand Prix,Q,VER,14.0,2.0,clear_violation,348.0,65.0,201.1723000000000,100.0,0.22405300000000000,136,607
2024,Mexico City Grand Prix,Q,LEC,11.0,2.0,clear_violation,346.0,65.0,197.56909899999999,100.0,0.21393000000000001,129,603
2024,Mexico City Grand Prix,R,NOR,10.0,8.0,clear_violation,353.0,56.0,179.7134420000000,100.0,0.26224300000000000,166,633
2024,Mexico City Grand Prix,R,LEC,63.0,17.0,clear_violation,343.0,65.0,184.90184700000000,100.0,0.23786399999999999,147,618
2024,Mexico City Grand Prix,R,HAM,65.0,2.0,clear_violation,356.0,60.0,187.4617760000000,100.0,0.2721310000000000,166,610
2024,Mexico City Grand Prix,R,VER,10.0,8.0,clear_violation,345.0,52.0,181.2468270000000,100.0,0.2527650000000000,160,633
2024,Mexico City Grand Prix,R,PIA,32.0,2.0,clear_violation,349.0,62.0,186.0544860000000,99.0,0.2089780000000000,135,646
2024,Mexico City Grand Prix,R,PIA,38.0,2.0,clear_violation,327.0,62.0,183.33482200000000,99.0,0.2365420000000000,145,613
2024,Mexico City Grand Prix,R,STR,19.0,4.0,clear_violation,341.0,38.0,180.20807700000000,100.0,0.26194099999999998,170,649
2024,Mexico City Grand Prix,R,COL,65.0,1.0,clear_violation,352.0,54.0,183.06777199999999,100.0,0.23259500000000000,147,632
2024,Mexico City Grand Prix,R,PER,16.0,2.0,clear_violation,351.0,58.0,180.85696400000000,100.0,0.24803800000000001,158,637
2024,Mexico City Grand Prix,R,PER,18.0,6.0,clear_violation,352.0,51.0,173.41896499999999,100.0,0.2366410000000000,155,655
2024,Miami Grand Prix,R,VER,21.0,15.0,clear_violation,318.0,65.0,208.03962600000000,100.0,0.1916080000000000,137,715
2024,Miami Grand Prix,R,GAS,26.0,12.0,clear_violation,342.0,61.0,205.80927800000001,100.0,0.20084900000000000,142,707
2024,Miami Grand Prix,R,ALO,14.0,5.0,clear_violation,321.0,60.0,201.7473020000000,100.0,0.20972199999999999,151,720
2024,Miami Grand Prix,R,ALO,33.0,7.0,clear_violation,330.0,62.0,200.94738200000000,100.0,0.21659600000000001,154,711
2024,Miami Grand Prix,R,STR,18.0,5.0,clear_violation,325.0,59.0,203.78383199999999,100.0,0.20279700000000001,145,715
2024,Miami Grand Prix,R,STR,27.0,5.0,clear_violation,329.0,58.0,204.1654470000000,100.0,0.2013890000000000,145,720
2024,Miami Grand Prix,R,STR,42.0,5.0,clear_violation,353.0,51.0,208.41714099999999,100.0,0.20538200000000001,145,706
2024,Miami Grand Prix,R,STR,43.0,5.0,clear_violation,344.0,59.0,205.17983400000000,100.0,0.2215910000000000,156,704
2024,Miami Grand Prix,R,STR,52.0,2.0,clear_violation,321.0,60.0,206.95696200000000,100.0,0.20743900000000001,145,699
2024,Miami Grand Prix,R,TSU,5.0,7.0,clear_violation,341.0,60.0,202.3895080000000,100.0,0.20816299999999999,153,735
2024,Miami Grand Prix,R,ALB,8.0,5.0,clear_violation,347.0,63.0,205.31329500000001,100.0,0.20483599999999999,144,703
2024,Miami Grand Prix,R,ALB,12.0,12.0,clear_violation,334.0,52.0,204.958487000000,100.0,0.20055700000000001,144,718
2024,Miami Grand Prix,R,ALB,50.0,15.0,clear_violation,339.0,62.0,207.40794700000001,100.0,0.2196770000000000,163,742
2024,Miami Grand Prix,R,ZHO,2.0,12.0,clear_violation,345.0,54.0,199.93788100000000,100.0,0.23013700000000001,168,730
2024,Miami Grand Prix,R,ZHO,39.0,12.0,clear_violation,340.0,61.0,206.29631599999999,100.0,0.20224700000000001,144,712
2024,Miami Grand Prix,R,HUL,25.0,12.0,clear_violation,339.0,61.0,203.87359300000000,100.0,0.2030810000000000,145,714
2024,Miami Grand Prix,R,HUL,27.0,12.0,clear_violation,338.0,61.0,202.41904700000001,100.0,0.21182899999999999,154,727
2024,Miami Grand Prix,R,HAM,26.0,12.0,clear_violation,323.0,64.0,196.79895999999999,100.0,0.22418500000000000,165,736
2024,Miami Grand Prix,R,SAI,34.0,12.0,clear_violation,337.0,60.0,210.7832090000000,100.0,0.2178930000000000,151,693
2024,Miami Grand Prix,R,RUS,44.0,17.0,clear_violation,326.0,44.0,208.12178299999999,100.0,0.17655599999999999,122,691
2024,Miami Grand Prix,S,HUL,6.0,15.0,clear_violation,328.0,65.0,207.31168299999999,100.0,0.19400899999999999,136,701
2024,Miami Grand Prix,S,HAM,14.0,11.0,clear_violation,342.0,48.0,201.38894999999999,100.0,0.22475100000000,158,703
2024,Miami Grand Prix,S,MAG,8.0,15.0,clear_violation,325.0,66.0,207.3010250000000,100.0,0.20487100000000000,143,698
2024,Miami Grand Prix,S,MAG,11.0,11.0,clear_violation,328.0,64.0,206.1984760000000,100.0,0.19166700000000000,138,720
2024,Miami Grand Prix,S,MAG,12.0,11.0,clear_violation,324.0,65.0,207.09641400000001,100.0,0.17941599999999999,129,719
2024,Miami Grand Prix,S,MAG,14.0,11.0,clear_violation,323.0,55.0,203.14536300000000,100.0,0.1840230000000000,129,701
2024,Miami Grand Prix,SQ,PIA,4.0,1.0,clear_violation,318.0,62.0,166.75265099999999,100.0,0.12797300000000000,113,883
2024,Miami Grand Prix,SQ,TSU,8.0,5.0,clear_violation,338.0,62.0,217.86045500000000,100.0,0.14032500000000001,95,677
2024,Miami Grand Prix,SQ,ALB,5.0,15.0,clear_violation,344.0,65.0,217.74491399999999,100.0,0.22108300000000000,151,683
2024,Miami Grand Prix,SQ,BOT,5.0,1.0,clear_violation,311.0,33.0,160.81194500000001,100.0,0.1984730000000000,182,917
2024,Monaco Grand Prix,Q,PIA,8.0,10.0,clear_violation,275.3888870000000,38.0,117.13709500000000,100.0,0.18838700000000000,146,775
2024,Monaco Grand Prix,Q,SAI,5.0,10.0,clear_violation,274.45714099999998,37.0,112.77254800000000,100.0,0.22071499999999999,179,811
2024,Monaco Grand Prix,Q,SAI,17.0,1.0,clear_violation,274.0,31.0,113.66721400000000,74.0,0.2644110000000000,211,798
2024,Monaco Grand Prix,Q,SAI,22.0,10.0,clear_violation,279.0,27.0,147.00720100000001,100.0,0.3295820000000000,205,622
2024,Monaco Grand Prix,Q,NOR,5.0,1.0,clear_violation,274.0,16.0,119.11350600000000,100.0,0.21156400000000000,161,761
2024,Monaco Grand Prix,Q,NOR,7.0,16.0,clear_violation,275.0,11.0,113.71659400000000,100.0,0.24811100000000000,197,794
2024,Monaco Grand Prix,Q,RUS,4.0,10.0,clear_violation,275.1666670000000,40.0,120.67268000000000,100.0,0.22864999999999999,166,726
2024,Monaco Grand Prix,Q,RUS,6.0,1.0,clear_violation,277.0,39.0,105.20205100000000,104.0,0.17375900000000000,147,846
2024,Monaco Grand Prix,Q,RUS,13.0,10.0,clear_violation,264.0,33.014287000000003,113.863664000000,100.0,0.18007699999999999,141,783
2024,Monaco Grand Prix,Q,RUS,23.0,10.0,clear_violation,290.0,43.0,138.45465200000001,100.0,0.2400610000000000,157,654
2024,Monaco Grand Prix,Q,HAM,2.0,10.0,clear_violation,273.6249980,46.0,147.53687400000001,100.0,0.313953000000000,189,602
2024,Monaco Grand Prix,Q,RIC,4.0,10.0,clear_violation,285.0,12.0,120.95636200000000,100.0,0.19594600000000001,145,740
2024,Monaco Grand Prix,Q,RIC,9.0,10.0,clear_violation,280.0,47.0,110.43402900000000,100.0,0.14791399999999999,117,791
2024,Monaco Grand Prix,Q,RIC,15.0,10.0,clear_violation,280.0,48.0,125.13651700000000,100.0,0.13055600000000001,94,720
2024,Monaco Grand Prix,Q,RIC,16.0,10.0,clear_violation,272.4,30.0,109.67487600000000,100.0,0.14166699999999999,119,840
2024,Monaco Grand Prix,Q,STR,9.0,10.0,clear_violation,278.2581450000000,24.0,105.8519030000000,100.0,0.18601899999999999,157,844
2024,Monaco Grand Prix,Q,HUL,8.0,10.0,clear_violation,278.6749980,39.0,116.56640200000000,100.0,0.18229899999999999,138,757
2024,Monaco Grand Prix,Q,HUL,13.0,10.0,clear_violation,279.0,36.0,123.71769900000000,100.0,0.22101000000000001,162,733
2024,Monaco Grand Prix,Q,PER,1.0,10.0,clear_violation,273.0,21.0,110.57524300000000,100.0,0.20566499999999999,167,812
2024,Monaco Grand Prix,Q,PER,10.0,10.0,clear_violation,281.0,33.0,114.14594900000000,100.0,0.20326200000000000,162,797
2024,Monaco Grand Prix,Q,ZHO,3.0,1.0,clear_violation,277.0,17.0,110.86853000000001,100.0,0.3390450000000000,277,817
2024,Monaco Grand Prix,R,NOR,78.0,10.0,clear_violation,290.0,40.0,152.34840600000001,100.0,0.3083480000000000,181,587
2024,Monaco Grand Prix,R,HAM,58.0,10.0,clear_violation,287.0,43.0,153.03618499999999,100.0,0.3003410000000000,176,586
2024,Monaco Grand Prix,R,ALO,52.0,10.0,clear_violation,280.0,43.0,142.26858600000000,100.0,0.2857140000000000,188,658
2024,Monaco Grand Prix,R,BOT,19.0,10.0,clear_violation,286.0,46.0,152.64993000000001,100.0,0.341421000000000,197,577
2024,Monaco Grand Prix,R,STR,48.0,16.0,clear_violation,282.0,0.0,107.3475540000000,100.0,0.25677299999999997,218,849
2024,Qatar Grand Prix,Q,NOR,8.0,6.0,clear_violation,316.0,100.0,238.75041400000001,100.0,0.10301100000000001,65,631
2024,Qatar Grand Prix,Q,ALB,2.0,6.0,clear_violation,318.0,98.0,234.3949950000000,100.0,0.1544460000000000,99,641
2024,Qatar Grand Prix,Q,ALO,15.0,10.0,clear_violation,321.0,99.0,237.79848999999999,100.0,0.1419460000000000,89,627
2024,Qatar Grand Prix,Q,MAG,2.0,1.0,clear_violation,318.0,100.0,232.92017400000000,100.0,0.13567100000000001,89,656
2024,Qatar Grand Prix,Q,COL,2.0,6.0,clear_violation,315.0,98.0,233.4408310000000,100.0,0.15031600000000001,95,632
2024,Qatar Grand Prix,R,GAS,11.0,7.0,clear_violation,332.0,92.0,218.30511999999999,100.0,0.17873000000000000,121,677
2024,Qatar Grand Prix,R,GAS,39.0,14.0,clear_violation,286.0,37.0,138.5947930000000,100.0,0.3050370000000000,327,1072
2024,Qatar Grand Prix,R,GAS,44.0,16.0,clear_violation,306.0,96.0,227.42202800000001,100.0,0.13363400000000000,89,666
2024,Qatar Grand Prix,R,GAS,45.0,16.0,clear_violation,307.0,96.0,229.19469200000000,100.0,0.1419660000000000,91,641
2024,Qatar Grand Prix,R,ALO,5.0,13.0,clear_violation,305.0,84.0,209.66867900000000,100.0,0.19886400000000001,140,704
2024,Qatar Grand Prix,R,ALO,40.0,6.0,clear_violation,306.0,65.0,173.9873470000000,100.0,0.30917899999999998,256,828
2024,Qatar Grand Prix,R,MAG,10.0,1.0,clear_violation,331.0,94.0,220.62140900000000,100.0,0.17820300000000000,121,679
2024,Qatar Grand Prix,R,MAG,46.0,1.0,clear_violation,333.0,88.0,227.18216200000001,100.0,0.15267200000000000,100,655
2024,Qatar Grand Prix,R,LAW,43.0,6.0,clear_violation,309.0,89.0,216.38199499999999,100.0,0.1889060000000000,126,667
2024,Qatar Grand Prix,R,LAW,51.0,16.0,clear_violation,303.0,94.0,219.68103199999999,100.0,0.1530760000000000,107,699
2024,Qatar Grand Prix,R,LAW,52.0,16.0,clear_violation,305.0,93.0,220.2547310000000,100.0,0.1445970000000000,95,657
2024,Qatar Grand Prix,R,NOR,55.0,1.0,clear_violation,303.0,100.0,232.35503399999999,100.0,0.12283500000000000,78,635
2024,Qatar Grand Prix,R,NOR,57.0,4.0,clear_violation,305.0,95.0,234.02107899999999,100.0,0.12400600000000001,78,629
2024,Qatar Grand Prix,R,HAM,33.0,7.0,clear_violation,308.0,94.0,225.8010820000000,100.0,0.13935700000000001,91,653
2024,Qatar Grand Prix,R,BOT,52.0,1.0,clear_violation,328.0,88.0,222.3763420000000,100.0,0.20948000000000000,137,654
2024,Qatar Grand Prix,R,PIA,16.0,16.0,clear_violation,325.0,91.0,224.52840399999999,100.0,0.1334360000000000,87,652
2024,Qatar Grand Prix,R,PIA,17.0,16.0,clear_violation,323.0,94.0,224.5997630000000,99.0,0.11897600000000000,79,664
2024,Qatar Grand Prix,R,PIA,48.0,6.0,clear_violation,306.0,94.0,232.04162299999999,99.0,0.1136,71,625
2024,Qatar Grand Prix,S,PIA,18.0,7.0,clear_violation,301.0,93.0,229.54905900000000,100.0,0.12121200000000000,80,660
2024,Qatar Grand Prix,S,MAG,5.0,7.0,clear_violation,330.0,98.0,225.48043100000001,100.0,0.13384599999999999,87,650
2024,Qatar Grand Prix,SQ,MAG,10.0,6.0,clear_violation,323.0,104.0,234.5434240000000,100.0,0.13023299999999999,84,645
2024,Qatar Grand Prix,SQ,LAW,2.0,5.0,clear_violation,321.0,99.0,230.0914420000000,100.0,0.14176800000000001,93,656
2024,Qatar Grand Prix,SQ,LAW,19.0,6.0,clear_violation,321.0,101.0,235.34427700000001,100.0,0.12643699999999999,77,609
2024,Qatar Grand Prix,SQ,PIA,8.0,2.0,clear_violation,320.0,98.0,236.74821600000001,99.0,0.12101900000000000,76,628
2024,Qatar Grand Prix,SQ,PIA,15.0,6.0,clear_violation,320.0,102.0,239.28113600000000,100.0,0.1362130000000000,82,602
2024,Saudi Arabian Grand Prix,FP3,VER,2.0,9.0,no_advantage,332.0,86.0,245.0170980000000,100.0,0.1343070000000000,92,685
2024,Saudi Arabian Grand Prix,FP3,MAG,3.0,14.0,no_advantage,311.0,32.0,124.99282800000000,100.0,0.09491800000000000,127,1338
2024,Saudi Arabian Grand Prix,Q,MAG,3.0,8.0,clear_violation,320.0,66.0,189.34020000000001,100.0,0.18604699999999999,168,903
2024,Saudi Arabian Grand Prix,R,VER,29.0,23.0,clear_violation,311.0,84.0,236.07258300000001,100.0,0.12133900000000000,87,717
2024,Saudi Arabian Grand Prix,R,MAG,10.0,4.0,clear_violation,317.0,74.0,221.89960300000001,100.0,0.20933299999999999,157,750
2024,Saudi Arabian Grand Prix,R,MAG,16.0,23.0,clear_violation,328.0,77.0,228.28855100000001,100.0,0.17976000000000000,135,751
2024,Saudi Arabian Grand Prix,R,MAG,17.0,5.0,clear_violation,327.0,79.0,228.86367000000001,100.0,0.15167800000000001,113,745
2024,Saudi Arabian Grand Prix,R,MAG,48.0,4.0,clear_violation,313.0,74.0,236.08431600000000,100.0,0.12517400000000001,90,719
2024,Saudi Arabian Grand Prix,R,TSU,29.0,2.0,clear_violation,337.0,76.0,225.51571200000001,100.0,0.17486299999999999,128,732
2024,Saudi Arabian Grand Prix,R,ALB,10.0,4.0,clear_violation,323.0,65.0,220.36112299999999,100.0,0.19815099999999999,150,757
2024,Saudi Arabian Grand Prix,R,ALB,22.0,2.0,clear_violation,325.0,64.0,228.9696150000000,100.0,0.1595740000000000,120,752
2024,Saudi Arabian Grand Prix,R,ALB,35.0,2.0,clear_violation,322.0,68.0,230.86964300000000,100.0,0.162534000000000,118,726
2024,Saudi Arabian Grand Prix,R,HUL,2.0,2.0,clear_violation,327.0,60.0,224.81707399999999,100.0,0.1962860000000000,148,754
2024,Saudi Arabian Grand Prix,R,RIC,41.0,4.0,clear_violation,318.0,84.0,230.87381300000001,100.0,0.13073699999999999,94,719
2024,Saudi Arabian Grand Prix,R,NOR,18.0,23.0,clear_violation,311.0,85.0,228.0963550000000,99.0,0.14789700000000000,109,737
2024,Saudi Arabian Grand Prix,R,RUS,48.0,2.0,clear_violation,321.0,82.0,235.53552199999999,100.0,0.14701800000000001,106,721
2024,Saudi Arabian Grand Prix,R,BOT,23.0,,clear_violation,313.0,74.0,227.8716340000000,100.0,0.15853700000000001,117,738
2024,Saudi Arabian Grand Prix,R,PIA,17.0,2.0,clear_violation,332.0,73.0,230.84764799999999,99.0,0.15522000000000000,113,728
2024,Saudi Arabian Grand Prix,R,PIA,35.0,2.0,clear_violation,333.0,70.0,230.94253200000000,99.0,0.12465000000000000,89,714
2024,Singapore Grand Prix,Q,VER,8.0,19.0,clear_violation,315.0,68.0,195.9725580000000,100.0,0.19853999999999999,136,685
2024,Singapore Grand Prix,Q,LEC,18.0,2.0,clear_violation,314.0,69.0,195.3024310000000,100.0,0.21273500000000001,147,691
2024,Singapore Grand Prix,Q,SAI,2.0,2.0,clear_violation,306.0,54.0,142.40712400000001,100.0,0.24581600000000001,235,956
2024,Singapore Grand Prix,R,RUS,35.0,17.0,clear_violation,311.0,59.0,176.65693700000000,100.0,0.24313699999999999,186,765
2024,Singapore Grand Prix,R,RUS,60.0,19.0,clear_violation,290.0,56.0,180.16688800000000,100.0,0.2289160000000000,171,747
2024,Singapore Grand Prix,R,LEC,35.0,2.0,clear_violation,294.0,57.0,177.35430099999999,100.0,0.24902199999999999,191,767
2024,Singapore Grand Prix,R,LEC,62.0,2.0,clear_violation,319.0,56.0,177.2277340000000,100.0,0.2757700000000000,206,747
2024,Singapore Grand Prix,R,HAM,25.0,17.0,clear_violation,311.0,64.0,175.5790600000000,100.0,0.2765400000000000,211,763
2024,Singapore Grand Prix,R,ALO,42.0,7.0,clear_violation,296.0,60.0,175.98823400000001,100.0,0.2572940000000000,194,754
2024,Singapore Grand Prix,R,HUL,30.0,7.0,clear_violation,321.0,0.0,144.8005590000000,100.0,0.27253200000000000,254,932
2024,Singapore Grand Prix,R,PER,45.0,2.0,clear_violation,310.0,57.0,179.81369599999999,100.0,0.2700530000000000,202,748
2024,Singapore Grand Prix,R,PER,47.0,2.0,clear_violation,309.0,62.0,180.1775360000000,100.0,0.2711860000000000,208,767
2024,Singapore Grand Prix,R,COL,30.0,17.0,clear_violation,309.0,0.0,143.1616240000000,100.0,0.2773020000000000,259,934
2024,Singapore Grand Prix,R,COL,31.0,2.0,clear_violation,313.0,62.0,174.10620399999999,100.0,0.2966440000000000,221,745
2024,Singapore Grand Prix,R,TSU,61.0,2.0,clear_violation,293.0,64.0,176.61280900000000,100.0,0.23537400000000000,173,735
2024,Singapore Grand Prix,R,GAS,9.0,2.0,clear_violation,290.0,60.0,174.01996299999999,100.0,0.2496730000000000,191,765
2024,Singapore Grand Prix,R,MAG,51.0,2.0,clear_violation,301.0,65.0,185.06057000000001,100.0,0.2551160000000000,187,733
2024,Spanish Grand Prix,Q,PIA,13.0,10.0,clear_violation,322.0,109.0,231.78712500000000,100.0,0.13732400000000000,78,568
2024,Spanish Grand Prix,R,NOR,66.0,14.0,clear_violation,312.0,93.0,210.9855160000000,100.0,0.17868899999999999,109,610
2024,Spanish Grand Prix,R,HAM,21.0,5.0,clear_violation,307.0,96.0,208.7826910000000,100.0,0.17828200000000000,110,617
2024,Spanish Grand Prix,R,HAM,26.0,5.0,clear_violation,310.0,94.0,209.0881160000000,100.0,0.17341999999999999,107,617
2024,Spanish Grand Prix,R,HAM,28.0,5.0,clear_violation,308.0,95.0,207.6667840000000,100.0,0.19,114,600
2024,Spanish Grand Prix,R,SAI,3.0,2.0,clear_violation,337.0,92.0,208.62637400000000,100.0,0.19550200000000001,113,578
2024,Spanish Grand Prix,R,SAI,19.0,2.0,clear_violation,309.0,91.0,204.87466699999999,100.0,0.21018100000000001,128,609
2024,Spanish Grand Prix,R,ALO,10.0,12.0,clear_violation,324.0,92.0,201.12512300000000,99.0,0.20476200000000000,129,630
2024,Spanish Grand Prix,R,RIC,31.0,9.0,clear_violation,307.0,93.0,203.76948600000000,100.0,0.16420399999999999,100,609
2024,Spanish Grand Prix,R,ALB,42.0,14.0,clear_violation,303.0,92.0,197.93179499999999,100.0,0.18944100000000000,122,644
2024,Spanish Grand Prix,R,ALB,58.0,4.0,clear_violation,309.0,35.0,185.82096200000001,100.0,0.20319300000000001,140,689
2024,Spanish Grand Prix,R,TSU,7.0,2.0,clear_violation,329.0,88.0,199.45761100000001,100.0,0.2112,132,625
2024,Spanish Grand Prix,R,TSU,12.0,2.0,clear_violation,331.0,91.0,202.68342799999999,100.0,0.19968300000000000,126,631
2024,Spanish Grand Prix,R,SAR,3.0,13.0,clear_violation,330.0,92.0,201.9823990000000,100.0,0.18302800000000000,110,601
2024,Spanish Grand Prix,R,SAR,46.0,9.0,clear_violation,302.0,94.0,204.29066100000000,100.0,0.18578400000000000,115,619
2024,São Paulo Grand Prix,Q,NOR,4.0,2.0,clear_violation,300.13778600000001,54.0,142.8898060000000,100.0,0.23566100000000001,189,802
2024,São Paulo Grand Prix,Q,RUS,7.0,2.0,clear_violation,303.0,54.0,154.50226400000000,100.0,0.19185300000000000,146,761
2024,São Paulo Grand Prix,Q,RUS,19.0,2.0,clear_violation,310.0,65.0,169.4509990000000,100.0,0.23563200000000001,164,696
2024,São Paulo Grand Prix,Q,RUS,25.0,4.0,clear_violation,308.0,66.0,173.97723999999999,100.0,0.2015270000000000,132,655
2024,São Paulo Grand Prix,Q,ALB,5.0,2.0,clear_violation,307.21250000,65.0,166.2118650000000,100.0,0.24103300000000000,168,697
2024,São Paulo Grand Prix,Q,ALB,10.0,2.0,clear_violation,306.0,49.0,136.29414900000000,100.0,0.24764200000000000,210,848
2024,São Paulo Grand Prix,Q,ALB,23.0,4.0,clear_violation,310.2583330,43.0,157.53768299999999,100.0,0.26902199999999998,198,736
2024,São Paulo Grand Prix,Q,LEC,4.0,4.0,clear_violation,303.85,57.0,156.8820140000000,100.0,0.19864899999999999,147,740
2024,São Paulo Grand Prix,Q,SAI,7.0,2.0,clear_violation,300.0,52.0,157.76316000000000,100.0,0.25793700000000003,195,756
2024,São Paulo Grand Prix,Q,HUL,9.0,12.0,clear_violation,302.0,41.0,155.42806800000000,100.0,0.20905499999999999,157,751
2024,São Paulo Grand Prix,Q,ALO,4.0,2.0,clear_violation,301.0,58.0,158.45716100000001,100.0,0.20109399999999999,147,731
2024,São Paulo Grand Prix,Q,TSU,4.0,2.0,clear_violation,301.1880880000000,28.0,148.824091000000,100.0,0.26171900,201,768
2024,São Paulo Grand Prix,Q,TSU,14.0,4.0,clear_violation,300.0,63.0,158.1367880000000,100.0,0.22099400000000000,160,724
2024,São Paulo Grand Prix,Q,BOT,4.0,4.0,clear_violation,297.0,62.0,156.2664350000000,100.0,0.25033300000000003,188,751
2024,São Paulo Grand Prix,Q,HAM,4.0,2.0,clear_violation,307.0,58.0,156.8491670000000,100.0,0.23513500000000001,174,740
2024,São Paulo Grand Prix,Q,HAM,9.0,4.0,clear_violation,306.0,69.0,164.602561000000,100.0,0.229901000000000,163,709
2024,São Paulo Grand Prix,Q,STR,2.0,12.0,clear_violation,296.0,36.0,156.29668100000001,100.0,0.2530610000000000,186,735
2024,São Paulo Grand Prix,Q,STR,3.0,4.0,clear_violation,302.0,40.0,158.78208799999999,100.0,0.23868300000000001,174,729
2024,São Paulo Grand Prix,Q,OCO,15.0,4.0,clear_violation,299.0,64.0,168.9930330000000,100.0,0.24351600000000001,169,694
2024,São Paulo Grand Prix,Q,PER,17.0,4.0,clear_violation,308.0,55.0,163.86829599999999,100.0,0.21715100000000001,157,723
2024,São Paulo Grand Prix,R,ALO,16.0,2.0,clear_violation,308.0,67.0,171.36129600000001,100.0,0.24296300000000001,164,675
2024,São Paulo Grand Prix,R,ALO,43.0,12.0,clear_violation,297.0,1.0,142.79472400000000,100.0,0.24798200000000001,215,867
2024,São Paulo Grand Prix,R,ALO,60.0,2.0,clear_violation,308.0,68.0,182.202213000000,99.0,0.2222220000000000,144,648
2024,São Paulo Grand Prix,R,LEC,34.0,8.0,clear_violation,295.7812510,55.0,158.2764930000000,100.0,0.22826099999999999,168,736
2024,São Paulo Grand Prix,R,LEC,46.0,4.0,clear_violation,307.0,68.0,175.85904500000001,100.0,0.2222220000000000,148,666
2024,São Paulo Grand Prix,R,ZHO,5.0,4.0,clear_violation,305.0,65.0,171.5197830000000,100.0,0.30029200000000000,206,686
2024,São Paulo Grand Prix,R,LAW,26.0,2.0,clear_violation,310.06388900000002,0.0,165.16591399999999,100.0,0.26657300000000000,189,709
2024,São Paulo Grand Prix,R,LAW,29.0,5.0,clear_violation,279.1892860,0.0,121.23357600000000,100.0,0.2606840000000000,244,936
2024,São Paulo Grand Prix,R,NOR,34.0,4.0,clear_violation,295.0,66.0,157.6584870000000,100.0,0.24728300000000000,182,736
2024,São Paulo Grand Prix,R,NOR,43.0,2.0,clear_violation,308.0,69.0,170.31741299999999,100.0,0.2564840000000000,178,694
2024,São Paulo Grand Prix,R,COL,6.0,2.0,clear_violation,313.0,64.0,176.0785170000000,100.0,0.27469100000000002,178,648
2024,São Paulo Grand Prix,R,COL,14.0,2.0,clear_violation,313.0,67.0,181.17679799999999,100.0,0.2585670000000000,166,642
2024,São Paulo Grand Prix,R,COL,18.0,2.0,clear_violation,313.0,65.0,180.90232200000000,100.0,0.23869000000000001,153,641
2024,São Paulo Grand Prix,R,COL,23.0,4.0,clear_violation,312.42812500000002,65.0,172.3420370000000,100.0,0.25656899999999999,166,647
2024,São Paulo Grand Prix,R,HAM,11.0,12.0,clear_violation,315.0,41.0,167.94112999999999,100.0,0.24182100000000001,170,703
2024,São Paulo Grand Prix,R,HAM,19.0,2.0,clear_violation,316.15277800000001,67.0,177.2409140000000,100.0,0.2537760000000000,168,662
2024,São Paulo Grand Prix,R,BEA,36.0,7.0,clear_violation,308.0,0.0,140.20182199999999,100.0,0.27218199999999998,227,834
2024,São Paulo Grand Prix,R,BEA,37.0,12.0,clear_violation,306.0,38.0,169.95125800000000,100.0,0.23733699999999999,164,691
2024,São Paulo Grand Prix,R,SAI,22.0,4.0,clear_violation,313.0,66.0,174.75722600000000,100.0,0.258160000000000,174,674
2024,São Paulo Grand Prix,R,RUS,31.0,2.0,clear_violation,192.0,65.0,121.58960999999999,65.0,0.15160999999999999,146,963
2024,São Paulo Grand Prix,R,PIA,51.0,12.0,clear_violation,315.0,54.0,178.2582040000000,100.0,0.22782900000000000,149,654
2024,São Paulo Grand Prix,S,BEA,11.0,4.0,clear_violation,324.0,84.0,207.5870720000000,100.0,0.21880700000000000,121,553
2024,São Paulo Grand Prix,S,RUS,3.0,2.0,clear_violation,343.0,85.0,205.86103000000000,100.0,0.19170999999999999,111,579
2024,São Paulo Grand Prix,SQ,BEA,11.0,2.0,clear_violation,330.0,89.0,218.2856110000000,100.0,0.2177120000000000,118,542
2024,São Paulo Grand Prix,SQ,COL,2.0,4.0,clear_violation,331.0,77.0,207.33272800000000,100.0,0.21288000000000001,119,559
2024,United States Grand Prix,Q,LEC,2.0,9.0,clear_violation,331.0,74.0,207.54121900000001,100.0,0.18169399999999999,133,732
2024,United States Grand Prix,Q,GAS,2.0,12.0,clear_violation,330.0,80.0,207.01967900000000,100.0,0.2083900000000000,154,739
2024,United States Grand Prix,Q,GAS,8.0,19.0,clear_violation,332.0,81.0,208.73904500000000,100.0,0.15493000000000001,110,710
2024,United States Grand Prix,Q,PER,14.0,9.0,clear_violation,329.0,81.0,210.09267100000000,100.0,0.17955800000000000,130,724
2024,United States Grand Prix,Q,TSU,4.0,12.0,clear_violation,331.0,78.0,210.58085299999999,100.0,0.1815680000000000,132,727
2024,United States Grand Prix,Q,OCO,8.0,9.0,clear_violation,330.0,80.0,209.3374760000000,100.0,0.2315340000000000,163,704
2024,United States Grand Prix,Q,ZHO,5.0,12.0,clear_violation,330.0,79.0,207.2680940000000,100.0,0.18206500000000000,134,736
2024,United States Grand Prix,R,VER,52.0,12.0,clear_violation,308.0,61.0,193.05727800000000,100.0,0.21005199999999999,163,776
2024,United States Grand Prix,R,VER,56.0,12.0,clear_violation,309.0,74.0,198.24227600000000,100.0,0.20905499999999999,157,751
2024,United States Grand Prix,R,GAS,6.0,20.0,clear_violation,312.0,75.0,190.85263000000000,100.0,0.18646199999999999,146,783
2024,United States Grand Prix,R,GAS,27.0,12.0,clear_violation,333.0,74.0,189.1150860000000,100.0,0.21085899999999999,167,792
2024,United States Grand Prix,R,ALO,11.0,19.0,clear_violation,305.0,67.0,189.46521799999999,99.0,0.21722800000000000,174,801
2024,United States Grand Prix,R,ALO,39.0,12.0,clear_violation,311.0,74.0,195.47065599999999,99.0,0.1925550000000000,150,779
2024,United States Grand Prix,R,STR,2.0,19.0,clear_violation,330.0,73.0,190.61004399999999,100.0,0.2030260000000000,161,793
2024,United States Grand Prix,R,STR,6.0,11.0,clear_violation,316.0,55.0,183.3156290000000,100.0,0.2343560000000000,191,815
2024,United States Grand Prix,R,STR,15.0,19.0,clear_violation,307.0,69.0,189.32312899999999,100.0,0.2189870000000000,173,790
2024,United States Grand Prix,R,MAG,21.0,12.0,clear_violation,338.0,65.0,194.29113799999999,100.0,0.22236300000000001,175,787
2024,United States Grand Prix,R,MAG,40.0,12.0,clear_violation,338.0,57.0,196.7699940000000,100.0,0.20105100000000001,153,761
2024,United States Grand Prix,R,TSU,41.0,1.0,clear_violation,312.0,0.0,173.1092720000000,100.0,0.20558699999999999,184,895
2024,United States Grand Prix,R,TSU,52.0,20.0,clear_violation,310.0,69.0,196.48236000000000,100.0,0.1830070000000000,140,765
2024,United States Grand Prix,R,TSU,53.0,20.0,clear_violation,313.0,68.0,193.46745600000000,100.0,0.182176000000000,139,763
2024,United States Grand Prix,R,ALB,14.0,12.0,clear_violation,308.0,71.0,190.37122299999999,100.0,0.21265800000000001,168,790
2024,United States Grand Prix,R,ALB,28.0,12.0,clear_violation,307.0,72.0,190.45778500000000,100.0,0.22125,177,800
2024,United States Grand Prix,R,ALB,44.0,11.0,clear_violation,311.0,73.0,193.09188100000000,100.0,0.21153800000000000,165,780
2024,United States Grand Prix,R,ZHO,13.0,12.0,clear_violation,307.0,65.0,189.30497800000001,100.0,0.23076900000000000,177,767
2024,United States Grand Prix,R,ZHO,19.0,12.0,clear_violation,306.0,75.0,192.68922800000001,100.0,0.2178340000000000,171,785
2024,United States Grand Prix,R,HUL,17.0,19.0,clear_violation,309.0,73.0,193.3682380000000,100.0,0.22151899999999999,175,790
2024,United States Grand Prix,R,HUL,18.0,16.0,clear_violation,328.0,72.0,190.9198340000000,100.0,0.2509510000000000,198,789
2024,United States Grand Prix,R,HUL,40.0,9.0,clear_violation,310.0,73.0,197.37722400000001,100.0,0.2021000000000000,154,762
2024,United States Grand Prix,R,LAW,2.0,12.0,clear_violation,338.0,72.0,189.7784780000000,100.0,0.22950799999999999,182,793
2024,United States Grand Prix,R,NOR,27.0,12.0,clear_violation,307.0,74.0,196.2503820000000,100.0,0.1870030000000000,141,754
2024,United States Grand Prix,R,NOR,31.0,12.0,clear_violation,305.0,73.0,189.85540599999999,100.0,0.21192900000000001,167,788
2024,United States Grand Prix,R,NOR,51.0,20.0,clear_violation,332.0,69.0,198.38431000000000,100.0,0.20893600000000001,159,761
2024,United States Grand Prix,R,NOR,52.0,20.0,clear_violation,329.0,71.0,195.00344500000000,100.0,0.22106600000000001,170,769
2024,United States Grand Prix,R,COL,6.0,20.0,clear_violation,313.0,69.0,188.83709700000000,100.0,0.2681070000000000,211,787
2024,United States Grand Prix,R,COL,7.0,20.0,clear_violation,337.0,73.0,191.28358100000000,100.0,0.22654199999999999,169,746
2024,United States Grand Prix,R,COL,14.0,9.0,clear_violation,313.0,65.0,189.7388720000000,100.0,0.2408580000000000,191,793
2024,United States Grand Prix,R,COL,41.0,1.0,clear_violation,310.0,64.0,196.10570999999999,100.0,0.21346899999999999,168,787
2024,United States Grand Prix,R,RUS,16.0,11.0,clear_violation,332.0,72.0,192.6767460000000,100.0,0.21483400000000000,168,782
2024,United States Grand Prix,R,RUS,40.0,12.0,clear_violation,315.0,74.0,193.6694220000000,100.0,0.191958000000000,148,771
2024,United States Grand Prix,R,RUS,53.0,13.0,clear_violation,337.0,71.0,197.4768570000000,100.0,0.19350600000000001,149,770
2024,United States Grand Prix,R,BOT,13.0,12.0,clear_violation,332.0,66.0,191.6242230000000,100.0,0.2693300000000000,209,776
2024,United States Grand Prix,R,BOT,15.0,9.0,clear_violation,310.0,56.0,185.4221690000000,100.0,0.3472220000000000,275,792
2024,United States Grand Prix,R,PIA,14.0,9.0,clear_violation,305.0,72.0,195.5349420000000,100.0,0.1866150000000000,145,777
2024,United States Grand Prix,R,PIA,39.0,12.0,clear_violation,310.0,75.0,200.63427300000001,100.0,0.18943299999999999,147,776
2024,United States Grand Prix,R,PIA,43.0,19.0,clear_violation,309.0,76.0,200.20907500000001,100.0,0.17885100000000001,137,766
2024,United States Grand Prix,S,RUS,3.0,9.0,clear_violation,336.0,72.0,197.4172680000000,100.0,0.1882510000000000,141,749
2024,United States Grand Prix,S,LEC,14.0,20.0,clear_violation,314.0,62.0,198.78293600000001,100.0,0.21156400000000000,161,761
2024,United States Grand Prix,S,LEC,15.0,20.0,clear_violation,327.0,73.0,199.06168400000001,100.0,0.21166900000000000,156,737
2024,United States Grand Prix,S,NOR,14.0,12.0,clear_violation,309.0,73.0,198.5037280000000,100.0,0.19342100000000001,147,760
2024,United States Grand Prix,S,NOR,19.0,12.0,clear_violation,331.0,59.0,196.54328899999999,100.0,0.2037740000000000,162,795
2024,United States Grand Prix,S,SAI,13.0,20.0,clear_violation,312.0,73.0,200.47716299999999,100.0,0.23622000000000001,180,762
2024,United States Grand Prix,S,SAI,14.0,20.0,clear_violation,310.0,70.0,199.1321090000000,100.0,0.22163600000000000,168,758
2024,United States Grand Prix,S,HUL,2.0,12.0,clear_violation,351.0,58.0,194.526510000000,100.0,0.2178480000000000,166,762
2024,United States Grand Prix,S,HAM,9.0,12.0,clear_violation,312.0,69.0,194.79502600000001,100.0,0.20998700000000001,164,781
2024,United States Grand Prix,S,HAM,11.0,12.0,clear_violation,311.0,74.0,198.65098599999999,100.0,0.20448500000000000,155,758
2024,United States Grand Prix,S,TSU,13.0,12.0,clear_violation,331.0,69.0,193.54098600000000,100.0,0.19084000000000001,150,786
2024,United States Grand Prix,S,TSU,16.0,1.0,clear_violation,330.0,69.0,195.42761400000001,100.0,0.19448099999999999,148,761
2024,United States Grand Prix,S,COL,2.0,12.0,clear_violation,336.0,70.0,193.88987200000000,100.0,0.23228299999999999,177,762
2024,United States Grand Prix,S,COL,10.0,12.0,clear_violation,332.0,72.0,194.5095940000000,100.0,0.224,168,750
2024,United States Grand Prix,S,PER,2.0,12.0,clear_violation,336.0,66.0,193.8334750000000,100.0,0.2047240000000000,156,762
2024,United States Grand Prix,S,PER,18.0,12.0,clear_violation,311.0,72.0,196.89510600000000,100.0,0.20996000000000001,156,743
2024,United States Grand Prix,S,GAS,4.0,12.0,clear_violation,336.0,73.0,193.69398000000001,100.0,0.202114000000000,153,757
2024,United States Grand Prix,S,GAS,10.0,19.0,clear_violation,311.0,72.0,196.0125220000000,100.0,0.17173099999999999,130,757
2024,United States Grand Prix,S,GAS,11.0,9.0,clear_violation,313.0,76.0,195.4087990000000,100.0,0.17057300000000000,131,768
2024,United States Grand Prix,S,GAS,13.0,9.0,clear_violation,314.0,73.0,194.89667600000001,100.0,0.18043200000000001,142,787
2024,United States Grand Prix,S,LAW,5.0,12.0,clear_violation,335.0,71.0,193.99012400000001,100.0,0.24202099999999999,182,752
2024,United States Grand Prix,S,LAW,10.0,20.0,clear_violation,312.0,73.0,194.744126000000,100.0,0.21796599999999999,165,757
2024,United States Grand Prix,S,LAW,11.0,20.0,clear_violation,313.0,72.0,194.85471999999999,100.0,0.2189120000000000,169,772
2024,United States Grand Prix,S,PIA,6.0,12.0,clear_violation,337.0,73.0,197.17382400000000,100.0,0.18635199999999999,142,762
2024,United States Grand Prix,S,PIA,13.0,20.0,clear_violation,342.0,60.0,193.53101100000001,100.0,0.1956520000000000,153,782
2024,United States Grand Prix,S,PIA,14.0,20.0,clear_violation,331.0,73.0,191.54703699999999,100.0,0.17898800000000001,138,771
2024,United States Grand Prix,S,ALB,18.0,12.0,clear_violation,339.0,71.0,194.42996400000001,100.0,0.23878600000000000,181,758
2024,United States Grand Prix,SQ,PIA,5.0,19.0,clear_violation,324.0,75.0,206.05711099999999,100.0,0.18307899999999999,132,721
2024,United States Grand Prix,SQ,ALO,5.0,19.0,clear_violation,330.0,71.0,207.69500300000001,100.0,0.17994499999999999,131,728
2024,United States Grand Prix,SQ,ALO,8.0,19.0,clear_violation,329.0,76.0,206.39195000000001,100.0,0.18011500000000000,125,694
2024,United States Grand Prix,SQ,LAW,8.0,1.0,clear_violation,328.0,82.0,208.32810000000001,100.0,0.1875,129,688
2024,United States Grand Prix,SQ,STR,8.0,19.0,clear_violation,326.0,73.0,208.14655400000001,100.0,0.1853450000000000,129,696
2024,United States Grand Prix,SQ,PER,2.0,9.0,clear_violation,329.0,77.0,207.32875200000001,100.0,0.18559600000000001,134,722
2024,United States Grand Prix,SQ,ZHO,5.0,19.0,clear_violation,326.0,73.0,205.5333110000000,100.0,0.20438999999999999,149,729
2025,Abu Dhabi Grand Prix,Q,STR,2.0,16.0,clear_violation,327.0,70.0,225.9001600000000,99.0,0.12459500000000000,77,618
2025,Abu Dhabi Grand Prix,Q,STR,3.0,16.0,clear_violation,280.0,56.0,156.27346000000000,99.0,0.17006800000000000,150,882
2025,Abu Dhabi Grand Prix,Q,GAS,5.0,1.0,clear_violation,328.0,68.0,225.4863900000000,100.0,0.13990500000000000,88,629
2025,Abu Dhabi Grand Prix,Q,COL,2.0,1.0,clear_violation,327.0,67.0,223.8278970000000,100.0,0.15789500000000001,99,627
2025,Abu Dhabi Grand Prix,Q,COL,5.0,1.0,clear_violation,329.0,67.0,225.8421200000000,100.0,0.14285700000000001,90,630
2025,Abu Dhabi Grand Prix,Q,TSU,16.0,1.0,clear_violation,330.0,65.0,226.78424799999999,100.0,0.12283500000000000,78,635
2025,Abu Dhabi Grand Prix,R,VER,45.0,1.0,clear_violation,311.0,59.0,213.54898600000001,100.0,0.14710300000000001,99,673
2025,Abu Dhabi Grand Prix,R,VER,51.0,1.0,clear_violation,310.0,59.0,215.3285280000000,100.0,0.14832500000000001,93,627
2025,Abu Dhabi Grand Prix,R,PIA,30.0,1.0,clear_violation,311.0,59.0,210.51020299999999,100.0,0.16095400000000001,108,671
2025,Abu Dhabi Grand Prix,R,LEC,9.0,1.0,clear_violation,314.0,63.0,208.93943100000001,100.0,0.16863900000000001,114,676
2025,Abu Dhabi Grand Prix,R,LEC,52.0,6.0,clear_violation,312.0,66.0,216.15837700000000,100.0,0.15548799999999999,102,656
2025,Abu Dhabi Grand Prix,R,OCO,42.0,1.0,clear_violation,324.0,62.0,211.15326700000000,100.0,0.2078910000000000,137,659
2025,Abu Dhabi Grand Prix,R,OCO,44.0,1.0,clear_violation,310.0,63.0,211.17820699999999,100.0,0.21428600000000000,144,672
2025,Abu Dhabi Grand Prix,R,HAM,5.0,1.0,clear_violation,335.0,60.0,206.42636899999999,100.0,0.2108350000000000,144,683
2025,Abu Dhabi Grand Prix,R,HAM,25.0,1.0,clear_violation,307.0,63.0,209.38376900000000,100.0,0.19622100000000001,135,688
2025,Abu Dhabi Grand Prix,R,HAM,27.0,1.0,clear_violation,309.0,63.0,209.58448400000000,100.0,0.1966970000000000,131,666
2025,Abu Dhabi Grand Prix,R,HUL,4.0,1.0,clear_violation,335.0,62.0,206.8741100000000,100.0,0.1760360000000000,119,676
2025,Abu Dhabi Grand Prix,R,HUL,22.0,1.0,clear_violation,334.0,61.0,208.3713790000000,100.0,0.17612800000000001,121,687
2025,Abu Dhabi Grand Prix,R,HUL,29.0,1.0,clear_violation,335.0,57.0,208.22674300000000,100.0,0.17410100000000001,121,695
2025,Abu Dhabi Grand Prix,R,STR,28.0,1.0,clear_violation,308.0,56.0,208.64754900000000,99.0,0.17391300000000001,116,667
2025,Abu Dhabi Grand Prix,R,BOR,39.0,1.0,clear_violation,334.0,56.0,208.92229399999999,100.0,0.18209000000000000,122,670
2025,Abu Dhabi Grand Prix,R,BOR,46.0,1.0,clear_violation,314.0,56.0,211.4158540000000,100.0,0.17559500000000000,118,672
2025,Abu Dhabi Grand Prix,R,BEA,11.0,1.0,clear_violation,329.0,56.0,205.06103100000001,100.0,0.20457800000000001,143,699
2025,Abu Dhabi Grand Prix,R,SAI,14.0,1.0,clear_violation,332.0,57.0,205.64725400000000,100.0,0.20434800000000000,141,690
2025,Abu Dhabi Grand Prix,R,TSU,8.0,1.0,clear_violation,336.0,60.0,207.12484699999999,100.0,0.1991400000000000,139,698
2025,Abu Dhabi Grand Prix,R,TSU,9.0,1.0,clear_violation,336.0,61.0,207.6442500000000,100.0,0.18962999999999999,128,675
2025,Abu Dhabi Grand Prix,R,ANT,19.0,1.0,clear_violation,321.0,60.0,206.86816099999999,104.0,0.2818990000000000,190,674
2025,Abu Dhabi Grand Prix,R,ANT,25.0,1.0,clear_violation,327.0,56.0,211.76132799999999,104.0,0.25578000000000001,177,692
2025,Abu Dhabi Grand Prix,R,ANT,26.0,1.0,clear_violation,315.0,60.0,216.19915700000001,104.0,0.2373130000000000,159,670
2025,Abu Dhabi Grand Prix,R,ALB,17.0,1.0,clear_violation,317.0,60.0,205.98110800000001,100.0,0.18114900000000000,123,679
2025,Abu Dhabi Grand Prix,R,ALB,19.0,1.0,clear_violation,319.0,62.0,206.4963990000000,100.0,0.17664700000000000,118,668
2025,Abu Dhabi Grand Prix,R,ALB,53.0,1.0,clear_violation,336.0,53.0,209.76507400000000,100.0,0.17620500000000000,117,664
2025,Abu Dhabi Grand Prix,R,HAD,9.0,6.0,clear_violation,331.0,57.0,207.54514000000000,100.0,0.1952660000000000,132,676
2025,Abu Dhabi Grand Prix,R,HAD,23.0,6.0,clear_violation,313.0,56.0,208.6788050000000,100.0,0.17518200000000000,120,685
2025,Abu Dhabi Grand Prix,R,HAD,41.0,1.0,clear_violation,310.0,55.0,208.7020700000000,100.0,0.1697840000000000,118,695
2025,Abu Dhabi Grand Prix,R,LAW,4.0,1.0,clear_violation,337.0,63.0,208.7627200000000,100.0,0.16986699999999999,115,677
2025,Abu Dhabi Grand Prix,R,LAW,5.0,1.0,clear_violation,327.0,62.0,206.05899400000001,100.0,0.16204399999999999,111,685
2025,Abu Dhabi Grand Prix,R,LAW,21.0,7.0,clear_violation,324.0,47.0,196.5143200000000,100.0,0.22790099999999999,165,724
2025,Abu Dhabi Grand Prix,R,GAS,2.0,6.0,clear_violation,333.0,82.0,202.72345500000000,100.0,0.20372999999999999,142,697
2025,Abu Dhabi Grand Prix,R,GAS,11.0,1.0,clear_violation,307.0,60.0,206.852970000000,100.0,0.15834500000000001,111,701
2025,Abu Dhabi Grand Prix,R,GAS,24.0,4.0,clear_violation,307.0,63.0,208.40181300000000,100.0,0.28315899999999999,190,671
2025,Abu Dhabi Grand Prix,R,GAS,44.0,4.0,clear_violation,310.0,63.0,212.44168999999999,100.0,0.20208000000000001,136,673
2025,Abu Dhabi Grand Prix,R,COL,25.0,1.0,clear_violation,308.0,61.0,207.22370500000000,100.0,0.16128999999999999,110,682
2025,Abu Dhabi Grand Prix,R,COL,26.0,1.0,clear_violation,306.0,60.0,210.86210900000000,100.0,0.15052199999999999,101,671
2025,Abu Dhabi Grand Prix,R,COL,29.0,1.0,clear_violation,307.0,60.0,212.30748299999999,100.0,0.1569770000000000,108,688
2025,Australian Grand Prix,Q,NOR,16.0,4.0,clear_violation,328.0,94.0,248.97361100000001,100.0,0.1245670000000000,72,578
2025,Australian Grand Prix,Q,DOO,11.0,12.0,clear_violation,329.0,85.0,242.30672799999999,100.0,0.12255800000000000,69,563
2025,Australian Grand Prix,Q,HUL,4.0,9.0,clear_violation,314.48333400000001,10.0,146.94067300000000,100.0,0.18256400000000000,178,975
2025,Australian Grand Prix,Q,HUL,5.0,11.0,clear_violation,332.0,77.0,229.06536299999999,100.0,0.17004700000000000,109,641
2025,Australian Grand Prix,Q,OCO,8.0,4.0,clear_violation,323.0,94.0,244.2585100000000,100.0,0.19382500000000000,113,583
2025,Australian Grand Prix,R,GAS,54.0,1.0,clear_violation,305.0,71.0,198.49596500000001,100.0,0.22142899999999999,155,700
2025,Australian Grand Prix,R,ANT,16.0,4.0,clear_violation,307.0,0.0,193.24970600000000,100.0,0.18410599999999999,139,755
2025,Australian Grand Prix,R,TSU,45.0,12.0,clear_violation,313.0,44.0,198.5799700000000,100.0,0.20905499999999999,157,751
2025,Australian Grand Prix,R,LAW,28.0,6.0,clear_violation,303.0,76.0,206.4460760000000,100.0,0.18950400000000001,130,686
2025,Australian Grand Prix,R,NOR,44.0,12.0,clear_violation,306.0,0.0,179.0028150000000,100.0,0.2196970000000000,174,792
2025,Australian Grand Prix,R,PIA,32.0,6.0,clear_violation,317.0,77.0,211.79188300000001,100.0,0.1685880000000000,117,694
2025,Austrian Grand Prix,Q,GAS,20.0,10.0,clear_violation,323.0,0.0,207.67073099999999,100.0,0.1672660000000000,93,556
2025,Austrian Grand Prix,Q,COL,2.0,6.0,clear_violation,321.0,69.0,235.06185900000000,100.0,0.1746990000000000,87,498
2025,Austrian Grand Prix,R,NOR,14.0,10.0,clear_violation,301.0,64.0,218.68259900000001,100.0,0.1766850000000000,97,549
2025,Austrian Grand Prix,R,PIA,48.0,1.0,clear_violation,303.0,63.0,218.03800500000000,99.0,0.18854000000000001,102,541
2025,Austrian Grand Prix,R,PIA,70.0,1.0,clear_violation,330.0,62.0,217.2231550000000,99.0,0.2199630000000000,119,541
2025,Austrian Grand Prix,R,LEC,17.0,1.0,clear_violation,302.0,65.0,216.26200600000001,100.0,0.19366900000000001,104,537
2025,Austrian Grand Prix,R,HAM,48.0,3.0,clear_violation,307.0,51.0,215.3777990000000,99.0,0.2303470000000000,126,547
2025,Austrian Grand Prix,R,ALO,29.0,1.0,clear_violation,310.0,63.0,211.18984900000001,100.0,0.22768700000000000,125,549
2025,Austrian Grand Prix,R,OCO,27.0,3.0,clear_violation,314.0,71.0,214.3687340000000,100.0,0.26881699999999997,150,558
2025,Austrian Grand Prix,R,BEA,4.0,3.0,clear_violation,309.0,70.0,212.0219180000000,100.0,0.20107700000000001,112,557
2025,Austrian Grand Prix,R,BEA,29.0,1.0,clear_violation,312.0,56.0,212.17564800000000,100.0,0.22426499999999999,122,544
2025,Austrian Grand Prix,R,STR,15.0,3.0,clear_violation,304.0,65.0,210.92617799999999,99.0,0.20540500000000000,114,555
2025,Austrian Grand Prix,R,COL,31.0,1.0,clear_violation,303.0,62.0,214.16786500000001,100.0,0.1958570000000000,104,531
2025,Azerbaijan Grand Prix,Q,ANT,4.0,16.0,clear_violation,337.0,75.0,207.11567400000001,104.0,0.20945100000000000,164,783
2025,Azerbaijan Grand Prix,Q,LEC,13.0,1.0,clear_violation,337.5603640000000,34.0,157.14916199999999,100.0,0.3016330000000000,314,1041
2025,Azerbaijan Grand Prix,R,ALO,7.0,16.0,clear_violation,332.0,68.0,196.3897850000000,100.0,0.23172200000000001,187,807
2025,Bahrain Grand Prix,Q,ANT,16.0,11.0,clear_violation,317.0,66.0,211.69741800000000,100.0,0.18777300000000000,129,687
2025,Bahrain Grand Prix,Q,HAM,14.0,13.0,clear_violation,319.0,70.0,212.370043000000,100.0,0.20348800000000000,140,688
2025,Bahrain Grand Prix,Q,TSU,2.0,15.0,clear_violation,313.0,66.0,212.48678799999999,100.0,0.17329500000000000,122,704
2025,Bahrain Grand Prix,Q,HUL,8.0,11.0,clear_violation,327.0,66.0,210.88017700000000,100.0,0.21233900000000000,148,697
2025,Bahrain Grand Prix,Q,STR,2.0,13.0,clear_violation,316.0,62.0,209.54320899999999,100.0,0.1956520000000000,135,690
2025,Bahrain Grand Prix,R,PIA,23.0,11.0,clear_violation,300.0,61.0,199.39529200000001,99.0,0.20933299999999999,157,750
2025,Bahrain Grand Prix,R,NOR,10.0,13.0,clear_violation,319.0,57.0,192.38503399999999,100.0,0.2454310000000000,188,766
2025,Bahrain Grand Prix,R,NOR,36.0,4.0,clear_violation,314.0,47.0,202.0216220000000,100.0,0.20665700000000001,149,721
2025,Bahrain Grand Prix,R,NOR,49.0,4.0,clear_violation,331.0,53.0,199.28194600000000,100.0,0.23835600000000001,174,730
2025,Bahrain Grand Prix,R,LEC,38.0,13.0,clear_violation,302.0,65.0,201.9772450000000,100.0,0.208,156,750
2025,Bahrain Grand Prix,R,HAM,42.0,4.0,clear_violation,308.0,66.0,199.5454560000000,100.0,0.2155530000000000,158,733
2025,Bahrain Grand Prix,R,VER,45.0,13.0,clear_violation,308.0,66.0,198.3749260000000,100.0,0.22252700000000000,162,728
2025,Bahrain Grand Prix,R,VER,48.0,13.0,clear_violation,309.0,58.0,196.58248499999999,100.0,0.20612800000000001,148,718
2025,Bahrain Grand Prix,R,VER,55.0,4.0,clear_violation,330.0,53.0,195.21039099999999,100.0,0.22641500000000001,168,742
2025,Bahrain Grand Prix,R,TSU,9.0,13.0,clear_violation,319.0,56.0,188.65950799999999,100.0,0.24701200000000001,186,753
2025,Bahrain Grand Prix,R,TSU,50.0,13.0,clear_violation,307.0,60.0,197.55536000000001,100.0,0.2,146,730
2025,Bahrain Grand Prix,R,TSU,52.0,13.0,clear_violation,327.0,55.0,194.05849599999999,100.0,0.20698900000000001,154,744
2025,Bahrain Grand Prix,R,BEA,52.0,13.0,clear_violation,332.0,52.0,194.41363600000000,100.0,0.22013400000000000,164,745
2025,Bahrain Grand Prix,R,BEA,54.0,13.0,clear_violation,332.0,55.0,196.69221300000001,100.0,0.18538600000000000,137,739
2025,Bahrain Grand Prix,R,ANT,8.0,13.0,clear_violation,304.0,59.0,194.14386600000000,100.0,0.21351400000000001,158,740
2025,Bahrain Grand Prix,R,ANT,10.0,13.0,clear_violation,327.0,55.0,191.4724650000000,100.0,0.21883300000000000,165,754
2025,Bahrain Grand Prix,R,ANT,13.0,11.0,clear_violation,305.0,0.0,160.31511200000000,100.0,0.23355999999999999,206,882
2025,Bahrain Grand Prix,R,ANT,36.0,10.0,clear_violation,311.0,50.0,191.95475600000000,100.0,0.22818800000000000,170,745
2025,Bahrain Grand Prix,R,HAD,2.0,13.0,clear_violation,306.0,55.0,194.07515599999999,100.0,0.22135400000000000,170,768
2025,Bahrain Grand Prix,R,HAD,8.0,13.0,clear_violation,327.0,58.0,199.5681480000000,100.0,0.20111000000000001,145,721
2025,Bahrain Grand Prix,R,HAD,11.0,13.0,clear_violation,305.0,58.0,196.8965130000000,100.0,0.18842500000000001,140,743
2025,Bahrain Grand Prix,R,DOO,11.0,13.0,clear_violation,301.0,66.0,198.44798299999999,100.0,0.21360499999999999,157,735
2025,Bahrain Grand Prix,R,DOO,27.0,13.0,clear_violation,302.0,57.0,194.0279340000000,100.0,0.21143600000000001,159,752
2025,Bahrain Grand Prix,R,DOO,42.0,13.0,clear_violation,305.0,63.0,198.1681230000000,100.0,0.21138199999999999,156,738
2025,Bahrain Grand Prix,R,DOO,56.0,13.0,clear_violation,307.0,56.0,194.29928600000000,100.0,0.20533299999999999,154,750
2025,Bahrain Grand Prix,R,ALO,36.0,1.0,clear_violation,309.0,57.0,190.8844630000000,100.0,0.22503300000000001,169,751
2025,Bahrain Grand Prix,R,LAW,14.0,13.0,clear_violation,307.0,58.0,185.18662000000000,100.0,0.24269399999999999,191,787
2025,Bahrain Grand Prix,R,LAW,18.0,13.0,clear_violation,311.0,55.0,192.74630600000000,100.0,0.24324299999999999,180,740
2025,Bahrain Grand Prix,R,STR,57.0,13.0,clear_violation,304.0,59.0,194.14945399999999,100.0,0.2,145,725
2025,Bahrain Grand Prix,R,SAI,36.0,10.0,clear_violation,312.0,52.0,189.89705499999999,100.0,0.22842000000000001,172,753
2025,Bahrain Grand Prix,R,HUL,36.0,13.0,clear_violation,313.0,62.0,193.77810099999999,100.0,0.23473500000000000,173,737
2025,Belgian Grand Prix,Q,BOR,14.0,10.0,clear_violation,342.0,74.0,242.46271999999999,100.0,0.13624700000000001,106,778
2025,Belgian Grand Prix,Q,HAM,7.0,4.0,clear_violation,343.0,75.0,246.9134770000000,100.0,0.14705900000000000,110,748
2025,Belgian Grand Prix,R,NOR,26.0,10.0,clear_violation,322.0,74.0,230.1343500000000,100.0,0.1455220000000000,117,804
2025,Belgian Grand Prix,R,ALB,44.0,10.0,clear_violation,325.0,69.0,231.76555300000001,100.0,0.1575680000000000,127,806
2025,Belgian Grand Prix,R,BOR,9.0,4.0,clear_violation,319.0,57.0,202.16626500000001,100.0,0.20708199999999999,193,932
2025,Belgian Grand Prix,R,GAS,7.0,4.0,clear_violation,320.0,56.0,200.3980780000000,100.0,0.19305900000000001,178,922
2025,Belgian Grand Prix,R,TSU,44.0,4.0,clear_violation,320.0,71.0,229.6701960000000,100.0,0.14409900000000000,116,805
2025,Belgian Grand Prix,R,ANT,7.0,18.0,clear_violation,319.0,41.0,201.07693699999999,104.0,0.21545200000000000,198,919
2025,Belgian Grand Prix,R,ALO,28.0,6.0,clear_violation,324.0,68.0,228.7334020000000,100.0,0.1705240000000000,140,821
2025,Belgian Grand Prix,R,SAI,5.0,6.0,clear_violation,315.0,52.0,200.93646500000000,100.0,0.27074199999999998,248,916
2025,Belgian Grand Prix,R,SAI,11.0,4.0,clear_violation,311.0,53.0,198.4580140000000,100.0,0.20718800000000001,196,946
2025,Belgian Grand Prix,R,COL,8.0,4.0,clear_violation,321.0,51.0,200.20235199999999,100.0,0.2006400000000000,188,937
2025,Belgian Grand Prix,R,COL,17.0,4.0,clear_violation,334.0,70.0,226.7833720000000,100.0,0.16747600000000001,138,824
2025,Belgian Grand Prix,R,HAD,8.0,4.0,clear_violation,311.0,57.0,203.57926900000001,100.0,0.19052700000000000,177,929
2025,Belgian Grand Prix,R,HAD,12.0,4.0,clear_violation,318.0,58.0,201.85024400000000,100.0,0.1853810000000000,175,944
2025,Belgian Grand Prix,S,GAS,9.0,4.0,clear_violation,326.0,70.0,233.19647800000001,100.0,0.14805800000000000,122,824
2025,Belgian Grand Prix,S,BOR,10.0,9.0,clear_violation,328.0,69.0,232.1262150000000,100.0,0.16563700000000001,134,809
2025,Belgian Grand Prix,SQ,PIA,5.0,4.0,clear_violation,341.0,76.0,245.2774370000000,100.0,0.10249700000000000,78,761
2025,Belgian Grand Prix,SQ,ANT,2.0,15.0,clear_violation,342.0,0.0,198.88171500000001,100.0,0.15036800000000000,143,951
2025,Belgian Grand Prix,SQ,TSU,4.0,19.0,clear_violation,344.0,74.0,243.769943000000,100.0,0.11818200000000000,91,770
2025,Belgian Grand Prix,SQ,BEA,2.0,4.0,clear_violation,344.0,72.0,243.53166100000001,100.0,0.1554990000000000,123,791
2025,British Grand Prix,R,VER,43.0,1.0,clear_violation,316.0,67.0,212.61174099999999,100.0,0.22868700000000000,169,739
2025,British Grand Prix,R,LEC,5.0,1.0,clear_violation,294.0,72.0,177.6690520000000,100.0,0.2542570000000000,224,881
2025,British Grand Prix,R,LEC,13.0,12.0,clear_violation,304.0,67.0,173.15685500000001,100.0,0.2549890000000000,230,902
2025,British Grand Prix,R,LEC,32.0,9.0,clear_violation,305.0,66.0,200.33096499999999,100.0,0.19790300000000000,151,763
2025,British Grand Prix,R,NOR,5.0,6.0,clear_violation,307.0,70.0,200.4248890000000,100.0,0.22040299999999999,175,794
2025,British Grand Prix,R,HAM,12.0,6.0,clear_violation,304.0,0.0,165.90431500000000,100.0,0.24620100000000000,243,987
2025,British Grand Prix,R,HAM,24.0,9.0,clear_violation,301.0,68.0,197.64246000000000,100.0,0.2563130000000000,203,792
2025,British Grand Prix,R,HAM,42.0,3.0,clear_violation,303.0,0.0,160.704095000000,100.0,0.27593400000000001,266,964
2025,British Grand Prix,R,SAI,46.0,6.0,clear_violation,315.0,79.0,222.1127590000000,100.0,0.19887199999999999,141,709
2025,British Grand Prix,R,PIA,45.0,11.0,clear_violation,309.0,73.0,222.06482399999999,100.0,0.18585299999999999,134,721
2025,British Grand Prix,R,PIA,52.0,6.0,clear_violation,316.0,74.0,226.54219599999999,100.0,0.150355000000000,106,705
2025,British Grand Prix,R,BEA,5.0,1.0,clear_violation,297.0,67.0,174.52426299999999,100.0,0.23404300000000000,209,893
2025,British Grand Prix,R,BEA,37.0,9.0,clear_violation,308.0,64.0,202.23560200000000,100.0,0.23827599999999999,188,789
2025,Canadian Grand Prix,Q,NOR,16.0,14.0,clear_violation,332.0,61.0,216.52002100000001,100.0,0.18504699999999999,99,535
2025,Canadian Grand Prix,Q,HAM,2.0,2.0,clear_violation,314.0,54.0,161.99564100000001,100.0,0.2669430000000000,193,723
2025,Canadian Grand Prix,Q,HAM,3.0,9.0,clear_violation,337.0,61.0,212.9865710000000,100.0,0.18571399999999999,104,560
2025,Canadian Grand Prix,Q,VER,13.0,14.0,clear_violation,335.0,60.0,205.25985299999999,100.0,0.18612500000000001,110,591
2025,Canadian Grand Prix,Q,ALB,8.0,14.0,clear_violation,333.0,64.0,203.73850800000000,100.0,0.2003610000000000,111,554
2025,Canadian Grand Prix,Q,BEA,3.0,2.0,clear_violation,310.0,41.0,167.72918100000001,100.0,0.23876400000000000,170,712
2025,Canadian Grand Prix,R,GAS,44.0,14.0,clear_violation,345.0,53.0,199.44967199999999,100.0,0.20268000000000000,121,597
2025,Canadian Grand Prix,R,ANT,3.0,14.0,clear_violation,315.0,62.0,200.91461600000000,104.0,0.18324599999999999,105,573
2025,Canadian Grand Prix,R,LEC,65.0,14.0,clear_violation,314.0,56.0,207.83174399999999,100.0,0.19064100000000000,110,577
2025,Canadian Grand Prix,R,SAI,56.0,14.0,clear_violation,310.0,50.0,201.40108400000000,100.0,0.21911000000000000,133,607
2025,Canadian Grand Prix,R,HAD,45.0,14.0,clear_violation,333.0,57.0,199.08336800000001,100.0,0.24394500000000000,141,578
2025,Canadian Grand Prix,R,HAD,47.0,14.0,clear_violation,335.0,55.0,200.59621400000000,100.0,0.21525400000000000,127,590
2025,Canadian Grand Prix,R,BEA,41.0,14.0,clear_violation,332.0,53.0,203.79837699999999,100.0,0.2367070000000000,138,583
2025,Canadian Grand Prix,R,BEA,47.0,14.0,clear_violation,310.0,56.0,201.16305100000000,100.0,0.17288100000000001,102,590
2025,Canadian Grand Prix,R,BEA,55.0,14.0,clear_violation,332.0,55.0,203.1787800000000,100.0,0.22822300000000001,131,574
2025,Chinese Grand Prix,Q,NOR,2.0,9.0,clear_violation,334.0,59.0,211.02328100000000,100.0,0.17714299999999999,124,700
2025,Chinese Grand Prix,Q,ANT,18.0,16.0,clear_violation,333.0,68.0,208.9426270000000,100.0,0.15873000000000001,110,693
2025,Chinese Grand Prix,R,HAD,45.0,14.0,clear_violation,336.0,51.0,197.27062100000001,100.0,0.2231400000000000,162,726
2025,Chinese Grand Prix,R,DOO,45.0,14.0,clear_violation,311.0,47.0,198.13205199999999,100.0,0.3103450000000000,225,725
2025,Chinese Grand Prix,R,TSU,16.0,14.0,clear_violation,339.0,56.0,194.21415700000000,100.0,0.24110699999999999,183,759
2025,Chinese Grand Prix,S,DOO,4.0,14.0,clear_violation,339.0,66.0,195.44501500000001,100.0,0.1953230000000000,142,727
2025,Dutch Grand Prix,R,GAS,4.0,12.0,clear_violation,330.0,89.0,197.62023500000001,100.0,0.22916700000000001,132,576
2025,Dutch Grand Prix,R,GAS,69.0,12.0,clear_violation,307.0,72.0,196.22004000000001,100.0,0.22586200000000001,131,580
2025,Dutch Grand Prix,R,ALO,19.0,3.0,clear_violation,300.375,0.0,168.476155000000,100.0,0.22503699999999999,151,671
2025,Dutch Grand Prix,R,LEC,2.0,3.0,clear_violation,319.55555600000002,88.0,198.54335100000000,100.0,0.268761000000000,154,573
2025,Dutch Grand Prix,R,LEC,32.0,12.0,clear_violation,303.35000100000002,82.0,175.8895890000000,100.0,0.2570090000000000,165,642
2025,Dutch Grand Prix,R,HUL,69.0,3.0,clear_violation,309.4333310,87.0,194.32748799999999,100.0,0.2226030000000000,130,584
2025,Dutch Grand Prix,R,COL,21.0,3.0,clear_violation,305.0,91.0,201.79054300000001,100.0,0.21269299999999999,124,583
2025,Dutch Grand Prix,R,SAI,69.0,3.0,clear_violation,320.0,90.0,194.70471499999999,100.0,0.3044980000000000,176,578
2025,Dutch Grand Prix,R,RUS,13.0,3.0,clear_violation,307.0,89.0,200.3754450000000,100.0,0.20811299999999999,118,567
2025,Emilia Romagna Grand Prix,Q,HUL,8.0,17.0,clear_violation,328.0,100.0,231.78626299999999,100.0,0.14659700000000001,84,573
2025,Emilia Romagna Grand Prix,R,GAS,3.0,10.0,clear_violation,332.0,85.0,202.8418390000000,100.0,0.2169810000000000,138,636
2025,Emilia Romagna Grand Prix,R,GAS,7.0,17.0,clear_violation,329.0,92.0,214.8248420000000,100.0,0.20195399999999999,124,614
2025,Emilia Romagna Grand Prix,R,ALB,60.0,3.0,clear_violation,335.0,91.0,214.31670299999999,100.0,0.1933880000000000,117,605
2025,Hungarian Grand Prix,Q,STR,14.0,9.0,clear_violation,312.0,95.0,204.93616800000001,99.0,0.18288599999999999,109,596
2025,Hungarian Grand Prix,Q,COL,8.0,9.0,clear_violation,317.0,96.0,202.9862110000000,100.0,0.20136499999999999,118,586
2025,Hungarian Grand Prix,Q,ANT,8.0,14.0,clear_violation,319.0,96.0,207.99470500000001,100.0,0.1935480000000000,108,558
2025,Hungarian Grand Prix,R,NOR,29.0,7.0,clear_violation,288.0,86.0,188.5293860000000,100.0,0.23278699999999999,142,610
2025,Hungarian Grand Prix,R,RUS,29.0,7.0,clear_violation,292.0,88.0,193.30025100000000,100.0,0.20826400000000000,126,605
2025,Hungarian Grand Prix,R,ANT,22.0,7.0,clear_violation,278.0,0.0,151.45978400000001,100.0,0.23076900000000000,180,780
2025,Hungarian Grand Prix,R,ANT,55.0,7.0,clear_violation,302.0,88.0,190.90827100000001,100.0,0.23027400000000001,143,621
2025,Hungarian Grand Prix,R,HAM,29.0,4.0,clear_violation,316.0,81.0,183.65822399999999,100.0,0.30250800000000000,193,638
2025,Hungarian Grand Prix,R,HUL,4.0,1.0,clear_violation,331.0,88.0,185.4831770000000,100.0,0.2317260000000000,149,643
2025,Hungarian Grand Prix,R,HUL,22.0,7.0,clear_violation,300.0,82.0,185.3112280000000,100.0,0.2625,168,640
2025,Hungarian Grand Prix,R,HUL,49.0,1.0,clear_violation,320.0,86.0,192.37350499999999,100.0,0.20678500000000000,128,619
2025,Hungarian Grand Prix,R,SAI,61.0,2.0,clear_violation,323.0,65.0,187.6768690000000,100.0,0.3082940000000000,197,639
2025,Hungarian Grand Prix,R,ALB,30.0,7.0,clear_violation,300.0,81.0,185.7945870000000,100.0,0.2589150000000000,167,645
2025,Hungarian Grand Prix,R,COL,27.0,7.0,clear_violation,294.0,88.0,188.14812100000000,100.0,0.2141730000000000,136,635
2025,Hungarian Grand Prix,R,COL,47.0,7.0,clear_violation,295.0,79.0,186.47157200000001,100.0,0.23076900000000000,147,637
2025,Hungarian Grand Prix,R,GAS,2.0,1.0,clear_violation,304.0,92.0,182.53416200000001,100.0,0.284375,182,640
2025,Hungarian Grand Prix,R,GAS,64.0,1.0,clear_violation,301.0,87.0,185.4019330000000,100.0,0.24920100000000001,156,626
2025,Hungarian Grand Prix,R,BEA,21.0,14.0,clear_violation,296.0,87.0,186.12528100000000,100.0,0.2361110000000000,153,648
2025,Italian Grand Prix,Q,NOR,5.0,1.0,clear_violation,343.0,68.0,207.1010620000000,100.0,0.1266490000000000,96,758
2025,Italian Grand Prix,Q,ALB,2.0,1.0,clear_violation,344.0,47.0,202.55011300000001,100.0,0.194125000000000,152,783
2025,Italian Grand Prix,Q,SAI,2.0,7.0,clear_violation,344.0,69.0,257.4970190000000,100.0,0.13866200000000001,85,613
2025,Italian Grand Prix,R,LEC,4.0,1.0,clear_violation,334.0,62.0,244.8016720000000,100.0,0.15165899999999999,96,633
2025,Italian Grand Prix,R,RUS,48.0,2.0,clear_violation,336.0,69.0,252.15504500000000,100.0,0.14497499999999999,88,607
2025,Italian Grand Prix,R,ALB,27.0,2.0,clear_violation,338.0,65.0,250.4505060000000,100.0,0.1510670000000000,92,609
2025,Italian Grand Prix,R,BOR,52.0,1.0,clear_violation,342.0,69.0,250.48604300000000,100.0,0.15161300000000000,94,620
2025,Italian Grand Prix,R,ANT,6.0,5.0,clear_violation,357.0,68.0,242.46561199999999,100.0,0.17425399999999999,111,637
2025,Italian Grand Prix,R,ANT,23.0,5.0,clear_violation,336.0,69.0,247.2401470000000,100.0,0.136,85,625
2025,Italian Grand Prix,R,ANT,26.0,2.0,clear_violation,335.0,56.0,243.96648999999999,100.0,0.15053800000000001,98,651
2025,Italian Grand Prix,R,HAD,8.0,1.0,clear_violation,361.0,52.0,239.47175400000000,100.0,0.1795280000000000,114,635
2025,Italian Grand Prix,R,SAI,17.0,4.0,clear_violation,353.0,68.0,245.18076800000000,100.0,0.19158900000000001,123,642
2025,Italian Grand Prix,R,SAI,23.0,5.0,clear_violation,336.0,70.0,245.18045200000000,100.0,0.17384400000000000,109,627
2025,Italian Grand Prix,R,SAI,40.0,5.0,clear_violation,358.0,0.0,231.09664699999999,100.0,0.1875,129,688
2025,Italian Grand Prix,R,BEA,40.0,5.0,clear_violation,342.0,0.0,221.89324600000000,100.0,0.1638660000000000,117,714
2025,Italian Grand Prix,R,TSU,27.0,5.0,clear_violation,355.0,62.0,243.43896799999999,100.0,0.18357499999999999,114,621
2025,Italian Grand Prix,R,LAW,27.0,5.0,clear_violation,340.0,56.0,239.57173499999999,100.0,0.18442000000000000,116,629
2025,Italian Grand Prix,R,GAS,15.0,5.0,clear_violation,333.0,69.0,240.88304900000000,100.0,0.15,99,660
2025,Italian Grand Prix,R,GAS,18.0,7.0,clear_violation,333.0,71.0,244.44260100000000,100.0,0.1439870000000000,91,632
2025,Italian Grand Prix,R,GAS,33.0,5.0,clear_violation,329.0,71.0,244.6557920000000,100.0,0.1501600000000000,94,626
2025,Italian Grand Prix,R,COL,9.0,5.0,clear_violation,337.0,66.0,243.72493000000000,100.0,0.14779900000000001,94,636
2025,Italian Grand Prix,R,COL,30.0,1.0,clear_violation,330.0,60.0,240.63040699999999,100.0,0.1458970000000000,96,658
2025,Italian Grand Prix,R,COL,50.0,5.0,clear_violation,317.0,67.0,245.31369500000000,100.0,0.13405200000000000,87,649
2025,Italian Grand Prix,R,STR,2.0,4.0,clear_violation,338.0,61.0,239.0055010000000,99.0,0.15955800000000001,101,633
2025,Japanese Grand Prix,R,NOR,53.0,17.0,clear_violation,313.0,63.0,226.54315399999999,100.0,0.14078399999999999,97,689
2025,Japanese Grand Prix,R,RUS,33.0,17.0,clear_violation,311.0,67.0,223.74865299999999,100.0,0.1513350000000000,102,674
2025,Japanese Grand Prix,R,ANT,2.0,17.0,clear_violation,307.0,71.0,218.33540500000001,100.0,0.14749300000000001,100,678
2025,Japanese Grand Prix,R,ANT,47.0,17.0,clear_violation,311.0,70.0,226.1336570000000,100.0,0.14347799999999999,99,690
2025,Japanese Grand Prix,R,TSU,26.0,17.0,clear_violation,333.0,69.0,222.04122599999999,100.0,0.15767600000000001,114,723
2025,Japanese Grand Prix,R,GAS,53.0,17.0,clear_violation,309.0,62.0,224.48389700000,100.0,0.13872799999999999,96,692
2025,Japanese Grand Prix,R,SAI,15.0,17.0,clear_violation,310.0,62.0,218.93609300000000,100.0,0.1825730000000000,132,723
2025,Japanese Grand Prix,R,SAI,25.0,17.0,clear_violation,330.0,60.0,220.70255499999999,100.0,0.17872299999999999,126,705
2025,Las Vegas Grand Prix,Q,RUS,12.0,12.0,clear_violation,330.0,0.0,183.0701950000000,100.0,0.2269270000000000,209,921
2025,Las Vegas Grand Prix,Q,RUS,14.0,14.0,clear_violation,332.0,21.0,184.4134560000000,100.0,0.2212490000000000,202,913
2025,Las Vegas Grand Prix,Q,RUS,22.0,12.0,clear_violation,323.0,37.0,188.5137320000000,100.0,0.20998900000000001,185,881
2025,Las Vegas Grand Prix,Q,VER,3.0,1.0,clear_violation,321.0,30.0,171.55973599999999,100.0,0.2691530000000000,267,992
2025,Las Vegas Grand Prix,Q,VER,4.0,8.0,clear_violation,316.0,0.0,167.59036200000000,100.0,0.26418799999999998,270,1022
2025,Las Vegas Grand Prix,Q,HAD,21.0,8.0,clear_violation,336.0,67.0,200.0482920000000,100.0,0.21790300000000001,185,849
2025,Las Vegas Grand Prix,Q,HAM,7.0,12.0,clear_violation,333.0,31.0,172.51191200000000,100.0,0.3007140000000000,295,981
2025,Las Vegas Grand Prix,Q,STR,2.0,14.0,clear_violation,320.0,34.0,177.2776150000000,100.0,0.2393620000000000,225,940
2025,Las Vegas Grand Prix,Q,STR,17.0,1.0,clear_violation,329.0,63.0,195.51609099999999,100.0,0.23032400000000000,199,864
2025,Las Vegas Grand Prix,Q,GAS,6.0,14.0,clear_violation,328.0,0.0,172.25062800000001,100.0,0.25674300000000000,257,1001
2025,Las Vegas Grand Prix,Q,SAI,4.0,5.0,clear_violation,324.0,0.0,164.7373060000000,100.0,0.3127380000000000,329,1052
2025,Las Vegas Grand Prix,Q,BOR,4.0,14.0,clear_violation,330.0,3.0,164.97834200000000,100.0,0.2400390000000000,247,1029
2025,Las Vegas Grand Prix,Q,OCO,4.0,14.0,clear_violation,327.0,40.0,183.16732800000000,100.0,0.2963360000000000,275,928
2025,Las Vegas Grand Prix,Q,LEC,4.0,14.0,clear_violation,319.0,37.0,181.08437900000001,100.0,0.24332999999999999,228,937
2025,Las Vegas Grand Prix,Q,LEC,16.0,8.0,clear_violation,322.0,62.0,192.09634199999999,100.0,0.23711299999999999,207,873
2025,Las Vegas Grand Prix,Q,LEC,20.0,14.0,clear_violation,327.0,19.0,188.97109200000000,100.0,0.237880000000000,211,887
2025,Las Vegas Grand Prix,Q,HUL,5.0,1.0,clear_violation,328.0,53.0,185.11278400000000,100.0,0.23125699999999999,219,947
2025,Las Vegas Grand Prix,Q,HUL,13.0,14.0,clear_violation,331.0,41.0,190.1404930000000,100.0,0.20658299999999999,182,881
2025,Las Vegas Grand Prix,Q,TSU,4.0,12.0,clear_violation,321.0,0.0,161.30225200000001,100.0,0.23390200000000000,247,1056
2025,Las Vegas Grand Prix,Q,PIA,20.0,5.0,clear_violation,323.0,1.0,164.797906000000,100.0,0.20318700000000001,204,1004
2025,Mexico City Grand Prix,Q,BOR,2.0,12.0,clear_violation,346.0,66.0,195.07528900000000,100.0,0.23688699999999999,140,591
2025,Mexico City Grand Prix,R,VER,6.0,5.0,clear_violation,352.0,48.0,174.95719199999999,100.0,0.24360899999999999,162,665
2025,Mexico City Grand Prix,R,ANT,51.0,14.0,clear_violation,333.0,64.0,190.51513199999999,100.0,0.20723700000000000,126,608
2025,Mexico City Grand Prix,R,ANT,62.0,14.0,clear_violation,335.0,66.0,188.5844730000000,100.0,0.22042100000000001,136,617
2025,Mexico City Grand Prix,R,STR,44.0,1.0,clear_violation,311.0,0.0,149.52823500000000,99.0,0.2268040000000000,176,776
2025,Mexico City Grand Prix,R,HAM,6.0,4.0,clear_violation,329.0,53.0,177.6236550000000,100.0,0.2647060000000000,171,646
2025,Mexico City Grand Prix,R,HAM,62.0,3.0,clear_violation,331.0,61.0,184.39906700000000,100.0,0.27001599999999998,172,637
2025,Mexico City Grand Prix,R,SAI,18.0,1.0,clear_violation,309.0,0.0,151.51396500000001,100.0,0.2619970000000000,202,771
2025,Mexico City Grand Prix,R,RUS,6.0,5.0,clear_violation,332.0,53.0,174.87928600000001,100.0,0.2563720000000000,171,667
2025,Mexico City Grand Prix,R,BEA,6.0,8.0,clear_violation,347.0,55.0,179.78958499999999,100.0,0.2546580000000000,164,644
2025,Miami Grand Prix,R,VER,17.0,11.0,clear_violation,334.0,57.0,204.75021799999999,100.0,0.1737890000000000,122,702
2025,Miami Grand Prix,R,NOR,17.0,11.0,clear_violation,336.0,51.0,204.20890600000001,100.0,0.19914699999999999,140,703
2025,Miami Grand Prix,R,BOR,30.0,6.0,clear_violation,261.0,65.0,165.11731700000001,100.0,0.18700100000000000,164,877
2025,Miami Grand Prix,R,SAI,16.0,15.0,clear_violation,324.0,60.0,208.73672999999999,100.0,0.1949510000000000,139,713
2025,Miami Grand Prix,S,SAI,7.0,17.0,clear_violation,331.0,42.0,183.03722200000001,100.0,0.2440320000000000,184,754
2025,Miami Grand Prix,S,DOO,3.0,11.0,clear_violation,321.0,0.0,146.5427690000000,100.0,0.330604000000000,323,977
2025,Miami Grand Prix,S,TSU,12.0,15.0,clear_violation,320.0,51.0,193.1322600000000,100.0,0.21727399999999999,161,741
2025,Miami Grand Prix,SQ,HAD,2.0,17.0,clear_violation,337.0,46.0,214.25044700000001,100.0,0.16299600000000000,111,681
2025,Monaco Grand Prix,Q,LEC,5.0,10.0,clear_violation,283.0,30.0,117.3002480000000,100.0,0.36,270,750
2025,Monaco Grand Prix,Q,HAM,5.0,10.0,clear_violation,276.8142880000000,32.0,118.347997000000,100.0,0.3655630000000000,276,755
2025,Monaco Grand Prix,Q,HAM,13.0,10.0,clear_violation,276.0,21.0,113.22031100000000,100.0,0.2869900000000000,225,784
2025,Monaco Grand Prix,Q,ALB,6.0,1.0,clear_violation,275.6111120000000,36.0,113.6754020000000,100.0,0.23243900000000001,182,783
2025,Monaco Grand Prix,Q,SAI,4.0,16.0,clear_violation,276.72857199999999,16.0,114.76437600000000,100.0,0.3228350000000000,246,762
2025,Monaco Grand Prix,Q,SAI,6.0,1.0,clear_violation,274.468752,34.0,114.83616400000000,100.0,0.30077100000000001,234,778
2025,Monaco Grand Prix,Q,SAI,22.0,10.0,clear_violation,276.0,32.0,124.6680120000000,100.0,0.2737750000000000,190,694
2025,Monaco Grand Prix,Q,TSU,18.0,1.0,clear_violation,278.203128,43.0,117.83379400000000,100.0,0.1939480000000000,141,727
2025,Monaco Grand Prix,Q,ANT,3.0,1.0,clear_violation,268.0,41.0,117.5494330000000,104.0,0.1866840000000000,143,766
2025,Monaco Grand Prix,Q,ANT,4.0,1.0,clear_violation,271.94643500000001,42.0,112.67434000000000,100.0,0.20050799999999999,158,788
2025,Monaco Grand Prix,Q,ANT,10.0,16.0,clear_violation,270.2795440000000,13.0,109.19695400000001,100.0,0.22954800000000000,188,819
2025,Monaco Grand Prix,Q,RUS,4.0,1.0,clear_violation,269.0,34.0,107.63536700000000,100.0,0.23272699999999999,192,825
2025,Monaco Grand Prix,Q,RUS,5.0,10.0,clear_violation,277.2071440000000,44.0,128.29426500000000,100.0,0.19290800000000000,136,705
2025,Monaco Grand Prix,Q,RUS,7.0,10.0,clear_violation,276.16388799999999,32.0,112.5135820000000,88.05553800000000,0.17380399999999999,138,794
2025,Monaco Grand Prix,Q,RUS,8.0,1.0,clear_violation,221.9124990,36.0,108.63071800000000,84.0,0.22276599999999999,182,817
2025,Monaco Grand Prix,Q,RUS,9.0,1.0,clear_violation,277.57142900000002,34.0,113.45996400000000,100.0,0.22698599999999999,180,793
2025,Monaco Grand Prix,Q,RUS,12.0,10.0,clear_violation,279.88499700,45.0,141.3880900000000,100.0,0.2610060000000000,166,636
2025,Monaco Grand Prix,Q,ALO,15.0,1.0,clear_violation,277.5863620,43.0,120.19268000000000,100.0,0.24861900000000001,180,724
2025,Monaco Grand Prix,Q,GAS,3.0,1.0,clear_violation,274.56999900,32.0,119.58553999999999,100.0,0.22701900000000000,163,718
2025,Monaco Grand Prix,Q,GAS,7.0,10.0,clear_violation,279.0,29.0,114.48922800000000,100.0,0.2619650000000000,208,794
2025,Monaco Grand Prix,Q,STR,5.0,10.0,clear_violation,291.0,22.0,109.72680800000001,99.0,0.25338300000000002,206,813
2025,Monaco Grand Prix,Q,HAD,23.0,10.0,clear_violation,286.0,46.0,166.3892330000000,100.0,0.25757600000000003,136,528
2025,Monaco Grand Prix,Q,OCO,16.0,1.0,clear_violation,277.2499970,42.0,125.0261090000000,100.0,0.40540500000000002,285,703
2025,Monaco Grand Prix,Q,BOR,4.0,10.0,clear_violation,287.0,44.0,155.71476400000000,100.0,0.2668980000000000,154,577
2025,Monaco Grand Prix,R,VER,53.0,10.0,clear_violation,283.0,45.0,153.07886700000000,100.0,0.3063970000000000,182,594
2025,Monaco Grand Prix,R,ANT,41.0,10.0,clear_violation,285.0,43.0,151.16455700000000,100.0,0.2689660000000000,156,580
2025,Monaco Grand Prix,R,ANT,51.0,10.0,clear_violation,286.0,41.0,147.31513799999999,100.0,0.28827399999999997,177,614
2025,Monaco Grand Prix,R,LEC,21.0,10.0,clear_violation,282.0,42.0,156.15764200000001,100.0,0.26936599999999999,153,568
2025,Monaco Grand Prix,R,STR,74.0,10.0,clear_violation,294.0,42.0,153.10906100000000,99.0,0.28862500000000002,170,589
2025,Monaco Grand Prix,R,TSU,8.0,10.0,clear_violation,289.0,44.0,140.54871700000001,100.0,0.2914010000000000,183,628
2025,Monaco Grand Prix,R,HUL,52.0,10.0,clear_violation,289.0,41.0,147.80014399999999,100.0,0.3344100000000000,207,619
2025,Monaco Grand Prix,R,HUL,64.0,10.0,clear_violation,289.0,43.0,147.99306500000000,100.0,0.28805199999999997,176,611
2025,Monaco Grand Prix,R,LAW,9.0,10.0,clear_violation,274.0,45.0,139.96247700000001,100.0,0.2928800000000000,181,618
2025,Monaco Grand Prix,R,HAM,35.0,10.0,clear_violation,284.0,43.0,151.54010600000001,100.0,0.34488700000000000,199,577
2025,Monaco Grand Prix,R,RUS,47.0,10.0,clear_violation,284.0,46.0,147.55896899999999,100.0,0.3187920000000000,190,596
2025,Monaco Grand Prix,R,RUS,48.0,10.0,clear_violation,288.0,43.0,153.50529800000001,100.0,0.30016900000000002,178,593
2025,Monaco Grand Prix,R,BEA,51.0,10.0,clear_violation,286.0,41.0,144.1408730000000,100.0,0.3011090000000000,190,631
2025,Monaco Grand Prix,R,BEA,76.0,10.0,clear_violation,285.0,43.0,152.80793499999999,100.0,0.3008700000000000,173,575
2025,Qatar Grand Prix,Q,NOR,8.0,10.0,clear_violation,326.0,99.0,242.60300300000000,100.0,0.11219500000000000,69,615
2025,Qatar Grand Prix,Q,HAD,8.0,10.0,clear_violation,324.0,97.0,239.9470470000000,100.0,0.12560399999999999,78,621
2025,Qatar Grand Prix,Q,ALB,2.0,15.0,clear_violation,323.0,96.0,236.06250299999999,100.0,0.1383150000000000,87,629
2025,Qatar Grand Prix,Q,ANT,9.0,10.0,clear_violation,329.0,98.0,241.05387500000001,100.0,0.14309200000000000,87,608
2025,Qatar Grand Prix,Q,RUS,17.0,10.0,clear_violation,330.0,97.0,242.71123200000000,100.0,0.13725499999999999,84,612
2025,Qatar Grand Prix,Q,BEA,16.0,15.0,clear_violation,321.0,96.0,240.84009200000000,100.0,0.16449500000000000,101,614
2025,Qatar Grand Prix,Q,OCO,4.0,15.0,clear_violation,326.0,96.0,237.87353400000001,100.0,0.20833299999999999,125,600
2025,Qatar Grand Prix,Q,GAS,8.0,8.0,clear_violation,329.0,100.0,241.10260800000000,100.0,0.14144699999999999,86,608
2025,Qatar Grand Prix,Q,COL,2.0,15.0,clear_violation,328.0,100.0,237.5645660000000,100.0,0.1525970000000000,94,616
2025,Qatar Grand Prix,R,GAS,2.0,14.0,clear_violation,308.0,93.0,215.81815399999999,104.0,0.20771500000000001,140,674
2025,Qatar Grand Prix,R,ANT,3.0,10.0,clear_violation,329.0,90.0,217.67384000000001,100.0,0.18740399999999999,122,651
2025,Qatar Grand Prix,R,ANT,56.0,10.0,clear_violation,318.0,90.0,223.18824599999999,100.0,0.1608830000000000,102,634
2025,Qatar Grand Prix,R,LEC,53.0,14.0,clear_violation,314.0,89.0,229.13288900000001,100.0,0.13960500000000001,92,659
2025,Qatar Grand Prix,R,TSU,2.0,10.0,clear_violation,314.0,92.0,217.7372010000000,100.0,0.18666700000000000,126,675
2025,Qatar Grand Prix,R,TSU,17.0,10.0,clear_violation,338.0,88.0,221.43361100000001,100.0,0.19271600000000000,127,659
2025,Qatar Grand Prix,R,ALB,11.0,10.0,clear_violation,312.0,90.0,218.93227700000000,100.0,0.16030500000000000,105,655
2025,Qatar Grand Prix,R,ALB,13.0,10.0,clear_violation,333.0,90.0,218.5053330000000,100.0,0.18452399999999999,124,672
2025,Qatar Grand Prix,R,ALB,20.0,10.0,clear_violation,336.0,88.0,219.37558100000001,100.0,0.1904050000000000,127,667
2025,Qatar Grand Prix,R,LAW,20.0,8.0,clear_violation,333.0,88.0,221.5363090000000,100.0,0.1601800000000000,107,668
2025,Qatar Grand Prix,R,NOR,11.0,10.0,clear_violation,309.0,93.0,225.4915470000000,100.0,0.15286600000000000,96,628
2025,Qatar Grand Prix,R,NOR,29.0,10.0,clear_violation,309.0,95.0,225.80205300000000,100.0,0.143317000000000,89,621
2025,Qatar Grand Prix,R,COL,47.0,10.0,clear_violation,306.0,89.0,224.76998300000000,100.0,0.16030500000000000,105,655
2025,Qatar Grand Prix,R,HAD,49.0,10.0,clear_violation,305.0,94.0,230.8381330000000,100.0,0.138801000000000,88,634
2025,Qatar Grand Prix,R,RUS,31.0,10.0,clear_violation,315.0,87.0,223.8088190000000,100.0,0.15905500000000000,101,635
2025,Qatar Grand Prix,R,RUS,36.0,10.0,clear_violation,315.0,91.0,226.75676799999999,100.0,0.17565500000000001,114,649
2025,Qatar Grand Prix,R,RUS,42.0,1.0,clear_violation,334.0,92.0,223.84969699999999,100.0,0.16391000000000000,109,665
2025,Qatar Grand Prix,R,PIA,54.0,10.0,clear_violation,313.0,93.0,231.02859900000001,100.0,0.14508599999999999,93,641
2025,Qatar Grand Prix,S,RUS,9.0,10.0,clear_violation,312.0,90.0,225.85816199999999,100.0,0.16591900000000001,111,669
2025,Qatar Grand Prix,S,TSU,6.0,10.0,clear_violation,308.0,88.0,224.96926700000000,100.0,0.15552099999999999,100,643
2025,Qatar Grand Prix,S,TSU,7.0,10.0,clear_violation,310.0,89.0,225.13014300000000,100.0,0.14710500000000001,94,639
2025,Qatar Grand Prix,S,TSU,8.0,10.0,clear_violation,308.0,86.0,224.4987540000000,100.0,0.16037699999999999,102,636
2025,Qatar Grand Prix,S,TSU,9.0,10.0,clear_violation,308.0,87.0,227.01204000000001,100.0,0.13153999999999999,88,669
2025,Qatar Grand Prix,S,ANT,6.0,10.0,clear_violation,330.0,89.0,223.67791600000001,100.0,0.1646150000000000,107,650
2025,Qatar Grand Prix,S,ANT,8.0,10.0,clear_violation,332.0,88.0,225.49706900000001,100.0,0.17425399999999999,111,637
2025,Qatar Grand Prix,S,ANT,16.0,10.0,clear_violation,314.0,87.0,227.3685530000000,100.0,0.1703130,109,640
2025,Qatar Grand Prix,S,ALO,12.0,16.0,clear_violation,307.0,89.0,222.44317799999999,100.0,0.15692300000000001,102,650
2025,Qatar Grand Prix,S,HAD,7.0,10.0,clear_violation,330.0,83.0,223.9704040000000,100.0,0.16640700000000000,107,643
2025,Qatar Grand Prix,S,HAD,9.0,10.0,clear_violation,306.0,87.0,225.0161960000000,100.0,0.13114799999999999,88,671
2025,Qatar Grand Prix,S,BEA,17.0,5.0,clear_violation,327.0,80.0,223.11434399999999,100.0,0.1801530000000000,118,655
2025,Qatar Grand Prix,S,LEC,3.0,5.0,clear_violation,336.0,89.0,225.5818800000000,100.0,0.17549200000000001,116,661
2025,Qatar Grand Prix,S,LEC,11.0,4.0,clear_violation,329.0,90.0,217.60642100000001,100.0,0.1902590000000000,125,657
2025,Qatar Grand Prix,S,LAW,11.0,6.0,clear_violation,330.0,96.0,221.57634300000001,100.0,0.15765100000000001,102,647
2025,Qatar Grand Prix,S,OCO,12.0,5.0,clear_violation,334.0,85.0,219.0725130000000,100.0,0.26515200000000000,175,660
2025,Qatar Grand Prix,S,COL,8.0,10.0,clear_violation,309.0,86.0,222.26439900000000,100.0,0.1573210000000000,101,642
2025,Qatar Grand Prix,S,COL,9.0,10.0,clear_violation,311.0,87.0,224.26716900000000,100.0,0.13649900000000001,92,674
2025,Qatar Grand Prix,S,COL,10.0,10.0,clear_violation,309.0,89.0,222.9034800000000,100.0,0.15709999999999999,104,662
2025,Qatar Grand Prix,SQ,VER,16.0,4.0,clear_violation,325.0,48.0,181.87298500000000,100.0,0.18697200000000000,155,829
2025,Qatar Grand Prix,SQ,NOR,17.0,16.0,clear_violation,330.0,98.0,240.67334299999999,100.0,0.11639300000000000,71,610
2025,Qatar Grand Prix,SQ,HAD,13.0,8.0,clear_violation,326.0,96.0,238.43827700000000,100.0,0.12272000000000000,74,603
2025,Qatar Grand Prix,SQ,ANT,8.0,4.0,clear_violation,330.0,70.0,175.9081400000000,100.0,0.1358310000000000,116,854
2025,Qatar Grand Prix,SQ,HUL,13.0,16.0,clear_violation,326.0,100.0,236.14264800000001,100.0,0.12721399999999999,79,621
2025,Saudi Arabian Grand Prix,Q,DOO,3.0,7.0,clear_violation,318.0,36.0,186.83870200000001,100.0,0.1897890000000000,171,901
2025,Saudi Arabian Grand Prix,Q,BOR,5.0,2.0,clear_violation,336.0,78.0,245.3020250000000,100.0,0.14868799999999999,102,686
2025,Saudi Arabian Grand Prix,R,NOR,27.0,4.0,clear_violation,315.0,79.0,233.86617799999999,99.0,0.14347199999999999,100,697
2025,Saudi Arabian Grand Prix,R,ANT,25.0,15.0,clear_violation,317.0,79.0,234.81846200000001,100.0,0.13494300000000001,95,704
2025,Saudi Arabian Grand Prix,R,HAM,31.0,22.0,clear_violation,313.0,83.0,234.27448200000001,100.0,0.14008300000000001,101,721
2025,Saudi Arabian Grand Prix,R,ALB,19.0,2.0,clear_violation,321.0,64.0,230.47944300000000,100.0,0.17606600000000000,128,727
2025,Saudi Arabian Grand Prix,R,HAD,22.0,2.0,clear_violation,328.0,67.0,228.26802799999999,100.0,0.16666700000000001,122,732
2025,Saudi Arabian Grand Prix,R,HAD,31.0,22.0,clear_violation,318.0,80.0,229.31520000000000,100.0,0.15096999999999999,109,722
2025,Saudi Arabian Grand Prix,R,ALO,25.0,2.0,clear_violation,331.0,65.0,226.99567200000001,100.0,0.17704000000000000,128,723
2025,Saudi Arabian Grand Prix,R,LAW,18.0,11.0,clear_violation,313.0,84.0,231.1557790000000,100.0,0.13157900000000000,95,722
2025,Saudi Arabian Grand Prix,R,LAW,28.0,2.0,clear_violation,334.0,54.0,229.54253399999999,100.0,0.1638660000000000,117,714
2025,Saudi Arabian Grand Prix,R,STR,12.0,22.0,clear_violation,316.0,82.0,226.59287699999999,99.0,0.14325800000000000,102,712
2025,Saudi Arabian Grand Prix,R,BOR,8.0,17.0,clear_violation,318.0,83.0,224.8172040000000,100.0,0.16644100000000001,123,739
2025,Saudi Arabian Grand Prix,R,BOR,21.0,2.0,clear_violation,319.0,79.0,225.8785750000000,100.0,0.1771120000000000,130,734
2025,Singapore Grand Prix,Q,ANT,7.0,2.0,clear_violation,317.0,62.0,195.1219120000000,104.0,0.22443199999999999,158,704
2025,Singapore Grand Prix,Q,HAM,2.0,2.0,clear_violation,308.0,53.0,143.00965900000000,100.0,0.2556390000000000,238,931
2025,Singapore Grand Prix,Q,HAM,11.0,2.0,clear_violation,309.0,57.0,149.94325900000001,100.0,0.2628140000000000,241,917
2025,Singapore Grand Prix,R,VER,37.0,2.0,clear_violation,289.0,63.0,181.5143880000000,100.0,0.21769700000000000,155,712
2025,Singapore Grand Prix,R,VER,38.0,2.0,clear_violation,288.0,61.0,183.53190100000000,100.0,0.21428600000000000,156,728
2025,Singapore Grand Prix,R,NOR,55.0,2.0,clear_violation,299.0,60.0,181.23870299999999,100.0,0.22493199999999999,166,738
2025,Singapore Grand Prix,R,ANT,4.0,2.0,clear_violation,307.0,60.0,179.7624080000000,100.0,0.2373810000000000,174,733
2025,Singapore Grand Prix,R,ANT,49.0,2.0,clear_violation,300.0,60.0,179.8605090000000,100.0,0.24045300000000000,170,707
2025,Singapore Grand Prix,R,LEC,61.0,2.0,clear_violation,298.0,60.0,171.839825000000,100.0,0.3030710000000000,227,749
2025,Singapore Grand Prix,R,HAM,60.0,16.0,clear_violation,295.0,65.0,175.34040600000000,100.0,0.3028260000000000,225,743
2025,Singapore Grand Prix,R,HAM,61.0,5.0,clear_violation,217.0,62.0,137.14191900000000,83.0,0.19481899999999999,188,965
2025,Singapore Grand Prix,R,BEA,14.0,19.0,clear_violation,294.0,60.0,178.0256920000000,100.0,0.26881699999999997,200,744
2025,Singapore Grand Prix,R,BEA,44.0,2.0,clear_violation,307.0,60.0,175.53411299999999,100.0,0.2553480000000000,191,748
2025,Singapore Grand Prix,R,BEA,57.0,2.0,clear_violation,293.0,62.0,183.8049720000000,100.0,0.24759300000000001,180,727
2025,Singapore Grand Prix,R,SAI,43.0,17.0,clear_violation,290.0,59.0,178.91775799999999,100.0,0.2691260000000000,197,732
2025,Singapore Grand Prix,R,STR,55.0,7.0,clear_violation,296.0,54.0,180.26254499999999,100.0,0.2389260000000000,178,745
2025,Singapore Grand Prix,R,ALB,48.0,2.0,clear_violation,307.0,57.0,177.0679400000000,100.0,0.2776240000000000,201,724
2025,Singapore Grand Prix,R,COL,42.0,7.0,clear_violation,295.0,52.0,173.48312400000000,104.0,0.2676770000000000,212,792
2025,Singapore Grand Prix,R,COL,60.0,2.0,clear_violation,295.0,56.0,174.43792199999999,100.0,0.22267200000000001,165,741
2025,Singapore Grand Prix,R,OCO,50.0,19.0,clear_violation,318.0,57.0,175.40880899999999,100.0,0.31627300000000003,241,762
2025,Singapore Grand Prix,R,OCO,51.0,2.0,clear_violation,310.0,58.0,176.1186450000000,100.0,0.28083999999999998,214,762
2025,Singapore Grand Prix,R,GAS,50.0,18.0,clear_violation,312.0,55.0,173.4428640000000,100.0,0.247074000000000,190,769
2025,Spanish Grand Prix,R,VER,61.0,2.0,clear_violation,306.0,95.0,210.1161070000000,100.0,0.1614500000000000,98,607
2025,Spanish Grand Prix,R,ANT,14.0,10.0,clear_violation,313.0,92.0,202.45894100000001,100.0,0.15203800000000001,97,638
2025,Spanish Grand Prix,R,ANT,37.0,10.0,clear_violation,311.0,93.0,206.99667400000001,100.0,0.15397400000000000,93,604
2025,Spanish Grand Prix,R,ALO,13.0,5.0,clear_violation,306.0,32.0,184.064542000000,99.0,0.19013099999999999,131,689
2025,Spanish Grand Prix,R,ALB,24.0,2.0,clear_violation,330.0,86.0,199.37590299999999,100.0,0.18325400000000000,116,633
2025,Spanish Grand Prix,R,LAW,52.0,5.0,clear_violation,335.0,97.0,210.1024040000000,100.0,0.15934999999999999,98,615
2025,Spanish Grand Prix,R,COL,12.0,13.0,clear_violation,312.0,88.0,199.49089499999999,100.0,0.1750790000000000,111,634
2025,Spanish Grand Prix,R,BEA,31.0,2.0,clear_violation,309.0,91.0,201.90624199999999,100.0,0.19248799999999999,123,639
2025,Spanish Grand Prix,R,BEA,51.0,2.0,clear_violation,314.0,77.0,200.1767880000000,100.0,0.21103900000000000,130,616
2025,São Paulo Grand Prix,R,ANT,6.0,2.0,clear_violation,308.0,77.0,199.9044720000000,104.0,0.18055599999999999,104,576
2025,United States Grand Prix,Q,GAS,10.0,20.0,clear_violation,327.0,80.0,206.63868900000000,100.0,0.17590000000000000,127,722
2025,United States Grand Prix,Q,STR,6.0,12.0,clear_violation,323.0,73.0,209.3744510000000,99.0,0.19080800000000001,137,718
2025,United States Grand Prix,Q,ALB,8.0,15.0,clear_violation,326.0,77.0,209.49330200000000,100.0,0.21015500000000001,149,709
2025,United States Grand Prix,Q,HUL,13.0,19.0,clear_violation,327.0,79.0,211.31833499999999,100.0,0.17708299999999999,119,672
2025,United States Grand Prix,Q,LAW,13.0,19.0,clear_violation,327.0,78.0,207.92793599999999,100.0,0.1854010000000000,127,685
2025,United States Grand Prix,Q,NOR,4.0,9.0,clear_violation,310.0,62.0,162.3697940000000,100.0,0.11123300000000000,101,908
2025,United States Grand Prix,Q,SAI,13.0,19.0,clear_violation,326.0,77.0,212.14625899999999,100.0,0.21565699999999999,146,677
2025,United States Grand Prix,Q,BEA,18.0,15.0,clear_violation,323.0,72.0,209.54873100000000,100.0,0.20310300000000001,144,709
2025,United States Grand Prix,R,GAS,54.0,1.0,clear_violation,316.0,67.0,192.35253200000000,100.0,0.21689800000000001,172,793
2025,United States Grand Prix,R,ANT,4.0,12.0,clear_violation,328.0,76.0,190.52976400000000,104.0,0.22236800000000001,169,760
2025,United States Grand Prix,R,ANT,20.0,20.0,clear_violation,333.0,68.0,194.1831820000000,100.0,0.21204200000000001,162,764
2025,United States Grand Prix,R,ANT,39.0,9.0,clear_violation,313.0,74.0,196.7969050000000,100.0,0.20314499999999999,155,763
2025,United States Grand Prix,R,ALO,20.0,13.0,clear_violation,307.0,73.0,193.10892500000000,100.0,0.22538900000000001,174,772
2025,United States Grand Prix,R,LEC,21.0,9.0,clear_violation,309.0,65.0,191.0399780000000,100.0,0.23209500000000000,175,754
2025,United States Grand Prix,R,STR,6.0,19.0,clear_violation,323.0,68.0,190.67862800000000,99.0,0.18663299999999999,148,793
2025,United States Grand Prix,R,STR,36.0,20.0,clear_violation,311.0,71.0,197.63198900000000,99.0,0.2047560000000000,155,757
2025,United States Grand Prix,R,TSU,55.0,20.0,clear_violation,307.0,75.0,198.30821499999999,100.0,0.19109899999999999,146,764
2025,United States Grand Prix,R,ALB,28.0,12.0,clear_violation,311.0,74.0,197.209767000000,100.0,0.22440900000000000,171,762
2025,United States Grand Prix,R,ALB,35.0,12.0,clear_violation,316.0,72.0,192.67943900000000,100.0,0.2340700000000000,180,769
2025,United States Grand Prix,R,OCO,3.0,12.0,clear_violation,330.0,74.0,190.15638899999999,100.0,0.2878790000000000,228,792
2025,United States Grand Prix,R,NOR,13.0,20.0,clear_violation,311.0,75.0,195.6012560000000,100.0,0.21418799999999999,157,733
2025,United States Grand Prix,R,NOR,15.0,9.0,clear_violation,330.0,69.0,194.73581700000000,100.0,0.22325000000000000,169,757
2025,United States Grand Prix,R,NOR,19.0,13.0,clear_violation,334.0,70.0,193.97820600000000,100.0,0.21986800000000001,166,755
2025,United States Grand Prix,R,COL,4.0,12.0,clear_violation,315.0,73.0,190.02791900000000,100.0,0.21727700000000000,166,764
2025,United States Grand Prix,R,COL,6.0,19.0,clear_violation,310.0,72.0,191.540293000000,100.0,0.20202000000000001,160,792
2025,United States Grand Prix,R,HAM,24.0,19.0,clear_violation,309.0,72.0,194.9357090000000,100.0,0.2346000000000000,179,763
2025,United States Grand Prix,R,HAM,46.0,19.0,clear_violation,310.0,75.0,199.2201190000000,100.0,0.24556600000000001,180,733
2025,United States Grand Prix,R,HAM,56.0,19.0,clear_violation,309.0,69.0,190.0640560000000,100.0,0.2679250000000000,213,795
2025,United States Grand Prix,R,BOR,3.0,12.0,clear_violation,334.0,75.0,190.8604900000000,100.0,0.26248400000000000,205,781
2025,United States Grand Prix,R,BOR,31.0,20.0,clear_violation,310.0,75.0,194.55121000000000,100.0,0.23927200000000001,184,769
2025,United States Grand Prix,R,BOR,35.0,12.0,clear_violation,314.0,70.0,194.2802930000000,100.0,0.22109300000000001,174,787
2025,United States Grand Prix,R,HAD,2.0,12.0,clear_violation,332.0,70.0,189.62319600000001,100.0,0.23234900000000000,181,779
2025,United States Grand Prix,R,HAD,3.0,12.0,clear_violation,333.0,70.0,190.48140900000001,100.0,0.22194200000000000,176,793
2025,United States Grand Prix,R,RUS,30.0,12.0,clear_violation,311.0,72.0,193.43146100000001,100.0,0.21986800000000001,166,755
2025,United States Grand Prix,R,PIA,3.0,9.0,clear_violation,333.0,73.0,195.02006499999999,100.0,0.19160099999999999,146,762
2025,United States Grand Prix,R,PIA,5.0,13.0,clear_violation,309.0,74.0,195.30083900000000,100.0,0.19430100000000000,150,772
2025,United States Grand Prix,R,PIA,12.0,13.0,clear_violation,307.0,77.0,192.93725300000000,100.0,0.1974030000000000,152,770
2025,United States Grand Prix,R,BEA,13.0,19.0,clear_violation,314.0,69.0,195.81417900000000,100.0,0.2373810000000000,174,733
2025,United States Grand Prix,R,BEA,34.0,15.0,clear_violation,335.0,0.0,186.51487599999999,100.0,0.247074000000000,190,769
2025,United States Grand Prix,S,VER,8.0,12.0,clear_violation,304.0,74.0,201.51045700000000,100.0,0.1953550000000000,143,732
2025,United States Grand Prix,S,VER,12.0,12.0,clear_violation,301.0,73.0,199.89694800000001,100.0,0.17527200000000001,129,736
2025,United States Grand Prix,S,GAS,9.0,12.0,clear_violation,308.0,73.0,194.65523300000001,100.0,0.19712800000000000,151,766
2025,United States Grand Prix,S,ANT,16.0,12.0,clear_violation,315.0,63.0,154.82334000000000,100.0,0.18038000000000001,171,948
2025,United States Grand Prix,S,HUL,8.0,9.0,clear_violation,323.0,71.0,200.44737900000001,100.0,0.2289160000000000,171,747
2025,United States Grand Prix,S,HUL,12.0,11.0,clear_violation,317.0,71.0,191.15057500000000,100.0,0.23896100000000001,184,770
2025,United States Grand Prix,S,LAW,9.0,11.0,clear_violation,331.0,66.0,197.30757299999999,100.0,0.19154599999999999,145,757
2025,United States Grand Prix,S,OCO,14.0,11.0,clear_violation,323.0,71.0,196.82716300000001,100.0,0.2838200000000000,214,754
2025,United States Grand Prix,S,COL,8.0,12.0,clear_violation,309.0,74.0,198.1012090000000,100.0,0.18266700000000000,137,750
2025,United States Grand Prix,S,COL,13.0,12.0,clear_violation,307.0,69.0,196.82158899999999,100.0,0.19661500000000001,151,768
2025,United States Grand Prix,S,HAM,12.0,9.0,clear_violation,307.0,73.0,198.3664490000000,100.0,0.25133000000000000,189,752
2025,United States Grand Prix,S,HAM,13.0,9.0,clear_violation,309.0,74.0,197.35367600000001,100.0,0.24587899999999999,179,728
2025,United States Grand Prix,S,BOR,6.0,9.0,clear_violation,312.0,70.0,197.09737300000000,100.0,0.2631580000000000,200,760
2025,United States Grand Prix,S,BOR,7.0,9.0,clear_violation,332.0,70.0,198.39306600000,100.0,0.24054100000000000,178,740
2025,United States Grand Prix,S,HAD,9.0,15.0,clear_violation,326.0,68.0,199.71084300000001,100.0,0.2156080000000000,163,756
2025,United States Grand Prix,S,HAD,11.0,9.0,clear_violation,310.0,65.0,195.86260200000001,100.0,0.2148880000000000,153,712
2025,United States Grand Prix,S,RUS,7.0,15.0,clear_violation,327.0,72.0,201.6651750000000,100.0,0.1953230000000000,142,727
2025,United States Grand Prix,S,RUS,8.0,12.0,clear_violation,327.0,58.0,200.35691199999999,100.0,0.1937240000000000,142,733
2025,United States Grand Prix,S,BEA,14.0,15.0,clear_violation,309.0,63.0,198.12069000000000,100.0,0.25230000000000002,192,761
2025,United States Grand Prix,SQ,BOR,2.0,19.0,clear_violation,327.0,75.0,203.61512900000000,100.0,0.20943100000000001,151,721
2025,United States Grand Prix,SQ,LAW,7.0,19.0,clear_violation,323.0,79.0,207.94518299999999,100.0,0.17629600000000001,119,675
